session_id,seed,algorithm,operation,backend,profile,measurement,host_memory,mode,bytes,repeat,pair_id,pair_sha256,job_order,global_order,validation_checked,resident_iterations,kernel_throughput_MB_s,end_to_end_throughput_MB_s,kernel_seconds,end_to_end_seconds,h2d_ns,kernel_ns,d2h_ns,transfer_ns,end_to_end_ns,wall_elapsed_ns,seconds,throughput_MB_s,process_cpu_ns,process_to_wall_ratio,resident_batch_ns
1a68b061-2098-4352-95ab-257dbc02c55a,2004,AES-128,encrypt,cpu_software,software,transform,bytes,ECB,1024,0,1024:ECB:0,ac1d3f4bb52cb0f4cabe12e785f4fb939f9db0ee7cdcf63a1c7053d4f2c90485,0,0,True,,,,,,,,,,,8300,8.3e-06,123.37349397590361,0,0.0,
1a68b061-2098-4352-95ab-257dbc02c55a,2004,AES-128,encrypt,cuda_baseline,baseline,resident,pinned,ECB,1024,0,1024:ECB:0,ac1d3f4bb52cb0f4cabe12e785f4fb939f9db0ee7cdcf63a1c7053d4f2c90485,1,1,True,1,19.753086475169688,,5.1839999854564665e-05,,,51839.99985456467,,,,,,,,,51839.99985456467
1a68b061-2098-4352-95ab-257dbc02c55a,2004,AES-128,encrypt,cuda_baseline,baseline,pipeline,pinned,ECB,1024,0,1024:ECB:0,ac1d3f4bb52cb0f4cabe12e785f4fb939f9db0ee7cdcf63a1c7053d4f2c90485,2,2,True,,18.411968174810003,4.980544747081712,5.5615998804569246e-05,0.0002056,51600,55615.998804569244,43300,94900,205600,,,,,,
1a68b061-2098-4352-95ab-257dbc02c55a,2004,AES-128,encrypt,cpu_aesni,aesni,transform,bytes,ECB,1024,0,1024:ECB:0,ac1d3f4bb52cb0f4cabe12e785f4fb939f9db0ee7cdcf63a1c7053d4f2c90485,3,3,True,,,,,,,,,,,8300,8.3e-06,123.37349397590361,0,0.0,
1a68b061-2098-4352-95ab-257dbc02c55a,2004,AES-128,encrypt,cuda_optimized_v1,optimized,pipeline,pinned,ECB,1024,0,1024:ECB:0,ac1d3f4bb52cb0f4cabe12e785f4fb939f9db0ee7cdcf63a1c7053d4f2c90485,4,4,True,,21.234240917924414,5.438130642591609,4.822399839758873e-05,0.0001883,45600,48223.99839758873,42700,88300,188300,,,,,,
1a68b061-2098-4352-95ab-257dbc02c55a,2004,AES-128,encrypt,cuda_optimized_v1,optimized,resident,pinned,ECB,1024,0,1024:ECB:0,ac1d3f4bb52cb0f4cabe12e785f4fb939f9db0ee7cdcf63a1c7053d4f2c90485,5,5,True,1,20.43422667920919,,5.0112001597881316e-05,,,50112.00159788132,,,,,,,,,50112.00159788132
1a68b061-2098-4352-95ab-257dbc02c55a,2004,AES-128,encrypt,cuda_optimized_v1,optimized,resident,pinned,CTR,1024,0,1024:CTR:0,58b76db030ad134659cc2efdc460a8c4872449e4cd96eacd3022c7b0162e8eab,0,6,True,1,20.901371430570162,,4.899200052022934e-05,,,48992.00052022934,,,,,,,,,48992.00052022934
1a68b061-2098-4352-95ab-257dbc02c55a,2004,AES-128,encrypt,cpu_aesni,aesni,transform,bytes,CTR,1024,0,1024:CTR:0,58b76db030ad134659cc2efdc460a8c4872449e4cd96eacd3022c7b0162e8eab,1,7,True,,,,,,,,,,,6300,6.3e-06,162.53968253968253,0,0.0,
1a68b061-2098-4352-95ab-257dbc02c55a,2004,AES-128,encrypt,cpu_software,software,transform,bytes,CTR,1024,0,1024:CTR:0,58b76db030ad134659cc2efdc460a8c4872449e4cd96eacd3022c7b0162e8eab,2,8,True,,,,,,,,,,,7100,7.1e-06,144.22535211267606,0,0.0,
1a68b061-2098-4352-95ab-257dbc02c55a,2004,AES-128,encrypt,cuda_optimized_v1,optimized,pipeline,pinned,CTR,1024,0,1024:CTR:0,58b76db030ad134659cc2efdc460a8c4872449e4cd96eacd3022c7b0162e8eab,3,9,True,,19.680196304006934,5.529157667386609,5.2032001316547395e-05,0.0001852,42300,52032.001316547394,42000,84300,185200,,,,,,
1a68b061-2098-4352-95ab-257dbc02c55a,2004,AES-128,encrypt,cuda_baseline,baseline,pipeline,pinned,CTR,1024,0,1024:CTR:0,58b76db030ad134659cc2efdc460a8c4872449e4cd96eacd3022c7b0162e8eab,4,10,True,,20.33036855981599,5.7366946778711485,5.0367999821901324e-05,0.0001785,39700,50367.99982190132,40000,79700,178500,,,,,,
1a68b061-2098-4352-95ab-257dbc02c55a,2004,AES-128,encrypt,cuda_baseline,baseline,resident,pinned,CTR,1024,0,1024:CTR:0,58b76db030ad134659cc2efdc460a8c4872449e4cd96eacd3022c7b0162e8eab,5,11,True,1,20.12578616540816,,5.0879999995231625e-05,,,50879.99999523163,,,,,,,,,50879.99999523163
1a68b061-2098-4352-95ab-257dbc02c55a,2004,AES-128,encrypt,cpu_software,software,transform,bytes,ECB,1024,1,1024:ECB:1,f7939b922106e74f2e83da53758dbb65209a946216f08dff365c3d30bd3b3411,0,12,True,,,,,,,,,,,7400,7.4e-06,138.3783783783784,0,0.0,
1a68b061-2098-4352-95ab-257dbc02c55a,2004,AES-128,encrypt,cuda_optimized_v1,optimized,pipeline,pinned,ECB,1024,1,1024:ECB:1,f7939b922106e74f2e83da53758dbb65209a946216f08dff365c3d30bd3b3411,1,13,True,,21.709632944555665,5.804988662131519,4.716800153255463e-05,0.0001764,39400,47168.00153255463,40200,79600,176400,,,,,,
1a68b061-2098-4352-95ab-257dbc02c55a,2004,AES-128,encrypt,cuda_baseline,baseline,resident,pinned,ECB,1024,1,1024:ECB:1,f7939b922106e74f2e83da53758dbb65209a946216f08dff365c3d30bd3b3411,2,14,True,1,20.395156717657667,,5.020799860358238e-05,,,50207.99860358238,,,,,,,,,50207.99860358238
1a68b061-2098-4352-95ab-257dbc02c55a,2004,AES-128,encrypt,cpu_aesni,aesni,transform,bytes,ECB,1024,1,1024:ECB:1,f7939b922106e74f2e83da53758dbb65209a946216f08dff365c3d30bd3b3411,3,15,True,,,,,,,,,,,5900,5.9e-06,173.5593220338983,0,0.0,
1a68b061-2098-4352-95ab-257dbc02c55a,2004,AES-128,encrypt,cuda_optimized_v1,optimized,resident,pinned,ECB,1024,1,1024:ECB:1,f7939b922106e74f2e83da53758dbb65209a946216f08dff365c3d30bd3b3411,4,16,True,1,20.997375838472973,,4.876799881458282e-05,,,48767.998814582825,,,,,,,,,48767.998814582825
1a68b061-2098-4352-95ab-257dbc02c55a,2004,AES-128,encrypt,cuda_baseline,baseline,pipeline,pinned,ECB,1024,1,1024:ECB:1,f7939b922106e74f2e83da53758dbb65209a946216f08dff365c3d30bd3b3411,5,17,True,,20.792723077291985,5.7657657657657655,4.924799874424934e-05,0.0001776,39300,49247.998744249344,40200,79500,177600,,,,,,
1a68b061-2098-4352-95ab-257dbc02c55a,2004,AES-128,encrypt,cpu_software,software,transform,bytes,CTR,1024,1,1024:CTR:1,bce13ddcbb3f9802ba73602120cbe97f312bfc62d79dbea9972f190e9f9703f8,0,18,True,,,,,,,,,,,7400,7.4e-06,138.3783783783784,0,0.0,
1a68b061-2098-4352-95ab-257dbc02c55a,2004,AES-128,encrypt,cpu_aesni,aesni,transform,bytes,CTR,1024,1,1024:CTR:1,bce13ddcbb3f9802ba73602120cbe97f312bfc62d79dbea9972f190e9f9703f8,1,19,True,,,,,,,,,,,3900,3.9e-06,262.56410256410254,0,0.0,
1a68b061-2098-4352-95ab-257dbc02c55a,2004,AES-128,encrypt,cuda_baseline,baseline,resident,pinned,CTR,1024,1,1024:CTR:1,bce13ddcbb3f9802ba73602120cbe97f312bfc62d79dbea9972f190e9f9703f8,2,20,True,1,20.499679536737126,,4.995200037956238e-05,,,49952.00037956238,,,,,,,,,49952.00037956238
1a68b061-2098-4352-95ab-257dbc02c55a,2004,AES-128,encrypt,cuda_baseline,baseline,pipeline,pinned,CTR,1024,1,1024:CTR:1,bce13ddcbb3f9802ba73602120cbe97f312bfc62d79dbea9972f190e9f9703f8,3,21,True,,18.73536335921734,5.493562231759657,5.465599894523621e-05,0.0001864,40900,54655.998945236206,40800,81700,186400,,,,,,
1a68b061-2098-4352-95ab-257dbc02c55a,2004,AES-128,encrypt,cuda_optimized_v1,optimized,pipeline,pinned,CTR,1024,1,1024:CTR:1,bce13ddcbb3f9802ba73602120cbe97f312bfc62d79dbea9972f190e9f9703f8,4,22,True,,19.925280133899367,5.598687807545106,5.1392000168561934e-05,0.0001829,39500,51392.000168561935,40800,80300,182900,,,,,,
1a68b061-2098-4352-95ab-257dbc02c55a,2004,AES-128,encrypt,cuda_optimized_v1,optimized,resident,pinned,CTR,1024,1,1024:CTR:1,bce13ddcbb3f9802ba73602120cbe97f312bfc62d79dbea9972f190e9f9703f8,5,23,True,1,20.037569777679547,,5.1104001700878144e-05,,,51104.00170087814,,,,,,,,,51104.00170087814
1a68b061-2098-4352-95ab-257dbc02c55a,2004,AES-128,encrypt,cuda_optimized_v1,optimized,resident,pinned,ECB,1024,2,1024:ECB:2,3c5fb1945dab581520175e5079f9152c6f37edb2ddb42d39b83e6c9ac537948c,0,24,True,1,18.834608427852547,,5.436800047755242e-05,,,54368.000477552414,,,,,,,,,54368.000477552414
1a68b061-2098-4352-95ab-257dbc02c55a,2004,AES-128,encrypt,cuda_baseline,baseline,resident,pinned,ECB,1024,2,1024:ECB:2,3c5fb1945dab581520175e5079f9152c6f37edb2ddb42d39b83e6c9ac537948c,1,25,True,1,20.969856132020773,,4.88319993019104e-05,,,48831.9993019104,,,,,,,,,48831.9993019104
1a68b061-2098-4352-95ab-257dbc02c55a,2004,AES-128,encrypt,cuda_optimized_v1,optimized,pipeline,pinned,ECB,1024,2,1024:ECB:2,3c5fb1945dab581520175e5079f9152c6f37edb2ddb42d39b83e6c9ac537948c,2,26,True,,21.108179162563783,5.814877910278251,4.851200059056282e-05,0.0001761,38900,48512.00059056282,41700,80600,176100,,,,,,
1a68b061-2098-4352-95ab-257dbc02c55a,2004,AES-128,encrypt,cpu_aesni,aesni,transform,bytes,ECB,1024,2,1024:ECB:2,3c5fb1945dab581520175e5079f9152c6f37edb2ddb42d39b83e6c9ac537948c,3,27,True,,,,,,,,,,,5900,5.9e-06,173.5593220338983,0,0.0,
1a68b061-2098-4352-95ab-257dbc02c55a,2004,AES-128,encrypt,cpu_software,software,transform,bytes,ECB,1024,2,1024:ECB:2,3c5fb1945dab581520175e5079f9152c6f37edb2ddb42d39b83e6c9ac537948c,4,28,True,,,,,,,,,,,7100,7.1e-06,144.22535211267606,0,0.0,
1a68b061-2098-4352-95ab-257dbc02c55a,2004,AES-128,encrypt,cuda_baseline,baseline,pipeline,pinned,ECB,1024,2,1024:ECB:2,3c5fb1945dab581520175e5079f9152c6f37edb2ddb42d39b83e6c9ac537948c,5,29,True,,19.801980626933982,5.565217391304348,5.171199887990952e-05,0.000184,39500,51711.998879909515,43800,83300,184000,,,,,,
1a68b061-2098-4352-95ab-257dbc02c55a,2004,AES-128,encrypt,cuda_optimized_v1,optimized,resident,pinned,CTR,1024,2,1024:CTR:2,2d0741427a99935bd147f1fa36da0d4535d067d7a877627d283868ee63b43bec,0,30,True,1,18.338108714964324,,5.584000051021576e-05,,,55840.00051021576,,,,,,,,,55840.00051021576
1a68b061-2098-4352-95ab-257dbc02c55a,2004,AES-128,encrypt,cuda_baseline,baseline,resident,pinned,CTR,1024,2,1024:CTR:2,2d0741427a99935bd147f1fa36da0d4535d067d7a877627d283868ee63b43bec,1,31,True,1,20.779221205973556,,4.927999898791313e-05,,,49279.99898791313,,,,,,,,,49279.99898791313
1a68b061-2098-4352-95ab-257dbc02c55a,2004,AES-128,encrypt,cuda_optimized_v1,optimized,pipeline,pinned,CTR,1024,2,1024:CTR:2,2d0741427a99935bd147f1fa36da0d4535d067d7a877627d283868ee63b43bec,2,32,True,,21.419009838887114,5.824800910125142,4.780799895524978e-05,0.0001758,39200,47807.99895524979,41600,80800,175800,,,,,,
1a68b061-2098-4352-95ab-257dbc02c55a,2004,AES-128,encrypt,cuda_baseline,baseline,pipeline,pinned,CTR,1024,2,1024:CTR:2,2d0741427a99935bd147f1fa36da0d4535d067d7a877627d283868ee63b43bec,3,33,True,,20.01250841856078,5.559174809989142,5.116799846291542e-05,0.0001842,38900,51167.99846291542,45500,84400,184200,,,,,,
1a68b061-2098-4352-95ab-257dbc02c55a,2004,AES-128,encrypt,cpu_aesni,aesni,transform,bytes,CTR,1024,2,1024:CTR:2,2d0741427a99935bd147f1fa36da0d4535d067d7a877627d283868ee63b43bec,4,34,True,,,,,,,,,,,6100,6.1e-06,167.86885245901638,0,0.0,
1a68b061-2098-4352-95ab-257dbc02c55a,2004,AES-128,encrypt,cpu_software,software,transform,bytes,CTR,1024,2,1024:CTR:2,2d0741427a99935bd147f1fa36da0d4535d067d7a877627d283868ee63b43bec,5,35,True,,,,,,,,,,,7200,7.2e-06,142.22222222222223,0,0.0,
1a68b061-2098-4352-95ab-257dbc02c55a,2004,AES-128,encrypt,cuda_optimized_v1,optimized,resident,pinned,CTR,1024,3,1024:CTR:3,449af8872081c095e45337e9c39c0d34cab710b6629db0e68d301a0253cab2e5,0,36,True,1,20.539152904726688,,4.9855999648571016e-05,,,49855.999648571014,,,,,,,,,49855.999648571014
1a68b061-2098-4352-95ab-257dbc02c55a,2004,AES-128,encrypt,cuda_baseline,baseline,resident,pinned,CTR,1024,3,1024:CTR:3,449af8872081c095e45337e9c39c0d34cab710b6629db0e68d301a0253cab2e5,1,37,True,1,21.24834078739276,,4.8191998153924945e-05,,,48191.99815392494,,,,,,,,,48191.99815392494
1a68b061-2098-4352-95ab-257dbc02c55a,2004,AES-128,encrypt,cpu_software,software,transform,bytes,CTR,1024,3,1024:CTR:3,449af8872081c095e45337e9c39c0d34cab710b6629db0e68d301a0253cab2e5,2,38,True,,,,,,,,,,,8800,8.8e-06,116.36363636363636,0,0.0,
1a68b061-2098-4352-95ab-257dbc02c55a,2004,AES-128,encrypt,cuda_optimized_v1,optimized,pipeline,pinned,CTR,1024,3,1024:CTR:3,449af8872081c095e45337e9c39c0d34cab710b6629db0e68d301a0253cab2e5,3,39,True,,21.13606336315252,5.7625211029825545,4.8448000103235245e-05,0.0001777,39000,48448.000103235245,41600,80600,177700,,,,,,
1a68b061-2098-4352-95ab-257dbc02c55a,2004,AES-128,encrypt,cuda_baseline,baseline,pipeline,pinned,CTR,1024,3,1024:CTR:3,449af8872081c095e45337e9c39c0d34cab710b6629db0e68d301a0253cab2e5,4,40,True,,20.050124741202037,5.6983861992209235,5.1072001457214356e-05,0.0001797,38400,51072.001457214355,42200,80600,179700,,,,,,
1a68b061-2098-4352-95ab-257dbc02c55a,2004,AES-128,encrypt,cpu_aesni,aesni,transform,bytes,CTR,1024,3,1024:CTR:3,449af8872081c095e45337e9c39c0d34cab710b6629db0e68d301a0253cab2e5,5,41,True,,,,,,,,,,,5900,5.9e-06,173.5593220338983,0,0.0,
1a68b061-2098-4352-95ab-257dbc02c55a,2004,AES-128,encrypt,cuda_baseline,baseline,resident,pinned,ECB,1024,3,1024:ECB:3,d1c1dbad1c67e2fcb962a4d33cce5f8c6f5e68f715e0f59cd4ec0f060ead66c4,0,42,True,1,19.937694733204008,,5.1359999924898145e-05,,,51359.99992489815,,,,,,,,,51359.99992489815
1a68b061-2098-4352-95ab-257dbc02c55a,2004,AES-128,encrypt,cuda_baseline,baseline,pipeline,pinned,ECB,1024,3,1024:ECB:3,d1c1dbad1c67e2fcb962a4d33cce5f8c6f5e68f715e0f59cd4ec0f060ead66c4,1,43,True,,19.826518584833956,5.6078860898138005,5.164799839258194e-05,0.0001826,40100,51647.99839258194,42500,82600,182600,,,,,,
1a68b061-2098-4352-95ab-257dbc02c55a,2004,AES-128,encrypt,cuda_optimized_v1,optimized,pipeline,pinned,ECB,1024,3,1024:ECB:3,d1c1dbad1c67e2fcb962a4d33cce5f8c6f5e68f715e0f59cd4ec0f060ead66c4,2,44,True,,21.178028071116742,5.7560427206295675,4.835199937224388e-05,0.0001779,39300,48351.99937224388,41500,80800,177900,,,,,,
1a68b061-2098-4352-95ab-257dbc02c55a,2004,AES-128,encrypt,cpu_software,software,transform,bytes,ECB,1024,3,1024:ECB:3,d1c1dbad1c67e2fcb962a4d33cce5f8c6f5e68f715e0f59cd4ec0f060ead66c4,3,45,True,,,,,,,,,,,8800,8.8e-06,116.36363636363636,0,0.0,
1a68b061-2098-4352-95ab-257dbc02c55a,2004,AES-128,encrypt,cuda_optimized_v1,optimized,resident,pinned,ECB,1024,3,1024:ECB:3,d1c1dbad1c67e2fcb962a4d33cce5f8c6f5e68f715e0f59cd4ec0f060ead66c4,4,46,True,1,21.505375793734586,,4.761600121855736e-05,,,47616.00121855736,,,,,,,,,47616.00121855736
1a68b061-2098-4352-95ab-257dbc02c55a,2004,AES-128,encrypt,cpu_aesni,aesni,transform,bytes,ECB,1024,3,1024:ECB:3,d1c1dbad1c67e2fcb962a4d33cce5f8c6f5e68f715e0f59cd4ec0f060ead66c4,5,47,True,,,,,,,,,,,5600,5.6e-06,182.85714285714286,0,0.0,
1a68b061-2098-4352-95ab-257dbc02c55a,2004,AES-128,encrypt,cpu_software,software,transform,bytes,CTR,1024,4,1024:CTR:4,c47044f16e0839588d0e02f6bc1798521c9f55f4df1387780af04f690b58bc36,0,48,True,,,,,,,,,,,6900,6.9e-06,148.40579710144928,0,0.0,
1a68b061-2098-4352-95ab-257dbc02c55a,2004,AES-128,encrypt,cuda_optimized_v1,optimized,pipeline,pinned,CTR,1024,4,1024:CTR:4,c47044f16e0839588d0e02f6bc1798521c9f55f4df1387780af04f690b58bc36,1,49,True,,17.877094878681902,4.119066773934031,5.728000029921532e-05,0.0002486,50600,57280.00029921532,57600,108200,248600,,,,,,
1a68b061-2098-4352-95ab-257dbc02c55a,2004,AES-128,encrypt,cpu_aesni,aesni,transform,bytes,CTR,1024,4,1024:CTR:4,c47044f16e0839588d0e02f6bc1798521c9f55f4df1387780af04f690b58bc36,2,50,True,,,,,,,,,,,12200,1.22e-05,83.93442622950819,0,0.0,
1a68b061-2098-4352-95ab-257dbc02c55a,2004,AES-128,encrypt,cuda_optimized_v1,optimized,resident,pinned,CTR,1024,4,1024:CTR:4,c47044f16e0839588d0e02f6bc1798521c9f55f4df1387780af04f690b58bc36,3,51,True,1,5.268356801107896,,0.00019436800479888917,,,194368.00479888916,,,,,,,,,194368.00479888916
1a68b061-2098-4352-95ab-257dbc02c55a,2004,AES-128,encrypt,cuda_baseline,baseline,pipeline,pinned,CTR,1024,4,1024:CTR:4,c47044f16e0839588d0e02f6bc1798521c9f55f4df1387780af04f690b58bc36,4,52,True,,14.890646359299168,4.767225325884544,6.876800209283829e-05,0.0002148,41000,68768.00209283829,47000,88000,214800,,,,,,
1a68b061-2098-4352-95ab-257dbc02c55a,2004,AES-128,encrypt,cuda_baseline,baseline,resident,pinned,CTR,1024,4,1024:CTR:4,c47044f16e0839588d0e02f6bc1798521c9f55f4df1387780af04f690b58bc36,5,53,True,1,17.43869207189455,,5.872000008821488e-05,,,58720.000088214874,,,,,,,,,58720.000088214874
1a68b061-2098-4352-95ab-257dbc02c55a,2004,AES-128,encrypt,cuda_baseline,baseline,resident,pinned,ECB,1024,4,1024:ECB:4,6693d36d71f998aaed7839be1ded8193e3a80aff1accc3e17041c94439c4aea7,0,54,True,1,9.208633311694042,,0.0001111999973654747,,,111199.9973654747,,,,,,,,,111199.9973654747
1a68b061-2098-4352-95ab-257dbc02c55a,2004,AES-128,encrypt,cpu_software,software,transform,bytes,ECB,1024,4,1024:ECB:4,6693d36d71f998aaed7839be1ded8193e3a80aff1accc3e17041c94439c4aea7,1,55,True,,,,,,,,,,,11200,1.12e-05,91.42857142857143,0,0.0,
1a68b061-2098-4352-95ab-257dbc02c55a,2004,AES-128,encrypt,cuda_optimized_v1,optimized,resident,pinned,ECB,1024,4,1024:ECB:4,6693d36d71f998aaed7839be1ded8193e3a80aff1accc3e17041c94439c4aea7,2,56,True,1,15.976036863265401,,6.409599632024765e-05,,,64095.99632024765,,,,,,,,,64095.99632024765
1a68b061-2098-4352-95ab-257dbc02c55a,2004,AES-128,encrypt,cpu_aesni,aesni,transform,bytes,ECB,1024,4,1024:ECB:4,6693d36d71f998aaed7839be1ded8193e3a80aff1accc3e17041c94439c4aea7,3,57,True,,,,,,,,,,,6800,6.8e-06,150.58823529411765,0,0.0,
1a68b061-2098-4352-95ab-257dbc02c55a,2004,AES-128,encrypt,cuda_optimized_v1,optimized,pipeline,pinned,ECB,1024,4,1024:ECB:4,6693d36d71f998aaed7839be1ded8193e3a80aff1accc3e17041c94439c4aea7,4,58,True,,21.56334220730823,5.6983861992209235,4.7488000243902205e-05,0.0001797,40900,47488.00024390221,39700,80600,179700,,,,,,
1a68b061-2098-4352-95ab-257dbc02c55a,2004,AES-128,encrypt,cuda_baseline,baseline,pipeline,pinned,ECB,1024,4,1024:ECB:4,6693d36d71f998aaed7839be1ded8193e3a80aff1accc3e17041c94439c4aea7,5,59,True,,21.462106767923274,4.839319470699433,4.7711998224258425e-05,0.0002116,40200,47711.99822425842,76000,116200,211600,,,,,,
1a68b061-2098-4352-95ab-257dbc02c55a,2004,AES-128,encrypt,cuda_baseline,baseline,pipeline,pinned,CTR,1024,5,1024:CTR:5,e30355a6c936fcc928ae8810e5e54975fa221127e44409eb36a26f879fce1fa9,0,60,True,,20.997375838472973,5.5773420479302835,4.876799881458282e-05,0.0001836,40100,48767.998814582825,42900,83000,183600,,,,,,
1a68b061-2098-4352-95ab-257dbc02c55a,2004,AES-128,encrypt,cpu_software,software,transform,bytes,CTR,1024,5,1024:CTR:5,e30355a6c936fcc928ae8810e5e54975fa221127e44409eb36a26f879fce1fa9,1,61,True,,,,,,,,,,,8700,8.7e-06,117.70114942528735,0,0.0,
1a68b061-2098-4352-95ab-257dbc02c55a,2004,AES-128,encrypt,cuda_baseline,baseline,resident,pinned,CTR,1024,5,1024:CTR:5,e30355a6c936fcc928ae8810e5e54975fa221127e44409eb36a26f879fce1fa9,2,62,True,1,20.33036855981599,,5.0367999821901324e-05,,,50367.99982190132,,,,,,,,,50367.99982190132
1a68b061-2098-4352-95ab-257dbc02c55a,2004,AES-128,encrypt,cuda_optimized_v1,optimized,pipeline,pinned,CTR,1024,5,1024:CTR:5,e30355a6c936fcc928ae8810e5e54975fa221127e44409eb36a26f879fce1fa9,3,63,True,,19.789734410641845,5.7560427206295675,5.1743999123573307e-05,0.0001779,38200,51743.9991235733,41700,79900,177900,,,,,,
1a68b061-2098-4352-95ab-257dbc02c55a,2004,AES-128,encrypt,cuda_optimized_v1,optimized,resident,pinned,CTR,1024,5,1024:CTR:5,e30355a6c936fcc928ae8810e5e54975fa221127e44409eb36a26f879fce1fa9,4,64,True,1,20.24035359507218,,5.0592001527547836e-05,,,50592.001527547836,,,,,,,,,50592.001527547836
1a68b061-2098-4352-95ab-257dbc02c55a,2004,AES-128,encrypt,cpu_aesni,aesni,transform,bytes,CTR,1024,5,1024:CTR:5,e30355a6c936fcc928ae8810e5e54975fa221127e44409eb36a26f879fce1fa9,5,65,True,,,,,,,,,,,6100,6.1e-06,167.86885245901638,0,0.0,
1a68b061-2098-4352-95ab-257dbc02c55a,2004,AES-128,encrypt,cpu_aesni,aesni,transform,bytes,ECB,1024,5,1024:ECB:5,35588808d51dd2f63732be23d8f0a3a7c9239e2c19156ff35581f12de008794b,0,66,True,,,,,,,,,,,3500,3.5e-06,292.57142857142856,0,0.0,
1a68b061-2098-4352-95ab-257dbc02c55a,2004,AES-128,encrypt,cuda_baseline,baseline,pipeline,pinned,ECB,1024,5,1024:ECB:5,35588808d51dd2f63732be23d8f0a3a7c9239e2c19156ff35581f12de008794b,1,67,True,,18.34862376557372,5.352848928384736,5.580800026655197e-05,0.0001913,44400,55808.00026655197,41900,86300,191300,,,,,,
1a68b061-2098-4352-95ab-257dbc02c55a,2004,AES-128,encrypt,cuda_optimized_v1,optimized,resident,pinned,ECB,1024,5,1024:ECB:5,35588808d51dd2f63732be23d8f0a3a7c9239e2c19156ff35581f12de008794b,2,68,True,1,20.59202114114287,,4.972799867391586e-05,,,49727.99867391586,,,,,,,,,49727.99867391586
1a68b061-2098-4352-95ab-257dbc02c55a,2004,AES-128,encrypt,cuda_baseline,baseline,resident,pinned,ECB,1024,5,1024:ECB:5,35588808d51dd2f63732be23d8f0a3a7c9239e2c19156ff35581f12de008794b,3,69,True,1,20.382166072763138,,5.023999884724617e-05,,,50239.99884724617,,,,,,,,,50239.99884724617
1a68b061-2098-4352-95ab-257dbc02c55a,2004,AES-128,encrypt,cpu_software,software,transform,bytes,ECB,1024,5,1024:ECB:5,35588808d51dd2f63732be23d8f0a3a7c9239e2c19156ff35581f12de008794b,4,70,True,,,,,,,,,,,8700,8.7e-06,117.70114942528735,0,0.0,
1a68b061-2098-4352-95ab-257dbc02c55a,2004,AES-128,encrypt,cuda_optimized_v1,optimized,pipeline,pinned,ECB,1024,5,1024:ECB:5,35588808d51dd2f63732be23d8f0a3a7c9239e2c19156ff35581f12de008794b,5,71,True,,8.447729733530613,2.701134265365339,0.00012121599912643432,0.0003791,72500,121215.99912643433,45700,118200,379100,,,,,,
1a68b061-2098-4352-95ab-257dbc02c55a,2004,AES-128,encrypt,cpu_software,software,transform,bytes,ECB,1024,6,1024:ECB:6,3f7d384c033f4e1d59428657f2f13a970f433a0b0a13cc193810d8d4f76e37b3,0,72,True,,,,,,,,,,,7200,7.2e-06,142.22222222222223,0,0.0,
1a68b061-2098-4352-95ab-257dbc02c55a,2004,AES-128,encrypt,cuda_optimized_v1,optimized,resident,pinned,ECB,1024,6,1024:ECB:6,3f7d384c033f4e1d59428657f2f13a970f433a0b0a13cc193810d8d4f76e37b3,1,73,True,1,21.376085644349867,,4.790399968624115e-05,,,47903.99968624115,,,,,,,,,47903.99968624115
1a68b061-2098-4352-95ab-257dbc02c55a,2004,AES-128,encrypt,cuda_optimized_v1,optimized,pipeline,pinned,ECB,1024,6,1024:ECB:6,3f7d384c033f4e1d59428657f2f13a970f433a0b0a13cc193810d8d4f76e37b3,2,74,True,,19.912880985364776,5.7110987172336865,5.142400041222572e-05,0.0001793,40600,51424.00041222572,40300,80900,179300,,,,,,
1a68b061-2098-4352-95ab-257dbc02c55a,2004,AES-128,encrypt,cuda_baseline,baseline,pipeline,pinned,ECB,1024,6,1024:ECB:6,3f7d384c033f4e1d59428657f2f13a970f433a0b0a13cc193810d8d4f76e37b3,3,75,True,,16.83324530906277,5.467164975974373,6.083200126886368e-05,0.0001873,37700,60832.00126886368,40300,78000,187300,,,,,,
1a68b061-2098-4352-95ab-257dbc02c55a,2004,AES-128,encrypt,cuda_baseline,baseline,resident,pinned,ECB,1024,6,1024:ECB:6,3f7d384c033f4e1d59428657f2f13a970f433a0b0a13cc193810d8d4f76e37b3,4,76,True,1,19.838810382890223,,5.161599814891815e-05,,,51615.99814891815,,,,,,,,,51615.99814891815
1a68b061-2098-4352-95ab-257dbc02c55a,2004,AES-128,encrypt,cpu_aesni,aesni,transform,bytes,ECB,1024,6,1024:ECB:6,3f7d384c033f4e1d59428657f2f13a970f433a0b0a13cc193810d8d4f76e37b3,5,77,True,,,,,,,,,,,5800,5.8e-06,176.55172413793105,0,0.0,
1a68b061-2098-4352-95ab-257dbc02c55a,2004,AES-128,encrypt,cuda_optimized_v1,optimized,resident,pinned,CTR,1024,6,1024:CTR:6,404a8370e88d4710303d95d2d07e333582ac388d4e30082aebffcb3a1d5df831,0,78,True,1,8.078767731190359,,0.00012675200402736665,,,126752.00402736664,,,,,,,,,126752.00402736664
1a68b061-2098-4352-95ab-257dbc02c55a,2004,AES-128,encrypt,cpu_aesni,aesni,transform,bytes,CTR,1024,6,1024:CTR:6,404a8370e88d4710303d95d2d07e333582ac388d4e30082aebffcb3a1d5df831,1,79,True,,,,,,,,,,,5800,5.8e-06,176.55172413793105,0,0.0,
1a68b061-2098-4352-95ab-257dbc02c55a,2004,AES-128,encrypt,cpu_software,software,transform,bytes,CTR,1024,6,1024:CTR:6,404a8370e88d4710303d95d2d07e333582ac388d4e30082aebffcb3a1d5df831,2,80,True,,,,,,,,,,,6900,6.9e-06,148.40579710144928,0,0.0,
1a68b061-2098-4352-95ab-257dbc02c55a,2004,AES-128,encrypt,cuda_baseline,baseline,pipeline,pinned,CTR,1024,6,1024:CTR:6,404a8370e88d4710303d95d2d07e333582ac388d4e30082aebffcb3a1d5df831,3,81,True,,19.417476012933403,5.502418054809242,5.273599922657013e-05,0.0001861,41200,52735.99922657013,42300,83500,186100,,,,,,
1a68b061-2098-4352-95ab-257dbc02c55a,2004,AES-128,encrypt,cuda_baseline,baseline,resident,pinned,CTR,1024,6,1024:CTR:6,404a8370e88d4710303d95d2d07e333582ac388d4e30082aebffcb3a1d5df831,4,82,True,1,9.996876204940433,,0.00010243199765682221,,,102431.9976568222,,,,,,,,,102431.9976568222
1a68b061-2098-4352-95ab-257dbc02c55a,2004,AES-128,encrypt,cuda_optimized_v1,optimized,pipeline,pinned,CTR,1024,6,1024:CTR:6,404a8370e88d4710303d95d2d07e333582ac388d4e30082aebffcb3a1d5df831,5,83,True,,12.403100353974763,4.809769844997652,8.256000280380249e-05,0.0002129,39700,82560.00280380249,42200,81900,212900,,,,,,
1a68b061-2098-4352-95ab-257dbc02c55a,2004,AES-128,encrypt,cuda_baseline,baseline,pipeline,pinned,CTR,1024,7,1024:CTR:7,07cd0e78027154fe94d6764450a08b7eaf29d83f218caa8ac313d4c614a342da,0,84,True,,20.163831420048346,5.635663181067694,5.078399926424027e-05,0.0001817,39500,50783.999264240265,42500,82000,181700,,,,,,
1a68b061-2098-4352-95ab-257dbc02c55a,2004,AES-128,encrypt,cuda_baseline,baseline,resident,pinned,CTR,1024,7,1024:CTR:7,07cd0e78027154fe94d6764450a08b7eaf29d83f218caa8ac313d4c614a342da,1,85,True,1,20.33036855981599,,5.0367999821901324e-05,,,50367.99982190132,,,,,,,,,50367.99982190132
1a68b061-2098-4352-95ab-257dbc02c55a,2004,AES-128,encrypt,cpu_aesni,aesni,transform,bytes,CTR,1024,7,1024:CTR:7,07cd0e78027154fe94d6764450a08b7eaf29d83f218caa8ac313d4c614a342da,2,86,True,,,,,,,,,,,6000,6e-06,170.66666666666666,0,0.0,
1a68b061-2098-4352-95ab-257dbc02c55a,2004,AES-128,encrypt,cuda_optimized_v1,optimized,resident,pinned,CTR,1024,7,1024:CTR:7,07cd0e78027154fe94d6764450a08b7eaf29d83f218caa8ac313d4c614a342da,3,87,True,1,21.164021332029975,,4.838399961590767e-05,,,48383.99961590767,,,,,,,,,48383.99961590767
1a68b061-2098-4352-95ab-257dbc02c55a,2004,AES-128,encrypt,cuda_optimized_v1,optimized,pipeline,pinned,CTR,1024,7,1024:CTR:7,07cd0e78027154fe94d6764450a08b7eaf29d83f218caa8ac313d4c614a342da,4,88,True,,20.5128204569779,5.831435079726652,4.992000013589859e-05,0.0001756,38200,49920.00013589859,39700,77900,175600,,,,,,
1a68b061-2098-4352-95ab-257dbc02c55a,2004,AES-128,encrypt,cpu_software,software,transform,bytes,CTR,1024,7,1024:CTR:7,07cd0e78027154fe94d6764450a08b7eaf29d83f218caa8ac313d4c614a342da,5,89,True,,,,,,,,,,,8800,8.8e-06,116.36363636363636,0,0.0,
1a68b061-2098-4352-95ab-257dbc02c55a,2004,AES-128,encrypt,cuda_baseline,baseline,resident,pinned,ECB,1024,7,1024:ECB:7,031707805e504a8bd881e19775be310aad92cd11902b30b64c66fc78d88e54e1,0,90,True,1,20.565553045659797,,4.979199916124344e-05,,,49791.99916124344,,,,,,,,,49791.99916124344
1a68b061-2098-4352-95ab-257dbc02c55a,2004,AES-128,encrypt,cuda_optimized_v1,optimized,pipeline,pinned,ECB,1024,7,1024:ECB:7,031707805e504a8bd881e19775be310aad92cd11902b30b64c66fc78d88e54e1,1,91,True,,20.631849725613375,5.785310734463277,4.9632001668214796e-05,0.000177,40400,49632.0016682148,39300,79700,177000,,,,,,
1a68b061-2098-4352-95ab-257dbc02c55a,2004,AES-128,encrypt,cuda_optimized_v1,optimized,resident,pinned,ECB,1024,7,1024:ECB:7,031707805e504a8bd881e19775be310aad92cd11902b30b64c66fc78d88e54e1,2,92,True,1,11.61103034925441,,8.819200098514557e-05,,,88192.00098514557,,,,,,,,,88192.00098514557
1a68b061-2098-4352-95ab-257dbc02c55a,2004,AES-128,encrypt,cpu_software,software,transform,bytes,ECB,1024,7,1024:ECB:7,031707805e504a8bd881e19775be310aad92cd11902b30b64c66fc78d88e54e1,3,93,True,,,,,,,,,,,8800,8.8e-06,116.36363636363636,0,0.0,
1a68b061-2098-4352-95ab-257dbc02c55a,2004,AES-128,encrypt,cpu_aesni,aesni,transform,bytes,ECB,1024,7,1024:ECB:7,031707805e504a8bd881e19775be310aad92cd11902b30b64c66fc78d88e54e1,4,94,True,,,,,,,,,,,3700,3.7e-06,276.7567567567568,0,0.0,
1a68b061-2098-4352-95ab-257dbc02c55a,2004,AES-128,encrypt,cuda_baseline,baseline,pipeline,pinned,ECB,1024,7,1024:ECB:7,031707805e504a8bd881e19775be310aad92cd11902b30b64c66fc78d88e54e1,5,95,True,,10.136205073864174,3.2140615191462647,0.00010102400183677673,0.0003186,71800,101024.00183677673,76600,148400,318600,,,,,,
1a68b061-2098-4352-95ab-257dbc02c55a,2004,AES-128,encrypt,cuda_baseline,baseline,pipeline,pinned,CTR,1024,8,1024:CTR:8,ec89ef12dc79d91183f6cc833c0a436d175ac02aec6d18eaa5d9a0de2f6e9c78,0,96,True,,15.030531379043163,4.137373737373737,6.812799721956253e-05,0.0002475,54800,68127.99721956253,51600,106400,247500,,,,,,
1a68b061-2098-4352-95ab-257dbc02c55a,2004,AES-128,encrypt,cuda_optimized_v1,optimized,resident,pinned,CTR,1024,8,1024:CTR:8,ec89ef12dc79d91183f6cc833c0a436d175ac02aec6d18eaa5d9a0de2f6e9c78,1,97,True,1,16.753926773787047,,6.111999973654748e-05,,,61119.99973654747,,,,,,,,,61119.99973654747
1a68b061-2098-4352-95ab-257dbc02c55a,2004,AES-128,encrypt,cuda_baseline,baseline,resident,pinned,CTR,1024,8,1024:CTR:8,ec89ef12dc79d91183f6cc833c0a436d175ac02aec6d18eaa5d9a0de2f6e9c78,2,98,True,1,17.907107018254404,,5.718399956822395e-05,,,57183.99956822395,,,,,,,,,57183.99956822395
1a68b061-2098-4352-95ab-257dbc02c55a,2004,AES-128,encrypt,cpu_software,software,transform,bytes,CTR,1024,8,1024:CTR:8,ec89ef12dc79d91183f6cc833c0a436d175ac02aec6d18eaa5d9a0de2f6e9c78,3,99,True,,,,,,,,,,,12500,1.25e-05,81.92,0,0.0,
1a68b061-2098-4352-95ab-257dbc02c55a,2004,AES-128,encrypt,cuda_optimized_v1,optimized,pipeline,pinned,CTR,1024,8,1024:CTR:8,ec89ef12dc79d91183f6cc833c0a436d175ac02aec6d18eaa5d9a0de2f6e9c78,4,100,True,,17.60176027549321,5.074331020812686,5.817599967122078e-05,0.0002018,44700,58175.99967122078,44300,89000,201800,,,,,,
1a68b061-2098-4352-95ab-257dbc02c55a,2004,AES-128,encrypt,cpu_aesni,aesni,transform,bytes,CTR,1024,8,1024:CTR:8,ec89ef12dc79d91183f6cc833c0a436d175ac02aec6d18eaa5d9a0de2f6e9c78,5,101,True,,,,,,,,,,,6900,6.9e-06,148.40579710144928,0,0.0,
1a68b061-2098-4352-95ab-257dbc02c55a,2004,AES-128,encrypt,cpu_software,software,transform,bytes,ECB,1024,8,1024:ECB:8,376570cb93df14b9a6c447d6aee68fabf9c2a25739750923634cc0eb961bda92,0,102,True,,,,,,,,,,,7100,7.1e-06,144.22535211267606,0,0.0,
1a68b061-2098-4352-95ab-257dbc02c55a,2004,AES-128,encrypt,cuda_optimized_v1,optimized,pipeline,pinned,ECB,1024,8,1024:ECB:8,376570cb93df14b9a6c447d6aee68fabf9c2a25739750923634cc0eb961bda92,1,103,True,,17.094016622266743,5.031941031941032,5.990400165319443e-05,0.0002035,42900,59904.00165319443,45900,88800,203500,,,,,,
1a68b061-2098-4352-95ab-257dbc02c55a,2004,AES-128,encrypt,cuda_baseline,baseline,resident,pinned,ECB,1024,8,1024:ECB:8,376570cb93df14b9a6c447d6aee68fabf9c2a25739750923634cc0eb961bda92,2,104,True,1,17.130620790554755,,5.9776000678539275e-05,,,59776.000678539276,,,,,,,,,59776.000678539276
1a68b061-2098-4352-95ab-257dbc02c55a,2004,AES-128,encrypt,cuda_optimized_v1,optimized,resident,pinned,ECB,1024,8,1024:ECB:8,376570cb93df14b9a6c447d6aee68fabf9c2a25739750923634cc0eb961bda92,3,105,True,1,21.333333147896663,,4.8000000417232514e-05,,,48000.00041723251,,,,,,,,,48000.00041723251
1a68b061-2098-4352-95ab-257dbc02c55a,2004,AES-128,encrypt,cuda_baseline,baseline,pipeline,pinned,ECB,1024,8,1024:ECB:8,376570cb93df14b9a6c447d6aee68fabf9c2a25739750923634cc0eb961bda92,4,106,True,,19.704433183126028,5.660585959093422,5.196800082921982e-05,0.0001809,40300,51968.00082921982,39200,79500,180900,,,,,,
1a68b061-2098-4352-95ab-257dbc02c55a,2004,AES-128,encrypt,cpu_aesni,aesni,transform,bytes,ECB,1024,8,1024:ECB:8,376570cb93df14b9a6c447d6aee68fabf9c2a25739750923634cc0eb961bda92,5,107,True,,,,,,,,,,,6900,6.9e-06,148.40579710144928,0,0.0,
1a68b061-2098-4352-95ab-257dbc02c55a,2004,AES-128,encrypt,cuda_baseline,baseline,pipeline,pinned,ECB,1024,9,1024:ECB:9,9d6d2fda5f3d1796fd663b94e3a78627a19d4ef7f0e4febf01c8593cb8e6fa07,0,108,True,,21.024967870593887,5.632563256325633,4.8703998327255246e-05,0.0001818,41000,48703.99832725525,42300,83300,181800,,,,,,
1a68b061-2098-4352-95ab-257dbc02c55a,2004,AES-128,encrypt,cpu_software,software,transform,bytes,ECB,1024,9,1024:ECB:9,9d6d2fda5f3d1796fd663b94e3a78627a19d4ef7f0e4febf01c8593cb8e6fa07,1,109,True,,,,,,,,,,,8600,8.6e-06,119.06976744186046,0,0.0,
1a68b061-2098-4352-95ab-257dbc02c55a,2004,AES-128,encrypt,cuda_optimized_v1,optimized,resident,pinned,ECB,1024,9,1024:ECB:9,9d6d2fda5f3d1796fd663b94e3a78627a19d4ef7f0e4febf01c8593cb8e6fa07,2,110,True,1,21.72437143583793,,4.713600128889084e-05,,,47136.00128889084,,,,,,,,,47136.00128889084
1a68b061-2098-4352-95ab-257dbc02c55a,2004,AES-128,encrypt,cuda_baseline,baseline,resident,pinned,ECB,1024,9,1024:ECB:9,9d6d2fda5f3d1796fd663b94e3a78627a19d4ef7f0e4febf01c8593cb8e6fa07,3,111,True,1,20.87410263715251,,4.905600100755692e-05,,,49056.001007556915,,,,,,,,,49056.001007556915
1a68b061-2098-4352-95ab-257dbc02c55a,2004,AES-128,encrypt,cpu_aesni,aesni,transform,bytes,ECB,1024,9,1024:ECB:9,9d6d2fda5f3d1796fd663b94e3a78627a19d4ef7f0e4febf01c8593cb8e6fa07,4,112,True,,,,,,,,,,,5500,5.5e-06,186.1818181818182,0,0.0,
1a68b061-2098-4352-95ab-257dbc02c55a,2004,AES-128,encrypt,cuda_optimized_v1,optimized,pipeline,pinned,ECB,1024,9,1024:ECB:9,9d6d2fda5f3d1796fd663b94e3a78627a19d4ef7f0e4febf01c8593cb8e6fa07,5,113,True,,21.26245774967102,5.752808988764045,4.8160001635551456e-05,0.000178,40500,48160.00163555145,40200,80700,178000,,,,,,
1a68b061-2098-4352-95ab-257dbc02c55a,2004,AES-128,encrypt,cuda_baseline,baseline,pipeline,pinned,CTR,1024,9,1024:CTR:9,9bdb5163296b0ee7ca0f136e3daa60eb432e35579325f9f1508ab52f5a4a187b,0,114,True,,20.969856132020773,5.644983461962513,4.88319993019104e-05,0.0001814,39600,48831.9993019104,40700,80300,181400,,,,,,
1a68b061-2098-4352-95ab-257dbc02c55a,2004,AES-128,encrypt,cuda_baseline,baseline,resident,pinned,CTR,1024,9,1024:CTR:9,9bdb5163296b0ee7ca0f136e3daa60eb432e35579325f9f1508ab52f5a4a187b,1,115,True,1,19.559902190066797,,5.235200002789497e-05,,,52352.000027894974,,,,,,,,,52352.000027894974
1a68b061-2098-4352-95ab-257dbc02c55a,2004,AES-128,encrypt,cpu_software,software,transform,bytes,CTR,1024,9,1024:CTR:9,9bdb5163296b0ee7ca0f136e3daa60eb432e35579325f9f1508ab52f5a4a187b,2,116,True,,,,,,,,,,,8600,8.6e-06,119.06976744186046,0,0.0,
1a68b061-2098-4352-95ab-257dbc02c55a,2004,AES-128,encrypt,cuda_optimized_v1,optimized,pipeline,pinned,CTR,1024,9,1024:CTR:9,9bdb5163296b0ee7ca0f136e3daa60eb432e35579325f9f1508ab52f5a4a187b,3,117,True,,18.058690860030676,5.559174809989142,5.670399963855743e-05,0.0001842,38000,56703.999638557434,39900,77900,184200,,,,,,
1a68b061-2098-4352-95ab-257dbc02c55a,2004,AES-128,encrypt,cpu_aesni,aesni,transform,bytes,CTR,1024,9,1024:CTR:9,9bdb5163296b0ee7ca0f136e3daa60eb432e35579325f9f1508ab52f5a4a187b,4,118,True,,,,,,,,,,,5700,5.7e-06,179.64912280701753,0,0.0,
1a68b061-2098-4352-95ab-257dbc02c55a,2004,AES-128,encrypt,cuda_optimized_v1,optimized,resident,pinned,CTR,1024,9,1024:CTR:9,9bdb5163296b0ee7ca0f136e3daa60eb432e35579325f9f1508ab52f5a4a187b,5,119,True,1,18.285713721294808,,5.60000017285347e-05,,,56000.0017285347,,,,,,,,,56000.0017285347
1a68b061-2098-4352-95ab-257dbc02c55a,2004,AES-128,encrypt,cuda_optimized_v1,optimized,pipeline,pinned,ECB,1024,10,1024:ECB:10,2959249a541e837221141b6e716b54455b2047d01bf9b43e47f299163cc886b1,0,120,True,,21.26245774967102,5.166498486377397,4.8160001635551456e-05,0.0001982,51900,48160.00163555145,42800,94700,198200,,,,,,
1a68b061-2098-4352-95ab-257dbc02c55a,2004,AES-128,encrypt,cuda_baseline,baseline,pipeline,pinned,ECB,1024,10,1024:ECB:10,2959249a541e837221141b6e716b54455b2047d01bf9b43e47f299163cc886b1,1,121,True,,20.658488855807263,5.660585959093422,4.956800118088722e-05,0.0001809,41700,49568.00118088722,41800,83500,180900,,,,,,
1a68b061-2098-4352-95ab-257dbc02c55a,2004,AES-128,encrypt,cuda_optimized_v1,optimized,resident,pinned,ECB,1024,10,1024:ECB:10,2959249a541e837221141b6e716b54455b2047d01bf9b43e47f299163cc886b1,2,122,True,1,20.539152904726688,,4.9855999648571016e-05,,,49855.999648571014,,,,,,,,,49855.999648571014
1a68b061-2098-4352-95ab-257dbc02c55a,2004,AES-128,encrypt,cpu_aesni,aesni,transform,bytes,ECB,1024,10,1024:ECB:10,2959249a541e837221141b6e716b54455b2047d01bf9b43e47f299163cc886b1,3,123,True,,,,,,,,,,,6000,6e-06,170.66666666666666,0,0.0,
1a68b061-2098-4352-95ab-257dbc02c55a,2004,AES-128,encrypt,cuda_baseline,baseline,resident,pinned,ECB,1024,10,1024:ECB:10,2959249a541e837221141b6e716b54455b2047d01bf9b43e47f299163cc886b1,4,124,True,1,19.46472084143071,,5.260799825191498e-05,,,52607.99825191498,,,,,,,,,52607.99825191498
1a68b061-2098-4352-95ab-257dbc02c55a,2004,AES-128,encrypt,cpu_software,software,transform,bytes,ECB,1024,10,1024:ECB:10,2959249a541e837221141b6e716b54455b2047d01bf9b43e47f299163cc886b1,5,125,True,,,,,,,,,,,9000,9e-06,113.77777777777777,0,0.0,
1a68b061-2098-4352-95ab-257dbc02c55a,2004,AES-128,encrypt,cuda_baseline,baseline,resident,pinned,CTR,1024,10,1024:CTR:10,6f87bfe6e8353cbae5246bc0396db90983ad0c76085fee61d64eb4add7a237cc,0,126,True,1,20.59202114114287,,4.972799867391586e-05,,,49727.99867391586,,,,,,,,,49727.99867391586
1a68b061-2098-4352-95ab-257dbc02c55a,2004,AES-128,encrypt,cuda_optimized_v1,optimized,pipeline,pinned,CTR,1024,10,1024:CTR:10,6f87bfe6e8353cbae5246bc0396db90983ad0c76085fee61d64eb4add7a237cc,1,127,True,,20.138451954905584,5.620197585071351,5.0847999751567844e-05,0.0001822,40400,50847.99975156784,42500,82900,182200,,,,,,
1a68b061-2098-4352-95ab-257dbc02c55a,2004,AES-128,encrypt,cpu_aesni,aesni,transform,bytes,CTR,1024,10,1024:CTR:10,6f87bfe6e8353cbae5246bc0396db90983ad0c76085fee61d64eb4add7a237cc,2,128,True,,,,,,,,,,,5700,5.7e-06,179.64912280701753,0,0.0,
1a68b061-2098-4352-95ab-257dbc02c55a,2004,AES-128,encrypt,cuda_optimized_v1,optimized,resident,pinned,CTR,1024,10,1024:CTR:10,6f87bfe6e8353cbae5246bc0396db90983ad0c76085fee61d64eb4add7a237cc,3,129,True,1,20.2275593428554,,5.0624001771211624e-05,,,50624.001771211624,,,,,,,,,50624.001771211624
1a68b061-2098-4352-95ab-257dbc02c55a,2004,AES-128,encrypt,cuda_baseline,baseline,pipeline,pinned,CTR,1024,10,1024:CTR:10,6f87bfe6e8353cbae5246bc0396db90983ad0c76085fee61d64eb4add7a237cc,4,130,True,,20.486555442386415,5.704735376044568,4.998400062322616e-05,0.0001795,39500,49984.000623226166,41500,81000,179500,,,,,,
1a68b061-2098-4352-95ab-257dbc02c55a,2004,AES-128,encrypt,cpu_software,software,transform,bytes,CTR,1024,10,1024:CTR:10,6f87bfe6e8353cbae5246bc0396db90983ad0c76085fee61d64eb4add7a237cc,5,131,True,,,,,,,,,,,8600,8.6e-06,119.06976744186046,0,0.0,
1a68b061-2098-4352-95ab-257dbc02c55a,2004,AES-128,encrypt,cuda_optimized_v1,optimized,resident,pinned,ECB,1024,11,1024:ECB:11,b85e470290636125af6e5769fadb345b82d2a1e78ea61747a80c645ded1099de,0,132,True,1,20.956123312111234,,4.886399954557419e-05,,,48863.99954557419,,,,,,,,,48863.99954557419
1a68b061-2098-4352-95ab-257dbc02c55a,2004,AES-128,encrypt,cpu_software,software,transform,bytes,ECB,1024,11,1024:ECB:11,b85e470290636125af6e5769fadb345b82d2a1e78ea61747a80c645ded1099de,1,133,True,,,,,,,,,,,9100,9.1e-06,112.52747252747253,0,0.0,
1a68b061-2098-4352-95ab-257dbc02c55a,2004,AES-128,encrypt,cuda_baseline,baseline,resident,pinned,ECB,1024,11,1024:ECB:11,b85e470290636125af6e5769fadb345b82d2a1e78ea61747a80c645ded1099de,2,134,True,1,19.656018975410767,,5.209600180387497e-05,,,52096.00180387497,,,,,,,,,52096.00180387497
1a68b061-2098-4352-95ab-257dbc02c55a,2004,AES-128,encrypt,cpu_aesni,aesni,transform,bytes,ECB,1024,11,1024:ECB:11,b85e470290636125af6e5769fadb345b82d2a1e78ea61747a80c645ded1099de,3,135,True,,,,,,,,,,,5600,5.6e-06,182.85714285714286,0,0.0,
1a68b061-2098-4352-95ab-257dbc02c55a,2004,AES-128,encrypt,cuda_optimized_v1,optimized,pipeline,pinned,ECB,1024,11,1024:ECB:11,b85e470290636125af6e5769fadb345b82d2a1e78ea61747a80c645ded1099de,4,136,True,,19.46472084143071,5.623283909939594,5.260799825191498e-05,0.0001821,37900,52607.99825191498,42600,80500,182100,,,,,,
1a68b061-2098-4352-95ab-257dbc02c55a,2004,AES-128,encrypt,cuda_baseline,baseline,pipeline,pinned,ECB,1024,11,1024:ECB:11,b85e470290636125af6e5769fadb345b82d2a1e78ea61747a80c645ded1099de,5,137,True,,19.595836148533404,5.707915273132665,5.225599929690361e-05,0.0001794,38500,52255.99929690361,40100,78600,179400,,,,,,
1a68b061-2098-4352-95ab-257dbc02c55a,2004,AES-128,encrypt,cuda_baseline,baseline,pipeline,pinned,CTR,1024,11,1024:CTR:11,e408fbb6244f0861c075cb11507c93123df49d0a5c6a2fd2044e4c1626f04461,0,138,True,,20.100502322163898,5.623283909939594,5.09440004825592e-05,0.0001821,38300,50944.000482559204,40900,79200,182100,,,,,,
1a68b061-2098-4352-95ab-257dbc02c55a,2004,AES-128,encrypt,cuda_optimized_v1,optimized,resident,pinned,CTR,1024,11,1024:CTR:11,e408fbb6244f0861c075cb11507c93123df49d0a5c6a2fd2044e4c1626f04461,1,139,True,1,20.60528075388556,,4.9695998430252074e-05,,,49695.998430252075,,,,,,,,,49695.998430252075
1a68b061-2098-4352-95ab-257dbc02c55a,2004,AES-128,encrypt,cpu_aesni,aesni,transform,bytes,CTR,1024,11,1024:CTR:11,e408fbb6244f0861c075cb11507c93123df49d0a5c6a2fd2044e4c1626f04461,2,140,True,,,,,,,,,,,5900,5.9e-06,173.5593220338983,0,0.0,
1a68b061-2098-4352-95ab-257dbc02c55a,2004,AES-128,encrypt,cuda_optimized_v1,optimized,pipeline,pinned,CTR,1024,11,1024:CTR:11,e408fbb6244f0861c075cb11507c93123df49d0a5c6a2fd2044e4c1626f04461,3,141,True,,21.534319991871296,5.7560427206295675,4.755200073122978e-05,0.0001779,40600,47552.00073122978,40000,80600,177900,,,,,,
1a68b061-2098-4352-95ab-257dbc02c55a,2004,AES-128,encrypt,cuda_baseline,baseline,resident,pinned,CTR,1024,11,1024:CTR:11,e408fbb6244f0861c075cb11507c93123df49d0a5c6a2fd2044e4c1626f04461,4,142,True,1,20.80624250644466,,4.9215998500585554e-05,,,49215.998500585556,,,,,,,,,49215.998500585556
1a68b061-2098-4352-95ab-257dbc02c55a,2004,AES-128,encrypt,cpu_software,software,transform,bytes,CTR,1024,11,1024:CTR:11,e408fbb6244f0861c075cb11507c93123df49d0a5c6a2fd2044e4c1626f04461,5,143,True,,,,,,,,,,,8900,8.9e-06,115.0561797752809,0,0.0,
1a68b061-2098-4352-95ab-257dbc02c55a,2004,AES-128,encrypt,cpu_software,software,transform,bytes,ECB,1024,12,1024:ECB:12,ba0a21fec4bdaf28b332c7b922af159a84eb642b2e5e72ba6443e47d15960476,0,144,True,,,,,,,,,,,6800,6.8e-06,150.58823529411765,0,0.0,
1a68b061-2098-4352-95ab-257dbc02c55a,2004,AES-128,encrypt,cpu_aesni,aesni,transform,bytes,ECB,1024,12,1024:ECB:12,ba0a21fec4bdaf28b332c7b922af159a84eb642b2e5e72ba6443e47d15960476,1,145,True,,,,,,,,,,,3100,3.1e-06,330.3225806451613,0,0.0,
1a68b061-2098-4352-95ab-257dbc02c55a,2004,AES-128,encrypt,cuda_optimized_v1,optimized,resident,pinned,ECB,1024,12,1024:ECB:12,ba0a21fec4bdaf28b332c7b922af159a84eb642b2e5e72ba6443e47d15960476,2,146,True,1,21.66553892327095,,4.7263998538255694e-05,,,47263.99853825569,,,,,,,,,47263.99853825569
1a68b061-2098-4352-95ab-257dbc02c55a,2004,AES-128,encrypt,cuda_baseline,baseline,resident,pinned,ECB,1024,12,1024:ECB:12,ba0a21fec4bdaf28b332c7b922af159a84eb642b2e5e72ba6443e47d15960476,3,147,True,1,20.214782741939064,,5.0655998289585113e-05,,,50655.99828958511,,,,,,,,,50655.99828958511
1a68b061-2098-4352-95ab-257dbc02c55a,2004,AES-128,encrypt,cuda_baseline,baseline,pipeline,pinned,ECB,1024,12,1024:ECB:12,ba0a21fec4bdaf28b332c7b922af159a84eb642b2e5e72ba6443e47d15960476,4,148,True,,20.36919196605326,5.717476270240089,5.027199909090996e-05,0.0001791,39600,50271.99909090996,41300,80900,179100,,,,,,
1a68b061-2098-4352-95ab-257dbc02c55a,2004,AES-128,encrypt,cuda_optimized_v1,optimized,pipeline,pinned,ECB,1024,12,1024:ECB:12,ba0a21fec4bdaf28b332c7b922af159a84eb642b2e5e72ba6443e47d15960476,5,149,True,,9.950248629386977,2.5754527162977867,0.00010291200131177902,0.0003976,66600,102912.00131177902,91100,157700,397600,,,,,,
1a68b061-2098-4352-95ab-257dbc02c55a,2004,AES-128,encrypt,cuda_optimized_v1,optimized,resident,pinned,CTR,1024,12,1024:CTR:12,b83d5b7f099a3442978c5dca17ae8a1145196507a96ca8c489b347e1c7802051,0,150,True,1,18.40138041823293,,5.5647999048233035e-05,,,55647.99904823303,,,,,,,,,55647.99904823303
1a68b061-2098-4352-95ab-257dbc02c55a,2004,AES-128,encrypt,cpu_aesni,aesni,transform,bytes,CTR,1024,12,1024:CTR:12,b83d5b7f099a3442978c5dca17ae8a1145196507a96ca8c489b347e1c7802051,1,151,True,,,,,,,,,,,10900,1.09e-05,93.94495412844037,0,0.0,
1a68b061-2098-4352-95ab-257dbc02c55a,2004,AES-128,encrypt,cuda_baseline,baseline,pipeline,pinned,CTR,1024,12,1024:CTR:12,b83d5b7f099a3442978c5dca17ae8a1145196507a96ca8c489b347e1c7802051,2,152,True,,9.520975954018546,2.9408385985066055,0.00010755199939012528,0.0003482,76600,107551.99939012527,57700,134300,348200,,,,,,
1a68b061-2098-4352-95ab-257dbc02c55a,2004,AES-128,encrypt,cpu_software,software,transform,bytes,CTR,1024,12,1024:CTR:12,b83d5b7f099a3442978c5dca17ae8a1145196507a96ca8c489b347e1c7802051,3,153,True,,,,,,,,,,,11200,1.12e-05,91.42857142857143,0,0.0,
1a68b061-2098-4352-95ab-257dbc02c55a,2004,AES-128,encrypt,cuda_optimized_v1,optimized,pipeline,pinned,CTR,1024,12,1024:CTR:12,b83d5b7f099a3442978c5dca17ae8a1145196507a96ca8c489b347e1c7802051,4,154,True,,16.994158086564898,5.04930966469428,6.0256000608205794e-05,0.0002028,45000,60256.000608205795,43100,88100,202800,,,,,,
1a68b061-2098-4352-95ab-257dbc02c55a,2004,AES-128,encrypt,cuda_baseline,baseline,resident,pinned,CTR,1024,12,1024:CTR:12,b83d5b7f099a3442978c5dca17ae8a1145196507a96ca8c489b347e1c7802051,5,155,True,1,17.32539273746126,,5.910399928689003e-05,,,59103.99928689003,,,,,,,,,59103.99928689003
1a68b061-2098-4352-95ab-257dbc02c55a,2004,AES-128,encrypt,cuda_baseline,baseline,resident,pinned,ECB,1024,13,1024:ECB:13,46617165568dbc633dc3dcc036b4f83d2491cfc56e75121a7cd4f1aedfade55c,0,156,True,1,20.80624250644466,,4.9215998500585554e-05,,,49215.998500585556,,,,,,,,,49215.998500585556
1a68b061-2098-4352-95ab-257dbc02c55a,2004,AES-128,encrypt,cuda_optimized_v1,optimized,resident,pinned,ECB,1024,13,1024:ECB:13,46617165568dbc633dc3dcc036b4f83d2491cfc56e75121a7cd4f1aedfade55c,1,157,True,1,19.42926570585502,,5.270399898290634e-05,,,52703.99898290634,,,,,,,,,52703.99898290634
1a68b061-2098-4352-95ab-257dbc02c55a,2004,AES-128,encrypt,cpu_software,software,transform,bytes,ECB,1024,13,1024:ECB:13,46617165568dbc633dc3dcc036b4f83d2491cfc56e75121a7cd4f1aedfade55c,2,158,True,,,,,,,,,,,11300,1.13e-05,90.61946902654867,0,0.0,
1a68b061-2098-4352-95ab-257dbc02c55a,2004,AES-128,encrypt,cpu_aesni,aesni,transform,bytes,ECB,1024,13,1024:ECB:13,46617165568dbc633dc3dcc036b4f83d2491cfc56e75121a7cd4f1aedfade55c,3,159,True,,,,,,,,,,,4000,4e-06,256.0,0,0.0,
1a68b061-2098-4352-95ab-257dbc02c55a,2004,AES-128,encrypt,cuda_optimized_v1,optimized,pipeline,pinned,ECB,1024,13,1024:ECB:13,46617165568dbc633dc3dcc036b4f83d2491cfc56e75121a7cd4f1aedfade55c,4,160,True,,19.207683113859705,5.505376344086022,5.331199988722801e-05,0.000186,40200,53311.99988722801,41800,82000,186000,,,,,,
1a68b061-2098-4352-95ab-257dbc02c55a,2004,AES-128,encrypt,cuda_baseline,baseline,pipeline,pinned,ECB,1024,13,1024:ECB:13,46617165568dbc633dc3dcc036b4f83d2491cfc56e75121a7cd4f1aedfade55c,5,161,True,,18.801409688558927,5.568243610657967,5.4464001208543776e-05,0.0001839,40200,54464.00120854378,40000,80200,183900,,,,,,
1a68b061-2098-4352-95ab-257dbc02c55a,2004,AES-128,encrypt,cuda_baseline,baseline,resident,pinned,CTR,1024,13,1024:CTR:13,7b89ab779289c4f91c935cd6aa94e5492059add83439a4e0fe69802dfd15ed70,0,162,True,1,21.178028071116742,,4.835199937224388e-05,,,48351.99937224388,,,,,,,,,48351.99937224388
1a68b061-2098-4352-95ab-257dbc02c55a,2004,AES-128,encrypt,cpu_aesni,aesni,transform,bytes,CTR,1024,13,1024:CTR:13,7b89ab779289c4f91c935cd6aa94e5492059add83439a4e0fe69802dfd15ed70,1,163,True,,,,,,,,,,,6000,6e-06,170.66666666666666,0,0.0,
1a68b061-2098-4352-95ab-257dbc02c55a,2004,AES-128,encrypt,cpu_software,software,transform,bytes,CTR,1024,13,1024:CTR:13,7b89ab779289c4f91c935cd6aa94e5492059add83439a4e0fe69802dfd15ed70,2,164,True,,,,,,,,,,,7200,7.2e-06,142.22222222222223,0,0.0,
1a68b061-2098-4352-95ab-257dbc02c55a,2004,AES-128,encrypt,cuda_baseline,baseline,pipeline,pinned,CTR,1024,13,1024:CTR:13,7b89ab779289c4f91c935cd6aa94e5492059add83439a4e0fe69802dfd15ed70,3,165,True,,20.98360696232342,5.654334621755936,4.879999905824661e-05,0.0001811,40000,48799.99905824661,43300,83300,181100,,,,,,
1a68b061-2098-4352-95ab-257dbc02c55a,2004,AES-128,encrypt,cuda_optimized_v1,optimized,pipeline,pinned,CTR,1024,13,1024:CTR:13,7b89ab779289c4f91c935cd6aa94e5492059add83439a4e0fe69802dfd15ed70,4,166,True,,21.27659512935027,5.749578888265019,4.812800139188767e-05,0.0001781,40300,48128.001391887665,42100,82400,178100,,,,,,
1a68b061-2098-4352-95ab-257dbc02c55a,2004,AES-128,encrypt,cuda_optimized_v1,optimized,resident,pinned,CTR,1024,13,1024:CTR:13,7b89ab779289c4f91c935cd6aa94e5492059add83439a4e0fe69802dfd15ed70,5,167,True,1,20.55234449724132,,4.982399940490723e-05,,,49823.99940490723,,,,,,,,,49823.99940490723
1a68b061-2098-4352-95ab-257dbc02c55a,2004,AES-128,encrypt,cuda_baseline,baseline,resident,pinned,CTR,1024,14,1024:CTR:14,ad63bfd32a98b623b8f9c90facb44878b9d52f63cb082bacd8cad2bb18982509,0,168,True,1,18.957345437216073,,5.4016001522541044e-05,,,54016.001522541046,,,,,,,,,54016.001522541046
1a68b061-2098-4352-95ab-257dbc02c55a,2004,AES-128,encrypt,cuda_baseline,baseline,pipeline,pinned,CTR,1024,14,1024:CTR:14,ad63bfd32a98b623b8f9c90facb44878b9d52f63cb082bacd8cad2bb18982509,1,169,True,,18.73536335921734,5.389473684210526,5.465599894523621e-05,0.00019,44600,54655.998945236206,41200,85800,190000,,,,,,
1a68b061-2098-4352-95ab-257dbc02c55a,2004,AES-128,encrypt,cpu_aesni,aesni,transform,bytes,CTR,1024,14,1024:CTR:14,ad63bfd32a98b623b8f9c90facb44878b9d52f63cb082bacd8cad2bb18982509,2,170,True,,,,,,,,,,,5900,5.9e-06,173.5593220338983,0,0.0,
1a68b061-2098-4352-95ab-257dbc02c55a,2004,AES-128,encrypt,cuda_optimized_v1,optimized,pipeline,pinned,CTR,1024,14,1024:CTR:14,ad63bfd32a98b623b8f9c90facb44878b9d52f63cb082bacd8cad2bb18982509,3,171,True,,18.19215456989701,5.455514118273841,5.628800019621849e-05,0.0001877,39800,56288.00019621849,42500,82300,187700,,,,,,
1a68b061-2098-4352-95ab-257dbc02c55a,2004,AES-128,encrypt,cpu_software,software,transform,bytes,CTR,1024,14,1024:CTR:14,ad63bfd32a98b623b8f9c90facb44878b9d52f63cb082bacd8cad2bb18982509,4,172,True,,,,,,,,,,,8700,8.7e-06,117.70114942528735,0,0.0,
1a68b061-2098-4352-95ab-257dbc02c55a,2004,AES-128,encrypt,cuda_optimized_v1,optimized,resident,pinned,CTR,1024,14,1024:CTR:14,ad63bfd32a98b623b8f9c90facb44878b9d52f63cb082bacd8cad2bb18982509,5,173,True,1,17.738359206315955,,5.772799998521805e-05,,,57727.99998521805,,,,,,,,,57727.99998521805
1a68b061-2098-4352-95ab-257dbc02c55a,2004,AES-128,encrypt,cuda_baseline,baseline,resident,pinned,ECB,1024,14,1024:ECB:14,c0427e64ec83b8fc3c892f8cab0fdda021030883ebd3244216d5da0650039b0b,0,174,True,1,20.30456840341927,,5.0432000309228894e-05,,,50432.0003092289,,,,,,,,,50432.0003092289
1a68b061-2098-4352-95ab-257dbc02c55a,2004,AES-128,encrypt,cpu_aesni,aesni,transform,bytes,ECB,1024,14,1024:ECB:14,c0427e64ec83b8fc3c892f8cab0fdda021030883ebd3244216d5da0650039b0b,1,175,True,,,,,,,,,,,5900,5.9e-06,173.5593220338983,0,0.0,
1a68b061-2098-4352-95ab-257dbc02c55a,2004,AES-128,encrypt,cuda_optimized_v1,optimized,resident,pinned,ECB,1024,14,1024:ECB:14,c0427e64ec83b8fc3c892f8cab0fdda021030883ebd3244216d5da0650039b0b,2,176,True,1,19.16167633766605,,5.3440000861883166e-05,,,53440.00086188316,,,,,,,,,53440.00086188316
1a68b061-2098-4352-95ab-257dbc02c55a,2004,AES-128,encrypt,cpu_software,software,transform,bytes,ECB,1024,14,1024:ECB:14,c0427e64ec83b8fc3c892f8cab0fdda021030883ebd3244216d5da0650039b0b,3,177,True,,,,,,,,,,,8800,8.8e-06,116.36363636363636,0,0.0,
1a68b061-2098-4352-95ab-257dbc02c55a,2004,AES-128,encrypt,cuda_optimized_v1,optimized,pipeline,pinned,ECB,1024,14,1024:ECB:14,c0427e64ec83b8fc3c892f8cab0fdda021030883ebd3244216d5da0650039b0b,4,178,True,,21.108179162563783,5.828116107000569,4.851200059056282e-05,0.0001757,38300,48512.00059056282,40600,78900,175700,,,,,,
1a68b061-2098-4352-95ab-257dbc02c55a,2004,AES-128,encrypt,cuda_baseline,baseline,pipeline,pinned,ECB,1024,14,1024:ECB:14,c0427e64ec83b8fc3c892f8cab0fdda021030883ebd3244216d5da0650039b0b,5,179,True,,19.607843492722225,5.657458563535911,5.222399905323982e-05,0.000181,40100,52223.99905323982,40100,80200,181000,,,,,,
1a68b061-2098-4352-95ab-257dbc02c55a,2004,AES-128,encrypt,cuda_baseline,baseline,pipeline,pinned,ECB,1024,15,1024:ECB:15,1e50cb9eb4892c78d41b67352c2db62975f59c3eaf06895e9ac54d7e651c3c72,0,180,True,,21.962937017394783,5.782044042913608,4.662400111556053e-05,0.0001771,39600,46624.00111556053,40400,80000,177100,,,,,,
1a68b061-2098-4352-95ab-257dbc02c55a,2004,AES-128,encrypt,cuda_baseline,baseline,resident,pinned,ECB,1024,15,1024:ECB:15,1e50cb9eb4892c78d41b67352c2db62975f59c3eaf06895e9ac54d7e651c3c72,1,181,True,1,21.40468263267142,,4.783999919891357e-05,,,47839.999198913574,,,,,,,,,47839.999198913574
1a68b061-2098-4352-95ab-257dbc02c55a,2004,AES-128,encrypt,cpu_software,software,transform,bytes,ECB,1024,15,1024:ECB:15,1e50cb9eb4892c78d41b67352c2db62975f59c3eaf06895e9ac54d7e651c3c72,2,182,True,,,,,,,,,,,9000,9e-06,113.77777777777777,0,0.0,
1a68b061-2098-4352-95ab-257dbc02c55a,2004,AES-128,encrypt,cpu_aesni,aesni,transform,bytes,ECB,1024,15,1024:ECB:15,1e50cb9eb4892c78d41b67352c2db62975f59c3eaf06895e9ac54d7e651c3c72,3,183,True,,,,,,,,,,,3700,3.7e-06,276.7567567567568,0,0.0,
1a68b061-2098-4352-95ab-257dbc02c55a,2004,AES-128,encrypt,cuda_optimized_v1,optimized,pipeline,pinned,ECB,1024,15,1024:ECB:15,1e50cb9eb4892c78d41b67352c2db62975f59c3eaf06895e9ac54d7e651c3c72,4,184,True,,20.43422667920919,5.818181818181818,5.0112001597881316e-05,0.000176,38600,50112.00159788132,40500,79100,176000,,,,,,
1a68b061-2098-4352-95ab-257dbc02c55a,2004,AES-128,encrypt,cuda_optimized_v1,optimized,resident,pinned,ECB,1024,15,1024:ECB:15,1e50cb9eb4892c78d41b67352c2db62975f59c3eaf06895e9ac54d7e651c3c72,5,185,True,1,15.717093083202766,,6.515199691057205e-05,,,65151.99691057205,,,,,,,,,65151.99691057205
1a68b061-2098-4352-95ab-257dbc02c55a,2004,AES-128,encrypt,cuda_baseline,baseline,resident,pinned,CTR,1024,15,1024:CTR:15,881486896ce3af9f3f77f61c7024935bce3b75589ee7806fb7bfb8cb54d68a93,0,186,True,1,20.151133696400567,,5.0815999507904055e-05,,,50815.99950790405,,,,,,,,,50815.99950790405
1a68b061-2098-4352-95ab-257dbc02c55a,2004,AES-128,encrypt,cuda_baseline,baseline,pipeline,pinned,CTR,1024,15,1024:CTR:15,881486896ce3af9f3f77f61c7024935bce3b75589ee7806fb7bfb8cb54d68a93,1,187,True,,19.24233343798812,5.679423183582918,5.321599915623665e-05,0.0001803,39800,53215.99915623665,40300,80100,180300,,,,,,
1a68b061-2098-4352-95ab-257dbc02c55a,2004,AES-128,encrypt,cuda_optimized_v1,optimized,pipeline,pinned,CTR,1024,15,1024:CTR:15,881486896ce3af9f3f77f61c7024935bce3b75589ee7806fb7bfb8cb54d68a93,2,188,True,,20.253164042667834,5.654334621755936,5.056000128388405e-05,0.0001811,38700,50560.00128388405,39700,78400,181100,,,,,,
1a68b061-2098-4352-95ab-257dbc02c55a,2004,AES-128,encrypt,cpu_aesni,aesni,transform,bytes,CTR,1024,15,1024:CTR:15,881486896ce3af9f3f77f61c7024935bce3b75589ee7806fb7bfb8cb54d68a93,3,189,True,,,,,,,,,,,6200,6.2e-06,165.16129032258064,0,0.0,
1a68b061-2098-4352-95ab-257dbc02c55a,2004,AES-128,encrypt,cpu_software,software,transform,bytes,CTR,1024,15,1024:CTR:15,881486896ce3af9f3f77f61c7024935bce3b75589ee7806fb7bfb8cb54d68a93,4,190,True,,,,,,,,,,,7000,7e-06,146.28571428571428,0,0.0,
1a68b061-2098-4352-95ab-257dbc02c55a,2004,AES-128,encrypt,cuda_optimized_v1,optimized,resident,pinned,CTR,1024,15,1024:CTR:15,881486896ce3af9f3f77f61c7024935bce3b75589ee7806fb7bfb8cb54d68a93,5,191,True,1,20.163831420048346,,5.078399926424027e-05,,,50783.999264240265,,,,,,,,,50783.999264240265
1a68b061-2098-4352-95ab-257dbc02c55a,2004,AES-128,encrypt,cpu_software,software,transform,bytes,CTR,1024,16,1024:CTR:16,19481f57b4efb6ecd263dcce50b3a44eed9ed4cce75f16d7123c5febf6d93cf8,0,192,True,,,,,,,,,,,7300,7.3e-06,140.27397260273972,0,0.0,
1a68b061-2098-4352-95ab-257dbc02c55a,2004,AES-128,encrypt,cuda_baseline,baseline,resident,pinned,CTR,1024,16,1024:CTR:16,19481f57b4efb6ecd263dcce50b3a44eed9ed4cce75f16d7123c5febf6d93cf8,1,193,True,1,13.906996603364256,,7.363200187683105e-05,,,73632.00187683105,,,,,,,,,73632.00187683105
1a68b061-2098-4352-95ab-257dbc02c55a,2004,AES-128,encrypt,cuda_optimized_v1,optimized,pipeline,pinned,CTR,1024,16,1024:CTR:16,19481f57b4efb6ecd263dcce50b3a44eed9ed4cce75f16d7123c5febf6d93cf8,2,194,True,,9.937887978238289,2.3073456511942316,0.00010304000228643417,0.0004438,43000,103040.00228643417,89700,132700,443800,,,,,,
1a68b061-2098-4352-95ab-257dbc02c55a,2004,AES-128,encrypt,cuda_optimized_v1,optimized,resident,pinned,CTR,1024,16,1024:CTR:16,19481f57b4efb6ecd263dcce50b3a44eed9ed4cce75f16d7123c5febf6d93cf8,3,195,True,1,15.655577572303086,,6.540799885988236e-05,,,65407.998859882355,,,,,,,,,65407.998859882355
1a68b061-2098-4352-95ab-257dbc02c55a,2004,AES-128,encrypt,cuda_baseline,baseline,pipeline,pinned,CTR,1024,16,1024:CTR:16,19481f57b4efb6ecd263dcce50b3a44eed9ed4cce75f16d7123c5febf6d93cf8,4,196,True,,16.34320728752777,2.70042194092827,6.265600025653839e-05,0.0003792,79700,62656.00025653839,96100,175800,379200,,,,,,
1a68b061-2098-4352-95ab-257dbc02c55a,2004,AES-128,encrypt,cpu_aesni,aesni,transform,bytes,CTR,1024,16,1024:CTR:16,19481f57b4efb6ecd263dcce50b3a44eed9ed4cce75f16d7123c5febf6d93cf8,5,197,True,,,,,,,,,,,12300,1.23e-05,83.2520325203252,0,0.0,
1a68b061-2098-4352-95ab-257dbc02c55a,2004,AES-128,encrypt,cuda_optimized_v1,optimized,resident,pinned,ECB,1024,16,1024:ECB:16,e2d612a99057732626c5c1fd127cd9e6bf5509f0e4441571d4abaa34a158cd15,0,198,True,1,18.901358878600682,,5.417599901556969e-05,,,54175.99901556969,,,,,,,,,54175.99901556969
1a68b061-2098-4352-95ab-257dbc02c55a,2004,AES-128,encrypt,cpu_software,software,transform,bytes,ECB,1024,16,1024:ECB:16,e2d612a99057732626c5c1fd127cd9e6bf5509f0e4441571d4abaa34a158cd15,1,199,True,,,,,,,,,,,13200,1.32e-05,77.57575757575758,0,0.0,
1a68b061-2098-4352-95ab-257dbc02c55a,2004,AES-128,encrypt,cuda_optimized_v1,optimized,pipeline,pinned,ECB,1024,16,1024:ECB:16,e2d612a99057732626c5c1fd127cd9e6bf5509f0e4441571d4abaa34a158cd15,2,200,True,,18.285713721294808,3.8166231830040998,5.60000017285347e-05,0.0002683,50500,56000.0017285347,70500,121000,268300,,,,,,
1a68b061-2098-4352-95ab-257dbc02c55a,2004,AES-128,encrypt,cuda_baseline,baseline,pipeline,pinned,ECB,1024,16,1024:ECB:16,e2d612a99057732626c5c1fd127cd9e6bf5509f0e4441571d4abaa34a158cd15,3,201,True,,19.036287988653488,3.9937597503900157,5.379199981689453e-05,0.0002564,40800,53791.99981689453,70500,111300,256400,,,,,,
1a68b061-2098-4352-95ab-257dbc02c55a,2004,AES-128,encrypt,cpu_aesni,aesni,transform,bytes,ECB,1024,16,1024:ECB:16,e2d612a99057732626c5c1fd127cd9e6bf5509f0e4441571d4abaa34a158cd15,4,202,True,,,,,,,,,,,6800,6.8e-06,150.58823529411765,0,0.0,
1a68b061-2098-4352-95ab-257dbc02c55a,2004,AES-128,encrypt,cuda_baseline,baseline,resident,pinned,ECB,1024,16,1024:ECB:16,e2d612a99057732626c5c1fd127cd9e6bf5509f0e4441571d4abaa34a158cd15,5,203,True,1,18.359150881737527,,5.577600002288818e-05,,,55776.00002288818,,,,,,,,,55776.00002288818
1a68b061-2098-4352-95ab-257dbc02c55a,2004,AES-128,encrypt,cuda_optimized_v1,optimized,pipeline,pinned,ECB,1024,17,1024:ECB:17,c1b6e011322e62a3ac17dfa8139e7bd177224a23132bc3250be57962e07905fa,0,204,True,,19.595836148533404,4.094362255097961,5.225599929690361e-05,0.0002501,41200,52255.99929690361,67700,108900,250100,,,,,,
1a68b061-2098-4352-95ab-257dbc02c55a,2004,AES-128,encrypt,cuda_optimized_v1,optimized,resident,pinned,ECB,1024,17,1024:ECB:17,c1b6e011322e62a3ac17dfa8139e7bd177224a23132bc3250be57962e07905fa,1,205,True,1,19.150209059480567,,5.3472001105546954e-05,,,53472.00110554695,,,,,,,,,53472.00110554695
1a68b061-2098-4352-95ab-257dbc02c55a,2004,AES-128,encrypt,cpu_software,software,transform,bytes,ECB,1024,17,1024:ECB:17,c1b6e011322e62a3ac17dfa8139e7bd177224a23132bc3250be57962e07905fa,2,206,True,,,,,,,,,,,9500,9.5e-06,107.78947368421052,0,0.0,
1a68b061-2098-4352-95ab-257dbc02c55a,2004,AES-128,encrypt,cuda_baseline,baseline,pipeline,pinned,ECB,1024,17,1024:ECB:17,c1b6e011322e62a3ac17dfa8139e7bd177224a23132bc3250be57962e07905fa,3,207,True,,18.86792461641117,4.091090691170595,5.427199974656105e-05,0.0002503,39600,54271.99974656105,67300,106900,250300,,,,,,
1a68b061-2098-4352-95ab-257dbc02c55a,2004,AES-128,encrypt,cuda_baseline,baseline,resident,pinned,ECB,1024,17,1024:ECB:17,c1b6e011322e62a3ac17dfa8139e7bd177224a23132bc3250be57962e07905fa,4,208,True,1,18.49710963261411,,5.536000058054924e-05,,,55360.00058054924,,,,,,,,,55360.00058054924
1a68b061-2098-4352-95ab-257dbc02c55a,2004,AES-128,encrypt,cpu_aesni,aesni,transform,bytes,ECB,1024,17,1024:ECB:17,c1b6e011322e62a3ac17dfa8139e7bd177224a23132bc3250be57962e07905fa,5,209,True,,,,,,,,,,,5900,5.9e-06,173.5593220338983,0,0.0,
1a68b061-2098-4352-95ab-257dbc02c55a,2004,AES-128,encrypt,cuda_baseline,baseline,pipeline,pinned,CTR,1024,17,1024:CTR:17,9c65ae9f6a810c9e07ec6916da7611705e2ec6854322ea353f6cee3597299e34,0,210,True,,18.991097644057913,3.896499238964992,5.3920000791549686e-05,0.0002628,40800,53920.00079154968,67400,108200,262800,,,,,,
1a68b061-2098-4352-95ab-257dbc02c55a,2004,AES-128,encrypt,cpu_aesni,aesni,transform,bytes,CTR,1024,17,1024:CTR:17,9c65ae9f6a810c9e07ec6916da7611705e2ec6854322ea353f6cee3597299e34,1,211,True,,,,,,,,,,,5900,5.9e-06,173.5593220338983,0,0.0,
1a68b061-2098-4352-95ab-257dbc02c55a,2004,AES-128,encrypt,cuda_baseline,baseline,resident,pinned,CTR,1024,17,1024:CTR:17,9c65ae9f6a810c9e07ec6916da7611705e2ec6854322ea353f6cee3597299e34,2,212,True,1,19.104478198293872,,5.35999983549118e-05,,,53599.998354911804,,,,,,,,,53599.998354911804
1a68b061-2098-4352-95ab-257dbc02c55a,2004,AES-128,encrypt,cuda_optimized_v1,optimized,pipeline,pinned,CTR,1024,17,1024:CTR:17,9c65ae9f6a810c9e07ec6916da7611705e2ec6854322ea353f6cee3597299e34,3,213,True,,18.507807868800406,4.087824351297405,5.532800033688545e-05,0.0002505,39500,55328.00033688545,66900,106400,250500,,,,,,
1a68b061-2098-4352-95ab-257dbc02c55a,2004,AES-128,encrypt,cpu_software,software,transform,bytes,CTR,1024,17,1024:CTR:17,9c65ae9f6a810c9e07ec6916da7611705e2ec6854322ea353f6cee3597299e34,4,214,True,,,,,,,,,,,9100,9.1e-06,112.52747252747253,0,0.0,
1a68b061-2098-4352-95ab-257dbc02c55a,2004,AES-128,encrypt,cuda_optimized_v1,optimized,resident,pinned,CTR,1024,17,1024:CTR:17,9c65ae9f6a810c9e07ec6916da7611705e2ec6854322ea353f6cee3597299e34,5,215,True,1,18.7683290600374,,5.455999821424484e-05,,,54559.99821424484,,,,,,,,,54559.99821424484
1a68b061-2098-4352-95ab-257dbc02c55a,2004,AES-128,encrypt,cuda_optimized_v1,optimized,resident,pinned,ECB,1024,18,1024:ECB:18,61dd18a746fde7760effa98f0cf77baad013c612b9bdf7bc9e9ad0f8754c86e7,0,216,True,1,19.740900641210708,,5.187200009822845e-05,,,51872.000098228455,,,,,,,,,51872.000098228455
1a68b061-2098-4352-95ab-257dbc02c55a,2004,AES-128,encrypt,cuda_baseline,baseline,pipeline,pinned,ECB,1024,18,1024:ECB:18,61dd18a746fde7760effa98f0cf77baad013c612b9bdf7bc9e9ad0f8754c86e7,1,217,True,,19.46472084143071,4.105854049719326,5.260799825191498e-05,0.0002494,43000,52607.99825191498,66200,109200,249400,,,,,,
1a68b061-2098-4352-95ab-257dbc02c55a,2004,AES-128,encrypt,cuda_baseline,baseline,resident,pinned,ECB,1024,18,1024:ECB:18,61dd18a746fde7760effa98f0cf77baad013c612b9bdf7bc9e9ad0f8754c86e7,2,218,True,1,18.85680613185637,,5.430399999022484e-05,,,54303.99999022484,,,,,,,,,54303.99999022484
1a68b061-2098-4352-95ab-257dbc02c55a,2004,AES-128,encrypt,cuda_optimized_v1,optimized,pipeline,pinned,ECB,1024,18,1024:ECB:18,61dd18a746fde7760effa98f0cf77baad013c612b9bdf7bc9e9ad0f8754c86e7,3,219,True,,19.01366596508509,4.162601626016261,5.385600030422211e-05,0.000246,39500,53856.00030422211,66800,106300,246000,,,,,,
1a68b061-2098-4352-95ab-257dbc02c55a,2004,AES-128,encrypt,cpu_software,software,transform,bytes,ECB,1024,18,1024:ECB:18,61dd18a746fde7760effa98f0cf77baad013c612b9bdf7bc9e9ad0f8754c86e7,4,220,True,,,,,,,,,,,9200,9.2e-06,111.30434782608695,0,0.0,
1a68b061-2098-4352-95ab-257dbc02c55a,2004,AES-128,encrypt,cpu_aesni,aesni,transform,bytes,ECB,1024,18,1024:ECB:18,61dd18a746fde7760effa98f0cf77baad013c612b9bdf7bc9e9ad0f8754c86e7,5,221,True,,,,,,,,,,,4100,4.1e-06,249.7560975609756,0,0.0,
1a68b061-2098-4352-95ab-257dbc02c55a,2004,AES-128,encrypt,cpu_software,software,transform,bytes,CTR,1024,18,1024:CTR:18,815f3293fe3af72fb242e5f815fe8aa1138712018cad57aaaaa492543e3344aa,0,222,True,,,,,,,,,,,7000,7e-06,146.28571428571428,0,0.0,
1a68b061-2098-4352-95ab-257dbc02c55a,2004,AES-128,encrypt,cuda_baseline,baseline,resident,pinned,CTR,1024,18,1024:CTR:18,815f3293fe3af72fb242e5f815fe8aa1138712018cad57aaaaa492543e3344aa,1,223,True,1,19.036287988653488,,5.379199981689453e-05,,,53791.99981689453,,,,,,,,,53791.99981689453
1a68b061-2098-4352-95ab-257dbc02c55a,2004,AES-128,encrypt,cuda_baseline,baseline,pipeline,pinned,CTR,1024,18,1024:CTR:18,815f3293fe3af72fb242e5f815fe8aa1138712018cad57aaaaa492543e3344aa,2,224,True,,11.220196104462584,2.55107125062282,9.12640020251274e-05,0.0004014,41700,91264.00202512741,126300,168000,401400,,,,,,
1a68b061-2098-4352-95ab-257dbc02c55a,2004,AES-128,encrypt,cuda_optimized_v1,optimized,resident,pinned,CTR,1024,18,1024:CTR:18,815f3293fe3af72fb242e5f815fe8aa1138712018cad57aaaaa492543e3344aa,3,225,True,1,19.02497025207862,,5.382400006055832e-05,,,53824.00006055832,,,,,,,,,53824.00006055832
1a68b061-2098-4352-95ab-257dbc02c55a,2004,AES-128,encrypt,cpu_aesni,aesni,transform,bytes,CTR,1024,18,1024:CTR:18,815f3293fe3af72fb242e5f815fe8aa1138712018cad57aaaaa492543e3344aa,4,226,True,,,,,,,,,,,6400,6.4e-06,160.0,0,0.0,
1a68b061-2098-4352-95ab-257dbc02c55a,2004,AES-128,encrypt,cuda_optimized_v1,optimized,pipeline,pinned,CTR,1024,18,1024:CTR:18,815f3293fe3af72fb242e5f815fe8aa1138712018cad57aaaaa492543e3344aa,5,227,True,,18.901358878600682,4.193284193284193,5.417599901556969e-05,0.0002442,39600,54175.99901556969,64800,104400,244200,,,,,,
1a68b061-2098-4352-95ab-257dbc02c55a,2004,AES-128,encrypt,cuda_baseline,baseline,pipeline,pinned,ECB,1024,19,1024:ECB:19,91d3c23a0f65f13ad7fa4796e99e6dad000e61343f648eae6cd171ca80267998,0,228,True,,19.716574022929013,4.167684167684167,5.193600058555603e-05,0.0002457,40400,51936.00058555603,64900,105300,245700,,,,,,
1a68b061-2098-4352-95ab-257dbc02c55a,2004,AES-128,encrypt,cpu_software,software,transform,bytes,ECB,1024,19,1024:ECB:19,91d3c23a0f65f13ad7fa4796e99e6dad000e61343f648eae6cd171ca80267998,1,229,True,,,,,,,,,,,8700,8.7e-06,117.70114942528735,0,0.0,
1a68b061-2098-4352-95ab-257dbc02c55a,2004,AES-128,encrypt,cuda_optimized_v1,optimized,resident,pinned,ECB,1024,19,1024:ECB:19,91d3c23a0f65f13ad7fa4796e99e6dad000e61343f648eae6cd171ca80267998,2,230,True,1,10.366051215802857,,9.878399968147278e-05,,,98783.99968147278,,,,,,,,,98783.99968147278
1a68b061-2098-4352-95ab-257dbc02c55a,2004,AES-128,encrypt,cuda_baseline,baseline,resident,pinned,ECB,1024,19,1024:ECB:19,91d3c23a0f65f13ad7fa4796e99e6dad000e61343f648eae6cd171ca80267998,3,231,True,1,19.547953472273633,,5.238400027155876e-05,,,52384.00027155876,,,,,,,,,52384.00027155876
1a68b061-2098-4352-95ab-257dbc02c55a,2004,AES-128,encrypt,cuda_optimized_v1,optimized,pipeline,pinned,ECB,1024,19,1024:ECB:19,91d3c23a0f65f13ad7fa4796e99e6dad000e61343f648eae6cd171ca80267998,4,232,True,,20.075281926937922,4.231404958677686,5.100800096988678e-05,0.000242,38900,51008.00096988678,67700,106600,242000,,,,,,
1a68b061-2098-4352-95ab-257dbc02c55a,2004,AES-128,encrypt,cpu_aesni,aesni,transform,bytes,ECB,1024,19,1024:ECB:19,91d3c23a0f65f13ad7fa4796e99e6dad000e61343f648eae6cd171ca80267998,5,233,True,,,,,,,,,,,6500,6.5e-06,157.53846153846155,0,0.0,
1a68b061-2098-4352-95ab-257dbc02c55a,2004,AES-128,encrypt,cpu_aesni,aesni,transform,bytes,CTR,1024,19,1024:CTR:19,436aacdd2e4ebb096289aac6e47d714e1a93e5c362e34ff613cb01bb11ebd193,0,234,True,,,,,,,,,,,4300,4.3e-06,238.13953488372093,0,0.0,
1a68b061-2098-4352-95ab-257dbc02c55a,2004,AES-128,encrypt,cuda_optimized_v1,optimized,resident,pinned,CTR,1024,19,1024:CTR:19,436aacdd2e4ebb096289aac6e47d714e1a93e5c362e34ff613cb01bb11ebd193,1,235,True,1,16.359918260731277,,6.259199976921082e-05,,,62591.999769210815,,,,,,,,,62591.999769210815
1a68b061-2098-4352-95ab-257dbc02c55a,2004,AES-128,encrypt,cuda_optimized_v1,optimized,pipeline,pinned,CTR,1024,19,1024:CTR:19,436aacdd2e4ebb096289aac6e47d714e1a93e5c362e34ff613cb01bb11ebd193,2,236,True,,7.8144074043665945,1.427177700348432,0.00013104000687599182,0.0007175,115000,131040.00687599182,225100,340100,717500,,,,,,
1a68b061-2098-4352-95ab-257dbc02c55a,2004,AES-128,encrypt,cuda_baseline,baseline,resident,pinned,CTR,1024,19,1024:CTR:19,436aacdd2e4ebb096289aac6e47d714e1a93e5c362e34ff613cb01bb11ebd193,3,237,True,1,19.740900641210708,,5.187200009822845e-05,,,51872.000098228455,,,,,,,,,51872.000098228455
1a68b061-2098-4352-95ab-257dbc02c55a,2004,AES-128,encrypt,cpu_software,software,transform,bytes,CTR,1024,19,1024:CTR:19,436aacdd2e4ebb096289aac6e47d714e1a93e5c362e34ff613cb01bb11ebd193,4,238,True,,,,,,,,,,,16200,1.62e-05,63.20987654320987,0,0.0,
1a68b061-2098-4352-95ab-257dbc02c55a,2004,AES-128,encrypt,cuda_baseline,baseline,pipeline,pinned,CTR,1024,19,1024:CTR:19,436aacdd2e4ebb096289aac6e47d714e1a93e5c362e34ff613cb01bb11ebd193,5,239,True,,18.089316346830536,5.213849287169043,5.660799890756607e-05,0.0001964,40600,56607.99890756607,46400,87000,196400,,,,,,
1a68b061-2098-4352-95ab-257dbc02c55a,2004,AES-128,encrypt,cpu_aesni,aesni,transform,bytes,CTR,16384,0,16384:CTR:0,df90da3bd73f92fa09bbe40134f3b35ddc8c65e0391068f0ed6fc9bfc58b5ecd,0,240,True,,,,,,,,,,,10500,1.05e-05,1560.3809523809523,0,0.0,
1a68b061-2098-4352-95ab-257dbc02c55a,2004,AES-128,encrypt,cuda_baseline,baseline,pipeline,pinned,CTR,16384,0,16384:CTR:0,df90da3bd73f92fa09bbe40134f3b35ddc8c65e0391068f0ed6fc9bfc58b5ecd,1,241,True,,300.2932649605984,84.80331262939958,5.455999821424484e-05,0.0001932,42800,54559.99821424484,42900,85700,193200,,,,,,
1a68b061-2098-4352-95ab-257dbc02c55a,2004,AES-128,encrypt,cpu_software,software,transform,bytes,CTR,16384,0,16384:CTR:0,df90da3bd73f92fa09bbe40134f3b35ddc8c65e0391068f0ed6fc9bfc58b5ecd,2,242,True,,,,,,,,,,,63000,6.3e-05,260.06349206349205,0,0.0,
1a68b061-2098-4352-95ab-257dbc02c55a,2004,AES-128,encrypt,cuda_optimized_v1,optimized,pipeline,pinned,CTR,16384,0,16384:CTR:0,df90da3bd73f92fa09bbe40134f3b35ddc8c65e0391068f0ed6fc9bfc58b5ecd,3,243,True,,319.60050440129135,86.68783068783068,5.126399919390679e-05,0.000189,43900,51263.999193906784,43700,87600,189000,,,,,,
1a68b061-2098-4352-95ab-257dbc02c55a,2004,AES-128,encrypt,cuda_baseline,baseline,resident,pinned,CTR,16384,0,16384:CTR:0,df90da3bd73f92fa09bbe40134f3b35ddc8c65e0391068f0ed6fc9bfc58b5ecd,4,244,True,1,327.78488707818263,,4.998400062322616e-05,,,49984.000623226166,,,,,,,,,49984.000623226166
1a68b061-2098-4352-95ab-257dbc02c55a,2004,AES-128,encrypt,cuda_optimized_v1,optimized,resident,pinned,CTR,16384,0,16384:CTR:0,df90da3bd73f92fa09bbe40134f3b35ddc8c65e0391068f0ed6fc9bfc58b5ecd,5,245,True,1,328.83751195586115,,4.982399940490723e-05,,,49823.99940490723,,,,,,,,,49823.99940490723
1a68b061-2098-4352-95ab-257dbc02c55a,2004,AES-128,encrypt,cuda_baseline,baseline,resident,pinned,ECB,16384,0,16384:ECB:0,d1cd48c365e8a61b4c6d97992f137db963da5b282f67b9be51c3df9b8af1e67a,0,246,True,1,320.8019958592326,,5.1072001457214356e-05,,,51072.001457214355,,,,,,,,,51072.001457214355
1a68b061-2098-4352-95ab-257dbc02c55a,2004,AES-128,encrypt,cuda_optimized_v1,optimized,resident,pinned,ECB,16384,0,16384:ECB:0,d1cd48c365e8a61b4c6d97992f137db963da5b282f67b9be51c3df9b8af1e67a,1,247,True,1,316.2445978044027,,5.1807999610900877e-05,,,51807.99961090088,,,,,,,,,51807.99961090088
1a68b061-2098-4352-95ab-257dbc02c55a,2004,AES-128,encrypt,cpu_software,software,transform,bytes,ECB,16384,0,16384:ECB:0,d1cd48c365e8a61b4c6d97992f137db963da5b282f67b9be51c3df9b8af1e67a,2,248,True,,,,,,,,,,,59000,5.9e-05,277.6949152542373,0,0.0,
1a68b061-2098-4352-95ab-257dbc02c55a,2004,AES-128,encrypt,cuda_optimized_v1,optimized,pipeline,pinned,ECB,16384,0,16384:ECB:0,d1cd48c365e8a61b4c6d97992f137db963da5b282f67b9be51c3df9b8af1e67a,3,249,True,,330.32257115803725,88.46652267818574,4.960000142455101e-05,0.0001852,42500,49600.00142455101,42300,84800,185200,,,,,,
1a68b061-2098-4352-95ab-257dbc02c55a,2004,AES-128,encrypt,cpu_aesni,aesni,transform,bytes,ECB,16384,0,16384:ECB:0,d1cd48c365e8a61b4c6d97992f137db963da5b282f67b9be51c3df9b8af1e67a,4,250,True,,,,,,,,,,,8800,8.8e-06,1861.8181818181818,0,0.0,
1a68b061-2098-4352-95ab-257dbc02c55a,2004,AES-128,encrypt,cuda_baseline,baseline,pipeline,pinned,ECB,16384,0,16384:ECB:0,d1cd48c365e8a61b4c6d97992f137db963da5b282f67b9be51c3df9b8af1e67a,5,251,True,,337.50823414719946,87.99140708915145,4.854400083422661e-05,0.0001862,41200,48544.00083422661,45400,86600,186200,,,,,,
1a68b061-2098-4352-95ab-257dbc02c55a,2004,AES-128,encrypt,cuda_baseline,baseline,pipeline,pinned,CTR,16384,1,16384:CTR:1,6bece0ab2d1b21915e5ed40a5b2554a0c136758097e8c7c2037c145239372ff8,0,252,True,,322.21523127848934,86.14090431125132,5.0847999751567844e-05,0.0001902,42100,50847.99975156784,45300,87400,190200,,,,,,
1a68b061-2098-4352-95ab-257dbc02c55a,2004,AES-128,encrypt,cpu_software,software,transform,bytes,CTR,16384,1,16384:CTR:1,6bece0ab2d1b21915e5ed40a5b2554a0c136758097e8c7c2037c145239372ff8,1,253,True,,,,,,,,,,,63100,6.31e-05,259.6513470681458,0,0.0,
1a68b061-2098-4352-95ab-257dbc02c55a,2004,AES-128,encrypt,cuda_optimized_v1,optimized,resident,pinned,CTR,16384,1,16384:CTR:1,6bece0ab2d1b21915e5ed40a5b2554a0c136758097e8c7c2037c145239372ff8,2,254,True,1,308.062581509394,,5.318399891257286e-05,,,53183.99891257286,,,,,,,,,53183.99891257286
1a68b061-2098-4352-95ab-257dbc02c55a,2004,AES-128,encrypt,cuda_baseline,baseline,resident,pinned,CTR,16384,1,16384:CTR:1,6bece0ab2d1b21915e5ed40a5b2554a0c136758097e8c7c2037c145239372ff8,3,255,True,1,291.5717567611878,,5.6191999465227124e-05,,,56191.99946522713,,,,,,,,,56191.99946522713
1a68b061-2098-4352-95ab-257dbc02c55a,2004,AES-128,encrypt,cpu_aesni,aesni,transform,bytes,CTR,16384,1,16384:CTR:1,6bece0ab2d1b21915e5ed40a5b2554a0c136758097e8c7c2037c145239372ff8,4,256,True,,,,,,,,,,,12200,1.22e-05,1342.950819672131,0,0.0,
1a68b061-2098-4352-95ab-257dbc02c55a,2004,AES-128,encrypt,cuda_optimized_v1,optimized,pipeline,pinned,CTR,16384,1,16384:CTR:1,6bece0ab2d1b21915e5ed40a5b2554a0c136758097e8c7c2037c145239372ff8,5,257,True,,323.6409494856864,88.03868887694787,5.0624001771211624e-05,0.0001861,41600,50624.001771211624,42600,84200,186100,,,,,,
1a68b061-2098-4352-95ab-257dbc02c55a,2004,AES-128,encrypt,cpu_software,software,transform,bytes,ECB,16384,1,16384:ECB:1,64d8661418dec6fef575c33d3a661c58fbc34175a3d7fb7c873c57948acee502,0,258,True,,,,,,,,,,,57300,5.73e-05,285.93368237347295,0,0.0,
1a68b061-2098-4352-95ab-257dbc02c55a,2004,AES-128,encrypt,cuda_baseline,baseline,resident,pinned,ECB,16384,1,16384:ECB:1,64d8661418dec6fef575c33d3a661c58fbc34175a3d7fb7c873c57948acee502,1,259,True,1,321.8101807652621,,5.0912000238895414e-05,,,50912.000238895416,,,,,,,,,50912.000238895416
1a68b061-2098-4352-95ab-257dbc02c55a,2004,AES-128,encrypt,cpu_aesni,aesni,transform,bytes,ECB,16384,1,16384:ECB:1,64d8661418dec6fef575c33d3a661c58fbc34175a3d7fb7c873c57948acee502,2,260,True,,,,,,,,,,,8500,8.5e-06,1927.5294117647059,0,0.0,
1a68b061-2098-4352-95ab-257dbc02c55a,2004,AES-128,encrypt,cuda_optimized_v1,optimized,resident,pinned,ECB,16384,1,16384:ECB:1,64d8661418dec6fef575c33d3a661c58fbc34175a3d7fb7c873c57948acee502,3,261,True,1,318.6060957658364,,5.142400041222572e-05,,,51424.00041222572,,,,,,,,,51424.00041222572
1a68b061-2098-4352-95ab-257dbc02c55a,2004,AES-128,encrypt,cuda_baseline,baseline,pipeline,pinned,ECB,16384,1,16384:ECB:1,64d8661418dec6fef575c33d3a661c58fbc34175a3d7fb7c873c57948acee502,4,262,True,,312.0048676716787,87.70877944325481,5.2512001246213915e-05,0.0001868,41200,52512.00124621391,42300,83500,186800,,,,,,
1a68b061-2098-4352-95ab-257dbc02c55a,2004,AES-128,encrypt,cuda_optimized_v1,optimized,pipeline,pinned,ECB,16384,1,16384:ECB:1,64d8661418dec6fef575c33d3a661c58fbc34175a3d7fb7c873c57948acee502,5,263,True,,295.61200354219824,59.664967225054625,5.5424001067876815e-05,0.0002746,90800,55424.001067876816,73800,164600,274600,,,,,,
1a68b061-2098-4352-95ab-257dbc02c55a,2004,AES-128,encrypt,cuda_baseline,baseline,pipeline,pinned,CTR,16384,2,16384:CTR:2,c9d2a35f907e24c0f5f084dbd05d2a7b6447dff6ce903bc038a7e43462726a85,0,264,True,,152.65355129577128,51.7335017366593,0.00010732799768447876,0.0003167,63000,107327.99768447876,64500,127500,316700,,,,,,
1a68b061-2098-4352-95ab-257dbc02c55a,2004,AES-128,encrypt,cuda_optimized_v1,optimized,resident,pinned,CTR,16384,2,16384:CTR:2,c9d2a35f907e24c0f5f084dbd05d2a7b6447dff6ce903bc038a7e43462726a85,1,265,True,1,330.32257115803725,,4.960000142455101e-05,,,49600.00142455101,,,,,,,,,49600.00142455101
1a68b061-2098-4352-95ab-257dbc02c55a,2004,AES-128,encrypt,cpu_aesni,aesni,transform,bytes,CTR,16384,2,16384:CTR:2,c9d2a35f907e24c0f5f084dbd05d2a7b6447dff6ce903bc038a7e43462726a85,2,266,True,,,,,,,,,,,22900,2.29e-05,715.4585152838428,0,0.0,
1a68b061-2098-4352-95ab-257dbc02c55a,2004,AES-128,encrypt,cpu_software,software,transform,bytes,CTR,16384,2,16384:CTR:2,c9d2a35f907e24c0f5f084dbd05d2a7b6447dff6ce903bc038a7e43462726a85,3,267,True,,,,,,,,,,,89600,8.96e-05,182.85714285714286,0,0.0,
1a68b061-2098-4352-95ab-257dbc02c55a,2004,AES-128,encrypt,cuda_baseline,baseline,resident,pinned,CTR,16384,2,16384:CTR:2,c9d2a35f907e24c0f5f084dbd05d2a7b6447dff6ce903bc038a7e43462726a85,4,268,True,1,324.05062468268534,,5.056000128388405e-05,,,50560.00128388405,,,,,,,,,50560.00128388405
1a68b061-2098-4352-95ab-257dbc02c55a,2004,AES-128,encrypt,cuda_optimized_v1,optimized,pipeline,pinned,CTR,16384,2,16384:CTR:2,c9d2a35f907e24c0f5f084dbd05d2a7b6447dff6ce903bc038a7e43462726a85,5,269,True,,320.2001346969725,87.28822589238146,5.116799846291542e-05,0.0001877,41500,51167.99846291542,43200,84700,187700,,,,,,
1a68b061-2098-4352-95ab-257dbc02c55a,2004,AES-128,encrypt,cuda_optimized_v1,optimized,pipeline,pinned,ECB,16384,2,16384:ECB:2,a5f36b3e75a6b5070edd57d62bd823efcf626ee0c6c447f8c9dec4d5906fdd8b,0,270,True,,316.440053311023,86.05042016806723,5.177599936723709e-05,0.0001904,43500,51775.99936723709,42800,86300,190400,,,,,,
1a68b061-2098-4352-95ab-257dbc02c55a,2004,AES-128,encrypt,cpu_aesni,aesni,transform,bytes,ECB,16384,2,16384:ECB:2,a5f36b3e75a6b5070edd57d62bd823efcf626ee0c6c447f8c9dec4d5906fdd8b,1,271,True,,,,,,,,,,,8700,8.7e-06,1883.2183908045977,0,0.0,
1a68b061-2098-4352-95ab-257dbc02c55a,2004,AES-128,encrypt,cuda_baseline,baseline,pipeline,pinned,ECB,16384,2,16384:ECB:2,a5f36b3e75a6b5070edd57d62bd823efcf626ee0c6c447f8c9dec4d5906fdd8b,2,272,True,,326.53062291806447,88.08602150537635,5.0175998359918594e-05,0.000186,43100,50175.998359918594,42800,85900,186000,,,,,,
1a68b061-2098-4352-95ab-257dbc02c55a,2004,AES-128,encrypt,cpu_software,software,transform,bytes,ECB,16384,2,16384:ECB:2,a5f36b3e75a6b5070edd57d62bd823efcf626ee0c6c447f8c9dec4d5906fdd8b,3,273,True,,,,,,,,,,,58800,5.88e-05,278.63945578231295,0,0.0,
1a68b061-2098-4352-95ab-257dbc02c55a,2004,AES-128,encrypt,cuda_baseline,baseline,resident,pinned,ECB,16384,2,16384:ECB:2,a5f36b3e75a6b5070edd57d62bd823efcf626ee0c6c447f8c9dec4d5906fdd8b,4,274,True,1,331.391584378164,,4.944000020623207e-05,,,49440.00020623207,,,,,,,,,49440.00020623207
1a68b061-2098-4352-95ab-257dbc02c55a,2004,AES-128,encrypt,cuda_optimized_v1,optimized,resident,pinned,ECB,16384,2,16384:ECB:2,a5f36b3e75a6b5070edd57d62bd823efcf626ee0c6c447f8c9dec4d5906fdd8b,5,275,True,1,326.7389797043601,,5.0144001841545105e-05,,,50144.001841545105,,,,,,,,,50144.001841545105
1a68b061-2098-4352-95ab-257dbc02c55a,2004,AES-128,encrypt,cuda_optimized_v1,optimized,resident,pinned,CTR,16384,3,16384:CTR:3,a58a5136f7fcf5d17dff0142de1f677084de267dac785e9b65e0df14699c2745,0,276,True,1,311.05711558641354,,5.267199873924255e-05,,,52671.998739242554,,,,,,,,,52671.998739242554
1a68b061-2098-4352-95ab-257dbc02c55a,2004,AES-128,encrypt,cuda_optimized_v1,optimized,pipeline,pinned,CTR,16384,3,16384:CTR:3,a58a5136f7fcf5d17dff0142de1f677084de267dac785e9b65e0df14699c2745,1,277,True,,329.26045732311536,89.04347826086956,4.975999891757965e-05,0.000184,42300,49759.99891757965,42300,84600,184000,,,,,,
1a68b061-2098-4352-95ab-257dbc02c55a,2004,AES-128,encrypt,cpu_software,software,transform,bytes,CTR,16384,3,16384:CTR:3,a58a5136f7fcf5d17dff0142de1f677084de267dac785e9b65e0df14699c2745,2,278,True,,,,,,,,,,,63400,6.34e-05,258.4227129337539,0,0.0,
1a68b061-2098-4352-95ab-257dbc02c55a,2004,AES-128,encrypt,cuda_baseline,baseline,resident,pinned,CTR,16384,3,16384:CTR:3,a58a5136f7fcf5d17dff0142de1f677084de267dac785e9b65e0df14699c2745,3,279,True,1,322.0125786465306,,5.0879999995231625e-05,,,50879.99999523163,,,,,,,,,50879.99999523163
1a68b061-2098-4352-95ab-257dbc02c55a,2004,AES-128,encrypt,cpu_aesni,aesni,transform,bytes,CTR,16384,3,16384:CTR:3,a58a5136f7fcf5d17dff0142de1f677084de267dac785e9b65e0df14699c2745,4,280,True,,,,,,,,,,,12600,1.26e-05,1300.3174603174602,0,0.0,
1a68b061-2098-4352-95ab-257dbc02c55a,2004,AES-128,encrypt,cuda_baseline,baseline,pipeline,pinned,CTR,16384,3,16384:CTR:3,a58a5136f7fcf5d17dff0142de1f677084de267dac785e9b65e0df14699c2745,5,281,True,,314.11043808400944,86.68783068783068,5.215999856591225e-05,0.000189,41900,52159.99856591225,43000,84900,189000,,,,,,
1a68b061-2098-4352-95ab-257dbc02c55a,2004,AES-128,encrypt,cuda_baseline,baseline,pipeline,pinned,ECB,16384,3,16384:ECB:3,2b77f5c0722fc43cb20f511b86a8c570af8acfd11511ef5d0b2dc1b96e129900,0,282,True,,310.8682512936803,87.10260499734184,5.270399898290634e-05,0.0001881,41900,52703.99898290634,42100,84000,188100,,,,,,
1a68b061-2098-4352-95ab-257dbc02c55a,2004,AES-128,encrypt,cuda_optimized_v1,optimized,resident,pinned,ECB,16384,3,16384:ECB:3,2b77f5c0722fc43cb20f511b86a8c570af8acfd11511ef5d0b2dc1b96e129900,1,283,True,1,295.1008549919392,,5.552000179886818e-05,,,55520.00179886818,,,,,,,,,55520.00179886818
1a68b061-2098-4352-95ab-257dbc02c55a,2004,AES-128,encrypt,cpu_aesni,aesni,transform,bytes,ECB,16384,3,16384:ECB:3,2b77f5c0722fc43cb20f511b86a8c570af8acfd11511ef5d0b2dc1b96e129900,2,284,True,,,,,,,,,,,8800,8.8e-06,1861.8181818181818,0,0.0,
1a68b061-2098-4352-95ab-257dbc02c55a,2004,AES-128,encrypt,cuda_baseline,baseline,resident,pinned,ECB,16384,3,16384:ECB:3,2b77f5c0722fc43cb20f511b86a8c570af8acfd11511ef5d0b2dc1b96e129900,3,285,True,1,330.32257115803725,,4.960000142455101e-05,,,49600.00142455101,,,,,,,,,49600.00142455101
1a68b061-2098-4352-95ab-257dbc02c55a,2004,AES-128,encrypt,cpu_software,software,transform,bytes,ECB,16384,3,16384:ECB:3,2b77f5c0722fc43cb20f511b86a8c570af8acfd11511ef5d0b2dc1b96e129900,4,286,True,,,,,,,,,,,59100,5.91e-05,277.22504230118443,0,0.0,
1a68b061-2098-4352-95ab-257dbc02c55a,2004,AES-128,encrypt,cuda_optimized_v1,optimized,pipeline,pinned,ECB,16384,3,16384:ECB:3,2b77f5c0722fc43cb20f511b86a8c570af8acfd11511ef5d0b2dc1b96e129900,5,287,True,,337.0638486370939,89.3835242771413,4.860800132155419e-05,0.0001833,41600,48608.001321554184,42900,84500,183300,,,,,,
1a68b061-2098-4352-95ab-257dbc02c55a,2004,AES-128,encrypt,cuda_optimized_v1,optimized,pipeline,pinned,ECB,16384,4,16384:ECB:4,3548cab31a009b4735f387e5dc6cb2c61fa9e9ebb7a638e699ed6be89b885014,0,288,True,,315.4651843668642,87.8969957081545,5.193600058555603e-05,0.0001864,41600,51936.00058555603,41900,83500,186400,,,,,,
1a68b061-2098-4352-95ab-257dbc02c55a,2004,AES-128,encrypt,cpu_software,software,transform,bytes,ECB,16384,4,16384:ECB:4,3548cab31a009b4735f387e5dc6cb2c61fa9e9ebb7a638e699ed6be89b885014,1,289,True,,,,,,,,,,,58700,5.87e-05,279.11413969335604,0,0.0,
1a68b061-2098-4352-95ab-257dbc02c55a,2004,AES-128,encrypt,cpu_aesni,aesni,transform,bytes,ECB,16384,4,16384:ECB:4,3548cab31a009b4735f387e5dc6cb2c61fa9e9ebb7a638e699ed6be89b885014,2,290,True,,,,,,,,,,,6800,6.8e-06,2409.4117647058824,0,0.0,
1a68b061-2098-4352-95ab-257dbc02c55a,2004,AES-128,encrypt,cuda_optimized_v1,optimized,resident,pinned,ECB,16384,4,16384:ECB:4,3548cab31a009b4735f387e5dc6cb2c61fa9e9ebb7a638e699ed6be89b885014,3,291,True,1,294.2528773053412,,5.567999929189682e-05,,,55679.99929189682,,,,,,,,,55679.99929189682
1a68b061-2098-4352-95ab-257dbc02c55a,2004,AES-128,encrypt,cuda_baseline,baseline,pipeline,pinned,ECB,16384,4,16384:ECB:4,3548cab31a009b4735f387e5dc6cb2c61fa9e9ebb7a638e699ed6be89b885014,4,292,True,,333.76791848074214,90.41942604856513,4.90880012512207e-05,0.0001812,41700,49088.0012512207,41400,83100,181200,,,,,,
1a68b061-2098-4352-95ab-257dbc02c55a,2004,AES-128,encrypt,cuda_baseline,baseline,resident,pinned,ECB,16384,4,16384:ECB:4,3548cab31a009b4735f387e5dc6cb2c61fa9e9ebb7a638e699ed6be89b885014,5,293,True,1,330.32257115803725,,4.960000142455101e-05,,,49600.00142455101,,,,,,,,,49600.00142455101
1a68b061-2098-4352-95ab-257dbc02c55a,2004,AES-128,encrypt,cpu_software,software,transform,bytes,CTR,16384,4,16384:CTR:4,7d99ec9de3b2368e5b86ea5b3d64de77fcde8e003af9bde2745365acd197731d,0,294,True,,,,,,,,,,,60100,6.01e-05,272.61231281198,0,0.0,
1a68b061-2098-4352-95ab-257dbc02c55a,2004,AES-128,encrypt,cuda_optimized_v1,optimized,resident,pinned,CTR,16384,4,16384:CTR:4,7d99ec9de3b2368e5b86ea5b3d64de77fcde8e003af9bde2745365acd197731d,1,295,True,1,312.95843504106875,,5.235200002789497e-05,,,52352.000027894974,,,,,,,,,52352.000027894974
1a68b061-2098-4352-95ab-257dbc02c55a,2004,AES-128,encrypt,cuda_baseline,baseline,resident,pinned,CTR,16384,4,16384:CTR:4,7d99ec9de3b2368e5b86ea5b3d64de77fcde8e003af9bde2745365acd197731d,2,296,True,1,313.5333783765345,,5.225599929690361e-05,,,52255.99929690361,,,,,,,,,52255.99929690361
1a68b061-2098-4352-95ab-257dbc02c55a,2004,AES-128,encrypt,cuda_optimized_v1,optimized,pipeline,pinned,CTR,16384,4,16384:CTR:4,7d99ec9de3b2368e5b86ea5b3d64de77fcde8e003af9bde2745365acd197731d,3,297,True,,295.61200354219824,87.24174653887114,5.5424001067876815e-05,0.0001878,40100,55424.001067876816,43100,83200,187800,,,,,,
1a68b061-2098-4352-95ab-257dbc02c55a,2004,AES-128,encrypt,cuda_baseline,baseline,pipeline,pinned,CTR,16384,4,16384:CTR:4,7d99ec9de3b2368e5b86ea5b3d64de77fcde8e003af9bde2745365acd197731d,4,298,True,,337.50823414719946,90.97168239866741,4.854400083422661e-05,0.0001801,40300,48544.00083422661,41700,82000,180100,,,,,,
1a68b061-2098-4352-95ab-257dbc02c55a,2004,AES-128,encrypt,cpu_aesni,aesni,transform,bytes,CTR,16384,4,16384:CTR:4,7d99ec9de3b2368e5b86ea5b3d64de77fcde8e003af9bde2745365acd197731d,5,299,True,,,,,,,,,,,12000,1.2e-05,1365.3333333333333,0,0.0,
1a68b061-2098-4352-95ab-257dbc02c55a,2004,AES-128,encrypt,cpu_software,software,transform,bytes,CTR,16384,5,16384:CTR:5,1a7c6b19ca5d6550af0d9cbf8417d2b0c02f6aa5cdcf02f29227b5ae0955136d,0,300,True,,,,,,,,,,,60000,6e-05,273.06666666666666,0,0.0,
1a68b061-2098-4352-95ab-257dbc02c55a,2004,AES-128,encrypt,cpu_aesni,aesni,transform,bytes,CTR,16384,5,16384:CTR:5,1a7c6b19ca5d6550af0d9cbf8417d2b0c02f6aa5cdcf02f29227b5ae0955136d,1,301,True,,,,,,,,,,,9300,9.3e-06,1761.720430107527,0,0.0,
1a68b061-2098-4352-95ab-257dbc02c55a,2004,AES-128,encrypt,cuda_optimized_v1,optimized,resident,pinned,CTR,16384,5,16384:CTR:5,1a7c6b19ca5d6550af0d9cbf8417d2b0c02f6aa5cdcf02f29227b5ae0955136d,2,302,True,1,329.68449206216894,,4.9695998430252074e-05,,,49695.998430252075,,,,,,,,,49695.998430252075
1a68b061-2098-4352-95ab-257dbc02c55a,2004,AES-128,encrypt,cuda_baseline,baseline,pipeline,pinned,CTR,16384,5,16384:CTR:5,1a7c6b19ca5d6550af0d9cbf8417d2b0c02f6aa5cdcf02f29227b5ae0955136d,3,303,True,,309.3655534668482,88.03868887694787,5.2960000932216646e-05,0.0001861,41400,52960.000932216644,41200,82600,186100,,,,,,
1a68b061-2098-4352-95ab-257dbc02c55a,2004,AES-128,encrypt,cuda_optimized_v1,optimized,pipeline,pinned,CTR,16384,5,16384:CTR:5,1a7c6b19ca5d6550af0d9cbf8417d2b0c02f6aa5cdcf02f29227b5ae0955136d,4,304,True,,315.07691657613736,89.3835242771413,5.200000107288361e-05,0.0001833,40200,52000.001072883606,41900,82100,183300,,,,,,
1a68b061-2098-4352-95ab-257dbc02c55a,2004,AES-128,encrypt,cuda_baseline,baseline,resident,pinned,CTR,16384,5,16384:CTR:5,1a7c6b19ca5d6550af0d9cbf8417d2b0c02f6aa5cdcf02f29227b5ae0955136d,5,305,True,1,330.7493477473748,,4.953600093722343e-05,,,49536.000937223434,,,,,,,,,49536.000937223434
1a68b061-2098-4352-95ab-257dbc02c55a,2004,AES-128,encrypt,cuda_optimized_v1,optimized,resident,pinned,ECB,16384,5,16384:ECB:5,f535b421a3b38fe274f7f86a59a2de01aba989be493119f785daf63bd4f8f3e2,0,306,True,1,195.56914337103208,,8.377599716186524e-05,,,83775.99716186523,,,,,,,,,83775.99716186523
1a68b061-2098-4352-95ab-257dbc02c55a,2004,AES-128,encrypt,cpu_software,software,transform,bytes,ECB,16384,5,16384:ECB:5,f535b421a3b38fe274f7f86a59a2de01aba989be493119f785daf63bd4f8f3e2,1,307,True,,,,,,,,,,,57400,5.74e-05,285.4355400696864,0,0.0,
1a68b061-2098-4352-95ab-257dbc02c55a,2004,AES-128,encrypt,cpu_aesni,aesni,transform,bytes,ECB,16384,5,16384:ECB:5,f535b421a3b38fe274f7f86a59a2de01aba989be493119f785daf63bd4f8f3e2,2,308,True,,,,,,,,,,,6700,6.7e-06,2445.373134328358,0,0.0,
1a68b061-2098-4352-95ab-257dbc02c55a,2004,AES-128,encrypt,cuda_baseline,baseline,resident,pinned,ECB,16384,5,16384:ECB:5,f535b421a3b38fe274f7f86a59a2de01aba989be493119f785daf63bd4f8f3e2,3,309,True,1,262.8336690495353,,6.233600154519081e-05,,,62336.00154519081,,,,,,,,,62336.00154519081
1a68b061-2098-4352-95ab-257dbc02c55a,2004,AES-128,encrypt,cuda_optimized_v1,optimized,pipeline,pinned,ECB,16384,5,16384:ECB:5,f535b421a3b38fe274f7f86a59a2de01aba989be493119f785daf63bd4f8f3e2,4,310,True,,120.95440961077404,24.80545041635125,0.00013545599579811097,0.0006605,101800,135455.99579811096,102700,204500,660500,,,,,,
1a68b061-2098-4352-95ab-257dbc02c55a,2004,AES-128,encrypt,cuda_baseline,baseline,pipeline,pinned,ECB,16384,5,16384:ECB:5,f535b421a3b38fe274f7f86a59a2de01aba989be493119f785daf63bd4f8f3e2,5,311,True,,278.86710082124796,48.00468795780838,5.8752000331878665e-05,0.0003413,81000,58752.00033187866,112500,193500,341300,,,,,,
1a68b061-2098-4352-95ab-257dbc02c55a,2004,AES-128,encrypt,cuda_optimized_v1,optimized,pipeline,pinned,CTR,16384,6,16384:CTR:6,1fb618a166c3da9bb8bffb9386e7fe834106eaf1cc4cd0fead85f859d7cc02e1,0,312,True,,281.1641935562937,76.95631751996243,5.8272000402212145e-05,0.0002129,44400,58272.00040221214,51300,95700,212900,,,,,,
1a68b061-2098-4352-95ab-257dbc02c55a,2004,AES-128,encrypt,cuda_baseline,baseline,pipeline,pinned,CTR,16384,6,16384:CTR:6,1fb618a166c3da9bb8bffb9386e7fe834106eaf1cc4cd0fead85f859d7cc02e1,1,313,True,,300.2932649605984,85.51148225469728,5.455999821424484e-05,0.0001916,43500,54559.99821424484,43900,87400,191600,,,,,,
1a68b061-2098-4352-95ab-257dbc02c55a,2004,AES-128,encrypt,cpu_aesni,aesni,transform,bytes,CTR,16384,6,16384:CTR:6,1fb618a166c3da9bb8bffb9386e7fe834106eaf1cc4cd0fead85f859d7cc02e1,2,314,True,,,,,,,,,,,13500,1.35e-05,1213.6296296296296,0,0.0,
1a68b061-2098-4352-95ab-257dbc02c55a,2004,AES-128,encrypt,cuda_baseline,baseline,resident,pinned,CTR,16384,6,16384:CTR:6,1fb618a166c3da9bb8bffb9386e7fe834106eaf1cc4cd0fead85f859d7cc02e1,3,315,True,1,291.2400457518837,,5.62559999525547e-05,,,56255.9999525547,,,,,,,,,56255.9999525547
1a68b061-2098-4352-95ab-257dbc02c55a,2004,AES-128,encrypt,cuda_optimized_v1,optimized,resident,pinned,CTR,16384,6,16384:CTR:6,1fb618a166c3da9bb8bffb9386e7fe834106eaf1cc4cd0fead85f859d7cc02e1,4,316,True,1,323.84565752115486,,5.0592001527547836e-05,,,50592.001527547836,,,,,,,,,50592.001527547836
1a68b061-2098-4352-95ab-257dbc02c55a,2004,AES-128,encrypt,cpu_software,software,transform,bytes,CTR,16384,6,16384:CTR:6,1fb618a166c3da9bb8bffb9386e7fe834106eaf1cc4cd0fead85f859d7cc02e1,5,317,True,,,,,,,,,,,63400,6.34e-05,258.4227129337539,0,0.0,
1a68b061-2098-4352-95ab-257dbc02c55a,2004,AES-128,encrypt,cuda_baseline,baseline,resident,pinned,ECB,16384,6,16384:ECB:6,ceece293f8d8db88a717498a77c1e9355b0f96f936b4e1340f2f730e518f2850,0,318,True,1,318.40795614038325,,5.145600065588951e-05,,,51456.00065588951,,,,,,,,,51456.00065588951
1a68b061-2098-4352-95ab-257dbc02c55a,2004,AES-128,encrypt,cuda_baseline,baseline,pipeline,pinned,ECB,16384,6,16384:ECB:6,ceece293f8d8db88a717498a77c1e9355b0f96f936b4e1340f2f730e518f2850,1,319,True,,308.43374408334887,87.56814537680386,5.311999842524528e-05,0.0001871,43400,53119.998425245285,42800,86200,187100,,,,,,
1a68b061-2098-4352-95ab-257dbc02c55a,2004,AES-128,encrypt,cuda_optimized_v1,optimized,resident,pinned,ECB,16384,6,16384:ECB:6,ceece293f8d8db88a717498a77c1e9355b0f96f936b4e1340f2f730e518f2850,2,320,True,1,271.76220422793995,,6.028800085186958e-05,,,60288.00085186958,,,,,,,,,60288.00085186958
1a68b061-2098-4352-95ab-257dbc02c55a,2004,AES-128,encrypt,cpu_software,software,transform,bytes,ECB,16384,6,16384:ECB:6,ceece293f8d8db88a717498a77c1e9355b0f96f936b4e1340f2f730e518f2850,3,321,True,,,,,,,,,,,59100,5.91e-05,277.22504230118443,0,0.0,
1a68b061-2098-4352-95ab-257dbc02c55a,2004,AES-128,encrypt,cpu_aesni,aesni,transform,bytes,ECB,16384,6,16384:ECB:6,ceece293f8d8db88a717498a77c1e9355b0f96f936b4e1340f2f730e518f2850,4,322,True,,,,,,,,,,,7800,7.8e-06,2100.5128205128203,0,0.0,
1a68b061-2098-4352-95ab-257dbc02c55a,2004,AES-128,encrypt,cuda_optimized_v1,optimized,pipeline,pinned,ECB,16384,6,16384:ECB:6,ceece293f8d8db88a717498a77c1e9355b0f96f936b4e1340f2f730e518f2850,5,323,True,,319.20199699482987,87.80278670953912,5.132799968123436e-05,0.0001866,42300,51327.99968123436,44300,86600,186600,,,,,,
1a68b061-2098-4352-95ab-257dbc02c55a,2004,AES-128,encrypt,cuda_baseline,baseline,resident,pinned,CTR,16384,7,16384:CTR:7,944b207b9a01b65535ce4c3e2448a3776d4c1af020062b90c1e110e60d05715f,0,324,True,1,317.81501317559815,,5.1552001386880875e-05,,,51552.001386880875,,,,,,,,,51552.001386880875
1a68b061-2098-4352-95ab-257dbc02c55a,2004,AES-128,encrypt,cuda_optimized_v1,optimized,pipeline,pinned,CTR,16384,7,16384:CTR:7,944b207b9a01b65535ce4c3e2448a3776d4c1af020062b90c1e110e60d05715f,1,325,True,,308.80578042807133,85.78010471204189,5.3056001663208005e-05,0.000191,42800,53056.00166320801,43700,86500,191000,,,,,,
1a68b061-2098-4352-95ab-257dbc02c55a,2004,AES-128,encrypt,cuda_baseline,baseline,pipeline,pinned,CTR,16384,7,16384:CTR:7,944b207b9a01b65535ce4c3e2448a3776d4c1af020062b90c1e110e60d05715f,2,326,True,,304.39952403325793,88.08602150537635,5.382400006055832e-05,0.000186,41800,53824.00006055832,43500,85300,186000,,,,,,
1a68b061-2098-4352-95ab-257dbc02c55a,2004,AES-128,encrypt,cpu_aesni,aesni,transform,bytes,CTR,16384,7,16384:CTR:7,944b207b9a01b65535ce4c3e2448a3776d4c1af020062b90c1e110e60d05715f,3,327,True,,,,,,,,,,,12400,1.24e-05,1321.2903225806451,0,0.0,
1a68b061-2098-4352-95ab-257dbc02c55a,2004,AES-128,encrypt,cpu_software,software,transform,bytes,CTR,16384,7,16384:CTR:7,944b207b9a01b65535ce4c3e2448a3776d4c1af020062b90c1e110e60d05715f,4,328,True,,,,,,,,,,,61000,6.1e-05,268.59016393442624,0,0.0,
1a68b061-2098-4352-95ab-257dbc02c55a,2004,AES-128,encrypt,cuda_optimized_v1,optimized,resident,pinned,CTR,16384,7,16384:CTR:7,944b207b9a01b65535ce4c3e2448a3776d4c1af020062b90c1e110e60d05715f,5,329,True,1,304.2186554413614,,5.385600030422211e-05,,,53856.00030422211,,,,,,,,,53856.00030422211
1a68b061-2098-4352-95ab-257dbc02c55a,2004,AES-128,encrypt,cuda_optimized_v1,optimized,pipeline,pinned,ECB,16384,7,16384:ECB:7,5f5f2b13c859073b8dc521f62026cfb9c68efdc7c33756462788a5a41d16ae2e,0,330,True,,321.40614733575535,88.46652267818574,5.097600072622299e-05,0.0001852,42600,50976.00072622299,42700,85300,185200,,,,,,
1a68b061-2098-4352-95ab-257dbc02c55a,2004,AES-128,encrypt,cpu_aesni,aesni,transform,bytes,ECB,16384,7,16384:ECB:7,5f5f2b13c859073b8dc521f62026cfb9c68efdc7c33756462788a5a41d16ae2e,1,331,True,,,,,,,,,,,8600,8.6e-06,1905.1162790697674,0,0.0,
1a68b061-2098-4352-95ab-257dbc02c55a,2004,AES-128,encrypt,cpu_software,software,transform,bytes,ECB,16384,7,16384:ECB:7,5f5f2b13c859073b8dc521f62026cfb9c68efdc7c33756462788a5a41d16ae2e,2,332,True,,,,,,,,,,,57100,5.71e-05,286.9352014010508,0,0.0,
1a68b061-2098-4352-95ab-257dbc02c55a,2004,AES-128,encrypt,cuda_baseline,baseline,resident,pinned,ECB,16384,7,16384:ECB:7,5f5f2b13c859073b8dc521f62026cfb9c68efdc7c33756462788a5a41d16ae2e,3,333,True,1,334.20365014491125,,4.902400076389313e-05,,,49024.00076389313,,,,,,,,,49024.00076389313
1a68b061-2098-4352-95ab-257dbc02c55a,2004,AES-128,encrypt,cuda_optimized_v1,optimized,resident,pinned,ECB,16384,7,16384:ECB:7,5f5f2b13c859073b8dc521f62026cfb9c68efdc7c33756462788a5a41d16ae2e,4,334,True,1,308.9921462238229,,5.302400141954422e-05,,,53024.00141954422,,,,,,,,,53024.00141954422
1a68b061-2098-4352-95ab-257dbc02c55a,2004,AES-128,encrypt,cuda_baseline,baseline,pipeline,pinned,ECB,16384,7,16384:ECB:7,5f5f2b13c859073b8dc521f62026cfb9c68efdc7c33756462788a5a41d16ae2e,5,335,True,,288.9390537604908,87.70877944325481,5.670399963855743e-05,0.0001868,41100,56703.999638557434,42200,83300,186800,,,,,,
1a68b061-2098-4352-95ab-257dbc02c55a,2004,AES-128,encrypt,cuda_optimized_v1,optimized,resident,pinned,ECB,16384,8,16384:ECB:8,0418e1e1f50b866223f9880f73e9b2a8588ebf833c692d4ff83591bef5346d48,0,336,True,1,260.29485514750417,,6.294400244951248e-05,,,62944.00244951248,,,,,,,,,62944.00244951248
1a68b061-2098-4352-95ab-257dbc02c55a,2004,AES-128,encrypt,cuda_baseline,baseline,pipeline,pinned,ECB,16384,8,16384:ECB:8,0418e1e1f50b866223f9880f73e9b2a8588ebf833c692d4ff83591bef5346d48,1,337,True,,324.87309445470834,90.12101210121013,5.0432000309228894e-05,0.0001818,42300,50432.0003092289,41700,84000,181800,,,,,,
1a68b061-2098-4352-95ab-257dbc02c55a,2004,AES-128,encrypt,cpu_software,software,transform,bytes,ECB,16384,8,16384:ECB:8,0418e1e1f50b866223f9880f73e9b2a8588ebf833c692d4ff83591bef5346d48,2,338,True,,,,,,,,,,,57600,5.76e-05,284.44444444444446,0,0.0,
1a68b061-2098-4352-95ab-257dbc02c55a,2004,AES-128,encrypt,cuda_baseline,baseline,resident,pinned,ECB,16384,8,16384:ECB:8,0418e1e1f50b866223f9880f73e9b2a8588ebf833c692d4ff83591bef5346d48,3,339,True,1,329.26045732311536,,4.975999891757965e-05,,,49759.99891757965,,,,,,,,,49759.99891757965
1a68b061-2098-4352-95ab-257dbc02c55a,2004,AES-128,encrypt,cpu_aesni,aesni,transform,bytes,ECB,16384,8,16384:ECB:8,0418e1e1f50b866223f9880f73e9b2a8588ebf833c692d4ff83591bef5346d48,4,340,True,,,,,,,,,,,8600,8.6e-06,1905.1162790697674,0,0.0,
1a68b061-2098-4352-95ab-257dbc02c55a,2004,AES-128,encrypt,cuda_optimized_v1,optimized,pipeline,pinned,ECB,16384,8,16384:ECB:8,0418e1e1f50b866223f9880f73e9b2a8588ebf833c692d4ff83591bef5346d48,5,341,True,,312.76725555637813,89.82456140350877,5.238400027155876e-05,0.0001824,41300,52384.00027155876,41900,83200,182400,,,,,,
1a68b061-2098-4352-95ab-257dbc02c55a,2004,AES-128,encrypt,cuda_optimized_v1,optimized,pipeline,pinned,CTR,16384,8,16384:CTR:8,51f18c98ed9d12c8d7d646089036dbe87aeb4b3d0c7f6e2348a544ff8b8544b1,0,342,True,,292.23745079037167,86.45910290237467,5.606399849057198e-05,0.0001895,41900,56063.998490571976,42100,84000,189500,,,,,,
1a68b061-2098-4352-95ab-257dbc02c55a,2004,AES-128,encrypt,cpu_aesni,aesni,transform,bytes,CTR,16384,8,16384:CTR:8,51f18c98ed9d12c8d7d646089036dbe87aeb4b3d0c7f6e2348a544ff8b8544b1,1,343,True,,,,,,,,,,,11800,1.18e-05,1388.4745762711864,0,0.0,
1a68b061-2098-4352-95ab-257dbc02c55a,2004,AES-128,encrypt,cuda_baseline,baseline,resident,pinned,CTR,16384,8,16384:CTR:8,51f18c98ed9d12c8d7d646089036dbe87aeb4b3d0c7f6e2348a544ff8b8544b1,2,344,True,1,320.0000080838802,,5.119999870657921e-05,,,51199.99870657921,,,,,,,,,51199.99870657921
1a68b061-2098-4352-95ab-257dbc02c55a,2004,AES-128,encrypt,cuda_optimized_v1,optimized,resident,pinned,CTR,16384,8,16384:CTR:8,51f18c98ed9d12c8d7d646089036dbe87aeb4b3d0c7f6e2348a544ff8b8544b1,3,345,True,1,323.0283989568599,,5.071999877691269e-05,,,50719.99877691269,,,,,,,,,50719.99877691269
1a68b061-2098-4352-95ab-257dbc02c55a,2004,AES-128,encrypt,cpu_software,software,transform,bytes,CTR,16384,8,16384:CTR:8,51f18c98ed9d12c8d7d646089036dbe87aeb4b3d0c7f6e2348a544ff8b8544b1,4,346,True,,,,,,,,,,,61900,6.19e-05,264.6849757673667,0,0.0,
1a68b061-2098-4352-95ab-257dbc02c55a,2004,AES-128,encrypt,cuda_baseline,baseline,pipeline,pinned,CTR,16384,8,16384:CTR:8,51f18c98ed9d12c8d7d646089036dbe87aeb4b3d0c7f6e2348a544ff8b8544b1,5,347,True,,302.9585894915261,87.38133333333333,5.407999828457832e-05,0.0001875,41800,54079.99828457832,43200,85000,187500,,,,,,
1a68b061-2098-4352-95ab-257dbc02c55a,2004,AES-128,encrypt,cuda_baseline,baseline,pipeline,pinned,CTR,16384,9,16384:CTR:9,d1fe31116b0323158c50a383336c04fc13337a33fd6f39f752fa34286aa32cef,0,348,True,,305.8542308521316,87.33475479744136,5.356800183653831e-05,0.0001876,41900,53568.001836538315,43700,85600,187600,,,,,,
1a68b061-2098-4352-95ab-257dbc02c55a,2004,AES-128,encrypt,cpu_software,software,transform,bytes,CTR,16384,9,16384:CTR:9,d1fe31116b0323158c50a383336c04fc13337a33fd6f39f752fa34286aa32cef,1,349,True,,,,,,,,,,,61800,6.18e-05,265.1132686084142,0,0.0,
1a68b061-2098-4352-95ab-257dbc02c55a,2004,AES-128,encrypt,cuda_optimized_v1,optimized,pipeline,pinned,CTR,16384,9,16384:CTR:9,d1fe31116b0323158c50a383336c04fc13337a33fd6f39f752fa34286aa32cef,2,350,True,,289.75665778414003,85.24453694068679,5.65439984202385e-05,0.0001922,42600,56543.998420238495,43100,85700,192200,,,,,,
1a68b061-2098-4352-95ab-257dbc02c55a,2004,AES-128,encrypt,cuda_baseline,baseline,resident,pinned,CTR,16384,9,16384:CTR:9,d1fe31116b0323158c50a383336c04fc13337a33fd6f39f752fa34286aa32cef,3,351,True,1,319.20199699482987,,5.132799968123436e-05,,,51327.99968123436,,,,,,,,,51327.99968123436
1a68b061-2098-4352-95ab-257dbc02c55a,2004,AES-128,encrypt,cuda_optimized_v1,optimized,resident,pinned,CTR,16384,9,16384:CTR:9,d1fe31116b0323158c50a383336c04fc13337a33fd6f39f752fa34286aa32cef,4,352,True,1,311.4355334628914,,5.260799825191498e-05,,,52607.99825191498,,,,,,,,,52607.99825191498
1a68b061-2098-4352-95ab-257dbc02c55a,2004,AES-128,encrypt,cpu_aesni,aesni,transform,bytes,CTR,16384,9,16384:CTR:9,d1fe31116b0323158c50a383336c04fc13337a33fd6f39f752fa34286aa32cef,5,353,True,,,,,,,,,,,12700,1.27e-05,1290.0787401574803,0,0.0,
1a68b061-2098-4352-95ab-257dbc02c55a,2004,AES-128,encrypt,cuda_baseline,baseline,resident,pinned,ECB,16384,9,16384:ECB:9,4f29d0930cd2d58212293d18f2d35bae0e212186d595a321326d3bde00298164,0,354,True,1,130.27989415341537,,0.00012576000392436982,,,125760.00392436981,,,,,,,,,125760.00392436981
1a68b061-2098-4352-95ab-257dbc02c55a,2004,AES-128,encrypt,cuda_optimized_v1,optimized,pipeline,pinned,ECB,16384,9,16384:ECB:9,4f29d0930cd2d58212293d18f2d35bae0e212186d595a321326d3bde00298164,1,355,True,,195.1963438355667,24.133156576815438,8.393599838018418e-05,0.0006789,197700,83935.99838018417,184900,382600,678900,,,,,,
1a68b061-2098-4352-95ab-257dbc02c55a,2004,AES-128,encrypt,cpu_software,software,transform,bytes,ECB,16384,9,16384:ECB:9,4f29d0930cd2d58212293d18f2d35bae0e212186d595a321326d3bde00298164,2,356,True,,,,,,,,,,,63700,6.37e-05,257.20565149136576,0,0.0,
1a68b061-2098-4352-95ab-257dbc02c55a,2004,AES-128,encrypt,cuda_optimized_v1,optimized,resident,pinned,ECB,16384,9,16384:ECB:9,4f29d0930cd2d58212293d18f2d35bae0e212186d595a321326d3bde00298164,3,357,True,1,308.062581509394,,5.318399891257286e-05,,,53183.99891257286,,,,,,,,,53183.99891257286
1a68b061-2098-4352-95ab-257dbc02c55a,2004,AES-128,encrypt,cuda_baseline,baseline,pipeline,pinned,ECB,16384,9,16384:ECB:9,4f29d0930cd2d58212293d18f2d35bae0e212186d595a321326d3bde00298164,4,358,True,,305.489268125748,62.966948501152956,5.363199859857559e-05,0.0002602,42500,53631.99859857559,67800,110300,260200,,,,,,
1a68b061-2098-4352-95ab-257dbc02c55a,2004,AES-128,encrypt,cpu_aesni,aesni,transform,bytes,ECB,16384,9,16384:ECB:9,4f29d0930cd2d58212293d18f2d35bae0e212186d595a321326d3bde00298164,5,359,True,,,,,,,,,,,9600,9.6e-06,1706.6666666666667,0,0.0,
1a68b061-2098-4352-95ab-257dbc02c55a,2004,AES-128,encrypt,cpu_software,software,transform,bytes,CTR,16384,10,16384:CTR:10,196fe796fa7fba803bd6e26bae46b1e99545f8ebe6cb426869348f87e6741e18,0,360,True,,,,,,,,,,,60100,6.01e-05,272.61231281198,0,0.0,
1a68b061-2098-4352-95ab-257dbc02c55a,2004,AES-128,encrypt,cuda_optimized_v1,optimized,pipeline,pinned,CTR,16384,10,16384:CTR:10,196fe796fa7fba803bd6e26bae46b1e99545f8ebe6cb426869348f87e6741e18,1,361,True,,302.24321546435317,61.59398496240601,5.4207999259233475e-05,0.000266,43400,54207.999259233475,67200,110600,266000,,,,,,
1a68b061-2098-4352-95ab-257dbc02c55a,2004,AES-128,encrypt,cpu_aesni,aesni,transform,bytes,CTR,16384,10,16384:CTR:10,196fe796fa7fba803bd6e26bae46b1e99545f8ebe6cb426869348f87e6741e18,2,362,True,,,,,,,,,,,12400,1.24e-05,1321.2903225806451,0,0.0,
1a68b061-2098-4352-95ab-257dbc02c55a,2004,AES-128,encrypt,cuda_optimized_v1,optimized,resident,pinned,CTR,16384,10,16384:CTR:10,196fe796fa7fba803bd6e26bae46b1e99545f8ebe6cb426869348f87e6741e18,3,363,True,1,306.5868214026568,,5.3440000861883166e-05,,,53440.00086188316,,,,,,,,,53440.00086188316
1a68b061-2098-4352-95ab-257dbc02c55a,2004,AES-128,encrypt,cuda_baseline,baseline,resident,pinned,CTR,16384,10,16384:CTR:10,196fe796fa7fba803bd6e26bae46b1e99545f8ebe6cb426869348f87e6741e18,4,364,True,1,299.76581374747747,,5.465599894523621e-05,,,54655.998945236206,,,,,,,,,54655.998945236206
1a68b061-2098-4352-95ab-257dbc02c55a,2004,AES-128,encrypt,cuda_baseline,baseline,pipeline,pinned,CTR,16384,10,16384:CTR:10,196fe796fa7fba803bd6e26bae46b1e99545f8ebe6cb426869348f87e6741e18,5,365,True,,292.9061719901812,63.57780364765231,5.593600124120712e-05,0.0002577,41000,55936.00124120712,67300,108300,257700,,,,,,
1a68b061-2098-4352-95ab-257dbc02c55a,2004,AES-128,encrypt,cuda_baseline,baseline,pipeline,pinned,ECB,16384,10,16384:ECB:10,a32cc59a51024acc2469face22689e7fe5e3203163f2c148110464eba6e5b4c1,0,366,True,,308.80578042807133,65.536,5.3056001663208005e-05,0.00025,41800,53056.00166320801,68700,110500,250000,,,,,,
1a68b061-2098-4352-95ab-257dbc02c55a,2004,AES-128,encrypt,cpu_aesni,aesni,transform,bytes,ECB,16384,10,16384:ECB:10,a32cc59a51024acc2469face22689e7fe5e3203163f2c148110464eba6e5b4c1,1,367,True,,,,,,,,,,,8700,8.7e-06,1883.2183908045977,0,0.0,
1a68b061-2098-4352-95ab-257dbc02c55a,2004,AES-128,encrypt,cuda_optimized_v1,optimized,resident,pinned,ECB,16384,10,16384:ECB:10,a32cc59a51024acc2469face22689e7fe5e3203163f2c148110464eba6e5b4c1,2,368,True,1,317.61785596521986,,5.1584001630544664e-05,,,51584.00163054466,,,,,,,,,51584.00163054466
1a68b061-2098-4352-95ab-257dbc02c55a,2004,AES-128,encrypt,cpu_software,software,transform,bytes,ECB,16384,10,16384:ECB:10,a32cc59a51024acc2469face22689e7fe5e3203163f2c148110464eba6e5b4c1,3,369,True,,,,,,,,,,,57600,5.76e-05,284.44444444444446,0,0.0,
1a68b061-2098-4352-95ab-257dbc02c55a,2004,AES-128,encrypt,cuda_optimized_v1,optimized,pipeline,pinned,ECB,16384,10,16384:ECB:10,a32cc59a51024acc2469face22689e7fe5e3203163f2c148110464eba6e5b4c1,4,370,True,,310.4912099091819,63.45468628969791,5.2767999470233916e-05,0.0002582,41000,52767.99947023392,68600,109600,258200,,,,,,
1a68b061-2098-4352-95ab-257dbc02c55a,2004,AES-128,encrypt,cuda_baseline,baseline,resident,pinned,ECB,16384,10,16384:ECB:10,a32cc59a51024acc2469face22689e7fe5e3203163f2c148110464eba6e5b4c1,5,371,True,1,308.9921462238229,,5.302400141954422e-05,,,53024.00141954422,,,,,,,,,53024.00141954422
1a68b061-2098-4352-95ab-257dbc02c55a,2004,AES-128,encrypt,cuda_baseline,baseline,resident,pinned,ECB,16384,11,16384:ECB:11,8d6791d4ba3b32f7604d044b31cacf08f23338028dfa91c34b1ecfa80ce5fa33,0,372,True,1,315.8544102593713,,5.187200009822845e-05,,,51872.000098228455,,,,,,,,,51872.000098228455
1a68b061-2098-4352-95ab-257dbc02c55a,2004,AES-128,encrypt,cuda_optimized_v1,optimized,resident,pinned,ECB,16384,11,16384:ECB:11,8d6791d4ba3b32f7604d044b31cacf08f23338028dfa91c34b1ecfa80ce5fa33,1,373,True,1,301.1764665953429,,5.44000007212162e-05,,,54400.0007212162,,,,,,,,,54400.0007212162
1a68b061-2098-4352-95ab-257dbc02c55a,2004,AES-128,encrypt,cpu_aesni,aesni,transform,bytes,ECB,16384,11,16384:ECB:11,8d6791d4ba3b32f7604d044b31cacf08f23338028dfa91c34b1ecfa80ce5fa33,2,374,True,,,,,,,,,,,8700,8.7e-06,1883.2183908045977,0,0.0,
1a68b061-2098-4352-95ab-257dbc02c55a,2004,AES-128,encrypt,cuda_optimized_v1,optimized,pipeline,pinned,ECB,16384,11,16384:ECB:11,8d6791d4ba3b32f7604d044b31cacf08f23338028dfa91c34b1ecfa80ce5fa33,3,375,True,,307.5075095646899,63.750972762645915,5.3279999643564224e-05,0.000257,40800,53279.999643564224,68200,109000,257000,,,,,,
1a68b061-2098-4352-95ab-257dbc02c55a,2004,AES-128,encrypt,cpu_software,software,transform,bytes,ECB,16384,11,16384:ECB:11,8d6791d4ba3b32f7604d044b31cacf08f23338028dfa91c34b1ecfa80ce5fa33,4,376,True,,,,,,,,,,,57800,5.78e-05,283.46020761245677,0,0.0,
1a68b061-2098-4352-95ab-257dbc02c55a,2004,AES-128,encrypt,cuda_baseline,baseline,pipeline,pinned,ECB,16384,11,16384:ECB:11,8d6791d4ba3b32f7604d044b31cacf08f23338028dfa91c34b1ecfa80ce5fa33,5,377,True,,313.149848386238,65.93158953722335,5.2319999784231185e-05,0.0002485,41800,52319.999784231186,68200,110000,248500,,,,,,
1a68b061-2098-4352-95ab-257dbc02c55a,2004,AES-128,encrypt,cuda_baseline,baseline,pipeline,pinned,CTR,16384,11,16384:CTR:11,277943cb933336162745ad86637b6e11e2d2c51c9b16cc8076953ae278c4be0d,0,378,True,,309.7398643035413,62.4390243902439,5.289600044488907e-05,0.0002624,42600,52896.00044488907,68300,110900,262400,,,,,,
1a68b061-2098-4352-95ab-257dbc02c55a,2004,AES-128,encrypt,cpu_software,software,transform,bytes,CTR,16384,11,16384:CTR:11,277943cb933336162745ad86637b6e11e2d2c51c9b16cc8076953ae278c4be0d,1,379,True,,,,,,,,,,,61800,6.18e-05,265.1132686084142,0,0.0,
1a68b061-2098-4352-95ab-257dbc02c55a,2004,AES-128,encrypt,cpu_aesni,aesni,transform,bytes,CTR,16384,11,16384:CTR:11,277943cb933336162745ad86637b6e11e2d2c51c9b16cc8076953ae278c4be0d,2,380,True,,,,,,,,,,,10200,1.02e-05,1606.2745098039215,0,0.0,
1a68b061-2098-4352-95ab-257dbc02c55a,2004,AES-128,encrypt,cuda_baseline,baseline,resident,pinned,CTR,16384,11,16384:CTR:11,277943cb933336162745ad86637b6e11e2d2c51c9b16cc8076953ae278c4be0d,3,381,True,1,304.5806078184558,,5.379199981689453e-05,,,53791.99981689453,,,,,,,,,53791.99981689453
1a68b061-2098-4352-95ab-257dbc02c55a,2004,AES-128,encrypt,cuda_optimized_v1,optimized,resident,pinned,CTR,16384,11,16384:CTR:11,277943cb933336162745ad86637b6e11e2d2c51c9b16cc8076953ae278c4be0d,4,382,True,1,308.61966096292383,,5.3087998181581494e-05,,,53087.9981815815,,,,,,,,,53087.9981815815
1a68b061-2098-4352-95ab-257dbc02c55a,2004,AES-128,encrypt,cuda_optimized_v1,optimized,pipeline,pinned,CTR,16384,11,16384:CTR:11,277943cb933336162745ad86637b6e11e2d2c51c9b16cc8076953ae278c4be0d,5,383,True,,306.2200879718258,63.33204483958253,5.3504001349210736e-05,0.0002587,40600,53504.00134921074,66500,107100,258700,,,,,,
1a68b061-2098-4352-95ab-257dbc02c55a,2004,AES-128,encrypt,cpu_software,software,transform,bytes,ECB,16384,12,16384:ECB:12,69894c317f513bf796c9d02885bf7137d5c9de922be94ed7d78b64fdebe8fa8d,0,384,True,,,,,,,,,,,56100,5.61e-05,292.0499108734403,0,0.0,
1a68b061-2098-4352-95ab-257dbc02c55a,2004,AES-128,encrypt,cuda_optimized_v1,optimized,pipeline,pinned,ECB,16384,12,16384:ECB:12,69894c317f513bf796c9d02885bf7137d5c9de922be94ed7d78b64fdebe8fa8d,1,385,True,,304.39952403325793,62.94275835574337,5.382400006055832e-05,0.0002603,41700,53824.00006055832,66700,108400,260300,,,,,,
1a68b061-2098-4352-95ab-257dbc02c55a,2004,AES-128,encrypt,cuda_baseline,baseline,pipeline,pinned,ECB,16384,12,16384:ECB:12,69894c317f513bf796c9d02885bf7137d5c9de922be94ed7d78b64fdebe8fa8d,2,386,True,,306.9544342968469,63.356535189481825,5.337600037455559e-05,0.0002586,42800,53376.00037455559,67700,110500,258600,,,,,,
1a68b061-2098-4352-95ab-257dbc02c55a,2004,AES-128,encrypt,cpu_aesni,aesni,transform,bytes,ECB,16384,12,16384:ECB:12,69894c317f513bf796c9d02885bf7137d5c9de922be94ed7d78b64fdebe8fa8d,3,387,True,,,,,,,,,,,8600,8.6e-06,1905.1162790697674,0,0.0,
1a68b061-2098-4352-95ab-257dbc02c55a,2004,AES-128,encrypt,cuda_optimized_v1,optimized,resident,pinned,ECB,16384,12,16384:ECB:12,69894c317f513bf796c9d02885bf7137d5c9de922be94ed7d78b64fdebe8fa8d,4,388,True,1,306.7705177192279,,5.340800061821938e-05,,,53408.000618219376,,,,,,,,,53408.000618219376
1a68b061-2098-4352-95ab-257dbc02c55a,2004,AES-128,encrypt,cuda_baseline,baseline,resident,pinned,ECB,16384,12,16384:ECB:12,69894c317f513bf796c9d02885bf7137d5c9de922be94ed7d78b64fdebe8fa8d,5,389,True,1,264.32628258969464,,6.198399886488915e-05,,,61983.998864889145,,,,,,,,,61983.998864889145
1a68b061-2098-4352-95ab-257dbc02c55a,2004,AES-128,encrypt,cpu_aesni,aesni,transform,bytes,CTR,16384,12,16384:CTR:12,eeb915ac78398ac11ea764e51ad5905d9376c84ae253acf6d1f3532d1d333c8c,0,390,True,,,,,,,,,,,11900,1.19e-05,1376.8067226890757,0,0.0,
1a68b061-2098-4352-95ab-257dbc02c55a,2004,AES-128,encrypt,cuda_baseline,baseline,pipeline,pinned,CTR,16384,12,16384:CTR:12,eeb915ac78398ac11ea764e51ad5905d9376c84ae253acf6d1f3532d1d333c8c,1,391,True,,207.0359910754215,32.794235388310646,7.913599908351898e-05,0.0004996,74700,79135.99908351898,169300,244000,499600,,,,,,
1a68b061-2098-4352-95ab-257dbc02c55a,2004,AES-128,encrypt,cuda_baseline,baseline,resident,pinned,CTR,16384,12,16384:CTR:12,eeb915ac78398ac11ea764e51ad5905d9376c84ae253acf6d1f3532d1d333c8c,2,392,True,1,167.97900670778378,,9.753599762916565e-05,,,97535.99762916565,,,,,,,,,97535.99762916565
1a68b061-2098-4352-95ab-257dbc02c55a,2004,AES-128,encrypt,cuda_optimized_v1,optimized,pipeline,pinned,CTR,16384,12,16384:CTR:12,eeb915ac78398ac11ea764e51ad5905d9376c84ae253acf6d1f3532d1d333c8c,3,393,True,,331.6062178678066,87.33475479744136,4.9407999962568284e-05,0.0001876,43400,49407.99996256828,44800,88200,187600,,,,,,
1a68b061-2098-4352-95ab-257dbc02c55a,2004,AES-128,encrypt,cpu_software,software,transform,bytes,CTR,16384,12,16384:CTR:12,eeb915ac78398ac11ea764e51ad5905d9376c84ae253acf6d1f3532d1d333c8c,4,394,True,,,,,,,,,,,66500,6.65e-05,246.37593984962405,0,0.0,
1a68b061-2098-4352-95ab-257dbc02c55a,2004,AES-128,encrypt,cuda_optimized_v1,optimized,resident,pinned,CTR,16384,12,16384:CTR:12,eeb915ac78398ac11ea764e51ad5905d9376c84ae253acf6d1f3532d1d333c8c,5,395,True,1,335.078535475741,,4.8895999789237976e-05,,,48895.999789237976,,,,,,,,,48895.999789237976
1a68b061-2098-4352-95ab-257dbc02c55a,2004,AES-128,encrypt,cuda_optimized_v1,optimized,pipeline,pinned,CTR,16384,13,16384:CTR:13,95bd6ce4da8ba2d13130eb7875d54990a7a97631f5380e4afb5e9aaeddaa0072,0,396,True,,314.689603353906,85.33333333333333,5.2064001560211184e-05,0.000192,42300,52064.00156021118,44700,87000,192000,,,,,,
1a68b061-2098-4352-95ab-257dbc02c55a,2004,AES-128,encrypt,cuda_baseline,baseline,pipeline,pinned,CTR,16384,13,16384:CTR:13,95bd6ce4da8ba2d13130eb7875d54990a7a97631f5380e4afb5e9aaeddaa0072,1,397,True,,335.078535475741,89.48115783724741,4.8895999789237976e-05,0.0001831,42900,48895.999789237976,43800,86700,183100,,,,,,
1a68b061-2098-4352-95ab-257dbc02c55a,2004,AES-128,encrypt,cpu_aesni,aesni,transform,bytes,CTR,16384,13,16384:CTR:13,95bd6ce4da8ba2d13130eb7875d54990a7a97631f5380e4afb5e9aaeddaa0072,2,398,True,,,,,,,,,,,12200,1.22e-05,1342.950819672131,0,0.0,
1a68b061-2098-4352-95ab-257dbc02c55a,2004,AES-128,encrypt,cuda_optimized_v1,optimized,resident,pinned,CTR,16384,13,16384:CTR:13,95bd6ce4da8ba2d13130eb7875d54990a7a97631f5380e4afb5e9aaeddaa0072,3,399,True,1,347.8260792383401,,4.710400104522705e-05,,,47104.00104522705,,,,,,,,,47104.00104522705
1a68b061-2098-4352-95ab-257dbc02c55a,2004,AES-128,encrypt,cpu_software,software,transform,bytes,CTR,16384,13,16384:CTR:13,95bd6ce4da8ba2d13130eb7875d54990a7a97631f5380e4afb5e9aaeddaa0072,4,400,True,,,,,,,,,,,61700,6.17e-05,265.54294975688816,0,0.0,
1a68b061-2098-4352-95ab-257dbc02c55a,2004,AES-128,encrypt,cuda_baseline,baseline,resident,pinned,CTR,16384,13,16384:CTR:13,95bd6ce4da8ba2d13130eb7875d54990a7a97631f5380e4afb5e9aaeddaa0072,5,401,True,1,323.0283989568599,,5.071999877691269e-05,,,50719.99877691269,,,,,,,,,50719.99877691269
1a68b061-2098-4352-95ab-257dbc02c55a,2004,AES-128,encrypt,cuda_baseline,baseline,resident,pinned,ECB,16384,13,16384:ECB:13,c4c17addd889e359ba533dec6f5a8c3c9e26c982c37667780ca7efb650344efb,0,402,True,1,329.68449206216894,,4.9695998430252074e-05,,,49695.998430252075,,,,,,,,,49695.998430252075
1a68b061-2098-4352-95ab-257dbc02c55a,2004,AES-128,encrypt,cpu_aesni,aesni,transform,bytes,ECB,16384,13,16384:ECB:13,c4c17addd889e359ba533dec6f5a8c3c9e26c982c37667780ca7efb650344efb,1,403,True,,,,,,,,,,,8400,8.4e-06,1950.4761904761904,0,0.0,
1a68b061-2098-4352-95ab-257dbc02c55a,2004,AES-128,encrypt,cuda_baseline,baseline,pipeline,pinned,ECB,16384,13,16384:ECB:13,c4c17addd889e359ba533dec6f5a8c3c9e26c982c37667780ca7efb650344efb,2,404,True,,306.9544342968469,68.69601677148847,5.337600037455559e-05,0.0002385,91600,53376.00037455559,44600,136200,238500,,,,,,
1a68b061-2098-4352-95ab-257dbc02c55a,2004,AES-128,encrypt,cuda_optimized_v1,optimized,pipeline,pinned,ECB,16384,13,16384:ECB:13,c4c17addd889e359ba533dec6f5a8c3c9e26c982c37667780ca7efb650344efb,3,405,True,,327.57517026608235,89.67706622879037,5.001600086688995e-05,0.0001827,41800,50016.00086688995,43300,85100,182700,,,,,,
1a68b061-2098-4352-95ab-257dbc02c55a,2004,AES-128,encrypt,cpu_software,software,transform,bytes,ECB,16384,13,16384:ECB:13,c4c17addd889e359ba533dec6f5a8c3c9e26c982c37667780ca7efb650344efb,4,406,True,,,,,,,,,,,57600,5.76e-05,284.44444444444446,0,0.0,
1a68b061-2098-4352-95ab-257dbc02c55a,2004,AES-128,encrypt,cuda_optimized_v1,optimized,resident,pinned,ECB,16384,13,16384:ECB:13,c4c17addd889e359ba533dec6f5a8c3c9e26c982c37667780ca7efb650344efb,5,407,True,1,258.8473300164971,,6.329599767923355e-05,,,63295.99767923355,,,,,,,,,63295.99767923355
1a68b061-2098-4352-95ab-257dbc02c55a,2004,AES-128,encrypt,cuda_baseline,baseline,resident,pinned,ECB,16384,14,16384:ECB:14,d0f251f6f536bcd2756b2f14d32c9924ec3ad60fe6fd703030b01ac562e5f32b,0,408,True,1,330.96314985571496,,4.950400069355965e-05,,,49504.00069355965,,,,,,,,,49504.00069355965
1a68b061-2098-4352-95ab-257dbc02c55a,2004,AES-128,encrypt,cuda_optimized_v1,optimized,resident,pinned,ECB,16384,14,16384:ECB:14,d0f251f6f536bcd2756b2f14d32c9924ec3ad60fe6fd703030b01ac562e5f32b,1,409,True,1,311.4355334628914,,5.260799825191498e-05,,,52607.99825191498,,,,,,,,,52607.99825191498
1a68b061-2098-4352-95ab-257dbc02c55a,2004,AES-128,encrypt,cpu_aesni,aesni,transform,bytes,ECB,16384,14,16384:ECB:14,d0f251f6f536bcd2756b2f14d32c9924ec3ad60fe6fd703030b01ac562e5f32b,2,410,True,,,,,,,,,,,8600,8.6e-06,1905.1162790697674,0,0.0,
1a68b061-2098-4352-95ab-257dbc02c55a,2004,AES-128,encrypt,cuda_optimized_v1,optimized,pipeline,pinned,ECB,16384,14,16384:ECB:14,d0f251f6f536bcd2756b2f14d32c9924ec3ad60fe6fd703030b01ac562e5f32b,3,411,True,,336.1786047362616,91.32664437012264,4.8735998570919034e-05,0.0001794,41000,48735.99857091904,43300,84300,179400,,,,,,
1a68b061-2098-4352-95ab-257dbc02c55a,2004,AES-128,encrypt,cuda_baseline,baseline,pipeline,pinned,ECB,16384,14,16384:ECB:14,d0f251f6f536bcd2756b2f14d32c9924ec3ad60fe6fd703030b01ac562e5f32b,4,412,True,,334.85938499392034,91.99326221224031,4.8928000032901765e-05,0.0001781,39400,48928.000032901764,43100,82500,178100,,,,,,
1a68b061-2098-4352-95ab-257dbc02c55a,2004,AES-128,encrypt,cpu_software,software,transform,bytes,ECB,16384,14,16384:ECB:14,d0f251f6f536bcd2756b2f14d32c9924ec3ad60fe6fd703030b01ac562e5f32b,5,413,True,,,,,,,,,,,57500,5.75e-05,284.9391304347826,0,0.0,
1a68b061-2098-4352-95ab-257dbc02c55a,2004,AES-128,encrypt,cpu_software,software,transform,bytes,CTR,16384,14,16384:CTR:14,317b979cd79929b2756d9b38a09a09e11443f4e05b935bdb4e6b031bdeb0f1b0,0,414,True,,,,,,,,,,,59800,5.98e-05,273.9799331103679,0,0.0,
1a68b061-2098-4352-95ab-257dbc02c55a,2004,AES-128,encrypt,cuda_baseline,baseline,resident,pinned,CTR,16384,14,16384:CTR:14,317b979cd79929b2756d9b38a09a09e11443f4e05b935bdb4e6b031bdeb0f1b0,1,415,True,1,334.6405209854975,,4.896000027656555e-05,,,48960.00027656555,,,,,,,,,48960.00027656555
1a68b061-2098-4352-95ab-257dbc02c55a,2004,AES-128,encrypt,cuda_optimized_v1,optimized,pipeline,pinned,CTR,16384,14,16384:CTR:14,317b979cd79929b2756d9b38a09a09e11443f4e05b935bdb4e6b031bdeb0f1b0,2,416,True,,326.1146571642102,89.04347826086956,5.023999884724617e-05,0.000184,42300,50239.99884724617,43500,85800,184000,,,,,,
1a68b061-2098-4352-95ab-257dbc02c55a,2004,AES-128,encrypt,cuda_baseline,baseline,pipeline,pinned,CTR,16384,14,16384:CTR:14,317b979cd79929b2756d9b38a09a09e11443f4e05b935bdb4e6b031bdeb0f1b0,3,417,True,,323.0283989568599,88.80216802168022,5.071999877691269e-05,0.0001845,41800,50719.99877691269,43900,85700,184500,,,,,,
1a68b061-2098-4352-95ab-257dbc02c55a,2004,AES-128,encrypt,cuda_optimized_v1,optimized,resident,pinned,CTR,16384,14,16384:CTR:14,317b979cd79929b2756d9b38a09a09e11443f4e05b935bdb4e6b031bdeb0f1b0,4,418,True,1,308.9921462238229,,5.302400141954422e-05,,,53024.00141954422,,,,,,,,,53024.00141954422
1a68b061-2098-4352-95ab-257dbc02c55a,2004,AES-128,encrypt,cpu_aesni,aesni,transform,bytes,CTR,16384,14,16384:CTR:14,317b979cd79929b2756d9b38a09a09e11443f4e05b935bdb4e6b031bdeb0f1b0,5,419,True,,,,,,,,,,,12200,1.22e-05,1342.950819672131,0,0.0,
1a68b061-2098-4352-95ab-257dbc02c55a,2004,AES-128,encrypt,cpu_aesni,aesni,transform,bytes,ECB,16384,15,16384:ECB:15,9cf53927746cd35b53ba4a044a406726cee744e38449f474859f17b855bf871f,0,420,True,,,,,,,,,,,6600,6.6e-06,2482.4242424242425,0,0.0,
1a68b061-2098-4352-95ab-257dbc02c55a,2004,AES-128,encrypt,cuda_baseline,baseline,pipeline,pinned,ECB,16384,15,16384:ECB:15,9cf53927746cd35b53ba4a044a406726cee744e38449f474859f17b855bf871f,1,421,True,,340.19932399473635,88.13340505648198,4.8160001635551456e-05,0.0001859,42200,48160.00163555145,44500,86700,185900,,,,,,
1a68b061-2098-4352-95ab-257dbc02c55a,2004,AES-128,encrypt,cuda_optimized_v1,optimized,pipeline,pinned,ECB,16384,15,16384:ECB:15,9cf53927746cd35b53ba4a044a406726cee744e38449f474859f17b855bf871f,2,422,True,,336.8420944236986,90.71982281284608,4.864000156521797e-05,0.0001806,41700,48640.00156521797,43400,85100,180600,,,,,,
1a68b061-2098-4352-95ab-257dbc02c55a,2004,AES-128,encrypt,cuda_baseline,baseline,resident,pinned,ECB,16384,15,16384:ECB:15,9cf53927746cd35b53ba4a044a406726cee744e38449f474859f17b855bf871f,3,423,True,1,342.2459932899328,,4.787199944257736e-05,,,47871.99944257736,,,,,,,,,47871.99944257736
1a68b061-2098-4352-95ab-257dbc02c55a,2004,AES-128,encrypt,cuda_optimized_v1,optimized,resident,pinned,ECB,16384,15,16384:ECB:15,9cf53927746cd35b53ba4a044a406726cee744e38449f474859f17b855bf871f,4,424,True,1,324.25585146260477,,5.052800104022026e-05,,,50528.00104022026,,,,,,,,,50528.00104022026
1a68b061-2098-4352-95ab-257dbc02c55a,2004,AES-128,encrypt,cpu_software,software,transform,bytes,ECB,16384,15,16384:ECB:15,9cf53927746cd35b53ba4a044a406726cee744e38449f474859f17b855bf871f,5,425,True,,,,,,,,,,,57300,5.73e-05,285.93368237347295,0,0.0,
1a68b061-2098-4352-95ab-257dbc02c55a,2004,AES-128,encrypt,cuda_baseline,baseline,resident,pinned,CTR,16384,15,16384:CTR:15,0078b70191962b1c36f7db675c6afa7183dcdfb6eb2ad5d4b7f04fd165e56145,0,426,True,1,335.078535475741,,4.8895999789237976e-05,,,48895.999789237976,,,,,,,,,48895.999789237976
1a68b061-2098-4352-95ab-257dbc02c55a,2004,AES-128,encrypt,cpu_aesni,aesni,transform,bytes,CTR,16384,15,16384:CTR:15,0078b70191962b1c36f7db675c6afa7183dcdfb6eb2ad5d4b7f04fd165e56145,1,427,True,,,,,,,,,,,12000,1.2e-05,1365.3333333333333,0,0.0,
1a68b061-2098-4352-95ab-257dbc02c55a,2004,AES-128,encrypt,cuda_optimized_v1,optimized,resident,pinned,CTR,16384,15,16384:CTR:15,0078b70191962b1c36f7db675c6afa7183dcdfb6eb2ad5d4b7f04fd165e56145,2,428,True,1,339.7478546867906,,4.822399839758873e-05,,,48223.99839758873,,,,,,,,,48223.99839758873
1a68b061-2098-4352-95ab-257dbc02c55a,2004,AES-128,encrypt,cuda_baseline,baseline,pipeline,pinned,CTR,16384,15,16384:CTR:15,0078b70191962b1c36f7db675c6afa7183dcdfb6eb2ad5d4b7f04fd165e56145,3,429,True,,326.947626867347,90.31973539140022,5.0112001597881316e-05,0.0001814,41700,50112.00159788132,42700,84400,181400,,,,,,
1a68b061-2098-4352-95ab-257dbc02c55a,2004,AES-128,encrypt,cpu_software,software,transform,bytes,CTR,16384,15,16384:CTR:15,0078b70191962b1c36f7db675c6afa7183dcdfb6eb2ad5d4b7f04fd165e56145,4,430,True,,,,,,,,,,,61600,6.16e-05,265.97402597402595,0,0.0,
1a68b061-2098-4352-95ab-257dbc02c55a,2004,AES-128,encrypt,cuda_optimized_v1,optimized,pipeline,pinned,CTR,16384,15,16384:CTR:15,0078b70191962b1c36f7db675c6afa7183dcdfb6eb2ad5d4b7f04fd165e56145,5,431,True,,336.8420944236986,90.22026431718062,4.864000156521797e-05,0.0001816,42200,48640.00156521797,43300,85500,181600,,,,,,
1a68b061-2098-4352-95ab-257dbc02c55a,2004,AES-128,encrypt,cuda_baseline,baseline,pipeline,pinned,ECB,16384,16,16384:ECB:16,70bb1b0da4e82715b3643ad18449db76eee5c4713c3efd9bd4308335e2f0d750,0,432,True,,324.25585146260477,88.6100594916171,5.052800104022026e-05,0.0001849,41900,50528.00104022026,44000,85900,184900,,,,,,
1a68b061-2098-4352-95ab-257dbc02c55a,2004,AES-128,encrypt,cuda_baseline,baseline,resident,pinned,ECB,16384,16,16384:ECB:16,70bb1b0da4e82715b3643ad18449db76eee5c4713c3efd9bd4308335e2f0d750,1,433,True,1,157.39317118062024,,0.00010409600287675858,,,104096.00287675858,,,,,,,,,104096.00287675858
1a68b061-2098-4352-95ab-257dbc02c55a,2004,AES-128,encrypt,cuda_optimized_v1,optimized,pipeline,pinned,ECB,16384,16,16384:ECB:16,70bb1b0da4e82715b3643ad18449db76eee5c4713c3efd9bd4308335e2f0d750,2,434,True,,246.98505150319534,45.04811657959857,6.633599847555161e-05,0.0003637,84000,66335.9984755516,98200,182200,363700,,,,,,
1a68b061-2098-4352-95ab-257dbc02c55a,2004,AES-128,encrypt,cuda_optimized_v1,optimized,resident,pinned,ECB,16384,16,16384:ECB:16,70bb1b0da4e82715b3643ad18449db76eee5c4713c3efd9bd4308335e2f0d750,3,435,True,1,139.8525017244159,,0.00011715199798345566,,,117151.99798345566,,,,,,,,,117151.99798345566
1a68b061-2098-4352-95ab-257dbc02c55a,2004,AES-128,encrypt,cpu_aesni,aesni,transform,bytes,ECB,16384,16,16384:ECB:16,70bb1b0da4e82715b3643ad18449db76eee5c4713c3efd9bd4308335e2f0d750,4,436,True,,,,,,,,,,,13900,1.39e-05,1178.705035971223,0,0.0,
1a68b061-2098-4352-95ab-257dbc02c55a,2004,AES-128,encrypt,cpu_software,software,transform,bytes,ECB,16384,16,16384:ECB:16,70bb1b0da4e82715b3643ad18449db76eee5c4713c3efd9bd4308335e2f0d750,5,437,True,,,,,,,,,,,56800,5.68e-05,288.4507042253521,0,0.0,
1a68b061-2098-4352-95ab-257dbc02c55a,2004,AES-128,encrypt,cuda_optimized_v1,optimized,pipeline,pinned,CTR,16384,16,16384:CTR:16,36118efdf5c79618a9883a13a8e5bad3fb1ef4b9d15476eae263fd5db381a38d,0,438,True,,272.34042608775724,74.77863989046098,6.015999987721443e-05,0.0002191,44500,60159.99987721443,51600,96100,219100,,,,,,
1a68b061-2098-4352-95ab-257dbc02c55a,2004,AES-128,encrypt,cuda_baseline,baseline,resident,pinned,CTR,16384,16,16384:CTR:16,36118efdf5c79618a9883a13a8e5bad3fb1ef4b9d15476eae263fd5db381a38d,1,439,True,1,281.47333740993895,,5.820799991488457e-05,,,58207.99991488457,,,,,,,,,58207.99991488457
1a68b061-2098-4352-95ab-257dbc02c55a,2004,AES-128,encrypt,cuda_optimized_v1,optimized,resident,pinned,CTR,16384,16,16384:CTR:16,36118efdf5c79618a9883a13a8e5bad3fb1ef4b9d15476eae263fd5db381a38d,2,440,True,1,289.10220523252366,,5.6671999394893644e-05,,,56671.999394893646,,,,,,,,,56671.999394893646
1a68b061-2098-4352-95ab-257dbc02c55a,2004,AES-128,encrypt,cpu_software,software,transform,bytes,CTR,16384,16,16384:CTR:16,36118efdf5c79618a9883a13a8e5bad3fb1ef4b9d15476eae263fd5db381a38d,3,441,True,,,,,,,,,,,62300,6.23e-05,262.9855537720706,0,0.0,
1a68b061-2098-4352-95ab-257dbc02c55a,2004,AES-128,encrypt,cuda_baseline,baseline,pipeline,pinned,CTR,16384,16,16384:CTR:16,36118efdf5c79618a9883a13a8e5bad3fb1ef4b9d15476eae263fd5db381a38d,4,442,True,,277.3564508628009,78.13066285169289,5.907199904322624e-05,0.0002097,43000,59071.99904322624,48400,91400,209700,,,,,,
1a68b061-2098-4352-95ab-257dbc02c55a,2004,AES-128,encrypt,cpu_aesni,aesni,transform,bytes,CTR,16384,16,16384:CTR:16,36118efdf5c79618a9883a13a8e5bad3fb1ef4b9d15476eae263fd5db381a38d,5,443,True,,,,,,,,,,,12100,1.21e-05,1354.0495867768595,0,0.0,
1a68b061-2098-4352-95ab-257dbc02c55a,2004,AES-128,encrypt,cuda_baseline,baseline,pipeline,pinned,CTR,16384,17,16384:CTR:17,9ed5e79104a13a3fc4b5b1d17fbcc6832471bc1aeb8929f84552dd8b7f98b7bd,0,444,True,,277.0562792556651,77.28301886792453,5.913599953055382e-05,0.000212,43300,59135.99953055382,48800,92100,212000,,,,,,
1a68b061-2098-4352-95ab-257dbc02c55a,2004,AES-128,encrypt,cuda_baseline,baseline,resident,pinned,CTR,16384,17,16384:CTR:17,9ed5e79104a13a3fc4b5b1d17fbcc6832471bc1aeb8929f84552dd8b7f98b7bd,1,445,True,1,274.5308313404778,,5.967999994754791e-05,,,59679.99994754791,,,,,,,,,59679.99994754791
1a68b061-2098-4352-95ab-257dbc02c55a,2004,AES-128,encrypt,cpu_software,software,transform,bytes,CTR,16384,17,16384:CTR:17,9ed5e79104a13a3fc4b5b1d17fbcc6832471bc1aeb8929f84552dd8b7f98b7bd,2,446,True,,,,,,,,,,,61800,6.18e-05,265.1132686084142,0,0.0,
1a68b061-2098-4352-95ab-257dbc02c55a,2004,AES-128,encrypt,cuda_optimized_v1,optimized,resident,pinned,CTR,16384,17,16384:CTR:17,9ed5e79104a13a3fc4b5b1d17fbcc6832471bc1aeb8929f84552dd8b7f98b7bd,3,447,True,1,285.2367612664249,,5.744000151753426e-05,,,57440.001517534256,,,,,,,,,57440.001517534256
1a68b061-2098-4352-95ab-257dbc02c55a,2004,AES-128,encrypt,cpu_aesni,aesni,transform,bytes,CTR,16384,17,16384:CTR:17,9ed5e79104a13a3fc4b5b1d17fbcc6832471bc1aeb8929f84552dd8b7f98b7bd,4,448,True,,,,,,,,,,,12100,1.21e-05,1354.0495867768595,0,0.0,
1a68b061-2098-4352-95ab-257dbc02c55a,2004,AES-128,encrypt,cuda_optimized_v1,optimized,pipeline,pinned,CTR,16384,17,16384:CTR:17,9ed5e79104a13a3fc4b5b1d17fbcc6832471bc1aeb8929f84552dd8b7f98b7bd,5,449,True,,290.4140609040313,78.731379144642,5.641600117087364e-05,0.0002081,42500,56416.00117087364,49400,91900,208100,,,,,,
1a68b061-2098-4352-95ab-257dbc02c55a,2004,AES-128,encrypt,cuda_optimized_v1,optimized,resident,pinned,ECB,16384,17,16384:ECB:17,7e36e23a4b610a53cc8f6492299bb2bb451947a57321f3f4c52167732cd8ce71,0,450,True,1,275.26882308137846,,5.9519998729228974e-05,,,59519.99872922897,,,,,,,,,59519.99872922897
1a68b061-2098-4352-95ab-257dbc02c55a,2004,AES-128,encrypt,cpu_software,software,transform,bytes,ECB,16384,17,16384:ECB:17,7e36e23a4b610a53cc8f6492299bb2bb451947a57321f3f4c52167732cd8ce71,1,451,True,,,,,,,,,,,57900,5.79e-05,282.9706390328152,0,0.0,
1a68b061-2098-4352-95ab-257dbc02c55a,2004,AES-128,encrypt,cuda_optimized_v1,optimized,pipeline,pinned,ECB,16384,17,16384:ECB:17,7e36e23a4b610a53cc8f6492299bb2bb451947a57321f3f4c52167732cd8ce71,2,452,True,,287.1564849247378,77.5390440132513,5.70559985935688e-05,0.0002113,43800,57055.9985935688,51500,95300,211300,,,,,,
1a68b061-2098-4352-95ab-257dbc02c55a,2004,AES-128,encrypt,cuda_baseline,baseline,pipeline,pinned,ECB,16384,17,16384:ECB:17,7e36e23a4b610a53cc8f6492299bb2bb451947a57321f3f4c52167732cd8ce71,3,453,True,,288.45070234865125,79.49539058709364,5.68000003695488e-05,0.0002061,42400,56800.0003695488,48300,90700,206100,,,,,,
1a68b061-2098-4352-95ab-257dbc02c55a,2004,AES-128,encrypt,cpu_aesni,aesni,transform,bytes,ECB,16384,17,16384:ECB:17,7e36e23a4b610a53cc8f6492299bb2bb451947a57321f3f4c52167732cd8ce71,4,454,True,,,,,,,,,,,8700,8.7e-06,1883.2183908045977,0,0.0,
1a68b061-2098-4352-95ab-257dbc02c55a,2004,AES-128,encrypt,cuda_baseline,baseline,resident,pinned,ECB,16384,17,16384:ECB:17,7e36e23a4b610a53cc8f6492299bb2bb451947a57321f3f4c52167732cd8ce71,5,455,True,1,288.45070234865125,,5.68000003695488e-05,,,56800.0003695488,,,,,,,,,56800.0003695488
1a68b061-2098-4352-95ab-257dbc02c55a,2004,AES-128,encrypt,cuda_baseline,baseline,resident,pinned,ECB,16384,18,16384:ECB:18,9ddd247930e62bab7e85f24010294f60b914a7e525655ad6d4643b5fef49bb4e,0,456,True,1,279.934396947869,,5.8527998626232146e-05,,,58527.99862623215,,,,,,,,,58527.99862623215
1a68b061-2098-4352-95ab-257dbc02c55a,2004,AES-128,encrypt,cpu_aesni,aesni,transform,bytes,ECB,16384,18,16384:ECB:18,9ddd247930e62bab7e85f24010294f60b914a7e525655ad6d4643b5fef49bb4e,1,457,True,,,,,,,,,,,8600,8.6e-06,1905.1162790697674,0,0.0,
1a68b061-2098-4352-95ab-257dbc02c55a,2004,AES-128,encrypt,cuda_optimized_v1,optimized,pipeline,pinned,ECB,16384,18,16384:ECB:18,9ddd247930e62bab7e85f24010294f60b914a7e525655ad6d4643b5fef49bb4e,2,458,True,,289.10220523252366,78.731379144642,5.6671999394893644e-05,0.0002081,44100,56671.999394893646,49200,93300,208100,,,,,,
1a68b061-2098-4352-95ab-257dbc02c55a,2004,AES-128,encrypt,cuda_baseline,baseline,pipeline,pinned,ECB,16384,18,16384:ECB:18,9ddd247930e62bab7e85f24010294f60b914a7e525655ad6d4643b5fef49bb4e,3,459,True,,287.96399892934573,79.37984496124031,5.689600110054016e-05,0.0002064,42700,56896.00110054016,49400,92100,206400,,,,,,
1a68b061-2098-4352-95ab-257dbc02c55a,2004,AES-128,encrypt,cpu_software,software,transform,bytes,ECB,16384,18,16384:ECB:18,9ddd247930e62bab7e85f24010294f60b914a7e525655ad6d4643b5fef49bb4e,4,460,True,,,,,,,,,,,57800,5.78e-05,283.46020761245677,0,0.0,
1a68b061-2098-4352-95ab-257dbc02c55a,2004,AES-128,encrypt,cuda_optimized_v1,optimized,resident,pinned,ECB,16384,18,16384:ECB:18,9ddd247930e62bab7e85f24010294f60b914a7e525655ad6d4643b5fef49bb4e,5,461,True,1,284.12874831201015,,5.766399949789047e-05,,,57663.99949789047,,,,,,,,,57663.99949789047
1a68b061-2098-4352-95ab-257dbc02c55a,2004,AES-128,encrypt,cuda_optimized_v1,optimized,resident,pinned,CTR,16384,18,16384:CTR:18,8fea66d89f292389c55eeef934cfa9b6aee9c6a44fad1daeb387f64beffeda97,0,462,True,1,280.2408408859289,,5.846399813890457e-05,,,58463.99813890457,,,,,,,,,58463.99813890457
1a68b061-2098-4352-95ab-257dbc02c55a,2004,AES-128,encrypt,cpu_aesni,aesni,transform,bytes,CTR,16384,18,16384:CTR:18,8fea66d89f292389c55eeef934cfa9b6aee9c6a44fad1daeb387f64beffeda97,1,463,True,,,,,,,,,,,12200,1.22e-05,1342.950819672131,0,0.0,
1a68b061-2098-4352-95ab-257dbc02c55a,2004,AES-128,encrypt,cuda_optimized_v1,optimized,pipeline,pinned,CTR,16384,18,16384:CTR:18,8fea66d89f292389c55eeef934cfa9b6aee9c6a44fad1daeb387f64beffeda97,2,464,True,,287.96399892934573,77.61250592136429,5.689600110054016e-05,0.0002111,44200,56896.00110054016,50300,94500,211100,,,,,,
1a68b061-2098-4352-95ab-257dbc02c55a,2004,AES-128,encrypt,cuda_baseline,baseline,pipeline,pinned,CTR,16384,18,16384:CTR:18,8fea66d89f292389c55eeef934cfa9b6aee9c6a44fad1daeb387f64beffeda97,3,465,True,,283.3425532143642,79.49539058709364,5.7824000716209414e-05,0.0002061,42100,57824.00071620941,48100,90200,206100,,,,,,
1a68b061-2098-4352-95ab-257dbc02c55a,2004,AES-128,encrypt,cpu_software,software,transform,bytes,CTR,16384,18,16384:CTR:18,8fea66d89f292389c55eeef934cfa9b6aee9c6a44fad1daeb387f64beffeda97,4,466,True,,,,,,,,,,,61900,6.19e-05,264.6849757673667,0,0.0,
1a68b061-2098-4352-95ab-257dbc02c55a,2004,AES-128,encrypt,cuda_baseline,baseline,resident,pinned,CTR,16384,18,16384:CTR:18,8fea66d89f292389c55eeef934cfa9b6aee9c6a44fad1daeb387f64beffeda97,5,467,True,1,289.5927670200126,,5.6575998663902286e-05,,,56575.99866390228,,,,,,,,,56575.99866390228
1a68b061-2098-4352-95ab-257dbc02c55a,2004,AES-128,encrypt,cuda_baseline,baseline,resident,pinned,CTR,16384,19,16384:CTR:19,62cff20b760c8052854d2b558866dd782a2a171b06f923113591158df3b849f3,0,468,True,1,279.0190731503128,,5.872000008821488e-05,,,58720.000088214874,,,,,,,,,58720.000088214874
1a68b061-2098-4352-95ab-257dbc02c55a,2004,AES-128,encrypt,cpu_aesni,aesni,transform,bytes,CTR,16384,19,16384:CTR:19,62cff20b760c8052854d2b558866dd782a2a171b06f923113591158df3b849f3,1,469,True,,,,,,,,,,,12400,1.24e-05,1321.2903225806451,0,0.0,
1a68b061-2098-4352-95ab-257dbc02c55a,2004,AES-128,encrypt,cpu_software,software,transform,bytes,CTR,16384,19,16384:CTR:19,62cff20b760c8052854d2b558866dd782a2a171b06f923113591158df3b849f3,2,470,True,,,,,,,,,,,60200,6.02e-05,272.1594684385382,0,0.0,
1a68b061-2098-4352-95ab-257dbc02c55a,2004,AES-128,encrypt,cuda_optimized_v1,optimized,pipeline,pinned,CTR,16384,19,16384:CTR:19,62cff20b760c8052854d2b558866dd782a2a171b06f923113591158df3b849f3,3,471,True,,285.39575732376625,77.90775083214456,5.740800127387047e-05,0.0002103,43500,57408.00127387047,50000,93500,210300,,,,,,
1a68b061-2098-4352-95ab-257dbc02c55a,2004,AES-128,encrypt,cuda_optimized_v1,optimized,resident,pinned,CTR,16384,19,16384:CTR:19,62cff20b760c8052854d2b558866dd782a2a171b06f923113591158df3b849f3,4,472,True,1,286.6741355268605,,5.7151999324560164e-05,,,57151.999324560165,,,,,,,,,57151.999324560165
1a68b061-2098-4352-95ab-257dbc02c55a,2004,AES-128,encrypt,cuda_baseline,baseline,pipeline,pinned,CTR,16384,19,16384:CTR:19,62cff20b760c8052854d2b558866dd782a2a171b06f923113591158df3b849f3,5,473,True,,270.18469743037286,77.61250592136429,6.063999980688095e-05,0.0002111,41800,60639.99980688095,49800,91600,211100,,,,,,
1a68b061-2098-4352-95ab-257dbc02c55a,2004,AES-128,encrypt,cuda_optimized_v1,optimized,resident,pinned,ECB,16384,19,16384:ECB:19,be293951e2b549801ee608752111f910559442de1eb4f4f5e786f5903a3ee2fa,0,474,True,1,232.72727398832967,,7.039999961853027e-05,,,70399.99961853027,,,,,,,,,70399.99961853027
1a68b061-2098-4352-95ab-257dbc02c55a,2004,AES-128,encrypt,cuda_optimized_v1,optimized,pipeline,pinned,ECB,16384,19,16384:ECB:19,be293951e2b549801ee608752111f910559442de1eb4f4f5e786f5903a3ee2fa,1,475,True,,165.32127512341827,39.27133269415149,9.910400211811065e-05,0.0004172,114900,99104.00211811066,99300,214200,417200,,,,,,
1a68b061-2098-4352-95ab-257dbc02c55a,2004,AES-128,encrypt,cuda_baseline,baseline,pipeline,pinned,ECB,16384,19,16384:ECB:19,be293951e2b549801ee608752111f910559442de1eb4f4f5e786f5903a3ee2fa,2,476,True,,183.24981531897257,41.4889845530514,8.94080027937889e-05,0.0003949,84600,89408.00279378891,75000,159600,394900,,,,,,
1a68b061-2098-4352-95ab-257dbc02c55a,2004,AES-128,encrypt,cpu_aesni,aesni,transform,bytes,ECB,16384,19,16384:ECB:19,be293951e2b549801ee608752111f910559442de1eb4f4f5e786f5903a3ee2fa,3,477,True,,,,,,,,,,,36800,3.68e-05,445.2173913043478,0,0.0,
1a68b061-2098-4352-95ab-257dbc02c55a,2004,AES-128,encrypt,cuda_baseline,baseline,resident,pinned,ECB,16384,19,16384:ECB:19,be293951e2b549801ee608752111f910559442de1eb4f4f5e786f5903a3ee2fa,4,478,True,1,169.59258381186112,,9.66079980134964e-05,,,96607.9980134964,,,,,,,,,96607.9980134964
1a68b061-2098-4352-95ab-257dbc02c55a,2004,AES-128,encrypt,cpu_software,software,transform,bytes,ECB,16384,19,16384:ECB:19,be293951e2b549801ee608752111f910559442de1eb4f4f5e786f5903a3ee2fa,5,479,True,,,,,,,,,,,59500,5.95e-05,275.3613445378151,0,0.0,
1a68b061-2098-4352-95ab-257dbc02c55a,2004,AES-128,encrypt,cuda_baseline,baseline,resident,pinned,ECB,1048576,0,1048576:ECB:0,dd21336b981a589934b32040eedfd2d476b7268116c6cb23f5e3517a67d4277f,0,480,True,1,4448.547253629816,,0.00023571200668811798,,,235712.00668811798,,,,,,,,,235712.00668811798
1a68b061-2098-4352-95ab-257dbc02c55a,2004,AES-128,encrypt,cuda_optimized_v1,optimized,pipeline,pinned,ECB,1048576,0,1048576:ECB:0,dd21336b981a589934b32040eedfd2d476b7268116c6cb23f5e3517a67d4277f,1,481,True,,5382.391774872035,1180.0315102408283,0.00019481599330902098,0.0008886,378000,194815.993309021,233700,611700,888600,,,,,,
1a68b061-2098-4352-95ab-257dbc02c55a,2004,AES-128,encrypt,cuda_baseline,baseline,pipeline,pinned,ECB,1048576,0,1048576:ECB:0,dd21336b981a589934b32040eedfd2d476b7268116c6cb23f5e3517a67d4277f,2,482,True,,4701.291256548838,1277.8162320253473,0.00022303999960422515,0.0008206,227300,223039.99960422516,260500,487800,820600,,,,,,
1a68b061-2098-4352-95ab-257dbc02c55a,2004,AES-128,encrypt,cuda_optimized_v1,optimized,resident,pinned,ECB,1048576,0,1048576:ECB:0,dd21336b981a589934b32040eedfd2d476b7268116c6cb23f5e3517a67d4277f,3,483,True,1,6135.18076548265,,0.0001709119975566864,,,170911.9975566864,,,,,,,,,170911.9975566864
1a68b061-2098-4352-95ab-257dbc02c55a,2004,AES-128,encrypt,cpu_software,software,transform,bytes,ECB,1048576,0,1048576:ECB:0,dd21336b981a589934b32040eedfd2d476b7268116c6cb23f5e3517a67d4277f,4,484,True,,,,,,,,,,,3975900,0.0039759,263.7329912724163,0,0.0,
1a68b061-2098-4352-95ab-257dbc02c55a,2004,AES-128,encrypt,cpu_aesni,aesni,transform,bytes,ECB,1048576,0,1048576:ECB:0,dd21336b981a589934b32040eedfd2d476b7268116c6cb23f5e3517a67d4277f,5,485,True,,,,,,,,,,,616900,0.0006169,1699.7503647268602,0,0.0,
1a68b061-2098-4352-95ab-257dbc02c55a,2004,AES-128,encrypt,cuda_optimized_v1,optimized,resident,pinned,CTR,1048576,0,1048576:CTR:0,2d8fac6c89b56f28f54d9c9572ddfb3a38809b3aef74c9372288d359e154b20b,0,486,True,1,5703.742180227204,,0.00018384000658988952,,,183840.00658988953,,,,,,,,,183840.00658988953
1a68b061-2098-4352-95ab-257dbc02c55a,2004,AES-128,encrypt,cuda_optimized_v1,optimized,pipeline,pinned,CTR,1048576,0,1048576:CTR:0,2d8fac6c89b56f28f54d9c9572ddfb3a38809b3aef74c9372288d359e154b20b,1,487,True,,5667.243375091228,1461.4299651567944,0.00018502399325370789,0.0007175,227600,185023.9932537079,216300,443900,717500,,,,,,
1a68b061-2098-4352-95ab-257dbc02c55a,2004,AES-128,encrypt,cuda_baseline,baseline,pipeline,pinned,CTR,1048576,0,1048576:CTR:0,2d8fac6c89b56f28f54d9c9572ddfb3a38809b3aef74c9372288d359e154b20b,2,488,True,,5858.752032546502,1546.1161899144795,0.00017897599935531617,0.0006782,211200,178975.99935531616,223600,434800,678200,,,,,,
1a68b061-2098-4352-95ab-257dbc02c55a,2004,AES-128,encrypt,cuda_baseline,baseline,resident,pinned,CTR,1048576,0,1048576:CTR:0,2d8fac6c89b56f28f54d9c9572ddfb3a38809b3aef74c9372288d359e154b20b,3,489,True,1,5851.428780069164,,0.00017919999361038207,,,179199.99361038208,,,,,,,,,179199.99361038208
1a68b061-2098-4352-95ab-257dbc02c55a,2004,AES-128,encrypt,cpu_software,software,transform,bytes,CTR,1048576,0,1048576:CTR:0,2d8fac6c89b56f28f54d9c9572ddfb3a38809b3aef74c9372288d359e154b20b,4,490,True,,,,,,,,,,,4397300,0.0043973,238.4590544197576,0,0.0,
1a68b061-2098-4352-95ab-257dbc02c55a,2004,AES-128,encrypt,cpu_aesni,aesni,transform,bytes,CTR,1048576,0,1048576:CTR:0,2d8fac6c89b56f28f54d9c9572ddfb3a38809b3aef74c9372288d359e154b20b,5,491,True,,,,,,,,,,,839200,0.0008392,1249.4947569113442,0,0.0,
1a68b061-2098-4352-95ab-257dbc02c55a,2004,AES-128,encrypt,cpu_aesni,aesni,transform,bytes,ECB,1048576,1,1048576:ECB:1,44fad267673936cd835a19cfa87038e440961d8594f961f3840ad1869311786a,0,492,True,,,,,,,,,,,593600,0.0005936,1766.4690026954179,0,0.0,
1a68b061-2098-4352-95ab-257dbc02c55a,2004,AES-128,encrypt,cuda_optimized_v1,optimized,resident,pinned,ECB,1048576,1,1048576:ECB:1,44fad267673936cd835a19cfa87038e440961d8594f961f3840ad1869311786a,1,493,True,1,5925.497074684236,,0.0001769600063562393,,,176960.00635623932,,,,,,,,,176960.00635623932
1a68b061-2098-4352-95ab-257dbc02c55a,2004,AES-128,encrypt,cuda_optimized_v1,optimized,pipeline,pinned,ECB,1048576,1,1048576:ECB:1,44fad267673936cd835a19cfa87038e440961d8594f961f3840ad1869311786a,2,494,True,,6207.236316329301,1639.1683601688292,0.00016892799735069276,0.0006397,211000,168927.99735069275,205900,416900,639700,,,,,,
1a68b061-2098-4352-95ab-257dbc02c55a,2004,AES-128,encrypt,cuda_baseline,baseline,pipeline,pinned,ECB,1048576,1,1048576:ECB:1,44fad267673936cd835a19cfa87038e440961d8594f961f3840ad1869311786a,3,495,True,,6082.792122956022,1638.4,0.00017238399386405946,0.00064,208800,172383.99386405945,204900,413700,640000,,,,,,
1a68b061-2098-4352-95ab-257dbc02c55a,2004,AES-128,encrypt,cuda_baseline,baseline,resident,pinned,ECB,1048576,1,1048576:ECB:1,44fad267673936cd835a19cfa87038e440961d8594f961f3840ad1869311786a,4,496,True,1,6063.656359358146,,0.00017292800545692444,,,172928.00545692444,,,,,,,,,172928.00545692444
1a68b061-2098-4352-95ab-257dbc02c55a,2004,AES-128,encrypt,cpu_software,software,transform,bytes,ECB,1048576,1,1048576:ECB:1,44fad267673936cd835a19cfa87038e440961d8594f961f3840ad1869311786a,5,497,True,,,,,,,,,,,4171300,0.0041713,251.3787068779517,0,0.0,
1a68b061-2098-4352-95ab-257dbc02c55a,2004,AES-128,encrypt,cuda_baseline,baseline,pipeline,pinned,CTR,1048576,1,1048576:CTR:1,d6bde971c24d5afdd8f359f8a359119601f936e47217af4103c5fdcfbc08a571,0,498,True,,3684.695843935763,1020.1147971592567,0.0002845759987831116,0.0010279,266700,284575.9987831116,343700,610400,1027900,,,,,,
1a68b061-2098-4352-95ab-257dbc02c55a,2004,AES-128,encrypt,cuda_optimized_v1,optimized,resident,pinned,CTR,1048576,1,1048576:CTR:1,d6bde971c24d5afdd8f359f8a359119601f936e47217af4103c5fdcfbc08a571,1,499,True,1,6022.422105949792,,0.000174112007021904,,,174112.007021904,,,,,,,,,174112.007021904
1a68b061-2098-4352-95ab-257dbc02c55a,2004,AES-128,encrypt,cpu_software,software,transform,bytes,CTR,1048576,1,1048576:CTR:1,d6bde971c24d5afdd8f359f8a359119601f936e47217af4103c5fdcfbc08a571,2,500,True,,,,,,,,,,,4692000,0.004692,223.48167092924126,15625000,3.330136402387042,
1a68b061-2098-4352-95ab-257dbc02c55a,2004,AES-128,encrypt,cpu_aesni,aesni,transform,bytes,CTR,1048576,1,1048576:CTR:1,d6bde971c24d5afdd8f359f8a359119601f936e47217af4103c5fdcfbc08a571,3,501,True,,,,,,,,,,,762600,0.0007626,1375.0013113034356,0,0.0,
1a68b061-2098-4352-95ab-257dbc02c55a,2004,AES-128,encrypt,cuda_optimized_v1,optimized,pipeline,pinned,CTR,1048576,1,1048576:CTR:1,d6bde971c24d5afdd8f359f8a359119601f936e47217af4103c5fdcfbc08a571,4,502,True,,4955.837828856661,1232.4588622472966,0.00021158400177955628,0.0008508,248500,211584.00177955627,288500,537000,850800,,,,,,
1a68b061-2098-4352-95ab-257dbc02c55a,2004,AES-128,encrypt,cuda_baseline,baseline,resident,pinned,CTR,1048576,1,1048576:CTR:1,d6bde971c24d5afdd8f359f8a359119601f936e47217af4103c5fdcfbc08a571,5,503,True,1,5894.585159190481,,0.00017788800597190856,,,177888.00597190857,,,,,,,,,177888.00597190857
1a68b061-2098-4352-95ab-257dbc02c55a,2004,AES-128,encrypt,cuda_baseline,baseline,resident,pinned,ECB,1048576,2,1048576:ECB:2,172c7bb70d972d35bc938b4043bfd0379b076811b2e56160071365264722baab,0,504,True,1,4581.014819828798,,0.00022889600694179534,,,228896.00694179535,,,,,,,,,228896.00694179535
1a68b061-2098-4352-95ab-257dbc02c55a,2004,AES-128,encrypt,cpu_aesni,aesni,transform,bytes,ECB,1048576,2,1048576:ECB:2,172c7bb70d972d35bc938b4043bfd0379b076811b2e56160071365264722baab,1,505,True,,,,,,,,,,,679100,0.0006791,1544.0671476954792,0,0.0,
1a68b061-2098-4352-95ab-257dbc02c55a,2004,AES-128,encrypt,cpu_software,software,transform,bytes,ECB,1048576,2,1048576:ECB:2,172c7bb70d972d35bc938b4043bfd0379b076811b2e56160071365264722baab,2,506,True,,,,,,,,,,,4197800,0.0041978,249.79179570251083,0,0.0,
1a68b061-2098-4352-95ab-257dbc02c55a,2004,AES-128,encrypt,cuda_optimized_v1,optimized,pipeline,pinned,ECB,1048576,2,1048576:ECB:2,172c7bb70d972d35bc938b4043bfd0379b076811b2e56160071365264722baab,3,507,True,,5891.405993824672,1289.9200393652357,0.00017798399925231934,0.0008129,256100,177983.99925231934,299400,555500,812900,,,,,,
1a68b061-2098-4352-95ab-257dbc02c55a,2004,AES-128,encrypt,cuda_baseline,baseline,pipeline,pinned,ECB,1048576,2,1048576:ECB:2,172c7bb70d972d35bc938b4043bfd0379b076811b2e56160071365264722baab,4,508,True,,5711.695863988271,1546.8004130402715,0.00018358400464057922,0.0006779,214500,183584.00464057922,215200,429700,677900,,,,,,
1a68b061-2098-4352-95ab-257dbc02c55a,2004,AES-128,encrypt,cuda_optimized_v1,optimized,resident,pinned,ECB,1048576,2,1048576:ECB:2,172c7bb70d972d35bc938b4043bfd0379b076811b2e56160071365264722baab,5,509,True,1,5553.898096081863,,0.00018880000710487366,,,188800.00710487366,,,,,,,,,188800.00710487366
1a68b061-2098-4352-95ab-257dbc02c55a,2004,AES-128,encrypt,cuda_optimized_v1,optimized,pipeline,pinned,CTR,1048576,2,1048576:CTR:2,96f4e2825e9920945d3c06698763a7f72161918c3709e58691b3785b0dc20155,0,510,True,,3109.213420697913,1025.7028269588184,0.00033724799752235415,0.0010223,316100,337247.9975223541,266000,582100,1022300,,,,,,
1a68b061-2098-4352-95ab-257dbc02c55a,2004,AES-128,encrypt,cuda_optimized_v1,optimized,resident,pinned,CTR,1048576,2,1048576:CTR:2,96f4e2825e9920945d3c06698763a7f72161918c3709e58691b3785b0dc20155,1,511,True,1,4653.884503939041,,0.00022531199455261232,,,225311.9945526123,,,,,,,,,225311.9945526123
1a68b061-2098-4352-95ab-257dbc02c55a,2004,AES-128,encrypt,cpu_software,software,transform,bytes,CTR,1048576,2,1048576:CTR:2,96f4e2825e9920945d3c06698763a7f72161918c3709e58691b3785b0dc20155,2,512,True,,,,,,,,,,,4342900,0.0043429,241.44603836146354,0,0.0,
1a68b061-2098-4352-95ab-257dbc02c55a,2004,AES-128,encrypt,cuda_baseline,baseline,pipeline,pinned,CTR,1048576,2,1048576:CTR:2,96f4e2825e9920945d3c06698763a7f72161918c3709e58691b3785b0dc20155,3,513,True,,4468.5666369136225,1163.1458679977816,0.00023465600609779357,0.0009015,296800,234656.00609779358,241100,537900,901500,,,,,,
1a68b061-2098-4352-95ab-257dbc02c55a,2004,AES-128,encrypt,cpu_aesni,aesni,transform,bytes,CTR,1048576,2,1048576:CTR:2,96f4e2825e9920945d3c06698763a7f72161918c3709e58691b3785b0dc20155,4,514,True,,,,,,,,,,,724100,0.0007241,1448.1093771578512,0,0.0,
1a68b061-2098-4352-95ab-257dbc02c55a,2004,AES-128,encrypt,cuda_baseline,baseline,resident,pinned,CTR,1048576,2,1048576:CTR:2,96f4e2825e9920945d3c06698763a7f72161918c3709e58691b3785b0dc20155,5,515,True,1,5638.960808215576,,0.00018595199286937714,,,185951.99286937714,,,,,,,,,185951.99286937714
1a68b061-2098-4352-95ab-257dbc02c55a,2004,AES-128,encrypt,cuda_optimized_v1,optimized,resident,pinned,ECB,1048576,3,1048576:ECB:3,464e051a384de335507464fbcbee029adebb261a5c7b46aac20666fa3b13c8ff,0,516,True,1,5802.727188423695,,0.00018070399761199951,,,180703.9976119995,,,,,,,,,180703.9976119995
1a68b061-2098-4352-95ab-257dbc02c55a,2004,AES-128,encrypt,cpu_aesni,aesni,transform,bytes,ECB,1048576,3,1048576:ECB:3,464e051a384de335507464fbcbee029adebb261a5c7b46aac20666fa3b13c8ff,1,517,True,,,,,,,,,,,738100,0.0007381,1420.6421894052296,0,0.0,
1a68b061-2098-4352-95ab-257dbc02c55a,2004,AES-128,encrypt,cuda_optimized_v1,optimized,pipeline,pinned,ECB,1048576,3,1048576:ECB:3,464e051a384de335507464fbcbee029adebb261a5c7b46aac20666fa3b13c8ff,2,518,True,,5153.011297771673,1338.835546475996,0.00020348800718784333,0.0007832,266600,203488.00718784332,249400,516000,783200,,,,,,
1a68b061-2098-4352-95ab-257dbc02c55a,2004,AES-128,encrypt,cuda_baseline,baseline,resident,pinned,ECB,1048576,3,1048576:ECB:3,464e051a384de335507464fbcbee029adebb261a5c7b46aac20666fa3b13c8ff,3,519,True,1,6217.836715974983,,0.00016864000260829925,,,168640.00260829926,,,,,,,,,168640.00260829926
1a68b061-2098-4352-95ab-257dbc02c55a,2004,AES-128,encrypt,cpu_software,software,transform,bytes,ECB,1048576,3,1048576:ECB:3,464e051a384de335507464fbcbee029adebb261a5c7b46aac20666fa3b13c8ff,4,520,True,,,,,,,,,,,3729100,0.0037291,281.1874178756268,0,0.0,
1a68b061-2098-4352-95ab-257dbc02c55a,2004,AES-128,encrypt,cuda_baseline,baseline,pipeline,pinned,ECB,1048576,3,1048576:ECB:3,464e051a384de335507464fbcbee029adebb261a5c7b46aac20666fa3b13c8ff,5,521,True,,5268.167317169846,1454.3356449375867,0.0001990399956703186,0.000721,256400,199039.9956703186,207700,464100,721000,,,,,,
1a68b061-2098-4352-95ab-257dbc02c55a,2004,AES-128,encrypt,cuda_baseline,baseline,pipeline,pinned,CTR,1048576,3,1048576:CTR:3,70a00994693e3bf4cbc041dd89b3aad0dbc503674070a0411656c5084e2179c9,0,522,True,,4929.001304150304,1200.9804146145916,0.00021273599565029144,0.0008731,254100,212735.99565029144,301100,555200,873100,,,,,,
1a68b061-2098-4352-95ab-257dbc02c55a,2004,AES-128,encrypt,cpu_aesni,aesni,transform,bytes,CTR,1048576,3,1048576:CTR:3,70a00994693e3bf4cbc041dd89b3aad0dbc503674070a0411656c5084e2179c9,1,523,True,,,,,,,,,,,785000,0.000785,1335.7656050955413,0,0.0,
1a68b061-2098-4352-95ab-257dbc02c55a,2004,AES-128,encrypt,cuda_baseline,baseline,resident,pinned,CTR,1048576,3,1048576:CTR:3,70a00994693e3bf4cbc041dd89b3aad0dbc503674070a0411656c5084e2179c9,2,524,True,1,5048.220743231877,,0.00020771199464797975,,,207711.99464797974,,,,,,,,,207711.99464797974
1a68b061-2098-4352-95ab-257dbc02c55a,2004,AES-128,encrypt,cuda_optimized_v1,optimized,pipeline,pinned,CTR,1048576,3,1048576:CTR:3,70a00994693e3bf4cbc041dd89b3aad0dbc503674070a0411656c5084e2179c9,3,525,True,,4937.914575406781,1393.6416799574695,0.00021235199272632598,0.0007524,243000,212351.992726326,204200,447200,752400,,,,,,
1a68b061-2098-4352-95ab-257dbc02c55a,2004,AES-128,encrypt,cuda_optimized_v1,optimized,resident,pinned,CTR,1048576,3,1048576:CTR:3,70a00994693e3bf4cbc041dd89b3aad0dbc503674070a0411656c5084e2179c9,4,526,True,1,5851.428780069164,,0.00017919999361038207,,,179199.99361038208,,,,,,,,,179199.99361038208
1a68b061-2098-4352-95ab-257dbc02c55a,2004,AES-128,encrypt,cpu_software,software,transform,bytes,CTR,1048576,3,1048576:CTR:3,70a00994693e3bf4cbc041dd89b3aad0dbc503674070a0411656c5084e2179c9,5,527,True,,,,,,,,,,,4217000,0.004217,248.6544937159118,15625000,3.7052406924353805,
1a68b061-2098-4352-95ab-257dbc02c55a,2004,AES-128,encrypt,cpu_software,software,transform,bytes,ECB,1048576,4,1048576:ECB:4,9c9268bc84685496a5cf6a584e1e5a3f55493f7bde0816da2b80a95a7a2bf6d0,0,528,True,,,,,,,,,,,3747100,0.0037471,279.8366736943236,0,0.0,
1a68b061-2098-4352-95ab-257dbc02c55a,2004,AES-128,encrypt,cuda_baseline,baseline,pipeline,pinned,ECB,1048576,4,1048576:ECB:4,9c9268bc84685496a5cf6a584e1e5a3f55493f7bde0816da2b80a95a7a2bf6d0,1,529,True,,5281.753529757024,1130.052807414592,0.00019852800667285919,0.0009279,312700,198528.0066728592,299800,612500,927900,,,,,,
1a68b061-2098-4352-95ab-257dbc02c55a,2004,AES-128,encrypt,cuda_optimized_v1,optimized,resident,pinned,ECB,1048576,4,1048576:ECB:4,9c9268bc84685496a5cf6a584e1e5a3f55493f7bde0816da2b80a95a7a2bf6d0,2,530,True,1,5788.376579208606,,0.00018115200102329255,,,181152.00102329254,,,,,,,,,181152.00102329254
1a68b061-2098-4352-95ab-257dbc02c55a,2004,AES-128,encrypt,cuda_baseline,baseline,resident,pinned,ECB,1048576,4,1048576:ECB:4,9c9268bc84685496a5cf6a584e1e5a3f55493f7bde0816da2b80a95a7a2bf6d0,3,531,True,1,5892.465170041224,,0.00017795200645923613,,,177952.00645923615,,,,,,,,,177952.00645923615
1a68b061-2098-4352-95ab-257dbc02c55a,2004,AES-128,encrypt,cuda_optimized_v1,optimized,pipeline,pinned,ECB,1048576,4,1048576:ECB:4,9c9268bc84685496a5cf6a584e1e5a3f55493f7bde0816da2b80a95a7a2bf6d0,4,532,True,,6055.8122444103,1467.7715565509518,0.00017315199971199035,0.0007144,209900,173151.99971199036,230500,440400,714400,,,,,,
1a68b061-2098-4352-95ab-257dbc02c55a,2004,AES-128,encrypt,cpu_aesni,aesni,transform,bytes,ECB,1048576,4,1048576:ECB:4,9c9268bc84685496a5cf6a584e1e5a3f55493f7bde0816da2b80a95a7a2bf6d0,5,533,True,,,,,,,,,,,543300,0.0005433,1930.0128842260262,0,0.0,
1a68b061-2098-4352-95ab-257dbc02c55a,2004,AES-128,encrypt,cpu_software,software,transform,bytes,CTR,1048576,4,1048576:CTR:4,d3eeedd06a0bd39efa13279b2edf13494c8cbeeeea40131a480e144a22d9332e,0,534,True,,,,,,,,,,,4159400,0.0041594,252.09789873539452,0,0.0,
1a68b061-2098-4352-95ab-257dbc02c55a,2004,AES-128,encrypt,cuda_optimized_v1,optimized,pipeline,pinned,CTR,1048576,4,1048576:CTR:4,d3eeedd06a0bd39efa13279b2edf13494c8cbeeeea40131a480e144a22d9332e,1,535,True,,4855.9572056503175,1161.7283403500996,0.00021593600511550902,0.0009026,250600,215936.00511550903,287700,538300,902600,,,,,,
1a68b061-2098-4352-95ab-257dbc02c55a,2004,AES-128,encrypt,cuda_optimized_v1,optimized,resident,pinned,CTR,1048576,4,1048576:CTR:4,d3eeedd06a0bd39efa13279b2edf13494c8cbeeeea40131a480e144a22d9332e,2,536,True,1,4879.094760108442,,0.00021491199731826782,,,214911.99731826782,,,,,,,,,214911.99731826782
1a68b061-2098-4352-95ab-257dbc02c55a,2004,AES-128,encrypt,cuda_baseline,baseline,resident,pinned,CTR,1048576,4,1048576:CTR:4,d3eeedd06a0bd39efa13279b2edf13494c8cbeeeea40131a480e144a22d9332e,3,537,True,1,4868.221807370773,,0.00021539199352264404,,,215391.99352264404,,,,,,,,,215391.99352264404
1a68b061-2098-4352-95ab-257dbc02c55a,2004,AES-128,encrypt,cpu_aesni,aesni,transform,bytes,CTR,1048576,4,1048576:CTR:4,d3eeedd06a0bd39efa13279b2edf13494c8cbeeeea40131a480e144a22d9332e,4,538,True,,,,,,,,,,,743100,0.0007431,1411.0832996904858,0,0.0,
1a68b061-2098-4352-95ab-257dbc02c55a,2004,AES-128,encrypt,cuda_baseline,baseline,pipeline,pinned,CTR,1048576,4,1048576:CTR:4,d3eeedd06a0bd39efa13279b2edf13494c8cbeeeea40131a480e144a22d9332e,5,539,True,,5909.467903900612,1454.1339620024962,0.00017744000256061555,0.0007211,210100,177440.00256061554,230100,440200,721100,,,,,,
1a68b061-2098-4352-95ab-257dbc02c55a,2004,AES-128,encrypt,cuda_baseline,baseline,pipeline,pinned,ECB,1048576,5,1048576:ECB:5,74a8257e8b45d2b828691bfcb72b6c096066811ccf8ca5ec843f5e42f127a5a3,0,540,True,,4427.5099293677185,1240.9183431952663,0.00023683199286460876,0.000845,254900,236831.99286460876,258400,513300,845000,,,,,,
1a68b061-2098-4352-95ab-257dbc02c55a,2004,AES-128,encrypt,cuda_optimized_v1,optimized,pipeline,pinned,ECB,1048576,5,1048576:ECB:5,74a8257e8b45d2b828691bfcb72b6c096066811ccf8ca5ec843f5e42f127a5a3,1,541,True,,4256.69008085581,1333.2180546726001,0.0002463359981775284,0.0007865,240700,246335.99817752838,208300,449000,786500,,,,,,
1a68b061-2098-4352-95ab-257dbc02c55a,2004,AES-128,encrypt,cuda_optimized_v1,optimized,resident,pinned,ECB,1048576,5,1048576:ECB:5,74a8257e8b45d2b828691bfcb72b6c096066811ccf8ca5ec843f5e42f127a5a3,2,542,True,1,6054.693015275789,,0.00017318400740623475,,,173184.00740623474,,,,,,,,,173184.00740623474
1a68b061-2098-4352-95ab-257dbc02c55a,2004,AES-128,encrypt,cpu_software,software,transform,bytes,ECB,1048576,5,1048576:ECB:5,74a8257e8b45d2b828691bfcb72b6c096066811ccf8ca5ec843f5e42f127a5a3,3,543,True,,,,,,,,,,,3906400,0.0039064,268.42514847429857,15625000,3.9998464058980137,
1a68b061-2098-4352-95ab-257dbc02c55a,2004,AES-128,encrypt,cpu_aesni,aesni,transform,bytes,ECB,1048576,5,1048576:ECB:5,74a8257e8b45d2b828691bfcb72b6c096066811ccf8ca5ec843f5e42f127a5a3,4,544,True,,,,,,,,,,,734700,0.0007347,1427.2165509731863,0,0.0,
1a68b061-2098-4352-95ab-257dbc02c55a,2004,AES-128,encrypt,cuda_baseline,baseline,resident,pinned,ECB,1048576,5,1048576:ECB:5,74a8257e8b45d2b828691bfcb72b6c096066811ccf8ca5ec843f5e42f127a5a3,5,545,True,1,5120.800074172806,,0.00020476800203323364,,,204768.00203323364,,,,,,,,,204768.00203323364
1a68b061-2098-4352-95ab-257dbc02c55a,2004,AES-128,encrypt,cuda_optimized_v1,optimized,pipeline,pinned,CTR,1048576,5,1048576:CTR:5,ca7a3d2e7a5183a7ba342cc8b7833e33ef953b83bf1503eeb5164b90e5a3abe6,0,546,True,,4338.982919669299,1274.5545156193023,0.00024166400730609895,0.0008227,245000,241664.00730609894,240700,485700,822700,,,,,,
1a68b061-2098-4352-95ab-257dbc02c55a,2004,AES-128,encrypt,cuda_optimized_v1,optimized,resident,pinned,CTR,1048576,5,1048576:CTR:5,ca7a3d2e7a5183a7ba342cc8b7833e33ef953b83bf1503eeb5164b90e5a3abe6,1,547,True,1,4811.747312749054,,0.00021792000532150268,,,217920.0053215027,,,,,,,,,217920.0053215027
1a68b061-2098-4352-95ab-257dbc02c55a,2004,AES-128,encrypt,cpu_software,software,transform,bytes,CTR,1048576,5,1048576:CTR:5,ca7a3d2e7a5183a7ba342cc8b7833e33ef953b83bf1503eeb5164b90e5a3abe6,2,548,True,,,,,,,,,,,4000600,0.0040006,262.1046842973554,0,0.0,
1a68b061-2098-4352-95ab-257dbc02c55a,2004,AES-128,encrypt,cuda_baseline,baseline,resident,pinned,CTR,1048576,5,1048576:CTR:5,ca7a3d2e7a5183a7ba342cc8b7833e33ef953b83bf1503eeb5164b90e5a3abe6,3,549,True,1,3890.3005330234746,,0.00026953598856925966,,,269535.98856925964,,,,,,,,,269535.98856925964
1a68b061-2098-4352-95ab-257dbc02c55a,2004,AES-128,encrypt,cpu_aesni,aesni,transform,bytes,CTR,1048576,5,1048576:CTR:5,ca7a3d2e7a5183a7ba342cc8b7833e33ef953b83bf1503eeb5164b90e5a3abe6,4,550,True,,,,,,,,,,,839700,0.0008397,1248.7507443134452,0,0.0,
1a68b061-2098-4352-95ab-257dbc02c55a,2004,AES-128,encrypt,cuda_baseline,baseline,pipeline,pinned,CTR,1048576,5,1048576:CTR:5,ca7a3d2e7a5183a7ba342cc8b7833e33ef953b83bf1503eeb5164b90e5a3abe6,5,551,True,,5037.355927056754,1330.5113564268495,0.00020815999805927276,0.0007881,244000,208159.99805927277,241000,485000,788100,,,,,,
1a68b061-2098-4352-95ab-257dbc02c55a,2004,AES-128,encrypt,cuda_optimized_v1,optimized,pipeline,pinned,ECB,1048576,6,1048576:ECB:6,cbdde5838c0dff76d35e3dabd0f6c9d55592912d9a8ca7814c942c5bebfa74f0,0,552,True,,3702.598925541233,1151.7750439367312,0.0002831999957561493,0.0009104,250200,283199.9957561493,296600,546800,910400,,,,,,
1a68b061-2098-4352-95ab-257dbc02c55a,2004,AES-128,encrypt,cuda_baseline,baseline,pipeline,pinned,ECB,1048576,6,1048576:ECB:6,cbdde5838c0dff76d35e3dabd0f6c9d55592912d9a8ca7814c942c5bebfa74f0,1,553,True,,5804.783086197164,1333.2180546726001,0.00018063999712467194,0.0007865,280200,180639.99712467194,252800,533000,786500,,,,,,
1a68b061-2098-4352-95ab-257dbc02c55a,2004,AES-128,encrypt,cuda_baseline,baseline,resident,pinned,ECB,1048576,6,1048576:ECB:6,cbdde5838c0dff76d35e3dabd0f6c9d55592912d9a8ca7814c942c5bebfa74f0,2,554,True,1,6083.921239581002,,0.00017235200107097625,,,172352.00107097626,,,,,,,,,172352.00107097626
1a68b061-2098-4352-95ab-257dbc02c55a,2004,AES-128,encrypt,cpu_software,software,transform,bytes,ECB,1048576,6,1048576:ECB:6,cbdde5838c0dff76d35e3dabd0f6c9d55592912d9a8ca7814c942c5bebfa74f0,3,555,True,,,,,,,,,,,3826500,0.0038265,274.0300535737619,0,0.0,
1a68b061-2098-4352-95ab-257dbc02c55a,2004,AES-128,encrypt,cuda_optimized_v1,optimized,resident,pinned,ECB,1048576,6,1048576:ECB:6,cbdde5838c0dff76d35e3dabd0f6c9d55592912d9a8ca7814c942c5bebfa74f0,4,556,True,1,5767.998404707597,,0.0001817920058965683,,,181792.0058965683,,,,,,,,,181792.0058965683
1a68b061-2098-4352-95ab-257dbc02c55a,2004,AES-128,encrypt,cpu_aesni,aesni,transform,bytes,ECB,1048576,6,1048576:ECB:6,cbdde5838c0dff76d35e3dabd0f6c9d55592912d9a8ca7814c942c5bebfa74f0,5,557,True,,,,,,,,,,,777300,0.0007773,1348.997812942236,15625000,20.101633860800206,
1a68b061-2098-4352-95ab-257dbc02c55a,2004,AES-128,encrypt,cpu_aesni,aesni,transform,bytes,CTR,1048576,6,1048576:CTR:6,6c8cd29811ac1e2af8c68ed3d9a1d2ea7471e7be896046d49bac686a10b37296,0,558,True,,,,,,,,,,,709400,0.0007094,1478.116718353538,0,0.0,
1a68b061-2098-4352-95ab-257dbc02c55a,2004,AES-128,encrypt,cuda_optimized_v1,optimized,resident,pinned,CTR,1048576,6,1048576:CTR:6,6c8cd29811ac1e2af8c68ed3d9a1d2ea7471e7be896046d49bac686a10b37296,1,559,True,1,4348.772472802631,,0.00024111999571323396,,,241119.99571323395,,,,,,,,,241119.99571323395
1a68b061-2098-4352-95ab-257dbc02c55a,2004,AES-128,encrypt,cuda_optimized_v1,optimized,pipeline,pinned,CTR,1048576,6,1048576:CTR:6,6c8cd29811ac1e2af8c68ed3d9a1d2ea7471e7be896046d49bac686a10b37296,2,560,True,,4315.5538893428575,1296.940012368584,0.00024297599494457246,0.0008085,245500,242975.99494457245,235700,481200,808500,,,,,,
1a68b061-2098-4352-95ab-257dbc02c55a,2004,AES-128,encrypt,cuda_baseline,baseline,resident,pinned,CTR,1048576,6,1048576:CTR:6,6c8cd29811ac1e2af8c68ed3d9a1d2ea7471e7be896046d49bac686a10b37296,3,561,True,1,4024.069602587528,,0.0002605760097503662,,,260576.0097503662,,,,,,,,,260576.0097503662
1a68b061-2098-4352-95ab-257dbc02c55a,2004,AES-128,encrypt,cpu_software,software,transform,bytes,CTR,1048576,6,1048576:CTR:6,6c8cd29811ac1e2af8c68ed3d9a1d2ea7471e7be896046d49bac686a10b37296,4,562,True,,,,,,,,,,,3906800,0.0039068,268.3976656086823,0,0.0,
1a68b061-2098-4352-95ab-257dbc02c55a,2004,AES-128,encrypt,cuda_baseline,baseline,pipeline,pinned,CTR,1048576,6,1048576:CTR:6,6c8cd29811ac1e2af8c68ed3d9a1d2ea7471e7be896046d49bac686a10b37296,5,563,True,,5884.000932632381,1583.234183904575,0.00017820799350738524,0.0006623,213100,178207.99350738525,209100,422200,662300,,,,,,
1a68b061-2098-4352-95ab-257dbc02c55a,2004,AES-128,encrypt,cpu_aesni,aesni,transform,bytes,ECB,1048576,7,1048576:ECB:7,c0e2617cdede05f0b29c0846469957d3952cdc8149d4ec2cd91405ee089b3338,0,564,True,,,,,,,,,,,574500,0.0005745,1825.1975630983463,0,0.0,
1a68b061-2098-4352-95ab-257dbc02c55a,2004,AES-128,encrypt,cuda_optimized_v1,optimized,resident,pinned,ECB,1048576,7,1048576:ECB:7,c0e2617cdede05f0b29c0846469957d3952cdc8149d4ec2cd91405ee089b3338,1,565,True,1,4168.956612909292,,0.00025152000784873965,,,251520.00784873962,,,,,,,,,251520.00784873962
1a68b061-2098-4352-95ab-257dbc02c55a,2004,AES-128,encrypt,cuda_baseline,baseline,resident,pinned,ECB,1048576,7,1048576:ECB:7,c0e2617cdede05f0b29c0846469957d3952cdc8149d4ec2cd91405ee089b3338,2,566,True,1,4373.732114206356,,0.00023974399268627167,,,239743.99268627167,,,,,,,,,239743.99268627167
1a68b061-2098-4352-95ab-257dbc02c55a,2004,AES-128,encrypt,cuda_optimized_v1,optimized,pipeline,pinned,ECB,1048576,7,1048576:ECB:7,c0e2617cdede05f0b29c0846469957d3952cdc8149d4ec2cd91405ee089b3338,3,567,True,,6158.241196775289,1658.6143625434988,0.00017027199268341065,0.0006322,207600,170271.99268341064,202300,409900,632200,,,,,,
1a68b061-2098-4352-95ab-257dbc02c55a,2004,AES-128,encrypt,cuda_baseline,baseline,pipeline,pinned,ECB,1048576,7,1048576:ECB:7,c0e2617cdede05f0b29c0846469957d3952cdc8149d4ec2cd91405ee089b3338,4,568,True,,4163.130428090326,1220.4096834264433,0.0002518720030784607,0.0008592,207200,251872.0030784607,309000,516200,859200,,,,,,
1a68b061-2098-4352-95ab-257dbc02c55a,2004,AES-128,encrypt,cpu_software,software,transform,bytes,ECB,1048576,7,1048576:ECB:7,c0e2617cdede05f0b29c0846469957d3952cdc8149d4ec2cd91405ee089b3338,5,569,True,,,,,,,,,,,3881600,0.0038816,270.1401483924155,0,0.0,
1a68b061-2098-4352-95ab-257dbc02c55a,2004,AES-128,encrypt,cpu_aesni,aesni,transform,bytes,CTR,1048576,7,1048576:CTR:7,06206b654b3768ff7c4789216b7643c07beb562a66dc96a55649c583c203637e,0,570,True,,,,,,,,,,,802200,0.0008022,1307.1254051358762,0,0.0,
1a68b061-2098-4352-95ab-257dbc02c55a,2004,AES-128,encrypt,cuda_optimized_v1,optimized,resident,pinned,CTR,1048576,7,1048576:CTR:7,06206b654b3768ff7c4789216b7643c07beb562a66dc96a55649c583c203637e,1,571,True,1,4719.57366121468,,0.00022217600047588347,,,222176.00047588348,,,,,,,,,222176.00047588348
1a68b061-2098-4352-95ab-257dbc02c55a,2004,AES-128,encrypt,cuda_baseline,baseline,resident,pinned,CTR,1048576,7,1048576:CTR:7,06206b654b3768ff7c4789216b7643c07beb562a66dc96a55649c583c203637e,2,572,True,1,4690.523831456746,,0.00022355200350284576,,,223552.00350284576,,,,,,,,,223552.00350284576
1a68b061-2098-4352-95ab-257dbc02c55a,2004,AES-128,encrypt,cuda_optimized_v1,optimized,pipeline,pinned,CTR,1048576,7,1048576:CTR:7,06206b654b3768ff7c4789216b7643c07beb562a66dc96a55649c583c203637e,3,573,True,,5704.735410319749,1456.7602111697695,0.00018380799889564515,0.0007198,207400,183807.99889564514,264800,472200,719800,,,,,,
1a68b061-2098-4352-95ab-257dbc02c55a,2004,AES-128,encrypt,cpu_software,software,transform,bytes,CTR,1048576,7,1048576:CTR:7,06206b654b3768ff7c4789216b7643c07beb562a66dc96a55649c583c203637e,4,574,True,,,,,,,,,,,4106500,0.0041065,255.34542798003164,0,0.0,
1a68b061-2098-4352-95ab-257dbc02c55a,2004,AES-128,encrypt,cuda_baseline,baseline,pipeline,pinned,CTR,1048576,7,1048576:CTR:7,06206b654b3768ff7c4789216b7643c07beb562a66dc96a55649c583c203637e,5,575,True,,5643.816768591683,1521.2186275932106,0.0001857919991016388,0.0006893,213400,185791.9991016388,218700,432100,689300,,,,,,
1a68b061-2098-4352-95ab-257dbc02c55a,2004,AES-128,encrypt,cuda_optimized_v1,optimized,resident,pinned,ECB,1048576,8,1048576:ECB:8,6793086fe6595fbf36b3d65e31da7013a7f39b612b36c5f2b26dad9634610217,0,576,True,1,5043.558659860477,,0.00020790399610996245,,,207903.99610996246,,,,,,,,,207903.99610996246
1a68b061-2098-4352-95ab-257dbc02c55a,2004,AES-128,encrypt,cuda_optimized_v1,optimized,pipeline,pinned,ECB,1048576,8,1048576:ECB:8,6793086fe6595fbf36b3d65e31da7013a7f39b612b36c5f2b26dad9634610217,1,577,True,,4317.828543108707,1114.3209351753453,0.0002428479939699173,0.000941,280900,242847.9939699173,261500,542400,941000,,,,,,
1a68b061-2098-4352-95ab-257dbc02c55a,2004,AES-128,encrypt,cpu_aesni,aesni,transform,bytes,ECB,1048576,8,1048576:ECB:8,6793086fe6595fbf36b3d65e31da7013a7f39b612b36c5f2b26dad9634610217,2,578,True,,,,,,,,,,,617000,0.000617,1699.4748784440842,0,0.0,
1a68b061-2098-4352-95ab-257dbc02c55a,2004,AES-128,encrypt,cuda_baseline,baseline,resident,pinned,ECB,1048576,8,1048576:ECB:8,6793086fe6595fbf36b3d65e31da7013a7f39b612b36c5f2b26dad9634610217,3,579,True,1,4423.923421673438,,0.0002370239943265915,,,237023.9943265915,,,,,,,,,237023.9943265915
1a68b061-2098-4352-95ab-257dbc02c55a,2004,AES-128,encrypt,cpu_software,software,transform,bytes,ECB,1048576,8,1048576:ECB:8,6793086fe6595fbf36b3d65e31da7013a7f39b612b36c5f2b26dad9634610217,4,580,True,,,,,,,,,,,3707300,0.0037073,282.84088150405955,0,0.0,
1a68b061-2098-4352-95ab-257dbc02c55a,2004,AES-128,encrypt,cuda_baseline,baseline,pipeline,pinned,ECB,1048576,8,1048576:ECB:8,6793086fe6595fbf36b3d65e31da7013a7f39b612b36c5f2b26dad9634610217,5,581,True,,3406.5909914738336,877.3960338047025,0.0003078080117702484,0.0011951,400700,307808.0117702484,318500,719200,1195100,,,,,,
1a68b061-2098-4352-95ab-257dbc02c55a,2004,AES-128,encrypt,cuda_optimized_v1,optimized,pipeline,pinned,CTR,1048576,8,1048576:CTR:8,8733068270c3aff6efae3830a8ebfb4e9efbab7046431b421bc0626fbf174775,0,582,True,,4897.324794863987,1181.094841180446,0.00021411199867725372,0.0008878,278000,214111.99867725372,272400,550400,887800,,,,,,
1a68b061-2098-4352-95ab-257dbc02c55a,2004,AES-128,encrypt,cuda_optimized_v1,optimized,resident,pinned,CTR,1048576,8,1048576:CTR:8,8733068270c3aff6efae3830a8ebfb4e9efbab7046431b421bc0626fbf174775,1,583,True,1,4828.765116333251,,0.00021715199947357179,,,217151.99947357178,,,,,,,,,217151.99947357178
1a68b061-2098-4352-95ab-257dbc02c55a,2004,AES-128,encrypt,cpu_aesni,aesni,transform,bytes,CTR,1048576,8,1048576:CTR:8,8733068270c3aff6efae3830a8ebfb4e9efbab7046431b421bc0626fbf174775,2,584,True,,,,,,,,,,,719600,0.0007196,1457.165091717621,0,0.0,
1a68b061-2098-4352-95ab-257dbc02c55a,2004,AES-128,encrypt,cuda_baseline,baseline,resident,pinned,CTR,1048576,8,1048576:CTR:8,8733068270c3aff6efae3830a8ebfb4e9efbab7046431b421bc0626fbf174775,3,585,True,1,4749.673765610452,,0.000220768004655838,,,220768.004655838,,,,,,,,,220768.004655838
1a68b061-2098-4352-95ab-257dbc02c55a,2004,AES-128,encrypt,cpu_software,software,transform,bytes,CTR,1048576,8,1048576:CTR:8,8733068270c3aff6efae3830a8ebfb4e9efbab7046431b421bc0626fbf174775,4,586,True,,,,,,,,,,,3980600,0.0039806,263.42159473446213,0,0.0,
1a68b061-2098-4352-95ab-257dbc02c55a,2004,AES-128,encrypt,cuda_baseline,baseline,pipeline,pinned,CTR,1048576,8,1048576:CTR:8,8733068270c3aff6efae3830a8ebfb4e9efbab7046431b421bc0626fbf174775,5,587,True,,4058.9618526722256,1265.9374622721236,0.00025833600759506224,0.0008283,242000,258336.00759506226,237100,479100,828300,,,,,,
1a68b061-2098-4352-95ab-257dbc02c55a,2004,AES-128,encrypt,cuda_baseline,baseline,pipeline,pinned,CTR,1048576,9,1048576:CTR:9,dc1af2104ea981ea6c201d5f60f48cdc8e7ca770caa8e2e229058a723ed010d2,0,588,True,,4346.465108087837,1206.6467203682394,0.0002412479966878891,0.000869,249900,241247.9966878891,284500,534400,869000,,,,,,
1a68b061-2098-4352-95ab-257dbc02c55a,2004,AES-128,encrypt,cuda_optimized_v1,optimized,pipeline,pinned,CTR,1048576,9,1048576:CTR:9,dc1af2104ea981ea6c201d5f60f48cdc8e7ca770caa8e2e229058a723ed010d2,1,589,True,,4298.0063831550815,1290.0787401574803,0.0002439679950475693,0.0008128,247300,243967.99504756927,234700,482000,812800,,,,,,
1a68b061-2098-4352-95ab-257dbc02c55a,2004,AES-128,encrypt,cuda_baseline,baseline,resident,pinned,CTR,1048576,9,1048576:CTR:9,dc1af2104ea981ea6c201d5f60f48cdc8e7ca770caa8e2e229058a723ed010d2,2,590,True,1,6068.1479907461035,,0.0001728000044822693,,,172800.0044822693,,,,,,,,,172800.0044822693
1a68b061-2098-4352-95ab-257dbc02c55a,2004,AES-128,encrypt,cuda_optimized_v1,optimized,resident,pinned,CTR,1048576,9,1048576:CTR:9,dc1af2104ea981ea6c201d5f60f48cdc8e7ca770caa8e2e229058a723ed010d2,3,591,True,1,6108.87412731166,,0.00017164799571037294,,,171647.99571037292,,,,,,,,,171647.99571037292
1a68b061-2098-4352-95ab-257dbc02c55a,2004,AES-128,encrypt,cpu_aesni,aesni,transform,bytes,CTR,1048576,9,1048576:CTR:9,dc1af2104ea981ea6c201d5f60f48cdc8e7ca770caa8e2e229058a723ed010d2,4,592,True,,,,,,,,,,,836000,0.000836,1254.2775119617224,0,0.0,
1a68b061-2098-4352-95ab-257dbc02c55a,2004,AES-128,encrypt,cpu_software,software,transform,bytes,CTR,1048576,9,1048576:CTR:9,dc1af2104ea981ea6c201d5f60f48cdc8e7ca770caa8e2e229058a723ed010d2,5,593,True,,,,,,,,,,,4045800,0.0040458,259.17642987789804,0,0.0,
1a68b061-2098-4352-95ab-257dbc02c55a,2004,AES-128,encrypt,cuda_optimized_v1,optimized,resident,pinned,ECB,1048576,9,1048576:ECB:9,740697f7f0b3ccd2ee9be03eea7eb80cb912364b3d11d7a048af2ed54ec8f8ff,0,594,True,1,4428.108106770595,,0.00023680000007152559,,,236800.00007152557,,,,,,,,,236800.00007152557
1a68b061-2098-4352-95ab-257dbc02c55a,2004,AES-128,encrypt,cuda_baseline,baseline,resident,pinned,ECB,1048576,9,1048576:ECB:9,740697f7f0b3ccd2ee9be03eea7eb80cb912364b3d11d7a048af2ed54ec8f8ff,1,595,True,1,6105.459149885233,,0.00017174400389194489,,,171744.00389194489,,,,,,,,,171744.00389194489
1a68b061-2098-4352-95ab-257dbc02c55a,2004,AES-128,encrypt,cpu_aesni,aesni,transform,bytes,ECB,1048576,9,1048576:ECB:9,740697f7f0b3ccd2ee9be03eea7eb80cb912364b3d11d7a048af2ed54ec8f8ff,2,596,True,,,,,,,,,,,746600,0.0007466,1404.468256094294,0,0.0,
1a68b061-2098-4352-95ab-257dbc02c55a,2004,AES-128,encrypt,cpu_software,software,transform,bytes,ECB,1048576,9,1048576:ECB:9,740697f7f0b3ccd2ee9be03eea7eb80cb912364b3d11d7a048af2ed54ec8f8ff,3,597,True,,,,,,,,,,,3852500,0.0038525,272.180661907852,15625000,4.055807916937054,
1a68b061-2098-4352-95ab-257dbc02c55a,2004,AES-128,encrypt,cuda_optimized_v1,optimized,pipeline,pinned,ECB,1048576,9,1048576:ECB:9,740697f7f0b3ccd2ee9be03eea7eb80cb912364b3d11d7a048af2ed54ec8f8ff,4,598,True,,5106.435869666801,1308.1037924151697,0.00020534400641918183,0.0008016,248700,205344.00641918182,284500,533200,801600,,,,,,
1a68b061-2098-4352-95ab-257dbc02c55a,2004,AES-128,encrypt,cuda_baseline,baseline,pipeline,pinned,ECB,1048576,9,1048576:ECB:9,740697f7f0b3ccd2ee9be03eea7eb80cb912364b3d11d7a048af2ed54ec8f8ff,5,599,True,,5047.442949869827,1359.3155302048224,0.00020774400234222412,0.0007714,239100,207744.00234222412,234900,474000,771400,,,,,,
1a68b061-2098-4352-95ab-257dbc02c55a,2004,AES-128,encrypt,cuda_baseline,baseline,resident,pinned,CTR,1048576,10,1048576:CTR:10,3e6de4c398dc06835400dca8b62fb7a4c7b14e65c71d0e0446e064a5f0f210a8,0,600,True,1,4347.041585421849,,0.0002412160038948059,,,241216.0038948059,,,,,,,,,241216.0038948059
1a68b061-2098-4352-95ab-257dbc02c55a,2004,AES-128,encrypt,cuda_optimized_v1,optimized,pipeline,pinned,CTR,1048576,10,1048576:CTR:10,3e6de4c398dc06835400dca8b62fb7a4c7b14e65c71d0e0446e064a5f0f210a8,1,601,True,,4453.383982129441,1101.9083648591845,0.00023545600473880767,0.0009516,313900,235456.00473880768,292300,606200,951600,,,,,,
1a68b061-2098-4352-95ab-257dbc02c55a,2004,AES-128,encrypt,cpu_software,software,transform,bytes,CTR,1048576,10,1048576:CTR:10,3e6de4c398dc06835400dca8b62fb7a4c7b14e65c71d0e0446e064a5f0f210a8,2,602,True,,,,,,,,,,,3950900,0.0039509,265.40180718317345,0,0.0,
1a68b061-2098-4352-95ab-257dbc02c55a,2004,AES-128,encrypt,cuda_baseline,baseline,pipeline,pinned,CTR,1048576,10,1048576:CTR:10,3e6de4c398dc06835400dca8b62fb7a4c7b14e65c71d0e0446e064a5f0f210a8,3,603,True,,5363.011493119988,1105.1602023608768,0.00019551999866962433,0.0009488,344100,195519.99866962433,268500,612600,948800,,,,,,
1a68b061-2098-4352-95ab-257dbc02c55a,2004,AES-128,encrypt,cuda_optimized_v1,optimized,resident,pinned,CTR,1048576,10,1048576:CTR:10,3e6de4c398dc06835400dca8b62fb7a4c7b14e65c71d0e0446e064a5f0f210a8,4,604,True,1,5701.757219241704,,0.0001839040070772171,,,183904.0070772171,,,,,,,,,183904.0070772171
1a68b061-2098-4352-95ab-257dbc02c55a,2004,AES-128,encrypt,cpu_aesni,aesni,transform,bytes,CTR,1048576,10,1048576:CTR:10,3e6de4c398dc06835400dca8b62fb7a4c7b14e65c71d0e0446e064a5f0f210a8,5,605,True,,,,,,,,,,,716600,0.0007166,1463.2654200390734,0,0.0,
1a68b061-2098-4352-95ab-257dbc02c55a,2004,AES-128,encrypt,cuda_baseline,baseline,resident,pinned,ECB,1048576,10,1048576:ECB:10,8073e0d126409304e5fe7a268c5e42f0d3fd4bf6d7ed0870726b4d1434af7055,0,606,True,1,4971.62788058865,,0.00021091200411319733,,,210912.00411319733,,,,,,,,,210912.00411319733
1a68b061-2098-4352-95ab-257dbc02c55a,2004,AES-128,encrypt,cuda_baseline,baseline,pipeline,pinned,ECB,1048576,10,1048576:ECB:10,8073e0d126409304e5fe7a268c5e42f0d3fd4bf6d7ed0870726b4d1434af7055,1,607,True,,6072.646281386096,1452.7237461900804,0.00017267200350761414,0.0007218,215400,172672.00350761414,230900,446300,721800,,,,,,
1a68b061-2098-4352-95ab-257dbc02c55a,2004,AES-128,encrypt,cuda_optimized_v1,optimized,resident,pinned,ECB,1048576,10,1048576:ECB:10,8073e0d126409304e5fe7a268c5e42f0d3fd4bf6d7ed0870726b4d1434af7055,2,608,True,1,6031.2900872314785,,0.0001738560050725937,,,173856.0050725937,,,,,,,,,173856.0050725937
1a68b061-2098-4352-95ab-257dbc02c55a,2004,AES-128,encrypt,cpu_software,software,transform,bytes,ECB,1048576,10,1048576:ECB:10,8073e0d126409304e5fe7a268c5e42f0d3fd4bf6d7ed0870726b4d1434af7055,3,609,True,,,,,,,,,,,4467300,0.0044673,234.72253934143666,0,0.0,
1a68b061-2098-4352-95ab-257dbc02c55a,2004,AES-128,encrypt,cpu_aesni,aesni,transform,bytes,ECB,1048576,10,1048576:ECB:10,8073e0d126409304e5fe7a268c5e42f0d3fd4bf6d7ed0870726b4d1434af7055,4,610,True,,,,,,,,,,,923400,0.0009234,1135.5598873727529,0,0.0,
1a68b061-2098-4352-95ab-257dbc02c55a,2004,AES-128,encrypt,cuda_optimized_v1,optimized,pipeline,pinned,ECB,1048576,10,1048576:ECB:10,8073e0d126409304e5fe7a268c5e42f0d3fd4bf6d7ed0870726b4d1434af7055,5,611,True,,6139.779024882734,1521.6601364098099,0.00017078399658203126,0.0006891,225200,170783.99658203125,226700,451900,689100,,,,,,
1a68b061-2098-4352-95ab-257dbc02c55a,2004,AES-128,encrypt,cuda_baseline,baseline,resident,pinned,CTR,1048576,11,1048576:CTR:11,fddc38afce549dce7f0ce9df839bd92faad83c96a09b09e9a1673f1bf92eacce,0,612,True,1,5469.5374421791485,,0.00019171200692653657,,,191712.00692653656,,,,,,,,,191712.00692653656
1a68b061-2098-4352-95ab-257dbc02c55a,2004,AES-128,encrypt,cpu_aesni,aesni,transform,bytes,CTR,1048576,11,1048576:CTR:11,fddc38afce549dce7f0ce9df839bd92faad83c96a09b09e9a1673f1bf92eacce,1,613,True,,,,,,,,,,,1019500,0.0010195,1028.5198626777833,15625000,15.326140264835704,
1a68b061-2098-4352-95ab-257dbc02c55a,2004,AES-128,encrypt,cuda_optimized_v1,optimized,resident,pinned,CTR,1048576,11,1048576:CTR:11,fddc38afce549dce7f0ce9df839bd92faad83c96a09b09e9a1673f1bf92eacce,2,614,True,1,4618.46385310962,,0.00022703999280929566,,,227039.99280929565,,,,,,,,,227039.99280929565
1a68b061-2098-4352-95ab-257dbc02c55a,2004,AES-128,encrypt,cuda_optimized_v1,optimized,pipeline,pinned,CTR,1048576,11,1048576:CTR:11,fddc38afce549dce7f0ce9df839bd92faad83c96a09b09e9a1673f1bf92eacce,3,615,True,,5464.065551450216,1571.6067146282974,0.0001919039934873581,0.0006672,211300,191903.9934873581,206600,417900,667200,,,,,,
1a68b061-2098-4352-95ab-257dbc02c55a,2004,AES-128,encrypt,cuda_baseline,baseline,pipeline,pinned,CTR,1048576,11,1048576:CTR:11,fddc38afce549dce7f0ce9df839bd92faad83c96a09b09e9a1673f1bf92eacce,4,616,True,,5824.386777442956,1619.4223938223938,0.00018003199994564057,0.0006475,208100,180031.99994564056,203300,411400,647500,,,,,,
1a68b061-2098-4352-95ab-257dbc02c55a,2004,AES-128,encrypt,cpu_software,software,transform,bytes,CTR,1048576,11,1048576:CTR:11,fddc38afce549dce7f0ce9df839bd92faad83c96a09b09e9a1673f1bf92eacce,5,617,True,,,,,,,,,,,4058100,0.0040581,258.390872575836,0,0.0,
1a68b061-2098-4352-95ab-257dbc02c55a,2004,AES-128,encrypt,cuda_baseline,baseline,resident,pinned,ECB,1048576,11,1048576:ECB:11,96990b74850659c384a481ada2add6da5dc7498eaac4620dad6606dca6680d89,0,618,True,1,4719.57366121468,,0.00022217600047588347,,,222176.00047588348,,,,,,,,,222176.00047588348
1a68b061-2098-4352-95ab-257dbc02c55a,2004,AES-128,encrypt,cpu_aesni,aesni,transform,bytes,ECB,1048576,11,1048576:ECB:11,96990b74850659c384a481ada2add6da5dc7498eaac4620dad6606dca6680d89,1,619,True,,,,,,,,,,,577200,0.0005772,1816.6597366597366,0,0.0,
1a68b061-2098-4352-95ab-257dbc02c55a,2004,AES-128,encrypt,cuda_optimized_v1,optimized,resident,pinned,ECB,1048576,11,1048576:ECB:11,96990b74850659c384a481ada2add6da5dc7498eaac4620dad6606dca6680d89,2,620,True,1,6079.406235875323,,0.0001724800020456314,,,172480.0020456314,,,,,,,,,172480.0020456314
1a68b061-2098-4352-95ab-257dbc02c55a,2004,AES-128,encrypt,cuda_baseline,baseline,pipeline,pinned,ECB,1048576,11,1048576:ECB:11,96990b74850659c384a481ada2add6da5dc7498eaac4620dad6606dca6680d89,3,621,True,,4766.2545712809915,1100.6360869108848,0.00021999999880790712,0.0009527,323400,219999.9988079071,280600,604000,952700,,,,,,
1a68b061-2098-4352-95ab-257dbc02c55a,2004,AES-128,encrypt,cpu_software,software,transform,bytes,ECB,1048576,11,1048576:ECB:11,96990b74850659c384a481ada2add6da5dc7498eaac4620dad6606dca6680d89,4,622,True,,,,,,,,,,,3744000,0.003744,280.0683760683761,0,0.0,
1a68b061-2098-4352-95ab-257dbc02c55a,2004,AES-128,encrypt,cuda_optimized_v1,optimized,pipeline,pinned,ECB,1048576,11,1048576:ECB:11,96990b74850659c384a481ada2add6da5dc7498eaac4620dad6606dca6680d89,5,623,True,,4181.191620929267,1273.7803692905734,0.0002507840096950531,0.0008232,269300,250784.0096950531,241600,510900,823200,,,,,,
1a68b061-2098-4352-95ab-257dbc02c55a,2004,AES-128,encrypt,cuda_baseline,baseline,resident,pinned,CTR,1048576,12,1048576:CTR:12,0b29b309eafc4bf8bc525629f86a212b76e125caa5396343f7f93a9caa434184,0,624,True,1,4362.087371228815,,0.00024038399755954744,,,240383.99755954742,,,,,,,,,240383.99755954742
1a68b061-2098-4352-95ab-257dbc02c55a,2004,AES-128,encrypt,cpu_aesni,aesni,transform,bytes,CTR,1048576,12,1048576:CTR:12,0b29b309eafc4bf8bc525629f86a212b76e125caa5396343f7f93a9caa434184,1,625,True,,,,,,,,,,,694400,0.0006944,1510.0460829493088,0,0.0,
1a68b061-2098-4352-95ab-257dbc02c55a,2004,AES-128,encrypt,cuda_baseline,baseline,pipeline,pinned,CTR,1048576,12,1048576:CTR:12,0b29b309eafc4bf8bc525629f86a212b76e125caa5396343f7f93a9caa434184,2,626,True,,5044.334894880263,1276.8826108134438,0.00020787200331687927,0.0008212,242600,207872.00331687927,281000,523600,821200,,,,,,
1a68b061-2098-4352-95ab-257dbc02c55a,2004,AES-128,encrypt,cuda_optimized_v1,optimized,pipeline,pinned,CTR,1048576,12,1048576:CTR:12,0b29b309eafc4bf8bc525629f86a212b76e125caa5396343f7f93a9caa434184,3,627,True,,5933.007517496993,1559.9166914608747,0.0001767359972000122,0.0006722,238900,176735.9972000122,203300,442200,672200,,,,,,
1a68b061-2098-4352-95ab-257dbc02c55a,2004,AES-128,encrypt,cuda_optimized_v1,optimized,resident,pinned,CTR,1048576,12,1048576:CTR:12,0b29b309eafc4bf8bc525629f86a212b76e125caa5396343f7f93a9caa434184,4,628,True,1,5902.017396849691,,0.00017766399681568145,,,177663.99681568146,,,,,,,,,177663.99681568146
1a68b061-2098-4352-95ab-257dbc02c55a,2004,AES-128,encrypt,cpu_software,software,transform,bytes,CTR,1048576,12,1048576:CTR:12,0b29b309eafc4bf8bc525629f86a212b76e125caa5396343f7f93a9caa434184,5,629,True,,,,,,,,,,,4174900,0.0041749,251.16194399865864,0,0.0,
1a68b061-2098-4352-95ab-257dbc02c55a,2004,AES-128,encrypt,cuda_optimized_v1,optimized,resident,pinned,ECB,1048576,12,1048576:ECB:12,be605e3313bcec1ad853a63b3206024229bb3fe7abb59ba852ce22025a367d33,0,630,True,1,4328.665843342068,,0.0002422399967908859,,,242239.99679088593,,,,,,,,,242239.99679088593
1a68b061-2098-4352-95ab-257dbc02c55a,2004,AES-128,encrypt,cpu_aesni,aesni,transform,bytes,ECB,1048576,12,1048576:ECB:12,be605e3313bcec1ad853a63b3206024229bb3fe7abb59ba852ce22025a367d33,1,631,True,,,,,,,,,,,1050800,0.0010508,997.883517320137,0,0.0,
1a68b061-2098-4352-95ab-257dbc02c55a,2004,AES-128,encrypt,cuda_baseline,baseline,resident,pinned,ECB,1048576,12,1048576:ECB:12,be605e3313bcec1ad853a63b3206024229bb3fe7abb59ba852ce22025a367d33,2,632,True,1,5977.380700000892,,0.0001754239946603775,,,175423.9946603775,,,,,,,,,175423.9946603775
1a68b061-2098-4352-95ab-257dbc02c55a,2004,AES-128,encrypt,cpu_software,software,transform,bytes,ECB,1048576,12,1048576:ECB:12,be605e3313bcec1ad853a63b3206024229bb3fe7abb59ba852ce22025a367d33,3,633,True,,,,,,,,,,,3930600,0.0039306,266.77250292576196,0,0.0,
1a68b061-2098-4352-95ab-257dbc02c55a,2004,AES-128,encrypt,cuda_baseline,baseline,pipeline,pinned,ECB,1048576,12,1048576:ECB:12,be605e3313bcec1ad853a63b3206024229bb3fe7abb59ba852ce22025a367d33,4,634,True,,4716.177439317524,1349.8661174047375,0.00022233599424362183,0.0007768,212600,222335.99424362183,269900,482500,776800,,,,,,
1a68b061-2098-4352-95ab-257dbc02c55a,2004,AES-128,encrypt,cuda_optimized_v1,optimized,pipeline,pinned,ECB,1048576,12,1048576:ECB:12,be605e3313bcec1ad853a63b3206024229bb3fe7abb59ba852ce22025a367d33,5,635,True,,6087.312159137654,1646.116169544741,0.0001722559928894043,0.000637,206700,172255.9928894043,202300,409000,637000,,,,,,
1a68b061-2098-4352-95ab-257dbc02c55a,2004,AES-128,encrypt,cpu_aesni,aesni,transform,bytes,ECB,1048576,13,1048576:ECB:13,7ad88e07d0a8edf88e84a3d77ec81a992bb23d7bdebc8002591c9096015336fb,0,636,True,,,,,,,,,,,595900,0.0005959,1759.650948145662,0,0.0,
1a68b061-2098-4352-95ab-257dbc02c55a,2004,AES-128,encrypt,cuda_optimized_v1,optimized,pipeline,pinned,ECB,1048576,13,1048576:ECB:13,7ad88e07d0a8edf88e84a3d77ec81a992bb23d7bdebc8002591c9096015336fb,1,637,True,,4842.3229869638235,1416.2290653700702,0.00021654400229454042,0.0007404,214200,216544.0022945404,239500,453700,740400,,,,,,
1a68b061-2098-4352-95ab-257dbc02c55a,2004,AES-128,encrypt,cuda_baseline,baseline,pipeline,pinned,ECB,1048576,13,1048576:ECB:13,7ad88e07d0a8edf88e84a3d77ec81a992bb23d7bdebc8002591c9096015336fb,2,638,True,,6159.398500208628,1397.5423164067706,0.00017023999989032744,0.0007503,245700,170239.99989032745,241000,486700,750300,,,,,,
1a68b061-2098-4352-95ab-257dbc02c55a,2004,AES-128,encrypt,cuda_optimized_v1,optimized,resident,pinned,ECB,1048576,13,1048576:ECB:13,7ad88e07d0a8edf88e84a3d77ec81a992bb23d7bdebc8002591c9096015336fb,3,639,True,1,6232.0273985310505,,0.0001682559996843338,,,168255.9996843338,,,,,,,,,168255.9996843338
1a68b061-2098-4352-95ab-257dbc02c55a,2004,AES-128,encrypt,cpu_software,software,transform,bytes,ECB,1048576,13,1048576:ECB:13,7ad88e07d0a8edf88e84a3d77ec81a992bb23d7bdebc8002591c9096015336fb,4,640,True,,,,,,,,,,,3745100,0.0037451,279.9861151905156,15625000,4.1721182344930705,
1a68b061-2098-4352-95ab-257dbc02c55a,2004,AES-128,encrypt,cuda_baseline,baseline,resident,pinned,ECB,1048576,13,1048576:ECB:13,7ad88e07d0a8edf88e84a3d77ec81a992bb23d7bdebc8002591c9096015336fb,5,641,True,1,5757.863500578701,,0.00018211199343204498,,,182111.99343204498,,,,,,,,,182111.99343204498
1a68b061-2098-4352-95ab-257dbc02c55a,2004,AES-128,encrypt,cpu_aesni,aesni,transform,bytes,CTR,1048576,13,1048576:CTR:13,a2c44fcffe9007bfe07b31c11903f86fae74479a3b97094c7341f51b7610feca,0,642,True,,,,,,,,,,,783500,0.0007835,1338.322910019145,0,0.0,
1a68b061-2098-4352-95ab-257dbc02c55a,2004,AES-128,encrypt,cuda_baseline,baseline,pipeline,pinned,CTR,1048576,13,1048576:CTR:13,a2c44fcffe9007bfe07b31c11903f86fae74479a3b97094c7341f51b7610feca,1,643,True,,4794.147681982029,1433.2640787315472,0.00021872000396251678,0.0007316,211300,218720.00396251678,230500,441800,731600,,,,,,
1a68b061-2098-4352-95ab-257dbc02c55a,2004,AES-128,encrypt,cuda_baseline,baseline,resident,pinned,CTR,1048576,13,1048576:CTR:13,a2c44fcffe9007bfe07b31c11903f86fae74479a3b97094c7341f51b7610feca,2,644,True,1,5886.114834542516,,0.00017814399302005767,,,178143.99302005768,,,,,,,,,178143.99302005768
1a68b061-2098-4352-95ab-257dbc02c55a,2004,AES-128,encrypt,cuda_optimized_v1,optimized,pipeline,pinned,CTR,1048576,13,1048576:CTR:13,a2c44fcffe9007bfe07b31c11903f86fae74479a3b97094c7341f51b7610feca,3,645,True,,4952.093197683108,1510.698746578303,0.0002117439955472946,0.0006941,209300,211743.99554729462,210700,420000,694100,,,,,,
1a68b061-2098-4352-95ab-257dbc02c55a,2004,AES-128,encrypt,cuda_optimized_v1,optimized,resident,pinned,CTR,1048576,13,1048576:CTR:13,a2c44fcffe9007bfe07b31c11903f86fae74479a3b97094c7341f51b7610feca,4,646,True,1,6076.0246407326795,,0.0001725759953260422,,,172575.99532604218,,,,,,,,,172575.99532604218
1a68b061-2098-4352-95ab-257dbc02c55a,2004,AES-128,encrypt,cpu_software,software,transform,bytes,CTR,1048576,13,1048576:CTR:13,a2c44fcffe9007bfe07b31c11903f86fae74479a3b97094c7341f51b7610feca,5,647,True,,,,,,,,,,,4227600,0.0042276,248.03103415649542,0,0.0,
1a68b061-2098-4352-95ab-257dbc02c55a,2004,AES-128,encrypt,cuda_optimized_v1,optimized,resident,pinned,CTR,1048576,14,1048576:CTR:14,0ecabbc6917b40d1c9730a197fc700e442ee24f7d9c62821b4c2728aae5b7090,0,648,True,1,4386.613078278784,,0.00023904000222682952,,,239040.00222682953,,,,,,,,,239040.00222682953
1a68b061-2098-4352-95ab-257dbc02c55a,2004,AES-128,encrypt,cpu_aesni,aesni,transform,bytes,CTR,1048576,14,1048576:CTR:14,0ecabbc6917b40d1c9730a197fc700e442ee24f7d9c62821b4c2728aae5b7090,1,649,True,,,,,,,,,,,751100,0.0007511,1396.0537877779257,0,0.0,
1a68b061-2098-4352-95ab-257dbc02c55a,2004,AES-128,encrypt,cpu_software,software,transform,bytes,CTR,1048576,14,1048576:CTR:14,0ecabbc6917b40d1c9730a197fc700e442ee24f7d9c62821b4c2728aae5b7090,2,650,True,,,,,,,,,,,4194700,0.0041947,249.97639878894796,15625000,3.7249386130116577,
1a68b061-2098-4352-95ab-257dbc02c55a,2004,AES-128,encrypt,cuda_baseline,baseline,resident,pinned,CTR,1048576,14,1048576:CTR:14,0ecabbc6917b40d1c9730a197fc700e442ee24f7d9c62821b4c2728aae5b7090,3,651,True,1,5521.145940893889,,0.00018991999328136445,,,189919.99328136444,,,,,,,,,189919.99328136444
1a68b061-2098-4352-95ab-257dbc02c55a,2004,AES-128,encrypt,cuda_optimized_v1,optimized,pipeline,pinned,CTR,1048576,14,1048576:CTR:14,0ecabbc6917b40d1c9730a197fc700e442ee24f7d9c62821b4c2728aae5b7090,4,652,True,,5104.844819789596,1351.9546157813306,0.0002054080069065094,0.0007756,241500,205408.0069065094,237800,479300,775600,,,,,,
1a68b061-2098-4352-95ab-257dbc02c55a,2004,AES-128,encrypt,cuda_baseline,baseline,pipeline,pinned,CTR,1048576,14,1048576:CTR:14,0ecabbc6917b40d1c9730a197fc700e442ee24f7d9c62821b4c2728aae5b7090,5,653,True,,5949.164817519956,1632.5330842285537,0.000176256000995636,0.0006423,208800,176256.000995636,202600,411400,642300,,,,,,
1a68b061-2098-4352-95ab-257dbc02c55a,2004,AES-128,encrypt,cpu_software,software,transform,bytes,ECB,1048576,14,1048576:ECB:14,ed5e2124d892d8643cef60659b23a1190109b97f080bb46e47fb4fe507c641d7,0,654,True,,,,,,,,,,,3884500,0.0038845,269.9384734200026,0,0.0,
1a68b061-2098-4352-95ab-257dbc02c55a,2004,AES-128,encrypt,cuda_optimized_v1,optimized,pipeline,pinned,ECB,1048576,14,1048576:ECB:14,ed5e2124d892d8643cef60659b23a1190109b97f080bb46e47fb4fe507c641d7,1,655,True,,4746.234101073996,1242.830389949034,0.00022092799842357637,0.0008437,247500,220927.99842357635,267900,515400,843700,,,,,,
1a68b061-2098-4352-95ab-257dbc02c55a,2004,AES-128,encrypt,cuda_optimized_v1,optimized,resident,pinned,ECB,1048576,14,1048576:ECB:14,ed5e2124d892d8643cef60659b23a1190109b97f080bb46e47fb4fe507c641d7,2,656,True,1,5804.783086197164,,0.00018063999712467194,,,180639.99712467194,,,,,,,,,180639.99712467194
1a68b061-2098-4352-95ab-257dbc02c55a,2004,AES-128,encrypt,cuda_baseline,baseline,pipeline,pinned,ECB,1048576,14,1048576:ECB:14,ed5e2124d892d8643cef60659b23a1190109b97f080bb46e47fb4fe507c641d7,3,657,True,,5823.351932007326,1568.315883936584,0.00018006399273872375,0.0006686,209900,180063.99273872375,212300,422200,668600,,,,,,
1a68b061-2098-4352-95ab-257dbc02c55a,2004,AES-128,encrypt,cpu_aesni,aesni,transform,bytes,ECB,1048576,14,1048576:ECB:14,ed5e2124d892d8643cef60659b23a1190109b97f080bb46e47fb4fe507c641d7,4,658,True,,,,,,,,,,,598600,0.0005986,1751.7139993317742,0,0.0,
1a68b061-2098-4352-95ab-257dbc02c55a,2004,AES-128,encrypt,cuda_baseline,baseline,resident,pinned,ECB,1048576,14,1048576:ECB:14,ed5e2124d892d8643cef60659b23a1190109b97f080bb46e47fb4fe507c641d7,5,659,True,1,5662.3465802311775,,0.0001851840019226074,,,185184.00192260742,,,,,,,,,185184.00192260742
1a68b061-2098-4352-95ab-257dbc02c55a,2004,AES-128,encrypt,cuda_optimized_v1,optimized,resident,pinned,CTR,1048576,15,1048576:CTR:15,ad8113e634da81f9b360ff5e1eef122442c310ef03ec574c553913fe3233c599,0,660,True,1,4807.511587571134,,0.0002181120067834854,,,218112.0067834854,,,,,,,,,218112.0067834854
1a68b061-2098-4352-95ab-257dbc02c55a,2004,AES-128,encrypt,cuda_baseline,baseline,pipeline,pinned,CTR,1048576,15,1048576:CTR:15,ad8113e634da81f9b360ff5e1eef122442c310ef03ec574c553913fe3233c599,1,661,True,,6002.56469230178,1632.0249027237355,0.00017468799650669097,0.0006425,209800,174687.99650669098,202500,412300,642500,,,,,,
1a68b061-2098-4352-95ab-257dbc02c55a,2004,AES-128,encrypt,cuda_optimized_v1,optimized,pipeline,pinned,CTR,1048576,15,1048576:CTR:15,ad8113e634da81f9b360ff5e1eef122442c310ef03ec574c553913fe3233c599,2,662,True,,5742.726811371275,1618.1728395061727,0.0001825920045375824,0.000648,209100,182592.0045375824,203900,413000,648000,,,,,,
1a68b061-2098-4352-95ab-257dbc02c55a,2004,AES-128,encrypt,cuda_baseline,baseline,resident,pinned,CTR,1048576,15,1048576:CTR:15,ad8113e634da81f9b360ff5e1eef122442c310ef03ec574c553913fe3233c599,3,663,True,1,5866.093638568825,,0.00017875200510025023,,,178752.00510025024,,,,,,,,,178752.00510025024
1a68b061-2098-4352-95ab-257dbc02c55a,2004,AES-128,encrypt,cpu_aesni,aesni,transform,bytes,CTR,1048576,15,1048576:CTR:15,ad8113e634da81f9b360ff5e1eef122442c310ef03ec574c553913fe3233c599,4,664,True,,,,,,,,,,,740700,0.0007407,1415.6554610503579,0,0.0,
1a68b061-2098-4352-95ab-257dbc02c55a,2004,AES-128,encrypt,cpu_software,software,transform,bytes,CTR,1048576,15,1048576:CTR:15,ad8113e634da81f9b360ff5e1eef122442c310ef03ec574c553913fe3233c599,5,665,True,,,,,,,,,,,4203700,0.0042037,249.44120655612912,0,0.0,
1a68b061-2098-4352-95ab-257dbc02c55a,2004,AES-128,encrypt,cuda_optimized_v1,optimized,resident,pinned,ECB,1048576,15,1048576:ECB:15,72a7ad40e0a6388c3aba3524dd5b654f152dcd3e8f56a173b05e6823fd500d06,0,666,True,1,5685.927589358326,,0.00018441599607467652,,,184415.9960746765,,,,,,,,,184415.9960746765
1a68b061-2098-4352-95ab-257dbc02c55a,2004,AES-128,encrypt,cpu_aesni,aesni,transform,bytes,ECB,1048576,15,1048576:ECB:15,72a7ad40e0a6388c3aba3524dd5b654f152dcd3e8f56a173b05e6823fd500d06,1,667,True,,,,,,,,,,,569000,0.000569,1842.8400702987697,0,0.0,
1a68b061-2098-4352-95ab-257dbc02c55a,2004,AES-128,encrypt,cuda_baseline,baseline,resident,pinned,ECB,1048576,15,1048576:ECB:15,72a7ad40e0a6388c3aba3524dd5b654f152dcd3e8f56a173b05e6823fd500d06,2,668,True,1,5711.695863988271,,0.00018358400464057922,,,183584.00464057922,,,,,,,,,183584.00464057922
1a68b061-2098-4352-95ab-257dbc02c55a,2004,AES-128,encrypt,cuda_optimized_v1,optimized,pipeline,pinned,ECB,1048576,15,1048576:ECB:15,72a7ad40e0a6388c3aba3524dd5b654f152dcd3e8f56a173b05e6823fd500d06,3,669,True,,5695.8110781143,1525.2014545454545,0.00018409599363803863,0.0006875,208200,184095.99363803864,229700,437900,687500,,,,,,
1a68b061-2098-4352-95ab-257dbc02c55a,2004,AES-128,encrypt,cuda_baseline,baseline,pipeline,pinned,ECB,1048576,15,1048576:ECB:15,72a7ad40e0a6388c3aba3524dd5b654f152dcd3e8f56a173b05e6823fd500d06,4,670,True,,5737.699230233102,1519.8956370488477,0.00018275199830532075,0.0006899,207700,182751.99830532074,233800,441500,689900,,,,,,
1a68b061-2098-4352-95ab-257dbc02c55a,2004,AES-128,encrypt,cpu_software,software,transform,bytes,ECB,1048576,15,1048576:ECB:15,72a7ad40e0a6388c3aba3524dd5b654f152dcd3e8f56a173b05e6823fd500d06,5,671,True,,,,,,,,,,,3901000,0.003901,268.79671879005383,0,0.0,
1a68b061-2098-4352-95ab-257dbc02c55a,2004,AES-128,encrypt,cuda_optimized_v1,optimized,resident,pinned,CTR,1048576,16,1048576:CTR:16,07714146346c75bb9cfd394a8b7edbeb506fc5f8372155c3276606c4d193a4ba,0,672,True,1,4232.498165062555,,0.00024774399399757384,,,247743.99399757385,,,,,,,,,247743.99399757385
1a68b061-2098-4352-95ab-257dbc02c55a,2004,AES-128,encrypt,cpu_aesni,aesni,transform,bytes,CTR,1048576,16,1048576:CTR:16,07714146346c75bb9cfd394a8b7edbeb506fc5f8372155c3276606c4d193a4ba,1,673,True,,,,,,,,,,,814000,0.000814,1288.1769041769041,0,0.0,
1a68b061-2098-4352-95ab-257dbc02c55a,2004,AES-128,encrypt,cuda_baseline,baseline,pipeline,pinned,CTR,1048576,16,1048576:CTR:16,07714146346c75bb9cfd394a8b7edbeb506fc5f8372155c3276606c4d193a4ba,2,674,True,,5099.28412930282,1285.334640843344,0.0002056320011615753,0.0008158,253100,205632.00116157532,254900,508000,815800,,,,,,
1a68b061-2098-4352-95ab-257dbc02c55a,2004,AES-128,encrypt,cuda_baseline,baseline,resident,pinned,CTR,1048576,16,1048576:CTR:16,07714146346c75bb9cfd394a8b7edbeb506fc5f8372155c3276606c4d193a4ba,3,675,True,1,4754.498065678918,,0.0002205439954996109,,,220543.9954996109,,,,,,,,,220543.9954996109
1a68b061-2098-4352-95ab-257dbc02c55a,2004,AES-128,encrypt,cpu_software,software,transform,bytes,CTR,1048576,16,1048576:CTR:16,07714146346c75bb9cfd394a8b7edbeb506fc5f8372155c3276606c4d193a4ba,4,676,True,,,,,,,,,,,4019800,0.0040198,260.8527787452112,0,0.0,
1a68b061-2098-4352-95ab-257dbc02c55a,2004,AES-128,encrypt,cuda_optimized_v1,optimized,pipeline,pinned,CTR,1048576,16,1048576:CTR:16,07714146346c75bb9cfd394a8b7edbeb506fc5f8372155c3276606c4d193a4ba,5,677,True,,4063.492095749755,1208.4545349775267,0.0002580479979515076,0.0008677,283700,258047.99795150757,222700,506400,867700,,,,,,
1a68b061-2098-4352-95ab-257dbc02c55a,2004,AES-128,encrypt,cuda_optimized_v1,optimized,pipeline,pinned,ECB,1048576,16,1048576:ECB:16,0c51db01507cccfc6083cdd518a1c327cfb4fe11cf0b0f9a89886356a6f8f1f4,0,678,True,,4109.870604086652,1235.0718492343933,0.00025513601303100584,0.000849,250000,255136.01303100586,256400,506400,849000,,,,,,
1a68b061-2098-4352-95ab-257dbc02c55a,2004,AES-128,encrypt,cuda_baseline,baseline,pipeline,pinned,ECB,1048576,16,1048576:ECB:16,0c51db01507cccfc6083cdd518a1c327cfb4fe11cf0b0f9a89886356a6f8f1f4,1,679,True,,4386.613078278784,1293.1014921691947,0.00023904000222682952,0.0008109,246500,239040.00222682953,239900,486400,810900,,,,,,
1a68b061-2098-4352-95ab-257dbc02c55a,2004,AES-128,encrypt,cpu_software,software,transform,bytes,ECB,1048576,16,1048576:ECB:16,0c51db01507cccfc6083cdd518a1c327cfb4fe11cf0b0f9a89886356a6f8f1f4,2,680,True,,,,,,,,,,,3841500,0.0038415,272.960041650397,0,0.0,
1a68b061-2098-4352-95ab-257dbc02c55a,2004,AES-128,encrypt,cuda_baseline,baseline,resident,pinned,ECB,1048576,16,1048576:ECB:16,0c51db01507cccfc6083cdd518a1c327cfb4fe11cf0b0f9a89886356a6f8f1f4,3,681,True,1,4159.431371743356,,0.0002520959973335266,,,252095.9973335266,,,,,,,,,252095.9973335266
1a68b061-2098-4352-95ab-257dbc02c55a,2004,AES-128,encrypt,cuda_optimized_v1,optimized,resident,pinned,ECB,1048576,16,1048576:ECB:16,0c51db01507cccfc6083cdd518a1c327cfb4fe11cf0b0f9a89886356a6f8f1f4,4,682,True,1,6129.442350826727,,0.00017107200622558594,,,171072.00622558594,,,,,,,,,171072.00622558594
1a68b061-2098-4352-95ab-257dbc02c55a,2004,AES-128,encrypt,cpu_aesni,aesni,transform,bytes,ECB,1048576,16,1048576:ECB:16,0c51db01507cccfc6083cdd518a1c327cfb4fe11cf0b0f9a89886356a6f8f1f4,5,683,True,,,,,,,,,,,599500,0.0005995,1749.0842368640533,0,0.0,
1a68b061-2098-4352-95ab-257dbc02c55a,2004,AES-128,encrypt,cuda_baseline,baseline,pipeline,pinned,CTR,1048576,17,1048576:CTR:17,128578d1bab3888f6284627cd26f4d66e6f1be5ce8a819864b1ad0c12721330f,0,684,True,,4344.736056597541,1244.0099655949698,0.00024134400486946106,0.0008429,245200,241344.00486946106,254100,499300,842900,,,,,,
1a68b061-2098-4352-95ab-257dbc02c55a,2004,AES-128,encrypt,cpu_software,software,transform,bytes,CTR,1048576,17,1048576:CTR:17,128578d1bab3888f6284627cd26f4d66e6f1be5ce8a819864b1ad0c12721330f,1,685,True,,,,,,,,,,,4035300,0.0040353,259.8508165439992,0,0.0,
1a68b061-2098-4352-95ab-257dbc02c55a,2004,AES-128,encrypt,cuda_baseline,baseline,resident,pinned,CTR,1048576,17,1048576:CTR:17,128578d1bab3888f6284627cd26f4d66e6f1be5ce8a819864b1ad0c12721330f,2,686,True,1,3951.7608240511254,,0.00026534399390220644,,,265343.9939022064,,,,,,,,,265343.9939022064
1a68b061-2098-4352-95ab-257dbc02c55a,2004,AES-128,encrypt,cuda_optimized_v1,optimized,pipeline,pinned,CTR,1048576,17,1048576:CTR:17,128578d1bab3888f6284627cd26f4d66e6f1be5ce8a819864b1ad0c12721330f,3,687,True,,4899.521407549213,1365.5111342622738,0.00021401600539684294,0.0007679,248300,214016.00539684296,241200,489500,767900,,,,,,
1a68b061-2098-4352-95ab-257dbc02c55a,2004,AES-128,encrypt,cuda_optimized_v1,optimized,resident,pinned,CTR,1048576,17,1048576:CTR:17,128578d1bab3888f6284627cd26f4d66e6f1be5ce8a819864b1ad0c12721330f,4,688,True,1,4896.592801112187,,0.0002141440063714981,,,214144.0063714981,,,,,,,,,214144.0063714981
1a68b061-2098-4352-95ab-257dbc02c55a,2004,AES-128,encrypt,cpu_aesni,aesni,transform,bytes,CTR,1048576,17,1048576:CTR:17,128578d1bab3888f6284627cd26f4d66e6f1be5ce8a819864b1ad0c12721330f,5,689,True,,,,,,,,,,,765800,0.0007658,1369.255680334291,0,0.0,
1a68b061-2098-4352-95ab-257dbc02c55a,2004,AES-128,encrypt,cpu_aesni,aesni,transform,bytes,ECB,1048576,17,1048576:ECB:17,ea103b48c487a681e403eb749ffea4cd1117176325d534e126cefc2a30e273c0,0,690,True,,,,,,,,,,,557500,0.0005575,1880.8538116591928,0,0.0,
1a68b061-2098-4352-95ab-257dbc02c55a,2004,AES-128,encrypt,cuda_baseline,baseline,pipeline,pinned,ECB,1048576,17,1048576:ECB:17,ea103b48c487a681e403eb749ffea4cd1117176325d534e126cefc2a30e273c0,1,691,True,,4375.484054111222,1170.8083966056274,0.0002396479994058609,0.0008956,262000,239647.9994058609,287300,549300,895600,,,,,,
1a68b061-2098-4352-95ab-257dbc02c55a,2004,AES-128,encrypt,cuda_optimized_v1,optimized,pipeline,pinned,ECB,1048576,17,1048576:ECB:17,ea103b48c487a681e403eb749ffea4cd1117176325d534e126cefc2a30e273c0,2,692,True,,5125.60611739399,1330.5113564268495,0.0002045760005712509,0.0007881,249000,204576.00057125092,238500,487500,788100,,,,,,
1a68b061-2098-4352-95ab-257dbc02c55a,2004,AES-128,encrypt,cuda_optimized_v1,optimized,resident,pinned,ECB,1048576,17,1048576:ECB:17,ea103b48c487a681e403eb749ffea4cd1117176325d534e126cefc2a30e273c0,3,693,True,1,4738.684156159702,,0.00022127999365329743,,,221279.99365329742,,,,,,,,,221279.99365329742
1a68b061-2098-4352-95ab-257dbc02c55a,2004,AES-128,encrypt,cpu_software,software,transform,bytes,ECB,1048576,17,1048576:ECB:17,ea103b48c487a681e403eb749ffea4cd1117176325d534e126cefc2a30e273c0,4,694,True,,,,,,,,,,,3731200,0.0037312,281.02915951972557,0,0.0,
1a68b061-2098-4352-95ab-257dbc02c55a,2004,AES-128,encrypt,cuda_baseline,baseline,resident,pinned,ECB,1048576,17,1048576:ECB:17,ea103b48c487a681e403eb749ffea4cd1117176325d534e126cefc2a30e273c0,5,695,True,1,4435.300540790083,,0.00023641599714756013,,,236415.99714756012,,,,,,,,,236415.99714756012
1a68b061-2098-4352-95ab-257dbc02c55a,2004,AES-128,encrypt,cuda_baseline,baseline,pipeline,pinned,ECB,1048576,18,1048576:ECB:18,e1b0ed62ae7cf4e6d8b3525ee7794488ed7d19d1bea264d7d338400037922f7e,0,696,True,,4434.100179664855,1212.2265895953758,0.0002364799976348877,0.000865,249000,236479.9976348877,285100,534100,865000,,,,,,
1a68b061-2098-4352-95ab-257dbc02c55a,2004,AES-128,encrypt,cuda_optimized_v1,optimized,pipeline,pinned,ECB,1048576,18,1048576:ECB:18,e1b0ed62ae7cf4e6d8b3525ee7794488ed7d19d1bea264d7d338400037922f7e,1,697,True,,4355.709289046301,1301.770328988206,0.0002407359927892685,0.0008055,244600,240735.9927892685,235000,479600,805500,,,,,,
1a68b061-2098-4352-95ab-257dbc02c55a,2004,AES-128,encrypt,cpu_aesni,aesni,transform,bytes,ECB,1048576,18,1048576:ECB:18,e1b0ed62ae7cf4e6d8b3525ee7794488ed7d19d1bea264d7d338400037922f7e,2,698,True,,,,,,,,,,,807400,0.0008074,1298.7069606143175,0,0.0,
1a68b061-2098-4352-95ab-257dbc02c55a,2004,AES-128,encrypt,cpu_software,software,transform,bytes,ECB,1048576,18,1048576:ECB:18,e1b0ed62ae7cf4e6d8b3525ee7794488ed7d19d1bea264d7d338400037922f7e,3,699,True,,,,,,,,,,,3767000,0.003767,278.35837536501197,0,0.0,
1a68b061-2098-4352-95ab-257dbc02c55a,2004,AES-128,encrypt,cuda_baseline,baseline,resident,pinned,ECB,1048576,18,1048576:ECB:18,e1b0ed62ae7cf4e6d8b3525ee7794488ed7d19d1bea264d7d338400037922f7e,4,700,True,1,5913.733930140386,,0.0001773120015859604,,,177312.0015859604,,,,,,,,,177312.0015859604
1a68b061-2098-4352-95ab-257dbc02c55a,2004,AES-128,encrypt,cuda_optimized_v1,optimized,resident,pinned,ECB,1048576,18,1048576:ECB:18,e1b0ed62ae7cf4e6d8b3525ee7794488ed7d19d1bea264d7d338400037922f7e,5,701,True,1,5961.069478971374,,0.00017590400576591493,,,175904.00576591492,,,,,,,,,175904.00576591492
1a68b061-2098-4352-95ab-257dbc02c55a,2004,AES-128,encrypt,cuda_baseline,baseline,pipeline,pinned,CTR,1048576,18,1048576:CTR:18,33e6d548b4658a6ed1e64945a8d2a32936482bcfb7d43f9656c32ea456b871f0,0,702,True,,4075.115038645312,1245.6355428842955,0.00025731199979782106,0.0008418,252300,257311.99979782104,238800,491100,841800,,,,,,
1a68b061-2098-4352-95ab-257dbc02c55a,2004,AES-128,encrypt,cpu_software,software,transform,bytes,CTR,1048576,18,1048576:CTR:18,33e6d548b4658a6ed1e64945a8d2a32936482bcfb7d43f9656c32ea456b871f0,1,703,True,,,,,,,,,,,3942500,0.0039425,265.96727964489537,0,0.0,
1a68b061-2098-4352-95ab-257dbc02c55a,2004,AES-128,encrypt,cuda_baseline,baseline,resident,pinned,CTR,1048576,18,1048576:CTR:18,33e6d548b4658a6ed1e64945a8d2a32936482bcfb7d43f9656c32ea456b871f0,2,704,True,1,4986.001052886494,,0.00021030400693416597,,,210304.00693416595,,,,,,,,,210304.00693416595
1a68b061-2098-4352-95ab-257dbc02c55a,2004,AES-128,encrypt,cuda_optimized_v1,optimized,resident,pinned,CTR,1048576,18,1048576:CTR:18,33e6d548b4658a6ed1e64945a8d2a32936482bcfb7d43f9656c32ea456b871f0,3,705,True,1,5359.502790248227,,0.00019564799964427948,,,195647.99964427948,,,,,,,,,195647.99964427948
1a68b061-2098-4352-95ab-257dbc02c55a,2004,AES-128,encrypt,cuda_optimized_v1,optimized,pipeline,pinned,CTR,1048576,18,1048576:CTR:18,33e6d548b4658a6ed1e64945a8d2a32936482bcfb7d43f9656c32ea456b871f0,4,706,True,,6041.2980942024915,1534.80093676815,0.000173567995429039,0.0006832,207700,173567.995429039,247200,454900,683200,,,,,,
1a68b061-2098-4352-95ab-257dbc02c55a,2004,AES-128,encrypt,cpu_aesni,aesni,transform,bytes,CTR,1048576,18,1048576:CTR:18,33e6d548b4658a6ed1e64945a8d2a32936482bcfb7d43f9656c32ea456b871f0,5,707,True,,,,,,,,,,,729000,0.000729,1438.3758573388202,0,0.0,
1a68b061-2098-4352-95ab-257dbc02c55a,2004,AES-128,encrypt,cuda_optimized_v1,optimized,resident,pinned,CTR,1048576,19,1048576:CTR:19,c062293f0afb7c0c70c40364e56110b19713a95fa78e3030ccfa854a501db93e,0,708,True,1,4255.031704250367,,0.00024643200635910035,,,246432.00635910034,,,,,,,,,246432.00635910034
1a68b061-2098-4352-95ab-257dbc02c55a,2004,AES-128,encrypt,cuda_optimized_v1,optimized,pipeline,pinned,CTR,1048576,19,1048576:CTR:19,c062293f0afb7c0c70c40364e56110b19713a95fa78e3030ccfa854a501db93e,1,709,True,,4546.059972992162,1346.0539152759948,0.0002306559979915619,0.000779,207500,230655.9979915619,270800,478300,779000,,,,,,
1a68b061-2098-4352-95ab-257dbc02c55a,2004,AES-128,encrypt,cuda_baseline,baseline,resident,pinned,CTR,1048576,19,1048576:CTR:19,c062293f0afb7c0c70c40364e56110b19713a95fa78e3030ccfa854a501db93e,2,710,True,1,5928.713649029054,,0.00017686399817466736,,,176863.99817466736,,,,,,,,,176863.99817466736
1a68b061-2098-4352-95ab-257dbc02c55a,2004,AES-128,encrypt,cpu_aesni,aesni,transform,bytes,CTR,1048576,19,1048576:CTR:19,c062293f0afb7c0c70c40364e56110b19713a95fa78e3030ccfa854a501db93e,3,711,True,,,,,,,,,,,878600,0.0008786,1193.462326428409,0,0.0,
1a68b061-2098-4352-95ab-257dbc02c55a,2004,AES-128,encrypt,cuda_baseline,baseline,pipeline,pinned,CTR,1048576,19,1048576:CTR:19,c062293f0afb7c0c70c40364e56110b19713a95fa78e3030ccfa854a501db93e,4,712,True,,5904.144266204552,1429.9413609709532,0.00017759999632835388,0.0007333,233200,177599.99632835388,246400,479600,733300,,,,,,
1a68b061-2098-4352-95ab-257dbc02c55a,2004,AES-128,encrypt,cpu_software,software,transform,bytes,CTR,1048576,19,1048576:CTR:19,c062293f0afb7c0c70c40364e56110b19713a95fa78e3030ccfa854a501db93e,5,713,True,,,,,,,,,,,4395700,0.0043957,238.5458516277271,0,0.0,
1a68b061-2098-4352-95ab-257dbc02c55a,2004,AES-128,encrypt,cuda_baseline,baseline,resident,pinned,ECB,1048576,19,1048576:ECB:19,822abee3b703c7dc485b662b432663e5dc2937f6ce2c96985e240e3b3e091a5d,0,714,True,1,4429.903888045889,,0.0002367040067911148,,,236704.0067911148,,,,,,,,,236704.0067911148
1a68b061-2098-4352-95ab-257dbc02c55a,2004,AES-128,encrypt,cpu_aesni,aesni,transform,bytes,ECB,1048576,19,1048576:ECB:19,822abee3b703c7dc485b662b432663e5dc2937f6ce2c96985e240e3b3e091a5d,1,715,True,,,,,,,,,,,586300,0.0005863,1788.4632440730002,0,0.0,
1a68b061-2098-4352-95ab-257dbc02c55a,2004,AES-128,encrypt,cuda_baseline,baseline,pipeline,pinned,ECB,1048576,19,1048576:ECB:19,822abee3b703c7dc485b662b432663e5dc2937f6ce2c96985e240e3b3e091a5d,2,716,True,,5286.013926394868,1207.897707637369,0.00019836799800395966,0.0008681,288900,198367.99800395966,231000,519900,868100,,,,,,
1a68b061-2098-4352-95ab-257dbc02c55a,2004,AES-128,encrypt,cuda_optimized_v1,optimized,pipeline,pinned,ECB,1048576,19,1048576:ECB:19,822abee3b703c7dc485b662b432663e5dc2937f6ce2c96985e240e3b3e091a5d,3,717,True,,3801.833069355814,1022.6019114491905,0.0002758080065250397,0.0010254,225400,275808.0065250397,387300,612700,1025400,,,,,,
1a68b061-2098-4352-95ab-257dbc02c55a,2004,AES-128,encrypt,cuda_optimized_v1,optimized,resident,pinned,ECB,1048576,19,1048576:ECB:19,822abee3b703c7dc485b662b432663e5dc2937f6ce2c96985e240e3b3e091a5d,4,718,True,1,6219.017078843113,,0.00016860799491405488,,,168607.99491405487,,,,,,,,,168607.99491405487
1a68b061-2098-4352-95ab-257dbc02c55a,2004,AES-128,encrypt,cpu_software,software,transform,bytes,ECB,1048576,19,1048576:ECB:19,822abee3b703c7dc485b662b432663e5dc2937f6ce2c96985e240e3b3e091a5d,5,719,True,,,,,,,,,,,3832700,0.0038327,273.58676650924934,15625000,4.076760508257886,
1a68b061-2098-4352-95ab-257dbc02c55a,2004,AES-128,encrypt,cuda_baseline,baseline,pipeline,pinned,CTR,16777216,0,16777216:CTR:0,c72248ee4cce5df64446cc136aa295368aaa0081467b66f0afc8d26179b796d2,0,720,True,,8014.185050648914,2227.1330527936707,0.002093440055847168,0.0075331,2707100,2093440.055847168,2635800,5342900,7533100,,,,,,
1a68b061-2098-4352-95ab-257dbc02c55a,2004,AES-128,encrypt,cpu_aesni,aesni,transform,bytes,CTR,16777216,0,16777216:CTR:0,c72248ee4cce5df64446cc136aa295368aaa0081467b66f0afc8d26179b796d2,1,721,True,,,,,,,,,,,12610600,0.0126106,1330.4058490476266,15625000,1.2390370006185272,
1a68b061-2098-4352-95ab-257dbc02c55a,2004,AES-128,encrypt,cpu_software,software,transform,bytes,CTR,16777216,0,16777216:CTR:0,c72248ee4cce5df64446cc136aa295368aaa0081467b66f0afc8d26179b796d2,2,722,True,,,,,,,,,,,64004000,0.064004,262.127617023936,62500000,0.9765014686582089,
1a68b061-2098-4352-95ab-257dbc02c55a,2004,AES-128,encrypt,cuda_optimized_v1,optimized,pipeline,pinned,CTR,16777216,0,16777216:CTR:0,c72248ee4cce5df64446cc136aa295368aaa0081467b66f0afc8d26179b796d2,3,723,True,,7857.2095206541,2217.2434482667477,0.0021352639198303222,0.0075667,2703500,2135263.9198303223,2630600,5334100,7566700,,,,,,
1a68b061-2098-4352-95ab-257dbc02c55a,2004,AES-128,encrypt,cuda_optimized_v1,optimized,resident,pinned,CTR,16777216,0,16777216:CTR:0,c72248ee4cce5df64446cc136aa295368aaa0081467b66f0afc8d26179b796d2,4,724,True,1,7875.148541881217,,0.0021303999423980713,,,2130399.9423980713,,,,,,,,,2130399.9423980713
1a68b061-2098-4352-95ab-257dbc02c55a,2004,AES-128,encrypt,cuda_baseline,baseline,resident,pinned,CTR,16777216,0,16777216:CTR:0,c72248ee4cce5df64446cc136aa295368aaa0081467b66f0afc8d26179b796d2,5,725,True,1,7948.093087493836,,0.0021108479499816896,,,2110847.9499816895,,,,,,,,,2110847.9499816895
1a68b061-2098-4352-95ab-257dbc02c55a,2004,AES-128,encrypt,cpu_aesni,aesni,transform,bytes,ECB,16777216,0,16777216:ECB:0,b93ef6317da43d4954ddfe3346dfa39871a6e912a78ba86cec396f4264555468,0,726,True,,,,,,,,,,,9157200,0.0091572,1832.1338400384398,15625000,1.706307604944743,
1a68b061-2098-4352-95ab-257dbc02c55a,2004,AES-128,encrypt,cuda_optimized_v1,optimized,pipeline,pinned,ECB,16777216,0,16777216:ECB:0,b93ef6317da43d4954ddfe3346dfa39871a6e912a78ba86cec396f4264555468,1,727,True,,7956.777337724018,2156.5653761118824,0.002108544111251831,0.0077796,2711700,2108544.111251831,2820600,5532300,7779600,,,,,,
1a68b061-2098-4352-95ab-257dbc02c55a,2004,AES-128,encrypt,cuda_optimized_v1,optimized,resident,pinned,ECB,16777216,0,16777216:ECB:0,b93ef6317da43d4954ddfe3346dfa39871a6e912a78ba86cec396f4264555468,2,728,True,1,7946.888515447301,,0.0021111679077148436,,,2111167.9077148438,,,,,,,,,2111167.9077148438
1a68b061-2098-4352-95ab-257dbc02c55a,2004,AES-128,encrypt,cuda_baseline,baseline,pipeline,pinned,ECB,16777216,0,16777216:ECB:0,b93ef6317da43d4954ddfe3346dfa39871a6e912a78ba86cec396f4264555468,3,729,True,,8021.296903699517,2181.8911994589885,0.002091583967208862,0.0076893,2707200,2091583.9672088623,2746200,5453400,7689300,,,,,,
1a68b061-2098-4352-95ab-257dbc02c55a,2004,AES-128,encrypt,cuda_baseline,baseline,resident,pinned,ECB,16777216,0,16777216:ECB:0,b93ef6317da43d4954ddfe3346dfa39871a6e912a78ba86cec396f4264555468,4,730,True,1,8329.039034934414,,0.002014303922653198,,,2014303.9226531982,,,,,,,,,2014303.9226531982
1a68b061-2098-4352-95ab-257dbc02c55a,2004,AES-128,encrypt,cpu_software,software,transform,bytes,ECB,16777216,0,16777216:ECB:0,b93ef6317da43d4954ddfe3346dfa39871a6e912a78ba86cec396f4264555468,5,731,True,,,,,,,,,,,60558400,0.0605584,277.04192977357394,62500000,1.0320616132526619,
1a68b061-2098-4352-95ab-257dbc02c55a,2004,AES-128,encrypt,cuda_baseline,baseline,pipeline,pinned,CTR,16777216,1,16777216:CTR:1,e0fea9d92d0bc77e88a5f92d81369499504091683eefeea43dacdeec62d789b7,0,732,True,,7889.368846814693,2206.483244778789,0.0021265599727630616,0.0076036,2709300,2126559.9727630615,2670400,5379700,7603600,,,,,,
1a68b061-2098-4352-95ab-257dbc02c55a,2004,AES-128,encrypt,cuda_optimized_v1,optimized,pipeline,pinned,CTR,16777216,1,16777216:CTR:1,e0fea9d92d0bc77e88a5f92d81369499504091683eefeea43dacdeec62d789b7,1,733,True,,7895.903737786237,2196.5456925896833,0.002124799966812134,0.007638,2746300,2124799.966812134,2677700,5424000,7638000,,,,,,
1a68b061-2098-4352-95ab-257dbc02c55a,2004,AES-128,encrypt,cpu_software,software,transform,bytes,CTR,16777216,1,16777216:CTR:1,e0fea9d92d0bc77e88a5f92d81369499504091683eefeea43dacdeec62d789b7,2,734,True,,,,,,,,,,,62459200,0.0624592,268.6108051335912,62500000,1.0006532264262111,
1a68b061-2098-4352-95ab-257dbc02c55a,2004,AES-128,encrypt,cuda_optimized_v1,optimized,resident,pinned,CTR,16777216,1,16777216:CTR:1,e0fea9d92d0bc77e88a5f92d81369499504091683eefeea43dacdeec62d789b7,3,735,True,1,7728.187871532536,,0.002170912027359009,,,2170912.027359009,,,,,,,,,2170912.027359009
1a68b061-2098-4352-95ab-257dbc02c55a,2004,AES-128,encrypt,cuda_baseline,baseline,resident,pinned,CTR,16777216,1,16777216:CTR:1,e0fea9d92d0bc77e88a5f92d81369499504091683eefeea43dacdeec62d789b7,4,736,True,1,7499.148956373506,,0.0022372159957885743,,,2237215.995788574,,,,,,,,,2237215.995788574
1a68b061-2098-4352-95ab-257dbc02c55a,2004,AES-128,encrypt,cpu_aesni,aesni,transform,bytes,CTR,16777216,1,16777216:CTR:1,e0fea9d92d0bc77e88a5f92d81369499504091683eefeea43dacdeec62d789b7,5,737,True,,,,,,,,,,,12047600,0.0120476,1392.5774428101863,15625000,1.2969388093894219,
1a68b061-2098-4352-95ab-257dbc02c55a,2004,AES-128,encrypt,cuda_optimized_v1,optimized,pipeline,pinned,ECB,16777216,1,16777216:ECB:1,96073a46901fe02bc21bcce97d9e5e1a74cb419be2911ab74af99267c2a110b2,0,738,True,,8189.440748817561,2212.798375077487,0.002048640012741089,0.0075819,2741400,2048640.0127410889,2710100,5451500,7581900,,,,,,
1a68b061-2098-4352-95ab-257dbc02c55a,2004,AES-128,encrypt,cpu_software,software,transform,bytes,ECB,16777216,1,16777216:ECB:1,96073a46901fe02bc21bcce97d9e5e1a74cb419be2911ab74af99267c2a110b2,1,739,True,,,,,,,,,,,60241800,0.0602418,278.49792004886973,46875000,0.7781141997749071,
1a68b061-2098-4352-95ab-257dbc02c55a,2004,AES-128,encrypt,cuda_baseline,baseline,resident,pinned,ECB,16777216,1,16777216:ECB:1,96073a46901fe02bc21bcce97d9e5e1a74cb419be2911ab74af99267c2a110b2,2,740,True,1,8257.023926044283,,0.002031872034072876,,,2031872.034072876,,,,,,,,,2031872.034072876
1a68b061-2098-4352-95ab-257dbc02c55a,2004,AES-128,encrypt,cuda_baseline,baseline,pipeline,pinned,ECB,16777216,1,16777216:ECB:1,96073a46901fe02bc21bcce97d9e5e1a74cb419be2911ab74af99267c2a110b2,3,741,True,,8260.666560662161,2234.5488206070777,0.0020309760570526125,0.0075081,2703400,2030976.0570526123,2674000,5377400,7508100,,,,,,
1a68b061-2098-4352-95ab-257dbc02c55a,2004,AES-128,encrypt,cuda_optimized_v1,optimized,resident,pinned,ECB,16777216,1,16777216:ECB:1,96073a46901fe02bc21bcce97d9e5e1a74cb419be2911ab74af99267c2a110b2,4,742,True,1,8244.040148227137,,0.002035072088241577,,,2035072.0882415771,,,,,,,,,2035072.0882415771
1a68b061-2098-4352-95ab-257dbc02c55a,2004,AES-128,encrypt,cpu_aesni,aesni,transform,bytes,ECB,16777216,1,16777216:ECB:1,96073a46901fe02bc21bcce97d9e5e1a74cb419be2911ab74af99267c2a110b2,5,743,True,,,,,,,,,,,9633900,0.0096339,1741.4770757429494,15625000,1.6218769138147584,
1a68b061-2098-4352-95ab-257dbc02c55a,2004,AES-128,encrypt,cuda_optimized_v1,optimized,resident,pinned,CTR,16777216,2,16777216:CTR:2,177900e611592f8e36a3f77fa91c40aa5d01b608fdc6c1c40084fb721afc40c2,0,744,True,1,7644.799583354138,,0.002194591999053955,,,2194591.999053955,,,,,,,,,2194591.999053955
1a68b061-2098-4352-95ab-257dbc02c55a,2004,AES-128,encrypt,cuda_baseline,baseline,pipeline,pinned,CTR,16777216,2,16777216:CTR:2,177900e611592f8e36a3f77fa91c40aa5d01b608fdc6c1c40084fb721afc40c2,1,745,True,,7525.305097660569,2157.896794772856,0.002229439973831177,0.0077748,2759600,2229439.9738311768,2683800,5443400,7774800,,,,,,
1a68b061-2098-4352-95ab-257dbc02c55a,2004,AES-128,encrypt,cuda_baseline,baseline,resident,pinned,CTR,16777216,2,16777216:CTR:2,177900e611592f8e36a3f77fa91c40aa5d01b608fdc6c1c40084fb721afc40c2,2,746,True,1,7531.899472304229,,0.0022274880409240724,,,2227488.0409240723,,,,,,,,,2227488.0409240723
1a68b061-2098-4352-95ab-257dbc02c55a,2004,AES-128,encrypt,cpu_software,software,transform,bytes,CTR,16777216,2,16777216:CTR:2,177900e611592f8e36a3f77fa91c40aa5d01b608fdc6c1c40084fb721afc40c2,3,747,True,,,,,,,,,,,62145000,0.062145,269.9688792340494,62500000,1.0057124466972402,
1a68b061-2098-4352-95ab-257dbc02c55a,2004,AES-128,encrypt,cpu_aesni,aesni,transform,bytes,CTR,16777216,2,16777216:CTR:2,177900e611592f8e36a3f77fa91c40aa5d01b608fdc6c1c40084fb721afc40c2,4,748,True,,,,,,,,,,,10917400,0.0109174,1536.7409822851594,15625000,1.4312015681389343,
1a68b061-2098-4352-95ab-257dbc02c55a,2004,AES-128,encrypt,cuda_optimized_v1,optimized,pipeline,pinned,CTR,16777216,2,16777216:CTR:2,177900e611592f8e36a3f77fa91c40aa5d01b608fdc6c1c40084fb721afc40c2,5,749,True,,7580.68877207068,2164.466921250903,0.0022131519317626952,0.0077512,2762100,2213151.9317626953,2674400,5436500,7751200,,,,,,
1a68b061-2098-4352-95ab-257dbc02c55a,2004,AES-128,encrypt,cuda_baseline,baseline,pipeline,pinned,ECB,16777216,2,16777216:ECB:2,1547c93da12d2baa7673fe1ce3524df7024305d18abae5965649e414882b43d5,0,750,True,,8126.228691384069,2227.0739251058635,0.0020645759105682375,0.0075333,2701400,2064575.9105682373,2674200,5375600,7533300,,,,,,
1a68b061-2098-4352-95ab-257dbc02c55a,2004,AES-128,encrypt,cuda_optimized_v1,optimized,resident,pinned,ECB,16777216,2,16777216:ECB:2,1547c93da12d2baa7673fe1ce3524df7024305d18abae5965649e414882b43d5,1,751,True,1,8066.093419071808,,0.002079967975616455,,,2079967.975616455,,,,,,,,,2079967.975616455
1a68b061-2098-4352-95ab-257dbc02c55a,2004,AES-128,encrypt,cpu_software,software,transform,bytes,ECB,16777216,2,16777216:ECB:2,1547c93da12d2baa7673fe1ce3524df7024305d18abae5965649e414882b43d5,2,752,True,,,,,,,,,,,59812800,0.0598128,280.4954123532087,62500000,1.0449268384024823,
1a68b061-2098-4352-95ab-257dbc02c55a,2004,AES-128,encrypt,cuda_baseline,baseline,resident,pinned,ECB,16777216,2,16777216:ECB:2,1547c93da12d2baa7673fe1ce3524df7024305d18abae5965649e414882b43d5,3,753,True,1,8076.158046435122,,0.002077375888824463,,,2077375.888824463,,,,,,,,,2077375.888824463
1a68b061-2098-4352-95ab-257dbc02c55a,2004,AES-128,encrypt,cpu_aesni,aesni,transform,bytes,ECB,16777216,2,16777216:ECB:2,1547c93da12d2baa7673fe1ce3524df7024305d18abae5965649e414882b43d5,4,754,True,,,,,,,,,,,8929700,0.0089297,1878.8107103262148,15625000,1.7497788279561464,
1a68b061-2098-4352-95ab-257dbc02c55a,2004,AES-128,encrypt,cuda_optimized_v1,optimized,pipeline,pinned,ECB,16777216,2,16777216:ECB:2,1547c93da12d2baa7673fe1ce3524df7024305d18abae5965649e414882b43d5,5,755,True,,8033.464214161342,1804.8750470657844,0.0020884160995483397,0.0092955,2705500,2088416.0995483398,4392700,7098200,9295500,,,,,,
1a68b061-2098-4352-95ab-257dbc02c55a,2004,AES-128,encrypt,cpu_aesni,aesni,transform,bytes,CTR,16777216,3,16777216:CTR:3,9e6d6e94314e5bf23b6da32022ad613b7ec47a9527c61f77feaad82e05f258e8,0,756,True,,,,,,,,,,,11368200,0.0113682,1475.8023257859643,15625000,1.3744480216744954,
1a68b061-2098-4352-95ab-257dbc02c55a,2004,AES-128,encrypt,cuda_optimized_v1,optimized,pipeline,pinned,CTR,16777216,3,16777216:CTR:3,9e6d6e94314e5bf23b6da32022ad613b7ec47a9527c61f77feaad82e05f258e8,1,757,True,,3352.2037704492604,639.1977841530367,0.005004831790924072,0.0262473,10673800,5004831.790924072,10388400,21062200,26247300,,,,,,
1a68b061-2098-4352-95ab-257dbc02c55a,2004,AES-128,encrypt,cpu_software,software,transform,bytes,CTR,16777216,3,16777216:CTR:3,9e6d6e94314e5bf23b6da32022ad613b7ec47a9527c61f77feaad82e05f258e8,2,758,True,,,,,,,,,,,61743100,0.0617431,271.726168592118,62500000,1.0122588596944435,
1a68b061-2098-4352-95ab-257dbc02c55a,2004,AES-128,encrypt,cuda_baseline,baseline,resident,pinned,CTR,16777216,3,16777216:CTR:3,9e6d6e94314e5bf23b6da32022ad613b7ec47a9527c61f77feaad82e05f258e8,3,759,True,1,3393.1862224471206,,0.0049443840980529785,,,4944384.0980529785,,,,,,,,,4944384.0980529785
1a68b061-2098-4352-95ab-257dbc02c55a,2004,AES-128,encrypt,cuda_optimized_v1,optimized,resident,pinned,CTR,16777216,3,16777216:CTR:3,9e6d6e94314e5bf23b6da32022ad613b7ec47a9527c61f77feaad82e05f258e8,4,760,True,1,3412.044872883859,,0.004917056083679199,,,4917056.083679199,,,,,,,,,4917056.083679199
1a68b061-2098-4352-95ab-257dbc02c55a,2004,AES-128,encrypt,cuda_baseline,baseline,pipeline,pinned,CTR,16777216,3,16777216:CTR:3,9e6d6e94314e5bf23b6da32022ad613b7ec47a9527c61f77feaad82e05f258e8,5,761,True,,3420.83863025874,652.6195079257026,0.004904416084289551,0.0257075,10430700,4904416.084289551,10236600,20667300,25707500,,,,,,
1a68b061-2098-4352-95ab-257dbc02c55a,2004,AES-128,encrypt,cpu_aesni,aesni,transform,bytes,ECB,16777216,3,16777216:ECB:3,57fed2476f950fbc855d9a931ccfc531a1a198fefc4ab1383a395e9c14ae1d98,0,762,True,,,,,,,,,,,8993000,0.008993,1865.5861225397532,15625000,1.7374624708106305,
1a68b061-2098-4352-95ab-257dbc02c55a,2004,AES-128,encrypt,cuda_baseline,baseline,pipeline,pinned,ECB,16777216,3,16777216:ECB:3,57fed2476f950fbc855d9a931ccfc531a1a198fefc4ab1383a395e9c14ae1d98,1,763,True,,3431.5634065272166,655.3011252895247,0.004889088153839111,0.0256023,10382500,4889088.153839111,10217500,20600000,25602300,,,,,,
1a68b061-2098-4352-95ab-257dbc02c55a,2004,AES-128,encrypt,cuda_optimized_v1,optimized,pipeline,pinned,ECB,16777216,3,16777216:ECB:3,57fed2476f950fbc855d9a931ccfc531a1a198fefc4ab1383a395e9c14ae1d98,2,764,True,,3414.7115882086164,654.1564543359679,0.00491321611404419,0.0256471,10377900,4913216.114044189,10226600,20604500,25647100,,,,,,
1a68b061-2098-4352-95ab-257dbc02c55a,2004,AES-128,encrypt,cuda_optimized_v1,optimized,resident,pinned,ECB,16777216,3,16777216:ECB:3,57fed2476f950fbc855d9a931ccfc531a1a198fefc4ab1383a395e9c14ae1d98,3,765,True,1,3423.966214657951,,0.0048999361991882324,,,4899936.199188232,,,,,,,,,4899936.199188232
1a68b061-2098-4352-95ab-257dbc02c55a,2004,AES-128,encrypt,cuda_baseline,baseline,resident,pinned,ECB,16777216,3,16777216:ECB:3,57fed2476f950fbc855d9a931ccfc531a1a198fefc4ab1383a395e9c14ae1d98,4,766,True,1,3154.4847459388143,,0.005318528175354004,,,5318528.175354004,,,,,,,,,5318528.175354004
1a68b061-2098-4352-95ab-257dbc02c55a,2004,AES-128,encrypt,cpu_software,software,transform,bytes,ECB,16777216,3,16777216:ECB:3,57fed2476f950fbc855d9a931ccfc531a1a198fefc4ab1383a395e9c14ae1d98,5,767,True,,,,,,,,,,,59301200,0.0593012,282.9152867058339,62500000,1.0539415728518142,
1a68b061-2098-4352-95ab-257dbc02c55a,2004,AES-128,encrypt,cpu_software,software,transform,bytes,ECB,16777216,4,16777216:ECB:4,8236756d47667c9986e5c424f128fc497ef7c95f21f065c7fd7638b966ffa439,0,768,True,,,,,,,,,,,59474800,0.0594748,282.08949000248845,62500000,1.0508652404043393,
1a68b061-2098-4352-95ab-257dbc02c55a,2004,AES-128,encrypt,cuda_optimized_v1,optimized,resident,pinned,ECB,16777216,4,16777216:ECB:4,8236756d47667c9986e5c424f128fc497ef7c95f21f065c7fd7638b966ffa439,1,769,True,1,4300.86208108868,,0.0039008960723876953,,,3900896.0723876953,,,,,,,,,3900896.0723876953
1a68b061-2098-4352-95ab-257dbc02c55a,2004,AES-128,encrypt,cuda_optimized_v1,optimized,pipeline,pinned,ECB,16777216,4,16777216:ECB:4,8236756d47667c9986e5c424f128fc497ef7c95f21f065c7fd7638b966ffa439,2,770,True,,4349.7826817741225,1057.3986701540982,0.0038570239543914797,0.0158665,6019600,3857023.9543914795,5829600,11849200,15866500,,,,,,
1a68b061-2098-4352-95ab-257dbc02c55a,2004,AES-128,encrypt,cuda_baseline,baseline,pipeline,pinned,ECB,16777216,4,16777216:ECB:4,8236756d47667c9986e5c424f128fc497ef7c95f21f065c7fd7638b966ffa439,3,771,True,,4300.474128716092,1110.6914175250906,0.0039012479782104493,0.0151052,5624900,3901247.978210449,5411000,11035900,15105200,,,,,,
1a68b061-2098-4352-95ab-257dbc02c55a,2004,AES-128,encrypt,cuda_baseline,baseline,resident,pinned,ECB,16777216,4,16777216:ECB:4,8236756d47667c9986e5c424f128fc497ef7c95f21f065c7fd7638b966ffa439,4,772,True,1,4325.594426557079,,0.0038785920143127443,,,3878592.014312744,,,,,,,,,3878592.014312744
1a68b061-2098-4352-95ab-257dbc02c55a,2004,AES-128,encrypt,cpu_aesni,aesni,transform,bytes,ECB,16777216,4,16777216:ECB:4,8236756d47667c9986e5c424f128fc497ef7c95f21f065c7fd7638b966ffa439,5,773,True,,,,,,,,,,,8795900,0.0087959,1907.3904887504405,15625000,1.7763958207801362,
1a68b061-2098-4352-95ab-257dbc02c55a,2004,AES-128,encrypt,cpu_software,software,transform,bytes,CTR,16777216,4,16777216:CTR:4,9977933b5c1e5de3c4b2022dd31137f3035a3b0d616b4737d92c34b129611fba,0,774,True,,,,,,,,,,,62172000,0.062172,269.8516373930387,62500000,1.0052756868043493,
1a68b061-2098-4352-95ab-257dbc02c55a,2004,AES-128,encrypt,cuda_optimized_v1,optimized,resident,pinned,CTR,16777216,4,16777216:CTR:4,9977933b5c1e5de3c4b2022dd31137f3035a3b0d616b4737d92c34b129611fba,1,775,True,1,4136.133605769178,,0.00405625581741333,,,4056255.81741333,,,,,,,,,4056255.81741333
1a68b061-2098-4352-95ab-257dbc02c55a,2004,AES-128,encrypt,cuda_baseline,baseline,resident,pinned,CTR,16777216,4,16777216:CTR:4,9977933b5c1e5de3c4b2022dd31137f3035a3b0d616b4737d92c34b129611fba,2,776,True,1,4166.637703034044,,0.0040265598297119145,,,4026559.829711914,,,,,,,,,4026559.829711914
1a68b061-2098-4352-95ab-257dbc02c55a,2004,AES-128,encrypt,cuda_baseline,baseline,pipeline,pinned,CTR,16777216,4,16777216:CTR:4,9977933b5c1e5de3c4b2022dd31137f3035a3b0d616b4737d92c34b129611fba,3,777,True,,4221.5242654788035,1143.4541043046809,0.003974208116531372,0.0146724,5381900,3974208.116531372,5196100,10578000,14672400,,,,,,
1a68b061-2098-4352-95ab-257dbc02c55a,2004,AES-128,encrypt,cuda_optimized_v1,optimized,pipeline,pinned,CTR,16777216,4,16777216:CTR:4,9977933b5c1e5de3c4b2022dd31137f3035a3b0d616b4737d92c34b129611fba,4,778,True,,4077.840696873167,1143.5554252919003,0.0041142401695251464,0.0146711,5268800,4114240.1695251465,5165900,10434700,14671100,,,,,,
1a68b061-2098-4352-95ab-257dbc02c55a,2004,AES-128,encrypt,cpu_aesni,aesni,transform,bytes,CTR,16777216,4,16777216:CTR:4,9977933b5c1e5de3c4b2022dd31137f3035a3b0d616b4737d92c34b129611fba,5,779,True,,,,,,,,,,,12261100,0.0122611,1368.3287796364111,15625000,1.2743554819714382,
1a68b061-2098-4352-95ab-257dbc02c55a,2004,AES-128,encrypt,cuda_baseline,baseline,resident,pinned,ECB,16777216,5,16777216:ECB:5,b79fd544c526d6ebea35949e5d1093ab78cda76e931bfcb4bbefa24e606ab12f,0,780,True,1,4143.652165941245,,0.004048895835876465,,,4048895.835876465,,,,,,,,,4048895.835876465
1a68b061-2098-4352-95ab-257dbc02c55a,2004,AES-128,encrypt,cuda_optimized_v1,optimized,pipeline,pinned,ECB,16777216,5,16777216:ECB:5,b79fd544c526d6ebea35949e5d1093ab78cda76e931bfcb4bbefa24e606ab12f,1,781,True,,4319.535975076011,1154.2791094476704,0.0038840320110321044,0.0145348,5364400,3884032.0110321045,5196700,10561100,14534800,,,,,,
1a68b061-2098-4352-95ab-257dbc02c55a,2004,AES-128,encrypt,cpu_aesni,aesni,transform,bytes,ECB,16777216,5,16777216:ECB:5,b79fd544c526d6ebea35949e5d1093ab78cda76e931bfcb4bbefa24e606ab12f,2,782,True,,,,,,,,,,,8549500,0.0085495,1962.3622434060471,15625000,1.8275922568571261,
1a68b061-2098-4352-95ab-257dbc02c55a,2004,AES-128,encrypt,cuda_optimized_v1,optimized,resident,pinned,ECB,16777216,5,16777216:ECB:5,b79fd544c526d6ebea35949e5d1093ab78cda76e931bfcb4bbefa24e606ab12f,3,783,True,1,4343.980246955332,,0.003862175941467285,,,3862175.941467285,,,,,,,,,3862175.941467285
1a68b061-2098-4352-95ab-257dbc02c55a,2004,AES-128,encrypt,cuda_baseline,baseline,pipeline,pinned,ECB,16777216,5,16777216:ECB:5,b79fd544c526d6ebea35949e5d1093ab78cda76e931bfcb4bbefa24e606ab12f,4,784,True,,4135.18713790252,1127.0769065405493,0.004057184219360351,0.0148856,5247800,4057184.2193603516,5466100,10713900,14885600,,,,,,
1a68b061-2098-4352-95ab-257dbc02c55a,2004,AES-128,encrypt,cpu_software,software,transform,bytes,ECB,16777216,5,16777216:ECB:5,b79fd544c526d6ebea35949e5d1093ab78cda76e931bfcb4bbefa24e606ab12f,5,785,True,,,,,,,,,,,58925100,0.0589251,284.7210441730264,62500000,1.0606685436257215,
1a68b061-2098-4352-95ab-257dbc02c55a,2004,AES-128,encrypt,cuda_baseline,baseline,resident,pinned,CTR,16777216,5,16777216:CTR:5,b220e13f90c978a5f114301ca40b56efc40be52d3fffe5328f2bbcf9beb0088a,0,786,True,1,4066.9279158789177,,0.004125279903411865,,,4125279.9034118652,,,,,,,,,4125279.9034118652
1a68b061-2098-4352-95ab-257dbc02c55a,2004,AES-128,encrypt,cpu_software,software,transform,bytes,CTR,16777216,5,16777216:CTR:5,b220e13f90c978a5f114301ca40b56efc40be52d3fffe5328f2bbcf9beb0088a,1,787,True,,,,,,,,,,,64452200,0.0644522,260.304784010476,62500000,0.9697108865174502,
1a68b061-2098-4352-95ab-257dbc02c55a,2004,AES-128,encrypt,cuda_optimized_v1,optimized,resident,pinned,CTR,16777216,5,16777216:CTR:5,b220e13f90c978a5f114301ca40b56efc40be52d3fffe5328f2bbcf9beb0088a,2,788,True,1,4085.2126698344996,,0.004106815814971924,,,4106815.814971924,,,,,,,,,4106815.814971924
1a68b061-2098-4352-95ab-257dbc02c55a,2004,AES-128,encrypt,cpu_aesni,aesni,transform,bytes,CTR,16777216,5,16777216:CTR:5,b220e13f90c978a5f114301ca40b56efc40be52d3fffe5328f2bbcf9beb0088a,3,789,True,,,,,,,,,,,11358500,0.0113585,1477.0626403134218,15625000,1.3756217810450324,
1a68b061-2098-4352-95ab-257dbc02c55a,2004,AES-128,encrypt,cuda_optimized_v1,optimized,pipeline,pinned,CTR,16777216,5,16777216:CTR:5,b220e13f90c978a5f114301ca40b56efc40be52d3fffe5328f2bbcf9beb0088a,4,790,True,,4093.2817314491685,1142.0996882190364,0.004098720073699951,0.0146898,5349200,4098720.073699951,5136700,10485900,14689800,,,,,,
1a68b061-2098-4352-95ab-257dbc02c55a,2004,AES-128,encrypt,cuda_baseline,baseline,pipeline,pinned,CTR,16777216,5,16777216:CTR:5,b220e13f90c978a5f114301ca40b56efc40be52d3fffe5328f2bbcf9beb0088a,5,791,True,,4121.663713896961,1152.0597687257946,0.0040704960823059085,0.0145628,5233700,4070496.082305908,5163600,10397300,14562800,,,,,,
1a68b061-2098-4352-95ab-257dbc02c55a,2004,AES-128,encrypt,cuda_optimized_v1,optimized,pipeline,pinned,ECB,16777216,6,16777216:ECB:6,4d873d592e75fead9ea0741e136d08565a103ae94f670e60c0d5ffb1f9935e50,0,792,True,,4199.444041314864,1161.8651098691819,0.0039951040744781495,0.0144399,5212600,3995104.0744781494,5135600,10348200,14439900,,,,,,
1a68b061-2098-4352-95ab-257dbc02c55a,2004,AES-128,encrypt,cpu_software,software,transform,bytes,ECB,16777216,6,16777216:ECB:6,4d873d592e75fead9ea0741e136d08565a103ae94f670e60c0d5ffb1f9935e50,1,793,True,,,,,,,,,,,59582400,0.0595824,281.58006391149064,62500000,1.0489674803297617,
1a68b061-2098-4352-95ab-257dbc02c55a,2004,AES-128,encrypt,cpu_aesni,aesni,transform,bytes,ECB,16777216,6,16777216:ECB:6,4d873d592e75fead9ea0741e136d08565a103ae94f670e60c0d5ffb1f9935e50,2,794,True,,,,,,,,,,,8528000,0.008528,1967.3095684803002,15625000,1.8321998123827392,
1a68b061-2098-4352-95ab-257dbc02c55a,2004,AES-128,encrypt,cuda_optimized_v1,optimized,resident,pinned,ECB,16777216,6,16777216:ECB:6,4d873d592e75fead9ea0741e136d08565a103ae94f670e60c0d5ffb1f9935e50,3,795,True,1,4175.298015369785,,0.004018208026885986,,,4018208.0268859863,,,,,,,,,4018208.0268859863
1a68b061-2098-4352-95ab-257dbc02c55a,2004,AES-128,encrypt,cuda_baseline,baseline,pipeline,pinned,ECB,16777216,6,16777216:ECB:6,4d873d592e75fead9ea0741e136d08565a103ae94f670e60c0d5ffb1f9935e50,4,796,True,,4165.115054857977,1104.4690361612345,0.004028031826019287,0.0151903,5816100,4028031.826019287,5189200,11005300,15190300,,,,,,
1a68b061-2098-4352-95ab-257dbc02c55a,2004,AES-128,encrypt,cuda_baseline,baseline,resident,pinned,ECB,16777216,6,16777216:ECB:6,4d873d592e75fead9ea0741e136d08565a103ae94f670e60c0d5ffb1f9935e50,5,797,True,1,4143.619470428326,,0.004048927783966065,,,4048927.7839660645,,,,,,,,,4048927.7839660645
1a68b061-2098-4352-95ab-257dbc02c55a,2004,AES-128,encrypt,cuda_baseline,baseline,pipeline,pinned,CTR,16777216,6,16777216:CTR:6,4d7d7b35c06ee20f98150ec8ab04b7e6b6043a1529c930327a2c7ffa8a13d36c,0,798,True,,4105.236897320341,1133.327658999561,0.0040867838859558105,0.0148035,5205600,4086783.8859558105,5412400,10618000,14803500,,,,,,
1a68b061-2098-4352-95ab-257dbc02c55a,2004,AES-128,encrypt,cuda_optimized_v1,optimized,pipeline,pinned,CTR,16777216,6,16777216:CTR:6,4d7d7b35c06ee20f98150ec8ab04b7e6b6043a1529c930327a2c7ffa8a13d36c,1,799,True,,3833.2150815581313,974.445089793927,0.004376800060272217,0.0172172,5341100,4376800.060272217,7358400,12699500,17217200,,,,,,
1a68b061-2098-4352-95ab-257dbc02c55a,2004,AES-128,encrypt,cpu_software,software,transform,bytes,CTR,16777216,6,16777216:CTR:6,4d7d7b35c06ee20f98150ec8ab04b7e6b6043a1529c930327a2c7ffa8a13d36c,2,800,True,,,,,,,,,,,63227400,0.0632274,265.34723869714713,62500000,0.98849549404214,
1a68b061-2098-4352-95ab-257dbc02c55a,2004,AES-128,encrypt,cuda_baseline,baseline,resident,pinned,CTR,16777216,6,16777216:CTR:6,4d7d7b35c06ee20f98150ec8ab04b7e6b6043a1529c930327a2c7ffa8a13d36c,3,801,True,1,2784.736985768739,,0.006024703979492187,,,6024703.9794921875,,,,,,,,,6024703.9794921875
1a68b061-2098-4352-95ab-257dbc02c55a,2004,AES-128,encrypt,cuda_optimized_v1,optimized,resident,pinned,CTR,16777216,6,16777216:CTR:6,4d7d7b35c06ee20f98150ec8ab04b7e6b6043a1529c930327a2c7ffa8a13d36c,4,802,True,1,2831.7543386399193,,0.00592467212677002,,,5924672.1267700195,,,,,,,,,5924672.1267700195
1a68b061-2098-4352-95ab-257dbc02c55a,2004,AES-128,encrypt,cpu_aesni,aesni,transform,bytes,CTR,16777216,6,16777216:CTR:6,4d7d7b35c06ee20f98150ec8ab04b7e6b6043a1529c930327a2c7ffa8a13d36c,5,803,True,,,,,,,,,,,11986400,0.0119864,1399.6876459987986,15625000,1.3035607021290796,
1a68b061-2098-4352-95ab-257dbc02c55a,2004,AES-128,encrypt,cuda_optimized_v1,optimized,pipeline,pinned,ECB,16777216,7,16777216:ECB:7,087b53d9ad09eedc9558cd4a1a2785554f4d47843130326df6c7b7d21866aec0,0,804,True,,2777.817242403835,627.718325457491,0.006039711952209472,0.0267273,10332700,6039711.952209473,10204800,20537500,26727300,,,,,,
1a68b061-2098-4352-95ab-257dbc02c55a,2004,AES-128,encrypt,cpu_software,software,transform,bytes,ECB,16777216,7,16777216:ECB:7,087b53d9ad09eedc9558cd4a1a2785554f4d47843130326df6c7b7d21866aec0,1,805,True,,,,,,,,,,,58538100,0.0585381,286.60335747145876,62500000,1.0676807070950372,
1a68b061-2098-4352-95ab-257dbc02c55a,2004,AES-128,encrypt,cuda_optimized_v1,optimized,resident,pinned,ECB,16777216,7,16777216:ECB:7,087b53d9ad09eedc9558cd4a1a2785554f4d47843130326df6c7b7d21866aec0,2,806,True,1,2592.699950313889,,0.0064709439277648925,,,6470943.927764893,,,,,,,,,6470943.927764893
1a68b061-2098-4352-95ab-257dbc02c55a,2004,AES-128,encrypt,cpu_aesni,aesni,transform,bytes,ECB,16777216,7,16777216:ECB:7,087b53d9ad09eedc9558cd4a1a2785554f4d47843130326df6c7b7d21866aec0,3,807,True,,,,,,,,,,,9984300,0.0099843,1680.3597648307843,15625000,1.564956982462466,
1a68b061-2098-4352-95ab-257dbc02c55a,2004,AES-128,encrypt,cuda_baseline,baseline,resident,pinned,ECB,16777216,7,16777216:ECB:7,087b53d9ad09eedc9558cd4a1a2785554f4d47843130326df6c7b7d21866aec0,4,808,True,1,2622.4759170151374,,0.0063974719047546385,,,6397471.904754639,,,,,,,,,6397471.904754639
1a68b061-2098-4352-95ab-257dbc02c55a,2004,AES-128,encrypt,cuda_baseline,baseline,pipeline,pinned,ECB,16777216,7,16777216:ECB:7,087b53d9ad09eedc9558cd4a1a2785554f4d47843130326df6c7b7d21866aec0,5,809,True,,2614.1596505360812,611.7199913951207,0.006417823791503906,0.0274263,10378400,6417823.791503906,10517200,20895600,27426300,,,,,,
1a68b061-2098-4352-95ab-257dbc02c55a,2004,AES-128,encrypt,cuda_optimized_v1,optimized,resident,pinned,CTR,16777216,7,16777216:CTR:7,c5507ae8ae2cc7e6bde937fc49d0687506e309652f353844b33de69d5942e2be,0,810,True,1,2539.3184292010446,,0.00660697603225708,,,6606976.03225708,,,,,,,,,6606976.03225708
1a68b061-2098-4352-95ab-257dbc02c55a,2004,AES-128,encrypt,cuda_baseline,baseline,pipeline,pinned,CTR,16777216,7,16777216:CTR:7,c5507ae8ae2cc7e6bde937fc49d0687506e309652f353844b33de69d5942e2be,1,811,True,,2547.3379708356633,613.5633907379708,0.006586175918579101,0.0273439,10428500,6586175.918579102,10183000,20611500,27343900,,,,,,
1a68b061-2098-4352-95ab-257dbc02c55a,2004,AES-128,encrypt,cpu_software,software,transform,bytes,CTR,16777216,7,16777216:CTR:7,c5507ae8ae2cc7e6bde937fc49d0687506e309652f353844b33de69d5942e2be,2,812,True,,,,,,,,,,,63185800,0.0631858,265.5219368908837,62500000,0.9891462955284257,
1a68b061-2098-4352-95ab-257dbc02c55a,2004,AES-128,encrypt,cpu_aesni,aesni,transform,bytes,CTR,16777216,7,16777216:CTR:7,c5507ae8ae2cc7e6bde937fc49d0687506e309652f353844b33de69d5942e2be,3,813,True,,,,,,,,,,,11071000,0.011071,1515.420106584771,0,0.0,
1a68b061-2098-4352-95ab-257dbc02c55a,2004,AES-128,encrypt,cuda_baseline,baseline,resident,pinned,CTR,16777216,7,16777216:CTR:7,c5507ae8ae2cc7e6bde937fc49d0687506e309652f353844b33de69d5942e2be,4,814,True,1,2591.8282758691507,,0.006473120212554932,,,6473120.212554932,,,,,,,,,6473120.212554932
1a68b061-2098-4352-95ab-257dbc02c55a,2004,AES-128,encrypt,cuda_optimized_v1,optimized,pipeline,pinned,CTR,16777216,7,16777216:CTR:7,c5507ae8ae2cc7e6bde937fc49d0687506e309652f353844b33de69d5942e2be,5,815,True,,2614.211704984752,613.2090629648717,0.006417695999145508,0.0273597,10560700,6417695.999145508,10243000,20803700,27359700,,,,,,
1a68b061-2098-4352-95ab-257dbc02c55a,2004,AES-128,encrypt,cuda_baseline,baseline,resident,pinned,ECB,16777216,8,16777216:ECB:8,0499f9c0f2489406884638e8df1fae9bcafee2a8dd626245d890b4f1296414e6,0,816,True,1,2687.0027763898775,,0.006243840217590332,,,6243840.217590332,,,,,,,,,6243840.217590332
1a68b061-2098-4352-95ab-257dbc02c55a,2004,AES-128,encrypt,cpu_aesni,aesni,transform,bytes,ECB,16777216,8,16777216:ECB:8,0499f9c0f2489406884638e8df1fae9bcafee2a8dd626245d890b4f1296414e6,1,817,True,,,,,,,,,,,12462200,0.0124622,1346.248334964934,0,0.0,
1a68b061-2098-4352-95ab-257dbc02c55a,2004,AES-128,encrypt,cuda_optimized_v1,optimized,pipeline,pinned,ECB,16777216,8,16777216:ECB:8,0499f9c0f2489406884638e8df1fae9bcafee2a8dd626245d890b4f1296414e6,2,818,True,,2615.228736352737,615.5647037240873,0.0064152002334594725,0.027255,10416400,6415200.233459473,10261000,20677400,27255000,,,,,,
1a68b061-2098-4352-95ab-257dbc02c55a,2004,AES-128,encrypt,cpu_software,software,transform,bytes,ECB,16777216,8,16777216:ECB:8,0499f9c0f2489406884638e8df1fae9bcafee2a8dd626245d890b4f1296414e6,3,819,True,,,,,,,,,,,58739300,0.0587393,285.6216536458555,62500000,1.0640235753575544,
1a68b061-2098-4352-95ab-257dbc02c55a,2004,AES-128,encrypt,cuda_baseline,baseline,pipeline,pinned,ECB,16777216,8,16777216:ECB:8,0499f9c0f2489406884638e8df1fae9bcafee2a8dd626245d890b4f1296414e6,4,820,True,,2616.834394886279,612.1909710565878,0.006411263942718506,0.0274052,10565400,6411263.942718506,10305600,20871000,27405200,,,,,,
1a68b061-2098-4352-95ab-257dbc02c55a,2004,AES-128,encrypt,cuda_optimized_v1,optimized,resident,pinned,ECB,16777216,8,16777216:ECB:8,0499f9c0f2489406884638e8df1fae9bcafee2a8dd626245d890b4f1296414e6,5,821,True,1,2616.4557059147974,,0.006412191867828369,,,6412191.867828369,,,,,,,,,6412191.867828369
1a68b061-2098-4352-95ab-257dbc02c55a,2004,AES-128,encrypt,cuda_baseline,baseline,pipeline,pinned,CTR,16777216,8,16777216:CTR:8,ef34c7d1d0890508e63b4740f723e9abffab5e3a86751c657522b36b93242d60,0,822,True,,2552.596475419258,608.4587626435718,0.00657260799407959,0.0275733,10419600,6572607.99407959,10441900,20861500,27573300,,,,,,
1a68b061-2098-4352-95ab-257dbc02c55a,2004,AES-128,encrypt,cpu_aesni,aesni,transform,bytes,CTR,16777216,8,16777216:CTR:8,ef34c7d1d0890508e63b4740f723e9abffab5e3a86751c657522b36b93242d60,1,823,True,,,,,,,,,,,11519600,0.0115196,1456.406125212681,15625000,1.356383902218827,
1a68b061-2098-4352-95ab-257dbc02c55a,2004,AES-128,encrypt,cuda_baseline,baseline,resident,pinned,CTR,16777216,8,16777216:CTR:8,ef34c7d1d0890508e63b4740f723e9abffab5e3a86751c657522b36b93242d60,2,824,True,1,2560.3124683971687,,0.006552800178527832,,,6552800.178527832,,,,,,,,,6552800.178527832
1a68b061-2098-4352-95ab-257dbc02c55a,2004,AES-128,encrypt,cpu_software,software,transform,bytes,CTR,16777216,8,16777216:CTR:8,ef34c7d1d0890508e63b4740f723e9abffab5e3a86751c657522b36b93242d60,3,825,True,,,,,,,,,,,63348000,0.063348,264.842078676517,62500000,0.9866136263181158,
1a68b061-2098-4352-95ab-257dbc02c55a,2004,AES-128,encrypt,cuda_optimized_v1,optimized,pipeline,pinned,CTR,16777216,8,16777216:CTR:8,ef34c7d1d0890508e63b4740f723e9abffab5e3a86751c657522b36b93242d60,4,826,True,,2560.5876778284373,616.8048764347321,0.006552095890045166,0.0272002,10335200,6552095.890045166,10194000,20529200,27200200,,,,,,
1a68b061-2098-4352-95ab-257dbc02c55a,2004,AES-128,encrypt,cuda_optimized_v1,optimized,resident,pinned,CTR,16777216,8,16777216:CTR:8,ef34c7d1d0890508e63b4740f723e9abffab5e3a86751c657522b36b93242d60,5,827,True,1,2563.2291164735047,,0.00654534387588501,,,6545343.87588501,,,,,,,,,6545343.87588501
1a68b061-2098-4352-95ab-257dbc02c55a,2004,AES-128,encrypt,cuda_baseline,baseline,pipeline,pinned,CTR,16777216,9,16777216:CTR:9,face606d8adc77aa43c2b162e326b4ade83ca60cd001a69455edcf56805906f7,0,828,True,,2552.248553246542,615.736400537299,0.006573503971099854,0.0272474,10342300,6573503.9710998535,10180800,20523100,27247400,,,,,,
1a68b061-2098-4352-95ab-257dbc02c55a,2004,AES-128,encrypt,cpu_aesni,aesni,transform,bytes,CTR,16777216,9,16777216:CTR:9,face606d8adc77aa43c2b162e326b4ade83ca60cd001a69455edcf56805906f7,1,829,True,,,,,,,,,,,12194800,0.0121948,1375.768032276052,15625000,1.2812838258930035,
1a68b061-2098-4352-95ab-257dbc02c55a,2004,AES-128,encrypt,cpu_software,software,transform,bytes,CTR,16777216,9,16777216:CTR:9,face606d8adc77aa43c2b162e326b4ade83ca60cd001a69455edcf56805906f7,2,830,True,,,,,,,,,,,61951100,0.0619511,270.81385157002865,62500000,1.0088602139429323,
1a68b061-2098-4352-95ab-257dbc02c55a,2004,AES-128,encrypt,cuda_optimized_v1,optimized,pipeline,pinned,CTR,16777216,9,16777216:CTR:9,face606d8adc77aa43c2b162e326b4ade83ca60cd001a69455edcf56805906f7,3,831,True,,2634.9970162503246,596.9158735523811,0.006367072105407715,0.0281065,10382700,6367072.105407715,11208300,21591000,28106500,,,,,,
1a68b061-2098-4352-95ab-257dbc02c55a,2004,AES-128,encrypt,cuda_optimized_v1,optimized,resident,pinned,CTR,16777216,9,16777216:CTR:9,face606d8adc77aa43c2b162e326b4ade83ca60cd001a69455edcf56805906f7,4,832,True,1,2650.2615989962496,,0.006330399990081787,,,6330399.990081787,,,,,,,,,6330399.990081787
1a68b061-2098-4352-95ab-257dbc02c55a,2004,AES-128,encrypt,cuda_baseline,baseline,resident,pinned,CTR,16777216,9,16777216:CTR:9,face606d8adc77aa43c2b162e326b4ade83ca60cd001a69455edcf56805906f7,5,833,True,1,3029.375704036292,,0.005538176059722901,,,5538176.0597229,,,,,,,,,5538176.0597229
1a68b061-2098-4352-95ab-257dbc02c55a,2004,AES-128,encrypt,cuda_baseline,baseline,pipeline,pinned,ECB,16777216,9,16777216:ECB:9,b6d1baa3e05e24072ceb5866a7a9e7b98fa07d69f9b9386fa724448d09be34eb,0,834,True,,2922.827267904973,632.5964134352895,0.005740064144134522,0.0265212,10368000,5740064.1441345215,10266500,20634500,26521200,,,,,,
1a68b061-2098-4352-95ab-257dbc02c55a,2004,AES-128,encrypt,cuda_optimized_v1,optimized,resident,pinned,ECB,16777216,9,16777216:ECB:9,b6d1baa3e05e24072ceb5866a7a9e7b98fa07d69f9b9386fa724448d09be34eb,1,835,True,1,2927.919963780189,,0.0057300801277160645,,,5730080.127716064,,,,,,,,,5730080.127716064
1a68b061-2098-4352-95ab-257dbc02c55a,2004,AES-128,encrypt,cuda_baseline,baseline,resident,pinned,ECB,16777216,9,16777216:ECB:9,b6d1baa3e05e24072ceb5866a7a9e7b98fa07d69f9b9386fa724448d09be34eb,2,836,True,1,2950.6765785925077,,0.005685887813568115,,,5685887.813568115,,,,,,,,,5685887.813568115
1a68b061-2098-4352-95ab-257dbc02c55a,2004,AES-128,encrypt,cpu_software,software,transform,bytes,ECB,16777216,9,16777216:ECB:9,b6d1baa3e05e24072ceb5866a7a9e7b98fa07d69f9b9386fa724448d09be34eb,3,837,True,,,,,,,,,,,59803900,0.0598039,280.5371556035643,62500000,1.0450823441280586,
1a68b061-2098-4352-95ab-257dbc02c55a,2004,AES-128,encrypt,cpu_aesni,aesni,transform,bytes,ECB,16777216,9,16777216:ECB:9,b6d1baa3e05e24072ceb5866a7a9e7b98fa07d69f9b9386fa724448d09be34eb,4,838,True,,,,,,,,,,,8642500,0.0086425,1941.2457043679492,0,0.0,
1a68b061-2098-4352-95ab-257dbc02c55a,2004,AES-128,encrypt,cuda_optimized_v1,optimized,pipeline,pinned,ECB,16777216,9,16777216:ECB:9,b6d1baa3e05e24072ceb5866a7a9e7b98fa07d69f9b9386fa724448d09be34eb,5,839,True,,2947.325909600044,636.7330704507589,0.005692351818084717,0.0263489,10341300,5692351.818084717,10168100,20509400,26348900,,,,,,
1a68b061-2098-4352-95ab-257dbc02c55a,2004,AES-128,encrypt,cpu_aesni,aesni,transform,bytes,CTR,16777216,10,16777216:CTR:10,064963cedfb43bcdec092569820830e27e91c5bc13312ea4c256320a4ad3d34e,0,840,True,,,,,,,,,,,11108300,0.0111083,1510.3315538831325,15625000,1.4066058712854352,
1a68b061-2098-4352-95ab-257dbc02c55a,2004,AES-128,encrypt,cuda_optimized_v1,optimized,resident,pinned,CTR,16777216,10,16777216:CTR:10,064963cedfb43bcdec092569820830e27e91c5bc13312ea4c256320a4ad3d34e,1,841,True,1,2872.417571233676,,0.005840799808502197,,,5840799.808502197,,,,,,,,,5840799.808502197
1a68b061-2098-4352-95ab-257dbc02c55a,2004,AES-128,encrypt,cpu_software,software,transform,bytes,CTR,16777216,10,16777216:CTR:10,064963cedfb43bcdec092569820830e27e91c5bc13312ea4c256320a4ad3d34e,2,842,True,,,,,,,,,,,63102900,0.0631029,265.8707602978627,62500000,0.990445763982321,
1a68b061-2098-4352-95ab-257dbc02c55a,2004,AES-128,encrypt,cuda_optimized_v1,optimized,pipeline,pinned,CTR,16777216,10,16777216:CTR:10,064963cedfb43bcdec092569820830e27e91c5bc13312ea4c256320a4ad3d34e,3,843,True,,2887.0007722737296,634.6087884072004,0.005811295986175537,0.0264371,10360700,5811295.986175537,10148000,20508700,26437100,,,,,,
1a68b061-2098-4352-95ab-257dbc02c55a,2004,AES-128,encrypt,cuda_baseline,baseline,pipeline,pinned,CTR,16777216,10,16777216:CTR:10,064963cedfb43bcdec092569820830e27e91c5bc13312ea4c256320a4ad3d34e,4,844,True,,2863.146797204295,632.9854479737709,0.00585971212387085,0.0265049,10353900,5859712.12387085,10171200,20525100,26504900,,,,,,
1a68b061-2098-4352-95ab-257dbc02c55a,2004,AES-128,encrypt,cuda_baseline,baseline,resident,pinned,CTR,16777216,10,16777216:CTR:10,064963cedfb43bcdec092569820830e27e91c5bc13312ea4c256320a4ad3d34e,5,845,True,1,2904.015246317629,,0.005777247905731201,,,5777247.905731201,,,,,,,,,5777247.905731201
1a68b061-2098-4352-95ab-257dbc02c55a,2004,AES-128,encrypt,cpu_aesni,aesni,transform,bytes,ECB,16777216,10,16777216:ECB:10,828f3480c39e07f53ebb7522807845af822be813e162ad8922a37ec42d05b484,0,846,True,,,,,,,,,,,9827200,0.0098272,1707.2224031260175,15625000,1.589974763920547,
1a68b061-2098-4352-95ab-257dbc02c55a,2004,AES-128,encrypt,cuda_baseline,baseline,resident,pinned,ECB,16777216,10,16777216:ECB:10,828f3480c39e07f53ebb7522807845af822be813e162ad8922a37ec42d05b484,1,847,True,1,2927.625662686739,,0.005730656147003174,,,5730656.147003174,,,,,,,,,5730656.147003174
1a68b061-2098-4352-95ab-257dbc02c55a,2004,AES-128,encrypt,cpu_software,software,transform,bytes,ECB,16777216,10,16777216:ECB:10,828f3480c39e07f53ebb7522807845af822be813e162ad8922a37ec42d05b484,2,848,True,,,,,,,,,,,60111200,0.0601112,279.1029957811523,62500000,1.039739682455183,
1a68b061-2098-4352-95ab-257dbc02c55a,2004,AES-128,encrypt,cuda_baseline,baseline,pipeline,pinned,ECB,16777216,10,16777216:ECB:10,828f3480c39e07f53ebb7522807845af822be813e162ad8922a37ec42d05b484,3,849,True,,2936.6942331203422,633.2147965865644,0.005712959766387939,0.0264953,10377600,5712959.766387939,10250300,20627900,26495300,,,,,,
1a68b061-2098-4352-95ab-257dbc02c55a,2004,AES-128,encrypt,cuda_optimized_v1,optimized,pipeline,pinned,ECB,16777216,10,16777216:ECB:10,828f3480c39e07f53ebb7522807845af822be813e162ad8922a37ec42d05b484,4,850,True,,2903.7738996231174,630.4024649144231,0.0057777280807495114,0.0266135,10371600,5777728.080749512,10334200,20705800,26613500,,,,,,
1a68b061-2098-4352-95ab-257dbc02c55a,2004,AES-128,encrypt,cuda_optimized_v1,optimized,resident,pinned,ECB,16777216,10,16777216:ECB:10,828f3480c39e07f53ebb7522807845af822be813e162ad8922a37ec42d05b484,5,851,True,1,2983.2314631976624,,0.005623839855194092,,,5623839.855194092,,,,,,,,,5623839.855194092
1a68b061-2098-4352-95ab-257dbc02c55a,2004,AES-128,encrypt,cuda_optimized_v1,optimized,resident,pinned,ECB,16777216,11,16777216:ECB:11,a792843f70c30bee7f8473509959627002540b83689d6cb2c25baa13823d237a,0,852,True,1,2933.079827864447,,0.005719999790191651,,,5719999.79019165,,,,,,,,,5719999.79019165
1a68b061-2098-4352-95ab-257dbc02c55a,2004,AES-128,encrypt,cpu_aesni,aesni,transform,bytes,ECB,16777216,11,16777216:ECB:11,a792843f70c30bee7f8473509959627002540b83689d6cb2c25baa13823d237a,1,853,True,,,,,,,,,,,9195800,0.0091958,1824.4433328258554,15625000,1.6991452619674199,
1a68b061-2098-4352-95ab-257dbc02c55a,2004,AES-128,encrypt,cuda_optimized_v1,optimized,pipeline,pinned,ECB,16777216,11,16777216:ECB:11,a792843f70c30bee7f8473509959627002540b83689d6cb2c25baa13823d237a,2,854,True,,2917.9635053434063,621.3829732072089,0.0057496318817138676,0.0269998,10499100,5749631.881713867,10580200,21079300,26999800,,,,,,
1a68b061-2098-4352-95ab-257dbc02c55a,2004,AES-128,encrypt,cuda_baseline,baseline,pipeline,pinned,ECB,16777216,11,16777216:ECB:11,a792843f70c30bee7f8473509959627002540b83689d6cb2c25baa13823d237a,3,855,True,,2983.3673002212236,630.4143087964528,0.005623583793640137,0.026613,10572800,5623583.793640137,10221900,20794700,26613000,,,,,,
1a68b061-2098-4352-95ab-257dbc02c55a,2004,AES-128,encrypt,cuda_baseline,baseline,resident,pinned,ECB,16777216,11,16777216:ECB:11,a792843f70c30bee7f8473509959627002540b83689d6cb2c25baa13823d237a,4,856,True,1,2933.9331740771936,,0.005718336105346679,,,5718336.10534668,,,,,,,,,5718336.10534668
1a68b061-2098-4352-95ab-257dbc02c55a,2004,AES-128,encrypt,cpu_software,software,transform,bytes,ECB,16777216,11,16777216:ECB:11,a792843f70c30bee7f8473509959627002540b83689d6cb2c25baa13823d237a,5,857,True,,,,,,,,,,,59837000,0.059837,280.38197102127447,62500000,1.0445042365091832,
1a68b061-2098-4352-95ab-257dbc02c55a,2004,AES-128,encrypt,cpu_aesni,aesni,transform,bytes,CTR,16777216,11,16777216:CTR:11,9965e82ff49819772a184eb74ef9eb353408e329303089945b723a0f8d67fd5e,0,858,True,,,,,,,,,,,11454400,0.0114544,1464.6961866182428,0,0.0,
1a68b061-2098-4352-95ab-257dbc02c55a,2004,AES-128,encrypt,cuda_baseline,baseline,resident,pinned,CTR,16777216,11,16777216:CTR:11,9965e82ff49819772a184eb74ef9eb353408e329303089945b723a0f8d67fd5e,1,859,True,1,3867.115270539903,,0.004338431835174561,,,4338431.835174561,,,,,,,,,4338431.835174561
1a68b061-2098-4352-95ab-257dbc02c55a,2004,AES-128,encrypt,cuda_optimized_v1,optimized,resident,pinned,CTR,16777216,11,16777216:CTR:11,9965e82ff49819772a184eb74ef9eb353408e329303089945b723a0f8d67fd5e,2,860,True,1,3828.3168726550803,,0.004382400035858154,,,4382400.035858154,,,,,,,,,4382400.035858154
1a68b061-2098-4352-95ab-257dbc02c55a,2004,AES-128,encrypt,cuda_baseline,baseline,pipeline,pinned,CTR,16777216,11,16777216:CTR:11,9965e82ff49819772a184eb74ef9eb353408e329303089945b723a0f8d67fd5e,3,861,True,,3903.886246239814,1100.22467194355,0.004297567844390869,0.0152489,5372100,4297567.844390869,5460800,10832900,15248900,,,,,,
1a68b061-2098-4352-95ab-257dbc02c55a,2004,AES-128,encrypt,cuda_optimized_v1,optimized,pipeline,pinned,CTR,16777216,11,16777216:CTR:11,9965e82ff49819772a184eb74ef9eb353408e329303089945b723a0f8d67fd5e,4,862,True,,3811.1742665302413,1114.4763815356819,0.004402112007141113,0.0150539,5401900,4402112.007141113,5140200,10542100,15053900,,,,,,
1a68b061-2098-4352-95ab-257dbc02c55a,2004,AES-128,encrypt,cpu_software,software,transform,bytes,CTR,16777216,11,16777216:CTR:11,9965e82ff49819772a184eb74ef9eb353408e329303089945b723a0f8d67fd5e,5,863,True,,,,,,,,,,,62280100,0.0622801,269.3832540410179,46875000,0.752648117135329,
1a68b061-2098-4352-95ab-257dbc02c55a,2004,AES-128,encrypt,cuda_baseline,baseline,pipeline,pinned,CTR,16777216,12,16777216:CTR:12,b85337478295aa8946cf9739c75af2f8310923d6b1fc08cbacf481a480de3833,0,864,True,,3742.3482677337665,1115.8476661744949,0.004483071804046631,0.0150354,5201900,4483071.804046631,5210100,10412000,15035400,,,,,,
1a68b061-2098-4352-95ab-257dbc02c55a,2004,AES-128,encrypt,cuda_optimized_v1,optimized,resident,pinned,CTR,16777216,12,16777216:CTR:12,b85337478295aa8946cf9739c75af2f8310923d6b1fc08cbacf481a480de3833,1,865,True,1,3813.724764455559,,0.004399168014526367,,,4399168.014526367,,,,,,,,,4399168.014526367
1a68b061-2098-4352-95ab-257dbc02c55a,2004,AES-128,encrypt,cuda_baseline,baseline,resident,pinned,CTR,16777216,12,16777216:CTR:12,b85337478295aa8946cf9739c75af2f8310923d6b1fc08cbacf481a480de3833,2,866,True,1,3757.097831600848,,0.0044654722213745114,,,4465472.221374512,,,,,,,,,4465472.221374512
1a68b061-2098-4352-95ab-257dbc02c55a,2004,AES-128,encrypt,cpu_software,software,transform,bytes,CTR,16777216,12,16777216:CTR:12,b85337478295aa8946cf9739c75af2f8310923d6b1fc08cbacf481a480de3833,3,867,True,,,,,,,,,,,64822900,0.0648229,258.8161899575613,78125000,1.2052068019172237,
1a68b061-2098-4352-95ab-257dbc02c55a,2004,AES-128,encrypt,cpu_aesni,aesni,transform,bytes,CTR,16777216,12,16777216:CTR:12,b85337478295aa8946cf9739c75af2f8310923d6b1fc08cbacf481a480de3833,4,868,True,,,,,,,,,,,11430800,0.0114308,1467.7201945620604,0,0.0,
1a68b061-2098-4352-95ab-257dbc02c55a,2004,AES-128,encrypt,cuda_optimized_v1,optimized,pipeline,pinned,CTR,16777216,12,16777216:CTR:12,b85337478295aa8946cf9739c75af2f8310923d6b1fc08cbacf481a480de3833,5,869,True,,3804.3159552227753,1113.4335014600479,0.0044100480079650875,0.015068,5206200,4410048.007965088,5357700,10563900,15068000,,,,,,
1a68b061-2098-4352-95ab-257dbc02c55a,2004,AES-128,encrypt,cuda_optimized_v1,optimized,pipeline,pinned,ECB,16777216,12,16777216:ECB:12,bd7e40ff0a71e93e161387efd2d15a3f2b30ef3c221edb45f7b8620a584f9e4e,0,870,True,,3880.769096331265,1133.6875962915913,0.00432316780090332,0.0147988,5213100,4323167.80090332,5161400,10374500,14798800,,,,,,
1a68b061-2098-4352-95ab-257dbc02c55a,2004,AES-128,encrypt,cuda_baseline,baseline,resident,pinned,ECB,16777216,12,16777216:ECB:12,bd7e40ff0a71e93e161387efd2d15a3f2b30ef3c221edb45f7b8620a584f9e4e,1,871,True,1,3965.2101220014993,,0.004231103897094727,,,4231103.897094727,,,,,,,,,4231103.897094727
1a68b061-2098-4352-95ab-257dbc02c55a,2004,AES-128,encrypt,cpu_software,software,transform,bytes,ECB,16777216,12,16777216:ECB:12,bd7e40ff0a71e93e161387efd2d15a3f2b30ef3c221edb45f7b8620a584f9e4e,2,872,True,,,,,,,,,,,60153800,0.0601538,278.9053393135596,46875000,0.7792525160505238,
1a68b061-2098-4352-95ab-257dbc02c55a,2004,AES-128,encrypt,cuda_optimized_v1,optimized,resident,pinned,ECB,16777216,12,16777216:ECB:12,bd7e40ff0a71e93e161387efd2d15a3f2b30ef3c221edb45f7b8620a584f9e4e,3,873,True,1,3882.867204987816,,0.0043208317756652835,,,4320831.775665283,,,,,,,,,4320831.775665283
1a68b061-2098-4352-95ab-257dbc02c55a,2004,AES-128,encrypt,cuda_baseline,baseline,pipeline,pinned,ECB,16777216,12,16777216:ECB:12,bd7e40ff0a71e93e161387efd2d15a3f2b30ef3c221edb45f7b8620a584f9e4e,4,874,True,,3898.3998147473053,1135.1373148668124,0.004303616046905517,0.0147799,5209200,4303616.046905518,5140800,10350000,14779900,,,,,,
1a68b061-2098-4352-95ab-257dbc02c55a,2004,AES-128,encrypt,cpu_aesni,aesni,transform,bytes,ECB,16777216,12,16777216:ECB:12,bd7e40ff0a71e93e161387efd2d15a3f2b30ef3c221edb45f7b8620a584f9e4e,5,875,True,,,,,,,,,,,8880000,0.00888,1889.3261261261262,0,0.0,
1a68b061-2098-4352-95ab-257dbc02c55a,2004,AES-128,encrypt,cpu_software,software,transform,bytes,CTR,16777216,13,16777216:CTR:13,38e88513a7abd091ac88305235b1032585ec061072fe2e4cbbdef84c2e0fc238,0,876,True,,,,,,,,,,,62747800,0.0627478,267.37536614829526,62500000,0.9960508575599464,
1a68b061-2098-4352-95ab-257dbc02c55a,2004,AES-128,encrypt,cpu_aesni,aesni,transform,bytes,CTR,16777216,13,16777216:CTR:13,38e88513a7abd091ac88305235b1032585ec061072fe2e4cbbdef84c2e0fc238,1,877,True,,,,,,,,,,,11688200,0.0116882,1435.397751578515,15625000,1.3368183295973717,
1a68b061-2098-4352-95ab-257dbc02c55a,2004,AES-128,encrypt,cuda_optimized_v1,optimized,pipeline,pinned,CTR,16777216,13,16777216:CTR:13,38e88513a7abd091ac88305235b1032585ec061072fe2e4cbbdef84c2e0fc238,2,878,True,,3707.8622508365893,1108.7096390478582,0.004524767875671387,0.0151322,5250800,4524767.875671387,5224400,10475200,15132200,,,,,,
1a68b061-2098-4352-95ab-257dbc02c55a,2004,AES-128,encrypt,cuda_baseline,baseline,resident,pinned,CTR,16777216,13,16777216:CTR:13,38e88513a7abd091ac88305235b1032585ec061072fe2e4cbbdef84c2e0fc238,3,879,True,1,3776.991542633318,,0.004441952228546143,,,4441952.228546143,,,,,,,,,4441952.228546143
1a68b061-2098-4352-95ab-257dbc02c55a,2004,AES-128,encrypt,cuda_baseline,baseline,pipeline,pinned,CTR,16777216,13,16777216:CTR:13,38e88513a7abd091ac88305235b1032585ec061072fe2e4cbbdef84c2e0fc238,4,880,True,,3783.6698142965156,1106.0417834092573,0.004434112071990967,0.0151687,5351200,4434112.071990967,5246200,10597400,15168700,,,,,,
1a68b061-2098-4352-95ab-257dbc02c55a,2004,AES-128,encrypt,cuda_optimized_v1,optimized,resident,pinned,CTR,16777216,13,16777216:CTR:13,38e88513a7abd091ac88305235b1032585ec061072fe2e4cbbdef84c2e0fc238,5,881,True,1,3740.3455518893575,,0.004485472202301026,,,4485472.202301025,,,,,,,,,4485472.202301025
1a68b061-2098-4352-95ab-257dbc02c55a,2004,AES-128,encrypt,cuda_baseline,baseline,pipeline,pinned,ECB,16777216,13,16777216:ECB:13,2261fd6951937cc55c903960f8f69335c08e0768d80f47143cdce112ed5efbb0,0,882,True,,3849.9351007459063,1114.9355715491404,0.004357791900634765,0.0150477,5316000,4357791.900634766,5257700,10573700,15047700,,,,,,
1a68b061-2098-4352-95ab-257dbc02c55a,2004,AES-128,encrypt,cuda_optimized_v1,optimized,resident,pinned,ECB,16777216,13,16777216:ECB:13,2261fd6951937cc55c903960f8f69335c08e0768d80f47143cdce112ed5efbb0,1,883,True,1,3867.2291832061765,,0.004338304042816162,,,4338304.042816162,,,,,,,,,4338304.042816162
1a68b061-2098-4352-95ab-257dbc02c55a,2004,AES-128,encrypt,cpu_aesni,aesni,transform,bytes,ECB,16777216,13,16777216:ECB:13,2261fd6951937cc55c903960f8f69335c08e0768d80f47143cdce112ed5efbb0,2,884,True,,,,,,,,,,,8513700,0.0085137,1970.6139516309008,15625000,1.8352772590060726,
1a68b061-2098-4352-95ab-257dbc02c55a,2004,AES-128,encrypt,cpu_software,software,transform,bytes,ECB,16777216,13,16777216:ECB:13,2261fd6951937cc55c903960f8f69335c08e0768d80f47143cdce112ed5efbb0,3,885,True,,,,,,,,,,,59557800,0.0595578,281.6963689055002,62500000,1.0494007501956082,
1a68b061-2098-4352-95ab-257dbc02c55a,2004,AES-128,encrypt,cuda_baseline,baseline,resident,pinned,ECB,16777216,13,16777216:ECB:13,2261fd6951937cc55c903960f8f69335c08e0768d80f47143cdce112ed5efbb0,4,886,True,1,3879.0747923257222,,0.004325056076049804,,,4325056.076049805,,,,,,,,,4325056.076049805
1a68b061-2098-4352-95ab-257dbc02c55a,2004,AES-128,encrypt,cuda_optimized_v1,optimized,pipeline,pinned,ECB,16777216,13,16777216:ECB:13,2261fd6951937cc55c903960f8f69335c08e0768d80f47143cdce112ed5efbb0,5,887,True,,3986.1623361528323,1056.7126876952534,0.004208864212036133,0.0158768,5361100,4208864.212036133,6214000,11575100,15876800,,,,,,
1a68b061-2098-4352-95ab-257dbc02c55a,2004,AES-128,encrypt,cuda_optimized_v1,optimized,resident,pinned,ECB,16777216,14,16777216:ECB:14,55ad9c41c33d26f052871866b060962df212c63a985ebb6a313d6ce8f33bf88d,0,888,True,1,2845.7104134342253,,0.005895616054534912,,,5895616.054534912,,,,,,,,,5895616.054534912
1a68b061-2098-4352-95ab-257dbc02c55a,2004,AES-128,encrypt,cpu_aesni,aesni,transform,bytes,ECB,16777216,14,16777216:ECB:14,55ad9c41c33d26f052871866b060962df212c63a985ebb6a313d6ce8f33bf88d,1,889,True,,,,,,,,,,,8558200,0.0085582,1960.3673669696898,0,0.0,
1a68b061-2098-4352-95ab-257dbc02c55a,2004,AES-128,encrypt,cuda_optimized_v1,optimized,pipeline,pinned,ECB,16777216,14,16777216:ECB:14,55ad9c41c33d26f052871866b060962df212c63a985ebb6a313d6ce8f33bf88d,2,890,True,,2870.121763434934,633.0690454089217,0.005845471858978272,0.0265014,10338600,5845471.8589782715,10204100,20542700,26501400,,,,,,
1a68b061-2098-4352-95ab-257dbc02c55a,2004,AES-128,encrypt,cpu_software,software,transform,bytes,ECB,16777216,14,16777216:ECB:14,55ad9c41c33d26f052871866b060962df212c63a985ebb6a313d6ce8f33bf88d,3,891,True,,,,,,,,,,,60974300,0.0609743,275.1522526703874,62500000,1.0250220174729354,
1a68b061-2098-4352-95ab-257dbc02c55a,2004,AES-128,encrypt,cuda_baseline,baseline,pipeline,pinned,ECB,16777216,14,16777216:ECB:14,55ad9c41c33d26f052871866b060962df212c63a985ebb6a313d6ce8f33bf88d,4,892,True,,2865.666470446824,633.1287713829631,0.005854559898376465,0.0264989,10356700,5854559.898376465,10174000,20530700,26498900,,,,,,
1a68b061-2098-4352-95ab-257dbc02c55a,2004,AES-128,encrypt,cuda_baseline,baseline,resident,pinned,ECB,16777216,14,16777216:ECB:14,55ad9c41c33d26f052871866b060962df212c63a985ebb6a313d6ce8f33bf88d,5,893,True,1,2846.683866723464,,0.005893599987030029,,,5893599.987030029,,,,,,,,,5893599.987030029
1a68b061-2098-4352-95ab-257dbc02c55a,2004,AES-128,encrypt,cuda_baseline,baseline,pipeline,pinned,CTR,16777216,14,16777216:CTR:14,423a1eb3b6f431bbc921b6f6168cfae06b42bd446607aadd6f13093101836caf,0,894,True,,3175.347571962548,648.6705845963502,0.005283584117889404,0.025864,10299800,5283584.117889404,10165500,20465300,25864000,,,,,,
1a68b061-2098-4352-95ab-257dbc02c55a,2004,AES-128,encrypt,cuda_optimized_v1,optimized,pipeline,pinned,CTR,16777216,14,16777216:CTR:14,423a1eb3b6f431bbc921b6f6168cfae06b42bd446607aadd6f13093101836caf,1,895,True,,3151.962613377227,640.9609132343334,0.005322783946990967,0.0261751,10412300,5322783.946990967,10190900,20603200,26175100,,,,,,
1a68b061-2098-4352-95ab-257dbc02c55a,2004,AES-128,encrypt,cuda_optimized_v1,optimized,resident,pinned,CTR,16777216,14,16777216:CTR:14,423a1eb3b6f431bbc921b6f6168cfae06b42bd446607aadd6f13093101836caf,2,896,True,1,3156.2890249635207,,0.005315487861633301,,,5315487.861633301,,,,,,,,,5315487.861633301
1a68b061-2098-4352-95ab-257dbc02c55a,2004,AES-128,encrypt,cpu_software,software,transform,bytes,CTR,16777216,14,16777216:CTR:14,423a1eb3b6f431bbc921b6f6168cfae06b42bd446607aadd6f13093101836caf,3,897,True,,,,,,,,,,,66216900,0.0662169,253.36758440820998,62500000,0.9438678041406348,
1a68b061-2098-4352-95ab-257dbc02c55a,2004,AES-128,encrypt,cpu_aesni,aesni,transform,bytes,CTR,16777216,14,16777216:CTR:14,423a1eb3b6f431bbc921b6f6168cfae06b42bd446607aadd6f13093101836caf,4,898,True,,,,,,,,,,,12275800,0.0122758,1366.6902360742274,15625000,1.2728294693624855,
1a68b061-2098-4352-95ab-257dbc02c55a,2004,AES-128,encrypt,cuda_baseline,baseline,resident,pinned,CTR,16777216,14,16777216:CTR:14,423a1eb3b6f431bbc921b6f6168cfae06b42bd446607aadd6f13093101836caf,5,899,True,1,3236.9649771188447,,0.005183008193969727,,,5183008.193969727,,,,,,,,,5183008.193969727
1a68b061-2098-4352-95ab-257dbc02c55a,2004,AES-128,encrypt,cuda_baseline,baseline,resident,pinned,CTR,16777216,15,16777216:CTR:15,a3ee83f6501503fc8da323136b57a797e2590c2b8635c8bf236b64f48f1ce58b,0,900,True,1,3201.250578899611,,0.0052408318519592285,,,5240831.8519592285,,,,,,,,,5240831.8519592285
1a68b061-2098-4352-95ab-257dbc02c55a,2004,AES-128,encrypt,cuda_baseline,baseline,pipeline,pinned,CTR,16777216,15,16777216:CTR:15,a3ee83f6501503fc8da323136b57a797e2590c2b8635c8bf236b64f48f1ce58b,1,901,True,,3183.9867799371136,636.0909177077211,0.005269248008728028,0.0263755,10339300,5269248.008728027,10156900,20496200,26375500,,,,,,
1a68b061-2098-4352-95ab-257dbc02c55a,2004,AES-128,encrypt,cpu_aesni,aesni,transform,bytes,CTR,16777216,15,16777216:CTR:15,a3ee83f6501503fc8da323136b57a797e2590c2b8635c8bf236b64f48f1ce58b,2,902,True,,,,,,,,,,,13805000,0.013805,1215.2999637812386,15625000,1.131836291198841,
1a68b061-2098-4352-95ab-257dbc02c55a,2004,AES-128,encrypt,cuda_optimized_v1,optimized,pipeline,pinned,CTR,16777216,15,16777216:CTR:15,a3ee83f6501503fc8da323136b57a797e2590c2b8635c8bf236b64f48f1ce58b,3,903,True,,3198.6918165968204,646.6080588904091,0.00524502420425415,0.0259465,10343800,5245024.20425415,10171800,20515600,25946500,,,,,,
1a68b061-2098-4352-95ab-257dbc02c55a,2004,AES-128,encrypt,cuda_optimized_v1,optimized,resident,pinned,CTR,16777216,15,16777216:CTR:15,a3ee83f6501503fc8da323136b57a797e2590c2b8635c8bf236b64f48f1ce58b,4,904,True,1,3141.9513208827625,,0.005339744091033935,,,5339744.091033936,,,,,,,,,5339744.091033936
1a68b061-2098-4352-95ab-257dbc02c55a,2004,AES-128,encrypt,cpu_software,software,transform,bytes,CTR,16777216,15,16777216:CTR:15,a3ee83f6501503fc8da323136b57a797e2590c2b8635c8bf236b64f48f1ce58b,5,905,True,,,,,,,,,,,65187600,0.0651876,257.3682111321785,62500000,0.9587713000632022,
1a68b061-2098-4352-95ab-257dbc02c55a,2004,AES-128,encrypt,cuda_baseline,baseline,pipeline,pinned,ECB,16777216,15,16777216:ECB:15,a0e6209128b19b32b6b3071d0b82d5b2fd4419f8497b424747109c2684b97212,0,906,True,,3197.872550969145,648.2595323101652,0.005246367931365967,0.0258804,10335200,5246367.931365967,10162600,20497800,25880400,,,,,,
1a68b061-2098-4352-95ab-257dbc02c55a,2004,AES-128,encrypt,cuda_baseline,baseline,resident,pinned,ECB,16777216,15,16777216:ECB:15,a0e6209128b19b32b6b3071d0b82d5b2fd4419f8497b424747109c2684b97212,1,907,True,1,3165.053879185889,,0.00530076789855957,,,5300767.89855957,,,,,,,,,5300767.89855957
1a68b061-2098-4352-95ab-257dbc02c55a,2004,AES-128,encrypt,cuda_optimized_v1,optimized,resident,pinned,ECB,16777216,15,16777216:ECB:15,a0e6209128b19b32b6b3071d0b82d5b2fd4419f8497b424747109c2684b97212,2,908,True,1,3139.486720125178,,0.005343935966491699,,,5343935.966491699,,,,,,,,,5343935.966491699
1a68b061-2098-4352-95ab-257dbc02c55a,2004,AES-128,encrypt,cpu_software,software,transform,bytes,ECB,16777216,15,16777216:ECB:15,a0e6209128b19b32b6b3071d0b82d5b2fd4419f8497b424747109c2684b97212,3,909,True,,,,,,,,,,,61731000,0.061731,271.77943010804944,62500000,1.0124572743030245,
1a68b061-2098-4352-95ab-257dbc02c55a,2004,AES-128,encrypt,cpu_aesni,aesni,transform,bytes,ECB,16777216,15,16777216:ECB:15,a0e6209128b19b32b6b3071d0b82d5b2fd4419f8497b424747109c2684b97212,4,910,True,,,,,,,,,,,8554400,0.0085544,1961.2381932105116,0,0.0,
1a68b061-2098-4352-95ab-257dbc02c55a,2004,AES-128,encrypt,cuda_optimized_v1,optimized,pipeline,pinned,ECB,16777216,15,16777216:ECB:15,a0e6209128b19b32b6b3071d0b82d5b2fd4419f8497b424747109c2684b97212,5,911,True,,3266.2664166892714,648.1618587328999,0.00513651180267334,0.0258843,10391200,5136511.80267334,10214900,20606100,25884300,,,,,,
1a68b061-2098-4352-95ab-257dbc02c55a,2004,AES-128,encrypt,cuda_optimized_v1,optimized,pipeline,pinned,ECB,16777216,16,16777216:ECB:16,10d76e02e7ec4a609ea786bb96992d388c690261fb65f4b711e18878780e9ca9,0,912,True,,3143.8730319800634,638.0139945238819,0.005336480140686035,0.026296,10440800,5336480.140686035,10364000,20804800,26296000,,,,,,
1a68b061-2098-4352-95ab-257dbc02c55a,2004,AES-128,encrypt,cuda_optimized_v1,optimized,resident,pinned,ECB,16777216,16,16777216:ECB:16,10d76e02e7ec4a609ea786bb96992d388c690261fb65f4b711e18878780e9ca9,1,913,True,1,3250.9953747754475,,0.005160639762878418,,,5160639.762878418,,,,,,,,,5160639.762878418
1a68b061-2098-4352-95ab-257dbc02c55a,2004,AES-128,encrypt,cpu_software,software,transform,bytes,ECB,16777216,16,16777216:ECB:16,10d76e02e7ec4a609ea786bb96992d388c690261fb65f4b711e18878780e9ca9,2,914,True,,,,,,,,,,,63212000,0.063212,265.41188381952793,62500000,0.988736315889388,
1a68b061-2098-4352-95ab-257dbc02c55a,2004,AES-128,encrypt,cuda_baseline,baseline,resident,pinned,ECB,16777216,16,16777216:ECB:16,10d76e02e7ec4a609ea786bb96992d388c690261fb65f4b711e18878780e9ca9,3,915,True,1,3216.8065842199862,,0.0052154879570007326,,,5215487.957000732,,,,,,,,,5215487.957000732
1a68b061-2098-4352-95ab-257dbc02c55a,2004,AES-128,encrypt,cuda_baseline,baseline,pipeline,pinned,ECB,16777216,16,16777216:ECB:16,10d76e02e7ec4a609ea786bb96992d388c690261fb65f4b711e18878780e9ca9,4,916,True,,3248.095012867246,633.1956778544767,0.005165247917175293,0.0264961,10824000,5165247.917175293,10329400,21153400,26496100,,,,,,
1a68b061-2098-4352-95ab-257dbc02c55a,2004,AES-128,encrypt,cpu_aesni,aesni,transform,bytes,ECB,16777216,16,16777216:ECB:16,10d76e02e7ec4a609ea786bb96992d388c690261fb65f4b711e18878780e9ca9,5,917,True,,,,,,,,,,,8660800,0.0086608,1937.1439128025124,15625000,1.8041058562719379,
1a68b061-2098-4352-95ab-257dbc02c55a,2004,AES-128,encrypt,cuda_optimized_v1,optimized,resident,pinned,CTR,16777216,16,16777216:CTR:16,649acb98544c23ac30bc3262e8f3ba1e3db057689f4825e7086636f62a7d7b9a,0,918,True,1,3126.0836947843004,,0.005366847991943359,,,5366847.991943359,,,,,,,,,5366847.991943359
1a68b061-2098-4352-95ab-257dbc02c55a,2004,AES-128,encrypt,cuda_baseline,baseline,resident,pinned,CTR,16777216,16,16777216:CTR:16,649acb98544c23ac30bc3262e8f3ba1e3db057689f4825e7086636f62a7d7b9a,1,919,True,1,3105.070094895142,,0.005403168201446533,,,5403168.201446533,,,,,,,,,5403168.201446533
1a68b061-2098-4352-95ab-257dbc02c55a,2004,AES-128,encrypt,cpu_software,software,transform,bytes,CTR,16777216,16,16777216:CTR:16,649acb98544c23ac30bc3262e8f3ba1e3db057689f4825e7086636f62a7d7b9a,2,920,True,,,,,,,,,,,63726800,0.0637268,263.2678245259451,62500000,0.9807490726036769,
1a68b061-2098-4352-95ab-257dbc02c55a,2004,AES-128,encrypt,cuda_baseline,baseline,pipeline,pinned,CTR,16777216,16,16777216:CTR:16,649acb98544c23ac30bc3262e8f3ba1e3db057689f4825e7086636f62a7d7b9a,3,921,True,,2767.5530248421123,627.1950234769865,0.006062111854553223,0.0267496,10376000,6062111.854553223,10192800,20568800,26749600,,,,,,
1a68b061-2098-4352-95ab-257dbc02c55a,2004,AES-128,encrypt,cpu_aesni,aesni,transform,bytes,CTR,16777216,16,16777216:CTR:16,649acb98544c23ac30bc3262e8f3ba1e3db057689f4825e7086636f62a7d7b9a,4,922,True,,,,,,,,,,,11623100,0.0116231,1443.4372929769168,15625000,1.3443057359912587,
1a68b061-2098-4352-95ab-257dbc02c55a,2004,AES-128,encrypt,cuda_optimized_v1,optimized,pipeline,pinned,CTR,16777216,16,16777216:CTR:16,649acb98544c23ac30bc3262e8f3ba1e3db057689f4825e7086636f62a7d7b9a,5,923,True,,2797.530630372939,628.9160456433402,0.005997151851654053,0.0266764,10362200,5997151.851654053,10200700,20562900,26676400,,,,,,
1a68b061-2098-4352-95ab-257dbc02c55a,2004,AES-128,encrypt,cuda_baseline,baseline,pipeline,pinned,CTR,16777216,17,16777216:CTR:17,bc993922008e8ea3dba8aab5069dbd0da691cbb57083bb732b56f187eee963bc,0,924,True,,2731.02230379849,626.6842974218756,0.006143199920654297,0.0267714,10371300,6143199.920654297,10145700,20517000,26771400,,,,,,
1a68b061-2098-4352-95ab-257dbc02c55a,2004,AES-128,encrypt,cuda_optimized_v1,optimized,pipeline,pinned,CTR,16777216,17,16777216:CTR:17,bc993922008e8ea3dba8aab5069dbd0da691cbb57083bb732b56f187eee963bc,1,925,True,,2759.7155202026784,625.5277041411734,0.006079328060150146,0.0268209,10370600,6079328.0601501465,10224300,20594900,26820900,,,,,,
1a68b061-2098-4352-95ab-257dbc02c55a,2004,AES-128,encrypt,cuda_optimized_v1,optimized,resident,pinned,CTR,16777216,17,16777216:CTR:17,bc993922008e8ea3dba8aab5069dbd0da691cbb57083bb732b56f187eee963bc,2,926,True,1,2737.5962028261583,,0.006128448009490967,,,6128448.009490967,,,,,,,,,6128448.009490967
1a68b061-2098-4352-95ab-257dbc02c55a,2004,AES-128,encrypt,cpu_software,software,transform,bytes,CTR,16777216,17,16777216:CTR:17,bc993922008e8ea3dba8aab5069dbd0da691cbb57083bb732b56f187eee963bc,3,927,True,,,,,,,,,,,65385600,0.0653856,256.5888513678853,62500000,0.9558679586942691,
1a68b061-2098-4352-95ab-257dbc02c55a,2004,AES-128,encrypt,cpu_aesni,aesni,transform,bytes,CTR,16777216,17,16777216:CTR:17,bc993922008e8ea3dba8aab5069dbd0da691cbb57083bb732b56f187eee963bc,4,928,True,,,,,,,,,,,11985200,0.0119852,1399.8277876047125,15625000,1.30369121917031,
1a68b061-2098-4352-95ab-257dbc02c55a,2004,AES-128,encrypt,cuda_baseline,baseline,resident,pinned,CTR,16777216,17,16777216:CTR:17,bc993922008e8ea3dba8aab5069dbd0da691cbb57083bb732b56f187eee963bc,5,929,True,1,2772.8222545344156,,0.0060505919456481936,,,6050591.945648193,,,,,,,,,6050591.945648193
1a68b061-2098-4352-95ab-257dbc02c55a,2004,AES-128,encrypt,cuda_baseline,baseline,resident,pinned,ECB,16777216,17,16777216:ECB:17,5645a28d41cd74c7c6304cf9d1e6eb15f01d75fe497cb71825d31601e7348e0f,0,930,True,1,2674.6932021466346,,0.006272575855255127,,,6272575.855255127,,,,,,,,,6272575.855255127
1a68b061-2098-4352-95ab-257dbc02c55a,2004,AES-128,encrypt,cuda_optimized_v1,optimized,pipeline,pinned,ECB,16777216,17,16777216:ECB:17,5645a28d41cd74c7c6304cf9d1e6eb15f01d75fe497cb71825d31601e7348e0f,1,931,True,,2627.9835980446587,620.8655813901852,0.006384064197540283,0.0270223,10333500,6384064.197540283,10175900,20509400,27022300,,,,,,
1a68b061-2098-4352-95ab-257dbc02c55a,2004,AES-128,encrypt,cpu_aesni,aesni,transform,bytes,ECB,16777216,17,16777216:ECB:17,5645a28d41cd74c7c6304cf9d1e6eb15f01d75fe497cb71825d31601e7348e0f,2,932,True,,,,,,,,,,,9335400,0.0093354,1797.1609143689611,0,0.0,
1a68b061-2098-4352-95ab-257dbc02c55a,2004,AES-128,encrypt,cuda_baseline,baseline,pipeline,pinned,ECB,16777216,17,16777216:ECB:17,5645a28d41cd74c7c6304cf9d1e6eb15f01d75fe497cb71825d31601e7348e0f,3,933,True,,2620.75869274149,618.4647143826123,0.006401663780212403,0.0271272,10368400,6401663.780212402,10222100,20590500,27127200,,,,,,
1a68b061-2098-4352-95ab-257dbc02c55a,2004,AES-128,encrypt,cuda_optimized_v1,optimized,resident,pinned,ECB,16777216,17,16777216:ECB:17,5645a28d41cd74c7c6304cf9d1e6eb15f01d75fe497cb71825d31601e7348e0f,4,934,True,1,2611.6202428439697,,0.00642406415939331,,,6424064.159393311,,,,,,,,,6424064.159393311
1a68b061-2098-4352-95ab-257dbc02c55a,2004,AES-128,encrypt,cpu_software,software,transform,bytes,ECB,16777216,17,16777216:ECB:17,5645a28d41cd74c7c6304cf9d1e6eb15f01d75fe497cb71825d31601e7348e0f,5,935,True,,,,,,,,,,,58109300,0.0581093,288.7182602440573,62500000,1.0755593338759888,
1a68b061-2098-4352-95ab-257dbc02c55a,2004,AES-128,encrypt,cpu_aesni,aesni,transform,bytes,ECB,16777216,18,16777216:ECB:18,78a6b4f895e3f35a594aa909ca95e00e7cb0ad26bb0d02185083ba2c7a5fb9aa,0,936,True,,,,,,,,,,,8487700,0.0084877,1976.6504471175938,0,0.0,
1a68b061-2098-4352-95ab-257dbc02c55a,2004,AES-128,encrypt,cuda_baseline,baseline,resident,pinned,ECB,16777216,18,16777216:ECB:18,78a6b4f895e3f35a594aa909ca95e00e7cb0ad26bb0d02185083ba2c7a5fb9aa,1,937,True,1,3131.8539926338476,,0.005356959819793701,,,5356959.819793701,,,,,,,,,5356959.819793701
1a68b061-2098-4352-95ab-257dbc02c55a,2004,AES-128,encrypt,cuda_optimized_v1,optimized,pipeline,pinned,ECB,16777216,18,16777216:ECB:18,78a6b4f895e3f35a594aa909ca95e00e7cb0ad26bb0d02185083ba2c7a5fb9aa,2,938,True,,3187.0447862587503,647.7514507329918,0.0052641921043395995,0.0259007,10336700,5264192.1043396,10186800,20523500,25900700,,,,,,
1a68b061-2098-4352-95ab-257dbc02c55a,2004,AES-128,encrypt,cuda_baseline,baseline,pipeline,pinned,ECB,16777216,18,16777216:ECB:18,78a6b4f895e3f35a594aa909ca95e00e7cb0ad26bb0d02185083ba2c7a5fb9aa,3,939,True,,3155.5479342278263,645.1906858692099,0.005316736221313477,0.0260035,10386500,5316736.221313477,10178100,20564600,26003500,,,,,,
1a68b061-2098-4352-95ab-257dbc02c55a,2004,AES-128,encrypt,cpu_software,software,transform,bytes,ECB,16777216,18,16777216:ECB:18,78a6b4f895e3f35a594aa909ca95e00e7cb0ad26bb0d02185083ba2c7a5fb9aa,4,940,True,,,,,,,,,,,60139000,0.060139,278.9739769533913,62500000,1.0392590498678063,
1a68b061-2098-4352-95ab-257dbc02c55a,2004,AES-128,encrypt,cuda_optimized_v1,optimized,resident,pinned,ECB,16777216,18,16777216:ECB:18,78a6b4f895e3f35a594aa909ca95e00e7cb0ad26bb0d02185083ba2c7a5fb9aa,5,941,True,1,3160.1700000459864,,0.0053089599609375,,,5308959.9609375,,,,,,,,,5308959.9609375
1a68b061-2098-4352-95ab-257dbc02c55a,2004,AES-128,encrypt,cuda_baseline,baseline,resident,pinned,CTR,16777216,18,16777216:CTR:18,5f1fcee1c8fe73456d795ba4a80e629bdb7d4b4576f4fcd210ea2ef6f14ac94c,0,942,True,1,4126.270237682802,,0.004065951824188232,,,4065951.8241882324,,,,,,,,,4065951.8241882324
1a68b061-2098-4352-95ab-257dbc02c55a,2004,AES-128,encrypt,cuda_optimized_v1,optimized,pipeline,pinned,CTR,16777216,18,16777216:CTR:18,5f1fcee1c8fe73456d795ba4a80e629bdb7d4b4576f4fcd210ea2ef6f14ac94c,1,943,True,,4083.7489413322464,1137.0066957629647,0.004108287811279297,0.0147556,5276600,4108287.811279297,5232100,10508700,14755600,,,,,,
1a68b061-2098-4352-95ab-257dbc02c55a,2004,AES-128,encrypt,cpu_software,software,transform,bytes,CTR,16777216,18,16777216:CTR:18,5f1fcee1c8fe73456d795ba4a80e629bdb7d4b4576f4fcd210ea2ef6f14ac94c,2,944,True,,,,,,,,,,,64260300,0.0642603,261.0821300242918,78125000,1.215758407601583,
1a68b061-2098-4352-95ab-257dbc02c55a,2004,AES-128,encrypt,cuda_optimized_v1,optimized,resident,pinned,CTR,16777216,18,16777216:CTR:18,5f1fcee1c8fe73456d795ba4a80e629bdb7d4b4576f4fcd210ea2ef6f14ac94c,3,945,True,1,4125.003747428729,,0.004067200183868408,,,4067200.183868408,,,,,,,,,4067200.183868408
1a68b061-2098-4352-95ab-257dbc02c55a,2004,AES-128,encrypt,cuda_baseline,baseline,pipeline,pinned,CTR,16777216,18,16777216:CTR:18,5f1fcee1c8fe73456d795ba4a80e629bdb7d4b4576f4fcd210ea2ef6f14ac94c,4,946,True,,4183.260155847145,1144.4447021426085,0.004010560035705567,0.0146597,5424300,4010560.0357055664,5129300,10553600,14659700,,,,,,
1a68b061-2098-4352-95ab-257dbc02c55a,2004,AES-128,encrypt,cpu_aesni,aesni,transform,bytes,CTR,16777216,18,16777216:CTR:18,5f1fcee1c8fe73456d795ba4a80e629bdb7d4b4576f4fcd210ea2ef6f14ac94c,5,947,True,,,,,,,,,,,11196400,0.0111964,1498.4473580793826,15625000,1.3955378514522525,
1a68b061-2098-4352-95ab-257dbc02c55a,2004,AES-128,encrypt,cuda_baseline,baseline,resident,pinned,ECB,16777216,19,16777216:ECB:19,5877f1691e882b682801d6e34ab7a4e771e7dca49160b2a3f6a0844cc4de885e,0,948,True,1,4241.0231587781345,,0.003955935955047608,,,3955935.9550476074,,,,,,,,,3955935.9550476074
1a68b061-2098-4352-95ab-257dbc02c55a,2004,AES-128,encrypt,cpu_software,software,transform,bytes,ECB,16777216,19,16777216:ECB:19,5877f1691e882b682801d6e34ab7a4e771e7dca49160b2a3f6a0844cc4de885e,1,949,True,,,,,,,,,,,58320800,0.0583208,287.6712253604203,62500000,1.0716588249818246,
1a68b061-2098-4352-95ab-257dbc02c55a,2004,AES-128,encrypt,cuda_optimized_v1,optimized,pipeline,pinned,ECB,16777216,19,16777216:ECB:19,5877f1691e882b682801d6e34ab7a4e771e7dca49160b2a3f6a0844cc4de885e,2,950,True,,4116.906082415413,1139.725550936116,0.004075200080871582,0.0147204,5309500,4075200.080871582,5208700,10518200,14720400,,,,,,
1a68b061-2098-4352-95ab-257dbc02c55a,2004,AES-128,encrypt,cuda_baseline,baseline,pipeline,pinned,ECB,16777216,19,16777216:ECB:19,5877f1691e882b682801d6e34ab7a4e771e7dca49160b2a3f6a0844cc4de885e,3,951,True,,4168.923516848866,1126.1010168808941,0.0040243520736694335,0.0148985,5198800,4024352.0736694336,5542800,10741600,14898500,,,,,,
1a68b061-2098-4352-95ab-257dbc02c55a,2004,AES-128,encrypt,cpu_aesni,aesni,transform,bytes,ECB,16777216,19,16777216:ECB:19,5877f1691e882b682801d6e34ab7a4e771e7dca49160b2a3f6a0844cc4de885e,4,952,True,,,,,,,,,,,9569100,0.0095691,1753.2700044936305,15625000,1.6328599345810997,
1a68b061-2098-4352-95ab-257dbc02c55a,2004,AES-128,encrypt,cuda_optimized_v1,optimized,resident,pinned,ECB,16777216,19,16777216:ECB:19,5877f1691e882b682801d6e34ab7a4e771e7dca49160b2a3f6a0844cc4de885e,5,953,True,1,4125.06903635589,,0.004067135810852051,,,4067135.810852051,,,,,,,,,4067135.810852051
1a68b061-2098-4352-95ab-257dbc02c55a,2004,AES-128,encrypt,cuda_baseline,baseline,pipeline,pinned,CTR,16777216,19,16777216:CTR:19,5e1c30b5968f70741b32cf019b9778b9ceb23f61e9c0bb4cf0139d86001f3bfc,0,954,True,,4048.336992511392,1138.5576329272844,0.004144224166870117,0.0147355,5262900,4144224.166870117,5212000,10474900,14735500,,,,,,
1a68b061-2098-4352-95ab-257dbc02c55a,2004,AES-128,encrypt,cuda_optimized_v1,optimized,resident,pinned,CTR,16777216,19,16777216:CTR:19,5e1c30b5968f70741b32cf019b9778b9ceb23f61e9c0bb4cf0139d86001f3bfc,1,955,True,1,4242.8077444208075,,0.003954272031784058,,,3954272.0317840576,,,,,,,,,3954272.0317840576
1a68b061-2098-4352-95ab-257dbc02c55a,2004,AES-128,encrypt,cpu_aesni,aesni,transform,bytes,CTR,16777216,19,16777216:CTR:19,5e1c30b5968f70741b32cf019b9778b9ceb23f61e9c0bb4cf0139d86001f3bfc,2,956,True,,,,,,,,,,,18092800,0.0180928,927.286876547577,15625000,0.8636032012734347,
1a68b061-2098-4352-95ab-257dbc02c55a,2004,AES-128,encrypt,cuda_optimized_v1,optimized,pipeline,pinned,CTR,16777216,19,16777216:CTR:19,5e1c30b5968f70741b32cf019b9778b9ceb23f61e9c0bb4cf0139d86001f3bfc,3,957,True,,4267.222277230073,1132.195730954293,0.003931648015975952,0.0148183,5320200,3931648.015975952,5350100,10670300,14818300,,,,,,
1a68b061-2098-4352-95ab-257dbc02c55a,2004,AES-128,encrypt,cuda_baseline,baseline,resident,pinned,CTR,16777216,19,16777216:CTR:19,5e1c30b5968f70741b32cf019b9778b9ceb23f61e9c0bb4cf0139d86001f3bfc,4,958,True,1,4029.358219353999,,0.004163743972778321,,,4163743.9727783203,,,,,,,,,4163743.9727783203
1a68b061-2098-4352-95ab-257dbc02c55a,2004,AES-128,encrypt,cpu_software,software,transform,bytes,CTR,16777216,19,16777216:CTR:19,5e1c30b5968f70741b32cf019b9778b9ceb23f61e9c0bb4cf0139d86001f3bfc,5,959,True,,,,,,,,,,,63101400,0.0631014,265.8770803817348,62500000,0.9904693081294551,
1a68b061-2098-4352-95ab-257dbc02c55a,2004,AES-128,encrypt,cpu_aesni,aesni,transform,bytes,CTR,33554432,0,33554432:CTR:0,259d92783bed3747a7924ab61638e3842c130ba03631b316d8deef48ba9a4003,0,960,True,,,,,,,,,,,22109500,0.0221095,1517.647707998824,15625000,0.7067097853863724,
1a68b061-2098-4352-95ab-257dbc02c55a,2004,AES-128,encrypt,cuda_baseline,baseline,resident,pinned,CTR,33554432,0,33554432:CTR:0,259d92783bed3747a7924ab61638e3842c130ba03631b316d8deef48ba9a4003,1,961,True,1,5120.275070543398,,0.006553247928619384,,,6553247.928619385,,,,,,,,,6553247.928619385
1a68b061-2098-4352-95ab-257dbc02c55a,2004,AES-128,encrypt,cuda_optimized_v1,optimized,pipeline,pinned,CTR,33554432,0,33554432:CTR:0,259d92783bed3747a7924ab61638e3842c130ba03631b316d8deef48ba9a4003,2,962,True,,5245.660301738866,1216.4057872241697,0.0063966078758239744,0.0275849,10462700,6396607.875823975,10605300,21068000,27584900,,,,,,
1a68b061-2098-4352-95ab-257dbc02c55a,2004,AES-128,encrypt,cpu_software,software,transform,bytes,CTR,33554432,0,33554432:CTR:0,259d92783bed3747a7924ab61638e3842c130ba03631b316d8deef48ba9a4003,3,963,True,,,,,,,,,,,126468300,0.1264683,265.31891390965166,140625000,1.1119387229843367,
1a68b061-2098-4352-95ab-257dbc02c55a,2004,AES-128,encrypt,cuda_baseline,baseline,pipeline,pinned,CTR,33554432,0,33554432:CTR:0,259d92783bed3747a7924ab61638e3842c130ba03631b316d8deef48ba9a4003,4,964,True,,5132.254301624547,1236.8473589148143,0.006537951946258545,0.027129,10315600,6537951.946258545,10177700,20493300,27129000,,,,,,
1a68b061-2098-4352-95ab-257dbc02c55a,2004,AES-128,encrypt,cuda_optimized_v1,optimized,resident,pinned,CTR,33554432,0,33554432:CTR:0,259d92783bed3747a7924ab61638e3842c130ba03631b316d8deef48ba9a4003,5,965,True,1,5145.072065391326,,0.006521664142608643,,,6521664.142608643,,,,,,,,,6521664.142608643
1a68b061-2098-4352-95ab-257dbc02c55a,2004,AES-128,encrypt,cuda_optimized_v1,optimized,resident,pinned,ECB,33554432,0,33554432:ECB:0,3e7c5d7ae8f3451fabe54d232ec39f573d8a76b80d5f288d732ebbc50a87ed88,0,966,True,1,5317.025998179621,,0.006310751914978027,,,6310751.914978027,,,,,,,,,6310751.914978027
1a68b061-2098-4352-95ab-257dbc02c55a,2004,AES-128,encrypt,cuda_baseline,baseline,pipeline,pinned,ECB,33554432,0,33554432:ECB:0,3e7c5d7ae8f3451fabe54d232ec39f573d8a76b80d5f288d732ebbc50a87ed88,1,967,True,,5356.573133993296,1239.2730066221252,0.00626416015625,0.0270759,10522500,6264160.15625,10189700,20712200,27075900,,,,,,
1a68b061-2098-4352-95ab-257dbc02c55a,2004,AES-128,encrypt,cpu_software,software,transform,bytes,ECB,33554432,0,33554432:ECB:0,3e7c5d7ae8f3451fabe54d232ec39f573d8a76b80d5f288d732ebbc50a87ed88,2,968,True,,,,,,,,,,,120030000,0.12003,279.5503790718987,109375000,0.9112305257019079,
1a68b061-2098-4352-95ab-257dbc02c55a,2004,AES-128,encrypt,cuda_baseline,baseline,resident,pinned,ECB,33554432,0,33554432:ECB:0,3e7c5d7ae8f3451fabe54d232ec39f573d8a76b80d5f288d732ebbc50a87ed88,3,969,True,1,4144.831501238229,,0.008095487594604493,,,8095487.594604492,,,,,,,,,8095487.594604492
1a68b061-2098-4352-95ab-257dbc02c55a,2004,AES-128,encrypt,cuda_optimized_v1,optimized,pipeline,pinned,ECB,33554432,0,33554432:ECB:0,3e7c5d7ae8f3451fabe54d232ec39f573d8a76b80d5f288d732ebbc50a87ed88,4,970,True,,4142.784201873346,1164.6477015563607,0.008099488258361816,0.0288108,10318300,8099488.258361816,10296400,20614700,28810800,,,,,,
1a68b061-2098-4352-95ab-257dbc02c55a,2004,AES-128,encrypt,cpu_aesni,aesni,transform,bytes,ECB,33554432,0,33554432:ECB:0,3e7c5d7ae8f3451fabe54d232ec39f573d8a76b80d5f288d732ebbc50a87ed88,5,971,True,,,,,,,,,,,17343100,0.0173431,1934.7424624202133,31250000,1.8018693313190837,
1a68b061-2098-4352-95ab-257dbc02c55a,2004,AES-128,encrypt,cpu_aesni,aesni,transform,bytes,ECB,33554432,1,33554432:ECB:1,0ecf6d81359597ed88acad0649b4077740d653ebe98c134f6edfe55a706785f9,0,972,True,,,,,,,,,,,17126000,0.017126,1959.2684806726616,15625000,0.91235548289151,
1a68b061-2098-4352-95ab-257dbc02c55a,2004,AES-128,encrypt,cuda_baseline,baseline,pipeline,pinned,ECB,33554432,1,33554432:ECB:1,0ecf6d81359597ed88acad0649b4077740d653ebe98c134f6edfe55a706785f9,1,973,True,,3370.5541457389054,656.4189884462043,0.009955167770385742,0.0511174,20652000,9955167.770385742,20350800,41002800,51117400,,,,,,
1a68b061-2098-4352-95ab-257dbc02c55a,2004,AES-128,encrypt,cuda_optimized_v1,optimized,resident,pinned,ECB,33554432,1,33554432:ECB:1,0ecf6d81359597ed88acad0649b4077740d653ebe98c134f6edfe55a706785f9,2,974,True,1,3383.8568239796577,,0.009916031837463379,,,9916031.837463379,,,,,,,,,9916031.837463379
1a68b061-2098-4352-95ab-257dbc02c55a,2004,AES-128,encrypt,cpu_software,software,transform,bytes,ECB,33554432,1,33554432:ECB:1,0ecf6d81359597ed88acad0649b4077740d653ebe98c134f6edfe55a706785f9,3,975,True,,,,,,,,,,,115622200,0.1156222,290.20752070104186,109375000,0.9459688537322417,
1a68b061-2098-4352-95ab-257dbc02c55a,2004,AES-128,encrypt,cuda_baseline,baseline,resident,pinned,ECB,33554432,1,33554432:ECB:1,0ecf6d81359597ed88acad0649b4077740d653ebe98c134f6edfe55a706785f9,4,976,True,1,3382.9725026618607,,0.009918623924255372,,,9918623.924255371,,,,,,,,,9918623.924255371
1a68b061-2098-4352-95ab-257dbc02c55a,2004,AES-128,encrypt,cuda_optimized_v1,optimized,pipeline,pinned,ECB,33554432,1,33554432:ECB:1,0ecf6d81359597ed88acad0649b4077740d653ebe98c134f6edfe55a706785f9,5,977,True,,3386.611004890148,654.1360501249615,0.009907967567443847,0.0512958,20841800,9907967.567443848,20345200,41187000,51295800,,,,,,
1a68b061-2098-4352-95ab-257dbc02c55a,2004,AES-128,encrypt,cuda_optimized_v1,optimized,resident,pinned,CTR,33554432,1,33554432:CTR:1,d150d799a5fd9605a1b919db0d135e5493957716993a8df88275d1a51fe2b164,0,978,True,1,4305.648109973,,0.00779311990737915,,,7793119.90737915,,,,,,,,,7793119.90737915
1a68b061-2098-4352-95ab-257dbc02c55a,2004,AES-128,encrypt,cpu_aesni,aesni,transform,bytes,CTR,33554432,1,33554432:CTR:1,d150d799a5fd9605a1b919db0d135e5493957716993a8df88275d1a51fe2b164,1,979,True,,,,,,,,,,,22955900,0.0229559,1461.6909814034736,31250000,1.3613058080929086,
1a68b061-2098-4352-95ab-257dbc02c55a,2004,AES-128,encrypt,cuda_baseline,baseline,resident,pinned,CTR,33554432,1,33554432:CTR:1,d150d799a5fd9605a1b919db0d135e5493957716993a8df88275d1a51fe2b164,2,980,True,1,4290.86551769567,,0.007819968223571777,,,7819968.223571777,,,,,,,,,7819968.223571777
1a68b061-2098-4352-95ab-257dbc02c55a,2004,AES-128,encrypt,cuda_optimized_v1,optimized,pipeline,pinned,CTR,33554432,1,33554432:CTR:1,d150d799a5fd9605a1b919db0d135e5493957716993a8df88275d1a51fe2b164,3,981,True,,4255.757133247612,1174.451510834678,0.007884479999542237,0.0285703,10334100,7884479.999542236,10225400,20559500,28570300,,,,,,
1a68b061-2098-4352-95ab-257dbc02c55a,2004,AES-128,encrypt,cuda_baseline,baseline,pipeline,pinned,CTR,33554432,1,33554432:CTR:1,d150d799a5fd9605a1b919db0d135e5493957716993a8df88275d1a51fe2b164,4,982,True,,4292.358713498151,1172.6250751359437,0.007817247867584228,0.0286148,10483800,7817247.8675842285,10181700,20665500,28614800,,,,,,
1a68b061-2098-4352-95ab-257dbc02c55a,2004,AES-128,encrypt,cpu_software,software,transform,bytes,CTR,33554432,1,33554432:CTR:1,d150d799a5fd9605a1b919db0d135e5493957716993a8df88275d1a51fe2b164,5,983,True,,,,,,,,,,,149470000,0.14947,224.48940924600254,140625000,0.940824245668027,
1a68b061-2098-4352-95ab-257dbc02c55a,2004,AES-128,encrypt,cuda_baseline,baseline,resident,pinned,ECB,33554432,2,33554432:ECB:2,8d971ae38948063d21eec60eb30cfd0dddd8d4dd124ca4d0163d61fd9ae7f319,0,984,True,1,4339.360190260876,,0.0077325758934021,,,7732575.8934021,,,,,,,,,7732575.8934021
1a68b061-2098-4352-95ab-257dbc02c55a,2004,AES-128,encrypt,cuda_optimized_v1,optimized,pipeline,pinned,ECB,33554432,2,33554432:ECB:2,8d971ae38948063d21eec60eb30cfd0dddd8d4dd124ca4d0163d61fd9ae7f319,1,985,True,,4361.669911438235,1183.556974303804,0.0076930241584777835,0.0283505,10327400,7693024.158477783,10225900,20553300,28350500,,,,,,
1a68b061-2098-4352-95ab-257dbc02c55a,2004,AES-128,encrypt,cpu_aesni,aesni,transform,bytes,ECB,33554432,2,33554432:ECB:2,8d971ae38948063d21eec60eb30cfd0dddd8d4dd124ca4d0163d61fd9ae7f319,2,986,True,,,,,,,,,,,17151400,0.0171514,1956.3669438063366,15625000,0.9110043494991662,
1a68b061-2098-4352-95ab-257dbc02c55a,2004,AES-128,encrypt,cuda_optimized_v1,optimized,resident,pinned,ECB,33554432,2,33554432:ECB:2,8d971ae38948063d21eec60eb30cfd0dddd8d4dd124ca4d0163d61fd9ae7f319,3,987,True,1,4410.006172217669,,0.007608704090118408,,,7608704.090118408,,,,,,,,,7608704.090118408
1a68b061-2098-4352-95ab-257dbc02c55a,2004,AES-128,encrypt,cpu_software,software,transform,bytes,ECB,33554432,2,33554432:ECB:2,8d971ae38948063d21eec60eb30cfd0dddd8d4dd124ca4d0163d61fd9ae7f319,4,988,True,,,,,,,,,,,117411800,0.1174118,285.78415457390145,125000000,1.064628938488295,
1a68b061-2098-4352-95ab-257dbc02c55a,2004,AES-128,encrypt,cuda_baseline,baseline,pipeline,pinned,ECB,33554432,2,33554432:ECB:2,8d971ae38948063d21eec60eb30cfd0dddd8d4dd124ca4d0163d61fd9ae7f319,5,989,True,,4342.900630331342,1174.5954044555217,0.007726272106170654,0.0285668,10500800,7726272.106170654,10221300,20722100,28566800,,,,,,
1a68b061-2098-4352-95ab-257dbc02c55a,2004,AES-128,encrypt,cuda_baseline,baseline,resident,pinned,CTR,33554432,2,33554432:CTR:2,f475cd347eb3b15fc82a110bed48cc0684bf238ac0617b7c47a7df335697e9cb,0,990,True,1,4241.26318111409,,0.007911424160003662,,,7911424.160003662,,,,,,,,,7911424.160003662
1a68b061-2098-4352-95ab-257dbc02c55a,2004,AES-128,encrypt,cuda_baseline,baseline,pipeline,pinned,CTR,33554432,2,33554432:CTR:2,f475cd347eb3b15fc82a110bed48cc0684bf238ac0617b7c47a7df335697e9cb,1,991,True,,4295.963674293598,1178.5104611915608,0.0078106880187988285,0.0284719,10401600,7810688.018798828,10141500,20543100,28471900,,,,,,
1a68b061-2098-4352-95ab-257dbc02c55a,2004,AES-128,encrypt,cuda_optimized_v1,optimized,resident,pinned,CTR,33554432,2,33554432:CTR:2,f475cd347eb3b15fc82a110bed48cc0684bf238ac0617b7c47a7df335697e9cb,2,992,True,1,4305.701063959984,,0.007793024063110352,,,7793024.063110352,,,,,,,,,7793024.063110352
1a68b061-2098-4352-95ab-257dbc02c55a,2004,AES-128,encrypt,cuda_optimized_v1,optimized,pipeline,pinned,CTR,33554432,2,33554432:CTR:2,f475cd347eb3b15fc82a110bed48cc0684bf238ac0617b7c47a7df335697e9cb,3,993,True,,4215.448812992656,1167.1553346388905,0.007959871768951417,0.0287489,10330900,7959871.768951416,10203900,20534800,28748900,,,,,,
1a68b061-2098-4352-95ab-257dbc02c55a,2004,AES-128,encrypt,cpu_aesni,aesni,transform,bytes,CTR,33554432,2,33554432:CTR:2,f475cd347eb3b15fc82a110bed48cc0684bf238ac0617b7c47a7df335697e9cb,4,994,True,,,,,,,,,,,23276300,0.0232763,1441.5706963735645,31250000,1.3425673324368563,
1a68b061-2098-4352-95ab-257dbc02c55a,2004,AES-128,encrypt,cpu_software,software,transform,bytes,CTR,33554432,2,33554432:CTR:2,f475cd347eb3b15fc82a110bed48cc0684bf238ac0617b7c47a7df335697e9cb,5,995,True,,,,,,,,,,,124033900,0.1240339,270.5262996648497,125000000,1.0077889996202651,
1a68b061-2098-4352-95ab-257dbc02c55a,2004,AES-128,encrypt,cuda_baseline,baseline,resident,pinned,ECB,33554432,3,33554432:ECB:3,9ec25e62f295a81dce275be5903cf68306c7c75817dffce105b1f6630da93bba,0,996,True,1,4583.878671396934,,0.0073200960159301755,,,7320096.015930176,,,,,,,,,7320096.015930176
1a68b061-2098-4352-95ab-257dbc02c55a,2004,AES-128,encrypt,cpu_aesni,aesni,transform,bytes,ECB,33554432,3,33554432:ECB:3,9ec25e62f295a81dce275be5903cf68306c7c75817dffce105b1f6630da93bba,1,997,True,,,,,,,,,,,17175000,0.017175,1953.6787190684133,31250000,1.819505094614265,
1a68b061-2098-4352-95ab-257dbc02c55a,2004,AES-128,encrypt,cpu_software,software,transform,bytes,ECB,33554432,3,33554432:ECB:3,9ec25e62f295a81dce275be5903cf68306c7c75817dffce105b1f6630da93bba,2,998,True,,,,,,,,,,,116754800,0.1167548,287.3923127785753,109375000,0.9367923203157387,
1a68b061-2098-4352-95ab-257dbc02c55a,2004,AES-128,encrypt,cuda_optimized_v1,optimized,resident,pinned,ECB,33554432,3,33554432:ECB:3,9ec25e62f295a81dce275be5903cf68306c7c75817dffce105b1f6630da93bba,3,999,True,1,4603.075551552357,,0.0072895679473876955,,,7289567.947387695,,,,,,,,,7289567.947387695
1a68b061-2098-4352-95ab-257dbc02c55a,2004,AES-128,encrypt,cuda_baseline,baseline,pipeline,pinned,ECB,33554432,3,33554432:ECB:3,9ec25e62f295a81dce275be5903cf68306c7c75817dffce105b1f6630da93bba,4,1000,True,,4679.575941700102,1194.2991582281861,0.007170400142669678,0.0280955,10444300,7170400.142669678,10302600,20746900,28095500,,,,,,
1a68b061-2098-4352-95ab-257dbc02c55a,2004,AES-128,encrypt,cuda_optimized_v1,optimized,pipeline,pinned,ECB,33554432,3,33554432:ECB:3,9ec25e62f295a81dce275be5903cf68306c7c75817dffce105b1f6630da93bba,5,1001,True,,4669.905962307074,1199.2034481033288,0.007185247898101807,0.0279806,10476100,7185247.898101807,10211500,20687600,27980600,,,,,,
1a68b061-2098-4352-95ab-257dbc02c55a,2004,AES-128,encrypt,cpu_aesni,aesni,transform,bytes,CTR,33554432,3,33554432:CTR:3,86874366371c1cf6468b43681f691bd1eb1ecfbafb35f90a4c32f13459e72a56,0,1002,True,,,,,,,,,,,23732900,0.0237329,1413.8361515027661,31250000,1.316737524701996,
1a68b061-2098-4352-95ab-257dbc02c55a,2004,AES-128,encrypt,cuda_optimized_v1,optimized,pipeline,pinned,CTR,33554432,3,33554432:CTR:3,86874366371c1cf6468b43681f691bd1eb1ecfbafb35f90a4c32f13459e72a56,1,1003,True,,4485.656427496488,1195.8570008090126,0.00748038387298584,0.0280589,10341000,7480383.87298584,10149600,20490600,28058900,,,,,,
1a68b061-2098-4352-95ab-257dbc02c55a,2004,AES-128,encrypt,cuda_baseline,baseline,pipeline,pinned,CTR,33554432,3,33554432:CTR:3,86874366371c1cf6468b43681f691bd1eb1ecfbafb35f90a4c32f13459e72a56,2,1004,True,,4515.928328471784,1174.998494239591,0.007430240154266358,0.028557,10328900,7430240.154266357,10698500,21027400,28557000,,,,,,
1a68b061-2098-4352-95ab-257dbc02c55a,2004,AES-128,encrypt,cuda_optimized_v1,optimized,resident,pinned,CTR,33554432,3,33554432:CTR:3,86874366371c1cf6468b43681f691bd1eb1ecfbafb35f90a4c32f13459e72a56,3,1005,True,1,4473.90520897007,,0.0075000319480896,,,7500031.9480896,,,,,,,,,7500031.9480896
1a68b061-2098-4352-95ab-257dbc02c55a,2004,AES-128,encrypt,cuda_baseline,baseline,resident,pinned,CTR,33554432,3,33554432:CTR:3,86874366371c1cf6468b43681f691bd1eb1ecfbafb35f90a4c32f13459e72a56,4,1006,True,1,4551.091468330675,,0.007372831821441651,,,7372831.82144165,,,,,,,,,7372831.82144165
1a68b061-2098-4352-95ab-257dbc02c55a,2004,AES-128,encrypt,cpu_software,software,transform,bytes,CTR,33554432,3,33554432:CTR:3,86874366371c1cf6468b43681f691bd1eb1ecfbafb35f90a4c32f13459e72a56,5,1007,True,,,,,,,,,,,127211700,0.1272117,263.768442682552,125000000,0.9826140205657184,
1a68b061-2098-4352-95ab-257dbc02c55a,2004,AES-128,encrypt,cuda_baseline,baseline,pipeline,pinned,CTR,33554432,4,33554432:CTR:4,1cfab2c3aa6ee80138c8d69b4d9d0a40e10caee2d2e891761bc4877df592dd20,0,1008,True,,6485.341518968741,2116.691710351179,0.005173888206481934,0.0158523,5337200,5173888.206481934,5239700,10576900,15852300,,,,,,
1a68b061-2098-4352-95ab-257dbc02c55a,2004,AES-128,encrypt,cpu_software,software,transform,bytes,CTR,33554432,4,33554432:CTR:4,1cfab2c3aa6ee80138c8d69b4d9d0a40e10caee2d2e891761bc4877df592dd20,1,1009,True,,,,,,,,,,,128667300,0.1286673,260.78445727857815,125000000,0.9714978086895427,
1a68b061-2098-4352-95ab-257dbc02c55a,2004,AES-128,encrypt,cuda_optimized_v1,optimized,resident,pinned,CTR,33554432,4,33554432:CTR:4,1cfab2c3aa6ee80138c8d69b4d9d0a40e10caee2d2e891761bc4877df592dd20,2,1010,True,1,6447.6170263066915,,0.005204160213470459,,,5204160.213470459,,,,,,,,,5204160.213470459
1a68b061-2098-4352-95ab-257dbc02c55a,2004,AES-128,encrypt,cuda_baseline,baseline,resident,pinned,CTR,33554432,4,33554432:CTR:4,1cfab2c3aa6ee80138c8d69b4d9d0a40e10caee2d2e891761bc4877df592dd20,3,1011,True,1,6441.715320869791,,0.005208928108215332,,,5208928.108215332,,,,,,,,,5208928.108215332
1a68b061-2098-4352-95ab-257dbc02c55a,2004,AES-128,encrypt,cpu_aesni,aesni,transform,bytes,CTR,33554432,4,33554432:CTR:4,1cfab2c3aa6ee80138c8d69b4d9d0a40e10caee2d2e891761bc4877df592dd20,4,1012,True,,,,,,,,,,,22913700,0.0229137,1464.3829673950518,31250000,1.3638129154174141,
1a68b061-2098-4352-95ab-257dbc02c55a,2004,AES-128,encrypt,cuda_optimized_v1,optimized,pipeline,pinned,CTR,33554432,4,33554432:CTR:4,1cfab2c3aa6ee80138c8d69b4d9d0a40e10caee2d2e891761bc4877df592dd20,5,1013,True,,6446.784738379181,2111.164856736589,0.0052048320770263674,0.0158938,5380200,5204832.077026367,5209900,10590100,15893800,,,,,,
1a68b061-2098-4352-95ab-257dbc02c55a,2004,AES-128,encrypt,cpu_aesni,aesni,transform,bytes,ECB,33554432,4,33554432:ECB:4,e57756c331e231f9555b217872129e63a542026966c14d5db3ebfa73447df34c,0,1014,True,,,,,,,,,,,17430900,0.0174309,1924.9971028460952,15625000,0.8963966289749812,
1a68b061-2098-4352-95ab-257dbc02c55a,2004,AES-128,encrypt,cuda_optimized_v1,optimized,resident,pinned,ECB,33554432,4,33554432:ECB:4,e57756c331e231f9555b217872129e63a542026966c14d5db3ebfa73447df34c,1,1015,True,1,6697.769687379233,,0.005009791851043701,,,5009791.851043701,,,,,,,,,5009791.851043701
1a68b061-2098-4352-95ab-257dbc02c55a,2004,AES-128,encrypt,cuda_optimized_v1,optimized,pipeline,pinned,ECB,33554432,4,33554432:ECB:4,e57756c331e231f9555b217872129e63a542026966c14d5db3ebfa73447df34c,2,1016,True,,6697.640914727715,2126.659399163392,0.005009888172149658,0.015778,5298500,5009888.172149658,5356300,10654800,15778000,,,,,,
1a68b061-2098-4352-95ab-257dbc02c55a,2004,AES-128,encrypt,cuda_baseline,baseline,pipeline,pinned,ECB,33554432,4,33554432:ECB:4,e57756c331e231f9555b217872129e63a542026966c14d5db3ebfa73447df34c,3,1017,True,,6679.338764762912,2137.5381106786344,0.005023615837097168,0.0156977,5319700,5023615.837097168,5251600,10571300,15697700,,,,,,
1a68b061-2098-4352-95ab-257dbc02c55a,2004,AES-128,encrypt,cuda_baseline,baseline,resident,pinned,ECB,33554432,4,33554432:ECB:4,e57756c331e231f9555b217872129e63a542026966c14d5db3ebfa73447df34c,4,1018,True,1,6678.615452625829,,0.005024159908294678,,,5024159.908294678,,,,,,,,,5024159.908294678
1a68b061-2098-4352-95ab-257dbc02c55a,2004,AES-128,encrypt,cpu_software,software,transform,bytes,ECB,33554432,4,33554432:ECB:4,e57756c331e231f9555b217872129e63a542026966c14d5db3ebfa73447df34c,5,1019,True,,,,,,,,,,,119652300,0.1196523,280.4328207648328,109375000,0.9141069582448478,
1a68b061-2098-4352-95ab-257dbc02c55a,2004,AES-128,encrypt,cuda_optimized_v1,optimized,resident,pinned,CTR,33554432,5,33554432:CTR:5,13ef77369dd6e4c12480f335033837b796b75a3ed9935aa3955a3911d5527364,0,1020,True,1,6522.698569074404,,0.005144256114959717,,,5144256.114959717,,,,,,,,,5144256.114959717
1a68b061-2098-4352-95ab-257dbc02c55a,2004,AES-128,encrypt,cuda_baseline,baseline,resident,pinned,CTR,33554432,5,33554432:CTR:5,13ef77369dd6e4c12480f335033837b796b75a3ed9935aa3955a3911d5527364,1,1021,True,1,6498.967847005452,,0.005163040161132813,,,5163040.1611328125,,,,,,,,,5163040.1611328125
1a68b061-2098-4352-95ab-257dbc02c55a,2004,AES-128,encrypt,cpu_software,software,transform,bytes,CTR,33554432,5,33554432:CTR:5,13ef77369dd6e4c12480f335033837b796b75a3ed9935aa3955a3911d5527364,2,1022,True,,,,,,,,,,,125643400,0.1256434,267.06084044207654,125000000,0.9948791579979529,
1a68b061-2098-4352-95ab-257dbc02c55a,2004,AES-128,encrypt,cuda_optimized_v1,optimized,pipeline,pinned,CTR,33554432,5,33554432:CTR:5,13ef77369dd6e4c12480f335033837b796b75a3ed9935aa3955a3911d5527364,3,1023,True,,6403.204933391558,2101.8680664741514,0.005240255832672119,0.0159641,5326800,5240255.832672119,5292700,10619500,15964100,,,,,,
1a68b061-2098-4352-95ab-257dbc02c55a,2004,AES-128,encrypt,cpu_aesni,aesni,transform,bytes,CTR,33554432,5,33554432:CTR:5,13ef77369dd6e4c12480f335033837b796b75a3ed9935aa3955a3911d5527364,4,1024,True,,,,,,,,,,,24865500,0.0248655,1349.437252418009,15625000,0.6283806881019887,
1a68b061-2098-4352-95ab-257dbc02c55a,2004,AES-128,encrypt,cuda_baseline,baseline,pipeline,pinned,CTR,33554432,5,33554432:CTR:5,13ef77369dd6e4c12480f335033837b796b75a3ed9935aa3955a3911d5527364,5,1025,True,,4400.992150162506,1182.5058765070112,0.007624288082122802,0.0283757,10362700,7624288.082122803,10286800,20649500,28375700,,,,,,
1a68b061-2098-4352-95ab-257dbc02c55a,2004,AES-128,encrypt,cpu_software,software,transform,bytes,ECB,33554432,5,33554432:ECB:5,48f65248dbad0dede6de08a6b57a11b46f19741c6f8894d8943e3881c326de00,0,1026,True,,,,,,,,,,,129195600,0.1291956,259.7180708940552,125000000,0.9675252098368675,
1a68b061-2098-4352-95ab-257dbc02c55a,2004,AES-128,encrypt,cuda_optimized_v1,optimized,pipeline,pinned,ECB,33554432,5,33554432:ECB:5,48f65248dbad0dede6de08a6b57a11b46f19741c6f8894d8943e3881c326de00,1,1027,True,,3472.680819142102,656.9639158100832,0.009662400245666504,0.051075,20717200,9662400.245666504,20542300,41259500,51075000,,,,,,
1a68b061-2098-4352-95ab-257dbc02c55a,2004,AES-128,encrypt,cuda_optimized_v1,optimized,resident,pinned,ECB,33554432,5,33554432:ECB:5,48f65248dbad0dede6de08a6b57a11b46f19741c6f8894d8943e3881c326de00,2,1028,True,1,3465.3473937415997,,0.00968284797668457,,,9682847.97668457,,,,,,,,,9682847.97668457
1a68b061-2098-4352-95ab-257dbc02c55a,2004,AES-128,encrypt,cuda_baseline,baseline,pipeline,pinned,ECB,33554432,5,33554432:ECB:5,48f65248dbad0dede6de08a6b57a11b46f19741c6f8894d8943e3881c326de00,3,1029,True,,4886.552745828058,1211.3950684140223,0.006866687774658203,0.027699,10367400,6866687.774658203,10306500,20673900,27699000,,,,,,
1a68b061-2098-4352-95ab-257dbc02c55a,2004,AES-128,encrypt,cpu_aesni,aesni,transform,bytes,ECB,33554432,5,33554432:ECB:5,48f65248dbad0dede6de08a6b57a11b46f19741c6f8894d8943e3881c326de00,4,1030,True,,,,,,,,,,,17948100,0.0179481,1869.5255765234203,15625000,0.8705656866186393,
1a68b061-2098-4352-95ab-257dbc02c55a,2004,AES-128,encrypt,cuda_baseline,baseline,resident,pinned,ECB,33554432,5,33554432:ECB:5,48f65248dbad0dede6de08a6b57a11b46f19741c6f8894d8943e3881c326de00,5,1031,True,1,4931.99197702353,,0.006803423881530762,,,6803423.881530762,,,,,,,,,6803423.881530762
1a68b061-2098-4352-95ab-257dbc02c55a,2004,AES-128,encrypt,cuda_optimized_v1,optimized,resident,pinned,ECB,33554432,6,33554432:ECB:6,2e72da47924ab309b95b6964fd862d32181070766f01d410ede626503f141c6a,0,1032,True,1,4760.152823971251,,0.0070490241050720215,,,7049024.1050720215,,,,,,,,,7049024.1050720215
1a68b061-2098-4352-95ab-257dbc02c55a,2004,AES-128,encrypt,cuda_baseline,baseline,resident,pinned,ECB,33554432,6,33554432:ECB:6,2e72da47924ab309b95b6964fd862d32181070766f01d410ede626503f141c6a,1,1033,True,1,4723.421782287785,,0.007103839874267578,,,7103839.874267578,,,,,,,,,7103839.874267578
1a68b061-2098-4352-95ab-257dbc02c55a,2004,AES-128,encrypt,cpu_aesni,aesni,transform,bytes,ECB,33554432,6,33554432:ECB:6,2e72da47924ab309b95b6964fd862d32181070766f01d410ede626503f141c6a,2,1034,True,,,,,,,,,,,17214000,0.017214,1949.252468920646,15625000,0.907691413965377,
1a68b061-2098-4352-95ab-257dbc02c55a,2004,AES-128,encrypt,cuda_optimized_v1,optimized,pipeline,pinned,ECB,33554432,6,33554432:ECB:6,2e72da47924ab309b95b6964fd862d32181070766f01d410ede626503f141c6a,3,1035,True,,4692.728134055036,1206.41678621379,0.007150303840637207,0.0278133,10313700,7150303.840637207,10252000,20565700,27813300,,,,,,
1a68b061-2098-4352-95ab-257dbc02c55a,2004,AES-128,encrypt,cuda_baseline,baseline,pipeline,pinned,ECB,33554432,6,33554432:ECB:6,2e72da47924ab309b95b6964fd862d32181070766f01d410ede626503f141c6a,4,1036,True,,4772.675917494242,1212.1258710439522,0.00703052806854248,0.0276823,10349600,7030528.0685424805,10201000,20550600,27682300,,,,,,
1a68b061-2098-4352-95ab-257dbc02c55a,2004,AES-128,encrypt,cpu_software,software,transform,bytes,ECB,33554432,6,33554432:ECB:6,2e72da47924ab309b95b6964fd862d32181070766f01d410ede626503f141c6a,5,1037,True,,,,,,,,,,,117772200,0.1177722,284.9096136439669,109375000,0.9286996421906019,
1a68b061-2098-4352-95ab-257dbc02c55a,2004,AES-128,encrypt,cuda_optimized_v1,optimized,pipeline,pinned,CTR,33554432,6,33554432:CTR:6,c3ab428cd4a11769ba6c621f061608e09b29ed46dc7d847db4e318becb42ef6a,0,1038,True,,6476.649423917109,2099.89498782785,0.005180831909179688,0.0159791,5349600,5180831.9091796875,5343100,10692700,15979100,,,,,,
1a68b061-2098-4352-95ab-257dbc02c55a,2004,AES-128,encrypt,cpu_software,software,transform,bytes,CTR,33554432,6,33554432:CTR:6,c3ab428cd4a11769ba6c621f061608e09b29ed46dc7d847db4e318becb42ef6a,1,1039,True,,,,,,,,,,,122387100,0.1223871,274.16641132929857,109375000,0.8936807882530103,
1a68b061-2098-4352-95ab-257dbc02c55a,2004,AES-128,encrypt,cuda_baseline,baseline,resident,pinned,CTR,33554432,6,33554432:CTR:6,c3ab428cd4a11769ba6c621f061608e09b29ed46dc7d847db4e318becb42ef6a,2,1040,True,1,6479.170726632491,,0.005178815841674804,,,5178815.841674805,,,,,,,,,5178815.841674805
1a68b061-2098-4352-95ab-257dbc02c55a,2004,AES-128,encrypt,cuda_optimized_v1,optimized,resident,pinned,CTR,33554432,6,33554432:CTR:6,c3ab428cd4a11769ba6c621f061608e09b29ed46dc7d847db4e318becb42ef6a,3,1041,True,1,6425.41285431155,,0.0052221441268920895,,,5222144.12689209,,,,,,,,,5222144.12689209
1a68b061-2098-4352-95ab-257dbc02c55a,2004,AES-128,encrypt,cpu_aesni,aesni,transform,bytes,CTR,33554432,6,33554432:CTR:6,c3ab428cd4a11769ba6c621f061608e09b29ed46dc7d847db4e318becb42ef6a,4,1042,True,,,,,,,,,,,22265000,0.022265,1507.048371884123,15625000,0.7017740848865933,
1a68b061-2098-4352-95ab-257dbc02c55a,2004,AES-128,encrypt,cuda_baseline,baseline,pipeline,pinned,CTR,33554432,6,33554432:CTR:6,c3ab428cd4a11769ba6c621f061608e09b29ed46dc7d847db4e318becb42ef6a,5,1043,True,,6455.079402256869,2079.695555431596,0.0051981439590454105,0.0161343,5589200,5198143.95904541,5249400,10838600,16134300,,,,,,
1a68b061-2098-4352-95ab-257dbc02c55a,2004,AES-128,encrypt,cpu_software,software,transform,bytes,ECB,33554432,7,33554432:ECB:7,e80fc82c3ca0bf11fd2cd69e4cab4c505af60f8fe5ac4ab9998df108c2e7bb06,0,1044,True,,,,,,,,,,,117964800,0.1179648,284.44444444444446,125000000,1.0596381293402777,
1a68b061-2098-4352-95ab-257dbc02c55a,2004,AES-128,encrypt,cuda_baseline,baseline,resident,pinned,ECB,33554432,7,33554432:ECB:7,e80fc82c3ca0bf11fd2cd69e4cab4c505af60f8fe5ac4ab9998df108c2e7bb06,1,1045,True,1,6565.910826459609,,0.005110400199890137,,,5110400.199890137,,,,,,,,,5110400.199890137
1a68b061-2098-4352-95ab-257dbc02c55a,2004,AES-128,encrypt,cuda_optimized_v1,optimized,resident,pinned,ECB,33554432,7,33554432:ECB:7,e80fc82c3ca0bf11fd2cd69e4cab4c505af60f8fe5ac4ab9998df108c2e7bb06,2,1046,True,1,6518.157489319136,,0.005147840023040771,,,5147840.0230407715,,,,,,,,,5147840.0230407715
1a68b061-2098-4352-95ab-257dbc02c55a,2004,AES-128,encrypt,cuda_optimized_v1,optimized,pipeline,pinned,ECB,33554432,7,33554432:ECB:7,e80fc82c3ca0bf11fd2cd69e4cab4c505af60f8fe5ac4ab9998df108c2e7bb06,3,1047,True,,6632.317008135831,2126.592008112305,0.005059232234954834,0.0157785,5384400,5059232.234954834,5246300,10630700,15778500,,,,,,
1a68b061-2098-4352-95ab-257dbc02c55a,2004,AES-128,encrypt,cpu_aesni,aesni,transform,bytes,ECB,33554432,7,33554432:ECB:7,e80fc82c3ca0bf11fd2cd69e4cab4c505af60f8fe5ac4ab9998df108c2e7bb06,4,1048,True,,,,,,,,,,,17945500,0.0179455,1869.7964392187457,15625000,0.8706918168900282,
1a68b061-2098-4352-95ab-257dbc02c55a,2004,AES-128,encrypt,cuda_baseline,baseline,pipeline,pinned,ECB,33554432,7,33554432:ECB:7,e80fc82c3ca0bf11fd2cd69e4cab4c505af60f8fe5ac4ab9998df108c2e7bb06,5,1049,True,,6684.575878335318,2118.790144349166,0.005019680023193359,0.0158366,5342400,5019680.023193359,5368900,10711300,15836600,,,,,,
1a68b061-2098-4352-95ab-257dbc02c55a,2004,AES-128,encrypt,cuda_baseline,baseline,resident,pinned,CTR,33554432,7,33554432:CTR:7,dde36c358b1b88b9a322b26d018aa9681c4e1f366362b60703e4a16264b44a46,0,1050,True,1,6339.82864387537,,0.005292640209197998,,,5292640.209197998,,,,,,,,,5292640.209197998
1a68b061-2098-4352-95ab-257dbc02c55a,2004,AES-128,encrypt,cuda_optimized_v1,optimized,resident,pinned,CTR,33554432,7,33554432:CTR:7,dde36c358b1b88b9a322b26d018aa9681c4e1f366362b60703e4a16264b44a46,1,1051,True,1,6360.364431584053,,0.005275551795959473,,,5275551.795959473,,,,,,,,,5275551.795959473
1a68b061-2098-4352-95ab-257dbc02c55a,2004,AES-128,encrypt,cpu_software,software,transform,bytes,CTR,33554432,7,33554432:CTR:7,dde36c358b1b88b9a322b26d018aa9681c4e1f366362b60703e4a16264b44a46,2,1052,True,,,,,,,,,,,127287000,0.127287,263.61240346618274,125000000,0.9820327291867983,
1a68b061-2098-4352-95ab-257dbc02c55a,2004,AES-128,encrypt,cpu_aesni,aesni,transform,bytes,CTR,33554432,7,33554432:CTR:7,dde36c358b1b88b9a322b26d018aa9681c4e1f366362b60703e4a16264b44a46,3,1053,True,,,,,,,,,,,23740500,0.0237405,1413.3835428908405,15625000,0.6581580000421221,
1a68b061-2098-4352-95ab-257dbc02c55a,2004,AES-128,encrypt,cuda_baseline,baseline,pipeline,pinned,CTR,33554432,7,33554432:CTR:7,dde36c358b1b88b9a322b26d018aa9681c4e1f366362b60703e4a16264b44a46,4,1054,True,,6317.21761840003,2070.9544265047152,0.005311583995819092,0.0162024,5415100,5311583.995819092,5373600,10788700,16202400,,,,,,
1a68b061-2098-4352-95ab-257dbc02c55a,2004,AES-128,encrypt,cuda_optimized_v1,optimized,pipeline,pinned,CTR,33554432,7,33554432:CTR:7,dde36c358b1b88b9a322b26d018aa9681c4e1f366362b60703e4a16264b44a46,5,1055,True,,3421.3186318051885,653.502877564733,0.009807456016540527,0.0513455,21000100,9807456.016540527,20401400,41401500,51345500,,,,,,
1a68b061-2098-4352-95ab-257dbc02c55a,2004,AES-128,encrypt,cuda_baseline,baseline,resident,pinned,ECB,33554432,8,33554432:ECB:8,e45df094bd09c7820c69c4bfed1024803e2ed7079e6933bba732ceccc5da283e,0,1056,True,1,3484.7180317921693,,0.009629023551940919,,,9629023.551940918,,,,,,,,,9629023.551940918
1a68b061-2098-4352-95ab-257dbc02c55a,2004,AES-128,encrypt,cuda_optimized_v1,optimized,resident,pinned,ECB,33554432,8,33554432:ECB:8,e45df094bd09c7820c69c4bfed1024803e2ed7079e6933bba732ceccc5da283e,1,1057,True,1,3470.565957350486,,0.009668288230895996,,,9668288.230895996,,,,,,,,,9668288.230895996
1a68b061-2098-4352-95ab-257dbc02c55a,2004,AES-128,encrypt,cpu_aesni,aesni,transform,bytes,ECB,33554432,8,33554432:ECB:8,e45df094bd09c7820c69c4bfed1024803e2ed7079e6933bba732ceccc5da283e,2,1058,True,,,,,,,,,,,17633500,0.0176335,1902.8798593586073,15625000,0.8860974849008989,
1a68b061-2098-4352-95ab-257dbc02c55a,2004,AES-128,encrypt,cuda_baseline,baseline,pipeline,pinned,ECB,33554432,8,33554432:ECB:8,e45df094bd09c7820c69c4bfed1024803e2ed7079e6933bba732ceccc5da283e,3,1059,True,,3481.987071817995,664.6310843841238,0.00963657569885254,0.0504858,20528900,9636575.698852539,20206600,40735500,50485800,,,,,,
1a68b061-2098-4352-95ab-257dbc02c55a,2004,AES-128,encrypt,cpu_software,software,transform,bytes,ECB,33554432,8,33554432:ECB:8,e45df094bd09c7820c69c4bfed1024803e2ed7079e6933bba732ceccc5da283e,4,1060,True,,,,,,,,,,,116167400,0.1161674,288.84551087482373,109375000,0.9415292069892242,
1a68b061-2098-4352-95ab-257dbc02c55a,2004,AES-128,encrypt,cuda_optimized_v1,optimized,pipeline,pinned,ECB,33554432,8,33554432:ECB:8,e45df094bd09c7820c69c4bfed1024803e2ed7079e6933bba732ceccc5da283e,5,1061,True,,4977.244397647122,1211.6575307839526,0.0067415680885314945,0.027693,10479400,6741568.088531494,10305900,20785300,27693000,,,,,,
1a68b061-2098-4352-95ab-257dbc02c55a,2004,AES-128,encrypt,cuda_optimized_v1,optimized,pipeline,pinned,CTR,33554432,8,33554432:CTR:8,fbdaca1ac484e9023f15d360d289375e119085a43fe934a6388e048ba28e2482,0,1062,True,,4654.979254818522,1172.3792486583184,0.0072082881927490235,0.0286208,10750000,7208288.192749023,10528700,21278700,28620800,,,,,,
1a68b061-2098-4352-95ab-257dbc02c55a,2004,AES-128,encrypt,cuda_baseline,baseline,pipeline,pinned,CTR,33554432,8,33554432:CTR:8,fbdaca1ac484e9023f15d360d289375e119085a43fe934a6388e048ba28e2482,1,1063,True,,4724.656080101303,1208.7462040295825,0.007101984024047852,0.0277597,10396800,7101984.024047852,10163300,20560100,27759700,,,,,,
1a68b061-2098-4352-95ab-257dbc02c55a,2004,AES-128,encrypt,cpu_aesni,aesni,transform,bytes,CTR,33554432,8,33554432:CTR:8,fbdaca1ac484e9023f15d360d289375e119085a43fe934a6388e048ba28e2482,2,1064,True,,,,,,,,,,,23100200,0.0231002,1452.5602375737008,15625000,0.676401070120605,
1a68b061-2098-4352-95ab-257dbc02c55a,2004,AES-128,encrypt,cuda_baseline,baseline,resident,pinned,CTR,33554432,8,33554432:CTR:8,fbdaca1ac484e9023f15d360d289375e119085a43fe934a6388e048ba28e2482,3,1065,True,1,4680.954632289651,,0.007168288230895996,,,7168288.230895996,,,,,,,,,7168288.230895996
1a68b061-2098-4352-95ab-257dbc02c55a,2004,AES-128,encrypt,cpu_software,software,transform,bytes,CTR,33554432,8,33554432:CTR:8,fbdaca1ac484e9023f15d360d289375e119085a43fe934a6388e048ba28e2482,4,1066,True,,,,,,,,,,,128063100,0.1280631,262.01483487437054,140625000,1.098091487711917,
1a68b061-2098-4352-95ab-257dbc02c55a,2004,AES-128,encrypt,cuda_optimized_v1,optimized,resident,pinned,CTR,33554432,8,33554432:CTR:8,fbdaca1ac484e9023f15d360d289375e119085a43fe934a6388e048ba28e2482,5,1067,True,1,4814.067053322029,,0.006970079898834228,,,6970079.8988342285,,,,,,,,,6970079.8988342285
1a68b061-2098-4352-95ab-257dbc02c55a,2004,AES-128,encrypt,cuda_optimized_v1,optimized,pipeline,pinned,CTR,33554432,9,33554432:CTR:9,4f41d0b682f9fad6871a4f84379ec01869dc0e071f8cd8d2cb23b5c52f2ecf60,0,1068,True,,4808.195176007819,1204.5891116655598,0.006978591918945312,0.0278555,10447200,6978591.9189453125,10288800,20736000,27855500,,,,,,
1a68b061-2098-4352-95ab-257dbc02c55a,2004,AES-128,encrypt,cuda_baseline,baseline,resident,pinned,CTR,33554432,9,33554432:CTR:9,4f41d0b682f9fad6871a4f84379ec01869dc0e071f8cd8d2cb23b5c52f2ecf60,1,1069,True,1,4850.925254687703,,0.006917119979858399,,,6917119.979858398,,,,,,,,,6917119.979858398
1a68b061-2098-4352-95ab-257dbc02c55a,2004,AES-128,encrypt,cpu_software,software,transform,bytes,CTR,33554432,9,33554432:CTR:9,4f41d0b682f9fad6871a4f84379ec01869dc0e071f8cd8d2cb23b5c52f2ecf60,2,1070,True,,,,,,,,,,,124064300,0.1240643,270.46001146179844,125000000,1.0075420568205358,
1a68b061-2098-4352-95ab-257dbc02c55a,2004,AES-128,encrypt,cpu_aesni,aesni,transform,bytes,CTR,33554432,9,33554432:CTR:9,4f41d0b682f9fad6871a4f84379ec01869dc0e071f8cd8d2cb23b5c52f2ecf60,3,1071,True,,,,,,,,,,,21851000,0.021851,1535.601665827651,15625000,0.7150702485012128,
1a68b061-2098-4352-95ab-257dbc02c55a,2004,AES-128,encrypt,cuda_optimized_v1,optimized,resident,pinned,CTR,33554432,9,33554432:CTR:9,4f41d0b682f9fad6871a4f84379ec01869dc0e071f8cd8d2cb23b5c52f2ecf60,4,1072,True,1,4851.620911394597,,0.006916128158569336,,,6916128.158569336,,,,,,,,,6916128.158569336
1a68b061-2098-4352-95ab-257dbc02c55a,2004,AES-128,encrypt,cuda_baseline,baseline,pipeline,pinned,CTR,33554432,9,33554432:CTR:9,4f41d0b682f9fad6871a4f84379ec01869dc0e071f8cd8d2cb23b5c52f2ecf60,5,1073,True,,4904.448608564489,1214.7324140477647,0.006841631889343261,0.0276229,10460200,6841631.889343262,10214800,20675000,27622900,,,,,,
1a68b061-2098-4352-95ab-257dbc02c55a,2004,AES-128,encrypt,cpu_aesni,aesni,transform,bytes,ECB,33554432,9,33554432:ECB:9,4875b05196a8f51fa3e8d0b6ed69649ee7065cdd530dd91c9c7a969ed1f00289,0,1074,True,,,,,,,,,,,16954000,0.016954,1979.1454524006135,15625000,0.9216114191341276,
1a68b061-2098-4352-95ab-257dbc02c55a,2004,AES-128,encrypt,cuda_baseline,baseline,pipeline,pinned,ECB,33554432,9,33554432:ECB:9,4875b05196a8f51fa3e8d0b6ed69649ee7065cdd530dd91c9c7a969ed1f00289,1,1075,True,,4929.719536032325,1217.5887307180103,0.0068065600395202635,0.0275581,10395300,6806560.039520264,10236700,20632000,27558100,,,,,,
1a68b061-2098-4352-95ab-257dbc02c55a,2004,AES-128,encrypt,cuda_optimized_v1,optimized,pipeline,pinned,ECB,33554432,9,33554432:ECB:9,4875b05196a8f51fa3e8d0b6ed69649ee7065cdd530dd91c9c7a969ed1f00289,2,1076,True,,4964.918921763207,1221.1425181691468,0.006758304119110108,0.0274779,10479100,6758304.119110107,10137100,20616200,27477900,,,,,,
1a68b061-2098-4352-95ab-257dbc02c55a,2004,AES-128,encrypt,cpu_software,software,transform,bytes,ECB,33554432,9,33554432:ECB:9,4875b05196a8f51fa3e8d0b6ed69649ee7065cdd530dd91c9c7a969ed1f00289,3,1077,True,,,,,,,,,,,120136100,0.1201361,279.3034899584721,125000000,1.0404865814688506,
1a68b061-2098-4352-95ab-257dbc02c55a,2004,AES-128,encrypt,cuda_baseline,baseline,resident,pinned,ECB,33554432,9,33554432:ECB:9,4875b05196a8f51fa3e8d0b6ed69649ee7065cdd530dd91c9c7a969ed1f00289,4,1078,True,1,4945.786491967996,,0.0067844481468200685,,,6784448.146820068,,,,,,,,,6784448.146820068
1a68b061-2098-4352-95ab-257dbc02c55a,2004,AES-128,encrypt,cuda_optimized_v1,optimized,resident,pinned,ECB,33554432,9,33554432:ECB:9,4875b05196a8f51fa3e8d0b6ed69649ee7065cdd530dd91c9c7a969ed1f00289,5,1079,True,1,5029.7688128943355,,0.0066711678504943845,,,6671167.850494385,,,,,,,,,6671167.850494385
1a68b061-2098-4352-95ab-257dbc02c55a,2004,AES-128,encrypt,cuda_optimized_v1,optimized,resident,pinned,ECB,33554432,10,33554432:ECB:10,e1898000b9d08907527eca1d7a85ea1b3cf767a2bf44c15e091635eb8b75bb9c,0,1080,True,1,5009.8229150601655,,0.006697728157043457,,,6697728.157043457,,,,,,,,,6697728.157043457
1a68b061-2098-4352-95ab-257dbc02c55a,2004,AES-128,encrypt,cpu_aesni,aesni,transform,bytes,ECB,33554432,10,33554432:ECB:10,e1898000b9d08907527eca1d7a85ea1b3cf767a2bf44c15e091635eb8b75bb9c,1,1081,True,,,,,,,,,,,19233600,0.0192336,1744.5736627568422,15625000,0.8123804176025289,
1a68b061-2098-4352-95ab-257dbc02c55a,2004,AES-128,encrypt,cuda_baseline,baseline,resident,pinned,ECB,33554432,10,33554432:ECB:10,e1898000b9d08907527eca1d7a85ea1b3cf767a2bf44c15e091635eb8b75bb9c,2,1082,True,1,4972.005152668012,,0.006748672008514404,,,6748672.008514404,,,,,,,,,6748672.008514404
1a68b061-2098-4352-95ab-257dbc02c55a,2004,AES-128,encrypt,cuda_optimized_v1,optimized,pipeline,pinned,ECB,33554432,10,33554432:ECB:10,e1898000b9d08907527eca1d7a85ea1b3cf767a2bf44c15e091635eb8b75bb9c,3,1083,True,,3329.087374640805,727.9471348053785,0.010079168319702148,0.0460946,15626700,10079168.319702148,20263600,35890300,46094600,,,,,,
1a68b061-2098-4352-95ab-257dbc02c55a,2004,AES-128,encrypt,cpu_software,software,transform,bytes,ECB,33554432,10,33554432:ECB:10,e1898000b9d08907527eca1d7a85ea1b3cf767a2bf44c15e091635eb8b75bb9c,4,1084,True,,,,,,,,,,,119265500,0.1192655,281.3423160930864,125000000,1.04808180068838,
1a68b061-2098-4352-95ab-257dbc02c55a,2004,AES-128,encrypt,cuda_baseline,baseline,pipeline,pinned,ECB,33554432,10,33554432:ECB:10,e1898000b9d08907527eca1d7a85ea1b3cf767a2bf44c15e091635eb8b75bb9c,5,1085,True,,3373.677109878554,656.5050371057332,0.009945952415466308,0.0511107,20724100,9945952.415466309,20309700,41033800,51110700,,,,,,
1a68b061-2098-4352-95ab-257dbc02c55a,2004,AES-128,encrypt,cuda_optimized_v1,optimized,pipeline,pinned,CTR,33554432,10,33554432:CTR:10,dc61d4ee5aa8b135a65cdcec67e023941e8aaa5eb876641e913c47855d2f2ed1,0,1086,True,,3425.745110554375,659.699586341402,0.009794783592224122,0.0508632,20623500,9794783.592224121,20287200,40910700,50863200,,,,,,
1a68b061-2098-4352-95ab-257dbc02c55a,2004,AES-128,encrypt,cuda_baseline,baseline,resident,pinned,CTR,33554432,10,33554432:CTR:10,dc61d4ee5aa8b135a65cdcec67e023941e8aaa5eb876641e913c47855d2f2ed1,1,1087,True,1,3310.2543215261253,,0.01013651180267334,,,10136511.80267334,,,,,,,,,10136511.80267334
1a68b061-2098-4352-95ab-257dbc02c55a,2004,AES-128,encrypt,cuda_optimized_v1,optimized,resident,pinned,CTR,33554432,10,33554432:CTR:10,dc61d4ee5aa8b135a65cdcec67e023941e8aaa5eb876641e913c47855d2f2ed1,2,1088,True,1,3299.1103718934974,,0.010170751571655274,,,10170751.571655273,,,,,,,,,10170751.571655273
1a68b061-2098-4352-95ab-257dbc02c55a,2004,AES-128,encrypt,cuda_baseline,baseline,pipeline,pinned,CTR,33554432,10,33554432:CTR:10,dc61d4ee5aa8b135a65cdcec67e023941e8aaa5eb876641e913c47855d2f2ed1,3,1089,True,,3251.720974240938,653.6276314533551,0.010318976402282715,0.0513357,20577500,10318976.402282715,20293100,40870600,51335700,,,,,,
1a68b061-2098-4352-95ab-257dbc02c55a,2004,AES-128,encrypt,cpu_software,software,transform,bytes,CTR,33554432,10,33554432:CTR:10,dc61d4ee5aa8b135a65cdcec67e023941e8aaa5eb876641e913c47855d2f2ed1,4,1090,True,,,,,,,,,,,124553200,0.1245532,269.3983936181487,125000000,1.0035872221669133,
1a68b061-2098-4352-95ab-257dbc02c55a,2004,AES-128,encrypt,cpu_aesni,aesni,transform,bytes,CTR,33554432,10,33554432:CTR:10,dc61d4ee5aa8b135a65cdcec67e023941e8aaa5eb876641e913c47855d2f2ed1,5,1091,True,,,,,,,,,,,22138800,0.0221388,1515.6391493667227,31250000,1.4115489547762299,
1a68b061-2098-4352-95ab-257dbc02c55a,2004,AES-128,encrypt,cuda_optimized_v1,optimized,resident,pinned,CTR,33554432,11,33554432:CTR:11,fed6028c7309afe1fda4f489bd70b761f00c8c6f14f47f6c6a304fb3e21a5301,0,1092,True,1,7938.4049305926,,0.004226848125457764,,,4226848.125457764,,,,,,,,,4226848.125457764
1a68b061-2098-4352-95ab-257dbc02c55a,2004,AES-128,encrypt,cuda_baseline,baseline,pipeline,pinned,CTR,33554432,11,33554432:CTR:11,fed6028c7309afe1fda4f489bd70b761f00c8c6f14f47f6c6a304fb3e21a5301,1,1093,True,,8011.246248344413,2261.6899433809654,0.004188416004180909,0.014836,5322800,4188416.004180908,5225900,10548700,14836000,,,,,,
1a68b061-2098-4352-95ab-257dbc02c55a,2004,AES-128,encrypt,cuda_baseline,baseline,resident,pinned,CTR,33554432,11,33554432:CTR:11,fed6028c7309afe1fda4f489bd70b761f00c8c6f14f47f6c6a304fb3e21a5301,2,1094,True,1,8039.623722176173,,0.0041736321449279785,,,4173632.1449279785,,,,,,,,,4173632.1449279785
1a68b061-2098-4352-95ab-257dbc02c55a,2004,AES-128,encrypt,cpu_aesni,aesni,transform,bytes,CTR,33554432,11,33554432:CTR:11,fed6028c7309afe1fda4f489bd70b761f00c8c6f14f47f6c6a304fb3e21a5301,3,1095,True,,,,,,,,,,,22229700,0.0222297,1509.4415129308989,15625000,0.7028884780271438,
1a68b061-2098-4352-95ab-257dbc02c55a,2004,AES-128,encrypt,cpu_software,software,transform,bytes,CTR,33554432,11,33554432:CTR:11,fed6028c7309afe1fda4f489bd70b761f00c8c6f14f47f6c6a304fb3e21a5301,4,1096,True,,,,,,,,,,,126320900,0.1263209,265.6285064466767,125000000,0.9895432980607326,
1a68b061-2098-4352-95ab-257dbc02c55a,2004,AES-128,encrypt,cuda_optimized_v1,optimized,pipeline,pinned,CTR,33554432,11,33554432:CTR:11,fed6028c7309afe1fda4f489bd70b761f00c8c6f14f47f6c6a304fb3e21a5301,5,1097,True,,8036.358768742541,2258.7363517643416,0.004175327777862549,0.0148554,5325000,4175327.777862549,5263500,10588500,14855400,,,,,,
1a68b061-2098-4352-95ab-257dbc02c55a,2004,AES-128,encrypt,cuda_baseline,baseline,resident,pinned,ECB,33554432,11,33554432:ECB:11,17ecb525d2f6f1a23f2d6213baecdbb62b9fa982890b15b6fbb0e5e4c1e896e4,0,1098,True,1,8297.600171127233,,0.0040438718795776365,,,4043871.8795776367,,,,,,,,,4043871.8795776367
1a68b061-2098-4352-95ab-257dbc02c55a,2004,AES-128,encrypt,cuda_optimized_v1,optimized,resident,pinned,ECB,33554432,11,33554432:ECB:11,17ecb525d2f6f1a23f2d6213baecdbb62b9fa982890b15b6fbb0e5e4c1e896e4,1,1099,True,1,8425.952009492985,,0.003982271909713745,,,3982271.909713745,,,,,,,,,3982271.909713745
1a68b061-2098-4352-95ab-257dbc02c55a,2004,AES-128,encrypt,cuda_optimized_v1,optimized,pipeline,pinned,ECB,33554432,11,33554432:ECB:11,17ecb525d2f6f1a23f2d6213baecdbb62b9fa982890b15b6fbb0e5e4c1e896e4,2,1100,True,,8441.21384082252,2157.68865224968,0.003975071907043457,0.0155511,5324600,3975071.907043457,6111800,11436400,15551100,,,,,,
1a68b061-2098-4352-95ab-257dbc02c55a,2004,AES-128,encrypt,cpu_software,software,transform,bytes,ECB,33554432,11,33554432:ECB:11,17ecb525d2f6f1a23f2d6213baecdbb62b9fa982890b15b6fbb0e5e4c1e896e4,3,1101,True,,,,,,,,,,,118584100,0.1185841,282.9589464354833,109375000,0.9223411907667217,
1a68b061-2098-4352-95ab-257dbc02c55a,2004,AES-128,encrypt,cpu_aesni,aesni,transform,bytes,ECB,33554432,11,33554432:ECB:11,17ecb525d2f6f1a23f2d6213baecdbb62b9fa982890b15b6fbb0e5e4c1e896e4,4,1102,True,,,,,,,,,,,17973300,0.0179733,1866.9043525674194,31250000,1.7386901681939322,
1a68b061-2098-4352-95ab-257dbc02c55a,2004,AES-128,encrypt,cuda_baseline,baseline,pipeline,pinned,ECB,33554432,11,33554432:ECB:11,17ecb525d2f6f1a23f2d6213baecdbb62b9fa982890b15b6fbb0e5e4c1e896e4,5,1103,True,,8369.592204075638,2287.5162422878957,0.004009088039398193,0.0146685,5352300,4009088.0393981934,5209500,10561800,14668500,,,,,,
1a68b061-2098-4352-95ab-257dbc02c55a,2004,AES-128,encrypt,cpu_aesni,aesni,transform,bytes,CTR,33554432,12,33554432:CTR:12,d4cab689aaeec50f2e089ca9e9b994153ac729df43109ab4938ae8cb0fd4ad72,0,1104,True,,,,,,,,,,,22690300,0.0226903,1478.8007210129438,15625000,0.6886202474185004,
1a68b061-2098-4352-95ab-257dbc02c55a,2004,AES-128,encrypt,cpu_software,software,transform,bytes,CTR,33554432,12,33554432:CTR:12,d4cab689aaeec50f2e089ca9e9b994153ac729df43109ab4938ae8cb0fd4ad72,1,1105,True,,,,,,,,,,,130284700,0.1302847,257.54698748202975,125000000,0.9594372938648974,
1a68b061-2098-4352-95ab-257dbc02c55a,2004,AES-128,encrypt,cuda_optimized_v1,optimized,pipeline,pinned,CTR,33554432,12,33554432:CTR:12,d4cab689aaeec50f2e089ca9e9b994153ac729df43109ab4938ae8cb0fd4ad72,2,1106,True,,8202.188926423525,2242.4036996444706,0.004090911865234375,0.0149636,5377800,4090911.865234375,5370300,10748100,14963600,,,,,,
1a68b061-2098-4352-95ab-257dbc02c55a,2004,AES-128,encrypt,cuda_optimized_v1,optimized,resident,pinned,CTR,33554432,12,33554432:CTR:12,d4cab689aaeec50f2e089ca9e9b994153ac729df43109ab4938ae8cb0fd4ad72,3,1107,True,1,8262.815069058499,,0.004060895919799805,,,4060895.9197998047,,,,,,,,,4060895.9197998047
1a68b061-2098-4352-95ab-257dbc02c55a,2004,AES-128,encrypt,cuda_baseline,baseline,pipeline,pinned,CTR,33554432,12,33554432:CTR:12,d4cab689aaeec50f2e089ca9e9b994153ac729df43109ab4938ae8cb0fd4ad72,4,1108,True,,4575.318067501483,1200.1814162773894,0.007333792209625244,0.0279578,10284300,7333792.209625244,10203600,20487900,27957800,,,,,,
1a68b061-2098-4352-95ab-257dbc02c55a,2004,AES-128,encrypt,cuda_baseline,baseline,resident,pinned,CTR,33554432,12,33554432:CTR:12,d4cab689aaeec50f2e089ca9e9b994153ac729df43109ab4938ae8cb0fd4ad72,5,1109,True,1,4576.736015351364,,0.007331520080566406,,,7331520.080566406,,,,,,,,,7331520.080566406
1a68b061-2098-4352-95ab-257dbc02c55a,2004,AES-128,encrypt,cpu_aesni,aesni,transform,bytes,ECB,33554432,12,33554432:ECB:12,a38df3aafc3932e682da0fe8bb16ba38d1709cc8f6bf07fbf06ab22d61ca66fe,0,1110,True,,,,,,,,,,,17438900,0.0174389,1924.1140209531563,15625000,0.8959854119239172,
1a68b061-2098-4352-95ab-257dbc02c55a,2004,AES-128,encrypt,cuda_baseline,baseline,resident,pinned,ECB,33554432,12,33554432:ECB:12,a38df3aafc3932e682da0fe8bb16ba38d1709cc8f6bf07fbf06ab22d61ca66fe,1,1111,True,1,4176.645161496307,,0.008033823966979981,,,8033823.9669799805,,,,,,,,,8033823.9669799805
1a68b061-2098-4352-95ab-257dbc02c55a,2004,AES-128,encrypt,cuda_baseline,baseline,pipeline,pinned,ECB,33554432,12,33554432:ECB:12,a38df3aafc3932e682da0fe8bb16ba38d1709cc8f6bf07fbf06ab22d61ca66fe,2,1112,True,,4145.191879076286,1167.4233446870987,0.008094783782958984,0.0287423,10345200,8094783.782958984,10212600,20557800,28742300,,,,,,
1a68b061-2098-4352-95ab-257dbc02c55a,2004,AES-128,encrypt,cuda_optimized_v1,optimized,resident,pinned,ECB,33554432,12,33554432:ECB:12,a38df3aafc3932e682da0fe8bb16ba38d1709cc8f6bf07fbf06ab22d61ca66fe,3,1113,True,1,4150.442034250929,,0.00808454418182373,,,8084544.1818237305,,,,,,,,,8084544.1818237305
1a68b061-2098-4352-95ab-257dbc02c55a,2004,AES-128,encrypt,cpu_software,software,transform,bytes,ECB,33554432,12,33554432:ECB:12,a38df3aafc3932e682da0fe8bb16ba38d1709cc8f6bf07fbf06ab22d61ca66fe,4,1114,True,,,,,,,,,,,118233500,0.1182335,283.79800987029904,125000000,1.0572299728926235,
1a68b061-2098-4352-95ab-257dbc02c55a,2004,AES-128,encrypt,cuda_optimized_v1,optimized,pipeline,pinned,ECB,33554432,12,33554432:ECB:12,a38df3aafc3932e682da0fe8bb16ba38d1709cc8f6bf07fbf06ab22d61ca66fe,5,1115,True,,4447.603937982975,1173.4493455080838,0.0075443840026855466,0.0285947,10464400,7544384.002685547,10453700,20918100,28594700,,,,,,
1a68b061-2098-4352-95ab-257dbc02c55a,2004,AES-128,encrypt,cpu_software,software,transform,bytes,ECB,33554432,13,33554432:ECB:13,b90804246c636e0d948d5b902ee05fc91e1735b09411f15a852ad5049dce8ab8,0,1116,True,,,,,,,,,,,117916400,0.1179164,284.5611975942278,125000000,1.0600730687164805,
1a68b061-2098-4352-95ab-257dbc02c55a,2004,AES-128,encrypt,cuda_optimized_v1,optimized,pipeline,pinned,ECB,33554432,13,33554432:ECB:13,b90804246c636e0d948d5b902ee05fc91e1735b09411f15a852ad5049dce8ab8,1,1117,True,,4253.236822824592,1176.5187359090605,0.00788915205001831,0.0285201,10321200,7889152.050018311,10194900,20516100,28520100,,,,,,
1a68b061-2098-4352-95ab-257dbc02c55a,2004,AES-128,encrypt,cuda_baseline,baseline,resident,pinned,ECB,33554432,13,33554432:ECB:13,b90804246c636e0d948d5b902ee05fc91e1735b09411f15a852ad5049dce8ab8,2,1118,True,1,4273.535453102076,,0.007851679801940918,,,7851679.801940918,,,,,,,,,7851679.801940918
1a68b061-2098-4352-95ab-257dbc02c55a,2004,AES-128,encrypt,cpu_aesni,aesni,transform,bytes,ECB,33554432,13,33554432:ECB:13,b90804246c636e0d948d5b902ee05fc91e1735b09411f15a852ad5049dce8ab8,3,1119,True,,,,,,,,,,,17121100,0.0171211,1959.8292165807104,15625000,0.9126165958962917,
1a68b061-2098-4352-95ab-257dbc02c55a,2004,AES-128,encrypt,cuda_baseline,baseline,pipeline,pinned,ECB,33554432,13,33554432:ECB:13,b90804246c636e0d948d5b902ee05fc91e1735b09411f15a852ad5049dce8ab8,4,1120,True,,4253.5646183222925,1163.3475019935513,0.007888544082641601,0.028843,10648800,7888544.082641602,10198000,20846800,28843000,,,,,,
1a68b061-2098-4352-95ab-257dbc02c55a,2004,AES-128,encrypt,cuda_optimized_v1,optimized,resident,pinned,ECB,33554432,13,33554432:ECB:13,b90804246c636e0d948d5b902ee05fc91e1735b09411f15a852ad5049dce8ab8,5,1121,True,1,4312.678390084278,,0.007780416011810303,,,7780416.011810303,,,,,,,,,7780416.011810303
1a68b061-2098-4352-95ab-257dbc02c55a,2004,AES-128,encrypt,cuda_optimized_v1,optimized,resident,pinned,CTR,33554432,13,33554432:CTR:13,5157602609cf21f4f1df74ac309595fe3709261b9aaba4c8f82eddf8019591b9,0,1122,True,1,4172.672638155998,,0.008041472434997558,,,8041472.434997559,,,,,,,,,8041472.434997559
1a68b061-2098-4352-95ab-257dbc02c55a,2004,AES-128,encrypt,cuda_baseline,baseline,pipeline,pinned,CTR,33554432,13,33554432:CTR:13,5157602609cf21f4f1df74ac309595fe3709261b9aaba4c8f82eddf8019591b9,1,1123,True,,4205.119567640259,1169.319166286238,0.007979423999786376,0.0286957,10348200,7979423.999786377,10264600,20612800,28695700,,,,,,
1a68b061-2098-4352-95ab-257dbc02c55a,2004,AES-128,encrypt,cpu_software,software,transform,bytes,CTR,33554432,13,33554432:CTR:13,5157602609cf21f4f1df74ac309595fe3709261b9aaba4c8f82eddf8019591b9,2,1124,True,,,,,,,,,,,123982300,0.1239823,270.6388895834325,125000000,1.0082084297516662,
1a68b061-2098-4352-95ab-257dbc02c55a,2004,AES-128,encrypt,cpu_aesni,aesni,transform,bytes,CTR,33554432,13,33554432:CTR:13,5157602609cf21f4f1df74ac309595fe3709261b9aaba4c8f82eddf8019591b9,3,1125,True,,,,,,,,,,,23032200,0.0230322,1456.8487595626991,15625000,0.6783980687906496,
1a68b061-2098-4352-95ab-257dbc02c55a,2004,AES-128,encrypt,cuda_baseline,baseline,resident,pinned,CTR,33554432,13,33554432:CTR:13,5157602609cf21f4f1df74ac309595fe3709261b9aaba4c8f82eddf8019591b9,4,1126,True,1,4130.186856442895,,0.008124192237854004,,,8124192.237854004,,,,,,,,,8124192.237854004
1a68b061-2098-4352-95ab-257dbc02c55a,2004,AES-128,encrypt,cuda_optimized_v1,optimized,pipeline,pinned,CTR,33554432,13,33554432:CTR:13,5157602609cf21f4f1df74ac309595fe3709261b9aaba4c8f82eddf8019591b9,5,1127,True,,4216.499587220513,1157.6082246601807,0.007957888126373292,0.028986,10591400,7957888.126373291,10268300,20859700,28986000,,,,,,
1a68b061-2098-4352-95ab-257dbc02c55a,2004,AES-128,encrypt,cuda_optimized_v1,optimized,pipeline,pinned,CTR,33554432,14,33554432:CTR:14,b8f7edf55d87910bc1c45f9fc69839b8525e4a287da92548167c76d933609b2e,0,1128,True,,4148.734532476617,1151.3284678545572,0.008087871551513671,0.0291441,10670800,8087871.551513672,10231700,20902500,29144100,,,,,,
1a68b061-2098-4352-95ab-257dbc02c55a,2004,AES-128,encrypt,cuda_optimized_v1,optimized,resident,pinned,CTR,33554432,14,33554432:CTR:14,b8f7edf55d87910bc1c45f9fc69839b8525e4a287da92548167c76d933609b2e,1,1129,True,1,4151.838835311072,,0.008081824302673339,,,8081824.30267334,,,,,,,,,8081824.30267334
1a68b061-2098-4352-95ab-257dbc02c55a,2004,AES-128,encrypt,cpu_software,software,transform,bytes,CTR,33554432,14,33554432:CTR:14,b8f7edf55d87910bc1c45f9fc69839b8525e4a287da92548167c76d933609b2e,2,1130,True,,,,,,,,,,,124442700,0.1244427,269.6376083129022,125000000,1.0044783663485284,
1a68b061-2098-4352-95ab-257dbc02c55a,2004,AES-128,encrypt,cuda_baseline,baseline,pipeline,pinned,CTR,33554432,14,33554432:CTR:14,b8f7edf55d87910bc1c45f9fc69839b8525e4a287da92548167c76d933609b2e,3,1131,True,,3285.4860620752706,628.5531886197259,0.01021292781829834,0.0533836,22122200,10212927.81829834,20859700,42981900,53383600,,,,,,
1a68b061-2098-4352-95ab-257dbc02c55a,2004,AES-128,encrypt,cpu_aesni,aesni,transform,bytes,CTR,33554432,14,33554432:CTR:14,b8f7edf55d87910bc1c45f9fc69839b8525e4a287da92548167c76d933609b2e,4,1132,True,,,,,,,,,,,22772800,0.0227728,1473.4434061687627,31250000,1.3722511065832923,
1a68b061-2098-4352-95ab-257dbc02c55a,2004,AES-128,encrypt,cuda_baseline,baseline,resident,pinned,CTR,33554432,14,33554432:CTR:14,b8f7edf55d87910bc1c45f9fc69839b8525e4a287da92548167c76d933609b2e,5,1133,True,1,3257.2868421437947,,0.01030134391784668,,,10301343.91784668,,,,,,,,,10301343.91784668
1a68b061-2098-4352-95ab-257dbc02c55a,2004,AES-128,encrypt,cpu_aesni,aesni,transform,bytes,ECB,33554432,14,33554432:ECB:14,e2479ff679ecdbb81d10e2dbd70be463f9c708e5d742a9f82a6eaab9d9603835,0,1134,True,,,,,,,,,,,19792500,0.0197925,1695.310445875963,15625000,0.7894404446128584,
1a68b061-2098-4352-95ab-257dbc02c55a,2004,AES-128,encrypt,cuda_optimized_v1,optimized,pipeline,pinned,ECB,33554432,14,33554432:ECB:14,e2479ff679ecdbb81d10e2dbd70be463f9c708e5d742a9f82a6eaab9d9603835,1,1135,True,,3185.495870083409,642.5467149231152,0.010533503532409668,0.052221,20733500,10533503.532409668,20806200,41539700,52221000,,,,,,
1a68b061-2098-4352-95ab-257dbc02c55a,2004,AES-128,encrypt,cuda_baseline,baseline,pipeline,pinned,ECB,33554432,14,33554432:ECB:14,e2479ff679ecdbb81d10e2dbd70be463f9c708e5d742a9f82a6eaab9d9603835,2,1136,True,,3049.4360751329978,639.6778965669753,0.011003487586975098,0.0524552,20929900,11003487.586975098,20258000,41187900,52455200,,,,,,
1a68b061-2098-4352-95ab-257dbc02c55a,2004,AES-128,encrypt,cuda_optimized_v1,optimized,resident,pinned,ECB,33554432,14,33554432:ECB:14,e2479ff679ecdbb81d10e2dbd70be463f9c708e5d742a9f82a6eaab9d9603835,3,1137,True,1,3022.6256470675153,,0.01110108757019043,,,11101087.57019043,,,,,,,,,11101087.57019043
1a68b061-2098-4352-95ab-257dbc02c55a,2004,AES-128,encrypt,cpu_software,software,transform,bytes,ECB,33554432,14,33554432:ECB:14,e2479ff679ecdbb81d10e2dbd70be463f9c708e5d742a9f82a6eaab9d9603835,4,1138,True,,,,,,,,,,,119132500,0.1191325,281.65640778125197,125000000,1.0492518834071307,
1a68b061-2098-4352-95ab-257dbc02c55a,2004,AES-128,encrypt,cuda_baseline,baseline,resident,pinned,ECB,33554432,14,33554432:ECB:14,e2479ff679ecdbb81d10e2dbd70be463f9c708e5d742a9f82a6eaab9d9603835,5,1139,True,1,4295.928530985021,,0.007810751914978028,,,7810751.914978027,,,,,,,,,7810751.914978027
1a68b061-2098-4352-95ab-257dbc02c55a,2004,AES-128,encrypt,cuda_baseline,baseline,pipeline,pinned,ECB,33554432,15,33554432:ECB:15,83dc6c45c1ea47391cbd6f19c2f6b1022f5d993cdacdf4240295977abadff97a,0,1140,True,,4272.838717021849,1163.3918708545555,0.007852960109710693,0.0288419,10669900,7852960.109710693,10215700,20885600,28841900,,,,,,
1a68b061-2098-4352-95ab-257dbc02c55a,2004,AES-128,encrypt,cuda_optimized_v1,optimized,pipeline,pinned,ECB,33554432,15,33554432:ECB:15,83dc6c45c1ea47391cbd6f19c2f6b1022f5d993cdacdf4240295977abadff97a,1,1141,True,,4332.636428158317,1186.5116920498303,0.007744575977325439,0.0282799,10283600,7744575.977325439,10144100,20427700,28279900,,,,,,
1a68b061-2098-4352-95ab-257dbc02c55a,2004,AES-128,encrypt,cuda_baseline,baseline,resident,pinned,ECB,33554432,15,33554432:ECB:15,83dc6c45c1ea47391cbd6f19c2f6b1022f5d993cdacdf4240295977abadff97a,2,1142,True,1,4300.9151802868,,0.007801695823669434,,,7801695.823669434,,,,,,,,,7801695.823669434
1a68b061-2098-4352-95ab-257dbc02c55a,2004,AES-128,encrypt,cpu_aesni,aesni,transform,bytes,ECB,33554432,15,33554432:ECB:15,83dc6c45c1ea47391cbd6f19c2f6b1022f5d993cdacdf4240295977abadff97a,3,1143,True,,,,,,,,,,,17313500,0.0173135,1938.0501920466688,15625000,0.9024749472954631,
1a68b061-2098-4352-95ab-257dbc02c55a,2004,AES-128,encrypt,cuda_optimized_v1,optimized,resident,pinned,ECB,33554432,15,33554432:ECB:15,83dc6c45c1ea47391cbd6f19c2f6b1022f5d993cdacdf4240295977abadff97a,4,1144,True,1,4339.072816494764,,0.0077330880165100094,,,7733088.01651001,,,,,,,,,7733088.01651001
1a68b061-2098-4352-95ab-257dbc02c55a,2004,AES-128,encrypt,cpu_software,software,transform,bytes,ECB,33554432,15,33554432:ECB:15,83dc6c45c1ea47391cbd6f19c2f6b1022f5d993cdacdf4240295977abadff97a,5,1145,True,,,,,,,,,,,118789500,0.1187895,282.4696795592203,125000000,1.052281556871609,
1a68b061-2098-4352-95ab-257dbc02c55a,2004,AES-128,encrypt,cuda_baseline,baseline,pipeline,pinned,CTR,33554432,15,33554432:CTR:15,83e48af9a65b1e8f55a5a97a39796fa2cc8a6e9e4908a44f6bf8e1fe317900d4,0,1146,True,,6091.343228573748,2067.840362856509,0.005508543968200684,0.0162268,5371500,5508543.968200684,5243700,10615200,16226800,,,,,,
1a68b061-2098-4352-95ab-257dbc02c55a,2004,AES-128,encrypt,cpu_software,software,transform,bytes,CTR,33554432,15,33554432:CTR:15,83e48af9a65b1e8f55a5a97a39796fa2cc8a6e9e4908a44f6bf8e1fe317900d4,1,1147,True,,,,,,,,,,,125566800,0.1255668,267.22375659808165,125000000,0.9954860679733815,
1a68b061-2098-4352-95ab-257dbc02c55a,2004,AES-128,encrypt,cuda_optimized_v1,optimized,resident,pinned,CTR,33554432,15,33554432:CTR:15,83e48af9a65b1e8f55a5a97a39796fa2cc8a6e9e4908a44f6bf8e1fe317900d4,2,1148,True,1,6076.799104246728,,0.005521728038787842,,,5521728.038787842,,,,,,,,,5521728.038787842
1a68b061-2098-4352-95ab-257dbc02c55a,2004,AES-128,encrypt,cuda_optimized_v1,optimized,pipeline,pinned,CTR,33554432,15,33554432:CTR:15,83e48af9a65b1e8f55a5a97a39796fa2cc8a6e9e4908a44f6bf8e1fe317900d4,3,1149,True,,6052.002410666782,2055.9557859392426,0.005544352054595947,0.0163206,5318300,5544352.054595947,5354900,10673200,16320600,,,,,,
1a68b061-2098-4352-95ab-257dbc02c55a,2004,AES-128,encrypt,cpu_aesni,aesni,transform,bytes,CTR,33554432,15,33554432:CTR:15,83e48af9a65b1e8f55a5a97a39796fa2cc8a6e9e4908a44f6bf8e1fe317900d4,4,1150,True,,,,,,,,,,,22527900,0.0225279,1489.4611570541417,31250000,1.387168799577413,
1a68b061-2098-4352-95ab-257dbc02c55a,2004,AES-128,encrypt,cuda_baseline,baseline,resident,pinned,CTR,33554432,15,33554432:CTR:15,83e48af9a65b1e8f55a5a97a39796fa2cc8a6e9e4908a44f6bf8e1fe317900d4,5,1151,True,1,5997.311787426318,,0.005594912052154541,,,5594912.052154541,,,,,,,,,5594912.052154541
1a68b061-2098-4352-95ab-257dbc02c55a,2004,AES-128,encrypt,cuda_baseline,baseline,pipeline,pinned,CTR,33554432,16,33554432:CTR:16,850b58c79a9c73ded5a142fc308bb7a883e37202023a432d8daad71ee8771a55,0,1152,True,,5999.198970958652,2041.2473385163826,0.0055931520462036135,0.0164382,5493200,5593152.046203613,5233000,10726200,16438200,,,,,,
1a68b061-2098-4352-95ab-257dbc02c55a,2004,AES-128,encrypt,cuda_optimized_v1,optimized,resident,pinned,CTR,33554432,16,33554432:CTR:16,850b58c79a9c73ded5a142fc308bb7a883e37202023a432d8daad71ee8771a55,1,1153,True,1,5829.049344165492,,0.005756415843963623,,,5756415.843963623,,,,,,,,,5756415.843963623
1a68b061-2098-4352-95ab-257dbc02c55a,2004,AES-128,encrypt,cpu_software,software,transform,bytes,CTR,33554432,16,33554432:CTR:16,850b58c79a9c73ded5a142fc308bb7a883e37202023a432d8daad71ee8771a55,2,1154,True,,,,,,,,,,,125052500,0.1250525,268.32276044061496,125000000,0.9995801763259431,
1a68b061-2098-4352-95ab-257dbc02c55a,2004,AES-128,encrypt,cpu_aesni,aesni,transform,bytes,CTR,33554432,16,33554432:CTR:16,850b58c79a9c73ded5a142fc308bb7a883e37202023a432d8daad71ee8771a55,3,1155,True,,,,,,,,,,,24937000,0.024937,1345.5681116413361,31250000,1.2531579580542969,
1a68b061-2098-4352-95ab-257dbc02c55a,2004,AES-128,encrypt,cuda_optimized_v1,optimized,pipeline,pinned,CTR,33554432,16,33554432:CTR:16,850b58c79a9c73ded5a142fc308bb7a883e37202023a432d8daad71ee8771a55,4,1156,True,,6065.901343570181,2023.740802393187,0.0055316481590271,0.0165804,5415200,5531648.1590271,5526300,10941500,16580400,,,,,,
1a68b061-2098-4352-95ab-257dbc02c55a,2004,AES-128,encrypt,cuda_baseline,baseline,resident,pinned,CTR,33554432,16,33554432:CTR:16,850b58c79a9c73ded5a142fc308bb7a883e37202023a432d8daad71ee8771a55,5,1157,True,1,6164.3231114000755,,0.005443327903747559,,,5443327.903747559,,,,,,,,,5443327.903747559
1a68b061-2098-4352-95ab-257dbc02c55a,2004,AES-128,encrypt,cuda_baseline,baseline,pipeline,pinned,ECB,33554432,16,33554432:ECB:16,a6d5e3b50b2890bd417d017a2f048b3510e4c20d0e28ecc574a3b55f0f23619d,0,1158,True,,6178.561070916782,2039.969115724838,0.005430784225463867,0.0164485,5583000,5430784.225463867,5287200,10870200,16448500,,,,,,
1a68b061-2098-4352-95ab-257dbc02c55a,2004,AES-128,encrypt,cpu_aesni,aesni,transform,bytes,ECB,33554432,16,33554432:ECB:16,a6d5e3b50b2890bd417d017a2f048b3510e4c20d0e28ecc574a3b55f0f23619d,1,1159,True,,,,,,,,,,,17257400,0.0172574,1944.350365640247,15625000,0.905408694241311,
1a68b061-2098-4352-95ab-257dbc02c55a,2004,AES-128,encrypt,cuda_baseline,baseline,resident,pinned,ECB,33554432,16,33554432:ECB:16,a6d5e3b50b2890bd417d017a2f048b3510e4c20d0e28ecc574a3b55f0f23619d,2,1160,True,1,6104.392983983598,,0.0054967679977417,,,5496767.997741699,,,,,,,,,5496767.997741699
1a68b061-2098-4352-95ab-257dbc02c55a,2004,AES-128,encrypt,cpu_software,software,transform,bytes,ECB,33554432,16,33554432:ECB:16,a6d5e3b50b2890bd417d017a2f048b3510e4c20d0e28ecc574a3b55f0f23619d,3,1161,True,,,,,,,,,,,119133300,0.1191333,281.65451641144836,125000000,1.0492448375055505,
1a68b061-2098-4352-95ab-257dbc02c55a,2004,AES-128,encrypt,cuda_optimized_v1,optimized,resident,pinned,ECB,33554432,16,33554432:ECB:16,a6d5e3b50b2890bd417d017a2f048b3510e4c20d0e28ecc574a3b55f0f23619d,4,1162,True,1,6291.066024174145,,0.005333663940429688,,,5333663.9404296875,,,,,,,,,5333663.9404296875
1a68b061-2098-4352-95ab-257dbc02c55a,2004,AES-128,encrypt,cuda_optimized_v1,optimized,pipeline,pinned,ECB,33554432,16,33554432:ECB:16,a6d5e3b50b2890bd417d017a2f048b3510e4c20d0e28ecc574a3b55f0f23619d,5,1163,True,,3256.8719594502254,1083.0019236479595,0.010302656173706055,0.0309828,10359900,10302656.173706055,10153900,20513800,30982800,,,,,,
1a68b061-2098-4352-95ab-257dbc02c55a,2004,AES-128,encrypt,cuda_optimized_v1,optimized,pipeline,pinned,CTR,33554432,17,33554432:CTR:17,bef250496b0da043dfe071429b321c9b7e60cc5c2800cd4ccb768458586b7da1,0,1164,True,,2977.724689043487,1048.7398656040007,0.01126848030090332,0.031995,10378300,11268480.30090332,10228500,20606800,31995000,,,,,,
1a68b061-2098-4352-95ab-257dbc02c55a,2004,AES-128,encrypt,cuda_baseline,baseline,pipeline,pinned,CTR,33554432,17,33554432:CTR:17,bef250496b0da043dfe071429b321c9b7e60cc5c2800cd4ccb768458586b7da1,1,1165,True,,2891.10809509364,1037.6611022803881,0.011606080055236816,0.0323366,10357500,11606080.055236816,10269500,20627000,32336600,,,,,,
1a68b061-2098-4352-95ab-257dbc02c55a,2004,AES-128,encrypt,cuda_optimized_v1,optimized,resident,pinned,CTR,33554432,17,33554432:CTR:17,bef250496b0da043dfe071429b321c9b7e60cc5c2800cd4ccb768458586b7da1,2,1166,True,1,2875.276640612771,,0.011669983863830566,,,11669983.863830566,,,,,,,,,11669983.863830566
1a68b061-2098-4352-95ab-257dbc02c55a,2004,AES-128,encrypt,cpu_aesni,aesni,transform,bytes,CTR,33554432,17,33554432:CTR:17,bef250496b0da043dfe071429b321c9b7e60cc5c2800cd4ccb768458586b7da1,3,1167,True,,,,,,,,,,,22780700,0.0227807,1472.9324384237534,31250000,1.3717752307874649,
1a68b061-2098-4352-95ab-257dbc02c55a,2004,AES-128,encrypt,cuda_baseline,baseline,resident,pinned,CTR,33554432,17,33554432:CTR:17,bef250496b0da043dfe071429b321c9b7e60cc5c2800cd4ccb768458586b7da1,4,1168,True,1,2878.568082056649,,0.01165664005279541,,,11656640.05279541,,,,,,,,,11656640.05279541
1a68b061-2098-4352-95ab-257dbc02c55a,2004,AES-128,encrypt,cpu_software,software,transform,bytes,CTR,33554432,17,33554432:CTR:17,bef250496b0da043dfe071429b321c9b7e60cc5c2800cd4ccb768458586b7da1,5,1169,True,,,,,,,,,,,143116600,0.1431166,234.45520645403818,140625000,0.9825904192805027,
1a68b061-2098-4352-95ab-257dbc02c55a,2004,AES-128,encrypt,cpu_aesni,aesni,transform,bytes,ECB,33554432,17,33554432:ECB:17,84c7d1d3cb9b9a099abfa7ffebc3f65b517d1d5f983d2040e731b2dc602764f6,0,1170,True,,,,,,,,,,,18661700,0.0186617,1798.0372634861776,15625000,0.8372763467422583,
1a68b061-2098-4352-95ab-257dbc02c55a,2004,AES-128,encrypt,cuda_baseline,baseline,pipeline,pinned,ECB,33554432,17,33554432:ECB:17,84c7d1d3cb9b9a099abfa7ffebc3f65b517d1d5f983d2040e731b2dc602764f6,1,1171,True,,3409.847875412392,656.7144736018038,0.009840448379516602,0.0510944,20773900,9840448.379516602,20359700,41133600,51094400,,,,,,
1a68b061-2098-4352-95ab-257dbc02c55a,2004,AES-128,encrypt,cuda_optimized_v1,optimized,resident,pinned,ECB,33554432,17,33554432:ECB:17,84c7d1d3cb9b9a099abfa7ffebc3f65b517d1d5f983d2040e731b2dc602764f6,2,1172,True,1,3384.6322054422317,,0.0099137601852417,,,9913760.1852417,,,,,,,,,9913760.1852417
1a68b061-2098-4352-95ab-257dbc02c55a,2004,AES-128,encrypt,cuda_optimized_v1,optimized,pipeline,pinned,ECB,33554432,17,33554432:ECB:17,84c7d1d3cb9b9a099abfa7ffebc3f65b517d1d5f983d2040e731b2dc602764f6,3,1173,True,,3428.2873086438326,752.383698637816,0.009787520408630372,0.0445975,20497400,9787520.408630371,14223800,34721200,44597500,,,,,,
1a68b061-2098-4352-95ab-257dbc02c55a,2004,AES-128,encrypt,cuda_baseline,baseline,resident,pinned,ECB,33554432,17,33554432:ECB:17,84c7d1d3cb9b9a099abfa7ffebc3f65b517d1d5f983d2040e731b2dc602764f6,4,1174,True,1,5648.346484896203,,0.005940576076507568,,,5940576.076507568,,,,,,,,,5940576.076507568
1a68b061-2098-4352-95ab-257dbc02c55a,2004,AES-128,encrypt,cpu_software,software,transform,bytes,ECB,33554432,17,33554432:ECB:17,84c7d1d3cb9b9a099abfa7ffebc3f65b517d1d5f983d2040e731b2dc602764f6,5,1175,True,,,,,,,,,,,119851200,0.1198512,279.967426275248,125000000,1.0429599369885325,
1a68b061-2098-4352-95ab-257dbc02c55a,2004,AES-128,encrypt,cuda_baseline,baseline,resident,pinned,ECB,33554432,18,33554432:ECB:18,20041df05b92a656d58d3174d344387e89303ee33dec1d9c30ccccb6542f3c23,0,1176,True,1,5403.777272987696,,0.006209440231323242,,,6209440.231323242,,,,,,,,,6209440.231323242
1a68b061-2098-4352-95ab-257dbc02c55a,2004,AES-128,encrypt,cpu_aesni,aesni,transform,bytes,ECB,33554432,18,33554432:ECB:18,20041df05b92a656d58d3174d344387e89303ee33dec1d9c30ccccb6542f3c23,1,1177,True,,,,,,,,,,,17422000,0.017422,1925.9804844449548,15625000,0.8968545517162209,
1a68b061-2098-4352-95ab-257dbc02c55a,2004,AES-128,encrypt,cpu_software,software,transform,bytes,ECB,33554432,18,33554432:ECB:18,20041df05b92a656d58d3174d344387e89303ee33dec1d9c30ccccb6542f3c23,2,1178,True,,,,,,,,,,,130800700,0.1308007,256.53098186783404,125000000,0.9556523780071513,
1a68b061-2098-4352-95ab-257dbc02c55a,2004,AES-128,encrypt,cuda_baseline,baseline,pipeline,pinned,ECB,33554432,18,33554432:ECB:18,20041df05b92a656d58d3174d344387e89303ee33dec1d9c30ccccb6542f3c23,3,1179,True,,5575.603962121981,1268.4451030499147,0.006018080234527588,0.0264532,10256600,6018080.234527588,10106000,20362600,26453200,,,,,,
1a68b061-2098-4352-95ab-257dbc02c55a,2004,AES-128,encrypt,cuda_optimized_v1,optimized,pipeline,pinned,ECB,33554432,18,33554432:ECB:18,20041df05b92a656d58d3174d344387e89303ee33dec1d9c30ccccb6542f3c23,4,1180,True,,5570.5687106459445,1269.6642172258,0.006023519992828369,0.0264278,10246900,6023519.992828369,10077200,20324100,26427800,,,,,,
1a68b061-2098-4352-95ab-257dbc02c55a,2004,AES-128,encrypt,cuda_optimized_v1,optimized,resident,pinned,ECB,33554432,18,33554432:ECB:18,20041df05b92a656d58d3174d344387e89303ee33dec1d9c30ccccb6542f3c23,5,1181,True,1,5654.712767500852,,0.005933887958526611,,,5933887.958526611,,,,,,,,,5933887.958526611
1a68b061-2098-4352-95ab-257dbc02c55a,2004,AES-128,encrypt,cuda_optimized_v1,optimized,pipeline,pinned,CTR,33554432,18,33554432:CTR:18,2cebdc359c02b25bddbf59034585c8b04069f4e69618016c569b014b2816d9e3,0,1182,True,,5204.987807423109,1236.4827357482404,0.006446591854095459,0.027137,10339600,6446591.854095459,10227600,20567200,27137000,,,,,,
1a68b061-2098-4352-95ab-257dbc02c55a,2004,AES-128,encrypt,cuda_optimized_v1,optimized,resident,pinned,CTR,33554432,18,33554432:CTR:18,2cebdc359c02b25bddbf59034585c8b04069f4e69618016c569b014b2816d9e3,1,1183,True,1,5130.7473801269925,,0.006539872169494629,,,6539872.169494629,,,,,,,,,6539872.169494629
1a68b061-2098-4352-95ab-257dbc02c55a,2004,AES-128,encrypt,cpu_aesni,aesni,transform,bytes,CTR,33554432,18,33554432:CTR:18,2cebdc359c02b25bddbf59034585c8b04069f4e69618016c569b014b2816d9e3,2,1184,True,,,,,,,,,,,24533500,0.0245335,1367.698534656694,31250000,1.2737685205942895,
1a68b061-2098-4352-95ab-257dbc02c55a,2004,AES-128,encrypt,cpu_software,software,transform,bytes,CTR,33554432,18,33554432:CTR:18,2cebdc359c02b25bddbf59034585c8b04069f4e69618016c569b014b2816d9e3,3,1185,True,,,,,,,,,,,122464500,0.1224645,273.99313270376314,125000000,1.0207039591065166,
1a68b061-2098-4352-95ab-257dbc02c55a,2004,AES-128,encrypt,cuda_baseline,baseline,resident,pinned,CTR,33554432,18,33554432:CTR:18,2cebdc359c02b25bddbf59034585c8b04069f4e69618016c569b014b2816d9e3,4,1186,True,1,5420.59417132557,,0.006190176010131836,,,6190176.010131836,,,,,,,,,6190176.010131836
1a68b061-2098-4352-95ab-257dbc02c55a,2004,AES-128,encrypt,cuda_baseline,baseline,pipeline,pinned,CTR,33554432,18,33554432:CTR:18,2cebdc359c02b25bddbf59034585c8b04069f4e69618016c569b014b2816d9e3,5,1187,True,,5329.267369629344,1241.73575800638,0.006296256065368652,0.0270222,10358400,6296256.065368652,10220500,20578900,27022200,,,,,,
1a68b061-2098-4352-95ab-257dbc02c55a,2004,AES-128,encrypt,cuda_optimized_v1,optimized,pipeline,pinned,CTR,33554432,19,33554432:CTR:19,66a8a3ba9b5e20074d372eeb4eb28f4f0c53c30fc4fade74154333fe50207c60,0,1188,True,,5390.138572592299,1255.4460453996132,0.006225152015686035,0.0267271,10310500,6225152.015686035,10095500,20406000,26727100,,,,,,
1a68b061-2098-4352-95ab-257dbc02c55a,2004,AES-128,encrypt,cuda_optimized_v1,optimized,resident,pinned,CTR,33554432,19,33554432:CTR:19,66a8a3ba9b5e20074d372eeb4eb28f4f0c53c30fc4fade74154333fe50207c60,1,1189,True,1,5439.828805653256,,0.006168288230895996,,,6168288.230895996,,,,,,,,,6168288.230895996
1a68b061-2098-4352-95ab-257dbc02c55a,2004,AES-128,encrypt,cpu_software,software,transform,bytes,CTR,33554432,19,33554432:CTR:19,66a8a3ba9b5e20074d372eeb4eb28f4f0c53c30fc4fade74154333fe50207c60,2,1190,True,,,,,,,,,,,129838300,0.1298383,258.4324656129971,125000000,0.9627359569556903,
1a68b061-2098-4352-95ab-257dbc02c55a,2004,AES-128,encrypt,cpu_aesni,aesni,transform,bytes,CTR,33554432,19,33554432:CTR:19,66a8a3ba9b5e20074d372eeb4eb28f4f0c53c30fc4fade74154333fe50207c60,3,1191,True,,,,,,,,,,,22955800,0.0229558,1461.6973488181636,31250000,1.3613117382099513,
1a68b061-2098-4352-95ab-257dbc02c55a,2004,AES-128,encrypt,cuda_baseline,baseline,resident,pinned,CTR,33554432,19,33554432:CTR:19,66a8a3ba9b5e20074d372eeb4eb28f4f0c53c30fc4fade74154333fe50207c60,4,1192,True,1,4064.4999292245707,,0.008255488395690918,,,8255488.395690918,,,,,,,,,8255488.395690918
1a68b061-2098-4352-95ab-257dbc02c55a,2004,AES-128,encrypt,cuda_baseline,baseline,pipeline,pinned,CTR,33554432,19,33554432:CTR:19,66a8a3ba9b5e20074d372eeb4eb28f4f0c53c30fc4fade74154333fe50207c60,5,1193,True,,3860.167830479161,1130.6849259676103,0.008692480087280274,0.0296762,10312700,8692480.087280273,10568800,20881500,29676200,,,,,,
1a68b061-2098-4352-95ab-257dbc02c55a,2004,AES-128,encrypt,cpu_aesni,aesni,transform,bytes,ECB,33554432,19,33554432:ECB:19,0e4a42d81a13e0163d6c2380e359e7378044553cac942ff606fbfd6c055ca7c3,0,1194,True,,,,,,,,,,,18344300,0.0183443,1829.1475826278463,15625000,0.8517632180023222,
1a68b061-2098-4352-95ab-257dbc02c55a,2004,AES-128,encrypt,cuda_baseline,baseline,resident,pinned,ECB,33554432,19,33554432:ECB:19,0e4a42d81a13e0163d6c2380e359e7378044553cac942ff606fbfd6c055ca7c3,1,1195,True,1,3417.616496938563,,0.009818079948425294,,,9818079.948425293,,,,,,,,,9818079.948425293
1a68b061-2098-4352-95ab-257dbc02c55a,2004,AES-128,encrypt,cuda_optimized_v1,optimized,pipeline,pinned,ECB,33554432,19,33554432:ECB:19,0e4a42d81a13e0163d6c2380e359e7378044553cac942ff606fbfd6c055ca7c3,2,1196,True,,3408.2742857638827,660.0681422962223,0.00984499168395996,0.0508348,20628900,9844991.683959961,20227500,40856400,50834800,,,,,,
1a68b061-2098-4352-95ab-257dbc02c55a,2004,AES-128,encrypt,cpu_software,software,transform,bytes,ECB,33554432,19,33554432:ECB:19,0e4a42d81a13e0163d6c2380e359e7378044553cac942ff606fbfd6c055ca7c3,3,1197,True,,,,,,,,,,,121988800,0.1219888,275.0615794236848,109375000,0.8965987041433312,
1a68b061-2098-4352-95ab-257dbc02c55a,2004,AES-128,encrypt,cuda_baseline,baseline,pipeline,pinned,ECB,33554432,19,33554432:ECB:19,0e4a42d81a13e0163d6c2380e359e7378044553cac942ff606fbfd6c055ca7c3,4,1198,True,,4055.163200478353,1148.090315914091,0.008274496078491211,0.0292263,10591300,8274496.078491211,10246200,20837500,29226300,,,,,,
1a68b061-2098-4352-95ab-257dbc02c55a,2004,AES-128,encrypt,cuda_optimized_v1,optimized,resident,pinned,ECB,33554432,19,33554432:ECB:19,0e4a42d81a13e0163d6c2380e359e7378044553cac942ff606fbfd6c055ca7c3,5,1199,True,1,4049.3843915321067,,0.008286304473876953,,,8286304.473876953,,,,,,,,,8286304.473876953
