session_id,seed,algorithm,operation,backend,profile,measurement,host_memory,mode,bytes,repeat,pair_id,pair_sha256,job_order,global_order,validation_checked,resident_iterations,kernel_throughput_MB_s,end_to_end_throughput_MB_s,kernel_seconds,end_to_end_seconds,h2d_ns,kernel_ns,d2h_ns,transfer_ns,end_to_end_ns,wall_elapsed_ns,seconds,throughput_MB_s,process_cpu_ns,process_to_wall_ratio,resident_batch_ns
2c737ce3-e8d7-4942-bb98-3a40d21547ee,2003,AES-128,encrypt,cpu_aesni,aesni,transform,bytes,CTR,1024,0,1024:CTR:0,050b8d3132396fb40c2c6d670228250d511729c0a67f0440b6059e453d961741,0,0,True,,,,,,,,,,,4700,4.7e-06,217.87234042553192,0,0.0,
2c737ce3-e8d7-4942-bb98-3a40d21547ee,2003,AES-128,encrypt,cpu_software,software,transform,bytes,CTR,1024,0,1024:CTR:0,050b8d3132396fb40c2c6d670228250d511729c0a67f0440b6059e453d961741,1,1,True,,,,,,,,,,,6800,6.8e-06,150.58823529411765,0,0.0,
2c737ce3-e8d7-4942-bb98-3a40d21547ee,2003,AES-128,encrypt,cuda_baseline,baseline,resident,pinned,CTR,1024,0,1024:CTR:0,050b8d3132396fb40c2c6d670228250d511729c0a67f0440b6059e453d961741,2,2,True,1,19.72872983305526,,5.190400034189224e-05,,,51904.00034189224,,,,,,,,,51904.00034189224
2c737ce3-e8d7-4942-bb98-3a40d21547ee,2003,AES-128,encrypt,cuda_optimized,optimized,pipeline,pinned,CTR,1024,0,1024:CTR:0,050b8d3132396fb40c2c6d670228250d511729c0a67f0440b6059e453d961741,3,3,True,,20.421186231522505,5.614035087719298,5.0144001841545105e-05,0.0001824,39800,50144.001841545105,42600,82400,182400,,,,,,
2c737ce3-e8d7-4942-bb98-3a40d21547ee,2003,AES-128,encrypt,cuda_baseline,baseline,pipeline,pinned,CTR,1024,0,1024:CTR:0,050b8d3132396fb40c2c6d670228250d511729c0a67f0440b6059e453d961741,4,4,True,,20.36919196605326,5.752808988764045,5.027199909090996e-05,0.000178,39800,50271.99909090996,41000,80800,178000,,,,,,
2c737ce3-e8d7-4942-bb98-3a40d21547ee,2003,AES-128,encrypt,cuda_optimized,optimized,resident,pinned,CTR,1024,0,1024:CTR:0,050b8d3132396fb40c2c6d670228250d511729c0a67f0440b6059e453d961741,5,5,True,1,21.26245774967102,,4.8160001635551456e-05,,,48160.00163555145,,,,,,,,,48160.00163555145
2c737ce3-e8d7-4942-bb98-3a40d21547ee,2003,AES-128,encrypt,cuda_optimized,optimized,pipeline,pinned,ECB,1024,0,1024:ECB:0,8abfad2f2851c83e1ede5db7b27360ea6a3cf39807834b83a26d91183b28f103,0,6,True,,20.00000050524251,5.707915273132665,5.119999870657921e-05,0.0001794,38900,51199.99870657921,41700,80600,179400,,,,,,
2c737ce3-e8d7-4942-bb98-3a40d21547ee,2003,AES-128,encrypt,cpu_aesni,aesni,transform,bytes,ECB,1024,0,1024:ECB:0,8abfad2f2851c83e1ede5db7b27360ea6a3cf39807834b83a26d91183b28f103,1,7,True,,,,,,,,,,,5500,5.5e-06,186.1818181818182,0,0.0,
2c737ce3-e8d7-4942-bb98-3a40d21547ee,2003,AES-128,encrypt,cuda_optimized,optimized,resident,pinned,ECB,1024,0,1024:ECB:0,8abfad2f2851c83e1ede5db7b27360ea6a3cf39807834b83a26d91183b28f103,2,8,True,1,20.833332596440542,,4.915200173854828e-05,,,49152.00173854828,,,,,,,,,49152.00173854828
2c737ce3-e8d7-4942-bb98-3a40d21547ee,2003,AES-128,encrypt,cuda_baseline,baseline,resident,pinned,ECB,1024,0,1024:ECB:0,8abfad2f2851c83e1ede5db7b27360ea6a3cf39807834b83a26d91183b28f103,3,9,True,1,20.997375838472973,,4.876799881458282e-05,,,48767.998814582825,,,,,,,,,48767.998814582825
2c737ce3-e8d7-4942-bb98-3a40d21547ee,2003,AES-128,encrypt,cuda_baseline,baseline,pipeline,pinned,ECB,1024,0,1024:ECB:0,8abfad2f2851c83e1ede5db7b27360ea6a3cf39807834b83a26d91183b28f103,4,10,True,,21.490932852911005,5.936231884057971,4.764800146222115e-05,0.0001725,38000,47648.001462221146,40300,78300,172500,,,,,,
2c737ce3-e8d7-4942-bb98-3a40d21547ee,2003,AES-128,encrypt,cpu_software,software,transform,bytes,ECB,1024,0,1024:ECB:0,8abfad2f2851c83e1ede5db7b27360ea6a3cf39807834b83a26d91183b28f103,5,11,True,,,,,,,,,,,8700,8.7e-06,117.70114942528735,0,0.0,
2c737ce3-e8d7-4942-bb98-3a40d21547ee,2003,AES-128,encrypt,cpu_aesni,aesni,transform,bytes,CTR,1024,1,1024:CTR:1,f6230ca8732f612c51f84c70bcd1045a4ae82885c867ff3984a0e56e3dc02761,0,12,True,,,,,,,,,,,4100,4.1e-06,249.7560975609756,0,0.0,
2c737ce3-e8d7-4942-bb98-3a40d21547ee,2003,AES-128,encrypt,cuda_optimized,optimized,pipeline,pinned,CTR,1024,1,1024:CTR:1,f6230ca8732f612c51f84c70bcd1045a4ae82885c867ff3984a0e56e3dc02761,1,13,True,,20.075281926937922,5.562194459532862,5.100800096988678e-05,0.0001841,39400,51008.00096988678,42400,81800,184100,,,,,,
2c737ce3-e8d7-4942-bb98-3a40d21547ee,2003,AES-128,encrypt,cuda_baseline,baseline,pipeline,pinned,CTR,1024,1,1024:CTR:1,f6230ca8732f612c51f84c70bcd1045a4ae82885c867ff3984a0e56e3dc02761,2,14,True,,19.488428192840768,5.739910313901345,5.25440014898777e-05,0.0001784,39100,52544.0014898777,39300,78400,178400,,,,,,
2c737ce3-e8d7-4942-bb98-3a40d21547ee,2003,AES-128,encrypt,cuda_optimized,optimized,resident,pinned,CTR,1024,1,1024:CTR:1,f6230ca8732f612c51f84c70bcd1045a4ae82885c867ff3984a0e56e3dc02761,3,15,True,1,21.01116279601635,,4.8735998570919034e-05,,,48735.99857091904,,,,,,,,,48735.99857091904
2c737ce3-e8d7-4942-bb98-3a40d21547ee,2003,AES-128,encrypt,cpu_software,software,transform,bytes,CTR,1024,1,1024:CTR:1,f6230ca8732f612c51f84c70bcd1045a4ae82885c867ff3984a0e56e3dc02761,4,16,True,,,,,,,,,,,8900,8.9e-06,115.0561797752809,0,0.0,
2c737ce3-e8d7-4942-bb98-3a40d21547ee,2003,AES-128,encrypt,cuda_baseline,baseline,resident,pinned,CTR,1024,1,1024:CTR:1,f6230ca8732f612c51f84c70bcd1045a4ae82885c867ff3984a0e56e3dc02761,5,17,True,1,21.12211206008168,,4.848000034689903e-05,,,48480.00034689903,,,,,,,,,48480.00034689903
2c737ce3-e8d7-4942-bb98-3a40d21547ee,2003,AES-128,encrypt,cuda_optimized,optimized,resident,pinned,ECB,1024,1,1024:ECB:1,0f39582d7772fd4fc96a0b47982f28deaa98da2255288f02c66353db42d3ff4f,0,18,True,1,21.01116279601635,,4.8735998570919034e-05,,,48735.99857091904,,,,,,,,,48735.99857091904
2c737ce3-e8d7-4942-bb98-3a40d21547ee,2003,AES-128,encrypt,cpu_aesni,aesni,transform,bytes,ECB,1024,1,1024:ECB:1,0f39582d7772fd4fc96a0b47982f28deaa98da2255288f02c66353db42d3ff4f,1,19,True,,,,,,,,,,,5300,5.3e-06,193.20754716981133,0,0.0,
2c737ce3-e8d7-4942-bb98-3a40d21547ee,2003,AES-128,encrypt,cpu_software,software,transform,bytes,ECB,1024,1,1024:ECB:1,0f39582d7772fd4fc96a0b47982f28deaa98da2255288f02c66353db42d3ff4f,2,20,True,,,,,,,,,,,6800,6.8e-06,150.58823529411765,0,0.0,
2c737ce3-e8d7-4942-bb98-3a40d21547ee,2003,AES-128,encrypt,cuda_baseline,baseline,resident,pinned,ECB,1024,1,1024:ECB:1,0f39582d7772fd4fc96a0b47982f28deaa98da2255288f02c66353db42d3ff4f,3,21,True,1,20.92871156212002,,4.8928000032901765e-05,,,48928.000032901764,,,,,,,,,48928.000032901764
2c737ce3-e8d7-4942-bb98-3a40d21547ee,2003,AES-128,encrypt,cuda_baseline,baseline,pipeline,pinned,ECB,1024,1,1024:ECB:1,0f39582d7772fd4fc96a0b47982f28deaa98da2255288f02c66353db42d3ff4f,4,22,True,,19.801980626933982,5.704735376044568,5.171199887990952e-05,0.0001795,39500,51711.998879909515,40800,80300,179500,,,,,,
2c737ce3-e8d7-4942-bb98-3a40d21547ee,2003,AES-128,encrypt,cuda_optimized,optimized,pipeline,pinned,ECB,1024,1,1024:ECB:1,0f39582d7772fd4fc96a0b47982f28deaa98da2255288f02c66353db42d3ff4f,5,23,True,,22.284122696561518,5.925925925925926,4.595199972391129e-05,0.0001728,39700,45951.999723911285,39300,79000,172800,,,,,,
2c737ce3-e8d7-4942-bb98-3a40d21547ee,2003,AES-128,encrypt,cpu_aesni,aesni,transform,bytes,CTR,1024,2,1024:CTR:2,a9edaba06b211f7e5fdcff34440b8a0839f66b4db277976bfc8a0c819523f0ce,0,24,True,,,,,,,,,,,4200,4.2e-06,243.8095238095238,0,0.0,
2c737ce3-e8d7-4942-bb98-3a40d21547ee,2003,AES-128,encrypt,cuda_baseline,baseline,pipeline,pinned,CTR,1024,2,1024:CTR:2,a9edaba06b211f7e5fdcff34440b8a0839f66b4db277976bfc8a0c819523f0ce,1,25,True,,20.618557453888805,5.679423183582918,4.9663998186588286e-05,0.0001803,39400,49663.99818658829,41500,80900,180300,,,,,,
2c737ce3-e8d7-4942-bb98-3a40d21547ee,2003,AES-128,encrypt,cuda_optimized,optimized,pipeline,pinned,CTR,1024,2,1024:CTR:2,a9edaba06b211f7e5fdcff34440b8a0839f66b4db277976bfc8a0c819523f0ce,2,26,True,,19.704433183126028,5.632563256325633,5.196800082921982e-05,0.0001818,39600,51968.00082921982,42700,82300,181800,,,,,,
2c737ce3-e8d7-4942-bb98-3a40d21547ee,2003,AES-128,encrypt,cpu_software,software,transform,bytes,CTR,1024,2,1024:CTR:2,a9edaba06b211f7e5fdcff34440b8a0839f66b4db277976bfc8a0c819523f0ce,3,27,True,,,,,,,,,,,8500,8.5e-06,120.47058823529412,0,0.0,
2c737ce3-e8d7-4942-bb98-3a40d21547ee,2003,AES-128,encrypt,cuda_baseline,baseline,resident,pinned,CTR,1024,2,1024:CTR:2,a9edaba06b211f7e5fdcff34440b8a0839f66b4db277976bfc8a0c819523f0ce,4,28,True,1,18.61547356275165,,5.500800162553787e-05,,,55008.00162553787,,,,,,,,,55008.00162553787
2c737ce3-e8d7-4942-bb98-3a40d21547ee,2003,AES-128,encrypt,cuda_optimized,optimized,resident,pinned,CTR,1024,2,1024:CTR:2,a9edaba06b211f7e5fdcff34440b8a0839f66b4db277976bfc8a0c819523f0ce,5,29,True,1,21.26245774967102,,4.8160001635551456e-05,,,48160.00163555145,,,,,,,,,48160.00163555145
2c737ce3-e8d7-4942-bb98-3a40d21547ee,2003,AES-128,encrypt,cuda_baseline,baseline,pipeline,pinned,ECB,1024,2,1024:ECB:2,9fa0da227a2eac13180dbbe3e0bf29afba21b692723da70b9ce2f8ba5b230b5c,0,30,True,,20.98360696232342,5.749578888265019,4.879999905824661e-05,0.0001781,38800,48799.99905824661,42300,81100,178100,,,,,,
2c737ce3-e8d7-4942-bb98-3a40d21547ee,2003,AES-128,encrypt,cuda_baseline,baseline,resident,pinned,ECB,1024,2,1024:ECB:2,9fa0da227a2eac13180dbbe3e0bf29afba21b692723da70b9ce2f8ba5b230b5c,1,31,True,1,17.534246161946403,,5.840000137686729e-05,,,58400.001376867294,,,,,,,,,58400.001376867294
2c737ce3-e8d7-4942-bb98-3a40d21547ee,2003,AES-128,encrypt,cpu_software,software,transform,bytes,ECB,1024,2,1024:ECB:2,9fa0da227a2eac13180dbbe3e0bf29afba21b692723da70b9ce2f8ba5b230b5c,2,32,True,,,,,,,,,,,9900,9.9e-06,103.43434343434343,0,0.0,
2c737ce3-e8d7-4942-bb98-3a40d21547ee,2003,AES-128,encrypt,cuda_optimized,optimized,resident,pinned,ECB,1024,2,1024:ECB:2,9fa0da227a2eac13180dbbe3e0bf29afba21b692723da70b9ce2f8ba5b230b5c,3,33,True,1,16.120906957120454,,6.351999938488007e-05,,,63519.999384880066,,,,,,,,,63519.999384880066
2c737ce3-e8d7-4942-bb98-3a40d21547ee,2003,AES-128,encrypt,cuda_optimized,optimized,pipeline,pinned,ECB,1024,2,1024:ECB:2,9fa0da227a2eac13180dbbe3e0bf29afba21b692723da70b9ce2f8ba5b230b5c,4,34,True,,20.265990716412798,5.350052246603971,5.052800104022026e-05,0.0001914,41100,50528.00104022026,51100,92200,191400,,,,,,
2c737ce3-e8d7-4942-bb98-3a40d21547ee,2003,AES-128,encrypt,cpu_aesni,aesni,transform,bytes,ECB,1024,2,1024:ECB:2,9fa0da227a2eac13180dbbe3e0bf29afba21b692723da70b9ce2f8ba5b230b5c,5,35,True,,,,,,,,,,,7100,7.1e-06,144.22535211267606,0,0.0,
2c737ce3-e8d7-4942-bb98-3a40d21547ee,2003,AES-128,encrypt,cpu_software,software,transform,bytes,CTR,1024,3,1024:CTR:3,33d13c5bfe20c8f2c7cdf3f8e214744505cd24954423b06d91fafa261fa4be4f,0,36,True,,,,,,,,,,,7000,7e-06,146.28571428571428,0,0.0,
2c737ce3-e8d7-4942-bb98-3a40d21547ee,2003,AES-128,encrypt,cuda_baseline,baseline,pipeline,pinned,CTR,1024,3,1024:CTR:3,33d13c5bfe20c8f2c7cdf3f8e214744505cd24954423b06d91fafa261fa4be4f,1,37,True,,19.277109005209304,5.5531453362255965,5.311999842524528e-05,0.0001844,41300,53119.998425245285,39800,81100,184400,,,,,,
2c737ce3-e8d7-4942-bb98-3a40d21547ee,2003,AES-128,encrypt,cuda_optimized,optimized,resident,pinned,CTR,1024,3,1024:CTR:3,33d13c5bfe20c8f2c7cdf3f8e214744505cd24954423b06d91fafa261fa4be4f,2,38,True,1,20.969856132020773,,4.88319993019104e-05,,,48831.9993019104,,,,,,,,,48831.9993019104
2c737ce3-e8d7-4942-bb98-3a40d21547ee,2003,AES-128,encrypt,cuda_baseline,baseline,resident,pinned,CTR,1024,3,1024:CTR:3,33d13c5bfe20c8f2c7cdf3f8e214744505cd24954423b06d91fafa261fa4be4f,3,39,True,1,21.01116279601635,,4.8735998570919034e-05,,,48735.99857091904,,,,,,,,,48735.99857091904
2c737ce3-e8d7-4942-bb98-3a40d21547ee,2003,AES-128,encrypt,cpu_aesni,aesni,transform,bytes,CTR,1024,3,1024:CTR:3,33d13c5bfe20c8f2c7cdf3f8e214744505cd24954423b06d91fafa261fa4be4f,4,40,True,,,,,,,,,,,5900,5.9e-06,173.5593220338983,0,0.0,
2c737ce3-e8d7-4942-bb98-3a40d21547ee,2003,AES-128,encrypt,cuda_optimized,optimized,pipeline,pinned,CTR,1024,3,1024:CTR:3,33d13c5bfe20c8f2c7cdf3f8e214744505cd24954423b06d91fafa261fa4be4f,5,41,True,,20.565553045659797,5.704735376044568,4.979199916124344e-05,0.0001795,41200,49791.99916124344,39600,80800,179500,,,,,,
2c737ce3-e8d7-4942-bb98-3a40d21547ee,2003,AES-128,encrypt,cuda_optimized,optimized,resident,pinned,ECB,1024,3,1024:ECB:3,ca4c90593eb58911d9837765387288f0b319908f86fad1a12710944e2a6b629c,0,42,True,1,10.74907594877507,,9.52640026807785e-05,,,95264.0026807785,,,,,,,,,95264.0026807785
2c737ce3-e8d7-4942-bb98-3a40d21547ee,2003,AES-128,encrypt,cpu_software,software,transform,bytes,ECB,1024,3,1024:ECB:3,ca4c90593eb58911d9837765387288f0b319908f86fad1a12710944e2a6b629c,1,43,True,,,,,,,,,,,13700,1.37e-05,74.74452554744525,0,0.0,
2c737ce3-e8d7-4942-bb98-3a40d21547ee,2003,AES-128,encrypt,cuda_baseline,baseline,pipeline,pinned,ECB,1024,3,1024:ECB:3,ca4c90593eb58911d9837765387288f0b319908f86fad1a12710944e2a6b629c,2,44,True,,19.417476012933403,4.587813620071684,5.273599922657013e-05,0.0002232,49700,52735.99922657013,56500,106200,223200,,,,,,
2c737ce3-e8d7-4942-bb98-3a40d21547ee,2003,AES-128,encrypt,cuda_optimized,optimized,pipeline,pinned,ECB,1024,3,1024:ECB:3,ca4c90593eb58911d9837765387288f0b319908f86fad1a12710944e2a6b629c,3,45,True,,15.724816529672236,4.7407407407407405,6.511999666690826e-05,0.000216,48600,65119.996666908264,47700,96300,216000,,,,,,
2c737ce3-e8d7-4942-bb98-3a40d21547ee,2003,AES-128,encrypt,cpu_aesni,aesni,transform,bytes,ECB,1024,3,1024:ECB:3,ca4c90593eb58911d9837765387288f0b319908f86fad1a12710944e2a6b629c,4,46,True,,,,,,,,,,,7500,7.5e-06,136.53333333333333,0,0.0,
2c737ce3-e8d7-4942-bb98-3a40d21547ee,2003,AES-128,encrypt,cuda_baseline,baseline,resident,pinned,ECB,1024,3,1024:ECB:3,ca4c90593eb58911d9837765387288f0b319908f86fad1a12710944e2a6b629c,5,47,True,1,20.11313629782888,,5.0912000238895414e-05,,,50912.000238895416,,,,,,,,,50912.000238895416
2c737ce3-e8d7-4942-bb98-3a40d21547ee,2003,AES-128,encrypt,cuda_baseline,baseline,resident,pinned,ECB,1024,4,1024:ECB:4,e9ab408ee8b963be7be1e134e491fe32844b1896d29f3a8d5458fc05a0f2d342,0,48,True,1,19.150209059480567,,5.3472001105546954e-05,,,53472.00110554695,,,,,,,,,53472.00110554695
2c737ce3-e8d7-4942-bb98-3a40d21547ee,2003,AES-128,encrypt,cuda_baseline,baseline,pipeline,pinned,ECB,1024,4,1024:ECB:4,e9ab408ee8b963be7be1e134e491fe32844b1896d29f3a8d5458fc05a0f2d342,1,49,True,,21.447721867869856,5.782044042913608,4.774399846792221e-05,0.0001771,39700,47743.99846792221,42800,82500,177100,,,,,,
2c737ce3-e8d7-4942-bb98-3a40d21547ee,2003,AES-128,encrypt,cpu_aesni,aesni,transform,bytes,ECB,1024,4,1024:ECB:4,e9ab408ee8b963be7be1e134e491fe32844b1896d29f3a8d5458fc05a0f2d342,2,50,True,,,,,,,,,,,6100,6.1e-06,167.86885245901638,0,0.0,
2c737ce3-e8d7-4942-bb98-3a40d21547ee,2003,AES-128,encrypt,cuda_optimized,optimized,pipeline,pinned,ECB,1024,4,1024:ECB:4,e9ab408ee8b963be7be1e134e491fe32844b1896d29f3a8d5458fc05a0f2d342,3,51,True,,21.30492636335748,5.772266065388951,4.806400090456009e-05,0.0001774,40200,48064.00090456009,42300,82500,177400,,,,,,
2c737ce3-e8d7-4942-bb98-3a40d21547ee,2003,AES-128,encrypt,cuda_optimized,optimized,resident,pinned,ECB,1024,4,1024:ECB:4,e9ab408ee8b963be7be1e134e491fe32844b1896d29f3a8d5458fc05a0f2d342,4,52,True,1,20.55234449724132,,4.982399940490723e-05,,,49823.99940490723,,,,,,,,,49823.99940490723
2c737ce3-e8d7-4942-bb98-3a40d21547ee,2003,AES-128,encrypt,cpu_software,software,transform,bytes,ECB,1024,4,1024:ECB:4,e9ab408ee8b963be7be1e134e491fe32844b1896d29f3a8d5458fc05a0f2d342,5,53,True,,,,,,,,,,,8900,8.9e-06,115.0561797752809,0,0.0,
2c737ce3-e8d7-4942-bb98-3a40d21547ee,2003,AES-128,encrypt,cpu_software,software,transform,bytes,CTR,1024,4,1024:CTR:4,1af338861fea3996beb1c6c2abdb9949918e2329f4039a78b6274afbf8117997,0,54,True,,,,,,,,,,,6800,6.8e-06,150.58823529411765,0,0.0,
2c737ce3-e8d7-4942-bb98-3a40d21547ee,2003,AES-128,encrypt,cpu_aesni,aesni,transform,bytes,CTR,1024,4,1024:CTR:4,1af338861fea3996beb1c6c2abdb9949918e2329f4039a78b6274afbf8117997,1,55,True,,,,,,,,,,,3700,3.7e-06,276.7567567567568,0,0.0,
2c737ce3-e8d7-4942-bb98-3a40d21547ee,2003,AES-128,encrypt,cuda_baseline,baseline,resident,pinned,CTR,1024,4,1024:CTR:4,1af338861fea3996beb1c6c2abdb9949918e2329f4039a78b6274afbf8117997,2,56,True,1,18.202502859492732,,5.62559999525547e-05,,,56255.9999525547,,,,,,,,,56255.9999525547
2c737ce3-e8d7-4942-bb98-3a40d21547ee,2003,AES-128,encrypt,cuda_optimized,optimized,pipeline,pinned,CTR,1024,4,1024:CTR:4,1af338861fea3996beb1c6c2abdb9949918e2329f4039a78b6274afbf8117997,3,57,True,,21.234240917924414,5.7334826427771555,4.822399839758873e-05,0.0001786,40100,48223.99839758873,42800,82900,178600,,,,,,
2c737ce3-e8d7-4942-bb98-3a40d21547ee,2003,AES-128,encrypt,cuda_optimized,optimized,resident,pinned,CTR,1024,4,1024:CTR:4,1af338861fea3996beb1c6c2abdb9949918e2329f4039a78b6274afbf8117997,4,58,True,1,21.40468263267142,,4.783999919891357e-05,,,47839.999198913574,,,,,,,,,47839.999198913574
2c737ce3-e8d7-4942-bb98-3a40d21547ee,2003,AES-128,encrypt,cuda_baseline,baseline,pipeline,pinned,CTR,1024,4,1024:CTR:4,1af338861fea3996beb1c6c2abdb9949918e2329f4039a78b6274afbf8117997,5,59,True,,20.062695447744996,5.692051139521957,5.104000121355057e-05,0.0001799,39300,51040.00121355057,42900,82200,179900,,,,,,
2c737ce3-e8d7-4942-bb98-3a40d21547ee,2003,AES-128,encrypt,cpu_software,software,transform,bytes,CTR,1024,5,1024:CTR:5,658bb079978fb31ed9b457583e3451421b2ebc2e58a6a2f2c873901f00fac06a,0,60,True,,,,,,,,,,,7300,7.3e-06,140.27397260273972,0,0.0,
2c737ce3-e8d7-4942-bb98-3a40d21547ee,2003,AES-128,encrypt,cuda_optimized,optimized,pipeline,pinned,CTR,1024,5,1024:CTR:5,658bb079978fb31ed9b457583e3451421b2ebc2e58a6a2f2c873901f00fac06a,1,61,True,,19.12731562934448,5.571273122959739,5.3536001592874524e-05,0.0001838,40200,53536.00159287453,40700,80900,183800,,,,,,
2c737ce3-e8d7-4942-bb98-3a40d21547ee,2003,AES-128,encrypt,cuda_optimized,optimized,resident,pinned,CTR,1024,5,1024:CTR:5,658bb079978fb31ed9b457583e3451421b2ebc2e58a6a2f2c873901f00fac06a,2,62,True,1,20.92871156212002,,4.8928000032901765e-05,,,48928.000032901764,,,,,,,,,48928.000032901764
2c737ce3-e8d7-4942-bb98-3a40d21547ee,2003,AES-128,encrypt,cpu_aesni,aesni,transform,bytes,CTR,1024,5,1024:CTR:5,658bb079978fb31ed9b457583e3451421b2ebc2e58a6a2f2c873901f00fac06a,3,63,True,,,,,,,,,,,6000,6e-06,170.66666666666666,0,0.0,
2c737ce3-e8d7-4942-bb98-3a40d21547ee,2003,AES-128,encrypt,cuda_baseline,baseline,pipeline,pinned,CTR,1024,5,1024:CTR:5,658bb079978fb31ed9b457583e3451421b2ebc2e58a6a2f2c873901f00fac06a,4,64,True,,20.34329324102109,5.520215633423181,5.0335999578237536e-05,0.0001855,40700,50335.99957823753,46400,87100,185500,,,,,,
2c737ce3-e8d7-4942-bb98-3a40d21547ee,2003,AES-128,encrypt,cuda_baseline,baseline,resident,pinned,CTR,1024,5,1024:CTR:5,658bb079978fb31ed9b457583e3451421b2ebc2e58a6a2f2c873901f00fac06a,5,65,True,1,20.176545156080213,,5.075199902057648e-05,,,50751.99902057648,,,,,,,,,50751.99902057648
2c737ce3-e8d7-4942-bb98-3a40d21547ee,2003,AES-128,encrypt,cuda_optimized,optimized,pipeline,pinned,ECB,1024,5,1024:ECB:5,cfd237c6d1c384eaf1d4d3af5b01b47ba0687f9e01d419b4d418510da2d9b32f,0,66,True,,20.265990716412798,5.739910313901345,5.052800104022026e-05,0.0001784,39900,50528.00104022026,40400,80300,178400,,,,,,
2c737ce3-e8d7-4942-bb98-3a40d21547ee,2003,AES-128,encrypt,cpu_software,software,transform,bytes,ECB,1024,5,1024:ECB:5,cfd237c6d1c384eaf1d4d3af5b01b47ba0687f9e01d419b4d418510da2d9b32f,1,67,True,,,,,,,,,,,8500,8.5e-06,120.47058823529412,0,0.0,
2c737ce3-e8d7-4942-bb98-3a40d21547ee,2003,AES-128,encrypt,cpu_aesni,aesni,transform,bytes,ECB,1024,5,1024:ECB:5,cfd237c6d1c384eaf1d4d3af5b01b47ba0687f9e01d419b4d418510da2d9b32f,2,68,True,,,,,,,,,,,4600,4.6e-06,222.6086956521739,0,0.0,
2c737ce3-e8d7-4942-bb98-3a40d21547ee,2003,AES-128,encrypt,cuda_baseline,baseline,resident,pinned,ECB,1024,5,1024:ECB:5,cfd237c6d1c384eaf1d4d3af5b01b47ba0687f9e01d419b4d418510da2d9b32f,3,69,True,1,19.716574022929013,,5.193600058555603e-05,,,51936.00058555603,,,,,,,,,51936.00058555603
2c737ce3-e8d7-4942-bb98-3a40d21547ee,2003,AES-128,encrypt,cuda_optimized,optimized,resident,pinned,ECB,1024,5,1024:ECB:5,cfd237c6d1c384eaf1d4d3af5b01b47ba0687f9e01d419b4d418510da2d9b32f,4,70,True,1,21.607022504316053,,4.739199951291084e-05,,,47391.99951291084,,,,,,,,,47391.99951291084
2c737ce3-e8d7-4942-bb98-3a40d21547ee,2003,AES-128,encrypt,cuda_baseline,baseline,pipeline,pinned,ECB,1024,5,1024:ECB:5,cfd237c6d1c384eaf1d4d3af5b01b47ba0687f9e01d419b4d418510da2d9b32f,5,71,True,,20.792723077291985,5.7334826427771555,4.924799874424934e-05,0.0001786,39800,49247.998744249344,40500,80300,178600,,,,,,
2c737ce3-e8d7-4942-bb98-3a40d21547ee,2003,AES-128,encrypt,cuda_baseline,baseline,pipeline,pinned,ECB,1024,6,1024:ECB:6,6ea8ef87cd354bf99a8713a4d67fb48d888817b46221a66f671d059a181c2c6d,0,72,True,,19.789734410641845,5.701559020044543,5.1743999123573307e-05,0.0001796,39000,51743.9991235733,39800,78800,179600,,,,,,
2c737ce3-e8d7-4942-bb98-3a40d21547ee,2003,AES-128,encrypt,cuda_optimized,optimized,pipeline,pinned,ECB,1024,6,1024:ECB:6,6ea8ef87cd354bf99a8713a4d67fb48d888817b46221a66f671d059a181c2c6d,1,73,True,,19.950124812176867,5.562194459532862,5.132799968123436e-05,0.0001841,39700,51327.99968123436,41200,80900,184100,,,,,,
2c737ce3-e8d7-4942-bb98-3a40d21547ee,2003,AES-128,encrypt,cuda_baseline,baseline,resident,pinned,ECB,1024,6,1024:ECB:6,6ea8ef87cd354bf99a8713a4d67fb48d888817b46221a66f671d059a181c2c6d,2,74,True,1,20.819779527702188,,4.9183998256921766e-05,,,49183.99825692177,,,,,,,,,49183.99825692177
2c737ce3-e8d7-4942-bb98-3a40d21547ee,2003,AES-128,encrypt,cpu_aesni,aesni,transform,bytes,ECB,1024,6,1024:ECB:6,6ea8ef87cd354bf99a8713a4d67fb48d888817b46221a66f671d059a181c2c6d,3,75,True,,,,,,,,,,,5500,5.5e-06,186.1818181818182,0,0.0,
2c737ce3-e8d7-4942-bb98-3a40d21547ee,2003,AES-128,encrypt,cpu_software,software,transform,bytes,ECB,1024,6,1024:ECB:6,6ea8ef87cd354bf99a8713a4d67fb48d888817b46221a66f671d059a181c2c6d,4,76,True,,,,,,,,,,,7000,7e-06,146.28571428571428,0,0.0,
2c737ce3-e8d7-4942-bb98-3a40d21547ee,2003,AES-128,encrypt,cuda_optimized,optimized,resident,pinned,ECB,1024,6,1024:ECB:6,6ea8ef87cd354bf99a8713a4d67fb48d888817b46221a66f671d059a181c2c6d,5,77,True,1,21.993126851013592,,4.6560000628232954e-05,,,46560.000628232956,,,,,,,,,46560.000628232956
2c737ce3-e8d7-4942-bb98-3a40d21547ee,2003,AES-128,encrypt,cuda_optimized,optimized,pipeline,pinned,CTR,1024,6,1024:CTR:6,3fd868d871ad5bf0660cce8560552b061f2edb76a889435f18d40919af1a445f,0,78,True,,20.34329324102109,5.648097076668505,5.0335999578237536e-05,0.0001813,40200,50335.99957823753,40300,80500,181300,,,,,,
2c737ce3-e8d7-4942-bb98-3a40d21547ee,2003,AES-128,encrypt,cuda_baseline,baseline,resident,pinned,CTR,1024,6,1024:CTR:6,3fd868d871ad5bf0660cce8560552b061f2edb76a889435f18d40919af1a445f,1,79,True,1,19.24233343798812,,5.321599915623665e-05,,,53215.99915623665,,,,,,,,,53215.99915623665
2c737ce3-e8d7-4942-bb98-3a40d21547ee,2003,AES-128,encrypt,cpu_software,software,transform,bytes,CTR,1024,6,1024:CTR:6,3fd868d871ad5bf0660cce8560552b061f2edb76a889435f18d40919af1a445f,2,80,True,,,,,,,,,,,8800,8.8e-06,116.36363636363636,0,0.0,
2c737ce3-e8d7-4942-bb98-3a40d21547ee,2003,AES-128,encrypt,cpu_aesni,aesni,transform,bytes,CTR,1024,6,1024:CTR:6,3fd868d871ad5bf0660cce8560552b061f2edb76a889435f18d40919af1a445f,3,81,True,,,,,,,,,,,5200,5.2e-06,196.92307692307693,0,0.0,
2c737ce3-e8d7-4942-bb98-3a40d21547ee,2003,AES-128,encrypt,cuda_optimized,optimized,resident,pinned,CTR,1024,6,1024:CTR:6,3fd868d871ad5bf0660cce8560552b061f2edb76a889435f18d40919af1a445f,4,82,True,1,20.887728134056953,,4.902400076389313e-05,,,49024.00076389313,,,,,,,,,49024.00076389313
2c737ce3-e8d7-4942-bb98-3a40d21547ee,2003,AES-128,encrypt,cuda_baseline,baseline,pipeline,pinned,CTR,1024,6,1024:CTR:6,3fd868d871ad5bf0660cce8560552b061f2edb76a889435f18d40919af1a445f,5,83,True,,19.150209059480567,5.632563256325633,5.3472001105546954e-05,0.0001818,39200,53472.00110554695,40200,79400,181800,,,,,,
2c737ce3-e8d7-4942-bb98-3a40d21547ee,2003,AES-128,encrypt,cuda_optimized,optimized,pipeline,pinned,ECB,1024,7,1024:ECB:7,716ebb73f3e6d63bd19ae3310c78289a4c2d6ec77d1d10c9fa5eed0e3cffc26b,0,84,True,,21.30492636335748,5.811577752553916,4.806400090456009e-05,0.0001762,40000,48064.00090456009,39400,79400,176200,,,,,,
2c737ce3-e8d7-4942-bb98-3a40d21547ee,2003,AES-128,encrypt,cpu_software,software,transform,bytes,ECB,1024,7,1024:ECB:7,716ebb73f3e6d63bd19ae3310c78289a4c2d6ec77d1d10c9fa5eed0e3cffc26b,1,85,True,,,,,,,,,,,8800,8.8e-06,116.36363636363636,0,0.0,
2c737ce3-e8d7-4942-bb98-3a40d21547ee,2003,AES-128,encrypt,cpu_aesni,aesni,transform,bytes,ECB,1024,7,1024:ECB:7,716ebb73f3e6d63bd19ae3310c78289a4c2d6ec77d1d10c9fa5eed0e3cffc26b,2,86,True,,,,,,,,,,,3600,3.6e-06,284.44444444444446,0,0.0,
2c737ce3-e8d7-4942-bb98-3a40d21547ee,2003,AES-128,encrypt,cuda_baseline,baseline,resident,pinned,ECB,1024,7,1024:ECB:7,716ebb73f3e6d63bd19ae3310c78289a4c2d6ec77d1d10c9fa5eed0e3cffc26b,3,87,True,1,17.708909575897763,,5.7824000716209414e-05,,,57824.00071620941,,,,,,,,,57824.00071620941
2c737ce3-e8d7-4942-bb98-3a40d21547ee,2003,AES-128,encrypt,cuda_baseline,baseline,pipeline,pinned,ECB,1024,7,1024:ECB:7,716ebb73f3e6d63bd19ae3310c78289a4c2d6ec77d1d10c9fa5eed0e3cffc26b,4,88,True,,20.765736858307744,5.752808988764045,4.931199923157692e-05,0.000178,39300,49311.99923157692,39900,79200,178000,,,,,,
2c737ce3-e8d7-4942-bb98-3a40d21547ee,2003,AES-128,encrypt,cuda_optimized,optimized,resident,pinned,ECB,1024,7,1024:ECB:7,716ebb73f3e6d63bd19ae3310c78289a4c2d6ec77d1d10c9fa5eed0e3cffc26b,5,89,True,1,20.278833647155494,,5.049600079655647e-05,,,50496.00079655647,,,,,,,,,50496.00079655647
2c737ce3-e8d7-4942-bb98-3a40d21547ee,2003,AES-128,encrypt,cpu_software,software,transform,bytes,CTR,1024,7,1024:CTR:7,0ab6a040f7cddf39e3a9e08f993f742fce644220414befe7d7343f88de12a02a,0,90,True,,,,,,,,,,,7300,7.3e-06,140.27397260273972,0,0.0,
2c737ce3-e8d7-4942-bb98-3a40d21547ee,2003,AES-128,encrypt,cuda_optimized,optimized,pipeline,pinned,CTR,1024,7,1024:CTR:7,0ab6a040f7cddf39e3a9e08f993f742fce644220414befe7d7343f88de12a02a,1,91,True,,18.34862376557372,5.511302475780409,5.580800026655197e-05,0.0001858,40200,55808.00026655197,39500,79700,185800,,,,,,
2c737ce3-e8d7-4942-bb98-3a40d21547ee,2003,AES-128,encrypt,cuda_baseline,baseline,resident,pinned,CTR,1024,7,1024:CTR:7,0ab6a040f7cddf39e3a9e08f993f742fce644220414befe7d7343f88de12a02a,2,92,True,1,20.685196865982185,,4.950400069355965e-05,,,49504.00069355965,,,,,,,,,49504.00069355965
2c737ce3-e8d7-4942-bb98-3a40d21547ee,2003,AES-128,encrypt,cuda_optimized,optimized,resident,pinned,CTR,1024,7,1024:CTR:7,0ab6a040f7cddf39e3a9e08f993f742fce644220414befe7d7343f88de12a02a,3,93,True,1,21.13606336315252,,4.8448000103235245e-05,,,48448.000103235245,,,,,,,,,48448.000103235245
2c737ce3-e8d7-4942-bb98-3a40d21547ee,2003,AES-128,encrypt,cuda_baseline,baseline,pipeline,pinned,CTR,1024,7,1024:CTR:7,0ab6a040f7cddf39e3a9e08f993f742fce644220414befe7d7343f88de12a02a,4,94,True,,11.548177919251877,4.100921105326392,8.867199718952178e-05,0.0002497,40900,88671.99718952179,72000,112900,249700,,,,,,
2c737ce3-e8d7-4942-bb98-3a40d21547ee,2003,AES-128,encrypt,cpu_aesni,aesni,transform,bytes,CTR,1024,7,1024:CTR:7,0ab6a040f7cddf39e3a9e08f993f742fce644220414befe7d7343f88de12a02a,5,95,True,,,,,,,,,,,5900,5.9e-06,173.5593220338983,0,0.0,
2c737ce3-e8d7-4942-bb98-3a40d21547ee,2003,AES-128,encrypt,cpu_software,software,transform,bytes,ECB,1024,8,1024:ECB:8,eda5043334e016e8797344c893227a6b23a9a05c0e2ecb05ea3250f957e43784,0,96,True,,,,,,,,,,,6500,6.5e-06,157.53846153846155,0,0.0,
2c737ce3-e8d7-4942-bb98-3a40d21547ee,2003,AES-128,encrypt,cpu_aesni,aesni,transform,bytes,ECB,1024,8,1024:ECB:8,eda5043334e016e8797344c893227a6b23a9a05c0e2ecb05ea3250f957e43784,1,97,True,,,,,,,,,,,3100,3.1e-06,330.3225806451613,0,0.0,
2c737ce3-e8d7-4942-bb98-3a40d21547ee,2003,AES-128,encrypt,cuda_baseline,baseline,pipeline,pinned,ECB,1024,8,1024:ECB:8,eda5043334e016e8797344c893227a6b23a9a05c0e2ecb05ea3250f957e43784,2,98,True,,11.756061698922949,3.043995243757432,8.710400015115738e-05,0.0003364,78600,87104.00015115738,78900,157500,336400,,,,,,
2c737ce3-e8d7-4942-bb98-3a40d21547ee,2003,AES-128,encrypt,cuda_optimized,optimized,pipeline,pinned,ECB,1024,8,1024:ECB:8,eda5043334e016e8797344c893227a6b23a9a05c0e2ecb05ea3250f957e43784,3,99,True,,21.333333147896663,5.782044042913608,4.8000000417232514e-05,0.0001771,40900,48000.00041723251,40000,80900,177100,,,,,,
2c737ce3-e8d7-4942-bb98-3a40d21547ee,2003,AES-128,encrypt,cuda_optimized,optimized,resident,pinned,ECB,1024,8,1024:ECB:8,eda5043334e016e8797344c893227a6b23a9a05c0e2ecb05ea3250f957e43784,4,100,True,1,21.164021332029975,,4.838399961590767e-05,,,48383.99961590767,,,,,,,,,48383.99961590767
2c737ce3-e8d7-4942-bb98-3a40d21547ee,2003,AES-128,encrypt,cuda_baseline,baseline,resident,pinned,ECB,1024,8,1024:ECB:8,eda5043334e016e8797344c893227a6b23a9a05c0e2ecb05ea3250f957e43784,5,101,True,1,20.499679536737126,,4.995200037956238e-05,,,49952.00037956238,,,,,,,,,49952.00037956238
2c737ce3-e8d7-4942-bb98-3a40d21547ee,2003,AES-128,encrypt,cuda_baseline,baseline,resident,pinned,CTR,1024,8,1024:CTR:8,b80250d93f1d156092aae42f1d16db6b1d87848ac1396b4831b8cf80c830ed1a,0,102,True,1,20.447283792131188,,5.008000135421753e-05,,,50080.00135421753,,,,,,,,,50080.00135421753
2c737ce3-e8d7-4942-bb98-3a40d21547ee,2003,AES-128,encrypt,cuda_optimized,optimized,pipeline,pinned,CTR,1024,8,1024:CTR:8,b80250d93f1d156092aae42f1d16db6b1d87848ac1396b4831b8cf80c830ed1a,1,103,True,,21.694914437819776,5.79841449603624,4.7200001776218416e-05,0.0001766,40500,47200.001776218414,41100,81600,176600,,,,,,
2c737ce3-e8d7-4942-bb98-3a40d21547ee,2003,AES-128,encrypt,cuda_baseline,baseline,pipeline,pinned,CTR,1024,8,1024:CTR:8,b80250d93f1d156092aae42f1d16db6b1d87848ac1396b4831b8cf80c830ed1a,2,104,True,,21.27659512935027,5.848086807538549,4.812800139188767e-05,0.0001751,39300,48128.001391887665,40900,80200,175100,,,,,,
2c737ce3-e8d7-4942-bb98-3a40d21547ee,2003,AES-128,encrypt,cpu_aesni,aesni,transform,bytes,CTR,1024,8,1024:CTR:8,b80250d93f1d156092aae42f1d16db6b1d87848ac1396b4831b8cf80c830ed1a,3,105,True,,,,,,,,,,,5900,5.9e-06,173.5593220338983,0,0.0,
2c737ce3-e8d7-4942-bb98-3a40d21547ee,2003,AES-128,encrypt,cuda_optimized,optimized,resident,pinned,CTR,1024,8,1024:CTR:8,b80250d93f1d156092aae42f1d16db6b1d87848ac1396b4831b8cf80c830ed1a,4,106,True,1,20.30456840341927,,5.0432000309228894e-05,,,50432.0003092289,,,,,,,,,50432.0003092289
2c737ce3-e8d7-4942-bb98-3a40d21547ee,2003,AES-128,encrypt,cpu_software,software,transform,bytes,CTR,1024,8,1024:CTR:8,b80250d93f1d156092aae42f1d16db6b1d87848ac1396b4831b8cf80c830ed1a,5,107,True,,,,,,,,,,,8600,8.6e-06,119.06976744186046,0,0.0,
2c737ce3-e8d7-4942-bb98-3a40d21547ee,2003,AES-128,encrypt,cpu_software,software,transform,bytes,CTR,1024,9,1024:CTR:9,927182fb133650df88a2e202a471a0ccc5040b7504991ccb8ca87b7a609611d9,0,108,True,,,,,,,,,,,6700,6.7e-06,152.83582089552237,0,0.0,
2c737ce3-e8d7-4942-bb98-3a40d21547ee,2003,AES-128,encrypt,cuda_baseline,baseline,resident,pinned,CTR,1024,9,1024:CTR:9,927182fb133650df88a2e202a471a0ccc5040b7504991ccb8ca87b7a609611d9,1,109,True,1,19.801980626933982,,5.171199887990952e-05,,,51711.998879909515,,,,,,,,,51711.998879909515
2c737ce3-e8d7-4942-bb98-3a40d21547ee,2003,AES-128,encrypt,cuda_baseline,baseline,pipeline,pinned,CTR,1024,9,1024:CTR:9,927182fb133650df88a2e202a471a0ccc5040b7504991ccb8ca87b7a609611d9,2,110,True,,20.846904903018835,5.720670391061453,4.912000149488449e-05,0.000179,41900,49120.00149488449,41000,82900,179000,,,,,,
2c737ce3-e8d7-4942-bb98-3a40d21547ee,2003,AES-128,encrypt,cuda_optimized,optimized,pipeline,pinned,CTR,1024,9,1024:CTR:9,927182fb133650df88a2e202a471a0ccc5040b7504991ccb8ca87b7a609611d9,3,111,True,,20.80624250644466,5.814877910278251,4.9215998500585554e-05,0.0001761,39500,49215.998500585556,40500,80000,176100,,,,,,
2c737ce3-e8d7-4942-bb98-3a40d21547ee,2003,AES-128,encrypt,cuda_optimized,optimized,resident,pinned,CTR,1024,9,1024:CTR:9,927182fb133650df88a2e202a471a0ccc5040b7504991ccb8ca87b7a609611d9,4,112,True,1,20.87410263715251,,4.905600100755692e-05,,,49056.001007556915,,,,,,,,,49056.001007556915
2c737ce3-e8d7-4942-bb98-3a40d21547ee,2003,AES-128,encrypt,cpu_aesni,aesni,transform,bytes,CTR,1024,9,1024:CTR:9,927182fb133650df88a2e202a471a0ccc5040b7504991ccb8ca87b7a609611d9,5,113,True,,,,,,,,,,,5900,5.9e-06,173.5593220338983,0,0.0,
2c737ce3-e8d7-4942-bb98-3a40d21547ee,2003,AES-128,encrypt,cuda_baseline,baseline,resident,pinned,ECB,1024,9,1024:ECB:9,912c997d31d5133b88182b041131af22d0808b272bfa47de43d1c01daab9bddf,0,114,True,1,19.826518584833956,,5.164799839258194e-05,,,51647.99839258194,,,,,,,,,51647.99839258194
2c737ce3-e8d7-4942-bb98-3a40d21547ee,2003,AES-128,encrypt,cuda_optimized,optimized,pipeline,pinned,ECB,1024,9,1024:ECB:9,912c997d31d5133b88182b041131af22d0808b272bfa47de43d1c01daab9bddf,1,115,True,,21.290751321387454,5.5895196506550215,4.809600114822388e-05,0.0001832,41100,48096.00114822388,41100,82200,183200,,,,,,
2c737ce3-e8d7-4942-bb98-3a40d21547ee,2003,AES-128,encrypt,cpu_aesni,aesni,transform,bytes,ECB,1024,9,1024:ECB:9,912c997d31d5133b88182b041131af22d0808b272bfa47de43d1c01daab9bddf,2,116,True,,,,,,,,,,,5700,5.7e-06,179.64912280701753,0,0.0,
2c737ce3-e8d7-4942-bb98-3a40d21547ee,2003,AES-128,encrypt,cuda_optimized,optimized,resident,pinned,ECB,1024,9,1024:ECB:9,912c997d31d5133b88182b041131af22d0808b272bfa47de43d1c01daab9bddf,3,117,True,1,22.114720741518155,,4.6303998678922654e-05,,,46303.99867892265,,,,,,,,,46303.99867892265
2c737ce3-e8d7-4942-bb98-3a40d21547ee,2003,AES-128,encrypt,cpu_software,software,transform,bytes,ECB,1024,9,1024:ECB:9,912c997d31d5133b88182b041131af22d0808b272bfa47de43d1c01daab9bddf,4,118,True,,,,,,,,,,,8700,8.7e-06,117.70114942528735,0,0.0,
2c737ce3-e8d7-4942-bb98-3a40d21547ee,2003,AES-128,encrypt,cuda_baseline,baseline,pipeline,pinned,ECB,1024,9,1024:ECB:9,912c997d31d5133b88182b041131af22d0808b272bfa47de43d1c01daab9bddf,5,119,True,,20.833332596440542,5.601750547045952,4.915200173854828e-05,0.0001828,40400,49152.00173854828,45300,85700,182800,,,,,,
2c737ce3-e8d7-4942-bb98-3a40d21547ee,2003,AES-128,encrypt,cpu_software,software,transform,bytes,ECB,16384,0,16384:ECB:0,9e724805c37af85b39638865bfd430147174cdf25bf43a909a5634a1c9acb14c,0,120,True,,,,,,,,,,,57400,5.74e-05,285.4355400696864,0,0.0,
2c737ce3-e8d7-4942-bb98-3a40d21547ee,2003,AES-128,encrypt,cuda_baseline,baseline,resident,pinned,ECB,16384,0,16384:ECB:0,9e724805c37af85b39638865bfd430147174cdf25bf43a909a5634a1c9acb14c,1,121,True,1,329.04884873055676,,4.979199916124344e-05,,,49791.99916124344,,,,,,,,,49791.99916124344
2c737ce3-e8d7-4942-bb98-3a40d21547ee,2003,AES-128,encrypt,cuda_optimized,optimized,pipeline,pinned,ECB,16384,0,16384:ECB:0,9e724805c37af85b39638865bfd430147174cdf25bf43a909a5634a1c9acb14c,2,122,True,,330.7493477473748,89.14036996735582,4.953600093722343e-05,0.0001838,42900,49536.000937223434,43700,86600,183800,,,,,,
2c737ce3-e8d7-4942-bb98-3a40d21547ee,2003,AES-128,encrypt,cuda_baseline,baseline,pipeline,pinned,ECB,16384,0,16384:ECB:0,9e724805c37af85b39638865bfd430147174cdf25bf43a909a5634a1c9acb14c,3,123,True,,320.0000080838802,88.65800865800865,5.119999870657921e-05,0.0001848,42800,51199.99870657921,43800,86600,184800,,,,,,
2c737ce3-e8d7-4942-bb98-3a40d21547ee,2003,AES-128,encrypt,cpu_aesni,aesni,transform,bytes,ECB,16384,0,16384:ECB:0,9e724805c37af85b39638865bfd430147174cdf25bf43a909a5634a1c9acb14c,4,124,True,,,,,,,,,,,8800,8.8e-06,1861.8181818181818,0,0.0,
2c737ce3-e8d7-4942-bb98-3a40d21547ee,2003,AES-128,encrypt,cuda_optimized,optimized,resident,pinned,ECB,16384,0,16384:ECB:0,9e724805c37af85b39638865bfd430147174cdf25bf43a909a5634a1c9acb14c,5,125,True,1,146.41120604153227,,0.00011190400272607803,,,111904.00272607803,,,,,,,,,111904.00272607803
2c737ce3-e8d7-4942-bb98-3a40d21547ee,2003,AES-128,encrypt,cuda_optimized,optimized,pipeline,pinned,CTR,16384,0,16384:CTR:0,f30827ca0f8eeda65bd5cb6ec021723e919c61a88eff8bcbc044d99d5e509614,0,126,True,,203.57852410482175,49.319686935580975,8.048000186681748e-05,0.0003322,80300,80480.00186681747,82500,162800,332200,,,,,,
2c737ce3-e8d7-4942-bb98-3a40d21547ee,2003,AES-128,encrypt,cuda_baseline,baseline,pipeline,pinned,CTR,16384,0,16384:CTR:0,f30827ca0f8eeda65bd5cb6ec021723e919c61a88eff8bcbc044d99d5e509614,1,127,True,,313.5333783765345,86.18621778011573,5.225599929690361e-05,0.0001901,45000,52255.99929690361,42700,87700,190100,,,,,,
2c737ce3-e8d7-4942-bb98-3a40d21547ee,2003,AES-128,encrypt,cpu_aesni,aesni,transform,bytes,CTR,16384,0,16384:CTR:0,f30827ca0f8eeda65bd5cb6ec021723e919c61a88eff8bcbc044d99d5e509614,2,128,True,,,,,,,,,,,13600,1.36e-05,1204.7058823529412,0,0.0,
2c737ce3-e8d7-4942-bb98-3a40d21547ee,2003,AES-128,encrypt,cuda_optimized,optimized,resident,pinned,CTR,16384,0,16384:CTR:0,f30827ca0f8eeda65bd5cb6ec021723e919c61a88eff8bcbc044d99d5e509614,3,129,True,1,300.1172417718385,,5.459199845790863e-05,,,54591.99845790863,,,,,,,,,54591.99845790863
2c737ce3-e8d7-4942-bb98-3a40d21547ee,2003,AES-128,encrypt,cuda_baseline,baseline,resident,pinned,CTR,16384,0,16384:CTR:0,f30827ca0f8eeda65bd5cb6ec021723e919c61a88eff8bcbc044d99d5e509614,4,130,True,1,310.4912099091819,,5.2767999470233916e-05,,,52767.99947023392,,,,,,,,,52767.99947023392
2c737ce3-e8d7-4942-bb98-3a40d21547ee,2003,AES-128,encrypt,cpu_software,software,transform,bytes,CTR,16384,0,16384:CTR:0,f30827ca0f8eeda65bd5cb6ec021723e919c61a88eff8bcbc044d99d5e509614,5,131,True,,,,,,,,,,,64300,6.43e-05,254.80559875583205,0,0.0,
2c737ce3-e8d7-4942-bb98-3a40d21547ee,2003,AES-128,encrypt,cuda_baseline,baseline,pipeline,pinned,CTR,16384,1,16384:CTR:1,8c10351a095f62987070bc0276f46b591b6a0d27cb09d23a0d4d708f880e4f15,0,132,True,,301.5312118940533,84.54076367389061,5.433600023388863e-05,0.0001938,42400,54336.000233888626,47200,89600,193800,,,,,,
2c737ce3-e8d7-4942-bb98-3a40d21547ee,2003,AES-128,encrypt,cuda_optimized,optimized,pipeline,pinned,CTR,16384,1,16384:CTR:1,8c10351a095f62987070bc0276f46b591b6a0d27cb09d23a0d4d708f880e4f15,1,133,True,,311.2462095031422,86.91777188328912,5.263999849557876e-05,0.0001885,43200,52639.998495578766,44400,87600,188500,,,,,,
2c737ce3-e8d7-4942-bb98-3a40d21547ee,2003,AES-128,encrypt,cuda_baseline,baseline,resident,pinned,CTR,16384,1,16384:CTR:1,8c10351a095f62987070bc0276f46b591b6a0d27cb09d23a0d4d708f880e4f15,2,134,True,1,317.2242973573433,,5.164799839258194e-05,,,51647.99839258194,,,,,,,,,51647.99839258194
2c737ce3-e8d7-4942-bb98-3a40d21547ee,2003,AES-128,encrypt,cpu_aesni,aesni,transform,bytes,CTR,16384,1,16384:CTR:1,8c10351a095f62987070bc0276f46b591b6a0d27cb09d23a0d4d708f880e4f15,3,135,True,,,,,,,,,,,13900,1.39e-05,1178.705035971223,0,0.0,
2c737ce3-e8d7-4942-bb98-3a40d21547ee,2003,AES-128,encrypt,cuda_optimized,optimized,resident,pinned,CTR,16384,1,16384:CTR:1,8c10351a095f62987070bc0276f46b591b6a0d27cb09d23a0d4d708f880e4f15,4,136,True,1,325.28589695705585,,5.0367999821901324e-05,,,50367.99982190132,,,,,,,,,50367.99982190132
2c737ce3-e8d7-4942-bb98-3a40d21547ee,2003,AES-128,encrypt,cpu_software,software,transform,bytes,CTR,16384,1,16384:CTR:1,8c10351a095f62987070bc0276f46b591b6a0d27cb09d23a0d4d708f880e4f15,5,137,True,,,,,,,,,,,63600,6.36e-05,257.61006289308176,0,0.0,
2c737ce3-e8d7-4942-bb98-3a40d21547ee,2003,AES-128,encrypt,cpu_aesni,aesni,transform,bytes,ECB,16384,1,16384:ECB:1,68091ffa834abc4a9619f359d6db0f3e072eba52611c860c22ae398e6a2c7a0c,0,138,True,,,,,,,,,,,6700,6.7e-06,2445.373134328358,0,0.0,
2c737ce3-e8d7-4942-bb98-3a40d21547ee,2003,AES-128,encrypt,cuda_baseline,baseline,resident,pinned,ECB,16384,1,16384:ECB:1,68091ffa834abc4a9619f359d6db0f3e072eba52611c860c22ae398e6a2c7a0c,1,139,True,1,313.9178489748492,,5.219199880957604e-05,,,52191.998809576035,,,,,,,,,52191.998809576035
2c737ce3-e8d7-4942-bb98-3a40d21547ee,2003,AES-128,encrypt,cuda_optimized,optimized,resident,pinned,ECB,16384,1,16384:ECB:1,68091ffa834abc4a9619f359d6db0f3e072eba52611c860c22ae398e6a2c7a0c,2,140,True,1,279.1712112083707,,5.868799984455109e-05,,,58687.99984455109,,,,,,,,,58687.99984455109
2c737ce3-e8d7-4942-bb98-3a40d21547ee,2003,AES-128,encrypt,cuda_optimized,optimized,pipeline,pinned,ECB,16384,1,16384:ECB:1,68091ffa834abc4a9619f359d6db0f3e072eba52611c860c22ae398e6a2c7a0c,3,141,True,,280.0875350968005,72.2080211546937,5.849599838256836e-05,0.0002269,44800,58495.99838256836,58800,103600,226900,,,,,,
2c737ce3-e8d7-4942-bb98-3a40d21547ee,2003,AES-128,encrypt,cpu_software,software,transform,bytes,ECB,16384,1,16384:ECB:1,68091ffa834abc4a9619f359d6db0f3e072eba52611c860c22ae398e6a2c7a0c,4,142,True,,,,,,,,,,,87200,8.72e-05,187.88990825688074,0,0.0,
2c737ce3-e8d7-4942-bb98-3a40d21547ee,2003,AES-128,encrypt,cuda_baseline,baseline,pipeline,pinned,ECB,16384,1,16384:ECB:1,68091ffa834abc4a9619f359d6db0f3e072eba52611c860c22ae398e6a2c7a0c,5,143,True,,275.7135084275726,79.88298391028766,5.942400172352791e-05,0.0002051,43900,59424.00172352791,50100,94000,205100,,,,,,
2c737ce3-e8d7-4942-bb98-3a40d21547ee,2003,AES-128,encrypt,cpu_aesni,aesni,transform,bytes,CTR,16384,2,16384:CTR:2,a6466d7a08a7c4a1d61ace8df718934129e7fe5e91f65e5dea8f20826afd0804,0,144,True,,,,,,,,,,,11400,1.14e-05,1437.1929824561403,0,0.0,
2c737ce3-e8d7-4942-bb98-3a40d21547ee,2003,AES-128,encrypt,cpu_software,software,transform,bytes,CTR,16384,2,16384:CTR:2,a6466d7a08a7c4a1d61ace8df718934129e7fe5e91f65e5dea8f20826afd0804,1,145,True,,,,,,,,,,,61300,6.13e-05,267.27569331158236,0,0.0,
2c737ce3-e8d7-4942-bb98-3a40d21547ee,2003,AES-128,encrypt,cuda_baseline,baseline,resident,pinned,CTR,16384,2,16384:CTR:2,a6466d7a08a7c4a1d61ace8df718934129e7fe5e91f65e5dea8f20826afd0804,2,146,True,1,323.23233258564903,,5.06879985332489e-05,,,50687.9985332489,,,,,,,,,50687.9985332489
2c737ce3-e8d7-4942-bb98-3a40d21547ee,2003,AES-128,encrypt,cuda_baseline,baseline,pipeline,pinned,CTR,16384,2,16384:CTR:2,a6466d7a08a7c4a1d61ace8df718934129e7fe5e91f65e5dea8f20826afd0804,3,147,True,,325.07936465647094,88.27586206896552,5.040000006556511e-05,0.0001856,44100,50400.00006556511,42500,86600,185600,,,,,,
2c737ce3-e8d7-4942-bb98-3a40d21547ee,2003,AES-128,encrypt,cuda_optimized,optimized,resident,pinned,CTR,16384,2,16384:CTR:2,a6466d7a08a7c4a1d61ace8df718934129e7fe5e91f65e5dea8f20826afd0804,4,148,True,1,327.57517026608235,,5.001600086688995e-05,,,50016.00086688995,,,,,,,,,50016.00086688995
2c737ce3-e8d7-4942-bb98-3a40d21547ee,2003,AES-128,encrypt,cuda_optimized,optimized,pipeline,pinned,CTR,16384,2,16384:CTR:2,a6466d7a08a7c4a1d61ace8df718934129e7fe5e91f65e5dea8f20826afd0804,5,149,True,,318.01241530362523,88.75406283856988,5.152000114321709e-05,0.0001846,43000,51520.00114321709,41400,84400,184600,,,,,,
2c737ce3-e8d7-4942-bb98-3a40d21547ee,2003,AES-128,encrypt,cuda_optimized,optimized,resident,pinned,ECB,16384,2,16384:ECB:2,dcc0d83e72bee9937ca79a2faeffb1812b060f628de45610b908c7790fe9bf1c,0,150,True,1,295.95375412182574,,5.536000058054924e-05,,,55360.00058054924,,,,,,,,,55360.00058054924
2c737ce3-e8d7-4942-bb98-3a40d21547ee,2003,AES-128,encrypt,cuda_optimized,optimized,pipeline,pinned,ECB,16384,2,16384:ECB:2,dcc0d83e72bee9937ca79a2faeffb1812b060f628de45610b908c7790fe9bf1c,1,151,True,,334.6405209854975,90.56937534549475,4.896000027656555e-05,0.0001809,42700,48960.00027656555,41300,84000,180900,,,,,,
2c737ce3-e8d7-4942-bb98-3a40d21547ee,2003,AES-128,encrypt,cuda_baseline,baseline,resident,pinned,ECB,16384,2,16384:ECB:2,dcc0d83e72bee9937ca79a2faeffb1812b060f628de45610b908c7790fe9bf1c,2,152,True,1,333.55047844830136,,4.912000149488449e-05,,,49120.00149488449,,,,,,,,,49120.00149488449
2c737ce3-e8d7-4942-bb98-3a40d21547ee,2003,AES-128,encrypt,cpu_aesni,aesni,transform,bytes,ECB,16384,2,16384:ECB:2,dcc0d83e72bee9937ca79a2faeffb1812b060f628de45610b908c7790fe9bf1c,3,153,True,,,,,,,,,,,9100,9.1e-06,1800.4395604395604,0,0.0,
2c737ce3-e8d7-4942-bb98-3a40d21547ee,2003,AES-128,encrypt,cpu_software,software,transform,bytes,ECB,16384,2,16384:ECB:2,dcc0d83e72bee9937ca79a2faeffb1812b060f628de45610b908c7790fe9bf1c,4,154,True,,,,,,,,,,,57500,5.75e-05,284.9391304347826,0,0.0,
2c737ce3-e8d7-4942-bb98-3a40d21547ee,2003,AES-128,encrypt,cuda_baseline,baseline,pipeline,pinned,ECB,16384,2,16384:ECB:2,dcc0d83e72bee9937ca79a2faeffb1812b060f628de45610b908c7790fe9bf1c,5,155,True,,342.2459932899328,90.26997245179064,4.787199944257736e-05,0.0001815,43100,47871.99944257736,41700,84800,181500,,,,,,
2c737ce3-e8d7-4942-bb98-3a40d21547ee,2003,AES-128,encrypt,cuda_optimized,optimized,resident,pinned,CTR,16384,3,16384:CTR:3,b08d54f4edb790ea8a19daba03f2af3cce93d28f3df59a79d35d2b3f6638c953,0,156,True,1,310.8682512936803,,5.270399898290634e-05,,,52703.99898290634,,,,,,,,,52703.99898290634
2c737ce3-e8d7-4942-bb98-3a40d21547ee,2003,AES-128,encrypt,cpu_software,software,transform,bytes,CTR,16384,3,16384:CTR:3,b08d54f4edb790ea8a19daba03f2af3cce93d28f3df59a79d35d2b3f6638c953,1,157,True,,,,,,,,,,,62800,6.28e-05,260.89171974522293,0,0.0,
2c737ce3-e8d7-4942-bb98-3a40d21547ee,2003,AES-128,encrypt,cuda_optimized,optimized,pipeline,pinned,CTR,16384,3,16384:CTR:3,b08d54f4edb790ea8a19daba03f2af3cce93d28f3df59a79d35d2b3f6638c953,2,158,True,,338.8484491378679,89.14036996735582,4.835199937224388e-05,0.0001838,44300,48351.99937224388,42400,86700,183800,,,,,,
2c737ce3-e8d7-4942-bb98-3a40d21547ee,2003,AES-128,encrypt,cpu_aesni,aesni,transform,bytes,CTR,16384,3,16384:CTR:3,b08d54f4edb790ea8a19daba03f2af3cce93d28f3df59a79d35d2b3f6638c953,3,159,True,,,,,,,,,,,11700,1.17e-05,1400.3418803418804,0,0.0,
2c737ce3-e8d7-4942-bb98-3a40d21547ee,2003,AES-128,encrypt,cuda_baseline,baseline,resident,pinned,CTR,16384,3,16384:CTR:3,b08d54f4edb790ea8a19daba03f2af3cce93d28f3df59a79d35d2b3f6638c953,4,160,True,1,333.116472443235,,4.9183998256921766e-05,,,49183.99825692177,,,,,,,,,49183.99825692177
2c737ce3-e8d7-4942-bb98-3a40d21547ee,2003,AES-128,encrypt,cuda_baseline,baseline,pipeline,pinned,CTR,16384,3,16384:CTR:3,b08d54f4edb790ea8a19daba03f2af3cce93d28f3df59a79d35d2b3f6638c953,5,161,True,,330.5358216929162,89.53005464480874,4.956800118088722e-05,0.000183,43700,49568.00118088722,41600,85300,183000,,,,,,
2c737ce3-e8d7-4942-bb98-3a40d21547ee,2003,AES-128,encrypt,cuda_optimized,optimized,resident,pinned,ECB,16384,3,16384:ECB:3,0d59e81042973791c0332e9c57bd67c89e0dfeafae04a74042f478a95bb77dd5,0,162,True,1,308.43374408334887,,5.311999842524528e-05,,,53119.998425245285,,,,,,,,,53119.998425245285
2c737ce3-e8d7-4942-bb98-3a40d21547ee,2003,AES-128,encrypt,cuda_optimized,optimized,pipeline,pinned,ECB,16384,3,16384:ECB:3,0d59e81042973791c0332e9c57bd67c89e0dfeafae04a74042f478a95bb77dd5,1,163,True,,301.35373484564076,85.37780093798854,5.436800047755242e-05,0.0001919,43300,54368.000477552414,42800,86100,191900,,,,,,
2c737ce3-e8d7-4942-bb98-3a40d21547ee,2003,AES-128,encrypt,cuda_baseline,baseline,resident,pinned,ECB,16384,3,16384:ECB:3,0d59e81042973791c0332e9c57bd67c89e0dfeafae04a74042f478a95bb77dd5,2,164,True,1,340.65202114219926,,4.809600114822388e-05,,,48096.00114822388,,,,,,,,,48096.00114822388
2c737ce3-e8d7-4942-bb98-3a40d21547ee,2003,AES-128,encrypt,cpu_software,software,transform,bytes,ECB,16384,3,16384:ECB:3,0d59e81042973791c0332e9c57bd67c89e0dfeafae04a74042f478a95bb77dd5,3,165,True,,,,,,,,,,,59400,5.94e-05,275.8249158249158,0,0.0,
2c737ce3-e8d7-4942-bb98-3a40d21547ee,2003,AES-128,encrypt,cpu_aesni,aesni,transform,bytes,ECB,16384,3,16384:ECB:3,0d59e81042973791c0332e9c57bd67c89e0dfeafae04a74042f478a95bb77dd5,4,166,True,,,,,,,,,,,6800,6.8e-06,2409.4117647058824,0,0.0,
2c737ce3-e8d7-4942-bb98-3a40d21547ee,2003,AES-128,encrypt,cuda_baseline,baseline,pipeline,pinned,ECB,16384,3,16384:ECB:3,0d59e81042973791c0332e9c57bd67c89e0dfeafae04a74042f478a95bb77dd5,5,167,True,,337.9537929613069,89.23747276688454,4.848000034689903e-05,0.0001836,42600,48480.00034689903,43600,86200,183600,,,,,,
2c737ce3-e8d7-4942-bb98-3a40d21547ee,2003,AES-128,encrypt,cuda_baseline,baseline,pipeline,pinned,ECB,16384,4,16384:ECB:4,5c1d9088d17246d4948d7d14d5d1053d522cff9ece9fa9272a53c48ff4ad394a,0,168,True,,309.7398643035413,65.56222488995598,5.289600044488907e-05,0.0002499,43200,52896.00044488907,103800,147000,249900,,,,,,
2c737ce3-e8d7-4942-bb98-3a40d21547ee,2003,AES-128,encrypt,cuda_baseline,baseline,resident,pinned,ECB,16384,4,16384:ECB:4,5c1d9088d17246d4948d7d14d5d1053d522cff9ece9fa9272a53c48ff4ad394a,1,169,True,1,309.5525957311192,,5.292800068855286e-05,,,52928.00068855286,,,,,,,,,52928.00068855286
2c737ce3-e8d7-4942-bb98-3a40d21547ee,2003,AES-128,encrypt,cpu_software,software,transform,bytes,ECB,16384,4,16384:ECB:4,5c1d9088d17246d4948d7d14d5d1053d522cff9ece9fa9272a53c48ff4ad394a,2,170,True,,,,,,,,,,,60100,6.01e-05,272.61231281198,0,0.0,
2c737ce3-e8d7-4942-bb98-3a40d21547ee,2003,AES-128,encrypt,cuda_optimized,optimized,pipeline,pinned,ECB,16384,4,16384:ECB:4,5c1d9088d17246d4948d7d14d5d1053d522cff9ece9fa9272a53c48ff4ad394a,3,171,True,,308.2480510668683,87.99140708915145,5.315199866890907e-05,0.0001862,43300,53151.99866890907,41700,85000,186200,,,,,,
2c737ce3-e8d7-4942-bb98-3a40d21547ee,2003,AES-128,encrypt,cpu_aesni,aesni,transform,bytes,ECB,16384,4,16384:ECB:4,5c1d9088d17246d4948d7d14d5d1053d522cff9ece9fa9272a53c48ff4ad394a,4,172,True,,,,,,,,,,,9400,9.4e-06,1742.9787234042553,0,0.0,
2c737ce3-e8d7-4942-bb98-3a40d21547ee,2003,AES-128,encrypt,cuda_optimized,optimized,resident,pinned,ECB,16384,4,16384:ECB:4,5c1d9088d17246d4948d7d14d5d1053d522cff9ece9fa9272a53c48ff4ad394a,5,173,True,1,310.11508201773205,,5.283199995756149e-05,,,52831.99995756149,,,,,,,,,52831.99995756149
2c737ce3-e8d7-4942-bb98-3a40d21547ee,2003,AES-128,encrypt,cuda_baseline,baseline,resident,pinned,CTR,16384,4,16384:CTR:4,888bb66b77e0912e87df9aceffff854f36b2f5c85537f5135d702ff2d38533b4,0,174,True,1,303.1379415444846,,5.404800176620483e-05,,,54048.001766204834,,,,,,,,,54048.001766204834
2c737ce3-e8d7-4942-bb98-3a40d21547ee,2003,AES-128,encrypt,cuda_baseline,baseline,pipeline,pinned,CTR,16384,4,16384:CTR:4,888bb66b77e0912e87df9aceffff854f36b2f5c85537f5135d702ff2d38533b4,1,175,True,,308.61966096292383,86.87168610816543,5.3087998181581494e-05,0.0001886,44200,53087.9981815815,42900,87100,188600,,,,,,
2c737ce3-e8d7-4942-bb98-3a40d21547ee,2003,AES-128,encrypt,cuda_optimized,optimized,resident,pinned,CTR,16384,4,16384:CTR:4,888bb66b77e0912e87df9aceffff854f36b2f5c85537f5135d702ff2d38533b4,2,176,True,1,319.80013147471163,,5.1231998950243e-05,,,51231.998950242996,,,,,,,,,51231.998950242996
2c737ce3-e8d7-4942-bb98-3a40d21547ee,2003,AES-128,encrypt,cpu_software,software,transform,bytes,CTR,16384,4,16384:CTR:4,888bb66b77e0912e87df9aceffff854f36b2f5c85537f5135d702ff2d38533b4,3,177,True,,,,,,,,,,,63600,6.36e-05,257.61006289308176,0,0.0,
2c737ce3-e8d7-4942-bb98-3a40d21547ee,2003,AES-128,encrypt,cpu_aesni,aesni,transform,bytes,CTR,16384,4,16384:CTR:4,888bb66b77e0912e87df9aceffff854f36b2f5c85537f5135d702ff2d38533b4,4,178,True,,,,,,,,,,,10400,1.04e-05,1575.3846153846155,0,0.0,
2c737ce3-e8d7-4942-bb98-3a40d21547ee,2003,AES-128,encrypt,cuda_optimized,optimized,pipeline,pinned,CTR,16384,4,16384:CTR:4,888bb66b77e0912e87df9aceffff854f36b2f5c85537f5135d702ff2d38533b4,5,179,True,,330.32257115803725,88.56216216216217,4.960000142455101e-05,0.000185,43400,49600.00142455101,42000,85400,185000,,,,,,
2c737ce3-e8d7-4942-bb98-3a40d21547ee,2003,AES-128,encrypt,cuda_baseline,baseline,pipeline,pinned,ECB,16384,5,16384:ECB:5,aab37d759beb854db380093614991c4ebeb256263c37ea8685970b5f5a9a2c5a,0,180,True,,327.156540674099,87.9441760601181,5.008000135421753e-05,0.0001863,43300,50080.00135421753,43500,86800,186300,,,,,,
2c737ce3-e8d7-4942-bb98-3a40d21547ee,2003,AES-128,encrypt,cuda_baseline,baseline,resident,pinned,ECB,16384,5,16384:ECB:5,aab37d759beb854db380093614991c4ebeb256263c37ea8685970b5f5a9a2c5a,1,181,True,1,307.1385715319076,,5.33440001308918e-05,,,53344.0001308918,,,,,,,,,53344.0001308918
2c737ce3-e8d7-4942-bb98-3a40d21547ee,2003,AES-128,encrypt,cpu_software,software,transform,bytes,ECB,16384,5,16384:ECB:5,aab37d759beb854db380093614991c4ebeb256263c37ea8685970b5f5a9a2c5a,2,182,True,,,,,,,,,,,59400,5.94e-05,275.8249158249158,0,0.0,
2c737ce3-e8d7-4942-bb98-3a40d21547ee,2003,AES-128,encrypt,cuda_optimized,optimized,pipeline,pinned,ECB,16384,5,16384:ECB:5,aab37d759beb854db380093614991c4ebeb256263c37ea8685970b5f5a9a2c5a,3,183,True,,338.8484491378679,89.92316136114161,4.835199937224388e-05,0.0001822,44100,48351.99937224388,41600,85700,182200,,,,,,
2c737ce3-e8d7-4942-bb98-3a40d21547ee,2003,AES-128,encrypt,cuda_optimized,optimized,resident,pinned,ECB,16384,5,16384:ECB:5,aab37d759beb854db380093614991c4ebeb256263c37ea8685970b5f5a9a2c5a,4,184,True,1,336.1786047362616,,4.8735998570919034e-05,,,48735.99857091904,,,,,,,,,48735.99857091904
2c737ce3-e8d7-4942-bb98-3a40d21547ee,2003,AES-128,encrypt,cpu_aesni,aesni,transform,bytes,ECB,16384,5,16384:ECB:5,aab37d759beb854db380093614991c4ebeb256263c37ea8685970b5f5a9a2c5a,5,185,True,,,,,,,,,,,8900,8.9e-06,1840.8988764044943,0,0.0,
2c737ce3-e8d7-4942-bb98-3a40d21547ee,2003,AES-128,encrypt,cpu_aesni,aesni,transform,bytes,CTR,16384,5,16384:CTR:5,a91668cd2b770d1e25029b860654e9fd9550f17f4ee94865430ac8474f2bb603,0,186,True,,,,,,,,,,,10200,1.02e-05,1606.2745098039215,0,0.0,
2c737ce3-e8d7-4942-bb98-3a40d21547ee,2003,AES-128,encrypt,cpu_software,software,transform,bytes,CTR,16384,5,16384:CTR:5,a91668cd2b770d1e25029b860654e9fd9550f17f4ee94865430ac8474f2bb603,1,187,True,,,,,,,,,,,60300,6.03e-05,271.70812603648426,0,0.0,
2c737ce3-e8d7-4942-bb98-3a40d21547ee,2003,AES-128,encrypt,cuda_optimized,optimized,pipeline,pinned,CTR,16384,5,16384:CTR:5,a91668cd2b770d1e25029b860654e9fd9550f17f4ee94865430ac8474f2bb603,2,188,True,,327.3657216360848,87.33475479744136,5.004800111055374e-05,0.0001876,44300,50048.00111055374,43000,87300,187600,,,,,,
2c737ce3-e8d7-4942-bb98-3a40d21547ee,2003,AES-128,encrypt,cuda_baseline,baseline,resident,pinned,CTR,16384,5,16384:CTR:5,a91668cd2b770d1e25029b860654e9fd9550f17f4ee94865430ac8474f2bb603,3,189,True,1,309.3655534668482,,5.2960000932216646e-05,,,52960.000932216644,,,,,,,,,52960.000932216644
2c737ce3-e8d7-4942-bb98-3a40d21547ee,2003,AES-128,encrypt,cuda_baseline,baseline,pipeline,pinned,CTR,16384,5,16384:CTR:5,a91668cd2b770d1e25029b860654e9fd9550f17f4ee94865430ac8474f2bb603,4,190,True,,316.440053311023,88.6100594916171,5.177599936723709e-05,0.0001849,43400,51775.99936723709,41300,84700,184900,,,,,,
2c737ce3-e8d7-4942-bb98-3a40d21547ee,2003,AES-128,encrypt,cuda_optimized,optimized,resident,pinned,CTR,16384,5,16384:CTR:5,a91668cd2b770d1e25029b860654e9fd9550f17f4ee94865430ac8474f2bb603,5,191,True,1,298.89083390095715,,5.481600016355515e-05,,,54816.000163555145,,,,,,,,,54816.000163555145
2c737ce3-e8d7-4942-bb98-3a40d21547ee,2003,AES-128,encrypt,cpu_software,software,transform,bytes,ECB,16384,6,16384:ECB:6,74bddb471f3c86a1633d92f13e92df4e625f02cbc29c994c9e738ca4dc4c1b24,0,192,True,,,,,,,,,,,57600,5.76e-05,284.44444444444446,0,0.0,
2c737ce3-e8d7-4942-bb98-3a40d21547ee,2003,AES-128,encrypt,cuda_optimized,optimized,resident,pinned,ECB,16384,6,16384:ECB:6,74bddb471f3c86a1633d92f13e92df4e625f02cbc29c994c9e738ca4dc4c1b24,1,193,True,1,331.6062178678066,,4.9407999962568284e-05,,,49407.99996256828,,,,,,,,,49407.99996256828
2c737ce3-e8d7-4942-bb98-3a40d21547ee,2003,AES-128,encrypt,cuda_baseline,baseline,pipeline,pinned,ECB,16384,6,16384:ECB:6,74bddb471f3c86a1633d92f13e92df4e625f02cbc29c994c9e738ca4dc4c1b24,2,194,True,,331.177228553621,90.07146783947223,4.947200044989586e-05,0.0001819,43700,49472.00044989586,41500,85200,181900,,,,,,
2c737ce3-e8d7-4942-bb98-3a40d21547ee,2003,AES-128,encrypt,cpu_aesni,aesni,transform,bytes,ECB,16384,6,16384:ECB:6,74bddb471f3c86a1633d92f13e92df4e625f02cbc29c994c9e738ca4dc4c1b24,3,195,True,,,,,,,,,,,8600,8.6e-06,1905.1162790697674,0,0.0,
2c737ce3-e8d7-4942-bb98-3a40d21547ee,2003,AES-128,encrypt,cuda_baseline,baseline,resident,pinned,ECB,16384,6,16384:ECB:6,74bddb471f3c86a1633d92f13e92df4e625f02cbc29c994c9e738ca4dc4c1b24,4,196,True,1,310.8682512936803,,5.270399898290634e-05,,,52703.99898290634,,,,,,,,,52703.99898290634
2c737ce3-e8d7-4942-bb98-3a40d21547ee,2003,AES-128,encrypt,cuda_optimized,optimized,pipeline,pinned,ECB,16384,6,16384:ECB:6,74bddb471f3c86a1633d92f13e92df4e625f02cbc29c994c9e738ca4dc4c1b24,5,197,True,,301.35373484564076,86.41350210970464,5.436800047755242e-05,0.0001896,43200,54368.000477552414,41700,84900,189600,,,,,,
2c737ce3-e8d7-4942-bb98-3a40d21547ee,2003,AES-128,encrypt,cuda_optimized,optimized,resident,pinned,CTR,16384,6,16384:CTR:6,101aa4a6e2692b1e0f65946f3755a33171494e481d354cd3ed1499b38abedff1,0,198,True,1,333.76791848074214,,4.90880012512207e-05,,,49088.0012512207,,,,,,,,,49088.0012512207
2c737ce3-e8d7-4942-bb98-3a40d21547ee,2003,AES-128,encrypt,cuda_baseline,baseline,pipeline,pinned,CTR,16384,6,16384:CTR:6,101aa4a6e2692b1e0f65946f3755a33171494e481d354cd3ed1499b38abedff1,1,199,True,,324.4613383544879,88.56216216216217,5.049600079655647e-05,0.000185,43800,50496.00079655647,41800,85600,185000,,,,,,
2c737ce3-e8d7-4942-bb98-3a40d21547ee,2003,AES-128,encrypt,cuda_baseline,baseline,resident,pinned,CTR,16384,6,16384:CTR:6,101aa4a6e2692b1e0f65946f3755a33171494e481d354cd3ed1499b38abedff1,2,200,True,1,321.60803715462237,,5.09440004825592e-05,,,50944.000482559204,,,,,,,,,50944.000482559204
2c737ce3-e8d7-4942-bb98-3a40d21547ee,2003,AES-128,encrypt,cpu_software,software,transform,bytes,CTR,16384,6,16384:CTR:6,101aa4a6e2692b1e0f65946f3755a33171494e481d354cd3ed1499b38abedff1,3,201,True,,,,,,,,,,,63300,6.33e-05,258.83096366508687,0,0.0,
2c737ce3-e8d7-4942-bb98-3a40d21547ee,2003,AES-128,encrypt,cuda_optimized,optimized,pipeline,pinned,CTR,16384,6,16384:CTR:6,101aa4a6e2692b1e0f65946f3755a33171494e481d354cd3ed1499b38abedff1,4,202,True,,322.62130272077354,88.89853499728703,5.078399926424027e-05,0.0001843,43300,50783.999264240265,41700,85000,184300,,,,,,
2c737ce3-e8d7-4942-bb98-3a40d21547ee,2003,AES-128,encrypt,cpu_aesni,aesni,transform,bytes,CTR,16384,6,16384:CTR:6,101aa4a6e2692b1e0f65946f3755a33171494e481d354cd3ed1499b38abedff1,5,203,True,,,,,,,,,,,11900,1.19e-05,1376.8067226890757,0,0.0,
2c737ce3-e8d7-4942-bb98-3a40d21547ee,2003,AES-128,encrypt,cuda_optimized,optimized,resident,pinned,CTR,16384,7,16384:CTR:7,64fcaed5462afed29efef4144f7b590e8b9b0cec6f310d821bdf83e41eefdbff,0,204,True,1,297.15612910493235,,5.5135998874902726e-05,,,55135.998874902725,,,,,,,,,55135.998874902725
2c737ce3-e8d7-4942-bb98-3a40d21547ee,2003,AES-128,encrypt,cpu_software,software,transform,bytes,CTR,16384,7,16384:CTR:7,64fcaed5462afed29efef4144f7b590e8b9b0cec6f310d821bdf83e41eefdbff,1,205,True,,,,,,,,,,,62900,6.29e-05,260.47694753577105,0,0.0,
2c737ce3-e8d7-4942-bb98-3a40d21547ee,2003,AES-128,encrypt,cuda_baseline,baseline,pipeline,pinned,CTR,16384,7,16384:CTR:7,64fcaed5462afed29efef4144f7b590e8b9b0cec6f310d821bdf83e41eefdbff,2,206,True,,342.0173703095979,89.04347826086956,4.790399968624115e-05,0.000184,44000,47903.99968624115,42600,86600,184000,,,,,,
2c737ce3-e8d7-4942-bb98-3a40d21547ee,2003,AES-128,encrypt,cuda_baseline,baseline,resident,pinned,CTR,16384,7,16384:CTR:7,64fcaed5462afed29efef4144f7b590e8b9b0cec6f310d821bdf83e41eefdbff,3,207,True,1,325.28589695705585,,5.0367999821901324e-05,,,50367.99982190132,,,,,,,,,50367.99982190132
2c737ce3-e8d7-4942-bb98-3a40d21547ee,2003,AES-128,encrypt,cuda_optimized,optimized,pipeline,pinned,CTR,16384,7,16384:CTR:7,64fcaed5462afed29efef4144f7b590e8b9b0cec6f310d821bdf83e41eefdbff,4,208,True,,326.7389797043601,89.82456140350877,5.0144001841545105e-05,0.0001824,42900,50144.001841545105,41800,84700,182400,,,,,,
2c737ce3-e8d7-4942-bb98-3a40d21547ee,2003,AES-128,encrypt,cpu_aesni,aesni,transform,bytes,CTR,16384,7,16384:CTR:7,64fcaed5462afed29efef4144f7b590e8b9b0cec6f310d821bdf83e41eefdbff,5,209,True,,,,,,,,,,,12300,1.23e-05,1332.0325203252032,0,0.0,
2c737ce3-e8d7-4942-bb98-3a40d21547ee,2003,AES-128,encrypt,cuda_baseline,baseline,pipeline,pinned,ECB,16384,7,16384:ECB:7,9a531206d37a2327ff0ad30865b81d4d2aa8d458b4a9aaa49533503cc4c7c925,0,210,True,,313.3414960212534,87.05632306057386,5.2287999540567396e-05,0.0001882,43600,52287.9995405674,43200,86800,188200,,,,,,
2c737ce3-e8d7-4942-bb98-3a40d21547ee,2003,AES-128,encrypt,cuda_optimized,optimized,pipeline,pinned,ECB,16384,7,16384:ECB:7,9a531206d37a2327ff0ad30865b81d4d2aa8d458b4a9aaa49533503cc4c7c925,1,211,True,,329.8969192622209,88.7060097455333,4.9663998186588286e-05,0.0001847,44500,49663.99818658829,42100,86600,184700,,,,,,
2c737ce3-e8d7-4942-bb98-3a40d21547ee,2003,AES-128,encrypt,cuda_optimized,optimized,resident,pinned,ECB,16384,7,16384:ECB:7,9a531206d37a2327ff0ad30865b81d4d2aa8d458b4a9aaa49533503cc4c7c925,2,212,True,1,344.31741056504643,,4.758400097489357e-05,,,47584.00097489357,,,,,,,,,47584.00097489357
2c737ce3-e8d7-4942-bb98-3a40d21547ee,2003,AES-128,encrypt,cuda_baseline,baseline,resident,pinned,ECB,16384,7,16384:ECB:7,9a531206d37a2327ff0ad30865b81d4d2aa8d458b4a9aaa49533503cc4c7c925,3,213,True,1,328.2051273116464,,4.992000013589859e-05,,,49920.00013589859,,,,,,,,,49920.00013589859
2c737ce3-e8d7-4942-bb98-3a40d21547ee,2003,AES-128,encrypt,cpu_software,software,transform,bytes,ECB,16384,7,16384:ECB:7,9a531206d37a2327ff0ad30865b81d4d2aa8d458b4a9aaa49533503cc4c7c925,4,214,True,,,,,,,,,,,59600,5.96e-05,274.8993288590604,0,0.0,
2c737ce3-e8d7-4942-bb98-3a40d21547ee,2003,AES-128,encrypt,cpu_aesni,aesni,transform,bytes,ECB,16384,7,16384:ECB:7,9a531206d37a2327ff0ad30865b81d4d2aa8d458b4a9aaa49533503cc4c7c925,5,215,True,,,,,,,,,,,7000,7e-06,2340.5714285714284,0,0.0,
2c737ce3-e8d7-4942-bb98-3a40d21547ee,2003,AES-128,encrypt,cpu_aesni,aesni,transform,bytes,CTR,16384,8,16384:CTR:8,15648fa0049e6322049bc5f8587f8d78b48a67158c9f4ed763f503647f32dee4,0,216,True,,,,,,,,,,,10000,1e-05,1638.4,0,0.0,
2c737ce3-e8d7-4942-bb98-3a40d21547ee,2003,AES-128,encrypt,cuda_baseline,baseline,pipeline,pinned,CTR,16384,8,16384:CTR:8,15648fa0049e6322049bc5f8587f8d78b48a67158c9f4ed763f503647f32dee4,1,217,True,,171.92746282328804,60.70396443127084,9.52960029244423e-05,0.0002699,45000,95296.00292444229,80300,125300,269900,,,,,,
2c737ce3-e8d7-4942-bb98-3a40d21547ee,2003,AES-128,encrypt,cuda_baseline,baseline,resident,pinned,CTR,16384,8,16384:CTR:8,15648fa0049e6322049bc5f8587f8d78b48a67158c9f4ed763f503647f32dee4,2,218,True,1,189.4191573832593,,8.649600297212601e-05,,,86496.002972126,,,,,,,,,86496.002972126
2c737ce3-e8d7-4942-bb98-3a40d21547ee,2003,AES-128,encrypt,cuda_optimized,optimized,resident,pinned,CTR,16384,8,16384:CTR:8,15648fa0049e6322049bc5f8587f8d78b48a67158c9f4ed763f503647f32dee4,3,219,True,1,316.8316900309437,,5.171199887990952e-05,,,51711.998879909515,,,,,,,,,51711.998879909515
2c737ce3-e8d7-4942-bb98-3a40d21547ee,2003,AES-128,encrypt,cpu_software,software,transform,bytes,CTR,16384,8,16384:CTR:8,15648fa0049e6322049bc5f8587f8d78b48a67158c9f4ed763f503647f32dee4,4,220,True,,,,,,,,,,,63300,6.33e-05,258.83096366508687,0,0.0,
2c737ce3-e8d7-4942-bb98-3a40d21547ee,2003,AES-128,encrypt,cuda_optimized,optimized,pipeline,pinned,CTR,16384,8,16384:CTR:8,15648fa0049e6322049bc5f8587f8d78b48a67158c9f4ed763f503647f32dee4,5,221,True,,323.6409494856864,88.89853499728703,5.0624001771211624e-05,0.0001843,41500,50624.001771211624,41600,83100,184300,,,,,,
2c737ce3-e8d7-4942-bb98-3a40d21547ee,2003,AES-128,encrypt,cuda_optimized,optimized,resident,pinned,ECB,16384,8,16384:ECB:8,b921e948bf083151d8aacfeed29bad9b38ae094b56189d296b8b0cc64ec2f09f,0,222,True,1,302.60047967682226,,5.41439987719059e-05,,,54143.9987719059,,,,,,,,,54143.9987719059
2c737ce3-e8d7-4942-bb98-3a40d21547ee,2003,AES-128,encrypt,cpu_aesni,aesni,transform,bytes,ECB,16384,8,16384:ECB:8,b921e948bf083151d8aacfeed29bad9b38ae094b56189d296b8b0cc64ec2f09f,1,223,True,,,,,,,,,,,9400,9.4e-06,1742.9787234042553,0,0.0,
2c737ce3-e8d7-4942-bb98-3a40d21547ee,2003,AES-128,encrypt,cpu_software,software,transform,bytes,ECB,16384,8,16384:ECB:8,b921e948bf083151d8aacfeed29bad9b38ae094b56189d296b8b0cc64ec2f09f,2,224,True,,,,,,,,,,,57300,5.73e-05,285.93368237347295,0,0.0,
2c737ce3-e8d7-4942-bb98-3a40d21547ee,2003,AES-128,encrypt,cuda_optimized,optimized,pipeline,pinned,ECB,16384,8,16384:ECB:8,b921e948bf083151d8aacfeed29bad9b38ae094b56189d296b8b0cc64ec2f09f,3,225,True,,330.7493477473748,88.27586206896552,4.953600093722343e-05,0.0001856,43300,49536.000937223434,42900,86200,185600,,,,,,
2c737ce3-e8d7-4942-bb98-3a40d21547ee,2003,AES-128,encrypt,cuda_baseline,baseline,pipeline,pinned,ECB,16384,8,16384:ECB:8,b921e948bf083151d8aacfeed29bad9b38ae094b56189d296b8b0cc64ec2f09f,4,226,True,,337.9537929613069,88.9951113525258,4.848000034689903e-05,0.0001841,44200,48480.00034689903,43900,88100,184100,,,,,,
2c737ce3-e8d7-4942-bb98-3a40d21547ee,2003,AES-128,encrypt,cuda_baseline,baseline,resident,pinned,ECB,16384,8,16384:ECB:8,b921e948bf083151d8aacfeed29bad9b38ae094b56189d296b8b0cc64ec2f09f,5,227,True,1,326.947626867347,,5.0112001597881316e-05,,,50112.00159788132,,,,,,,,,50112.00159788132
2c737ce3-e8d7-4942-bb98-3a40d21547ee,2003,AES-128,encrypt,cpu_aesni,aesni,transform,bytes,ECB,16384,9,16384:ECB:9,f3fcfc29ae3aae9eac452f6fb3efb9d5c7fb2eb1ab1b2c6f598847b74556af9a,0,228,True,,,,,,,,,,,7400,7.4e-06,2214.054054054054,0,0.0,
2c737ce3-e8d7-4942-bb98-3a40d21547ee,2003,AES-128,encrypt,cuda_baseline,baseline,resident,pinned,ECB,16384,9,16384:ECB:9,f3fcfc29ae3aae9eac452f6fb3efb9d5c7fb2eb1ab1b2c6f598847b74556af9a,1,229,True,1,296.2962957967803,,5.529600009322166e-05,,,55296.000093221664,,,,,,,,,55296.000093221664
2c737ce3-e8d7-4942-bb98-3a40d21547ee,2003,AES-128,encrypt,cuda_baseline,baseline,pipeline,pinned,ECB,16384,9,16384:ECB:9,f3fcfc29ae3aae9eac452f6fb3efb9d5c7fb2eb1ab1b2c6f598847b74556af9a,2,230,True,,345.47908409451696,88.94679695982627,4.742399975657463e-05,0.0001842,44300,47423.99975657463,44700,89000,184200,,,,,,
2c737ce3-e8d7-4942-bb98-3a40d21547ee,2003,AES-128,encrypt,cuda_optimized,optimized,pipeline,pinned,ECB,16384,9,16384:ECB:9,f3fcfc29ae3aae9eac452f6fb3efb9d5c7fb2eb1ab1b2c6f598847b74556af9a,3,231,True,,329.04884873055676,89.43231441048034,4.979199916124344e-05,0.0001832,42200,49791.99916124344,43600,85800,183200,,,,,,
2c737ce3-e8d7-4942-bb98-3a40d21547ee,2003,AES-128,encrypt,cuda_optimized,optimized,resident,pinned,ECB,16384,9,16384:ECB:9,f3fcfc29ae3aae9eac452f6fb3efb9d5c7fb2eb1ab1b2c6f598847b74556af9a,4,232,True,1,315.6596773288842,,5.190400034189224e-05,,,51904.00034189224,,,,,,,,,51904.00034189224
2c737ce3-e8d7-4942-bb98-3a40d21547ee,2003,AES-128,encrypt,cpu_software,software,transform,bytes,ECB,16384,9,16384:ECB:9,f3fcfc29ae3aae9eac452f6fb3efb9d5c7fb2eb1ab1b2c6f598847b74556af9a,5,233,True,,,,,,,,,,,59300,5.93e-05,276.2900505902192,0,0.0,
2c737ce3-e8d7-4942-bb98-3a40d21547ee,2003,AES-128,encrypt,cuda_optimized,optimized,resident,pinned,CTR,16384,9,16384:CTR:9,01027b9a1d57eea5602fff802faa47bd553be20edb1bf036a529cad3a6b3e515,0,234,True,1,297.3286949581145,,5.510399863123894e-05,,,55103.99863123894,,,,,,,,,55103.99863123894
2c737ce3-e8d7-4942-bb98-3a40d21547ee,2003,AES-128,encrypt,cuda_baseline,baseline,resident,pinned,CTR,16384,9,16384:CTR:9,01027b9a1d57eea5602fff802faa47bd553be20edb1bf036a529cad3a6b3e515,1,235,True,1,334.6405209854975,,4.896000027656555e-05,,,48960.00027656555,,,,,,,,,48960.00027656555
2c737ce3-e8d7-4942-bb98-3a40d21547ee,2003,AES-128,encrypt,cuda_baseline,baseline,pipeline,pinned,CTR,16384,9,16384:CTR:9,01027b9a1d57eea5602fff802faa47bd553be20edb1bf036a529cad3a6b3e515,2,236,True,,325.49269185633744,89.82456140350877,5.0335999578237536e-05,0.0001824,41100,50335.99957823753,43700,84800,182400,,,,,,
2c737ce3-e8d7-4942-bb98-3a40d21547ee,2003,AES-128,encrypt,cuda_optimized,optimized,pipeline,pinned,CTR,16384,9,16384:CTR:9,01027b9a1d57eea5602fff802faa47bd553be20edb1bf036a529cad3a6b3e515,3,237,True,,329.8969192622209,89.5790049207217,4.9663998186588286e-05,0.0001829,41900,49663.99818658829,45100,87000,182900,,,,,,
2c737ce3-e8d7-4942-bb98-3a40d21547ee,2003,AES-128,encrypt,cpu_aesni,aesni,transform,bytes,CTR,16384,9,16384:CTR:9,01027b9a1d57eea5602fff802faa47bd553be20edb1bf036a529cad3a6b3e515,4,238,True,,,,,,,,,,,12700,1.27e-05,1290.0787401574803,0,0.0,
2c737ce3-e8d7-4942-bb98-3a40d21547ee,2003,AES-128,encrypt,cpu_software,software,transform,bytes,CTR,16384,9,16384:CTR:9,01027b9a1d57eea5602fff802faa47bd553be20edb1bf036a529cad3a6b3e515,5,239,True,,,,,,,,,,,61500,6.15e-05,266.4065040650407,0,0.0,
2c737ce3-e8d7-4942-bb98-3a40d21547ee,2003,AES-128,encrypt,cpu_software,software,transform,bytes,ECB,1048576,0,1048576:ECB:0,f32ee310add3f2ec53195cfc848f66da72675b218ba2e7d6e0ad15ca747650b8,0,240,True,,,,,,,,,,,3753000,0.003753,279.39674926725286,0,0.0,
2c737ce3-e8d7-4942-bb98-3a40d21547ee,2003,AES-128,encrypt,cuda_baseline,baseline,pipeline,pinned,ECB,1048576,0,1048576:ECB:0,f32ee310add3f2ec53195cfc848f66da72675b218ba2e7d6e0ad15ca747650b8,1,241,True,,4437.703213804814,1129.6875673346262,0.00023628799617290497,0.0009282,310300,236287.99617290497,287000,597300,928200,,,,,,
2c737ce3-e8d7-4942-bb98-3a40d21547ee,2003,AES-128,encrypt,cuda_optimized,optimized,resident,pinned,ECB,1048576,0,1048576:ECB:0,f32ee310add3f2ec53195cfc848f66da72675b218ba2e7d6e0ad15ca747650b8,2,242,True,1,6071.521345541477,,0.00017270399630069731,,,172703.99630069733,,,,,,,,,172703.99630069733
2c737ce3-e8d7-4942-bb98-3a40d21547ee,2003,AES-128,encrypt,cpu_aesni,aesni,transform,bytes,ECB,1048576,0,1048576:ECB:0,f32ee310add3f2ec53195cfc848f66da72675b218ba2e7d6e0ad15ca747650b8,3,243,True,,,,,,,,,,,644900,0.0006449,1625.9513102806636,0,0.0,
2c737ce3-e8d7-4942-bb98-3a40d21547ee,2003,AES-128,encrypt,cuda_optimized,optimized,pipeline,pinned,ECB,1048576,0,1048576:ECB:0,f32ee310add3f2ec53195cfc848f66da72675b218ba2e7d6e0ad15ca747650b8,4,244,True,,6055.8122444103,1614.4357197844495,0.00017315199971199035,0.0006495,214100,173151.99971199036,204900,419000,649500,,,,,,
2c737ce3-e8d7-4942-bb98-3a40d21547ee,2003,AES-128,encrypt,cuda_baseline,baseline,resident,pinned,ECB,1048576,0,1048576:ECB:0,f32ee310add3f2ec53195cfc848f66da72675b218ba2e7d6e0ad15ca747650b8,5,245,True,1,6130.589388469024,,0.00017103999853134154,,,171039.99853134155,,,,,,,,,171039.99853134155
2c737ce3-e8d7-4942-bb98-3a40d21547ee,2003,AES-128,encrypt,cpu_software,software,transform,bytes,CTR,1048576,0,1048576:CTR:0,41cc5e283dc38e584daf2db19a3fc26a3bbf5f4e118eeef0a635f7f3b9a40894,0,246,True,,,,,,,,,,,4176700,0.0041767,251.05370268393708,0,0.0,
2c737ce3-e8d7-4942-bb98-3a40d21547ee,2003,AES-128,encrypt,cuda_baseline,baseline,pipeline,pinned,CTR,1048576,0,1048576:CTR:0,41cc5e283dc38e584daf2db19a3fc26a3bbf5f4e118eeef0a635f7f3b9a40894,1,247,True,,4566.968692806912,1322.7904629746436,0.00022959999740123748,0.0007927,212600,229599.9974012375,271900,484500,792700,,,,,,
2c737ce3-e8d7-4942-bb98-3a40d21547ee,2003,AES-128,encrypt,cpu_aesni,aesni,transform,bytes,CTR,1048576,0,1048576:CTR:0,41cc5e283dc38e584daf2db19a3fc26a3bbf5f4e118eeef0a635f7f3b9a40894,2,248,True,,,,,,,,,,,787600,0.0007876,1331.3560182833926,0,0.0,
2c737ce3-e8d7-4942-bb98-3a40d21547ee,2003,AES-128,encrypt,cuda_optimized,optimized,resident,pinned,CTR,1048576,0,1048576:CTR:0,41cc5e283dc38e584daf2db19a3fc26a3bbf5f4e118eeef0a635f7f3b9a40894,3,249,True,1,4287.882763138784,,0.00024454399943351745,,,244543.99943351746,,,,,,,,,244543.99943351746
2c737ce3-e8d7-4942-bb98-3a40d21547ee,2003,AES-128,encrypt,cuda_optimized,optimized,pipeline,pinned,CTR,1048576,0,1048576:CTR:0,41cc5e283dc38e584daf2db19a3fc26a3bbf5f4e118eeef0a635f7f3b9a40894,4,250,True,,4997.407450272814,1361.079958463136,0.00020982399582862853,0.0007704,239500,209823.99582862854,234200,473700,770400,,,,,,
2c737ce3-e8d7-4942-bb98-3a40d21547ee,2003,AES-128,encrypt,cuda_baseline,baseline,resident,pinned,CTR,1048576,0,1048576:CTR:0,41cc5e283dc38e584daf2db19a3fc26a3bbf5f4e118eeef0a635f7f3b9a40894,5,251,True,1,5861.8960442169955,,0.00017888000607490538,,,178880.0060749054,,,,,,,,,178880.0060749054
2c737ce3-e8d7-4942-bb98-3a40d21547ee,2003,AES-128,encrypt,cuda_baseline,baseline,resident,pinned,ECB,1048576,1,1048576:ECB:1,c0534086ecccd8178038bf28675ec029e5282743eb8f6f557d3f01a073e1f0de,0,252,True,1,4317.828543108707,,0.0002428479939699173,,,242847.9939699173,,,,,,,,,242847.9939699173
2c737ce3-e8d7-4942-bb98-3a40d21547ee,2003,AES-128,encrypt,cpu_aesni,aesni,transform,bytes,ECB,1048576,1,1048576:ECB:1,c0534086ecccd8178038bf28675ec029e5282743eb8f6f557d3f01a073e1f0de,1,253,True,,,,,,,,,,,637400,0.0006374,1645.083150298086,0,0.0,
2c737ce3-e8d7-4942-bb98-3a40d21547ee,2003,AES-128,encrypt,cuda_optimized,optimized,pipeline,pinned,ECB,1048576,1,1048576:ECB:1,c0534086ecccd8178038bf28675ec029e5282743eb8f6f557d3f01a073e1f0de,2,254,True,,4358.606029964604,1276.1056346598516,0.00024057599902153014,0.0008217,249100,240575.99902153015,242800,491900,821700,,,,,,
2c737ce3-e8d7-4942-bb98-3a40d21547ee,2003,AES-128,encrypt,cuda_optimized,optimized,resident,pinned,ECB,1048576,1,1048576:ECB:1,c0534086ecccd8178038bf28675ec029e5282743eb8f6f557d3f01a073e1f0de,3,255,True,1,5201.269834503535,,0.00020160000026226045,,,201600.00026226044,,,,,,,,,201600.00026226044
2c737ce3-e8d7-4942-bb98-3a40d21547ee,2003,AES-128,encrypt,cuda_baseline,baseline,pipeline,pinned,ECB,1048576,1,1048576:ECB:1,c0534086ecccd8178038bf28675ec029e5282743eb8f6f557d3f01a073e1f0de,4,256,True,,6127.1500962332375,1658.6143625434988,0.00017113600671291352,0.0006322,206200,171136.0067129135,202500,408700,632200,,,,,,
2c737ce3-e8d7-4942-bb98-3a40d21547ee,2003,AES-128,encrypt,cpu_software,software,transform,bytes,ECB,1048576,1,1048576:ECB:1,c0534086ecccd8178038bf28675ec029e5282743eb8f6f557d3f01a073e1f0de,5,257,True,,,,,,,,,,,3843900,0.0038439,272.7896147142225,15625000,4.064882020864227,
2c737ce3-e8d7-4942-bb98-3a40d21547ee,2003,AES-128,encrypt,cuda_optimized,optimized,resident,pinned,CTR,1048576,1,1048576:CTR:1,16e43973d35ca654e924e33d5a78106fbe95aa9e7732d44294516bc8ef933905,0,258,True,1,4321.81482966384,,0.00024262399971485137,,,242623.99971485138,,,,,,,,,242623.99971485138
2c737ce3-e8d7-4942-bb98-3a40d21547ee,2003,AES-128,encrypt,cuda_optimized,optimized,pipeline,pinned,CTR,1048576,1,1048576:CTR:1,16e43973d35ca654e924e33d5a78106fbe95aa9e7732d44294516bc8ef933905,1,259,True,,4275.574029155719,1302.740713132066,0.00024524800479412077,0.0008049,240600,245248.0047941208,234900,475500,804900,,,,,,
2c737ce3-e8d7-4942-bb98-3a40d21547ee,2003,AES-128,encrypt,cuda_baseline,baseline,resident,pinned,CTR,1048576,1,1048576:CTR:1,16e43973d35ca654e924e33d5a78106fbe95aa9e7732d44294516bc8ef933905,2,260,True,1,6081.662899747827,,0.00017241600155830383,,,172416.00155830383,,,,,,,,,172416.00155830383
2c737ce3-e8d7-4942-bb98-3a40d21547ee,2003,AES-128,encrypt,cpu_software,software,transform,bytes,CTR,1048576,1,1048576:CTR:1,16e43973d35ca654e924e33d5a78106fbe95aa9e7732d44294516bc8ef933905,3,261,True,,,,,,,,,,,4030300,0.0040303,260.17318810014143,15625000,3.8768826141974544,
2c737ce3-e8d7-4942-bb98-3a40d21547ee,2003,AES-128,encrypt,cpu_aesni,aesni,transform,bytes,CTR,1048576,1,1048576:CTR:1,16e43973d35ca654e924e33d5a78106fbe95aa9e7732d44294516bc8ef933905,4,262,True,,,,,,,,,,,761400,0.0007614,1377.1683740478068,0,0.0,
2c737ce3-e8d7-4942-bb98-3a40d21547ee,2003,AES-128,encrypt,cuda_baseline,baseline,pipeline,pinned,CTR,1048576,1,1048576:CTR:1,16e43973d35ca654e924e33d5a78106fbe95aa9e7732d44294516bc8ef933905,5,263,True,,5855.611391631976,1482.5053018521137,0.00017907199263572692,0.0007073,212400,179071.99263572693,254900,467300,707300,,,,,,
2c737ce3-e8d7-4942-bb98-3a40d21547ee,2003,AES-128,encrypt,cuda_baseline,baseline,resident,pinned,ECB,1048576,2,1048576:ECB:2,8ea72f8f224f3d5815140d87dcbce24558742e3f611317167267231c3a9c2d6f,0,264,True,1,4275.0163499459495,,0.00024527999758720397,,,245279.99758720398,,,,,,,,,245279.99758720398
2c737ce3-e8d7-4942-bb98-3a40d21547ee,2003,AES-128,encrypt,cuda_baseline,baseline,pipeline,pinned,ECB,1048576,2,1048576:ECB:2,8ea72f8f224f3d5815140d87dcbce24558742e3f611317167267231c3a9c2d6f,1,265,True,,4151.526775416387,1255.3286244463068,0.00025257599353790283,0.0008353,244900,252575.99353790283,241200,486100,835300,,,,,,
2c737ce3-e8d7-4942-bb98-3a40d21547ee,2003,AES-128,encrypt,cuda_optimized,optimized,pipeline,pinned,ECB,1048576,2,1048576:ECB:2,8ea72f8f224f3d5815140d87dcbce24558742e3f611317167267231c3a9c2d6f,2,266,True,,6188.479652199302,1631.0094882563385,0.00016944000124931335,0.0006429,217300,169440.00124931335,202000,419300,642900,,,,,,
2c737ce3-e8d7-4942-bb98-3a40d21547ee,2003,AES-128,encrypt,cuda_optimized,optimized,resident,pinned,ECB,1048576,2,1048576:ECB:2,8ea72f8f224f3d5815140d87dcbce24558742e3f611317167267231c3a9c2d6f,3,267,True,1,6223.7419142901945,,0.00016847999393939972,,,168479.99393939972,,,,,,,,,168479.99393939972
2c737ce3-e8d7-4942-bb98-3a40d21547ee,2003,AES-128,encrypt,cpu_aesni,aesni,transform,bytes,ECB,1048576,2,1048576:ECB:2,8ea72f8f224f3d5815140d87dcbce24558742e3f611317167267231c3a9c2d6f,4,268,True,,,,,,,,,,,630400,0.0006304,1663.3502538071066,0,0.0,
2c737ce3-e8d7-4942-bb98-3a40d21547ee,2003,AES-128,encrypt,cpu_software,software,transform,bytes,ECB,1048576,2,1048576:ECB:2,8ea72f8f224f3d5815140d87dcbce24558742e3f611317167267231c3a9c2d6f,5,269,True,,,,,,,,,,,3753000,0.003753,279.39674926725286,0,0.0,
2c737ce3-e8d7-4942-bb98-3a40d21547ee,2003,AES-128,encrypt,cpu_software,software,transform,bytes,CTR,1048576,2,1048576:CTR:2,89a58d36ccfa3896c6476fe4b5e962267fd65c2372d5ea627d48b23e8f43f29e,0,270,True,,,,,,,,,,,3963600,0.0039636,264.55141790291657,0,0.0,
2c737ce3-e8d7-4942-bb98-3a40d21547ee,2003,AES-128,encrypt,cuda_baseline,baseline,pipeline,pinned,CTR,1048576,2,1048576:CTR:2,89a58d36ccfa3896c6476fe4b5e962267fd65c2372d5ea627d48b23e8f43f29e,1,271,True,,4263.890653500258,1155.45564738292,0.00024592000246047974,0.0009075,248600,245920.00246047974,315500,564100,907500,,,,,,
2c737ce3-e8d7-4942-bb98-3a40d21547ee,2003,AES-128,encrypt,cuda_optimized,optimized,pipeline,pinned,CTR,1048576,2,1048576:CTR:2,89a58d36ccfa3896c6476fe4b5e962267fd65c2372d5ea627d48b23e8f43f29e,2,272,True,,4247.860996162852,1268.2341557813256,0.00024684800207614896,0.0008268,245600,246848.002076149,240600,486200,826800,,,,,,
2c737ce3-e8d7-4942-bb98-3a40d21547ee,2003,AES-128,encrypt,cuda_baseline,baseline,resident,pinned,CTR,1048576,2,1048576:CTR:2,89a58d36ccfa3896c6476fe4b5e962267fd65c2372d5ea627d48b23e8f43f29e,3,273,True,1,6088.442954603042,,0.0001722240000963211,,,172224.0000963211,,,,,,,,,172224.0000963211
2c737ce3-e8d7-4942-bb98-3a40d21547ee,2003,AES-128,encrypt,cpu_aesni,aesni,transform,bytes,CTR,1048576,2,1048576:CTR:2,89a58d36ccfa3896c6476fe4b5e962267fd65c2372d5ea627d48b23e8f43f29e,4,274,True,,,,,,,,,,,799200,0.0007992,1312.032032032032,0,0.0,
2c737ce3-e8d7-4942-bb98-3a40d21547ee,2003,AES-128,encrypt,cuda_optimized,optimized,resident,pinned,CTR,1048576,2,1048576:CTR:2,89a58d36ccfa3896c6476fe4b5e962267fd65c2372d5ea627d48b23e8f43f29e,5,275,True,1,5865.043920908425,,0.00017878399789333343,,,178783.99789333344,,,,,,,,,178783.99789333344
2c737ce3-e8d7-4942-bb98-3a40d21547ee,2003,AES-128,encrypt,cuda_baseline,baseline,resident,pinned,ECB,1048576,3,1048576:ECB:3,86efcd33b88fb204d8c9d9be2553586df49ba93087378fceaa44f19fab489671,0,276,True,1,4205.87860337857,,0.00024931199848651883,,,249311.99848651886,,,,,,,,,249311.99848651886
2c737ce3-e8d7-4942-bb98-3a40d21547ee,2003,AES-128,encrypt,cuda_baseline,baseline,pipeline,pinned,ECB,1048576,3,1048576:ECB:3,86efcd33b88fb204d8c9d9be2553586df49ba93087378fceaa44f19fab489671,1,277,True,,4948.353873153784,1247.8590979412115,0.00021190400421619416,0.0008403,241200,211904.00421619415,289200,530400,840300,,,,,,
2c737ce3-e8d7-4942-bb98-3a40d21547ee,2003,AES-128,encrypt,cuda_optimized,optimized,pipeline,pinned,ECB,1048576,3,1048576:ECB:3,86efcd33b88fb204d8c9d9be2553586df49ba93087378fceaa44f19fab489671,2,278,True,,5838.916719950865,1497.5378463296202,0.00017958399653434753,0.0007002,242500,179583.99653434753,212500,455000,700200,,,,,,
2c737ce3-e8d7-4942-bb98-3a40d21547ee,2003,AES-128,encrypt,cuda_optimized,optimized,resident,pinned,ECB,1048576,3,1048576:ECB:3,86efcd33b88fb204d8c9d9be2553586df49ba93087378fceaa44f19fab489671,3,279,True,1,5887.172108918894,,0.0001781120002269745,,,178112.0002269745,,,,,,,,,178112.0002269745
2c737ce3-e8d7-4942-bb98-3a40d21547ee,2003,AES-128,encrypt,cpu_aesni,aesni,transform,bytes,ECB,1048576,3,1048576:ECB:3,86efcd33b88fb204d8c9d9be2553586df49ba93087378fceaa44f19fab489671,4,280,True,,,,,,,,,,,627100,0.0006271,1672.103332801786,0,0.0,
2c737ce3-e8d7-4942-bb98-3a40d21547ee,2003,AES-128,encrypt,cpu_software,software,transform,bytes,ECB,1048576,3,1048576:ECB:3,86efcd33b88fb204d8c9d9be2553586df49ba93087378fceaa44f19fab489671,5,281,True,,,,,,,,,,,3851600,0.0038516,272.24426212483127,15625000,4.056755634022225,
2c737ce3-e8d7-4942-bb98-3a40d21547ee,2003,AES-128,encrypt,cuda_optimized,optimized,resident,pinned,CTR,1048576,3,1048576:CTR:3,c1ff363673794d86098d934e33abc03354ca86906aae56d3947eb3999dc23b1a,0,282,True,1,4833.751174468216,,0.00021692800521850585,,,216928.00521850586,,,,,,,,,216928.00521850586
2c737ce3-e8d7-4942-bb98-3a40d21547ee,2003,AES-128,encrypt,cuda_baseline,baseline,pipeline,pinned,CTR,1048576,3,1048576:CTR:3,c1ff363673794d86098d934e33abc03354ca86906aae56d3947eb3999dc23b1a,1,283,True,,4781.555666004313,1298.5461300309598,0.00021929599344730377,0.0008075,242200,219295.99344730377,246900,489100,807500,,,,,,
2c737ce3-e8d7-4942-bb98-3a40d21547ee,2003,AES-128,encrypt,cuda_optimized,optimized,pipeline,pinned,CTR,1048576,3,1048576:CTR:3,c1ff363673794d86098d934e33abc03354ca86906aae56d3947eb3999dc23b1a,2,284,True,,4364.992604605624,963.0565760470242,0.00024022400379180908,0.0010888,411900,240224.00379180908,317900,729800,1088800,,,,,,
2c737ce3-e8d7-4942-bb98-3a40d21547ee,2003,AES-128,encrypt,cpu_software,software,transform,bytes,CTR,1048576,3,1048576:CTR:3,c1ff363673794d86098d934e33abc03354ca86906aae56d3947eb3999dc23b1a,3,285,True,,,,,,,,,,,4666500,0.0046665,224.70288224579448,0,0.0,
2c737ce3-e8d7-4942-bb98-3a40d21547ee,2003,AES-128,encrypt,cuda_baseline,baseline,resident,pinned,CTR,1048576,3,1048576:CTR:3,c1ff363673794d86098d934e33abc03354ca86906aae56d3947eb3999dc23b1a,4,286,True,1,4918.64307178649,,0.00021318399906158447,,,213183.99906158447,,,,,,,,,213183.99906158447
2c737ce3-e8d7-4942-bb98-3a40d21547ee,2003,AES-128,encrypt,cpu_aesni,aesni,transform,bytes,CTR,1048576,3,1048576:CTR:3,c1ff363673794d86098d934e33abc03354ca86906aae56d3947eb3999dc23b1a,5,287,True,,,,,,,,,,,847800,0.0008478,1236.820004718094,0,0.0,
2c737ce3-e8d7-4942-bb98-3a40d21547ee,2003,AES-128,encrypt,cuda_baseline,baseline,resident,pinned,ECB,1048576,4,1048576:ECB:4,e0587401b3ff4c86168878a3693c06dafa0c54db716364e6e1a5192a4f131104,0,288,True,1,3945.0997464631946,,0.00026579201221466064,,,265792.01221466064,,,,,,,,,265792.01221466064
2c737ce3-e8d7-4942-bb98-3a40d21547ee,2003,AES-128,encrypt,cuda_baseline,baseline,pipeline,pinned,ECB,1048576,4,1048576:ECB:4,e0587401b3ff4c86168878a3693c06dafa0c54db716364e6e1a5192a4f131104,1,289,True,,4556.8070942706045,1205.3983216461663,0.0002301120012998581,0.0008699,296400,230112.0012998581,258200,554600,869900,,,,,,
2c737ce3-e8d7-4942-bb98-3a40d21547ee,2003,AES-128,encrypt,cuda_optimized,optimized,resident,pinned,ECB,1048576,4,1048576:ECB:4,e0587401b3ff4c86168878a3693c06dafa0c54db716364e6e1a5192a4f131104,2,290,True,1,5970.845612887142,,0.00017561599612236022,,,175615.99612236023,,,,,,,,,175615.99612236023
2c737ce3-e8d7-4942-bb98-3a40d21547ee,2003,AES-128,encrypt,cpu_aesni,aesni,transform,bytes,ECB,1048576,4,1048576:ECB:4,e0587401b3ff4c86168878a3693c06dafa0c54db716364e6e1a5192a4f131104,3,291,True,,,,,,,,,,,726000,0.000726,1444.3195592286502,0,0.0,
2c737ce3-e8d7-4942-bb98-3a40d21547ee,2003,AES-128,encrypt,cpu_software,software,transform,bytes,ECB,1048576,4,1048576:ECB:4,e0587401b3ff4c86168878a3693c06dafa0c54db716364e6e1a5192a4f131104,4,292,True,,,,,,,,,,,4595800,0.0045958,228.15962400452588,0,0.0,
2c737ce3-e8d7-4942-bb98-3a40d21547ee,2003,AES-128,encrypt,cuda_optimized,optimized,pipeline,pinned,ECB,1048576,4,1048576:ECB:4,e0587401b3ff4c86168878a3693c06dafa0c54db716364e6e1a5192a4f131104,5,293,True,,4996.645234815558,1074.0305234046912,0.00020985600352287293,0.0009763,340600,209856.00352287292,300600,641200,976300,,,,,,
2c737ce3-e8d7-4942-bb98-3a40d21547ee,2003,AES-128,encrypt,cuda_baseline,baseline,pipeline,pinned,CTR,1048576,4,1048576:CTR:4,70f364b9f37f85730f60f8e74fd4bc14fff847d8be4c347ea29b4b01f74fe418,0,294,True,,6011.374247372166,1586.8280871670702,0.0001744319945573807,0.0006608,212400,174431.99455738068,210100,422500,660800,,,,,,
2c737ce3-e8d7-4942-bb98-3a40d21547ee,2003,AES-128,encrypt,cpu_aesni,aesni,transform,bytes,CTR,1048576,4,1048576:CTR:4,70f364b9f37f85730f60f8e74fd4bc14fff847d8be4c347ea29b4b01f74fe418,1,295,True,,,,,,,,,,,809900,0.0008099,1294.6981108778862,0,0.0,
2c737ce3-e8d7-4942-bb98-3a40d21547ee,2003,AES-128,encrypt,cuda_optimized,optimized,resident,pinned,CTR,1048576,4,1048576:CTR:4,70f364b9f37f85730f60f8e74fd4bc14fff847d8be4c347ea29b4b01f74fe418,2,296,True,1,4442.516377702072,,0.00023603199422359466,,,236031.99422359467,,,,,,,,,236031.99422359467
2c737ce3-e8d7-4942-bb98-3a40d21547ee,2003,AES-128,encrypt,cuda_baseline,baseline,resident,pinned,CTR,1048576,4,1048576:CTR:4,70f364b9f37f85730f60f8e74fd4bc14fff847d8be4c347ea29b4b01f74fe418,3,297,True,1,5978.471018270133,,0.00017539200186729431,,,175392.0018672943,,,,,,,,,175392.0018672943
2c737ce3-e8d7-4942-bb98-3a40d21547ee,2003,AES-128,encrypt,cpu_software,software,transform,bytes,CTR,1048576,4,1048576:CTR:4,70f364b9f37f85730f60f8e74fd4bc14fff847d8be4c347ea29b4b01f74fe418,4,298,True,,,,,,,,,,,3981300,0.0039813,263.37527943134154,0,0.0,
2c737ce3-e8d7-4942-bb98-3a40d21547ee,2003,AES-128,encrypt,cuda_optimized,optimized,pipeline,pinned,CTR,1048576,4,1048576:CTR:4,70f364b9f37f85730f60f8e74fd4bc14fff847d8be4c347ea29b4b01f74fe418,5,299,True,,5839.957105190567,1587.54882664648,0.00017955200374126436,0.0006605,214200,179552.00374126434,206700,420900,660500,,,,,,
2c737ce3-e8d7-4942-bb98-3a40d21547ee,2003,AES-128,encrypt,cpu_aesni,aesni,transform,bytes,CTR,1048576,5,1048576:CTR:5,0c5b054d41392beb3908af99417b4b2f84e385e5cf6ff86b3d4000eb1d5d085f,0,300,True,,,,,,,,,,,781400,0.0007814,1341.9196314307653,0,0.0,
2c737ce3-e8d7-4942-bb98-3a40d21547ee,2003,AES-128,encrypt,cuda_optimized,optimized,pipeline,pinned,CTR,1048576,5,1048576:CTR:5,0c5b054d41392beb3908af99417b4b2f84e385e5cf6ff86b3d4000eb1d5d085f,1,301,True,,4291.252000002683,1195.5033633565158,0.00024435199797153475,0.0008771,243600,244351.99797153473,293900,537500,877100,,,,,,
2c737ce3-e8d7-4942-bb98-3a40d21547ee,2003,AES-128,encrypt,cuda_optimized,optimized,resident,pinned,CTR,1048576,5,1048576:CTR:5,0c5b054d41392beb3908af99417b4b2f84e385e5cf6ff86b3d4000eb1d5d085f,2,302,True,1,4289.566589237134,,0.0002444480061531067,,,244448.0061531067,,,,,,,,,244448.0061531067
2c737ce3-e8d7-4942-bb98-3a40d21547ee,2003,AES-128,encrypt,cuda_baseline,baseline,resident,pinned,CTR,1048576,5,1048576:CTR:5,0c5b054d41392beb3908af99417b4b2f84e385e5cf6ff86b3d4000eb1d5d085f,3,303,True,1,6006.966239911262,,0.00017455999553203582,,,174559.99553203583,,,,,,,,,174559.99553203583
2c737ce3-e8d7-4942-bb98-3a40d21547ee,2003,AES-128,encrypt,cpu_software,software,transform,bytes,CTR,1048576,5,1048576:CTR:5,0c5b054d41392beb3908af99417b4b2f84e385e5cf6ff86b3d4000eb1d5d085f,4,304,True,,,,,,,,,,,4049200,0.0040492,258.9588066778623,0,0.0,
2c737ce3-e8d7-4942-bb98-3a40d21547ee,2003,AES-128,encrypt,cuda_baseline,baseline,pipeline,pinned,CTR,1048576,5,1048576:CTR:5,0c5b054d41392beb3908af99417b4b2f84e385e5cf6ff86b3d4000eb1d5d085f,5,305,True,,5839.957105190567,1461.6336771675494,0.00017955200374126436,0.0007174,243400,179552.00374126434,204300,447700,717400,,,,,,
2c737ce3-e8d7-4942-bb98-3a40d21547ee,2003,AES-128,encrypt,cuda_optimized,optimized,resident,pinned,ECB,1048576,5,1048576:ECB:5,11265b85045e7d2416857aa00b1287969a6cb91b5bff8fde86f70ed95e5fadbb,0,306,True,1,4398.9796446611235,,0.00023836800456047058,,,238368.00456047058,,,,,,,,,238368.00456047058
2c737ce3-e8d7-4942-bb98-3a40d21547ee,2003,AES-128,encrypt,cuda_baseline,baseline,resident,pinned,ECB,1048576,5,1048576:ECB:5,11265b85045e7d2416857aa00b1287969a6cb91b5bff8fde86f70ed95e5fadbb,1,307,True,1,4450.964303898316,,0.00023558400571346282,,,235584.00571346283,,,,,,,,,235584.00571346283
2c737ce3-e8d7-4942-bb98-3a40d21547ee,2003,AES-128,encrypt,cuda_optimized,optimized,pipeline,pinned,ECB,1048576,5,1048576:ECB:5,11265b85045e7d2416857aa00b1287969a6cb91b5bff8fde86f70ed95e5fadbb,2,308,True,,6193.158183111642,1656.7799020382367,0.0001693120002746582,0.0006329,207200,169312.0002746582,202500,409700,632900,,,,,,
2c737ce3-e8d7-4942-bb98-3a40d21547ee,2003,AES-128,encrypt,cuda_baseline,baseline,pipeline,pinned,ECB,1048576,5,1048576:ECB:5,11265b85045e7d2416857aa00b1287969a6cb91b5bff8fde86f70ed95e5fadbb,3,309,True,,6184.975662004077,1661.2420785804816,0.00016953599452972413,0.0006312,206700,169535.99452972412,201800,408500,631200,,,,,,
2c737ce3-e8d7-4942-bb98-3a40d21547ee,2003,AES-128,encrypt,cpu_aesni,aesni,transform,bytes,ECB,1048576,5,1048576:ECB:5,11265b85045e7d2416857aa00b1287969a6cb91b5bff8fde86f70ed95e5fadbb,4,310,True,,,,,,,,,,,603800,0.0006038,1736.6280225240146,0,0.0,
2c737ce3-e8d7-4942-bb98-3a40d21547ee,2003,AES-128,encrypt,cpu_software,software,transform,bytes,ECB,1048576,5,1048576:ECB:5,11265b85045e7d2416857aa00b1287969a6cb91b5bff8fde86f70ed95e5fadbb,5,311,True,,,,,,,,,,,4575000,0.004575,229.19693989071038,15625000,3.4153005464480874,
2c737ce3-e8d7-4942-bb98-3a40d21547ee,2003,AES-128,encrypt,cuda_optimized,optimized,resident,pinned,ECB,1048576,6,1048576:ECB:6,705d090a7d0abcaa379dea907c79303c30352d91d0be40cdfab13bd2b775d6d2,0,312,True,1,4429.305225405997,,0.000236735999584198,,,236735.999584198,,,,,,,,,236735.999584198
2c737ce3-e8d7-4942-bb98-3a40d21547ee,2003,AES-128,encrypt,cpu_software,software,transform,bytes,ECB,1048576,6,1048576:ECB:6,705d090a7d0abcaa379dea907c79303c30352d91d0be40cdfab13bd2b775d6d2,1,313,True,,,,,,,,,,,3972500,0.0039725,263.95871617369414,15625000,3.9332913782252987,
2c737ce3-e8d7-4942-bb98-3a40d21547ee,2003,AES-128,encrypt,cuda_baseline,baseline,pipeline,pinned,ECB,1048576,6,1048576:ECB:6,705d090a7d0abcaa379dea907c79303c30352d91d0be40cdfab13bd2b775d6d2,2,314,True,,4192.425841393476,1180.0315102408283,0.00025011199712753296,0.0008886,257500,250111.99712753296,284500,542000,888600,,,,,,
2c737ce3-e8d7-4942-bb98-3a40d21547ee,2003,AES-128,encrypt,cuda_optimized,optimized,pipeline,pinned,ECB,1048576,6,1048576:ECB:6,705d090a7d0abcaa379dea907c79303c30352d91d0be40cdfab13bd2b775d6d2,3,315,True,,5104.844819789596,1364.6225923997918,0.0002054080069065094,0.0007684,241000,205408.0069065094,234900,475900,768400,,,,,,
2c737ce3-e8d7-4942-bb98-3a40d21547ee,2003,AES-128,encrypt,cuda_baseline,baseline,resident,pinned,ECB,1048576,6,1048576:ECB:6,705d090a7d0abcaa379dea907c79303c30352d91d0be40cdfab13bd2b775d6d2,4,316,True,1,6146.6893523468025,,0.00017059199512004853,,,170591.99512004852,,,,,,,,,170591.99512004852
2c737ce3-e8d7-4942-bb98-3a40d21547ee,2003,AES-128,encrypt,cpu_aesni,aesni,transform,bytes,ECB,1048576,6,1048576:ECB:6,705d090a7d0abcaa379dea907c79303c30352d91d0be40cdfab13bd2b775d6d2,5,317,True,,,,,,,,,,,624500,0.0006245,1679.064851881505,0,0.0,
2c737ce3-e8d7-4942-bb98-3a40d21547ee,2003,AES-128,encrypt,cuda_baseline,baseline,pipeline,pinned,CTR,1048576,6,1048576:CTR:6,53e1d80cd5f348830679cae418e6bf90145b5774a34c621019a4c77182df8b51,0,318,True,,5824.386777442956,1364.2674993494666,0.00018003199994564057,0.0007686,245300,180031.99994564056,254900,500200,768600,,,,,,
2c737ce3-e8d7-4942-bb98-3a40d21547ee,2003,AES-128,encrypt,cpu_software,software,transform,bytes,CTR,1048576,6,1048576:CTR:6,53e1d80cd5f348830679cae418e6bf90145b5774a34c621019a4c77182df8b51,1,319,True,,,,,,,,,,,4125000,0.004125,254.20024242424242,0,0.0,
2c737ce3-e8d7-4942-bb98-3a40d21547ee,2003,AES-128,encrypt,cuda_optimized,optimized,pipeline,pinned,CTR,1048576,6,1048576:CTR:6,53e1d80cd5f348830679cae418e6bf90145b5774a34c621019a4c77182df8b51,2,320,True,,5839.957105190567,1434.2442894268909,0.00017955200374126436,0.0007311,213500,179552.00374126434,234100,447600,731100,,,,,,
2c737ce3-e8d7-4942-bb98-3a40d21547ee,2003,AES-128,encrypt,cuda_baseline,baseline,resident,pinned,CTR,1048576,6,1048576:CTR:6,53e1d80cd5f348830679cae418e6bf90145b5774a34c621019a4c77182df8b51,3,321,True,1,5810.959529637001,,0.0001804479956626892,,,180447.9956626892,,,,,,,,,180447.9956626892
2c737ce3-e8d7-4942-bb98-3a40d21547ee,2003,AES-128,encrypt,cpu_aesni,aesni,transform,bytes,CTR,1048576,6,1048576:CTR:6,53e1d80cd5f348830679cae418e6bf90145b5774a34c621019a4c77182df8b51,4,322,True,,,,,,,,,,,884500,0.0008845,1185.5014132278122,0,0.0,
2c737ce3-e8d7-4942-bb98-3a40d21547ee,2003,AES-128,encrypt,cuda_optimized,optimized,resident,pinned,CTR,1048576,6,1048576:CTR:6,53e1d80cd5f348830679cae418e6bf90145b5774a34c621019a4c77182df8b51,5,323,True,1,5879.777680582584,,0.0001783359944820404,,,178335.9944820404,,,,,,,,,178335.9944820404
2c737ce3-e8d7-4942-bb98-3a40d21547ee,2003,AES-128,encrypt,cpu_software,software,transform,bytes,ECB,1048576,7,1048576:ECB:7,792f999995dd5c51b69c3cb34112c3c7a89dab751e9cdbe667720d7e24e58d33,0,324,True,,,,,,,,,,,3721800,0.0037218,281.73894352195174,0,0.0,
2c737ce3-e8d7-4942-bb98-3a40d21547ee,2003,AES-128,encrypt,cuda_optimized,optimized,resident,pinned,ECB,1048576,7,1048576:ECB:7,792f999995dd5c51b69c3cb34112c3c7a89dab751e9cdbe667720d7e24e58d33,1,325,True,1,4645.307520466849,,0.00022572800517082215,,,225728.00517082214,,,,,,,,,225728.00517082214
2c737ce3-e8d7-4942-bb98-3a40d21547ee,2003,AES-128,encrypt,cuda_optimized,optimized,pipeline,pinned,ECB,1048576,7,1048576:ECB:7,792f999995dd5c51b69c3cb34112c3c7a89dab751e9cdbe667720d7e24e58d33,2,326,True,,5070.091222033682,1103.7642105263158,0.00020681600272655487,0.00095,298400,206816.00272655487,303500,601900,950000,,,,,,
2c737ce3-e8d7-4942-bb98-3a40d21547ee,2003,AES-128,encrypt,cuda_baseline,baseline,resident,pinned,ECB,1048576,7,1048576:ECB:7,792f999995dd5c51b69c3cb34112c3c7a89dab751e9cdbe667720d7e24e58d33,3,327,True,1,5090.5702305536315,,0.0002059839963912964,,,205983.9963912964,,,,,,,,,205983.9963912964
2c737ce3-e8d7-4942-bb98-3a40d21547ee,2003,AES-128,encrypt,cpu_aesni,aesni,transform,bytes,ECB,1048576,7,1048576:ECB:7,792f999995dd5c51b69c3cb34112c3c7a89dab751e9cdbe667720d7e24e58d33,4,328,True,,,,,,,,,,,630900,0.0006309,1662.0320177524172,0,0.0,
2c737ce3-e8d7-4942-bb98-3a40d21547ee,2003,AES-128,encrypt,cuda_baseline,baseline,pipeline,pinned,ECB,1048576,7,1048576:ECB:7,792f999995dd5c51b69c3cb34112c3c7a89dab751e9cdbe667720d7e24e58d33,5,329,True,,4901.720333068263,1200.8428767750802,0.000213919997215271,0.0008732,246700,213919.997215271,266000,512700,873200,,,,,,
2c737ce3-e8d7-4942-bb98-3a40d21547ee,2003,AES-128,encrypt,cuda_baseline,baseline,pipeline,pinned,CTR,1048576,7,1048576:CTR:7,c2f7251bc0b3f69bb33fb4137cec08c0dbcf07e8c5e7b107ce5cd34fca0d82b3,0,330,True,,3596.5315762229907,1139.2611907866144,0.0002915520071983337,0.0009204,244800,291552.00719833374,290400,535200,920400,,,,,,
2c737ce3-e8d7-4942-bb98-3a40d21547ee,2003,AES-128,encrypt,cpu_software,software,transform,bytes,CTR,1048576,7,1048576:CTR:7,c2f7251bc0b3f69bb33fb4137cec08c0dbcf07e8c5e7b107ce5cd34fca0d82b3,1,331,True,,,,,,,,,,,3984700,0.0039847,263.1505508570281,0,0.0,
2c737ce3-e8d7-4942-bb98-3a40d21547ee,2003,AES-128,encrypt,cpu_aesni,aesni,transform,bytes,CTR,1048576,7,1048576:CTR:7,c2f7251bc0b3f69bb33fb4137cec08c0dbcf07e8c5e7b107ce5cd34fca0d82b3,2,332,True,,,,,,,,,,,781600,0.0007816,1341.5762538382805,0,0.0,
2c737ce3-e8d7-4942-bb98-3a40d21547ee,2003,AES-128,encrypt,cuda_baseline,baseline,resident,pinned,CTR,1048576,7,1048576:CTR:7,c2f7251bc0b3f69bb33fb4137cec08c0dbcf07e8c5e7b107ce5cd34fca0d82b3,3,333,True,1,4267.778183511187,,0.00024569599330425264,,,245695.99330425262,,,,,,,,,245695.99330425262
2c737ce3-e8d7-4942-bb98-3a40d21547ee,2003,AES-128,encrypt,cuda_optimized,optimized,resident,pinned,CTR,1048576,7,1048576:CTR:7,c2f7251bc0b3f69bb33fb4137cec08c0dbcf07e8c5e7b107ce5cd34fca0d82b3,4,334,True,1,4344.736056597541,,0.00024134400486946106,,,241344.00486946106,,,,,,,,,241344.00486946106
2c737ce3-e8d7-4942-bb98-3a40d21547ee,2003,AES-128,encrypt,cuda_optimized,optimized,pipeline,pinned,CTR,1048576,7,1048576:CTR:7,c2f7251bc0b3f69bb33fb4137cec08c0dbcf07e8c5e7b107ce5cd34fca0d82b3,5,335,True,,5836.836576994989,1634.0595293750973,0.0001796479970216751,0.0006417,207200,179647.9970216751,202700,409900,641700,,,,,,
2c737ce3-e8d7-4942-bb98-3a40d21547ee,2003,AES-128,encrypt,cuda_baseline,baseline,pipeline,pinned,CTR,1048576,8,1048576:CTR:8,689b6a346c779654448b65ae00be646187d58c7f98d044758ae7e17ac7a6f9ba,0,336,True,,3470.818618680489,1138.642632207623,0.00030211201310157776,0.0009209,242200,302112.01310157776,285800,528000,920900,,,,,,
2c737ce3-e8d7-4942-bb98-3a40d21547ee,2003,AES-128,encrypt,cpu_software,software,transform,bytes,CTR,1048576,8,1048576:CTR:8,689b6a346c779654448b65ae00be646187d58c7f98d044758ae7e17ac7a6f9ba,1,337,True,,,,,,,,,,,3993700,0.0039937,262.55752810676813,0,0.0,
2c737ce3-e8d7-4942-bb98-3a40d21547ee,2003,AES-128,encrypt,cuda_optimized,optimized,resident,pinned,CTR,1048576,8,1048576:CTR:8,689b6a346c779654448b65ae00be646187d58c7f98d044758ae7e17ac7a6f9ba,2,338,True,1,2460.2448239945734,,0.0004262079894542694,,,426207.9894542694,,,,,,,,,426207.9894542694
2c737ce3-e8d7-4942-bb98-3a40d21547ee,2003,AES-128,encrypt,cuda_optimized,optimized,pipeline,pinned,CTR,1048576,8,1048576:CTR:8,689b6a346c779654448b65ae00be646187d58c7f98d044758ae7e17ac7a6f9ba,3,339,True,,3904.6712830502725,1263.953712632594,0.00026854398846626283,0.0008296,239900,268543.9884662628,201300,441200,829600,,,,,,
2c737ce3-e8d7-4942-bb98-3a40d21547ee,2003,AES-128,encrypt,cuda_baseline,baseline,resident,pinned,CTR,1048576,8,1048576:CTR:8,689b6a346c779654448b65ae00be646187d58c7f98d044758ae7e17ac7a6f9ba,4,340,True,1,4820.9505367035235,,0.00021750399470329285,,,217503.99470329285,,,,,,,,,217503.99470329285
2c737ce3-e8d7-4942-bb98-3a40d21547ee,2003,AES-128,encrypt,cpu_aesni,aesni,transform,bytes,CTR,1048576,8,1048576:CTR:8,689b6a346c779654448b65ae00be646187d58c7f98d044758ae7e17ac7a6f9ba,5,341,True,,,,,,,,,,,795400,0.0007954,1318.300226301232,0,0.0,
2c737ce3-e8d7-4942-bb98-3a40d21547ee,2003,AES-128,encrypt,cuda_baseline,baseline,pipeline,pinned,ECB,1048576,8,1048576:ECB:8,12622055e4e59c2d066c6c7cc9c442277112f3b6fe147e78fab41b700abc86cc,0,342,True,,4394.84980722547,1285.334640843344,0.0002385919988155365,0.0008158,248200,238591.9988155365,238600,486800,815800,,,,,,
2c737ce3-e8d7-4942-bb98-3a40d21547ee,2003,AES-128,encrypt,cpu_aesni,aesni,transform,bytes,ECB,1048576,8,1048576:ECB:8,12622055e4e59c2d066c6c7cc9c442277112f3b6fe147e78fab41b700abc86cc,1,343,True,,,,,,,,,,,600400,0.0006004,1746.462358427715,0,0.0,
2c737ce3-e8d7-4942-bb98-3a40d21547ee,2003,AES-128,encrypt,cuda_baseline,baseline,resident,pinned,ECB,1048576,8,1048576:ECB:8,12622055e4e59c2d066c6c7cc9c442277112f3b6fe147e78fab41b700abc86cc,2,344,True,1,4413.792993470267,,0.00023756800591945648,,,237568.00591945648,,,,,,,,,237568.00591945648
2c737ce3-e8d7-4942-bb98-3a40d21547ee,2003,AES-128,encrypt,cpu_software,software,transform,bytes,ECB,1048576,8,1048576:ECB:8,12622055e4e59c2d066c6c7cc9c442277112f3b6fe147e78fab41b700abc86cc,3,345,True,,,,,,,,,,,3734900,0.0037349,280.7507563790195,0,0.0,
2c737ce3-e8d7-4942-bb98-3a40d21547ee,2003,AES-128,encrypt,cuda_optimized,optimized,pipeline,pinned,ECB,1048576,8,1048576:ECB:8,12622055e4e59c2d066c6c7cc9c442277112f3b6fe147e78fab41b700abc86cc,4,346,True,,5104.844819789596,1456.7602111697695,0.0002054080069065094,0.0007198,213700,205408.0069065094,240500,454200,719800,,,,,,
2c737ce3-e8d7-4942-bb98-3a40d21547ee,2003,AES-128,encrypt,cuda_optimized,optimized,resident,pinned,ECB,1048576,8,1048576:ECB:8,12622055e4e59c2d066c6c7cc9c442277112f3b6fe147e78fab41b700abc86cc,5,347,True,1,4413.792993470267,,0.00023756800591945648,,,237568.00591945648,,,,,,,,,237568.00591945648
2c737ce3-e8d7-4942-bb98-3a40d21547ee,2003,AES-128,encrypt,cpu_software,software,transform,bytes,ECB,1048576,9,1048576:ECB:9,9b62dfacdcc096b700f47210b27b6e26016aa7e6a279cb642551c1e6493c7312,0,348,True,,,,,,,,,,,3745100,0.0037451,279.9861151905156,0,0.0,
2c737ce3-e8d7-4942-bb98-3a40d21547ee,2003,AES-128,encrypt,cpu_aesni,aesni,transform,bytes,ECB,1048576,9,1048576:ECB:9,9b62dfacdcc096b700f47210b27b6e26016aa7e6a279cb642551c1e6493c7312,1,349,True,,,,,,,,,,,604700,0.0006047,1734.0433272697205,0,0.0,
2c737ce3-e8d7-4942-bb98-3a40d21547ee,2003,AES-128,encrypt,cuda_optimized,optimized,resident,pinned,ECB,1048576,9,1048576:ECB:9,9b62dfacdcc096b700f47210b27b6e26016aa7e6a279cb642551c1e6493c7312,2,350,True,1,4352.238116864472,,0.00024092799425125123,,,240927.99425125122,,,,,,,,,240927.99425125122
2c737ce3-e8d7-4942-bb98-3a40d21547ee,2003,AES-128,encrypt,cuda_optimized,optimized,pipeline,pinned,ECB,1048576,9,1048576:ECB:9,9b62dfacdcc096b700f47210b27b6e26016aa7e6a279cb642551c1e6493c7312,3,351,True,,4444.926877068512,1309.2470970158572,0.0002359039932489395,0.0008009,245700,235903.9932489395,234700,480400,800900,,,,,,
2c737ce3-e8d7-4942-bb98-3a40d21547ee,2003,AES-128,encrypt,cuda_baseline,baseline,resident,pinned,ECB,1048576,9,1048576:ECB:9,9b62dfacdcc096b700f47210b27b6e26016aa7e6a279cb642551c1e6493c7312,4,352,True,1,5122.401086843682,,0.00020470400154590606,,,204704.00154590607,,,,,,,,,204704.00154590607
2c737ce3-e8d7-4942-bb98-3a40d21547ee,2003,AES-128,encrypt,cuda_baseline,baseline,pipeline,pinned,ECB,1048576,9,1048576:ECB:9,9b62dfacdcc096b700f47210b27b6e26016aa7e6a279cb642551c1e6493c7312,5,353,True,,6052.4568388275175,1651.8210459987397,0.00017324799299240113,0.0006348,207300,173247.99299240112,201600,408900,634800,,,,,,
2c737ce3-e8d7-4942-bb98-3a40d21547ee,2003,AES-128,encrypt,cuda_optimized,optimized,pipeline,pinned,CTR,1048576,9,1048576:CTR:9,eb1d7046a25c00d4ced5ba0c1355a6561cf20081229eeb91336b89bbbebc92e9,0,354,True,,4326.950921383611,1211.666281488329,0.0002423360049724579,0.0008654,248500,242336.0049724579,283200,531700,865400,,,,,,
2c737ce3-e8d7-4942-bb98-3a40d21547ee,2003,AES-128,encrypt,cpu_software,software,transform,bytes,CTR,1048576,9,1048576:CTR:9,eb1d7046a25c00d4ced5ba0c1355a6561cf20081229eeb91336b89bbbebc92e9,1,355,True,,,,,,,,,,,3963400,0.0039634,264.5647676237574,0,0.0,
2c737ce3-e8d7-4942-bb98-3a40d21547ee,2003,AES-128,encrypt,cuda_baseline,baseline,resident,pinned,CTR,1048576,9,1048576:CTR:9,eb1d7046a25c00d4ced5ba0c1355a6561cf20081229eeb91336b89bbbebc92e9,2,356,True,1,4311.01176403807,,0.00024323199689388274,,,243231.99689388275,,,,,,,,,243231.99689388275
2c737ce3-e8d7-4942-bb98-3a40d21547ee,2003,AES-128,encrypt,cpu_aesni,aesni,transform,bytes,CTR,1048576,9,1048576:CTR:9,eb1d7046a25c00d4ced5ba0c1355a6561cf20081229eeb91336b89bbbebc92e9,3,357,True,,,,,,,,,,,766900,0.0007669,1367.291693832312,0,0.0,
2c737ce3-e8d7-4942-bb98-3a40d21547ee,2003,AES-128,encrypt,cuda_baseline,baseline,pipeline,pinned,CTR,1048576,9,1048576:CTR:9,eb1d7046a25c00d4ced5ba0c1355a6561cf20081229eeb91336b89bbbebc92e9,4,358,True,,4283.958797873287,1251.732123671959,0.00024476799368858336,0.0008377,246300,244767.99368858337,258200,504500,837700,,,,,,
2c737ce3-e8d7-4942-bb98-3a40d21547ee,2003,AES-128,encrypt,cuda_optimized,optimized,resident,pinned,CTR,1048576,9,1048576:CTR:9,eb1d7046a25c00d4ced5ba0c1355a6561cf20081229eeb91336b89bbbebc92e9,5,359,True,1,5059.132164523585,,0.0002072640061378479,,,207264.0061378479,,,,,,,,,207264.0061378479
2c737ce3-e8d7-4942-bb98-3a40d21547ee,2003,AES-128,encrypt,cpu_software,software,transform,bytes,CTR,16777216,0,16777216:CTR:0,6131f00d8f031b3e00c39c538ce0cf0990b12788526b6215584a2b9de2a5b6fe,0,360,True,,,,,,,,,,,65124900,0.0651249,257.6159963393418,62500000,0.9596943718915499,
2c737ce3-e8d7-4942-bb98-3a40d21547ee,2003,AES-128,encrypt,cuda_baseline,baseline,resident,pinned,CTR,16777216,0,16777216:CTR:0,6131f00d8f031b3e00c39c538ce0cf0990b12788526b6215584a2b9de2a5b6fe,1,361,True,1,8053.084262452606,,0.0020833280086517336,,,2083328.0086517334,,,,,,,,,2083328.0086517334
2c737ce3-e8d7-4942-bb98-3a40d21547ee,2003,AES-128,encrypt,cuda_optimized,optimized,pipeline,pinned,CTR,16777216,0,16777216:CTR:0,6131f00d8f031b3e00c39c538ce0cf0990b12788526b6215584a2b9de2a5b6fe,2,362,True,,7870.301577361401,2193.214808617444,0.0021317119598388674,0.0076496,2747600,2131711.959838867,2615300,5362900,7649600,,,,,,
2c737ce3-e8d7-4942-bb98-3a40d21547ee,2003,AES-128,encrypt,cuda_baseline,baseline,pipeline,pinned,CTR,16777216,0,16777216:CTR:0,6131f00d8f031b3e00c39c538ce0cf0990b12788526b6215584a2b9de2a5b6fe,3,363,True,,8080.265345361894,2256.488278570564,0.002076319932937622,0.0074351,2671200,2076319.932937622,2607200,5278400,7435100,,,,,,
2c737ce3-e8d7-4942-bb98-3a40d21547ee,2003,AES-128,encrypt,cuda_optimized,optimized,resident,pinned,CTR,16777216,0,16777216:CTR:0,6131f00d8f031b3e00c39c538ce0cf0990b12788526b6215584a2b9de2a5b6fe,4,364,True,1,8146.43046702026,,0.0020594561100006105,,,2059456.1100006104,,,,,,,,,2059456.1100006104
2c737ce3-e8d7-4942-bb98-3a40d21547ee,2003,AES-128,encrypt,cpu_aesni,aesni,transform,bytes,CTR,16777216,0,16777216:CTR:0,6131f00d8f031b3e00c39c538ce0cf0990b12788526b6215584a2b9de2a5b6fe,5,365,True,,,,,,,,,,,13369400,0.0133694,1254.8967044145586,15625000,1.1687136296318459,
2c737ce3-e8d7-4942-bb98-3a40d21547ee,2003,AES-128,encrypt,cuda_baseline,baseline,resident,pinned,ECB,16777216,0,16777216:ECB:0,f139c2015f27b3b8433417c1385095b3697b5320074161fe84aa8cbbc8319daa,0,366,True,1,7962.699026067017,,0.0021069760322570802,,,2106976.03225708,,,,,,,,,2106976.03225708
2c737ce3-e8d7-4942-bb98-3a40d21547ee,2003,AES-128,encrypt,cpu_software,software,transform,bytes,ECB,16777216,0,16777216:ECB:0,f139c2015f27b3b8433417c1385095b3697b5320074161fe84aa8cbbc8319daa,1,367,True,,,,,,,,,,,61323000,0.061323,273.5876587903397,62500000,1.0191934510705607,
2c737ce3-e8d7-4942-bb98-3a40d21547ee,2003,AES-128,encrypt,cpu_aesni,aesni,transform,bytes,ECB,16777216,0,16777216:ECB:0,f139c2015f27b3b8433417c1385095b3697b5320074161fe84aa8cbbc8319daa,2,368,True,,,,,,,,,,,9807400,0.0098074,1710.6690866080714,0,0.0,
2c737ce3-e8d7-4942-bb98-3a40d21547ee,2003,AES-128,encrypt,cuda_optimized,optimized,resident,pinned,ECB,16777216,0,16777216:ECB:0,f139c2015f27b3b8433417c1385095b3697b5320074161fe84aa8cbbc8319daa,3,369,True,1,8040.7334552316715,,0.0020865280628204344,,,2086528.0628204346,,,,,,,,,2086528.0628204346
2c737ce3-e8d7-4942-bb98-3a40d21547ee,2003,AES-128,encrypt,cuda_baseline,baseline,pipeline,pinned,ECB,16777216,0,16777216:ECB:0,f139c2015f27b3b8433417c1385095b3697b5320074161fe84aa8cbbc8319daa,4,370,True,,7948.57519813496,2195.855714360505,0.002110719919204712,0.0076404,2703500,2110719.919204712,2723200,5426700,7640400,,,,,,
2c737ce3-e8d7-4942-bb98-3a40d21547ee,2003,AES-128,encrypt,cuda_optimized,optimized,pipeline,pinned,ECB,16777216,0,16777216:ECB:0,f139c2015f27b3b8433417c1385095b3697b5320074161fe84aa8cbbc8319daa,5,371,True,,8269.135149324067,2203.9614833887263,0.0020288960933685304,0.0076123,2727400,2028896.0933685303,2720300,5447700,7612300,,,,,,
2c737ce3-e8d7-4942-bb98-3a40d21547ee,2003,AES-128,encrypt,cpu_aesni,aesni,transform,bytes,ECB,16777216,1,16777216:ECB:1,969dfb95d63d540b20a4c952a475ae5c8285c5fe05869c2452364a375fb7d950,0,372,True,,,,,,,,,,,9728500,0.0097285,1724.5429408439122,15625000,1.606105771701701,
2c737ce3-e8d7-4942-bb98-3a40d21547ee,2003,AES-128,encrypt,cuda_optimized,optimized,resident,pinned,ECB,16777216,1,16777216:ECB:1,969dfb95d63d540b20a4c952a475ae5c8285c5fe05869c2452364a375fb7d950,1,373,True,1,7957.9858096825665,,0.0021082239151000975,,,2108223.9151000977,,,,,,,,,2108223.9151000977
2c737ce3-e8d7-4942-bb98-3a40d21547ee,2003,AES-128,encrypt,cuda_baseline,baseline,pipeline,pinned,ECB,16777216,1,16777216:ECB:1,969dfb95d63d540b20a4c952a475ae5c8285c5fe05869c2452364a375fb7d950,2,374,True,,7963.182910306616,2180.6150406821075,0.0021068480014801026,0.0076938,2713000,2106848.0014801025,2739700,5452700,7693800,,,,,,
2c737ce3-e8d7-4942-bb98-3a40d21547ee,2003,AES-128,encrypt,cuda_baseline,baseline,resident,pinned,ECB,16777216,1,16777216:ECB:1,969dfb95d63d540b20a4c952a475ae5c8285c5fe05869c2452364a375fb7d950,3,375,True,1,7965.724042297765,,0.002106175899505615,,,2106175.8995056152,,,,,,,,,2106175.8995056152
2c737ce3-e8d7-4942-bb98-3a40d21547ee,2003,AES-128,encrypt,cpu_software,software,transform,bytes,ECB,16777216,1,16777216:ECB:1,969dfb95d63d540b20a4c952a475ae5c8285c5fe05869c2452364a375fb7d950,4,376,True,,,,,,,,,,,61734800,0.0617348,271.76270110213363,62500000,1.0123949538995833,
2c737ce3-e8d7-4942-bb98-3a40d21547ee,2003,AES-128,encrypt,cuda_optimized,optimized,pipeline,pinned,ECB,16777216,1,16777216:ECB:1,969dfb95d63d540b20a4c952a475ae5c8285c5fe05869c2452364a375fb7d950,5,377,True,,8148.963461334753,2229.708149487002,0.0020588159561157225,0.0075244,2700600,2058815.9561157227,2667700,5368300,7524400,,,,,,
2c737ce3-e8d7-4942-bb98-3a40d21547ee,2003,AES-128,encrypt,cpu_aesni,aesni,transform,bytes,CTR,16777216,1,16777216:CTR:1,912f96eb1776b77bfd00b49d750c4ca653b74280fe181c140f1b4e0ffa5d3a8e,0,378,True,,,,,,,,,,,14177400,0.0141774,1183.377488114887,15625000,1.1021061689731544,
2c737ce3-e8d7-4942-bb98-3a40d21547ee,2003,AES-128,encrypt,cuda_baseline,baseline,resident,pinned,CTR,16777216,1,16777216:CTR:1,912f96eb1776b77bfd00b49d750c4ca653b74280fe181c140f1b4e0ffa5d3a8e,1,379,True,1,8133.035133404498,,0.002062848091125488,,,2062848.0911254883,,,,,,,,,2062848.0911254883
2c737ce3-e8d7-4942-bb98-3a40d21547ee,2003,AES-128,encrypt,cpu_software,software,transform,bytes,CTR,16777216,1,16777216:CTR:1,912f96eb1776b77bfd00b49d750c4ca653b74280fe181c140f1b4e0ffa5d3a8e,2,380,True,,,,,,,,,,,67033500,0.0670335,250.28106842101337,62500000,0.9323696360774837,
2c737ce3-e8d7-4942-bb98-3a40d21547ee,2003,AES-128,encrypt,cuda_baseline,baseline,pipeline,pinned,CTR,16777216,1,16777216:CTR:1,912f96eb1776b77bfd00b49d750c4ca653b74280fe181c140f1b4e0ffa5d3a8e,3,381,True,,7892.81287818504,2179.5951879855534,0.0021256320476531984,0.0076974,2706100,2125632.0476531982,2767700,5473800,7697400,,,,,,
2c737ce3-e8d7-4942-bb98-3a40d21547ee,2003,AES-128,encrypt,cuda_optimized,optimized,resident,pinned,CTR,16777216,1,16777216:CTR:1,912f96eb1776b77bfd00b49d750c4ca653b74280fe181c140f1b4e0ffa5d3a8e,4,382,True,1,8018.843556335005,,0.002092223882675171,,,2092223.882675171,,,,,,,,,2092223.882675171
2c737ce3-e8d7-4942-bb98-3a40d21547ee,2003,AES-128,encrypt,cuda_optimized,optimized,pipeline,pinned,CTR,16777216,1,16777216:CTR:1,912f96eb1776b77bfd00b49d750c4ca653b74280fe181c140f1b4e0ffa5d3a8e,5,383,True,,8013.082633091513,2131.4957248669184,0.0020937280654907226,0.0078711,2709000,2093728.0654907227,2968300,5677300,7871100,,,,,,
2c737ce3-e8d7-4942-bb98-3a40d21547ee,2003,AES-128,encrypt,cuda_baseline,baseline,pipeline,pinned,CTR,16777216,2,16777216:CTR:2,bd741d3c3f209320134faa9c5347cfb4c17139b9abb95f03d5707f95bb18dbbf,0,384,True,,7819.009117932252,2119.5396374202514,0.002145695924758911,0.0079155,2917900,2145695.924758911,2691600,5609500,7915500,,,,,,
2c737ce3-e8d7-4942-bb98-3a40d21547ee,2003,AES-128,encrypt,cpu_software,software,transform,bytes,CTR,16777216,2,16777216:CTR:2,bd741d3c3f209320134faa9c5347cfb4c17139b9abb95f03d5707f95bb18dbbf,1,385,True,,,,,,,,,,,76032600,0.0760326,220.658191354761,78125000,1.0275197744125546,
2c737ce3-e8d7-4942-bb98-3a40d21547ee,2003,AES-128,encrypt,cuda_optimized,optimized,resident,pinned,CTR,16777216,2,16777216:CTR:2,bd741d3c3f209320134faa9c5347cfb4c17139b9abb95f03d5707f95bb18dbbf,2,386,True,1,7875.976196114748,,0.002130176067352295,,,2130176.067352295,,,,,,,,,2130176.067352295
2c737ce3-e8d7-4942-bb98-3a40d21547ee,2003,AES-128,encrypt,cuda_optimized,optimized,pipeline,pinned,CTR,16777216,2,16777216:CTR:2,bd741d3c3f209320134faa9c5347cfb4c17139b9abb95f03d5707f95bb18dbbf,3,387,True,,7803.762660426798,2213.8787574885855,0.002149888038635254,0.0075782,2705800,2149888.038635254,2628600,5334400,7578200,,,,,,
2c737ce3-e8d7-4942-bb98-3a40d21547ee,2003,AES-128,encrypt,cuda_baseline,baseline,resident,pinned,CTR,16777216,2,16777216:CTR:2,bd741d3c3f209320134faa9c5347cfb4c17139b9abb95f03d5707f95bb18dbbf,4,388,True,1,7892.81287818504,,0.0021256320476531984,,,2125632.0476531982,,,,,,,,,2125632.0476531982
2c737ce3-e8d7-4942-bb98-3a40d21547ee,2003,AES-128,encrypt,cpu_aesni,aesni,transform,bytes,CTR,16777216,2,16777216:CTR:2,bd741d3c3f209320134faa9c5347cfb4c17139b9abb95f03d5707f95bb18dbbf,5,389,True,,,,,,,,,,,13033600,0.0130336,1287.2280874048613,15625000,1.1988245764792536,
2c737ce3-e8d7-4942-bb98-3a40d21547ee,2003,AES-128,encrypt,cuda_baseline,baseline,pipeline,pinned,ECB,16777216,2,16777216:ECB:2,80f8ef6da716b986ffd8c0417824aac312b5b20db5449dd757d8878367c2802e,0,390,True,,7709.890834419004,2096.523043087074,0.0021760640144348146,0.0080024,2737600,2176064.0144348145,2991900,5729500,8002400,,,,,,
2c737ce3-e8d7-4942-bb98-3a40d21547ee,2003,AES-128,encrypt,cuda_optimized,optimized,pipeline,pinned,ECB,16777216,2,16777216:ECB:2,80f8ef6da716b986ffd8c0417824aac312b5b20db5449dd757d8878367c2802e,1,391,True,,8312.927000833788,2221.206376105492,0.002018208026885986,0.0075532,2707300,2018208.0268859863,2741600,5448900,7553200,,,,,,
2c737ce3-e8d7-4942-bb98-3a40d21547ee,2003,AES-128,encrypt,cuda_optimized,optimized,resident,pinned,ECB,16777216,2,16777216:ECB:2,80f8ef6da716b986ffd8c0417824aac312b5b20db5449dd757d8878367c2802e,2,392,True,1,8154.286462595816,,0.0020574719905853273,,,2057471.9905853271,,,,,,,,,2057471.9905853271
2c737ce3-e8d7-4942-bb98-3a40d21547ee,2003,AES-128,encrypt,cpu_aesni,aesni,transform,bytes,ECB,16777216,2,16777216:ECB:2,80f8ef6da716b986ffd8c0417824aac312b5b20db5449dd757d8878367c2802e,3,393,True,,,,,,,,,,,10077100,0.0100771,1664.8853340742874,0,0.0,
2c737ce3-e8d7-4942-bb98-3a40d21547ee,2003,AES-128,encrypt,cpu_software,software,transform,bytes,ECB,16777216,2,16777216:ECB:2,80f8ef6da716b986ffd8c0417824aac312b5b20db5449dd757d8878367c2802e,4,394,True,,,,,,,,,,,61818000,0.061818,271.39693940276294,62500000,1.0110323853893688,
2c737ce3-e8d7-4942-bb98-3a40d21547ee,2003,AES-128,encrypt,cuda_baseline,baseline,resident,pinned,ECB,16777216,2,16777216:ECB:2,80f8ef6da716b986ffd8c0417824aac312b5b20db5449dd757d8878367c2802e,5,395,True,1,8134.170805800575,,0.002062560081481934,,,2062560.0814819336,,,,,,,,,2062560.0814819336
2c737ce3-e8d7-4942-bb98-3a40d21547ee,2003,AES-128,encrypt,cuda_baseline,baseline,pipeline,pinned,CTR,16777216,3,16777216:CTR:3,3dbf22c1bc284a199da57bab986dfcbb674286c139270df0b052b325bbec8eae,0,396,True,,7869.710978131163,2137.68790693526,0.002131871938705444,0.0078483,2848900,2131871.9387054443,2699300,5548200,7848300,,,,,,
2c737ce3-e8d7-4942-bb98-3a40d21547ee,2003,AES-128,encrypt,cpu_aesni,aesni,transform,bytes,CTR,16777216,3,16777216:CTR:3,3dbf22c1bc284a199da57bab986dfcbb674286c139270df0b052b325bbec8eae,1,397,True,,,,,,,,,,,12808200,0.0128082,1309.8808575756157,15625000,1.2199216127168533,
2c737ce3-e8d7-4942-bb98-3a40d21547ee,2003,AES-128,encrypt,cuda_optimized,optimized,pipeline,pinned,CTR,16777216,3,16777216:CTR:3,3dbf22c1bc284a199da57bab986dfcbb674286c139270df0b052b325bbec8eae,2,398,True,,7902.210746936084,2208.2548206646925,0.0021231040954589843,0.0075975,2710100,2123104.0954589844,2670400,5380500,7597500,,,,,,
2c737ce3-e8d7-4942-bb98-3a40d21547ee,2003,AES-128,encrypt,cuda_baseline,baseline,resident,pinned,CTR,16777216,3,16777216:CTR:3,3dbf22c1bc284a199da57bab986dfcbb674286c139270df0b052b325bbec8eae,3,399,True,1,7824.8440371516035,,0.0021440958976745605,,,2144095.8976745605,,,,,,,,,2144095.8976745605
2c737ce3-e8d7-4942-bb98-3a40d21547ee,2003,AES-128,encrypt,cuda_optimized,optimized,resident,pinned,CTR,16777216,3,16777216:CTR:3,3dbf22c1bc284a199da57bab986dfcbb674286c139270df0b052b325bbec8eae,4,400,True,1,7743.711924116651,,0.0021665599346160887,,,2166559.934616089,,,,,,,,,2166559.934616089
2c737ce3-e8d7-4942-bb98-3a40d21547ee,2003,AES-128,encrypt,cpu_software,software,transform,bytes,CTR,16777216,3,16777216:CTR:3,3dbf22c1bc284a199da57bab986dfcbb674286c139270df0b052b325bbec8eae,5,401,True,,,,,,,,,,,64634000,0.064634,259.5726088436427,62500000,0.9669833214716712,
2c737ce3-e8d7-4942-bb98-3a40d21547ee,2003,AES-128,encrypt,cpu_aesni,aesni,transform,bytes,ECB,16777216,3,16777216:ECB:3,6b1baa5afe7db8972e86abf48c748a3598df15c253576d1f99532513e5351666,0,402,True,,,,,,,,,,,9532000,0.009532,1760.0939991607218,15625000,1.6392152748636173,
2c737ce3-e8d7-4942-bb98-3a40d21547ee,2003,AES-128,encrypt,cpu_software,software,transform,bytes,ECB,16777216,3,16777216:ECB:3,6b1baa5afe7db8972e86abf48c748a3598df15c253576d1f99532513e5351666,1,403,True,,,,,,,,,,,60303200,0.0603032,278.2143567837196,62500000,1.0364292442192122,
2c737ce3-e8d7-4942-bb98-3a40d21547ee,2003,AES-128,encrypt,cuda_optimized,optimized,resident,pinned,ECB,16777216,3,16777216:ECB:3,6b1baa5afe7db8972e86abf48c748a3598df15c253576d1f99532513e5351666,2,404,True,1,7851.090612336195,,0.002136928081512451,,,2136928.081512451,,,,,,,,,2136928.081512451
2c737ce3-e8d7-4942-bb98-3a40d21547ee,2003,AES-128,encrypt,cuda_baseline,baseline,pipeline,pinned,ECB,16777216,3,16777216:ECB:3,6b1baa5afe7db8972e86abf48c748a3598df15c253576d1f99532513e5351666,3,405,True,,8180.240545174345,2200.6658184346184,0.0020509440898895262,0.0076237,2714500,2050944.0898895264,2728700,5443200,7623700,,,,,,
2c737ce3-e8d7-4942-bb98-3a40d21547ee,2003,AES-128,encrypt,cuda_baseline,baseline,resident,pinned,ECB,16777216,3,16777216:ECB:3,6b1baa5afe7db8972e86abf48c748a3598df15c253576d1f99532513e5351666,4,406,True,1,7975.538695955637,,0.002103584051132202,,,2103584.051132202,,,,,,,,,2103584.051132202
2c737ce3-e8d7-4942-bb98-3a40d21547ee,2003,AES-128,encrypt,cuda_optimized,optimized,pipeline,pinned,ECB,16777216,3,16777216:ECB:3,6b1baa5afe7db8972e86abf48c748a3598df15c253576d1f99532513e5351666,5,407,True,,7779.907731507133,2091.583159836934,0.0021564800739288332,0.0080213,2857800,2156480.073928833,2870200,5728000,8021300,,,,,,
2c737ce3-e8d7-4942-bb98-3a40d21547ee,2003,AES-128,encrypt,cuda_baseline,baseline,pipeline,pinned,ECB,16777216,4,16777216:ECB:4,f706ece013d8a6576cce85c02d346d6cac9c8d26830998bd1cdd8c61c93978b3,0,408,True,,7757.346507755336,2132.3084353274617,0.0021627519130706786,0.0078681,2716500,2162751.9130706787,2850700,5567200,7868100,,,,,,
2c737ce3-e8d7-4942-bb98-3a40d21547ee,2003,AES-128,encrypt,cuda_optimized,optimized,pipeline,pinned,ECB,16777216,4,16777216:ECB:4,f706ece013d8a6576cce85c02d346d6cac9c8d26830998bd1cdd8c61c93978b3,1,409,True,,7944.599757837685,2130.6836336851197,0.002111776113510132,0.0078741,2709100,2111776.113510132,2918600,5627700,7874100,,,,,,
2c737ce3-e8d7-4942-bb98-3a40d21547ee,2003,AES-128,encrypt,cpu_software,software,transform,bytes,ECB,16777216,4,16777216:ECB:4,f706ece013d8a6576cce85c02d346d6cac9c8d26830998bd1cdd8c61c93978b3,2,410,True,,,,,,,,,,,60716500,0.0607165,276.3205388979931,62500000,1.0293742228224618,
2c737ce3-e8d7-4942-bb98-3a40d21547ee,2003,AES-128,encrypt,cuda_optimized,optimized,resident,pinned,ECB,16777216,4,16777216:ECB:4,f706ece013d8a6576cce85c02d346d6cac9c8d26830998bd1cdd8c61c93978b3,3,411,True,1,8123.709808756816,,0.002065216064453125,,,2065216.064453125,,,,,,,,,2065216.064453125
2c737ce3-e8d7-4942-bb98-3a40d21547ee,2003,AES-128,encrypt,cpu_aesni,aesni,transform,bytes,ECB,16777216,4,16777216:ECB:4,f706ece013d8a6576cce85c02d346d6cac9c8d26830998bd1cdd8c61c93978b3,4,412,True,,,,,,,,,,,9997700,0.0099977,1678.1075647398902,15625000,1.5628594576752652,
2c737ce3-e8d7-4942-bb98-3a40d21547ee,2003,AES-128,encrypt,cuda_baseline,baseline,resident,pinned,ECB,16777216,4,16777216:ECB:4,f706ece013d8a6576cce85c02d346d6cac9c8d26830998bd1cdd8c61c93978b3,5,413,True,1,8132.531327349878,,0.0020629758834838866,,,2062975.8834838867,,,,,,,,,2062975.8834838867
2c737ce3-e8d7-4942-bb98-3a40d21547ee,2003,AES-128,encrypt,cuda_optimized,optimized,resident,pinned,CTR,16777216,4,16777216:CTR:4,4da1e5c53ca81ceaa6c2dbbbe1e3d12ed0ee77188111abca7cd326eb6c201dc3,0,414,True,1,3360.1958421102845,,0.0049929280281066895,,,4992928.028106689,,,,,,,,,4992928.028106689
2c737ce3-e8d7-4942-bb98-3a40d21547ee,2003,AES-128,encrypt,cuda_baseline,baseline,pipeline,pinned,CTR,16777216,4,16777216:CTR:4,4da1e5c53ca81ceaa6c2dbbbe1e3d12ed0ee77188111abca7cd326eb6c201dc3,1,415,True,,3381.6959653375984,653.6416374141418,0.004961184024810791,0.0256673,10322100,4961184.024810791,10222900,20545000,25667300,,,,,,
2c737ce3-e8d7-4942-bb98-3a40d21547ee,2003,AES-128,encrypt,cpu_software,software,transform,bytes,CTR,16777216,4,16777216:CTR:4,4da1e5c53ca81ceaa6c2dbbbe1e3d12ed0ee77188111abca7cd326eb6c201dc3,2,416,True,,,,,,,,,,,65899200,0.0658992,254.5890693665477,46875000,0.7113136426542356,
2c737ce3-e8d7-4942-bb98-3a40d21547ee,2003,AES-128,encrypt,cuda_optimized,optimized,pipeline,pinned,CTR,16777216,4,16777216:CTR:4,4da1e5c53ca81ceaa6c2dbbbe1e3d12ed0ee77188111abca7cd326eb6c201dc3,3,417,True,,3394.06508780565,655.8877847017521,0.004943103790283203,0.0255794,10350400,4943103.790283203,10170400,20520800,25579400,,,,,,
2c737ce3-e8d7-4942-bb98-3a40d21547ee,2003,AES-128,encrypt,cuda_baseline,baseline,resident,pinned,CTR,16777216,4,16777216:CTR:4,4da1e5c53ca81ceaa6c2dbbbe1e3d12ed0ee77188111abca7cd326eb6c201dc3,4,418,True,1,3394.6581289915925,,0.004942240238189698,,,4942240.238189697,,,,,,,,,4942240.238189697
2c737ce3-e8d7-4942-bb98-3a40d21547ee,2003,AES-128,encrypt,cpu_aesni,aesni,transform,bytes,CTR,16777216,4,16777216:CTR:4,4da1e5c53ca81ceaa6c2dbbbe1e3d12ed0ee77188111abca7cd326eb6c201dc3,5,419,True,,,,,,,,,,,12631500,0.0126315,1328.2045679452162,0,0.0,
2c737ce3-e8d7-4942-bb98-3a40d21547ee,2003,AES-128,encrypt,cuda_optimized,optimized,pipeline,pinned,ECB,16777216,5,16777216:ECB:5,3d843782cc7bc2aba587bfe0c06764c3eec1818d3e73bb9e8350e5e0d8d03c0b,0,420,True,,3387.4424385738425,648.5652654610681,0.004952767848968506,0.0258682,10418200,4952767.848968506,10370500,20788700,25868200,,,,,,
2c737ce3-e8d7-4942-bb98-3a40d21547ee,2003,AES-128,encrypt,cpu_aesni,aesni,transform,bytes,ECB,16777216,5,16777216:ECB:5,3d843782cc7bc2aba587bfe0c06764c3eec1818d3e73bb9e8350e5e0d8d03c0b,1,421,True,,,,,,,,,,,9239100,0.0092391,1815.8928900001083,15625000,1.6911820415408427,
2c737ce3-e8d7-4942-bb98-3a40d21547ee,2003,AES-128,encrypt,cuda_baseline,baseline,resident,pinned,ECB,16777216,5,16777216:ECB:5,3d843782cc7bc2aba587bfe0c06764c3eec1818d3e73bb9e8350e5e0d8d03c0b,2,422,True,1,3404.688605390274,,0.0049276800155639644,,,4927680.015563965,,,,,,,,,4927680.015563965
2c737ce3-e8d7-4942-bb98-3a40d21547ee,2003,AES-128,encrypt,cpu_software,software,transform,bytes,ECB,16777216,5,16777216:ECB:5,3d843782cc7bc2aba587bfe0c06764c3eec1818d3e73bb9e8350e5e0d8d03c0b,3,423,True,,,,,,,,,,,58451400,0.0584514,287.02847151650775,62500000,1.0692643803227981,
2c737ce3-e8d7-4942-bb98-3a40d21547ee,2003,AES-128,encrypt,cuda_baseline,baseline,pipeline,pinned,ECB,16777216,5,16777216:ECB:5,3d843782cc7bc2aba587bfe0c06764c3eec1818d3e73bb9e8350e5e0d8d03c0b,4,424,True,,3385.145741262685,648.60036803934,0.004956128120422364,0.0258668,10431600,4956128.120422363,10334500,20766100,25866800,,,,,,
2c737ce3-e8d7-4942-bb98-3a40d21547ee,2003,AES-128,encrypt,cuda_optimized,optimized,resident,pinned,ECB,16777216,5,16777216:ECB:5,3d843782cc7bc2aba587bfe0c06764c3eec1818d3e73bb9e8350e5e0d8d03c0b,5,425,True,1,3402.258254898237,,0.004931200027465821,,,4931200.02746582,,,,,,,,,4931200.02746582
2c737ce3-e8d7-4942-bb98-3a40d21547ee,2003,AES-128,encrypt,cuda_baseline,baseline,pipeline,pinned,CTR,16777216,5,16777216:CTR:5,2c10fa4d47a53ec24674ae2a04a89b3c1e0517bbb6ff49a8947913af471f6a7b,0,426,True,,4334.284045827572,1165.3515041641488,0.003870815992355347,0.0143967,5268600,3870815.9923553467,5140400,10409000,14396700,,,,,,
2c737ce3-e8d7-4942-bb98-3a40d21547ee,2003,AES-128,encrypt,cpu_aesni,aesni,transform,bytes,CTR,16777216,5,16777216:CTR:5,2c10fa4d47a53ec24674ae2a04a89b3c1e0517bbb6ff49a8947913af471f6a7b,1,427,True,,,,,,,,,,,12576900,0.0125769,1333.9706923009644,0,0.0,
2c737ce3-e8d7-4942-bb98-3a40d21547ee,2003,AES-128,encrypt,cuda_optimized,optimized,pipeline,pinned,CTR,16777216,5,16777216:CTR:5,2c10fa4d47a53ec24674ae2a04a89b3c1e0517bbb6ff49a8947913af471f6a7b,2,428,True,,4384.412085620741,1173.6012031758246,0.003826560020446777,0.0142955,5208800,3826560.0204467773,5165600,10374400,14295500,,,,,,
2c737ce3-e8d7-4942-bb98-3a40d21547ee,2003,AES-128,encrypt,cpu_software,software,transform,bytes,CTR,16777216,5,16777216:CTR:5,2c10fa4d47a53ec24674ae2a04a89b3c1e0517bbb6ff49a8947913af471f6a7b,3,429,True,,,,,,,,,,,64428900,0.0644289,260.3989203602731,62500000,0.9700615717480819,
2c737ce3-e8d7-4942-bb98-3a40d21547ee,2003,AES-128,encrypt,cuda_optimized,optimized,resident,pinned,CTR,16777216,5,16777216:CTR:5,2c10fa4d47a53ec24674ae2a04a89b3c1e0517bbb6ff49a8947913af471f6a7b,4,430,True,1,4381.737137760115,,0.0038288960456848145,,,3828896.0456848145,,,,,,,,,3828896.0456848145
2c737ce3-e8d7-4942-bb98-3a40d21547ee,2003,AES-128,encrypt,cuda_baseline,baseline,resident,pinned,CTR,16777216,5,16777216:CTR:5,2c10fa4d47a53ec24674ae2a04a89b3c1e0517bbb6ff49a8947913af471f6a7b,5,431,True,1,4346.320945531233,,0.003860095977783203,,,3860095.977783203,,,,,,,,,3860095.977783203
2c737ce3-e8d7-4942-bb98-3a40d21547ee,2003,AES-128,encrypt,cuda_optimized,optimized,resident,pinned,CTR,16777216,6,16777216:CTR:6,132f975bed4eef37efaa80d3cfe07208e75c4d806014b3e8fdeff733ef8d45d2,0,432,True,1,4366.083234385669,,0.0038426239490509033,,,3842623.9490509033,,,,,,,,,3842623.9490509033
2c737ce3-e8d7-4942-bb98-3a40d21547ee,2003,AES-128,encrypt,cpu_aesni,aesni,transform,bytes,CTR,16777216,6,16777216:CTR:6,132f975bed4eef37efaa80d3cfe07208e75c4d806014b3e8fdeff733ef8d45d2,1,433,True,,,,,,,,,,,13230500,0.0132305,1268.0711991232379,15625000,1.1809833339631912,
2c737ce3-e8d7-4942-bb98-3a40d21547ee,2003,AES-128,encrypt,cuda_optimized,optimized,pipeline,pinned,CTR,16777216,6,16777216:CTR:6,132f975bed4eef37efaa80d3cfe07208e75c4d806014b3e8fdeff733ef8d45d2,2,434,True,,4328.594216893936,1150.4245208626187,0.003875904083251953,0.0145835,5413600,3875904.083251953,5180700,10594300,14583500,,,,,,
2c737ce3-e8d7-4942-bb98-3a40d21547ee,2003,AES-128,encrypt,cpu_software,software,transform,bytes,CTR,16777216,6,16777216:CTR:6,132f975bed4eef37efaa80d3cfe07208e75c4d806014b3e8fdeff733ef8d45d2,3,435,True,,,,,,,,,,,63612900,0.0636129,263.7392101287632,62500000,0.9825051208166897,
2c737ce3-e8d7-4942-bb98-3a40d21547ee,2003,AES-128,encrypt,cuda_baseline,baseline,resident,pinned,CTR,16777216,6,16777216:CTR:6,132f975bed4eef37efaa80d3cfe07208e75c4d806014b3e8fdeff733ef8d45d2,4,436,True,1,4391.647057906806,,0.003820255994796753,,,3820255.994796753,,,,,,,,,3820255.994796753
2c737ce3-e8d7-4942-bb98-3a40d21547ee,2003,AES-128,encrypt,cuda_baseline,baseline,pipeline,pinned,CTR,16777216,6,16777216:CTR:6,132f975bed4eef37efaa80d3cfe07208e75c4d806014b3e8fdeff733ef8d45d2,5,437,True,,4351.840571842427,1164.324399350424,0.0038552000522613524,0.0144094,5288500,3855200.0522613525,5148200,10436700,14409400,,,,,,
2c737ce3-e8d7-4942-bb98-3a40d21547ee,2003,AES-128,encrypt,cuda_optimized,optimized,resident,pinned,ECB,16777216,6,16777216:ECB:6,ec8328587abf1b40e8c4253231d6dcc680caf908d052399c3c370b00131c5e37,0,438,True,1,4071.0331408759967,,0.004121119976043701,,,4121119.976043701,,,,,,,,,4121119.976043701
2c737ce3-e8d7-4942-bb98-3a40d21547ee,2003,AES-128,encrypt,cuda_baseline,baseline,resident,pinned,ECB,16777216,6,16777216:ECB:6,ec8328587abf1b40e8c4253231d6dcc680caf908d052399c3c370b00131c5e37,1,439,True,1,4254.928275495469,,0.003943007946014404,,,3943007.9460144043,,,,,,,,,3943007.9460144043
2c737ce3-e8d7-4942-bb98-3a40d21547ee,2003,AES-128,encrypt,cuda_optimized,optimized,pipeline,pinned,ECB,16777216,6,16777216:ECB:6,ec8328587abf1b40e8c4253231d6dcc680caf908d052399c3c370b00131c5e37,2,440,True,,4071.69694702707,1127.5616968654228,0.004120448112487793,0.0148792,5490400,4120448.112487793,5175700,10666100,14879200,,,,,,
2c737ce3-e8d7-4942-bb98-3a40d21547ee,2003,AES-128,encrypt,cpu_software,software,transform,bytes,ECB,16777216,6,16777216:ECB:6,ec8328587abf1b40e8c4253231d6dcc680caf908d052399c3c370b00131c5e37,3,441,True,,,,,,,,,,,58446100,0.0584461,287.05449978698323,46875000,0.8020210073897146,
2c737ce3-e8d7-4942-bb98-3a40d21547ee,2003,AES-128,encrypt,cpu_aesni,aesni,transform,bytes,ECB,16777216,6,16777216:ECB:6,ec8328587abf1b40e8c4253231d6dcc680caf908d052399c3c370b00131c5e37,4,442,True,,,,,,,,,,,9812100,0.0098121,1709.8496754007806,15625000,1.5924216018996953,
2c737ce3-e8d7-4942-bb98-3a40d21547ee,2003,AES-128,encrypt,cuda_baseline,baseline,pipeline,pinned,ECB,16777216,6,16777216:ECB:6,ec8328587abf1b40e8c4253231d6dcc680caf908d052399c3c370b00131c5e37,5,443,True,,4019.16486338845,1143.6723564378033,0.0041743040084838865,0.0146696,5244900,4174304.0084838867,5147700,10392600,14669600,,,,,,
2c737ce3-e8d7-4942-bb98-3a40d21547ee,2003,AES-128,encrypt,cuda_optimized,optimized,resident,pinned,CTR,16777216,7,16777216:CTR:7,4cf24888a746529a1290cd447fee59bc8c145fc6188a8a3f55321dc230a42df0,0,444,True,1,3987.5266544968904,,0.0042074241638183595,,,4207424.163818359,,,,,,,,,4207424.163818359
2c737ce3-e8d7-4942-bb98-3a40d21547ee,2003,AES-128,encrypt,cuda_optimized,optimized,pipeline,pinned,CTR,16777216,7,16777216:CTR:7,4cf24888a746529a1290cd447fee59bc8c145fc6188a8a3f55321dc230a42df0,1,445,True,,3992.7499500777626,1128.441443138099,0.004201920032501221,0.0148676,5238500,4201920.032501221,5313400,10551900,14867600,,,,,,
2c737ce3-e8d7-4942-bb98-3a40d21547ee,2003,AES-128,encrypt,cuda_baseline,baseline,resident,pinned,CTR,16777216,7,16777216:CTR:7,4cf24888a746529a1290cd447fee59bc8c145fc6188a8a3f55321dc230a42df0,2,446,True,1,3950.123270389051,,0.00424726390838623,,,4247263.9083862305,,,,,,,,,4247263.9083862305
2c737ce3-e8d7-4942-bb98-3a40d21547ee,2003,AES-128,encrypt,cuda_baseline,baseline,pipeline,pinned,CTR,16777216,7,16777216:CTR:7,4cf24888a746529a1290cd447fee59bc8c145fc6188a8a3f55321dc230a42df0,3,447,True,,4088.1114515444706,1139.129690863044,0.0041039037704467774,0.0147281,5363200,4103903.7704467773,5147000,10510200,14728100,,,,,,
2c737ce3-e8d7-4942-bb98-3a40d21547ee,2003,AES-128,encrypt,cpu_aesni,aesni,transform,bytes,CTR,16777216,7,16777216:CTR:7,4cf24888a746529a1290cd447fee59bc8c145fc6188a8a3f55321dc230a42df0,4,448,True,,,,,,,,,,,12687800,0.0126878,1322.3108813190624,15625000,1.2314979744321317,
2c737ce3-e8d7-4942-bb98-3a40d21547ee,2003,AES-128,encrypt,cpu_software,software,transform,bytes,CTR,16777216,7,16777216:CTR:7,4cf24888a746529a1290cd447fee59bc8c145fc6188a8a3f55321dc230a42df0,5,449,True,,,,,,,,,,,63200800,0.0632008,265.45891824154126,62500000,0.988911532765408,
2c737ce3-e8d7-4942-bb98-3a40d21547ee,2003,AES-128,encrypt,cpu_aesni,aesni,transform,bytes,ECB,16777216,7,16777216:ECB:7,55beae5b32b49dce2ef111beffe85d17e73e2e3aa2ecd72c890227a3e861d500,0,450,True,,,,,,,,,,,9469300,0.0094693,1771.7482812879516,0,0.0,
2c737ce3-e8d7-4942-bb98-3a40d21547ee,2003,AES-128,encrypt,cuda_optimized,optimized,resident,pinned,ECB,16777216,7,16777216:ECB:7,55beae5b32b49dce2ef111beffe85d17e73e2e3aa2ecd72c890227a3e861d500,1,451,True,1,4129.22760047188,,0.004063039779663086,,,4063039.779663086,,,,,,,,,4063039.779663086
2c737ce3-e8d7-4942-bb98-3a40d21547ee,2003,AES-128,encrypt,cuda_baseline,baseline,resident,pinned,ECB,16777216,7,16777216:ECB:7,55beae5b32b49dce2ef111beffe85d17e73e2e3aa2ecd72c890227a3e861d500,2,452,True,1,4238.657364162461,,0.003958143949508667,,,3958143.949508667,,,,,,,,,3958143.949508667
2c737ce3-e8d7-4942-bb98-3a40d21547ee,2003,AES-128,encrypt,cuda_baseline,baseline,pipeline,pinned,ECB,16777216,7,16777216:ECB:7,55beae5b32b49dce2ef111beffe85d17e73e2e3aa2ecd72c890227a3e861d500,3,453,True,,4191.018076293971,1068.245062207903,0.004003136157989502,0.0157054,5358900,4003136.157989502,6208000,11566900,15705400,,,,,,
2c737ce3-e8d7-4942-bb98-3a40d21547ee,2003,AES-128,encrypt,cuda_optimized,optimized,pipeline,pinned,ECB,16777216,7,16777216:ECB:7,55beae5b32b49dce2ef111beffe85d17e73e2e3aa2ecd72c890227a3e861d500,4,454,True,,4047.711979627284,1135.1526756294106,0.004144864082336426,0.0147797,5266000,4144864.082336426,5218100,10484100,14779700,,,,,,
2c737ce3-e8d7-4942-bb98-3a40d21547ee,2003,AES-128,encrypt,cpu_software,software,transform,bytes,ECB,16777216,7,16777216:ECB:7,55beae5b32b49dce2ef111beffe85d17e73e2e3aa2ecd72c890227a3e861d500,5,455,True,,,,,,,,,,,61517900,0.0615179,272.7208828649873,46875000,0.7619733443436788,
2c737ce3-e8d7-4942-bb98-3a40d21547ee,2003,AES-128,encrypt,cuda_baseline,baseline,pipeline,pinned,ECB,16777216,8,16777216:ECB:8,872a0b14dcfc78c06a5c372b383fd16428df833b94a8ce5d9485e4f86eb7ce1f,0,456,True,,3023.941699394634,638.334424033969,0.005548128128051758,0.0262828,10335400,5548128.128051758,10225000,20560400,26282800,,,,,,
2c737ce3-e8d7-4942-bb98-3a40d21547ee,2003,AES-128,encrypt,cpu_aesni,aesni,transform,bytes,ECB,16777216,8,16777216:ECB:8,872a0b14dcfc78c06a5c372b383fd16428df833b94a8ce5d9485e4f86eb7ce1f,1,457,True,,,,,,,,,,,8375000,0.008375,2003.249671641791,0,0.0,
2c737ce3-e8d7-4942-bb98-3a40d21547ee,2003,AES-128,encrypt,cuda_optimized,optimized,pipeline,pinned,ECB,16777216,8,16777216:ECB:8,872a0b14dcfc78c06a5c372b383fd16428df833b94a8ce5d9485e4f86eb7ce1f,2,458,True,,3003.8787813888525,636.6315917292462,0.005585184097290039,0.0263531,10394600,5585184.097290039,10197000,20591600,26353100,,,,,,
2c737ce3-e8d7-4942-bb98-3a40d21547ee,2003,AES-128,encrypt,cuda_baseline,baseline,resident,pinned,ECB,16777216,8,16777216:ECB:8,872a0b14dcfc78c06a5c372b383fd16428df833b94a8ce5d9485e4f86eb7ce1f,3,459,True,1,2965.4801406491183,,0.0056575040817260745,,,5657504.081726074,,,,,,,,,5657504.081726074
2c737ce3-e8d7-4942-bb98-3a40d21547ee,2003,AES-128,encrypt,cpu_software,software,transform,bytes,ECB,16777216,8,16777216:ECB:8,872a0b14dcfc78c06a5c372b383fd16428df833b94a8ce5d9485e4f86eb7ce1f,4,460,True,,,,,,,,,,,58539900,0.0585399,286.5945449172274,62500000,1.0676478777722544,
2c737ce3-e8d7-4942-bb98-3a40d21547ee,2003,AES-128,encrypt,cuda_optimized,optimized,resident,pinned,ECB,16777216,8,16777216:ECB:8,872a0b14dcfc78c06a5c372b383fd16428df833b94a8ce5d9485e4f86eb7ce1f,5,461,True,1,3079.4097623041835,,0.005448192119598389,,,5448192.119598389,,,,,,,,,5448192.119598389
2c737ce3-e8d7-4942-bb98-3a40d21547ee,2003,AES-128,encrypt,cuda_baseline,baseline,resident,pinned,CTR,16777216,8,16777216:CTR:8,323668320128c8bae36d7a36f06e544ccf69933b120f0d77f4ce40eda66da4a3,0,462,True,1,2826.5332450210635,,0.005935616016387939,,,5935616.016387939,,,,,,,,,5935616.016387939
2c737ce3-e8d7-4942-bb98-3a40d21547ee,2003,AES-128,encrypt,cuda_optimized,optimized,pipeline,pinned,CTR,16777216,8,16777216:CTR:8,323668320128c8bae36d7a36f06e544ccf69933b120f0d77f4ce40eda66da4a3,1,463,True,,2858.120952283597,630.570689758855,0.005870016098022461,0.0266064,10346800,5870016.098022461,10203800,20550600,26606400,,,,,,
2c737ce3-e8d7-4942-bb98-3a40d21547ee,2003,AES-128,encrypt,cpu_aesni,aesni,transform,bytes,CTR,16777216,8,16777216:CTR:8,323668320128c8bae36d7a36f06e544ccf69933b120f0d77f4ce40eda66da4a3,2,464,True,,,,,,,,,,,13377600,0.0133776,1254.1274967109198,15625000,1.167997249132879,
2c737ce3-e8d7-4942-bb98-3a40d21547ee,2003,AES-128,encrypt,cuda_optimized,optimized,resident,pinned,CTR,16777216,8,16777216:CTR:8,323668320128c8bae36d7a36f06e544ccf69933b120f0d77f4ce40eda66da4a3,3,465,True,1,2840.2685575999144,,0.0059069118499755855,,,5906911.849975586,,,,,,,,,5906911.849975586
2c737ce3-e8d7-4942-bb98-3a40d21547ee,2003,AES-128,encrypt,cpu_software,software,transform,bytes,CTR,16777216,8,16777216:CTR:8,323668320128c8bae36d7a36f06e544ccf69933b120f0d77f4ce40eda66da4a3,4,466,True,,,,,,,,,,,64079900,0.0640799,261.8171376671936,62500000,0.9753448429226638,
2c737ce3-e8d7-4942-bb98-3a40d21547ee,2003,AES-128,encrypt,cuda_baseline,baseline,pipeline,pinned,CTR,16777216,8,16777216:CTR:8,323668320128c8bae36d7a36f06e544ccf69933b120f0d77f4ce40eda66da4a3,5,467,True,,2775.6847795196013,621.9888408994012,0.006044352054595947,0.0269735,10485800,6044352.054595947,10279300,20765100,26973500,,,,,,
2c737ce3-e8d7-4942-bb98-3a40d21547ee,2003,AES-128,encrypt,cpu_software,software,transform,bytes,ECB,16777216,9,16777216:ECB:9,43e539468e93e8247219cc914493400890d2c28b69b7ef2a0099ec8e116f33a3,0,468,True,,,,,,,,,,,61142100,0.0611421,274.3971175343994,46875000,0.7666566899076087,
2c737ce3-e8d7-4942-bb98-3a40d21547ee,2003,AES-128,encrypt,cpu_aesni,aesni,transform,bytes,ECB,16777216,9,16777216:ECB:9,43e539468e93e8247219cc914493400890d2c28b69b7ef2a0099ec8e116f33a3,1,469,True,,,,,,,,,,,10025600,0.0100256,1673.4375997446537,0,0.0,
2c737ce3-e8d7-4942-bb98-3a40d21547ee,2003,AES-128,encrypt,cuda_baseline,baseline,pipeline,pinned,ECB,16777216,9,16777216:ECB:9,43e539468e93e8247219cc914493400890d2c28b69b7ef2a0099ec8e116f33a3,2,470,True,,2723.2627358696054,609.2763370532715,0.006160704135894776,0.0275363,10804900,6160704.135894775,10428300,21233200,27536300,,,,,,
2c737ce3-e8d7-4942-bb98-3a40d21547ee,2003,AES-128,encrypt,cuda_optimized,optimized,pipeline,pinned,ECB,16777216,9,16777216:ECB:9,43e539468e93e8247219cc914493400890d2c28b69b7ef2a0099ec8e116f33a3,3,471,True,,2693.7538850988003,623.5214366414938,0.00622819185256958,0.0269072,10417800,6228191.85256958,10150800,20568600,26907200,,,,,,
2c737ce3-e8d7-4942-bb98-3a40d21547ee,2003,AES-128,encrypt,cuda_optimized,optimized,resident,pinned,ECB,16777216,9,16777216:ECB:9,43e539468e93e8247219cc914493400890d2c28b69b7ef2a0099ec8e116f33a3,4,472,True,1,2755.8713474130573,,0.0060878081321716305,,,6087808.132171631,,,,,,,,,6087808.132171631
2c737ce3-e8d7-4942-bb98-3a40d21547ee,2003,AES-128,encrypt,cuda_baseline,baseline,resident,pinned,ECB,16777216,9,16777216:ECB:9,43e539468e93e8247219cc914493400890d2c28b69b7ef2a0099ec8e116f33a3,5,473,True,1,2722.273062271957,,0.006162943840026855,,,6162943.8400268555,,,,,,,,,6162943.8400268555
2c737ce3-e8d7-4942-bb98-3a40d21547ee,2003,AES-128,encrypt,cpu_aesni,aesni,transform,bytes,CTR,16777216,9,16777216:CTR:9,f953044a37ee1dacdd4f3a0839b87b02f07d1ac51642918b65186f79e263f1b7,0,474,True,,,,,,,,,,,11315200,0.0113152,1482.7149321266968,15625000,1.3808858880090498,
2c737ce3-e8d7-4942-bb98-3a40d21547ee,2003,AES-128,encrypt,cuda_baseline,baseline,resident,pinned,CTR,16777216,9,16777216:CTR:9,f953044a37ee1dacdd4f3a0839b87b02f07d1ac51642918b65186f79e263f1b7,1,475,True,1,3168.6117035333286,,0.005294816017150879,,,5294816.017150879,,,,,,,,,5294816.017150879
2c737ce3-e8d7-4942-bb98-3a40d21547ee,2003,AES-128,encrypt,cuda_optimized,optimized,resident,pinned,CTR,16777216,9,16777216:CTR:9,f953044a37ee1dacdd4f3a0839b87b02f07d1ac51642918b65186f79e263f1b7,2,476,True,1,3105.7139172743446,,0.005402048110961914,,,5402048.110961914,,,,,,,,,5402048.110961914
2c737ce3-e8d7-4942-bb98-3a40d21547ee,2003,AES-128,encrypt,cuda_baseline,baseline,pipeline,pinned,CTR,16777216,9,16777216:CTR:9,f953044a37ee1dacdd4f3a0839b87b02f07d1ac51642918b65186f79e263f1b7,3,477,True,,3170.451039183275,641.328435288856,0.005291744232177735,0.0261601,10513000,5291744.232177734,10209600,20722600,26160100,,,,,,
2c737ce3-e8d7-4942-bb98-3a40d21547ee,2003,AES-128,encrypt,cuda_optimized,optimized,pipeline,pinned,CTR,16777216,9,16777216:CTR:9,f953044a37ee1dacdd4f3a0839b87b02f07d1ac51642918b65186f79e263f1b7,4,478,True,,3142.3467009220276,640.1953721228402,0.005339072227478027,0.0262064,10472200,5339072.227478027,10257300,20729500,26206400,,,,,,
2c737ce3-e8d7-4942-bb98-3a40d21547ee,2003,AES-128,encrypt,cpu_software,software,transform,bytes,CTR,16777216,9,16777216:CTR:9,f953044a37ee1dacdd4f3a0839b87b02f07d1ac51642918b65186f79e263f1b7,5,479,True,,,,,,,,,,,65727400,0.0657274,255.2545209456026,62500000,0.9508971905171968,
2c737ce3-e8d7-4942-bb98-3a40d21547ee,2003,AES-128,encrypt,cuda_baseline,baseline,resident,pinned,ECB,33554432,0,33554432:ECB:0,d41e289392c0c4c529a55d9c9e2b1edc45d66120c078557d3fc2b7ebcdb54138,0,480,True,1,6582.811191901492,,0.005097280025482178,,,5097280.025482178,,,,,,,,,5097280.025482178
2c737ce3-e8d7-4942-bb98-3a40d21547ee,2003,AES-128,encrypt,cuda_optimized,optimized,pipeline,pinned,ECB,33554432,0,33554432:ECB:0,d41e289392c0c4c529a55d9c9e2b1edc45d66120c078557d3fc2b7ebcdb54138,1,481,True,,6649.0135225475215,2126.7402740629,0.005046527862548828,0.0157774,5420200,5046527.862548828,5209900,10630100,15777400,,,,,,
2c737ce3-e8d7-4942-bb98-3a40d21547ee,2003,AES-128,encrypt,cuda_optimized,optimized,resident,pinned,ECB,33554432,0,33554432:ECB:0,d41e289392c0c4c529a55d9c9e2b1edc45d66120c078557d3fc2b7ebcdb54138,2,482,True,1,6657.2872179851565,,0.005040256023406983,,,5040256.023406982,,,,,,,,,5040256.023406982
2c737ce3-e8d7-4942-bb98-3a40d21547ee,2003,AES-128,encrypt,cuda_baseline,baseline,pipeline,pinned,ECB,33554432,0,33554432:ECB:0,d41e289392c0c4c529a55d9c9e2b1edc45d66120c078557d3fc2b7ebcdb54138,3,483,True,,6664.395362973959,2120.4906502189724,0.0050348801612854,0.0158239,5431800,5034880.1612854,5249200,10681000,15823900,,,,,,
2c737ce3-e8d7-4942-bb98-3a40d21547ee,2003,AES-128,encrypt,cpu_software,software,transform,bytes,ECB,33554432,0,33554432:ECB:0,d41e289392c0c4c529a55d9c9e2b1edc45d66120c078557d3fc2b7ebcdb54138,4,484,True,,,,,,,,,,,123074600,0.1230746,272.63490598385044,125000000,1.015644170283714,
2c737ce3-e8d7-4942-bb98-3a40d21547ee,2003,AES-128,encrypt,cpu_aesni,aesni,transform,bytes,ECB,33554432,0,33554432:ECB:0,d41e289392c0c4c529a55d9c9e2b1edc45d66120c078557d3fc2b7ebcdb54138,5,485,True,,,,,,,,,,,20157600,0.0201576,1664.6045164106838,15625000,0.7751418819700758,
2c737ce3-e8d7-4942-bb98-3a40d21547ee,2003,AES-128,encrypt,cuda_optimized,optimized,pipeline,pinned,CTR,33554432,0,33554432:CTR:0,88583288400da163ea18cf019bf5372f73e1532a556c7408f79b814a69ea9aab,0,486,True,,6453.530147443739,2095.7111985509964,0.005199391841888428,0.016011,5375100,5199391.841888428,5333100,10708200,16011000,,,,,,
2c737ce3-e8d7-4942-bb98-3a40d21547ee,2003,AES-128,encrypt,cuda_optimized,optimized,resident,pinned,CTR,33554432,0,33554432:CTR:0,88583288400da163ea18cf019bf5372f73e1532a556c7408f79b814a69ea9aab,1,487,True,1,6462.877209815262,,0.005191872119903565,,,5191872.119903564,,,,,,,,,5191872.119903564
2c737ce3-e8d7-4942-bb98-3a40d21547ee,2003,AES-128,encrypt,cuda_baseline,baseline,pipeline,pinned,CTR,33554432,0,33554432:CTR:0,88583288400da163ea18cf019bf5372f73e1532a556c7408f79b814a69ea9aab,2,488,True,,6450.909297209063,2108.127438476569,0.005201504230499267,0.0159167,5382700,5201504.230499268,5237600,10620300,15916700,,,,,,
2c737ce3-e8d7-4942-bb98-3a40d21547ee,2003,AES-128,encrypt,cpu_software,software,transform,bytes,CTR,33554432,0,33554432:CTR:0,88583288400da163ea18cf019bf5372f73e1532a556c7408f79b814a69ea9aab,3,489,True,,,,,,,,,,,130238700,0.1302387,257.6379524672774,140625000,1.0797481854471827,
2c737ce3-e8d7-4942-bb98-3a40d21547ee,2003,AES-128,encrypt,cuda_baseline,baseline,resident,pinned,CTR,33554432,0,33554432:CTR:0,88583288400da163ea18cf019bf5372f73e1532a556c7408f79b814a69ea9aab,4,490,True,1,4379.8703230054225,,0.007661056041717529,,,7661056.041717529,,,,,,,,,7661056.041717529
2c737ce3-e8d7-4942-bb98-3a40d21547ee,2003,AES-128,encrypt,cpu_aesni,aesni,transform,bytes,CTR,33554432,0,33554432:CTR:0,88583288400da163ea18cf019bf5372f73e1532a556c7408f79b814a69ea9aab,5,491,True,,,,,,,,,,,25469400,0.0254694,1317.441007640541,15625000,0.6134812755698996,
2c737ce3-e8d7-4942-bb98-3a40d21547ee,2003,AES-128,encrypt,cuda_optimized,optimized,pipeline,pinned,CTR,33554432,1,33554432:CTR:1,0526ec4801156c74f68136719644e5f79aed026b966c7775e8246160cc2e31ab,0,492,True,,3444.7306516038966,658.2656256130576,0.009740799903869628,0.050974,20792900,9740799.903869629,20308600,41101500,50974000,,,,,,
2c737ce3-e8d7-4942-bb98-3a40d21547ee,2003,AES-128,encrypt,cuda_optimized,optimized,resident,pinned,CTR,33554432,1,33554432:CTR:1,0526ec4801156c74f68136719644e5f79aed026b966c7775e8246160cc2e31ab,1,493,True,1,3424.793758113845,,0.009797504425048828,,,9797504.425048828,,,,,,,,,9797504.425048828
2c737ce3-e8d7-4942-bb98-3a40d21547ee,2003,AES-128,encrypt,cuda_baseline,baseline,pipeline,pinned,CTR,33554432,1,33554432:CTR:1,0526ec4801156c74f68136719644e5f79aed026b966c7775e8246160cc2e31ab,2,494,True,,3446.0326175557366,706.537015122738,0.009737119674682618,0.0474914,20558200,9737119.674682617,17070500,37628700,47491400,,,,,,
2c737ce3-e8d7-4942-bb98-3a40d21547ee,2003,AES-128,encrypt,cpu_aesni,aesni,transform,bytes,CTR,33554432,1,33554432:CTR:1,0526ec4801156c74f68136719644e5f79aed026b966c7775e8246160cc2e31ab,3,495,True,,,,,,,,,,,25840700,0.0258407,1298.5109536506363,31250000,1.209332564520311,
2c737ce3-e8d7-4942-bb98-3a40d21547ee,2003,AES-128,encrypt,cuda_baseline,baseline,resident,pinned,CTR,33554432,1,33554432:CTR:1,0526ec4801156c74f68136719644e5f79aed026b966c7775e8246160cc2e31ab,4,496,True,1,8006.5364379190505,,0.004190879821777344,,,4190879.8217773438,,,,,,,,,4190879.8217773438
2c737ce3-e8d7-4942-bb98-3a40d21547ee,2003,AES-128,encrypt,cpu_software,software,transform,bytes,CTR,33554432,1,33554432:CTR:1,0526ec4801156c74f68136719644e5f79aed026b966c7775e8246160cc2e31ab,5,497,True,,,,,,,,,,,129260900,0.1292609,259.5868665621236,125000000,0.9670364356120064,
2c737ce3-e8d7-4942-bb98-3a40d21547ee,2003,AES-128,encrypt,cpu_aesni,aesni,transform,bytes,ECB,33554432,1,33554432:ECB:1,e819469f0b399bbad94868233231086d6eb8235665d604eacac92e14dd801ac7,0,498,True,,,,,,,,,,,17424800,0.0174248,1925.6709976585098,15625000,0.8967104357008402,
2c737ce3-e8d7-4942-bb98-3a40d21547ee,2003,AES-128,encrypt,cuda_baseline,baseline,pipeline,pinned,ECB,33554432,1,33554432:ECB:1,e819469f0b399bbad94868233231086d6eb8235665d604eacac92e14dd801ac7,1,499,True,,8428.728976930719,2292.5801272196827,0.003980959892272949,0.0146361,5324100,3980959.892272949,5213800,10537900,14636100,,,,,,
2c737ce3-e8d7-4942-bb98-3a40d21547ee,2003,AES-128,encrypt,cpu_software,software,transform,bytes,ECB,33554432,1,33554432:ECB:1,e819469f0b399bbad94868233231086d6eb8235665d604eacac92e14dd801ac7,2,500,True,,,,,,,,,,,121097300,0.1210973,277.08654115327096,125000000,1.0322278035926482,
2c737ce3-e8d7-4942-bb98-3a40d21547ee,2003,AES-128,encrypt,cuda_optimized,optimized,pipeline,pinned,ECB,33554432,1,33554432:ECB:1,e819469f0b399bbad94868233231086d6eb8235665d604eacac92e14dd801ac7,3,501,True,,8281.740029418414,2236.4552034872095,0.0040516161918640135,0.0150034,5526200,4051616.1918640137,5305500,10831700,15003400,,,,,,
2c737ce3-e8d7-4942-bb98-3a40d21547ee,2003,AES-128,encrypt,cuda_baseline,baseline,resident,pinned,ECB,33554432,1,33554432:ECB:1,e819469f0b399bbad94868233231086d6eb8235665d604eacac92e14dd801ac7,4,502,True,1,8290.776417635434,,0.004047200202941894,,,4047200.2029418945,,,,,,,,,4047200.2029418945
2c737ce3-e8d7-4942-bb98-3a40d21547ee,2003,AES-128,encrypt,cuda_optimized,optimized,resident,pinned,ECB,33554432,1,33554432:ECB:1,e819469f0b399bbad94868233231086d6eb8235665d604eacac92e14dd801ac7,5,503,True,1,8180.113121424362,,0.004101952075958252,,,4101952.075958252,,,,,,,,,4101952.075958252
2c737ce3-e8d7-4942-bb98-3a40d21547ee,2003,AES-128,encrypt,cuda_baseline,baseline,pipeline,pinned,ECB,33554432,2,33554432:ECB:2,70e73b4fe0cd9eb40991f9aa89fec35857d5e54d1c7caf661055eac4046e990a,0,504,True,,8251.24089499877,2273.73602396086,0.0040665922164916995,0.0147574,5328200,4066592.216491699,5262900,10591100,14757400,,,,,,
2c737ce3-e8d7-4942-bb98-3a40d21547ee,2003,AES-128,encrypt,cpu_software,software,transform,bytes,ECB,33554432,2,33554432:ECB:2,70e73b4fe0cd9eb40991f9aa89fec35857d5e54d1c7caf661055eac4046e990a,1,505,True,,,,,,,,,,,120125300,0.1201253,279.3286010524011,109375000,0.9105076116355173,
2c737ce3-e8d7-4942-bb98-3a40d21547ee,2003,AES-128,encrypt,cuda_baseline,baseline,resident,pinned,ECB,33554432,2,33554432:ECB:2,70e73b4fe0cd9eb40991f9aa89fec35857d5e54d1c7caf661055eac4046e990a,2,506,True,1,8289.204049951444,,0.004047967910766601,,,4047967.9107666016,,,,,,,,,4047967.9107666016
2c737ce3-e8d7-4942-bb98-3a40d21547ee,2003,AES-128,encrypt,cpu_aesni,aesni,transform,bytes,ECB,33554432,2,33554432:ECB:2,70e73b4fe0cd9eb40991f9aa89fec35857d5e54d1c7caf661055eac4046e990a,3,507,True,,,,,,,,,,,20407900,0.0204079,1644.1883780300766,15625000,0.7656348766899093,
2c737ce3-e8d7-4942-bb98-3a40d21547ee,2003,AES-128,encrypt,cuda_optimized,optimized,resident,pinned,ECB,33554432,2,33554432:ECB:2,70e73b4fe0cd9eb40991f9aa89fec35857d5e54d1c7caf661055eac4046e990a,4,508,True,1,8353.190172862485,,0.0040169601440429685,,,4016960.1440429688,,,,,,,,,4016960.1440429688
2c737ce3-e8d7-4942-bb98-3a40d21547ee,2003,AES-128,encrypt,cuda_optimized,optimized,pipeline,pinned,ECB,33554432,2,33554432:ECB:2,70e73b4fe0cd9eb40991f9aa89fec35857d5e54d1c7caf661055eac4046e990a,5,509,True,,8318.400552102938,2278.0892377046953,0.004033760070800781,0.0147292,5381800,4033760.0708007812,5225500,10607300,14729200,,,,,,
2c737ce3-e8d7-4942-bb98-3a40d21547ee,2003,AES-128,encrypt,cuda_optimized,optimized,pipeline,pinned,CTR,33554432,2,33554432:CTR:2,162f19c4036b6ac89584af30750ee412f455a538aefbc8704e43c07183178b21,0,510,True,,7902.0323843872275,2210.393206985369,0.004246304035186768,0.0151803,5404000,4246304.035186768,5429500,10833500,15180300,,,,,,
2c737ce3-e8d7-4942-bb98-3a40d21547ee,2003,AES-128,encrypt,cuda_baseline,baseline,pipeline,pinned,CTR,33554432,2,33554432:CTR:2,162f19c4036b6ac89584af30750ee412f455a538aefbc8704e43c07183178b21,1,511,True,,7921.134416031212,2217.38997118765,0.0042360639572143555,0.0151324,5417500,4236063.9572143555,5378500,10796000,15132400,,,,,,
2c737ce3-e8d7-4942-bb98-3a40d21547ee,2003,AES-128,encrypt,cuda_baseline,baseline,resident,pinned,CTR,33554432,2,33554432:CTR:2,162f19c4036b6ac89584af30750ee412f455a538aefbc8704e43c07183178b21,2,512,True,1,7911.273454181194,,0.004241343975067139,,,4241343.975067139,,,,,,,,,4241343.975067139
2c737ce3-e8d7-4942-bb98-3a40d21547ee,2003,AES-128,encrypt,cpu_software,software,transform,bytes,CTR,33554432,2,33554432:CTR:2,162f19c4036b6ac89584af30750ee412f455a538aefbc8704e43c07183178b21,3,513,True,,,,,,,,,,,129107500,0.1291075,259.89529655519624,140625000,1.089208605232074,
2c737ce3-e8d7-4942-bb98-3a40d21547ee,2003,AES-128,encrypt,cuda_optimized,optimized,resident,pinned,CTR,33554432,2,33554432:CTR:2,162f19c4036b6ac89584af30750ee412f455a538aefbc8704e43c07183178b21,4,514,True,1,5185.579497020321,,0.006470719814300537,,,6470719.814300537,,,,,,,,,6470719.814300537
2c737ce3-e8d7-4942-bb98-3a40d21547ee,2003,AES-128,encrypt,cpu_aesni,aesni,transform,bytes,CTR,33554432,2,33554432:CTR:2,162f19c4036b6ac89584af30750ee412f455a538aefbc8704e43c07183178b21,5,515,True,,,,,,,,,,,25566300,0.0255663,1312.447714374,15625000,0.611156092199497,
2c737ce3-e8d7-4942-bb98-3a40d21547ee,2003,AES-128,encrypt,cuda_baseline,baseline,pipeline,pinned,CTR,33554432,3,33554432:CTR:3,522f88bbc64fe7cf4d9cc323cf8a7fd57d097d90adaa273652de78354fa65d6d,0,516,True,,4622.7190348772865,1201.3200960929137,0.007258592128753662,0.0279313,10288600,7258592.128753662,10279900,20568500,27931300,,,,,,
2c737ce3-e8d7-4942-bb98-3a40d21547ee,2003,AES-128,encrypt,cpu_aesni,aesni,transform,bytes,CTR,33554432,3,33554432:CTR:3,522f88bbc64fe7cf4d9cc323cf8a7fd57d097d90adaa273652de78354fa65d6d,1,517,True,,,,,,,,,,,26149000,0.026149,1283.2013461317833,31250000,1.1950743814295002,
2c737ce3-e8d7-4942-bb98-3a40d21547ee,2003,AES-128,encrypt,cuda_optimized,optimized,resident,pinned,CTR,33554432,3,33554432:CTR:3,522f88bbc64fe7cf4d9cc323cf8a7fd57d097d90adaa273652de78354fa65d6d,2,518,True,1,4613.363427330886,,0.007273312091827393,,,7273312.091827393,,,,,,,,,7273312.091827393
2c737ce3-e8d7-4942-bb98-3a40d21547ee,2003,AES-128,encrypt,cuda_optimized,optimized,pipeline,pinned,CTR,33554432,3,33554432:CTR:3,522f88bbc64fe7cf4d9cc323cf8a7fd57d097d90adaa273652de78354fa65d6d,3,519,True,,4661.311561455558,1172.2154215924652,0.007198495864868164,0.0286248,10364600,7198495.864868164,10934300,21298900,28624800,,,,,,
2c737ce3-e8d7-4942-bb98-3a40d21547ee,2003,AES-128,encrypt,cuda_baseline,baseline,resident,pinned,CTR,33554432,3,33554432:CTR:3,522f88bbc64fe7cf4d9cc323cf8a7fd57d097d90adaa273652de78354fa65d6d,4,520,True,1,4610.341197390855,,0.0072780799865722655,,,7278079.986572266,,,,,,,,,7278079.986572266
2c737ce3-e8d7-4942-bb98-3a40d21547ee,2003,AES-128,encrypt,cpu_software,software,transform,bytes,CTR,33554432,3,33554432:CTR:3,522f88bbc64fe7cf4d9cc323cf8a7fd57d097d90adaa273652de78354fa65d6d,5,521,True,,,,,,,,,,,127760800,0.1277608,262.63479878022054,140625000,1.1006897264262592,
2c737ce3-e8d7-4942-bb98-3a40d21547ee,2003,AES-128,encrypt,cuda_optimized,optimized,pipeline,pinned,ECB,33554432,3,33554432:ECB:3,496d77dc98cbaa70c9f3d08d7470185e18335bee9b7ccb9053873ef2c21d6ebb,0,522,True,,3922.461752258758,1139.2341147911113,0.008554431915283203,0.0294535,10460300,8554431.915283203,10322600,20782900,29453500,,,,,,
2c737ce3-e8d7-4942-bb98-3a40d21547ee,2003,AES-128,encrypt,cuda_baseline,baseline,pipeline,pinned,ECB,33554432,3,33554432:ECB:3,496d77dc98cbaa70c9f3d08d7470185e18335bee9b7ccb9053873ef2c21d6ebb,1,523,True,,3965.569886155851,1145.6403813061647,0.008461440086364746,0.0292888,10456900,8461440.086364746,10239400,20696300,29288800,,,,,,
2c737ce3-e8d7-4942-bb98-3a40d21547ee,2003,AES-128,encrypt,cuda_optimized,optimized,resident,pinned,ECB,33554432,3,33554432:ECB:3,496d77dc98cbaa70c9f3d08d7470185e18335bee9b7ccb9053873ef2c21d6ebb,2,524,True,1,3957.069677028522,,0.008479616165161134,,,8479616.165161133,,,,,,,,,8479616.165161133
2c737ce3-e8d7-4942-bb98-3a40d21547ee,2003,AES-128,encrypt,cpu_software,software,transform,bytes,ECB,33554432,3,33554432:ECB:3,496d77dc98cbaa70c9f3d08d7470185e18335bee9b7ccb9053873ef2c21d6ebb,3,525,True,,,,,,,,,,,120870000,0.12087,277.6076114834119,140625000,1.1634400595681311,
2c737ce3-e8d7-4942-bb98-3a40d21547ee,2003,AES-128,encrypt,cuda_baseline,baseline,resident,pinned,ECB,33554432,3,33554432:ECB:3,496d77dc98cbaa70c9f3d08d7470185e18335bee9b7ccb9053873ef2c21d6ebb,4,526,True,1,3913.6340148897607,,0.00857372760772705,,,8573727.60772705,,,,,,,,,8573727.60772705
2c737ce3-e8d7-4942-bb98-3a40d21547ee,2003,AES-128,encrypt,cpu_aesni,aesni,transform,bytes,ECB,33554432,3,33554432:ECB:3,496d77dc98cbaa70c9f3d08d7470185e18335bee9b7ccb9053873ef2c21d6ebb,5,527,True,,,,,,,,,,,20360000,0.02036,1648.0565815324164,15625000,0.7674361493123772,
2c737ce3-e8d7-4942-bb98-3a40d21547ee,2003,AES-128,encrypt,cuda_baseline,baseline,pipeline,pinned,ECB,33554432,4,33554432:ECB:4,a6f69dc7dcdf722aa280870b96e126cd43fbec6b80aafb696b093d87f10be082,0,528,True,,3366.1611663525596,648.8047906599919,0.009968159675598144,0.0517173,21222500,9968159.675598145,20380500,41603000,51717300,,,,,,
2c737ce3-e8d7-4942-bb98-3a40d21547ee,2003,AES-128,encrypt,cpu_aesni,aesni,transform,bytes,ECB,33554432,4,33554432:ECB:4,a6f69dc7dcdf722aa280870b96e126cd43fbec6b80aafb696b093d87f10be082,1,529,True,,,,,,,,,,,17904600,0.0179046,1874.0676697608435,15625000,0.8726807636026496,
2c737ce3-e8d7-4942-bb98-3a40d21547ee,2003,AES-128,encrypt,cuda_optimized,optimized,resident,pinned,ECB,33554432,4,33554432:ECB:4,a6f69dc7dcdf722aa280870b96e126cd43fbec6b80aafb696b093d87f10be082,2,530,True,1,3334.2426423206857,,0.010063584327697755,,,10063584.327697754,,,,,,,,,10063584.327697754
2c737ce3-e8d7-4942-bb98-3a40d21547ee,2003,AES-128,encrypt,cuda_baseline,baseline,resident,pinned,ECB,33554432,4,33554432:ECB:4,a6f69dc7dcdf722aa280870b96e126cd43fbec6b80aafb696b093d87f10be082,3,531,True,1,3373.4710610589505,,0.00994655990600586,,,9946559.90600586,,,,,,,,,9946559.90600586
2c737ce3-e8d7-4942-bb98-3a40d21547ee,2003,AES-128,encrypt,cuda_optimized,optimized,pipeline,pinned,ECB,33554432,4,33554432:ECB:4,a6f69dc7dcdf722aa280870b96e126cd43fbec6b80aafb696b093d87f10be082,4,532,True,,3360.2497553742273,643.2192369034474,0.009985695838928223,0.0521664,21635200,9985695.838928223,20420800,42056000,52166400,,,,,,
2c737ce3-e8d7-4942-bb98-3a40d21547ee,2003,AES-128,encrypt,cpu_software,software,transform,bytes,ECB,33554432,4,33554432:ECB:4,a6f69dc7dcdf722aa280870b96e126cd43fbec6b80aafb696b093d87f10be082,5,533,True,,,,,,,,,,,121659200,0.1216592,275.80677827899575,125000000,1.027460315372779,
2c737ce3-e8d7-4942-bb98-3a40d21547ee,2003,AES-128,encrypt,cpu_aesni,aesni,transform,bytes,CTR,33554432,4,33554432:CTR:4,718337e8cdc84098665458ffd578df176458efe5f2579bfd017a2737f20c2097,0,534,True,,,,,,,,,,,25517100,0.0255171,1314.9782694741957,31250000,1.2246689474901145,
2c737ce3-e8d7-4942-bb98-3a40d21547ee,2003,AES-128,encrypt,cuda_baseline,baseline,resident,pinned,CTR,33554432,4,33554432:CTR:4,718337e8cdc84098665458ffd578df176458efe5f2579bfd017a2737f20c2097,1,535,True,1,8212.466877639996,,0.004085792064666748,,,4085792.064666748,,,,,,,,,4085792.064666748
2c737ce3-e8d7-4942-bb98-3a40d21547ee,2003,AES-128,encrypt,cuda_baseline,baseline,pipeline,pinned,CTR,33554432,4,33554432:CTR:4,718337e8cdc84098665458ffd578df176458efe5f2579bfd017a2737f20c2097,2,536,True,,7949.9608061930585,2218.4308410411695,0.004220704078674317,0.0151253,5466800,4220704.078674316,5293000,10759800,15125300,,,,,,
2c737ce3-e8d7-4942-bb98-3a40d21547ee,2003,AES-128,encrypt,cpu_software,software,transform,bytes,CTR,33554432,4,33554432:CTR:4,718337e8cdc84098665458ffd578df176458efe5f2579bfd017a2737f20c2097,3,537,True,,,,,,,,,,,128035700,0.1280357,262.0709067861542,125000000,0.9762902065595768,
2c737ce3-e8d7-4942-bb98-3a40d21547ee,2003,AES-128,encrypt,cuda_optimized,optimized,pipeline,pinned,CTR,33554432,4,33554432:CTR:4,718337e8cdc84098665458ffd578df176458efe5f2579bfd017a2737f20c2097,4,538,True,,8027.560472173631,2252.1113355840284,0.004179903984069824,0.0148991,5324600,4179903.984069824,5290900,10615500,14899100,,,,,,
2c737ce3-e8d7-4942-bb98-3a40d21547ee,2003,AES-128,encrypt,cuda_optimized,optimized,resident,pinned,CTR,33554432,4,33554432:CTR:4,718337e8cdc84098665458ffd578df176458efe5f2579bfd017a2737f20c2097,5,539,True,1,8165.970975607135,,0.004109055995941162,,,4109055.995941162,,,,,,,,,4109055.995941162
2c737ce3-e8d7-4942-bb98-3a40d21547ee,2003,AES-128,encrypt,cuda_optimized,optimized,resident,pinned,ECB,33554432,5,33554432:ECB:5,7e618d1bc83762537c4473eb684b5c4e5c23897f2dfa79ee14c7d061c42388ea,0,540,True,1,8230.064185314834,,0.004077055931091309,,,4077055.9310913086,,,,,,,,,4077055.9310913086
2c737ce3-e8d7-4942-bb98-3a40d21547ee,2003,AES-128,encrypt,cuda_baseline,baseline,pipeline,pinned,ECB,33554432,5,33554432:ECB:5,7e618d1bc83762537c4473eb684b5c4e5c23897f2dfa79ee14c7d061c42388ea,1,541,True,,8303.447411426228,2261.9033880252923,0.004041024208068848,0.0148346,5421800,4041024.2080688477,5243100,10664900,14834600,,,,,,
2c737ce3-e8d7-4942-bb98-3a40d21547ee,2003,AES-128,encrypt,cpu_software,software,transform,bytes,ECB,33554432,5,33554432:ECB:5,7e618d1bc83762537c4473eb684b5c4e5c23897f2dfa79ee14c7d061c42388ea,2,542,True,,,,,,,,,,,122333000,0.122333,274.2876574595571,125000000,1.0218011493219328,
2c737ce3-e8d7-4942-bb98-3a40d21547ee,2003,AES-128,encrypt,cuda_optimized,optimized,pipeline,pinned,ECB,33554432,5,33554432:ECB:5,7e618d1bc83762537c4473eb684b5c4e5c23897f2dfa79ee14c7d061c42388ea,3,543,True,,8210.345427269824,2258.9188243055837,0.00408684778213501,0.0148542,5443600,4086847.7821350098,5225000,10668600,14854200,,,,,,
2c737ce3-e8d7-4942-bb98-3a40d21547ee,2003,AES-128,encrypt,cpu_aesni,aesni,transform,bytes,ECB,33554432,5,33554432:ECB:5,7e618d1bc83762537c4473eb684b5c4e5c23897f2dfa79ee14c7d061c42388ea,4,544,True,,,,,,,,,,,21373800,0.0213738,1569.8861222618345,15625000,0.7310351926190009,
2c737ce3-e8d7-4942-bb98-3a40d21547ee,2003,AES-128,encrypt,cuda_baseline,baseline,resident,pinned,ECB,33554432,5,33554432:ECB:5,7e618d1bc83762537c4473eb684b5c4e5c23897f2dfa79ee14c7d061c42388ea,5,545,True,1,8370.861622639535,,0.004008480072021484,,,4008480.0720214844,,,,,,,,,4008480.0720214844
2c737ce3-e8d7-4942-bb98-3a40d21547ee,2003,AES-128,encrypt,cpu_aesni,aesni,transform,bytes,CTR,33554432,5,33554432:CTR:5,daca4114cbb2414119c7271e8ea0eb96e52cdf83545e33061efe9cf1e5230133,0,546,True,,,,,,,,,,,26393200,0.0263932,1271.3286755679494,31250000,1.184017095312429,
2c737ce3-e8d7-4942-bb98-3a40d21547ee,2003,AES-128,encrypt,cpu_software,software,transform,bytes,CTR,33554432,5,33554432:CTR:5,daca4114cbb2414119c7271e8ea0eb96e52cdf83545e33061efe9cf1e5230133,1,547,True,,,,,,,,,,,126770500,0.1267705,264.6864373020537,140625000,1.109288044142762,
2c737ce3-e8d7-4942-bb98-3a40d21547ee,2003,AES-128,encrypt,cuda_baseline,baseline,resident,pinned,CTR,33554432,5,33554432:CTR:5,daca4114cbb2414119c7271e8ea0eb96e52cdf83545e33061efe9cf1e5230133,2,548,True,1,8031.495641111172,,0.004177855968475342,,,4177855.968475342,,,,,,,,,4177855.968475342
2c737ce3-e8d7-4942-bb98-3a40d21547ee,2003,AES-128,encrypt,cuda_optimized,optimized,pipeline,pinned,CTR,33554432,5,33554432:CTR:5,daca4114cbb2414119c7271e8ea0eb96e52cdf83545e33061efe9cf1e5230133,3,549,True,,8027.315052774978,2262.7423107268814,0.004180031776428223,0.0148291,5318500,4180031.7764282227,5228900,10547400,14829100,,,,,,
2c737ce3-e8d7-4942-bb98-3a40d21547ee,2003,AES-128,encrypt,cuda_optimized,optimized,resident,pinned,CTR,33554432,5,33554432:CTR:5,daca4114cbb2414119c7271e8ea0eb96e52cdf83545e33061efe9cf1e5230133,4,550,True,1,3425.185505928641,,0.009796383857727051,,,9796383.85772705,,,,,,,,,9796383.85772705
2c737ce3-e8d7-4942-bb98-3a40d21547ee,2003,AES-128,encrypt,cuda_baseline,baseline,pipeline,pinned,CTR,33554432,5,33554432:CTR:5,daca4114cbb2414119c7271e8ea0eb96e52cdf83545e33061efe9cf1e5230133,5,551,True,,3452.6930985170966,662.2685474846,0.00971833610534668,0.0506659,20571500,9718336.10534668,20265600,40837100,50665900,,,,,,
2c737ce3-e8d7-4942-bb98-3a40d21547ee,2003,AES-128,encrypt,cuda_optimized,optimized,resident,pinned,CTR,33554432,6,33554432:CTR:6,dea275ed14a37d56b22b19a703d57b30af5d961699f0f640081d1d6d6c77fa0a,0,552,True,1,5104.199051333477,,0.006573887825012207,,,6573887.825012207,,,,,,,,,6573887.825012207
2c737ce3-e8d7-4942-bb98-3a40d21547ee,2003,AES-128,encrypt,cuda_baseline,baseline,resident,pinned,CTR,33554432,6,33554432:CTR:6,dea275ed14a37d56b22b19a703d57b30af5d961699f0f640081d1d6d6c77fa0a,1,553,True,1,5104.323082481806,,0.006573728084564209,,,6573728.084564209,,,,,,,,,6573728.084564209
2c737ce3-e8d7-4942-bb98-3a40d21547ee,2003,AES-128,encrypt,cpu_software,software,transform,bytes,CTR,33554432,6,33554432:CTR:6,dea275ed14a37d56b22b19a703d57b30af5d961699f0f640081d1d6d6c77fa0a,2,554,True,,,,,,,,,,,128082500,0.1280825,261.97514882985575,140625000,1.097925165420725,
2c737ce3-e8d7-4942-bb98-3a40d21547ee,2003,AES-128,encrypt,cuda_optimized,optimized,pipeline,pinned,CTR,33554432,6,33554432:CTR:6,dea275ed14a37d56b22b19a703d57b30af5d961699f0f640081d1d6d6c77fa0a,3,555,True,,5134.289881741703,1187.5951454833105,0.006535359859466553,0.0282541,11032800,6535359.859466553,10406800,21439600,28254100,,,,,,
2c737ce3-e8d7-4942-bb98-3a40d21547ee,2003,AES-128,encrypt,cuda_baseline,baseline,pipeline,pinned,CTR,33554432,6,33554432:CTR:6,dea275ed14a37d56b22b19a703d57b30af5d961699f0f640081d1d6d6c77fa0a,4,556,True,,5146.0063059018585,1235.349220783524,0.006520480155944824,0.0271619,10347700,6520480.155944824,10156200,20503900,27161900,,,,,,
2c737ce3-e8d7-4942-bb98-3a40d21547ee,2003,AES-128,encrypt,cpu_aesni,aesni,transform,bytes,CTR,33554432,6,33554432:CTR:6,dea275ed14a37d56b22b19a703d57b30af5d961699f0f640081d1d6d6c77fa0a,5,557,True,,,,,,,,,,,28717600,0.0287176,1168.427445190406,31250000,1.0881828565061147,
2c737ce3-e8d7-4942-bb98-3a40d21547ee,2003,AES-128,encrypt,cpu_aesni,aesni,transform,bytes,ECB,33554432,6,33554432:ECB:6,29feac7949b9bfe17de9ce604a94455125526c03bcd23f279fcf19f0293755f5,0,558,True,,,,,,,,,,,19705300,0.0197053,1702.8125428184296,15625000,0.7929338807325947,
2c737ce3-e8d7-4942-bb98-3a40d21547ee,2003,AES-128,encrypt,cuda_baseline,baseline,resident,pinned,ECB,33554432,6,33554432:ECB:6,29feac7949b9bfe17de9ce604a94455125526c03bcd23f279fcf19f0293755f5,1,559,True,1,5091.608195288547,,0.006590144157409668,,,6590144.157409668,,,,,,,,,6590144.157409668
2c737ce3-e8d7-4942-bb98-3a40d21547ee,2003,AES-128,encrypt,cuda_baseline,baseline,pipeline,pinned,ECB,33554432,6,33554432:ECB:6,29feac7949b9bfe17de9ce604a94455125526c03bcd23f279fcf19f0293755f5,2,560,True,,5109.3222928033,1205.861834752265,0.006567296028137207,0.0278261,10644800,6567296.028137207,10512600,21157400,27826100,,,,,,
2c737ce3-e8d7-4942-bb98-3a40d21547ee,2003,AES-128,encrypt,cuda_optimized,optimized,resident,pinned,ECB,33554432,6,33554432:ECB:6,29feac7949b9bfe17de9ce604a94455125526c03bcd23f279fcf19f0293755f5,3,561,True,1,5064.948246754114,,0.006624832153320313,,,6624832.1533203125,,,,,,,,,6624832.1533203125
2c737ce3-e8d7-4942-bb98-3a40d21547ee,2003,AES-128,encrypt,cuda_optimized,optimized,pipeline,pinned,ECB,33554432,6,33554432:ECB:6,29feac7949b9bfe17de9ce604a94455125526c03bcd23f279fcf19f0293755f5,4,562,True,,5120.925286110627,1222.241195926158,0.0065524158477783204,0.0274532,10572300,6552415.84777832,10213100,20785400,27453200,,,,,,
2c737ce3-e8d7-4942-bb98-3a40d21547ee,2003,AES-128,encrypt,cpu_software,software,transform,bytes,ECB,33554432,6,33554432:ECB:6,29feac7949b9bfe17de9ce604a94455125526c03bcd23f279fcf19f0293755f5,5,563,True,,,,,,,,,,,121844300,0.1218443,275.38778588739893,125000000,1.025899447081234,
2c737ce3-e8d7-4942-bb98-3a40d21547ee,2003,AES-128,encrypt,cuda_optimized,optimized,resident,pinned,ECB,33554432,7,33554432:ECB:7,569d7595e06fad6bbd38b22516070ddc3545a297832a26141d1f3bb352c71286,0,564,True,1,5137.132132408823,,0.006531744003295898,,,6531744.003295898,,,,,,,,,6531744.003295898
2c737ce3-e8d7-4942-bb98-3a40d21547ee,2003,AES-128,encrypt,cpu_software,software,transform,bytes,ECB,33554432,7,33554432:ECB:7,569d7595e06fad6bbd38b22516070ddc3545a297832a26141d1f3bb352c71286,1,565,True,,,,,,,,,,,123619800,0.1236198,271.43250514885153,125000000,1.0111648781182303,
2c737ce3-e8d7-4942-bb98-3a40d21547ee,2003,AES-128,encrypt,cuda_optimized,optimized,pipeline,pinned,ECB,33554432,7,33554432:ECB:7,569d7595e06fad6bbd38b22516070ddc3545a297832a26141d1f3bb352c71286,2,566,True,,5042.030749962186,1225.249289777914,0.006654943943023682,0.0273858,10392200,6654943.943023682,10212300,20604500,27385800,,,,,,
2c737ce3-e8d7-4942-bb98-3a40d21547ee,2003,AES-128,encrypt,cpu_aesni,aesni,transform,bytes,ECB,33554432,7,33554432:ECB:7,569d7595e06fad6bbd38b22516070ddc3545a297832a26141d1f3bb352c71286,3,567,True,,,,,,,,,,,17289200,0.0172892,1940.7741248872128,15625000,0.9037433773685306,
2c737ce3-e8d7-4942-bb98-3a40d21547ee,2003,AES-128,encrypt,cuda_baseline,baseline,pipeline,pinned,ECB,33554432,7,33554432:ECB:7,569d7595e06fad6bbd38b22516070ddc3545a297832a26141d1f3bb352c71286,4,568,True,,5043.267317049579,1232.9479547893059,0.00665331220626831,0.0272148,10320600,6653312.206268311,10139900,20460500,27214800,,,,,,
2c737ce3-e8d7-4942-bb98-3a40d21547ee,2003,AES-128,encrypt,cuda_baseline,baseline,resident,pinned,ECB,33554432,7,33554432:ECB:7,569d7595e06fad6bbd38b22516070ddc3545a297832a26141d1f3bb352c71286,5,569,True,1,5076.202772250876,,0.006610144138336182,,,6610144.138336182,,,,,,,,,6610144.138336182
2c737ce3-e8d7-4942-bb98-3a40d21547ee,2003,AES-128,encrypt,cuda_baseline,baseline,resident,pinned,CTR,33554432,7,33554432:CTR:7,49047f213af2f8075a46864b32b48c801f53c8faaa4f3253c89a95b2904d8454,0,570,True,1,3958.7281402615295,,0.00847606372833252,,,8476063.72833252,,,,,,,,,8476063.72833252
2c737ce3-e8d7-4942-bb98-3a40d21547ee,2003,AES-128,encrypt,cuda_optimized,optimized,resident,pinned,CTR,33554432,7,33554432:CTR:7,49047f213af2f8075a46864b32b48c801f53c8faaa4f3253c89a95b2904d8454,1,571,True,1,4028.7081452385223,,0.008328831672668457,,,8328831.672668457,,,,,,,,,8328831.672668457
2c737ce3-e8d7-4942-bb98-3a40d21547ee,2003,AES-128,encrypt,cuda_baseline,baseline,pipeline,pinned,CTR,33554432,7,33554432:CTR:7,49047f213af2f8075a46864b32b48c801f53c8faaa4f3253c89a95b2904d8454,2,572,True,,3952.0435736537706,1141.7149662294357,0.008490400314331055,0.0293895,10561900,8490400.314331055,10237000,20798900,29389500,,,,,,
2c737ce3-e8d7-4942-bb98-3a40d21547ee,2003,AES-128,encrypt,cpu_software,software,transform,bytes,CTR,33554432,7,33554432:CTR:7,49047f213af2f8075a46864b32b48c801f53c8faaa4f3253c89a95b2904d8454,3,573,True,,,,,,,,,,,127912300,0.1279123,262.32373274501356,109375000,0.8550780495699006,
2c737ce3-e8d7-4942-bb98-3a40d21547ee,2003,AES-128,encrypt,cuda_optimized,optimized,pipeline,pinned,CTR,33554432,7,33554432:CTR:7,49047f213af2f8075a46864b32b48c801f53c8faaa4f3253c89a95b2904d8454,4,574,True,,3362.533992813214,808.1880432871446,0.009978912353515624,0.0415181,11005200,9978912.353515625,20392100,31397300,41518100,,,,,,
2c737ce3-e8d7-4942-bb98-3a40d21547ee,2003,AES-128,encrypt,cpu_aesni,aesni,transform,bytes,CTR,33554432,7,33554432:CTR:7,49047f213af2f8075a46864b32b48c801f53c8faaa4f3253c89a95b2904d8454,5,575,True,,,,,,,,,,,25308600,0.0253086,1325.811463297061,31250000,1.2347581454525338,
2c737ce3-e8d7-4942-bb98-3a40d21547ee,2003,AES-128,encrypt,cuda_optimized,optimized,pipeline,pinned,ECB,33554432,8,33554432:ECB:8,79cfaabd51de9866b87115b534537053a7ade688964e52010f42ae0022df155a,0,576,True,,3304.537472379782,654.9238105090164,0.010154047966003417,0.0512341,20624200,10154047.966003418,20307100,40931300,51234100,,,,,,
2c737ce3-e8d7-4942-bb98-3a40d21547ee,2003,AES-128,encrypt,cpu_aesni,aesni,transform,bytes,ECB,33554432,8,33554432:ECB:8,79cfaabd51de9866b87115b534537053a7ade688964e52010f42ae0022df155a,1,577,True,,,,,,,,,,,19466900,0.0194669,1723.665914963348,15625000,0.8026444888503049,
2c737ce3-e8d7-4942-bb98-3a40d21547ee,2003,AES-128,encrypt,cuda_optimized,optimized,resident,pinned,ECB,33554432,8,33554432:ECB:8,79cfaabd51de9866b87115b534537053a7ade688964e52010f42ae0022df155a,2,578,True,1,3380.344069043451,,0.009926336288452148,,,9926336.288452148,,,,,,,,,9926336.288452148
2c737ce3-e8d7-4942-bb98-3a40d21547ee,2003,AES-128,encrypt,cpu_software,software,transform,bytes,ECB,33554432,8,33554432:ECB:8,79cfaabd51de9866b87115b534537053a7ade688964e52010f42ae0022df155a,3,579,True,,,,,,,,,,,119089100,0.1190891,281.75905267568567,109375000,0.9184299822569824,
2c737ce3-e8d7-4942-bb98-3a40d21547ee,2003,AES-128,encrypt,cuda_baseline,baseline,pipeline,pinned,ECB,33554432,8,33554432:ECB:8,79cfaabd51de9866b87115b534537053a7ade688964e52010f42ae0022df155a,4,580,True,,3374.8608415857034,644.2158212330831,0.009942463874816895,0.0520857,20595300,9942463.874816895,21392200,41987500,52085700,,,,,,
2c737ce3-e8d7-4942-bb98-3a40d21547ee,2003,AES-128,encrypt,cuda_baseline,baseline,resident,pinned,ECB,33554432,8,33554432:ECB:8,79cfaabd51de9866b87115b534537053a7ade688964e52010f42ae0022df155a,5,581,True,1,3352.010874564343,,0.010010239601135253,,,10010239.601135254,,,,,,,,,10010239.601135254
2c737ce3-e8d7-4942-bb98-3a40d21547ee,2003,AES-128,encrypt,cpu_aesni,aesni,transform,bytes,CTR,33554432,8,33554432:CTR:8,2388027d8624a81d97d8ed3e041b9262631f85d3c8116f7e1d90aa86f36780e5,0,582,True,,,,,,,,,,,24995400,0.0249954,1342.4242860686365,31250000,1.2502300423277883,
2c737ce3-e8d7-4942-bb98-3a40d21547ee,2003,AES-128,encrypt,cuda_optimized,optimized,resident,pinned,CTR,33554432,8,33554432:CTR:8,2388027d8624a81d97d8ed3e041b9262631f85d3c8116f7e1d90aa86f36780e5,1,583,True,1,4209.880633824425,,0.007970399856567383,,,7970399.856567383,,,,,,,,,7970399.856567383
2c737ce3-e8d7-4942-bb98-3a40d21547ee,2003,AES-128,encrypt,cuda_baseline,baseline,pipeline,pinned,CTR,33554432,8,33554432:CTR:8,2388027d8624a81d97d8ed3e041b9262631f85d3c8116f7e1d90aa86f36780e5,2,584,True,,4255.999083686701,1172.8915035147143,0.007884031772613525,0.0286083,10345000,7884031.772613525,10239400,20584400,28608300,,,,,,
2c737ce3-e8d7-4942-bb98-3a40d21547ee,2003,AES-128,encrypt,cpu_software,software,transform,bytes,CTR,33554432,8,33554432:CTR:8,2388027d8624a81d97d8ed3e041b9262631f85d3c8116f7e1d90aa86f36780e5,3,585,True,,,,,,,,,,,129650900,0.1296509,258.8060090597134,125000000,0.9641275147337967,
2c737ce3-e8d7-4942-bb98-3a40d21547ee,2003,AES-128,encrypt,cuda_baseline,baseline,resident,pinned,CTR,33554432,8,33554432:CTR:8,2388027d8624a81d97d8ed3e041b9262631f85d3c8116f7e1d90aa86f36780e5,4,586,True,1,4214.8387960202635,,0.007961023807525634,,,7961023.807525635,,,,,,,,,7961023.807525635
2c737ce3-e8d7-4942-bb98-3a40d21547ee,2003,AES-128,encrypt,cuda_optimized,optimized,pipeline,pinned,CTR,33554432,8,33554432:CTR:8,2388027d8624a81d97d8ed3e041b9262631f85d3c8116f7e1d90aa86f36780e5,5,587,True,,4247.310522488513,1166.2750168574864,0.00790015983581543,0.0287706,10314600,7900159.83581543,10457800,20772400,28770600,,,,,,
2c737ce3-e8d7-4942-bb98-3a40d21547ee,2003,AES-128,encrypt,cuda_baseline,baseline,pipeline,pinned,ECB,33554432,9,33554432:ECB:9,2fef2b28a0fb277b54da78f5df6dc68c34259f5d1294d208fee4b23348fcc17d,0,588,True,,4406.281300068666,1121.5953631249436,0.00761513614654541,0.0299167,11454100,7615136.14654541,10739600,22193700,29916700,,,,,,
2c737ce3-e8d7-4942-bb98-3a40d21547ee,2003,AES-128,encrypt,cpu_aesni,aesni,transform,bytes,ECB,33554432,9,33554432:ECB:9,2fef2b28a0fb277b54da78f5df6dc68c34259f5d1294d208fee4b23348fcc17d,1,589,True,,,,,,,,,,,20093900,0.0200939,1669.881506327791,15625000,0.7775991718879859,
2c737ce3-e8d7-4942-bb98-3a40d21547ee,2003,AES-128,encrypt,cuda_baseline,baseline,resident,pinned,ECB,33554432,9,33554432:ECB:9,2fef2b28a0fb277b54da78f5df6dc68c34259f5d1294d208fee4b23348fcc17d,2,590,True,1,4319.767199721497,,0.007767648220062256,,,7767648.220062256,,,,,,,,,7767648.220062256
2c737ce3-e8d7-4942-bb98-3a40d21547ee,2003,AES-128,encrypt,cpu_software,software,transform,bytes,ECB,33554432,9,33554432:ECB:9,2fef2b28a0fb277b54da78f5df6dc68c34259f5d1294d208fee4b23348fcc17d,3,591,True,,,,,,,,,,,122002200,0.1220022,275.0313682868014,125000000,1.024571688051527,
2c737ce3-e8d7-4942-bb98-3a40d21547ee,2003,AES-128,encrypt,cuda_optimized,optimized,resident,pinned,ECB,33554432,9,33554432:ECB:9,2fef2b28a0fb277b54da78f5df6dc68c34259f5d1294d208fee4b23348fcc17d,4,592,True,1,4327.95101644171,,0.007752960205078125,,,7752960.205078125,,,,,,,,,7752960.205078125
2c737ce3-e8d7-4942-bb98-3a40d21547ee,2003,AES-128,encrypt,cuda_optimized,optimized,pipeline,pinned,ECB,33554432,9,33554432:ECB:9,2fef2b28a0fb277b54da78f5df6dc68c34259f5d1294d208fee4b23348fcc17d,5,593,True,,4361.942170515869,1176.1558279499034,0.007692543983459472,0.0285289,10479800,7692543.983459473,10253600,20733400,28528900,,,,,,
2c737ce3-e8d7-4942-bb98-3a40d21547ee,2003,AES-128,encrypt,cuda_baseline,baseline,pipeline,pinned,CTR,33554432,9,33554432:CTR:9,3e65f7bf1d566718e589cca21c881cfea2c419c2583d41d113e34af26c5c9021,0,594,True,,4248.0674285231335,1172.8833039131728,0.007898752212524413,0.0286085,10438700,7898752.212524414,10167800,20606500,28608500,,,,,,
2c737ce3-e8d7-4942-bb98-3a40d21547ee,2003,AES-128,encrypt,cuda_baseline,baseline,resident,pinned,CTR,33554432,9,33554432:CTR:9,3e65f7bf1d566718e589cca21c881cfea2c419c2583d41d113e34af26c5c9021,1,595,True,1,4229.936921159529,,0.007932608127593993,,,7932608.127593994,,,,,,,,,7932608.127593994
2c737ce3-e8d7-4942-bb98-3a40d21547ee,2003,AES-128,encrypt,cuda_optimized,optimized,pipeline,pinned,CTR,33554432,9,33554432:CTR:9,3e65f7bf1d566718e589cca21c881cfea2c419c2583d41d113e34af26c5c9021,2,596,True,,4295.382834439489,1179.0819485489194,0.0078117442131042485,0.0284581,10341500,7811744.213104248,10208600,20550100,28458100,,,,,,
2c737ce3-e8d7-4942-bb98-3a40d21547ee,2003,AES-128,encrypt,cpu_aesni,aesni,transform,bytes,CTR,33554432,9,33554432:CTR:9,3e65f7bf1d566718e589cca21c881cfea2c419c2583d41d113e34af26c5c9021,3,597,True,,,,,,,,,,,25948600,0.0259486,1293.111458807026,15625000,0.6021519465404684,
2c737ce3-e8d7-4942-bb98-3a40d21547ee,2003,AES-128,encrypt,cpu_software,software,transform,bytes,CTR,33554432,9,33554432:CTR:9,3e65f7bf1d566718e589cca21c881cfea2c419c2583d41d113e34af26c5c9021,4,598,True,,,,,,,,,,,125490300,0.1254903,267.3866585704234,125000000,0.9960929251105464,
2c737ce3-e8d7-4942-bb98-3a40d21547ee,2003,AES-128,encrypt,cuda_optimized,optimized,resident,pinned,CTR,33554432,9,33554432:CTR:9,3e65f7bf1d566718e589cca21c881cfea2c419c2583d41d113e34af26c5c9021,5,599,True,1,3216.569848380341,,0.010431743621826172,,,10431743.621826172,,,,,,,,,10431743.621826172
