session_id,pair_id,variant_order,job_order,algorithm,backend,mode,bytes,repeat,operation,wall_elapsed_ns,process_cpu_ns,process_to_wall_ratio,seconds,throughput_MB_s
166ed026-9f24-431d-9f1a-0876f3fd41e0,10485760:0:AES-192:encrypt,0,0,AES-192,aesni,CBC,10485760,0,encrypt,21531500,15625000,0.7256809790307225,0.0215315,486.99626129159606
166ed026-9f24-431d-9f1a-0876f3fd41e0,10485760:0:AES-192:encrypt,0,1,AES-192,software,CBC,10485760,0,encrypt,53619600,62500000,1.1656185424732748,0.0536196,195.55834060679305
166ed026-9f24-431d-9f1a-0876f3fd41e0,10485760:0:AES-192:decrypt,0,2,AES-192,aesni,CBC,10485760,0,decrypt,21792800,15625000,0.7169799199735692,0.0217928,481.15707940237144
166ed026-9f24-431d-9f1a-0876f3fd41e0,10485760:0:AES-192:decrypt,0,3,AES-192,software,CBC,10485760,0,decrypt,54741100,62500000,1.1417381090259422,0.0547411,191.5518687055978
166ed026-9f24-431d-9f1a-0876f3fd41e0,10485760:0:AES-256:encrypt,1,0,AES-256,aesni,CBC,10485760,0,encrypt,22295400,31250000,1.4016344178619804,0.0222954,470.3104676300941
166ed026-9f24-431d-9f1a-0876f3fd41e0,10485760:0:AES-256:decrypt,1,1,AES-256,software,CBC,10485760,0,decrypt,61951400,62500000,1.00885532853172,0.0619514,169.2578375952763
166ed026-9f24-431d-9f1a-0876f3fd41e0,10485760:0:AES-256:decrypt,1,2,AES-256,aesni,CBC,10485760,0,decrypt,22912800,15625000,0.68193324255438,0.0229128,457.63765231660904
166ed026-9f24-431d-9f1a-0876f3fd41e0,10485760:0:AES-256:encrypt,1,3,AES-256,software,CBC,10485760,0,encrypt,60897100,62500000,1.0263214504467373,0.0608971,172.18816659578206
166ed026-9f24-431d-9f1a-0876f3fd41e0,10485760:0:AES-128:decrypt,2,0,AES-128,software,CBC,10485760,0,decrypt,71723700,78125000,1.0892494391672487,0.0717237,146.19658495030234
166ed026-9f24-431d-9f1a-0876f3fd41e0,10485760:0:AES-128:encrypt,2,1,AES-128,software,CBC,10485760,0,encrypt,76798900,78125000,1.0172671743996333,0.0767989,136.53528891689854
166ed026-9f24-431d-9f1a-0876f3fd41e0,10485760:0:AES-128:decrypt,2,2,AES-128,aesni,CBC,10485760,0,decrypt,20261500,31250000,1.5423339831700515,0.0202615,517.5214075956864
166ed026-9f24-431d-9f1a-0876f3fd41e0,10485760:0:AES-128:encrypt,2,3,AES-128,aesni,CBC,10485760,0,encrypt,20193700,15625000,0.7737561714792237,0.0201937,519.2589768095991
166ed026-9f24-431d-9f1a-0876f3fd41e0,10485760:1:AES-256:encrypt,0,0,AES-256,aesni,CBC,10485760,1,encrypt,24054300,31250000,1.2991440199881101,0.0240543,435.92039676897684
166ed026-9f24-431d-9f1a-0876f3fd41e0,10485760:1:AES-256:encrypt,0,1,AES-256,software,CBC,10485760,1,encrypt,61380400,62500000,1.0182403503398478,0.0613804,170.83238297567303
166ed026-9f24-431d-9f1a-0876f3fd41e0,10485760:1:AES-256:decrypt,0,2,AES-256,software,CBC,10485760,1,decrypt,62554400,62500000,0.9991303569373218,0.0625544,167.62625810494546
166ed026-9f24-431d-9f1a-0876f3fd41e0,10485760:1:AES-256:decrypt,0,3,AES-256,aesni,CBC,10485760,1,decrypt,22434700,31250000,1.3929314856004316,0.0224347,467.39024814238655
166ed026-9f24-431d-9f1a-0876f3fd41e0,10485760:1:AES-128:decrypt,1,0,AES-128,software,CBC,10485760,1,decrypt,47987000,46875000,0.9768270573280263,0.047987,218.5125138058224
166ed026-9f24-431d-9f1a-0876f3fd41e0,10485760:1:AES-128:encrypt,1,1,AES-128,software,CBC,10485760,1,encrypt,46692800,46875000,1.0039021005379845,0.0466928,224.56909844772642
166ed026-9f24-431d-9f1a-0876f3fd41e0,10485760:1:AES-128:decrypt,1,2,AES-128,aesni,CBC,10485760,1,decrypt,19072800,15625000,0.8192294786292521,0.0190728,549.7755966612139
166ed026-9f24-431d-9f1a-0876f3fd41e0,10485760:1:AES-128:encrypt,1,3,AES-128,aesni,CBC,10485760,1,encrypt,19945800,31250000,1.5667458813384272,0.0199458,525.7126813665033
166ed026-9f24-431d-9f1a-0876f3fd41e0,10485760:1:AES-192:decrypt,2,0,AES-192,aesni,CBC,10485760,1,decrypt,21109300,15625000,0.7401950798936962,0.0211093,496.7365095005519
166ed026-9f24-431d-9f1a-0876f3fd41e0,10485760:1:AES-192:encrypt,2,1,AES-192,aesni,CBC,10485760,1,encrypt,26295800,31250000,1.188402710699047,0.0262958,398.76177944766846
166ed026-9f24-431d-9f1a-0876f3fd41e0,10485760:1:AES-192:encrypt,2,2,AES-192,software,CBC,10485760,1,encrypt,99674000,109375000,1.0973272869554749,0.099674,105.20055380540562
166ed026-9f24-431d-9f1a-0876f3fd41e0,10485760:1:AES-192:decrypt,2,3,AES-192,software,CBC,10485760,1,decrypt,63965900,62500000,0.9770831020903326,0.0639659,163.9273425371956
166ed026-9f24-431d-9f1a-0876f3fd41e0,10485760:2:AES-256:encrypt,0,0,AES-256,software,CBC,10485760,2,encrypt,80627200,78125000,0.9689658080647722,0.0806272,130.0523892681378
166ed026-9f24-431d-9f1a-0876f3fd41e0,10485760:2:AES-256:decrypt,0,1,AES-256,software,CBC,10485760,2,decrypt,63968200,62500000,0.9770479707104468,0.0639682,163.9214484697084
166ed026-9f24-431d-9f1a-0876f3fd41e0,10485760:2:AES-256:decrypt,0,2,AES-256,aesni,CBC,10485760,2,decrypt,22596200,15625000,0.6914879493012099,0.0225962,464.04970747293794
166ed026-9f24-431d-9f1a-0876f3fd41e0,10485760:2:AES-256:encrypt,0,3,AES-256,aesni,CBC,10485760,2,encrypt,22943900,31250000,1.3620177912211962,0.0229439,457.0173335832182
166ed026-9f24-431d-9f1a-0876f3fd41e0,10485760:2:AES-128:encrypt,1,0,AES-128,software,CBC,10485760,2,encrypt,58745900,62500000,1.0639040341538728,0.0587459,178.493477842709
166ed026-9f24-431d-9f1a-0876f3fd41e0,10485760:2:AES-128:encrypt,1,1,AES-128,aesni,CBC,10485760,2,encrypt,20089300,15625000,0.7777772246917514,0.0200893,521.9574599413618
166ed026-9f24-431d-9f1a-0876f3fd41e0,10485760:2:AES-128:decrypt,1,2,AES-128,software,CBC,10485760,2,decrypt,48635300,46875000,0.9638061243582337,0.0486353,215.59978040641263
166ed026-9f24-431d-9f1a-0876f3fd41e0,10485760:2:AES-128:decrypt,1,3,AES-128,aesni,CBC,10485760,2,decrypt,19722200,31250000,1.5845088276155803,0.0197222,531.6729370962671
166ed026-9f24-431d-9f1a-0876f3fd41e0,10485760:2:AES-192:encrypt,2,0,AES-192,software,CBC,10485760,2,encrypt,52576400,62500000,1.1887462816016312,0.0525764,199.43853135627393
166ed026-9f24-431d-9f1a-0876f3fd41e0,10485760:2:AES-192:decrypt,2,1,AES-192,software,CBC,10485760,2,decrypt,53383000,46875000,0.878088530056385,0.053383,196.42507914504617
166ed026-9f24-431d-9f1a-0876f3fd41e0,10485760:2:AES-192:encrypt,2,2,AES-192,aesni,CBC,10485760,2,encrypt,21384800,31250000,1.4613183195540758,0.0213848,490.33706183831504
166ed026-9f24-431d-9f1a-0876f3fd41e0,10485760:2:AES-192:decrypt,2,3,AES-192,aesni,CBC,10485760,2,decrypt,20099800,15625000,0.777370919113623,0.0200998,521.6847928835112
166ed026-9f24-431d-9f1a-0876f3fd41e0,10485760:3:AES-128:encrypt,0,0,AES-128,aesni,CBC,10485760,3,encrypt,19361000,31250000,1.6140695212024172,0.019361,541.5918599245907
166ed026-9f24-431d-9f1a-0876f3fd41e0,10485760:3:AES-128:decrypt,0,1,AES-128,aesni,CBC,10485760,3,decrypt,18254100,15625000,0.8559720829840968,0.0182541,574.4331410477646
166ed026-9f24-431d-9f1a-0876f3fd41e0,10485760:3:AES-128:encrypt,0,2,AES-128,software,CBC,10485760,3,encrypt,47637500,46875000,0.9839937024403044,0.0476375,220.11566517974285
166ed026-9f24-431d-9f1a-0876f3fd41e0,10485760:3:AES-128:decrypt,0,3,AES-128,software,CBC,10485760,3,decrypt,49997300,46875000,0.9375506277338976,0.0499973,209.72652523236255
166ed026-9f24-431d-9f1a-0876f3fd41e0,10485760:3:AES-192:decrypt,1,0,AES-192,aesni,CBC,10485760,3,decrypt,21673200,15625000,0.7209364560840116,0.0216732,483.8122658398391
166ed026-9f24-431d-9f1a-0876f3fd41e0,10485760:3:AES-192:decrypt,1,1,AES-192,software,CBC,10485760,3,decrypt,58000700,62500000,1.077573201702738,0.0580007,180.78678360778403
166ed026-9f24-431d-9f1a-0876f3fd41e0,10485760:3:AES-192:encrypt,1,2,AES-192,software,CBC,10485760,3,encrypt,52781200,62500000,1.184133744590877,0.0527812,198.66467605889977
166ed026-9f24-431d-9f1a-0876f3fd41e0,10485760:3:AES-192:encrypt,1,3,AES-192,aesni,CBC,10485760,3,encrypt,20136500,15625000,0.7759541131775631,0.0201365,520.7339905147369
166ed026-9f24-431d-9f1a-0876f3fd41e0,10485760:3:AES-256:encrypt,2,0,AES-256,aesni,CBC,10485760,3,encrypt,22128300,31250000,1.4122187425152406,0.0221283,473.86197764853154
166ed026-9f24-431d-9f1a-0876f3fd41e0,10485760:3:AES-256:decrypt,2,1,AES-256,aesni,CBC,10485760,3,decrypt,47854200,46875000,0.9795378462078563,0.0478542,219.1189070133865
166ed026-9f24-431d-9f1a-0876f3fd41e0,10485760:3:AES-256:decrypt,2,2,AES-256,software,CBC,10485760,3,decrypt,62030800,62500000,1.0075639843432618,0.0620308,169.0411859914752
166ed026-9f24-431d-9f1a-0876f3fd41e0,10485760:3:AES-256:encrypt,2,3,AES-256,software,CBC,10485760,3,encrypt,59829300,62500000,1.044638663664793,0.0598293,175.26128502255582
166ed026-9f24-431d-9f1a-0876f3fd41e0,10485760:4:AES-256:decrypt,0,0,AES-256,aesni,CBC,10485760,4,decrypt,21856200,15625000,0.7149001198744521,0.0218562,479.761349182383
166ed026-9f24-431d-9f1a-0876f3fd41e0,10485760:4:AES-256:encrypt,0,1,AES-256,aesni,CBC,10485760,4,encrypt,21760400,31250000,1.4360949247256485,0.0217604,481.87349497251887
166ed026-9f24-431d-9f1a-0876f3fd41e0,10485760:4:AES-256:encrypt,0,2,AES-256,software,CBC,10485760,4,encrypt,58454900,46875000,0.8019002684120579,0.0584549,179.38205351476094
166ed026-9f24-431d-9f1a-0876f3fd41e0,10485760:4:AES-256:decrypt,0,3,AES-256,software,CBC,10485760,4,decrypt,61331000,46875000,0.7642953808025306,0.061331,170.9699825536841
166ed026-9f24-431d-9f1a-0876f3fd41e0,10485760:4:AES-128:decrypt,1,0,AES-128,software,CBC,10485760,4,decrypt,47757100,46875000,0.9815294479773689,0.0477571,219.5644207876944
166ed026-9f24-431d-9f1a-0876f3fd41e0,10485760:4:AES-128:encrypt,1,1,AES-128,aesni,CBC,10485760,4,encrypt,19899200,15625000,0.7852074455254483,0.0198992,526.9437967355472
166ed026-9f24-431d-9f1a-0876f3fd41e0,10485760:4:AES-128:encrypt,1,2,AES-128,software,CBC,10485760,4,encrypt,45670300,46875000,1.0263781932678349,0.0456703,229.59691528192283
166ed026-9f24-431d-9f1a-0876f3fd41e0,10485760:4:AES-128:decrypt,1,3,AES-128,aesni,CBC,10485760,4,decrypt,18791200,15625000,0.8315062369619822,0.0187912,558.0143897143344
166ed026-9f24-431d-9f1a-0876f3fd41e0,10485760:4:AES-192:decrypt,2,0,AES-192,software,CBC,10485760,4,decrypt,54404000,46875000,0.8616094404823175,0.054404,192.73876920814646
166ed026-9f24-431d-9f1a-0876f3fd41e0,10485760:4:AES-192:decrypt,2,1,AES-192,aesni,CBC,10485760,4,decrypt,20089500,15625000,0.7777694815699744,0.0200895,521.9522636202992
166ed026-9f24-431d-9f1a-0876f3fd41e0,10485760:4:AES-192:encrypt,2,2,AES-192,aesni,CBC,10485760,4,encrypt,20456800,15625000,0.7638047006374409,0.0204568,512.5806577763873
166ed026-9f24-431d-9f1a-0876f3fd41e0,10485760:4:AES-192:encrypt,2,3,AES-192,software,CBC,10485760,4,encrypt,51066600,62500000,1.2238919371957404,0.0510666,205.33499390991372
166ed026-9f24-431d-9f1a-0876f3fd41e0,10485760:5:AES-128:encrypt,0,0,AES-128,aesni,CBC,10485760,5,encrypt,18911900,15625000,0.8261993771117656,0.0189119,554.4530163547819
166ed026-9f24-431d-9f1a-0876f3fd41e0,10485760:5:AES-128:encrypt,0,1,AES-128,software,CBC,10485760,5,encrypt,46122400,46875000,1.016317450956585,0.0461224,227.3463653235738
166ed026-9f24-431d-9f1a-0876f3fd41e0,10485760:5:AES-128:decrypt,0,2,AES-128,software,CBC,10485760,5,decrypt,46266100,46875000,1.013160824015856,0.0462661,226.64023983002673
166ed026-9f24-431d-9f1a-0876f3fd41e0,10485760:5:AES-128:decrypt,0,3,AES-128,aesni,CBC,10485760,5,decrypt,18502700,15625000,0.8444713474249704,0.0185027,566.7151280623909
166ed026-9f24-431d-9f1a-0876f3fd41e0,10485760:5:AES-192:decrypt,1,0,AES-192,aesni,CBC,10485760,5,decrypt,22053400,15625000,0.7085075317184651,0.0220534,475.47135589070166
166ed026-9f24-431d-9f1a-0876f3fd41e0,10485760:5:AES-192:encrypt,1,1,AES-192,aesni,CBC,10485760,5,encrypt,20822700,15625000,0.7503829954808935,0.0208227,503.5735039163989
166ed026-9f24-431d-9f1a-0876f3fd41e0,10485760:5:AES-192:decrypt,1,2,AES-192,software,CBC,10485760,5,decrypt,53163800,46875000,0.8817089824278926,0.0531638,197.23496063110613
166ed026-9f24-431d-9f1a-0876f3fd41e0,10485760:5:AES-192:encrypt,1,3,AES-192,software,CBC,10485760,5,encrypt,52701500,46875000,0.8894433744770073,0.0527015,198.9651148449285
166ed026-9f24-431d-9f1a-0876f3fd41e0,10485760:5:AES-256:encrypt,2,0,AES-256,software,CBC,10485760,5,encrypt,58899800,62500000,1.0611241464317367,0.0588998,178.02709007500874
166ed026-9f24-431d-9f1a-0876f3fd41e0,10485760:5:AES-256:decrypt,2,1,AES-256,software,CBC,10485760,5,decrypt,60530600,46875000,0.7744017075660905,0.0605306,173.23072958140182
166ed026-9f24-431d-9f1a-0876f3fd41e0,10485760:5:AES-256:encrypt,2,2,AES-256,aesni,CBC,10485760,5,encrypt,21773400,15625000,0.7176187458091066,0.0217734,481.585788163539
166ed026-9f24-431d-9f1a-0876f3fd41e0,10485760:5:AES-256:decrypt,2,3,AES-256,aesni,CBC,10485760,5,decrypt,21346400,15625000,0.7319735412060113,0.0213464,491.21912828392607
166ed026-9f24-431d-9f1a-0876f3fd41e0,10485760:6:AES-128:decrypt,0,0,AES-128,software,CBC,10485760,6,decrypt,45673700,46875000,1.026301788556653,0.0456737,229.5798238373506
166ed026-9f24-431d-9f1a-0876f3fd41e0,10485760:6:AES-128:encrypt,0,1,AES-128,software,CBC,10485760,6,encrypt,48773900,46875000,0.9610672921378032,0.0487739,214.98711400974702
166ed026-9f24-431d-9f1a-0876f3fd41e0,10485760:6:AES-128:decrypt,0,2,AES-128,aesni,CBC,10485760,6,decrypt,19297600,15625000,0.8096861785921565,0.0192976,543.3711964182074
166ed026-9f24-431d-9f1a-0876f3fd41e0,10485760:6:AES-128:encrypt,0,3,AES-128,aesni,CBC,10485760,6,encrypt,19525700,31250000,1.6004547852317714,0.0195257,537.0235126013408
166ed026-9f24-431d-9f1a-0876f3fd41e0,10485760:6:AES-256:decrypt,1,0,AES-256,aesni,CBC,10485760,6,decrypt,21793700,15625000,0.7169503113285032,0.0217937,481.1372093770218
166ed026-9f24-431d-9f1a-0876f3fd41e0,10485760:6:AES-256:encrypt,1,1,AES-256,software,CBC,10485760,6,encrypt,59525500,62500000,1.049970180846864,0.0595255,176.155765176269
166ed026-9f24-431d-9f1a-0876f3fd41e0,10485760:6:AES-256:decrypt,1,2,AES-256,software,CBC,10485760,6,decrypt,59283300,62500000,1.0542597999773966,0.0592833,176.8754438433758
166ed026-9f24-431d-9f1a-0876f3fd41e0,10485760:6:AES-256:encrypt,1,3,AES-256,aesni,CBC,10485760,6,encrypt,20894500,15625000,0.747804446146115,0.0208945,501.84306875014954
166ed026-9f24-431d-9f1a-0876f3fd41e0,10485760:6:AES-192:decrypt,2,0,AES-192,aesni,CBC,10485760,6,decrypt,18915300,15625000,0.8260508688733459,0.0189153,554.353354163032
166ed026-9f24-431d-9f1a-0876f3fd41e0,10485760:6:AES-192:decrypt,2,1,AES-192,software,CBC,10485760,6,decrypt,54661600,62500000,1.1433986564608427,0.0546616,191.83046233553353
166ed026-9f24-431d-9f1a-0876f3fd41e0,10485760:6:AES-192:encrypt,2,2,AES-192,software,CBC,10485760,6,encrypt,52085900,46875000,0.8999556501855589,0.0520859,201.31667111444747
166ed026-9f24-431d-9f1a-0876f3fd41e0,10485760:6:AES-192:encrypt,2,3,AES-192,aesni,CBC,10485760,6,encrypt,20998400,15625000,0.7441043127095398,0.0209984,499.35995123437976
166ed026-9f24-431d-9f1a-0876f3fd41e0,10485760:7:AES-192:decrypt,0,0,AES-192,aesni,CBC,10485760,7,decrypt,20085500,15625000,0.7779243733041249,0.0200855,522.0562097035174
166ed026-9f24-431d-9f1a-0876f3fd41e0,10485760:7:AES-192:encrypt,0,1,AES-192,software,CBC,10485760,7,encrypt,52199900,62500000,1.1973203013798877,0.0521999,200.87701317435474
166ed026-9f24-431d-9f1a-0876f3fd41e0,10485760:7:AES-192:encrypt,0,2,AES-192,aesni,CBC,10485760,7,encrypt,20918200,15625000,0.7469571951697564,0.0209182,501.27448824468644
166ed026-9f24-431d-9f1a-0876f3fd41e0,10485760:7:AES-192:decrypt,0,3,AES-192,software,CBC,10485760,7,decrypt,53242300,62500000,1.1738786641448622,0.0532423,196.94415906149808
166ed026-9f24-431d-9f1a-0876f3fd41e0,10485760:7:AES-256:encrypt,1,0,AES-256,software,CBC,10485760,7,encrypt,59940900,46875000,0.7820202899856359,0.0599409,174.934977619622
166ed026-9f24-431d-9f1a-0876f3fd41e0,10485760:7:AES-256:decrypt,1,1,AES-256,software,CBC,10485760,7,decrypt,61262000,62500000,1.0202082857236134,0.061262,171.16254774574776
166ed026-9f24-431d-9f1a-0876f3fd41e0,10485760:7:AES-256:encrypt,1,2,AES-256,aesni,CBC,10485760,7,encrypt,21949100,15625000,0.7118742909732062,0.0219491,477.7307497801732
166ed026-9f24-431d-9f1a-0876f3fd41e0,10485760:7:AES-256:decrypt,1,3,AES-256,aesni,CBC,10485760,7,decrypt,22323600,31250000,1.399863821247469,0.0223236,469.71635399308354
166ed026-9f24-431d-9f1a-0876f3fd41e0,10485760:7:AES-128:encrypt,2,0,AES-128,aesni,CBC,10485760,7,encrypt,19665700,15625000,0.7945305786216611,0.0196657,533.2004454456236
166ed026-9f24-431d-9f1a-0876f3fd41e0,10485760:7:AES-128:decrypt,2,1,AES-128,aesni,CBC,10485760,7,decrypt,18583000,15625000,0.8408222569014691,0.018583,564.2662648657375
166ed026-9f24-431d-9f1a-0876f3fd41e0,10485760:7:AES-128:decrypt,2,2,AES-128,software,CBC,10485760,7,decrypt,47313900,46875000,0.9907236562616906,0.0473139,221.62113036549513
166ed026-9f24-431d-9f1a-0876f3fd41e0,10485760:7:AES-128:encrypt,2,3,AES-128,software,CBC,10485760,7,encrypt,45741300,31250000,0.6831900273931873,0.0457413,229.24053317242843
166ed026-9f24-431d-9f1a-0876f3fd41e0,10485760:8:AES-256:decrypt,0,0,AES-256,software,CBC,10485760,8,decrypt,59122500,62500000,1.0571271512537528,0.0591225,177.3565055604888
166ed026-9f24-431d-9f1a-0876f3fd41e0,10485760:8:AES-256:encrypt,0,1,AES-256,software,CBC,10485760,8,encrypt,69404300,78125000,1.1256507161660012,0.0694043,151.08228164537357
166ed026-9f24-431d-9f1a-0876f3fd41e0,10485760:8:AES-256:encrypt,0,2,AES-256,aesni,CBC,10485760,8,encrypt,29143400,31250000,1.0722839476519554,0.0291434,359.798788061791
166ed026-9f24-431d-9f1a-0876f3fd41e0,10485760:8:AES-256:decrypt,0,3,AES-256,aesni,CBC,10485760,8,decrypt,22767400,15625000,0.686288289396242,0.0227674,460.56027477885044
166ed026-9f24-431d-9f1a-0876f3fd41e0,10485760:8:AES-192:decrypt,1,0,AES-192,aesni,CBC,10485760,8,decrypt,20217800,15625000,0.7728338394879759,0.0202178,518.6400102879641
166ed026-9f24-431d-9f1a-0876f3fd41e0,10485760:8:AES-192:encrypt,1,1,AES-192,aesni,CBC,10485760,8,encrypt,21250100,31250000,1.4705813149114593,0.0212501,493.44520731667143
166ed026-9f24-431d-9f1a-0876f3fd41e0,10485760:8:AES-192:encrypt,1,2,AES-192,software,CBC,10485760,8,encrypt,53169700,46875000,0.8816111431886958,0.0531697,197.21307436378237
166ed026-9f24-431d-9f1a-0876f3fd41e0,10485760:8:AES-192:decrypt,1,3,AES-192,software,CBC,10485760,8,decrypt,53757100,62500000,1.1626371214221005,0.0537571,195.05814115716808
166ed026-9f24-431d-9f1a-0876f3fd41e0,10485760:8:AES-128:decrypt,2,0,AES-128,software,CBC,10485760,8,decrypt,45576400,46875000,1.0284928164576403,0.0455764,230.06994848210917
166ed026-9f24-431d-9f1a-0876f3fd41e0,10485760:8:AES-128:encrypt,2,1,AES-128,aesni,CBC,10485760,8,encrypt,19261200,15625000,0.8112163312773867,0.0192612,544.3980645027309
166ed026-9f24-431d-9f1a-0876f3fd41e0,10485760:8:AES-128:decrypt,2,2,AES-128,aesni,CBC,10485760,8,decrypt,27411500,31250000,1.1400324681246923,0.0274115,382.5314192948215
166ed026-9f24-431d-9f1a-0876f3fd41e0,10485760:8:AES-128:encrypt,2,3,AES-128,software,CBC,10485760,8,encrypt,65911300,78125000,1.1853050994290812,0.0659113,159.08895743218537
166ed026-9f24-431d-9f1a-0876f3fd41e0,10485760:9:AES-256:decrypt,0,0,AES-256,aesni,CBC,10485760,9,decrypt,21642400,31250000,1.4439248881824567,0.0216424,484.50079473625846
166ed026-9f24-431d-9f1a-0876f3fd41e0,10485760:9:AES-256:encrypt,0,1,AES-256,aesni,CBC,10485760,9,encrypt,22063400,15625000,0.708186408259833,0.0220634,475.2558535855761
166ed026-9f24-431d-9f1a-0876f3fd41e0,10485760:9:AES-256:decrypt,0,2,AES-256,software,CBC,10485760,9,decrypt,62429500,62500000,1.00112927382087,0.0624295,167.9616207081588
166ed026-9f24-431d-9f1a-0876f3fd41e0,10485760:9:AES-256:encrypt,0,3,AES-256,software,CBC,10485760,9,encrypt,60593800,46875000,0.7735939980658088,0.0605938,173.0500480247154
166ed026-9f24-431d-9f1a-0876f3fd41e0,10485760:9:AES-192:encrypt,1,0,AES-192,aesni,CBC,10485760,9,encrypt,22815000,31250000,1.3697129081744466,0.022815,459.59938636861716
166ed026-9f24-431d-9f1a-0876f3fd41e0,10485760:9:AES-192:decrypt,1,1,AES-192,aesni,CBC,10485760,9,decrypt,22810100,15625000,0.6850035729786367,0.0228101,459.69811618537403
166ed026-9f24-431d-9f1a-0876f3fd41e0,10485760:9:AES-192:encrypt,1,2,AES-192,software,CBC,10485760,9,encrypt,53780600,62500000,1.1621290948780787,0.0537806,194.9729084465402
166ed026-9f24-431d-9f1a-0876f3fd41e0,10485760:9:AES-192:decrypt,1,3,AES-192,software,CBC,10485760,9,decrypt,54294300,46875000,0.8633502964399578,0.0542943,193.12819209382937
166ed026-9f24-431d-9f1a-0876f3fd41e0,10485760:9:AES-128:encrypt,2,0,AES-128,software,CBC,10485760,9,encrypt,44698200,31250000,0.6991332984325991,0.0446982,234.5902072119235
166ed026-9f24-431d-9f1a-0876f3fd41e0,10485760:9:AES-128:decrypt,2,1,AES-128,software,CBC,10485760,9,decrypt,44944700,31250000,0.6952988895242376,0.0449447,233.3035930821654
166ed026-9f24-431d-9f1a-0876f3fd41e0,10485760:9:AES-128:decrypt,2,2,AES-128,aesni,CBC,10485760,9,decrypt,25352600,31250000,1.2326151952856905,0.0253526,413.5970275238043
166ed026-9f24-431d-9f1a-0876f3fd41e0,10485760:9:AES-128:encrypt,2,3,AES-128,aesni,CBC,10485760,9,encrypt,27717100,31250000,1.127462829805427,0.0277171,378.3137485523377
166ed026-9f24-431d-9f1a-0876f3fd41e0,10485760:10:AES-192:decrypt,0,0,AES-192,aesni,CBC,10485760,10,decrypt,20581600,15625000,0.7591732421191744,0.0205816,509.47253857814746
166ed026-9f24-431d-9f1a-0876f3fd41e0,10485760:10:AES-192:encrypt,0,1,AES-192,software,CBC,10485760,10,encrypt,52219700,62500000,1.196866316734872,0.0522197,200.80084718985364
166ed026-9f24-431d-9f1a-0876f3fd41e0,10485760:10:AES-192:encrypt,0,2,AES-192,aesni,CBC,10485760,10,encrypt,21202700,15625000,0.7369344470279728,0.0212027,494.54833582515437
166ed026-9f24-431d-9f1a-0876f3fd41e0,10485760:10:AES-192:decrypt,0,3,AES-192,software,CBC,10485760,10,decrypt,52963600,62500000,1.1800557363925412,0.0529636,197.98049981496726
166ed026-9f24-431d-9f1a-0876f3fd41e0,10485760:10:AES-256:decrypt,1,0,AES-256,software,CBC,10485760,10,decrypt,62761400,62500000,0.9958350196139666,0.0627614,167.07339224427753
166ed026-9f24-431d-9f1a-0876f3fd41e0,10485760:10:AES-256:encrypt,1,1,AES-256,software,CBC,10485760,10,encrypt,58652600,62500000,1.0655964100483184,0.0586526,178.77741140205208
166ed026-9f24-431d-9f1a-0876f3fd41e0,10485760:10:AES-256:encrypt,1,2,AES-256,aesni,CBC,10485760,10,encrypt,21931900,15625000,0.712432575381066,0.0219319,478.105408104177
166ed026-9f24-431d-9f1a-0876f3fd41e0,10485760:10:AES-256:decrypt,1,3,AES-256,aesni,CBC,10485760,10,decrypt,21624500,31250000,1.4451201183842401,0.0216245,484.90184744155937
166ed026-9f24-431d-9f1a-0876f3fd41e0,10485760:10:AES-128:encrypt,2,0,AES-128,software,CBC,10485760,10,encrypt,46985600,46875000,0.9976460873118572,0.0469856,223.16965197847853
166ed026-9f24-431d-9f1a-0876f3fd41e0,10485760:10:AES-128:encrypt,2,1,AES-128,aesni,CBC,10485760,10,encrypt,21302300,15625000,0.7334888720936237,0.0213023,492.2360496284439
166ed026-9f24-431d-9f1a-0876f3fd41e0,10485760:10:AES-128:decrypt,2,2,AES-128,aesni,CBC,10485760,10,decrypt,18853000,31250000,1.657561130854506,0.018853,556.1852225110063
166ed026-9f24-431d-9f1a-0876f3fd41e0,10485760:10:AES-128:decrypt,2,3,AES-128,software,CBC,10485760,10,decrypt,47329100,46875000,0.9904054799267259,0.0473291,221.54995552419126
166ed026-9f24-431d-9f1a-0876f3fd41e0,10485760:11:AES-192:encrypt,0,0,AES-192,software,CBC,10485760,11,encrypt,52572600,62500000,1.188832205369337,0.0525726,199.45294697237725
166ed026-9f24-431d-9f1a-0876f3fd41e0,10485760:11:AES-192:decrypt,0,1,AES-192,aesni,CBC,10485760,11,decrypt,19925000,15625000,0.7841907151819323,0.019925,526.2614805520702
166ed026-9f24-431d-9f1a-0876f3fd41e0,10485760:11:AES-192:encrypt,0,2,AES-192,aesni,CBC,10485760,11,encrypt,20749400,15625000,0.7530338226647517,0.0207494,505.35244392608945
166ed026-9f24-431d-9f1a-0876f3fd41e0,10485760:11:AES-192:decrypt,0,3,AES-192,software,CBC,10485760,11,decrypt,52632300,46875000,0.8906127986046591,0.0526323,199.22671059406485
166ed026-9f24-431d-9f1a-0876f3fd41e0,10485760:11:AES-128:encrypt,1,0,AES-128,aesni,CBC,10485760,11,encrypt,18481100,15625000,0.8454583331078778,0.0184811,567.3774829420327
166ed026-9f24-431d-9f1a-0876f3fd41e0,10485760:11:AES-128:decrypt,1,1,AES-128,aesni,CBC,10485760,11,decrypt,17718600,15625000,0.8818416804939442,0.0177186,591.7939340579956
166ed026-9f24-431d-9f1a-0876f3fd41e0,10485760:11:AES-128:encrypt,1,2,AES-128,software,CBC,10485760,11,encrypt,46447800,46875000,1.0091974216216915,0.0464478,225.75364172253583
166ed026-9f24-431d-9f1a-0876f3fd41e0,10485760:11:AES-128:decrypt,1,3,AES-128,software,CBC,10485760,11,decrypt,44502000,31250000,0.7022156307581682,0.044502,235.62446631612062
166ed026-9f24-431d-9f1a-0876f3fd41e0,10485760:11:AES-256:decrypt,2,0,AES-256,aesni,CBC,10485760,11,decrypt,21121600,31250000,1.4795280660556018,0.0211216,496.447238845542
166ed026-9f24-431d-9f1a-0876f3fd41e0,10485760:11:AES-256:encrypt,2,1,AES-256,software,CBC,10485760,11,encrypt,59227600,62500000,1.0552512679899235,0.0592276,177.04178457340834
166ed026-9f24-431d-9f1a-0876f3fd41e0,10485760:11:AES-256:encrypt,2,2,AES-256,aesni,CBC,10485760,11,encrypt,22231800,15625000,0.7028220836819331,0.0222318,471.6559163000747
166ed026-9f24-431d-9f1a-0876f3fd41e0,10485760:11:AES-256:decrypt,2,3,AES-256,software,CBC,10485760,11,decrypt,59940500,62500000,1.042700678172521,0.0599405,174.93614501046872
166ed026-9f24-431d-9f1a-0876f3fd41e0,10485760:12:AES-128:decrypt,0,0,AES-128,aesni,CBC,10485760,12,decrypt,18547800,15625000,0.8424179687078791,0.0185478,565.3371289317331
166ed026-9f24-431d-9f1a-0876f3fd41e0,10485760:12:AES-128:encrypt,0,1,AES-128,aesni,CBC,10485760,12,encrypt,19181500,15625000,0.8145869718218075,0.0191815,546.6600630816151
166ed026-9f24-431d-9f1a-0876f3fd41e0,10485760:12:AES-128:encrypt,0,2,AES-128,software,CBC,10485760,12,encrypt,45465700,46875000,1.030996993337835,0.0454657,230.63012336772556
166ed026-9f24-431d-9f1a-0876f3fd41e0,10485760:12:AES-128:decrypt,0,3,AES-128,software,CBC,10485760,12,decrypt,45425700,46875000,1.0319048468157892,0.0454257,230.83320675300547
166ed026-9f24-431d-9f1a-0876f3fd41e0,10485760:12:AES-192:decrypt,1,0,AES-192,software,CBC,10485760,12,decrypt,52884300,62500000,1.1818252297940977,0.0528843,198.27737154505212
166ed026-9f24-431d-9f1a-0876f3fd41e0,10485760:12:AES-192:encrypt,1,1,AES-192,software,CBC,10485760,12,encrypt,53944300,46875000,0.8689518633108595,0.0539443,194.38124139158353
166ed026-9f24-431d-9f1a-0876f3fd41e0,10485760:12:AES-192:decrypt,1,2,AES-192,aesni,CBC,10485760,12,decrypt,20323300,31250000,1.5376439849827537,0.0203233,515.9477053431283
166ed026-9f24-431d-9f1a-0876f3fd41e0,10485760:12:AES-192:encrypt,1,3,AES-192,aesni,CBC,10485760,12,encrypt,20759400,15625000,0.7526710791256009,0.0207594,505.1090108577319
166ed026-9f24-431d-9f1a-0876f3fd41e0,10485760:12:AES-256:decrypt,2,0,AES-256,aesni,CBC,10485760,12,decrypt,22056400,31250000,1.4168223282131263,0.0220564,475.40668468109027
166ed026-9f24-431d-9f1a-0876f3fd41e0,10485760:12:AES-256:encrypt,2,1,AES-256,aesni,CBC,10485760,12,encrypt,21941400,15625000,0.7121241124085063,0.0219414,477.8984021074316
166ed026-9f24-431d-9f1a-0876f3fd41e0,10485760:12:AES-256:encrypt,2,2,AES-256,software,CBC,10485760,12,encrypt,60624200,62500000,1.0309414392272394,0.0606242,172.96327209266266
166ed026-9f24-431d-9f1a-0876f3fd41e0,10485760:12:AES-256:decrypt,2,3,AES-256,software,CBC,10485760,12,decrypt,58570100,62500000,1.0670973756233983,0.0585701,179.02923163866888
166ed026-9f24-431d-9f1a-0876f3fd41e0,10485760:13:AES-192:encrypt,0,0,AES-192,software,CBC,10485760,13,encrypt,50378200,62500000,1.2406159807218202,0.0503782,208.14082281621813
166ed026-9f24-431d-9f1a-0876f3fd41e0,10485760:13:AES-192:decrypt,0,1,AES-192,aesni,CBC,10485760,13,decrypt,19663200,15625000,0.7946315960779528,0.0196632,533.2682371129827
166ed026-9f24-431d-9f1a-0876f3fd41e0,10485760:13:AES-192:encrypt,0,2,AES-192,aesni,CBC,10485760,13,encrypt,19566100,15625000,0.7985750865016533,0.0195661,535.9146687382769
166ed026-9f24-431d-9f1a-0876f3fd41e0,10485760:13:AES-192:decrypt,0,3,AES-192,software,CBC,10485760,13,decrypt,52185000,62500000,1.197662163456932,0.052185,200.93436811344256
166ed026-9f24-431d-9f1a-0876f3fd41e0,10485760:13:AES-256:encrypt,1,0,AES-256,aesni,CBC,10485760,13,encrypt,20954000,15625000,0.7456810155578887,0.020954,500.41805860456236
166ed026-9f24-431d-9f1a-0876f3fd41e0,10485760:13:AES-256:decrypt,1,1,AES-256,software,CBC,10485760,13,decrypt,59961800,62500000,1.0423302836139008,0.0599618,174.87400311531675
166ed026-9f24-431d-9f1a-0876f3fd41e0,10485760:13:AES-256:decrypt,1,2,AES-256,aesni,CBC,10485760,13,decrypt,21386100,15625000,0.7306147450914379,0.0213861,490.30725564735974
166ed026-9f24-431d-9f1a-0876f3fd41e0,10485760:13:AES-256:encrypt,1,3,AES-256,software,CBC,10485760,13,encrypt,59650000,46875000,0.7858340318524728,0.05965,175.78809723386422
166ed026-9f24-431d-9f1a-0876f3fd41e0,10485760:13:AES-128:encrypt,2,0,AES-128,software,CBC,10485760,13,encrypt,45343700,31250000,0.6891806358987026,0.0453437,231.25064782979774
166ed026-9f24-431d-9f1a-0876f3fd41e0,10485760:13:AES-128:decrypt,2,1,AES-128,aesni,CBC,10485760,13,decrypt,18206000,15625000,0.8582335493793255,0.018206,575.9507854553444
166ed026-9f24-431d-9f1a-0876f3fd41e0,10485760:13:AES-128:encrypt,2,2,AES-128,aesni,CBC,10485760,13,encrypt,19159800,15625000,0.8155095564671865,0.0191598,547.2791991565674
166ed026-9f24-431d-9f1a-0876f3fd41e0,10485760:13:AES-128:decrypt,2,3,AES-128,software,CBC,10485760,13,decrypt,47015800,46875000,0.9970052620608392,0.0470158,223.02630179641739
166ed026-9f24-431d-9f1a-0876f3fd41e0,10485760:14:AES-192:encrypt,0,0,AES-192,aesni,CBC,10485760,14,encrypt,20494900,15625000,0.7623847884107754,0.0204949,511.627770811275
166ed026-9f24-431d-9f1a-0876f3fd41e0,10485760:14:AES-192:decrypt,0,1,AES-192,software,CBC,10485760,14,decrypt,52294200,46875000,0.8963709168511995,0.0522942,200.51477984174153
166ed026-9f24-431d-9f1a-0876f3fd41e0,10485760:14:AES-192:encrypt,0,2,AES-192,software,CBC,10485760,14,encrypt,57608000,46875000,0.8136890709623663,0.057608,182.0191640049993
166ed026-9f24-431d-9f1a-0876f3fd41e0,10485760:14:AES-192:decrypt,0,3,AES-192,aesni,CBC,10485760,14,decrypt,20142600,31250000,1.551438245310933,0.0201426,520.5762910448502
166ed026-9f24-431d-9f1a-0876f3fd41e0,10485760:14:AES-256:encrypt,1,0,AES-256,software,CBC,10485760,14,encrypt,58459200,46875000,0.8018412841776829,0.0584592,179.3688589648849
166ed026-9f24-431d-9f1a-0876f3fd41e0,10485760:14:AES-256:decrypt,1,1,AES-256,aesni,CBC,10485760,14,decrypt,20248300,31250000,1.5433394408419472,0.0202483,517.8587832064914
166ed026-9f24-431d-9f1a-0876f3fd41e0,10485760:14:AES-256:decrypt,1,2,AES-256,software,CBC,10485760,14,decrypt,59299400,62500000,1.0539735646566406,0.0592994,176.82742152534428
166ed026-9f24-431d-9f1a-0876f3fd41e0,10485760:14:AES-256:encrypt,1,3,AES-256,aesni,CBC,10485760,14,encrypt,20446300,15625000,0.7641969451685635,0.0204463,512.8438886253258
166ed026-9f24-431d-9f1a-0876f3fd41e0,10485760:14:AES-128:encrypt,2,0,AES-128,aesni,CBC,10485760,14,encrypt,18565400,15625000,0.8416193564372435,0.0185654,564.801189309145
166ed026-9f24-431d-9f1a-0876f3fd41e0,10485760:14:AES-128:decrypt,2,1,AES-128,aesni,CBC,10485760,14,decrypt,17523200,31250000,1.783350073046019,0.0175232,598.3929875821767
166ed026-9f24-431d-9f1a-0876f3fd41e0,10485760:14:AES-128:decrypt,2,2,AES-128,software,CBC,10485760,14,decrypt,45860100,46875000,1.0221303486036881,0.0458601,228.646688515725
166ed026-9f24-431d-9f1a-0876f3fd41e0,10485760:14:AES-128:encrypt,2,3,AES-128,software,CBC,10485760,14,encrypt,46252400,46875000,1.013460923108855,0.0462524,226.70737086075533
166ed026-9f24-431d-9f1a-0876f3fd41e0,10485760:15:AES-192:encrypt,0,0,AES-192,aesni,CBC,10485760,15,encrypt,21338900,31250000,1.4644616170468019,0.0213389,491.39177745806955
166ed026-9f24-431d-9f1a-0876f3fd41e0,10485760:15:AES-192:decrypt,0,1,AES-192,aesni,CBC,10485760,15,decrypt,19819000,15625000,0.7883848831928957,0.019819,529.0761390584793
166ed026-9f24-431d-9f1a-0876f3fd41e0,10485760:15:AES-192:encrypt,0,2,AES-192,software,CBC,10485760,15,encrypt,52987100,46875000,0.8846492825612272,0.0529871,197.89269463699654
166ed026-9f24-431d-9f1a-0876f3fd41e0,10485760:15:AES-192:decrypt,0,3,AES-192,software,CBC,10485760,15,decrypt,53558000,46875000,0.8752193883266739,0.053558,195.78326300459315
166ed026-9f24-431d-9f1a-0876f3fd41e0,10485760:15:AES-256:decrypt,1,0,AES-256,aesni,CBC,10485760,15,decrypt,21558100,15625000,0.7247855794341802,0.0215581,486.39536879409593
166ed026-9f24-431d-9f1a-0876f3fd41e0,10485760:15:AES-256:encrypt,1,1,AES-256,software,CBC,10485760,15,encrypt,56854100,62500000,1.0993050633111772,0.0568541,184.43278497065296
166ed026-9f24-431d-9f1a-0876f3fd41e0,10485760:15:AES-256:encrypt,1,2,AES-256,aesni,CBC,10485760,15,encrypt,21763300,31250000,1.4359035624193022,0.0217633,481.8092844375623
166ed026-9f24-431d-9f1a-0876f3fd41e0,10485760:15:AES-256:decrypt,1,3,AES-256,software,CBC,10485760,15,decrypt,58111300,46875000,0.8066417374933963,0.0581113,180.44270219389344
166ed026-9f24-431d-9f1a-0876f3fd41e0,10485760:15:AES-128:decrypt,2,0,AES-128,software,CBC,10485760,15,decrypt,45171900,46875000,1.0377026425720415,0.0451719,232.13015170935913
166ed026-9f24-431d-9f1a-0876f3fd41e0,10485760:15:AES-128:encrypt,2,1,AES-128,aesni,CBC,10485760,15,encrypt,18939700,31250000,1.6499733364308833,0.0189397,553.639181190832
166ed026-9f24-431d-9f1a-0876f3fd41e0,10485760:15:AES-128:decrypt,2,2,AES-128,aesni,CBC,10485760,15,decrypt,20493800,15625000,0.7624257092388917,0.0204938,511.6552323141633
166ed026-9f24-431d-9f1a-0876f3fd41e0,10485760:15:AES-128:encrypt,2,3,AES-128,software,CBC,10485760,15,encrypt,48870300,46875000,0.9591715213534601,0.0488703,214.56303726394148
166ed026-9f24-431d-9f1a-0876f3fd41e0,10485760:16:AES-256:encrypt,0,0,AES-256,aesni,CBC,10485760,16,encrypt,21964300,31250000,1.4227633022677708,0.0219643,477.40014478039365
166ed026-9f24-431d-9f1a-0876f3fd41e0,10485760:16:AES-256:decrypt,0,1,AES-256,software,CBC,10485760,16,decrypt,59117900,62500000,1.0572094069647264,0.0591179,177.3703057787912
166ed026-9f24-431d-9f1a-0876f3fd41e0,10485760:16:AES-256:decrypt,0,2,AES-256,aesni,CBC,10485760,16,decrypt,20767300,15625000,0.7523847587312746,0.0207673,504.9168644936992
166ed026-9f24-431d-9f1a-0876f3fd41e0,10485760:16:AES-256:encrypt,0,3,AES-256,software,CBC,10485760,16,encrypt,56490400,62500000,1.106382677410675,0.0564904,185.62021157577217
166ed026-9f24-431d-9f1a-0876f3fd41e0,10485760:16:AES-192:decrypt,1,0,AES-192,aesni,CBC,10485760,16,decrypt,20092500,15625000,0.7776533532412592,0.0200925,521.8743312181163
166ed026-9f24-431d-9f1a-0876f3fd41e0,10485760:16:AES-192:encrypt,1,1,AES-192,software,CBC,10485760,16,encrypt,56977000,46875000,0.8227003878758096,0.056977,184.03496147568316
166ed026-9f24-431d-9f1a-0876f3fd41e0,10485760:16:AES-192:encrypt,1,2,AES-192,aesni,CBC,10485760,16,encrypt,20403000,31250000,1.531637504288585,0.020403,513.9322648630103
166ed026-9f24-431d-9f1a-0876f3fd41e0,10485760:16:AES-192:decrypt,1,3,AES-192,software,CBC,10485760,16,decrypt,54430900,46875000,0.8611836291518237,0.0544309,192.64351682592056
166ed026-9f24-431d-9f1a-0876f3fd41e0,10485760:16:AES-128:decrypt,2,0,AES-128,software,CBC,10485760,16,decrypt,46979300,46875000,0.9977798732633308,0.0469793,223.19957938922036
166ed026-9f24-431d-9f1a-0876f3fd41e0,10485760:16:AES-128:encrypt,2,1,AES-128,software,CBC,10485760,16,encrypt,46694200,46875000,1.003872001233558,0.0466942,224.56236534730223
166ed026-9f24-431d-9f1a-0876f3fd41e0,10485760:16:AES-128:decrypt,2,2,AES-128,aesni,CBC,10485760,16,decrypt,18599600,15625000,0.8400718295017097,0.0185996,563.7626615626142
166ed026-9f24-431d-9f1a-0876f3fd41e0,10485760:16:AES-128:encrypt,2,3,AES-128,aesni,CBC,10485760,16,encrypt,20701500,15625000,0.7547762239451248,0.0207015,506.5217496316692
166ed026-9f24-431d-9f1a-0876f3fd41e0,10485760:17:AES-256:encrypt,0,0,AES-256,software,CBC,10485760,17,encrypt,60184400,62500000,1.0384750865672832,0.0601844,174.22720837958008
166ed026-9f24-431d-9f1a-0876f3fd41e0,10485760:17:AES-256:encrypt,0,1,AES-256,aesni,CBC,10485760,17,encrypt,22170400,31250000,1.409537040378162,0.0221704,472.9621477285029
166ed026-9f24-431d-9f1a-0876f3fd41e0,10485760:17:AES-256:decrypt,0,2,AES-256,software,CBC,10485760,17,decrypt,61006600,62500000,1.024479318631099,0.0610066,171.87910816206772
166ed026-9f24-431d-9f1a-0876f3fd41e0,10485760:17:AES-256:decrypt,0,3,AES-256,aesni,CBC,10485760,17,decrypt,23545900,15625000,0.6635974840630429,0.0235459,445.33273308728906
166ed026-9f24-431d-9f1a-0876f3fd41e0,10485760:17:AES-128:decrypt,1,0,AES-128,aesni,CBC,10485760,17,decrypt,19402500,31250000,1.6106171885066358,0.0194025,540.433449297771
166ed026-9f24-431d-9f1a-0876f3fd41e0,10485760:17:AES-128:decrypt,1,1,AES-128,software,CBC,10485760,17,decrypt,48958800,46875000,0.9574376822961347,0.0489588,214.17518403228837
166ed026-9f24-431d-9f1a-0876f3fd41e0,10485760:17:AES-128:encrypt,1,2,AES-128,aesni,CBC,10485760,17,encrypt,19797600,15625000,0.7892370792419283,0.0197976,529.648038146038
166ed026-9f24-431d-9f1a-0876f3fd41e0,10485760:17:AES-128:encrypt,1,3,AES-128,software,CBC,10485760,17,encrypt,48527900,62500000,1.28791890850418,0.0485279,216.07693718458867
166ed026-9f24-431d-9f1a-0876f3fd41e0,10485760:17:AES-192:encrypt,2,0,AES-192,software,CBC,10485760,17,encrypt,51482700,46875000,0.9105000320496012,0.0514827,203.67540940937442
166ed026-9f24-431d-9f1a-0876f3fd41e0,10485760:17:AES-192:encrypt,2,1,AES-192,aesni,CBC,10485760,17,encrypt,20030900,15625000,0.7800448307365121,0.0200309,523.4792245979961
166ed026-9f24-431d-9f1a-0876f3fd41e0,10485760:17:AES-192:decrypt,2,2,AES-192,aesni,CBC,10485760,17,decrypt,19326600,15625000,0.8084712261856716,0.0193266,542.5558556600747
166ed026-9f24-431d-9f1a-0876f3fd41e0,10485760:17:AES-192:decrypt,2,3,AES-192,software,CBC,10485760,17,decrypt,52038900,62500000,1.2010246181222124,0.0520389,201.49849439553873
166ed026-9f24-431d-9f1a-0876f3fd41e0,10485760:18:AES-256:encrypt,0,0,AES-256,software,CBC,10485760,18,encrypt,57833100,46875000,0.8105220021060604,0.0578331,181.31070269447773
166ed026-9f24-431d-9f1a-0876f3fd41e0,10485760:18:AES-256:decrypt,0,1,AES-256,aesni,CBC,10485760,18,decrypt,20327300,31250000,1.537341407860365,0.0203273,515.8461773083488
166ed026-9f24-431d-9f1a-0876f3fd41e0,10485760:18:AES-256:decrypt,0,2,AES-256,software,CBC,10485760,18,decrypt,58381600,46875000,0.8029070803129753,0.0583816,179.60727352453512
166ed026-9f24-431d-9f1a-0876f3fd41e0,10485760:18:AES-256:encrypt,0,3,AES-256,aesni,CBC,10485760,18,encrypt,20883200,15625000,0.7482090867300031,0.0208832,502.1146184492798
166ed026-9f24-431d-9f1a-0876f3fd41e0,10485760:18:AES-192:encrypt,1,0,AES-192,aesni,CBC,10485760,18,encrypt,20175100,31250000,1.548939038716041,0.0201751,519.7376964674277
166ed026-9f24-431d-9f1a-0876f3fd41e0,10485760:18:AES-192:decrypt,1,1,AES-192,aesni,CBC,10485760,18,decrypt,20276100,15625000,0.7706117054068583,0.0202761,517.1487613495692
166ed026-9f24-431d-9f1a-0876f3fd41e0,10485760:18:AES-192:decrypt,1,2,AES-192,software,CBC,10485760,18,decrypt,53542100,62500000,1.16730572764236,0.0535421,195.84140330693043
166ed026-9f24-431d-9f1a-0876f3fd41e0,10485760:18:AES-192:encrypt,1,3,AES-192,software,CBC,10485760,18,encrypt,52228500,46875000,0.8974984922025331,0.0522285,200.76701417808286
166ed026-9f24-431d-9f1a-0876f3fd41e0,10485760:18:AES-128:encrypt,2,0,AES-128,aesni,CBC,10485760,18,encrypt,19265200,15625000,0.8110478998401263,0.0192652,544.2850320785666
166ed026-9f24-431d-9f1a-0876f3fd41e0,10485760:18:AES-128:encrypt,2,1,AES-128,software,CBC,10485760,18,encrypt,46110000,46875000,1.016590761223162,0.04611,227.40750379527216
166ed026-9f24-431d-9f1a-0876f3fd41e0,10485760:18:AES-128:decrypt,2,2,AES-128,software,CBC,10485760,18,decrypt,46782100,46875000,1.0019858022619763,0.0467821,224.14042977976618
166ed026-9f24-431d-9f1a-0876f3fd41e0,10485760:18:AES-128:decrypt,2,3,AES-128,aesni,CBC,10485760,18,decrypt,20477500,15625000,0.7630325967525333,0.0204775,512.062507630326
166ed026-9f24-431d-9f1a-0876f3fd41e0,10485760:19:AES-256:decrypt,0,0,AES-256,software,CBC,10485760,19,decrypt,60971000,62500000,1.025077495858687,0.060971,171.97946564760295
166ed026-9f24-431d-9f1a-0876f3fd41e0,10485760:19:AES-256:decrypt,0,1,AES-256,aesni,CBC,10485760,19,decrypt,23687900,31250000,1.3192389363345842,0.0236879,442.66313180991136
166ed026-9f24-431d-9f1a-0876f3fd41e0,10485760:19:AES-256:encrypt,0,2,AES-256,software,CBC,10485760,19,encrypt,59322200,46875000,0.7901763589347665,0.0593222,176.7594593592281
166ed026-9f24-431d-9f1a-0876f3fd41e0,10485760:19:AES-256:encrypt,0,3,AES-256,aesni,CBC,10485760,19,encrypt,21572800,15625000,0.7242917006600905,0.0215728,486.0639323592672
166ed026-9f24-431d-9f1a-0876f3fd41e0,10485760:19:AES-128:decrypt,1,0,AES-128,software,CBC,10485760,19,decrypt,46340800,46875000,1.0115276387114593,0.0463408,226.27490246176157
166ed026-9f24-431d-9f1a-0876f3fd41e0,10485760:19:AES-128:encrypt,1,1,AES-128,software,CBC,10485760,19,encrypt,45585000,46875000,1.0282987824942416,0.045585,230.02654381923878
166ed026-9f24-431d-9f1a-0876f3fd41e0,10485760:19:AES-128:decrypt,1,2,AES-128,aesni,CBC,10485760,19,decrypt,17730700,15625000,0.881239883366139,0.0177307,591.3900748419408
166ed026-9f24-431d-9f1a-0876f3fd41e0,10485760:19:AES-128:encrypt,1,3,AES-128,aesni,CBC,10485760,19,encrypt,18511400,31250000,1.6881489244465573,0.0185114,566.4487829121514
166ed026-9f24-431d-9f1a-0876f3fd41e0,10485760:19:AES-192:encrypt,2,0,AES-192,aesni,CBC,10485760,19,encrypt,20176500,15625000,0.7744157807350135,0.0201765,519.7016330879984
166ed026-9f24-431d-9f1a-0876f3fd41e0,10485760:19:AES-192:decrypt,2,1,AES-192,software,CBC,10485760,19,decrypt,51687800,62500000,1.2091828245736904,0.0516878,202.86721431362915
166ed026-9f24-431d-9f1a-0876f3fd41e0,10485760:19:AES-192:encrypt,2,2,AES-192,software,CBC,10485760,19,encrypt,50490900,46875000,0.9283851149415043,0.0504909,207.67623472744594
166ed026-9f24-431d-9f1a-0876f3fd41e0,10485760:19:AES-192:decrypt,2,3,AES-192,aesni,CBC,10485760,19,decrypt,19195200,15625000,0.8140055847295157,0.0191952,546.2699008085355
166ed026-9f24-431d-9f1a-0876f3fd41e0,1024:0:AES-128:decrypt,0,0,AES-128,software,CBC,1024,0,decrypt,6400,0,0.0,6.4e-06,160.0
166ed026-9f24-431d-9f1a-0876f3fd41e0,1024:0:AES-128:encrypt,0,1,AES-128,software,CBC,1024,0,encrypt,6500,0,0.0,6.5e-06,157.53846153846155
166ed026-9f24-431d-9f1a-0876f3fd41e0,1024:0:AES-128:decrypt,0,2,AES-128,aesni,CBC,1024,0,decrypt,3800,0,0.0,3.8e-06,269.4736842105263
166ed026-9f24-431d-9f1a-0876f3fd41e0,1024:0:AES-128:encrypt,0,3,AES-128,aesni,CBC,1024,0,encrypt,3600,0,0.0,3.6e-06,284.44444444444446
166ed026-9f24-431d-9f1a-0876f3fd41e0,1024:0:AES-256:decrypt,1,0,AES-256,aesni,CBC,1024,0,decrypt,3900,0,0.0,3.9e-06,262.56410256410254
166ed026-9f24-431d-9f1a-0876f3fd41e0,1024:0:AES-256:encrypt,1,1,AES-256,software,CBC,1024,0,encrypt,7500,0,0.0,7.5e-06,136.53333333333333
166ed026-9f24-431d-9f1a-0876f3fd41e0,1024:0:AES-256:encrypt,1,2,AES-256,aesni,CBC,1024,0,encrypt,3900,0,0.0,3.9e-06,262.56410256410254
166ed026-9f24-431d-9f1a-0876f3fd41e0,1024:0:AES-256:decrypt,1,3,AES-256,software,CBC,1024,0,decrypt,7700,0,0.0,7.7e-06,132.98701298701297
166ed026-9f24-431d-9f1a-0876f3fd41e0,1024:0:AES-192:encrypt,2,0,AES-192,software,CBC,1024,0,encrypt,6900,0,0.0,6.9e-06,148.40579710144928
166ed026-9f24-431d-9f1a-0876f3fd41e0,1024:0:AES-192:decrypt,2,1,AES-192,software,CBC,1024,0,decrypt,7000,0,0.0,7e-06,146.28571428571428
166ed026-9f24-431d-9f1a-0876f3fd41e0,1024:0:AES-192:encrypt,2,2,AES-192,aesni,CBC,1024,0,encrypt,3800,0,0.0,3.8e-06,269.4736842105263
166ed026-9f24-431d-9f1a-0876f3fd41e0,1024:0:AES-192:decrypt,2,3,AES-192,aesni,CBC,1024,0,decrypt,3800,0,0.0,3.8e-06,269.4736842105263
166ed026-9f24-431d-9f1a-0876f3fd41e0,1024:1:AES-192:encrypt,0,0,AES-192,software,CBC,1024,1,encrypt,6800,0,0.0,6.8e-06,150.58823529411765
166ed026-9f24-431d-9f1a-0876f3fd41e0,1024:1:AES-192:encrypt,0,1,AES-192,aesni,CBC,1024,1,encrypt,3700,0,0.0,3.7e-06,276.7567567567568
166ed026-9f24-431d-9f1a-0876f3fd41e0,1024:1:AES-192:decrypt,0,2,AES-192,aesni,CBC,1024,1,decrypt,3700,0,0.0,3.7e-06,276.7567567567568
166ed026-9f24-431d-9f1a-0876f3fd41e0,1024:1:AES-192:decrypt,0,3,AES-192,software,CBC,1024,1,decrypt,6900,0,0.0,6.9e-06,148.40579710144928
166ed026-9f24-431d-9f1a-0876f3fd41e0,1024:1:AES-128:decrypt,1,0,AES-128,aesni,CBC,1024,1,decrypt,3600,0,0.0,3.6e-06,284.44444444444446
166ed026-9f24-431d-9f1a-0876f3fd41e0,1024:1:AES-128:decrypt,1,1,AES-128,software,CBC,1024,1,decrypt,6700,0,0.0,6.7e-06,152.83582089552237
166ed026-9f24-431d-9f1a-0876f3fd41e0,1024:1:AES-128:encrypt,1,2,AES-128,aesni,CBC,1024,1,encrypt,3600,0,0.0,3.6e-06,284.44444444444446
166ed026-9f24-431d-9f1a-0876f3fd41e0,1024:1:AES-128:encrypt,1,3,AES-128,software,CBC,1024,1,encrypt,6400,0,0.0,6.4e-06,160.0
166ed026-9f24-431d-9f1a-0876f3fd41e0,1024:1:AES-256:decrypt,2,0,AES-256,aesni,CBC,1024,1,decrypt,4100,0,0.0,4.1e-06,249.7560975609756
166ed026-9f24-431d-9f1a-0876f3fd41e0,1024:1:AES-256:encrypt,2,1,AES-256,aesni,CBC,1024,1,encrypt,3900,0,0.0,3.9e-06,262.56410256410254
166ed026-9f24-431d-9f1a-0876f3fd41e0,1024:1:AES-256:decrypt,2,2,AES-256,software,CBC,1024,1,decrypt,7600,0,0.0,7.6e-06,134.73684210526315
166ed026-9f24-431d-9f1a-0876f3fd41e0,1024:1:AES-256:encrypt,2,3,AES-256,software,CBC,1024,1,encrypt,7600,0,0.0,7.6e-06,134.73684210526315
166ed026-9f24-431d-9f1a-0876f3fd41e0,1024:2:AES-128:encrypt,0,0,AES-128,software,CBC,1024,2,encrypt,6400,0,0.0,6.4e-06,160.0
166ed026-9f24-431d-9f1a-0876f3fd41e0,1024:2:AES-128:decrypt,0,1,AES-128,aesni,CBC,1024,2,decrypt,3700,0,0.0,3.7e-06,276.7567567567568
166ed026-9f24-431d-9f1a-0876f3fd41e0,1024:2:AES-128:encrypt,0,2,AES-128,aesni,CBC,1024,2,encrypt,3600,0,0.0,3.6e-06,284.44444444444446
166ed026-9f24-431d-9f1a-0876f3fd41e0,1024:2:AES-128:decrypt,0,3,AES-128,software,CBC,1024,2,decrypt,6200,0,0.0,6.2e-06,165.16129032258064
166ed026-9f24-431d-9f1a-0876f3fd41e0,1024:2:AES-256:encrypt,1,0,AES-256,aesni,CBC,1024,2,encrypt,3900,0,0.0,3.9e-06,262.56410256410254
166ed026-9f24-431d-9f1a-0876f3fd41e0,1024:2:AES-256:decrypt,1,1,AES-256,software,CBC,1024,2,decrypt,7600,0,0.0,7.6e-06,134.73684210526315
166ed026-9f24-431d-9f1a-0876f3fd41e0,1024:2:AES-256:encrypt,1,2,AES-256,software,CBC,1024,2,encrypt,7500,0,0.0,7.5e-06,136.53333333333333
166ed026-9f24-431d-9f1a-0876f3fd41e0,1024:2:AES-256:decrypt,1,3,AES-256,aesni,CBC,1024,2,decrypt,4000,0,0.0,4e-06,256.0
166ed026-9f24-431d-9f1a-0876f3fd41e0,1024:2:AES-192:encrypt,2,0,AES-192,software,CBC,1024,2,encrypt,6900,0,0.0,6.9e-06,148.40579710144928
166ed026-9f24-431d-9f1a-0876f3fd41e0,1024:2:AES-192:decrypt,2,1,AES-192,software,CBC,1024,2,decrypt,7000,0,0.0,7e-06,146.28571428571428
166ed026-9f24-431d-9f1a-0876f3fd41e0,1024:2:AES-192:encrypt,2,2,AES-192,aesni,CBC,1024,2,encrypt,3600,0,0.0,3.6e-06,284.44444444444446
166ed026-9f24-431d-9f1a-0876f3fd41e0,1024:2:AES-192:decrypt,2,3,AES-192,aesni,CBC,1024,2,decrypt,3800,0,0.0,3.8e-06,269.4736842105263
166ed026-9f24-431d-9f1a-0876f3fd41e0,1024:3:AES-128:decrypt,0,0,AES-128,aesni,CBC,1024,3,decrypt,3700,0,0.0,3.7e-06,276.7567567567568
166ed026-9f24-431d-9f1a-0876f3fd41e0,1024:3:AES-128:encrypt,0,1,AES-128,software,CBC,1024,3,encrypt,6200,0,0.0,6.2e-06,165.16129032258064
166ed026-9f24-431d-9f1a-0876f3fd41e0,1024:3:AES-128:encrypt,0,2,AES-128,aesni,CBC,1024,3,encrypt,3600,0,0.0,3.6e-06,284.44444444444446
166ed026-9f24-431d-9f1a-0876f3fd41e0,1024:3:AES-128:decrypt,0,3,AES-128,software,CBC,1024,3,decrypt,6300,0,0.0,6.3e-06,162.53968253968253
166ed026-9f24-431d-9f1a-0876f3fd41e0,1024:3:AES-256:decrypt,1,0,AES-256,aesni,CBC,1024,3,decrypt,3900,0,0.0,3.9e-06,262.56410256410254
166ed026-9f24-431d-9f1a-0876f3fd41e0,1024:3:AES-256:decrypt,1,1,AES-256,software,CBC,1024,3,decrypt,7500,0,0.0,7.5e-06,136.53333333333333
166ed026-9f24-431d-9f1a-0876f3fd41e0,1024:3:AES-256:encrypt,1,2,AES-256,aesni,CBC,1024,3,encrypt,3900,0,0.0,3.9e-06,262.56410256410254
166ed026-9f24-431d-9f1a-0876f3fd41e0,1024:3:AES-256:encrypt,1,3,AES-256,software,CBC,1024,3,encrypt,7600,0,0.0,7.6e-06,134.73684210526315
166ed026-9f24-431d-9f1a-0876f3fd41e0,1024:3:AES-192:decrypt,2,0,AES-192,aesni,CBC,1024,3,decrypt,3800,0,0.0,3.8e-06,269.4736842105263
166ed026-9f24-431d-9f1a-0876f3fd41e0,1024:3:AES-192:encrypt,2,1,AES-192,software,CBC,1024,3,encrypt,6900,0,0.0,6.9e-06,148.40579710144928
166ed026-9f24-431d-9f1a-0876f3fd41e0,1024:3:AES-192:decrypt,2,2,AES-192,software,CBC,1024,3,decrypt,6900,0,0.0,6.9e-06,148.40579710144928
166ed026-9f24-431d-9f1a-0876f3fd41e0,1024:3:AES-192:encrypt,2,3,AES-192,aesni,CBC,1024,3,encrypt,3700,0,0.0,3.7e-06,276.7567567567568
166ed026-9f24-431d-9f1a-0876f3fd41e0,1024:4:AES-192:decrypt,0,0,AES-192,aesni,CBC,1024,4,decrypt,3800,0,0.0,3.8e-06,269.4736842105263
166ed026-9f24-431d-9f1a-0876f3fd41e0,1024:4:AES-192:encrypt,0,1,AES-192,aesni,CBC,1024,4,encrypt,3700,0,0.0,3.7e-06,276.7567567567568
166ed026-9f24-431d-9f1a-0876f3fd41e0,1024:4:AES-192:decrypt,0,2,AES-192,software,CBC,1024,4,decrypt,6800,0,0.0,6.8e-06,150.58823529411765
166ed026-9f24-431d-9f1a-0876f3fd41e0,1024:4:AES-192:encrypt,0,3,AES-192,software,CBC,1024,4,encrypt,6900,0,0.0,6.9e-06,148.40579710144928
166ed026-9f24-431d-9f1a-0876f3fd41e0,1024:4:AES-256:encrypt,1,0,AES-256,software,CBC,1024,4,encrypt,7500,0,0.0,7.5e-06,136.53333333333333
166ed026-9f24-431d-9f1a-0876f3fd41e0,1024:4:AES-256:encrypt,1,1,AES-256,aesni,CBC,1024,4,encrypt,3900,0,0.0,3.9e-06,262.56410256410254
166ed026-9f24-431d-9f1a-0876f3fd41e0,1024:4:AES-256:decrypt,1,2,AES-256,software,CBC,1024,4,decrypt,7600,0,0.0,7.6e-06,134.73684210526315
166ed026-9f24-431d-9f1a-0876f3fd41e0,1024:4:AES-256:decrypt,1,3,AES-256,aesni,CBC,1024,4,decrypt,3800,0,0.0,3.8e-06,269.4736842105263
166ed026-9f24-431d-9f1a-0876f3fd41e0,1024:4:AES-128:encrypt,2,0,AES-128,aesni,CBC,1024,4,encrypt,3600,0,0.0,3.6e-06,284.44444444444446
166ed026-9f24-431d-9f1a-0876f3fd41e0,1024:4:AES-128:decrypt,2,1,AES-128,aesni,CBC,1024,4,decrypt,3500,0,0.0,3.5e-06,292.57142857142856
166ed026-9f24-431d-9f1a-0876f3fd41e0,1024:4:AES-128:decrypt,2,2,AES-128,software,CBC,1024,4,decrypt,6200,0,0.0,6.2e-06,165.16129032258064
166ed026-9f24-431d-9f1a-0876f3fd41e0,1024:4:AES-128:encrypt,2,3,AES-128,software,CBC,1024,4,encrypt,6200,0,0.0,6.2e-06,165.16129032258064
166ed026-9f24-431d-9f1a-0876f3fd41e0,1024:5:AES-256:decrypt,0,0,AES-256,software,CBC,1024,5,decrypt,7600,0,0.0,7.6e-06,134.73684210526315
166ed026-9f24-431d-9f1a-0876f3fd41e0,1024:5:AES-256:encrypt,0,1,AES-256,software,CBC,1024,5,encrypt,7500,0,0.0,7.5e-06,136.53333333333333
166ed026-9f24-431d-9f1a-0876f3fd41e0,1024:5:AES-256:encrypt,0,2,AES-256,aesni,CBC,1024,5,encrypt,3900,0,0.0,3.9e-06,262.56410256410254
166ed026-9f24-431d-9f1a-0876f3fd41e0,1024:5:AES-256:decrypt,0,3,AES-256,aesni,CBC,1024,5,decrypt,3900,0,0.0,3.9e-06,262.56410256410254
166ed026-9f24-431d-9f1a-0876f3fd41e0,1024:5:AES-128:encrypt,1,0,AES-128,aesni,CBC,1024,5,encrypt,3600,0,0.0,3.6e-06,284.44444444444446
166ed026-9f24-431d-9f1a-0876f3fd41e0,1024:5:AES-128:encrypt,1,1,AES-128,software,CBC,1024,5,encrypt,6300,0,0.0,6.3e-06,162.53968253968253
166ed026-9f24-431d-9f1a-0876f3fd41e0,1024:5:AES-128:decrypt,1,2,AES-128,software,CBC,1024,5,decrypt,6300,0,0.0,6.3e-06,162.53968253968253
166ed026-9f24-431d-9f1a-0876f3fd41e0,1024:5:AES-128:decrypt,1,3,AES-128,aesni,CBC,1024,5,decrypt,3600,0,0.0,3.6e-06,284.44444444444446
166ed026-9f24-431d-9f1a-0876f3fd41e0,1024:5:AES-192:encrypt,2,0,AES-192,software,CBC,1024,5,encrypt,7300,0,0.0,7.3e-06,140.27397260273972
166ed026-9f24-431d-9f1a-0876f3fd41e0,1024:5:AES-192:decrypt,2,1,AES-192,aesni,CBC,1024,5,decrypt,4100,0,0.0,4.1e-06,249.7560975609756
166ed026-9f24-431d-9f1a-0876f3fd41e0,1024:5:AES-192:decrypt,2,2,AES-192,software,CBC,1024,5,decrypt,7500,0,0.0,7.5e-06,136.53333333333333
166ed026-9f24-431d-9f1a-0876f3fd41e0,1024:5:AES-192:encrypt,2,3,AES-192,aesni,CBC,1024,5,encrypt,3800,0,0.0,3.8e-06,269.4736842105263
166ed026-9f24-431d-9f1a-0876f3fd41e0,1024:6:AES-128:encrypt,0,0,AES-128,aesni,CBC,1024,6,encrypt,3700,0,0.0,3.7e-06,276.7567567567568
166ed026-9f24-431d-9f1a-0876f3fd41e0,1024:6:AES-128:decrypt,0,1,AES-128,aesni,CBC,1024,6,decrypt,3600,0,0.0,3.6e-06,284.44444444444446
166ed026-9f24-431d-9f1a-0876f3fd41e0,1024:6:AES-128:decrypt,0,2,AES-128,software,CBC,1024,6,decrypt,6300,0,0.0,6.3e-06,162.53968253968253
166ed026-9f24-431d-9f1a-0876f3fd41e0,1024:6:AES-128:encrypt,0,3,AES-128,software,CBC,1024,6,encrypt,6200,0,0.0,6.2e-06,165.16129032258064
166ed026-9f24-431d-9f1a-0876f3fd41e0,1024:6:AES-256:decrypt,1,0,AES-256,software,CBC,1024,6,decrypt,7700,0,0.0,7.7e-06,132.98701298701297
166ed026-9f24-431d-9f1a-0876f3fd41e0,1024:6:AES-256:decrypt,1,1,AES-256,aesni,CBC,1024,6,decrypt,3900,0,0.0,3.9e-06,262.56410256410254
166ed026-9f24-431d-9f1a-0876f3fd41e0,1024:6:AES-256:encrypt,1,2,AES-256,software,CBC,1024,6,encrypt,7600,0,0.0,7.6e-06,134.73684210526315
166ed026-9f24-431d-9f1a-0876f3fd41e0,1024:6:AES-256:encrypt,1,3,AES-256,aesni,CBC,1024,6,encrypt,3900,0,0.0,3.9e-06,262.56410256410254
166ed026-9f24-431d-9f1a-0876f3fd41e0,1024:6:AES-192:encrypt,2,0,AES-192,software,CBC,1024,6,encrypt,6800,0,0.0,6.8e-06,150.58823529411765
166ed026-9f24-431d-9f1a-0876f3fd41e0,1024:6:AES-192:decrypt,2,1,AES-192,software,CBC,1024,6,decrypt,7000,0,0.0,7e-06,146.28571428571428
166ed026-9f24-431d-9f1a-0876f3fd41e0,1024:6:AES-192:encrypt,2,2,AES-192,aesni,CBC,1024,6,encrypt,3700,0,0.0,3.7e-06,276.7567567567568
166ed026-9f24-431d-9f1a-0876f3fd41e0,1024:6:AES-192:decrypt,2,3,AES-192,aesni,CBC,1024,6,decrypt,3600,0,0.0,3.6e-06,284.44444444444446
166ed026-9f24-431d-9f1a-0876f3fd41e0,1024:7:AES-192:encrypt,0,0,AES-192,software,CBC,1024,7,encrypt,6800,0,0.0,6.8e-06,150.58823529411765
166ed026-9f24-431d-9f1a-0876f3fd41e0,1024:7:AES-192:decrypt,0,1,AES-192,software,CBC,1024,7,decrypt,6800,0,0.0,6.8e-06,150.58823529411765
166ed026-9f24-431d-9f1a-0876f3fd41e0,1024:7:AES-192:decrypt,0,2,AES-192,aesni,CBC,1024,7,decrypt,3700,0,0.0,3.7e-06,276.7567567567568
166ed026-9f24-431d-9f1a-0876f3fd41e0,1024:7:AES-192:encrypt,0,3,AES-192,aesni,CBC,1024,7,encrypt,3600,0,0.0,3.6e-06,284.44444444444446
166ed026-9f24-431d-9f1a-0876f3fd41e0,1024:7:AES-256:decrypt,1,0,AES-256,software,CBC,1024,7,decrypt,7500,0,0.0,7.5e-06,136.53333333333333
166ed026-9f24-431d-9f1a-0876f3fd41e0,1024:7:AES-256:encrypt,1,1,AES-256,software,CBC,1024,7,encrypt,7500,0,0.0,7.5e-06,136.53333333333333
166ed026-9f24-431d-9f1a-0876f3fd41e0,1024:7:AES-256:decrypt,1,2,AES-256,aesni,CBC,1024,7,decrypt,3900,0,0.0,3.9e-06,262.56410256410254
166ed026-9f24-431d-9f1a-0876f3fd41e0,1024:7:AES-256:encrypt,1,3,AES-256,aesni,CBC,1024,7,encrypt,3900,0,0.0,3.9e-06,262.56410256410254
166ed026-9f24-431d-9f1a-0876f3fd41e0,1024:7:AES-128:encrypt,2,0,AES-128,aesni,CBC,1024,7,encrypt,3700,0,0.0,3.7e-06,276.7567567567568
166ed026-9f24-431d-9f1a-0876f3fd41e0,1024:7:AES-128:encrypt,2,1,AES-128,software,CBC,1024,7,encrypt,6200,0,0.0,6.2e-06,165.16129032258064
166ed026-9f24-431d-9f1a-0876f3fd41e0,1024:7:AES-128:decrypt,2,2,AES-128,aesni,CBC,1024,7,decrypt,3500,0,0.0,3.5e-06,292.57142857142856
166ed026-9f24-431d-9f1a-0876f3fd41e0,1024:7:AES-128:decrypt,2,3,AES-128,software,CBC,1024,7,decrypt,6300,0,0.0,6.3e-06,162.53968253968253
166ed026-9f24-431d-9f1a-0876f3fd41e0,1024:8:AES-192:encrypt,0,0,AES-192,aesni,CBC,1024,8,encrypt,3800,0,0.0,3.8e-06,269.4736842105263
166ed026-9f24-431d-9f1a-0876f3fd41e0,1024:8:AES-192:decrypt,0,1,AES-192,aesni,CBC,1024,8,decrypt,3800,0,0.0,3.8e-06,269.4736842105263
166ed026-9f24-431d-9f1a-0876f3fd41e0,1024:8:AES-192:encrypt,0,2,AES-192,software,CBC,1024,8,encrypt,6900,0,0.0,6.9e-06,148.40579710144928
166ed026-9f24-431d-9f1a-0876f3fd41e0,1024:8:AES-192:decrypt,0,3,AES-192,software,CBC,1024,8,decrypt,6900,0,0.0,6.9e-06,148.40579710144928
166ed026-9f24-431d-9f1a-0876f3fd41e0,1024:8:AES-128:decrypt,1,0,AES-128,aesni,CBC,1024,8,decrypt,3600,0,0.0,3.6e-06,284.44444444444446
166ed026-9f24-431d-9f1a-0876f3fd41e0,1024:8:AES-128:encrypt,1,1,AES-128,aesni,CBC,1024,8,encrypt,3600,0,0.0,3.6e-06,284.44444444444446
166ed026-9f24-431d-9f1a-0876f3fd41e0,1024:8:AES-128:decrypt,1,2,AES-128,software,CBC,1024,8,decrypt,6300,0,0.0,6.3e-06,162.53968253968253
166ed026-9f24-431d-9f1a-0876f3fd41e0,1024:8:AES-128:encrypt,1,3,AES-128,software,CBC,1024,8,encrypt,6400,0,0.0,6.4e-06,160.0
166ed026-9f24-431d-9f1a-0876f3fd41e0,1024:8:AES-256:encrypt,2,0,AES-256,aesni,CBC,1024,8,encrypt,3900,0,0.0,3.9e-06,262.56410256410254
166ed026-9f24-431d-9f1a-0876f3fd41e0,1024:8:AES-256:decrypt,2,1,AES-256,aesni,CBC,1024,8,decrypt,3900,0,0.0,3.9e-06,262.56410256410254
166ed026-9f24-431d-9f1a-0876f3fd41e0,1024:8:AES-256:encrypt,2,2,AES-256,software,CBC,1024,8,encrypt,7400,0,0.0,7.4e-06,138.3783783783784
166ed026-9f24-431d-9f1a-0876f3fd41e0,1024:8:AES-256:decrypt,2,3,AES-256,software,CBC,1024,8,decrypt,7600,0,0.0,7.6e-06,134.73684210526315
166ed026-9f24-431d-9f1a-0876f3fd41e0,1024:9:AES-192:decrypt,0,0,AES-192,aesni,CBC,1024,9,decrypt,3700,0,0.0,3.7e-06,276.7567567567568
166ed026-9f24-431d-9f1a-0876f3fd41e0,1024:9:AES-192:encrypt,0,1,AES-192,software,CBC,1024,9,encrypt,6900,0,0.0,6.9e-06,148.40579710144928
166ed026-9f24-431d-9f1a-0876f3fd41e0,1024:9:AES-192:decrypt,0,2,AES-192,software,CBC,1024,9,decrypt,6900,0,0.0,6.9e-06,148.40579710144928
166ed026-9f24-431d-9f1a-0876f3fd41e0,1024:9:AES-192:encrypt,0,3,AES-192,aesni,CBC,1024,9,encrypt,3700,0,0.0,3.7e-06,276.7567567567568
166ed026-9f24-431d-9f1a-0876f3fd41e0,1024:9:AES-256:encrypt,1,0,AES-256,aesni,CBC,1024,9,encrypt,3800,0,0.0,3.8e-06,269.4736842105263
166ed026-9f24-431d-9f1a-0876f3fd41e0,1024:9:AES-256:decrypt,1,1,AES-256,aesni,CBC,1024,9,decrypt,3800,0,0.0,3.8e-06,269.4736842105263
166ed026-9f24-431d-9f1a-0876f3fd41e0,1024:9:AES-256:encrypt,1,2,AES-256,software,CBC,1024,9,encrypt,7600,0,0.0,7.6e-06,134.73684210526315
166ed026-9f24-431d-9f1a-0876f3fd41e0,1024:9:AES-256:decrypt,1,3,AES-256,software,CBC,1024,9,decrypt,7600,0,0.0,7.6e-06,134.73684210526315
166ed026-9f24-431d-9f1a-0876f3fd41e0,1024:9:AES-128:encrypt,2,0,AES-128,software,CBC,1024,9,encrypt,6100,0,0.0,6.1e-06,167.86885245901638
166ed026-9f24-431d-9f1a-0876f3fd41e0,1024:9:AES-128:encrypt,2,1,AES-128,aesni,CBC,1024,9,encrypt,3600,0,0.0,3.6e-06,284.44444444444446
166ed026-9f24-431d-9f1a-0876f3fd41e0,1024:9:AES-128:decrypt,2,2,AES-128,software,CBC,1024,9,decrypt,6300,0,0.0,6.3e-06,162.53968253968253
166ed026-9f24-431d-9f1a-0876f3fd41e0,1024:9:AES-128:decrypt,2,3,AES-128,aesni,CBC,1024,9,decrypt,7600,0,0.0,7.6e-06,134.73684210526315
166ed026-9f24-431d-9f1a-0876f3fd41e0,1024:10:AES-192:decrypt,0,0,AES-192,software,CBC,1024,10,decrypt,6900,0,0.0,6.9e-06,148.40579710144928
166ed026-9f24-431d-9f1a-0876f3fd41e0,1024:10:AES-192:decrypt,0,1,AES-192,aesni,CBC,1024,10,decrypt,3700,0,0.0,3.7e-06,276.7567567567568
166ed026-9f24-431d-9f1a-0876f3fd41e0,1024:10:AES-192:encrypt,0,2,AES-192,software,CBC,1024,10,encrypt,6900,0,0.0,6.9e-06,148.40579710144928
166ed026-9f24-431d-9f1a-0876f3fd41e0,1024:10:AES-192:encrypt,0,3,AES-192,aesni,CBC,1024,10,encrypt,3800,0,0.0,3.8e-06,269.4736842105263
166ed026-9f24-431d-9f1a-0876f3fd41e0,1024:10:AES-256:encrypt,1,0,AES-256,software,CBC,1024,10,encrypt,7600,0,0.0,7.6e-06,134.73684210526315
166ed026-9f24-431d-9f1a-0876f3fd41e0,1024:10:AES-256:decrypt,1,1,AES-256,software,CBC,1024,10,decrypt,7600,0,0.0,7.6e-06,134.73684210526315
166ed026-9f24-431d-9f1a-0876f3fd41e0,1024:10:AES-256:encrypt,1,2,AES-256,aesni,CBC,1024,10,encrypt,3700,0,0.0,3.7e-06,276.7567567567568
166ed026-9f24-431d-9f1a-0876f3fd41e0,1024:10:AES-256:decrypt,1,3,AES-256,aesni,CBC,1024,10,decrypt,3900,0,0.0,3.9e-06,262.56410256410254
166ed026-9f24-431d-9f1a-0876f3fd41e0,1024:10:AES-128:encrypt,2,0,AES-128,software,CBC,1024,10,encrypt,6200,0,0.0,6.2e-06,165.16129032258064
166ed026-9f24-431d-9f1a-0876f3fd41e0,1024:10:AES-128:decrypt,2,1,AES-128,software,CBC,1024,10,decrypt,6400,0,0.0,6.4e-06,160.0
166ed026-9f24-431d-9f1a-0876f3fd41e0,1024:10:AES-128:decrypt,2,2,AES-128,aesni,CBC,1024,10,decrypt,3500,0,0.0,3.5e-06,292.57142857142856
166ed026-9f24-431d-9f1a-0876f3fd41e0,1024:10:AES-128:encrypt,2,3,AES-128,aesni,CBC,1024,10,encrypt,3500,0,0.0,3.5e-06,292.57142857142856
166ed026-9f24-431d-9f1a-0876f3fd41e0,1024:11:AES-128:decrypt,0,0,AES-128,software,CBC,1024,11,decrypt,6300,0,0.0,6.3e-06,162.53968253968253
166ed026-9f24-431d-9f1a-0876f3fd41e0,1024:11:AES-128:encrypt,0,1,AES-128,software,CBC,1024,11,encrypt,6300,0,0.0,6.3e-06,162.53968253968253
166ed026-9f24-431d-9f1a-0876f3fd41e0,1024:11:AES-128:decrypt,0,2,AES-128,aesni,CBC,1024,11,decrypt,3600,0,0.0,3.6e-06,284.44444444444446
166ed026-9f24-431d-9f1a-0876f3fd41e0,1024:11:AES-128:encrypt,0,3,AES-128,aesni,CBC,1024,11,encrypt,3500,0,0.0,3.5e-06,292.57142857142856
166ed026-9f24-431d-9f1a-0876f3fd41e0,1024:11:AES-256:decrypt,1,0,AES-256,aesni,CBC,1024,11,decrypt,4000,0,0.0,4e-06,256.0
166ed026-9f24-431d-9f1a-0876f3fd41e0,1024:11:AES-256:encrypt,1,1,AES-256,aesni,CBC,1024,11,encrypt,3900,0,0.0,3.9e-06,262.56410256410254
166ed026-9f24-431d-9f1a-0876f3fd41e0,1024:11:AES-256:decrypt,1,2,AES-256,software,CBC,1024,11,decrypt,7500,0,0.0,7.5e-06,136.53333333333333
166ed026-9f24-431d-9f1a-0876f3fd41e0,1024:11:AES-256:encrypt,1,3,AES-256,software,CBC,1024,11,encrypt,7500,0,0.0,7.5e-06,136.53333333333333
166ed026-9f24-431d-9f1a-0876f3fd41e0,1024:11:AES-192:decrypt,2,0,AES-192,software,CBC,1024,11,decrypt,6900,0,0.0,6.9e-06,148.40579710144928
166ed026-9f24-431d-9f1a-0876f3fd41e0,1024:11:AES-192:decrypt,2,1,AES-192,aesni,CBC,1024,11,decrypt,3800,0,0.0,3.8e-06,269.4736842105263
166ed026-9f24-431d-9f1a-0876f3fd41e0,1024:11:AES-192:encrypt,2,2,AES-192,software,CBC,1024,11,encrypt,6700,0,0.0,6.7e-06,152.83582089552237
166ed026-9f24-431d-9f1a-0876f3fd41e0,1024:11:AES-192:encrypt,2,3,AES-192,aesni,CBC,1024,11,encrypt,3700,0,0.0,3.7e-06,276.7567567567568
166ed026-9f24-431d-9f1a-0876f3fd41e0,1024:12:AES-128:encrypt,0,0,AES-128,software,CBC,1024,12,encrypt,6100,0,0.0,6.1e-06,167.86885245901638
166ed026-9f24-431d-9f1a-0876f3fd41e0,1024:12:AES-128:decrypt,0,1,AES-128,aesni,CBC,1024,12,decrypt,3600,0,0.0,3.6e-06,284.44444444444446
166ed026-9f24-431d-9f1a-0876f3fd41e0,1024:12:AES-128:decrypt,0,2,AES-128,software,CBC,1024,12,decrypt,6200,0,0.0,6.2e-06,165.16129032258064
166ed026-9f24-431d-9f1a-0876f3fd41e0,1024:12:AES-128:encrypt,0,3,AES-128,aesni,CBC,1024,12,encrypt,3500,0,0.0,3.5e-06,292.57142857142856
166ed026-9f24-431d-9f1a-0876f3fd41e0,1024:12:AES-192:decrypt,1,0,AES-192,software,CBC,1024,12,decrypt,6900,0,0.0,6.9e-06,148.40579710144928
166ed026-9f24-431d-9f1a-0876f3fd41e0,1024:12:AES-192:encrypt,1,1,AES-192,software,CBC,1024,12,encrypt,6700,0,0.0,6.7e-06,152.83582089552237
166ed026-9f24-431d-9f1a-0876f3fd41e0,1024:12:AES-192:decrypt,1,2,AES-192,aesni,CBC,1024,12,decrypt,3600,0,0.0,3.6e-06,284.44444444444446
166ed026-9f24-431d-9f1a-0876f3fd41e0,1024:12:AES-192:encrypt,1,3,AES-192,aesni,CBC,1024,12,encrypt,3700,0,0.0,3.7e-06,276.7567567567568
166ed026-9f24-431d-9f1a-0876f3fd41e0,1024:12:AES-256:encrypt,2,0,AES-256,software,CBC,1024,12,encrypt,7600,0,0.0,7.6e-06,134.73684210526315
166ed026-9f24-431d-9f1a-0876f3fd41e0,1024:12:AES-256:decrypt,2,1,AES-256,software,CBC,1024,12,decrypt,7600,0,0.0,7.6e-06,134.73684210526315
166ed026-9f24-431d-9f1a-0876f3fd41e0,1024:12:AES-256:decrypt,2,2,AES-256,aesni,CBC,1024,12,decrypt,3800,0,0.0,3.8e-06,269.4736842105263
166ed026-9f24-431d-9f1a-0876f3fd41e0,1024:12:AES-256:encrypt,2,3,AES-256,aesni,CBC,1024,12,encrypt,3700,0,0.0,3.7e-06,276.7567567567568
166ed026-9f24-431d-9f1a-0876f3fd41e0,1024:13:AES-128:encrypt,0,0,AES-128,aesni,CBC,1024,13,encrypt,3500,0,0.0,3.5e-06,292.57142857142856
166ed026-9f24-431d-9f1a-0876f3fd41e0,1024:13:AES-128:encrypt,0,1,AES-128,software,CBC,1024,13,encrypt,6300,0,0.0,6.3e-06,162.53968253968253
166ed026-9f24-431d-9f1a-0876f3fd41e0,1024:13:AES-128:decrypt,0,2,AES-128,software,CBC,1024,13,decrypt,6300,0,0.0,6.3e-06,162.53968253968253
166ed026-9f24-431d-9f1a-0876f3fd41e0,1024:13:AES-128:decrypt,0,3,AES-128,aesni,CBC,1024,13,decrypt,3700,0,0.0,3.7e-06,276.7567567567568
166ed026-9f24-431d-9f1a-0876f3fd41e0,1024:13:AES-192:encrypt,1,0,AES-192,software,CBC,1024,13,encrypt,6800,0,0.0,6.8e-06,150.58823529411765
166ed026-9f24-431d-9f1a-0876f3fd41e0,1024:13:AES-192:encrypt,1,1,AES-192,aesni,CBC,1024,13,encrypt,3700,0,0.0,3.7e-06,276.7567567567568
166ed026-9f24-431d-9f1a-0876f3fd41e0,1024:13:AES-192:decrypt,1,2,AES-192,aesni,CBC,1024,13,decrypt,3700,0,0.0,3.7e-06,276.7567567567568
166ed026-9f24-431d-9f1a-0876f3fd41e0,1024:13:AES-192:decrypt,1,3,AES-192,software,CBC,1024,13,decrypt,6800,0,0.0,6.8e-06,150.58823529411765
166ed026-9f24-431d-9f1a-0876f3fd41e0,1024:13:AES-256:encrypt,2,0,AES-256,software,CBC,1024,13,encrypt,7400,0,0.0,7.4e-06,138.3783783783784
166ed026-9f24-431d-9f1a-0876f3fd41e0,1024:13:AES-256:decrypt,2,1,AES-256,software,CBC,1024,13,decrypt,7600,0,0.0,7.6e-06,134.73684210526315
166ed026-9f24-431d-9f1a-0876f3fd41e0,1024:13:AES-256:encrypt,2,2,AES-256,aesni,CBC,1024,13,encrypt,3800,0,0.0,3.8e-06,269.4736842105263
166ed026-9f24-431d-9f1a-0876f3fd41e0,1024:13:AES-256:decrypt,2,3,AES-256,aesni,CBC,1024,13,decrypt,3900,0,0.0,3.9e-06,262.56410256410254
166ed026-9f24-431d-9f1a-0876f3fd41e0,1024:14:AES-256:encrypt,0,0,AES-256,aesni,CBC,1024,14,encrypt,3800,0,0.0,3.8e-06,269.4736842105263
166ed026-9f24-431d-9f1a-0876f3fd41e0,1024:14:AES-256:decrypt,0,1,AES-256,software,CBC,1024,14,decrypt,7600,0,0.0,7.6e-06,134.73684210526315
166ed026-9f24-431d-9f1a-0876f3fd41e0,1024:14:AES-256:encrypt,0,2,AES-256,software,CBC,1024,14,encrypt,11500,0,0.0,1.15e-05,89.04347826086956
166ed026-9f24-431d-9f1a-0876f3fd41e0,1024:14:AES-256:decrypt,0,3,AES-256,aesni,CBC,1024,14,decrypt,4100,0,0.0,4.1e-06,249.7560975609756
166ed026-9f24-431d-9f1a-0876f3fd41e0,1024:14:AES-128:encrypt,1,0,AES-128,aesni,CBC,1024,14,encrypt,3700,0,0.0,3.7e-06,276.7567567567568
166ed026-9f24-431d-9f1a-0876f3fd41e0,1024:14:AES-128:decrypt,1,1,AES-128,software,CBC,1024,14,decrypt,6300,0,0.0,6.3e-06,162.53968253968253
166ed026-9f24-431d-9f1a-0876f3fd41e0,1024:14:AES-128:decrypt,1,2,AES-128,aesni,CBC,1024,14,decrypt,3600,0,0.0,3.6e-06,284.44444444444446
166ed026-9f24-431d-9f1a-0876f3fd41e0,1024:14:AES-128:encrypt,1,3,AES-128,software,CBC,1024,14,encrypt,6300,0,0.0,6.3e-06,162.53968253968253
166ed026-9f24-431d-9f1a-0876f3fd41e0,1024:14:AES-192:encrypt,2,0,AES-192,aesni,CBC,1024,14,encrypt,3700,0,0.0,3.7e-06,276.7567567567568
166ed026-9f24-431d-9f1a-0876f3fd41e0,1024:14:AES-192:decrypt,2,1,AES-192,software,CBC,1024,14,decrypt,6800,0,0.0,6.8e-06,150.58823529411765
166ed026-9f24-431d-9f1a-0876f3fd41e0,1024:14:AES-192:decrypt,2,2,AES-192,aesni,CBC,1024,14,decrypt,3600,0,0.0,3.6e-06,284.44444444444446
166ed026-9f24-431d-9f1a-0876f3fd41e0,1024:14:AES-192:encrypt,2,3,AES-192,software,CBC,1024,14,encrypt,6800,0,0.0,6.8e-06,150.58823529411765
166ed026-9f24-431d-9f1a-0876f3fd41e0,1024:15:AES-256:decrypt,0,0,AES-256,aesni,CBC,1024,15,decrypt,4000,0,0.0,4e-06,256.0
166ed026-9f24-431d-9f1a-0876f3fd41e0,1024:15:AES-256:decrypt,0,1,AES-256,software,CBC,1024,15,decrypt,7600,0,0.0,7.6e-06,134.73684210526315
166ed026-9f24-431d-9f1a-0876f3fd41e0,1024:15:AES-256:encrypt,0,2,AES-256,aesni,CBC,1024,15,encrypt,3800,0,0.0,3.8e-06,269.4736842105263
166ed026-9f24-431d-9f1a-0876f3fd41e0,1024:15:AES-256:encrypt,0,3,AES-256,software,CBC,1024,15,encrypt,7400,0,0.0,7.4e-06,138.3783783783784
166ed026-9f24-431d-9f1a-0876f3fd41e0,1024:15:AES-192:encrypt,1,0,AES-192,software,CBC,1024,15,encrypt,6800,0,0.0,6.8e-06,150.58823529411765
166ed026-9f24-431d-9f1a-0876f3fd41e0,1024:15:AES-192:encrypt,1,1,AES-192,aesni,CBC,1024,15,encrypt,3600,0,0.0,3.6e-06,284.44444444444446
166ed026-9f24-431d-9f1a-0876f3fd41e0,1024:15:AES-192:decrypt,1,2,AES-192,software,CBC,1024,15,decrypt,6800,0,0.0,6.8e-06,150.58823529411765
166ed026-9f24-431d-9f1a-0876f3fd41e0,1024:15:AES-192:decrypt,1,3,AES-192,aesni,CBC,1024,15,decrypt,3600,0,0.0,3.6e-06,284.44444444444446
166ed026-9f24-431d-9f1a-0876f3fd41e0,1024:15:AES-128:encrypt,2,0,AES-128,software,CBC,1024,15,encrypt,6200,0,0.0,6.2e-06,165.16129032258064
166ed026-9f24-431d-9f1a-0876f3fd41e0,1024:15:AES-128:encrypt,2,1,AES-128,aesni,CBC,1024,15,encrypt,3600,0,0.0,3.6e-06,284.44444444444446
166ed026-9f24-431d-9f1a-0876f3fd41e0,1024:15:AES-128:decrypt,2,2,AES-128,aesni,CBC,1024,15,decrypt,3800,0,0.0,3.8e-06,269.4736842105263
166ed026-9f24-431d-9f1a-0876f3fd41e0,1024:15:AES-128:decrypt,2,3,AES-128,software,CBC,1024,15,decrypt,6200,0,0.0,6.2e-06,165.16129032258064
166ed026-9f24-431d-9f1a-0876f3fd41e0,1024:16:AES-256:encrypt,0,0,AES-256,software,CBC,1024,16,encrypt,7400,0,0.0,7.4e-06,138.3783783783784
166ed026-9f24-431d-9f1a-0876f3fd41e0,1024:16:AES-256:encrypt,0,1,AES-256,aesni,CBC,1024,16,encrypt,3900,0,0.0,3.9e-06,262.56410256410254
166ed026-9f24-431d-9f1a-0876f3fd41e0,1024:16:AES-256:decrypt,0,2,AES-256,software,CBC,1024,16,decrypt,7500,0,0.0,7.5e-06,136.53333333333333
166ed026-9f24-431d-9f1a-0876f3fd41e0,1024:16:AES-256:decrypt,0,3,AES-256,aesni,CBC,1024,16,decrypt,4000,0,0.0,4e-06,256.0
166ed026-9f24-431d-9f1a-0876f3fd41e0,1024:16:AES-128:encrypt,1,0,AES-128,software,CBC,1024,16,encrypt,6400,0,0.0,6.4e-06,160.0
166ed026-9f24-431d-9f1a-0876f3fd41e0,1024:16:AES-128:decrypt,1,1,AES-128,software,CBC,1024,16,decrypt,6300,0,0.0,6.3e-06,162.53968253968253
166ed026-9f24-431d-9f1a-0876f3fd41e0,1024:16:AES-128:encrypt,1,2,AES-128,aesni,CBC,1024,16,encrypt,3600,0,0.0,3.6e-06,284.44444444444446
166ed026-9f24-431d-9f1a-0876f3fd41e0,1024:16:AES-128:decrypt,1,3,AES-128,aesni,CBC,1024,16,decrypt,3600,0,0.0,3.6e-06,284.44444444444446
166ed026-9f24-431d-9f1a-0876f3fd41e0,1024:16:AES-192:decrypt,2,0,AES-192,software,CBC,1024,16,decrypt,7000,0,0.0,7e-06,146.28571428571428
166ed026-9f24-431d-9f1a-0876f3fd41e0,1024:16:AES-192:encrypt,2,1,AES-192,aesni,CBC,1024,16,encrypt,3700,0,0.0,3.7e-06,276.7567567567568
166ed026-9f24-431d-9f1a-0876f3fd41e0,1024:16:AES-192:decrypt,2,2,AES-192,aesni,CBC,1024,16,decrypt,3600,0,0.0,3.6e-06,284.44444444444446
166ed026-9f24-431d-9f1a-0876f3fd41e0,1024:16:AES-192:encrypt,2,3,AES-192,software,CBC,1024,16,encrypt,6700,0,0.0,6.7e-06,152.83582089552237
166ed026-9f24-431d-9f1a-0876f3fd41e0,1024:17:AES-128:encrypt,0,0,AES-128,aesni,CBC,1024,17,encrypt,3600,0,0.0,3.6e-06,284.44444444444446
166ed026-9f24-431d-9f1a-0876f3fd41e0,1024:17:AES-128:decrypt,0,1,AES-128,software,CBC,1024,17,decrypt,6300,0,0.0,6.3e-06,162.53968253968253
166ed026-9f24-431d-9f1a-0876f3fd41e0,1024:17:AES-128:encrypt,0,2,AES-128,software,CBC,1024,17,encrypt,6100,0,0.0,6.1e-06,167.86885245901638
166ed026-9f24-431d-9f1a-0876f3fd41e0,1024:17:AES-128:decrypt,0,3,AES-128,aesni,CBC,1024,17,decrypt,3700,0,0.0,3.7e-06,276.7567567567568
166ed026-9f24-431d-9f1a-0876f3fd41e0,1024:17:AES-192:encrypt,1,0,AES-192,software,CBC,1024,17,encrypt,7000,0,0.0,7e-06,146.28571428571428
166ed026-9f24-431d-9f1a-0876f3fd41e0,1024:17:AES-192:encrypt,1,1,AES-192,aesni,CBC,1024,17,encrypt,3800,0,0.0,3.8e-06,269.4736842105263
166ed026-9f24-431d-9f1a-0876f3fd41e0,1024:17:AES-192:decrypt,1,2,AES-192,software,CBC,1024,17,decrypt,6900,0,0.0,6.9e-06,148.40579710144928
166ed026-9f24-431d-9f1a-0876f3fd41e0,1024:17:AES-192:decrypt,1,3,AES-192,aesni,CBC,1024,17,decrypt,3700,0,0.0,3.7e-06,276.7567567567568
166ed026-9f24-431d-9f1a-0876f3fd41e0,1024:17:AES-256:encrypt,2,0,AES-256,aesni,CBC,1024,17,encrypt,3900,0,0.0,3.9e-06,262.56410256410254
166ed026-9f24-431d-9f1a-0876f3fd41e0,1024:17:AES-256:decrypt,2,1,AES-256,software,CBC,1024,17,decrypt,7500,0,0.0,7.5e-06,136.53333333333333
166ed026-9f24-431d-9f1a-0876f3fd41e0,1024:17:AES-256:encrypt,2,2,AES-256,software,CBC,1024,17,encrypt,7400,0,0.0,7.4e-06,138.3783783783784
166ed026-9f24-431d-9f1a-0876f3fd41e0,1024:17:AES-256:decrypt,2,3,AES-256,aesni,CBC,1024,17,decrypt,4000,0,0.0,4e-06,256.0
166ed026-9f24-431d-9f1a-0876f3fd41e0,1024:18:AES-192:decrypt,0,0,AES-192,aesni,CBC,1024,18,decrypt,3800,0,0.0,3.8e-06,269.4736842105263
166ed026-9f24-431d-9f1a-0876f3fd41e0,1024:18:AES-192:encrypt,0,1,AES-192,aesni,CBC,1024,18,encrypt,3700,0,0.0,3.7e-06,276.7567567567568
166ed026-9f24-431d-9f1a-0876f3fd41e0,1024:18:AES-192:decrypt,0,2,AES-192,software,CBC,1024,18,decrypt,6900,0,0.0,6.9e-06,148.40579710144928
166ed026-9f24-431d-9f1a-0876f3fd41e0,1024:18:AES-192:encrypt,0,3,AES-192,software,CBC,1024,18,encrypt,6900,0,0.0,6.9e-06,148.40579710144928
166ed026-9f24-431d-9f1a-0876f3fd41e0,1024:18:AES-256:encrypt,1,0,AES-256,aesni,CBC,1024,18,encrypt,3900,0,0.0,3.9e-06,262.56410256410254
166ed026-9f24-431d-9f1a-0876f3fd41e0,1024:18:AES-256:decrypt,1,1,AES-256,aesni,CBC,1024,18,decrypt,3800,0,0.0,3.8e-06,269.4736842105263
166ed026-9f24-431d-9f1a-0876f3fd41e0,1024:18:AES-256:encrypt,1,2,AES-256,software,CBC,1024,18,encrypt,8600,0,0.0,8.6e-06,119.06976744186046
166ed026-9f24-431d-9f1a-0876f3fd41e0,1024:18:AES-256:decrypt,1,3,AES-256,software,CBC,1024,18,decrypt,7800,0,0.0,7.8e-06,131.28205128205127
166ed026-9f24-431d-9f1a-0876f3fd41e0,1024:18:AES-128:encrypt,2,0,AES-128,software,CBC,1024,18,encrypt,6200,0,0.0,6.2e-06,165.16129032258064
166ed026-9f24-431d-9f1a-0876f3fd41e0,1024:18:AES-128:encrypt,2,1,AES-128,aesni,CBC,1024,18,encrypt,3500,0,0.0,3.5e-06,292.57142857142856
166ed026-9f24-431d-9f1a-0876f3fd41e0,1024:18:AES-128:decrypt,2,2,AES-128,software,CBC,1024,18,decrypt,6300,0,0.0,6.3e-06,162.53968253968253
166ed026-9f24-431d-9f1a-0876f3fd41e0,1024:18:AES-128:decrypt,2,3,AES-128,aesni,CBC,1024,18,decrypt,3600,0,0.0,3.6e-06,284.44444444444446
166ed026-9f24-431d-9f1a-0876f3fd41e0,1024:19:AES-128:decrypt,0,0,AES-128,software,CBC,1024,19,decrypt,6400,0,0.0,6.4e-06,160.0
166ed026-9f24-431d-9f1a-0876f3fd41e0,1024:19:AES-128:encrypt,0,1,AES-128,software,CBC,1024,19,encrypt,6300,0,0.0,6.3e-06,162.53968253968253
166ed026-9f24-431d-9f1a-0876f3fd41e0,1024:19:AES-128:decrypt,0,2,AES-128,aesni,CBC,1024,19,decrypt,3600,0,0.0,3.6e-06,284.44444444444446
166ed026-9f24-431d-9f1a-0876f3fd41e0,1024:19:AES-128:encrypt,0,3,AES-128,aesni,CBC,1024,19,encrypt,3600,0,0.0,3.6e-06,284.44444444444446
166ed026-9f24-431d-9f1a-0876f3fd41e0,1024:19:AES-256:encrypt,1,0,AES-256,aesni,CBC,1024,19,encrypt,4000,0,0.0,4e-06,256.0
166ed026-9f24-431d-9f1a-0876f3fd41e0,1024:19:AES-256:decrypt,1,1,AES-256,aesni,CBC,1024,19,decrypt,3800,0,0.0,3.8e-06,269.4736842105263
166ed026-9f24-431d-9f1a-0876f3fd41e0,1024:19:AES-256:encrypt,1,2,AES-256,software,CBC,1024,19,encrypt,7500,0,0.0,7.5e-06,136.53333333333333
166ed026-9f24-431d-9f1a-0876f3fd41e0,1024:19:AES-256:decrypt,1,3,AES-256,software,CBC,1024,19,decrypt,7600,0,0.0,7.6e-06,134.73684210526315
166ed026-9f24-431d-9f1a-0876f3fd41e0,1024:19:AES-192:encrypt,2,0,AES-192,aesni,CBC,1024,19,encrypt,3700,0,0.0,3.7e-06,276.7567567567568
166ed026-9f24-431d-9f1a-0876f3fd41e0,1024:19:AES-192:decrypt,2,1,AES-192,aesni,CBC,1024,19,decrypt,3800,0,0.0,3.8e-06,269.4736842105263
166ed026-9f24-431d-9f1a-0876f3fd41e0,1024:19:AES-192:encrypt,2,2,AES-192,software,CBC,1024,19,encrypt,6700,0,0.0,6.7e-06,152.83582089552237
166ed026-9f24-431d-9f1a-0876f3fd41e0,1024:19:AES-192:decrypt,2,3,AES-192,software,CBC,1024,19,decrypt,6900,0,0.0,6.9e-06,148.40579710144928
166ed026-9f24-431d-9f1a-0876f3fd41e0,1048576:0:AES-128:encrypt,0,0,AES-128,aesni,CBC,1048576,0,encrypt,1952700,0,0.0,0.0019527,536.9877605366928
166ed026-9f24-431d-9f1a-0876f3fd41e0,1048576:0:AES-128:decrypt,0,1,AES-128,software,CBC,1048576,0,decrypt,5190300,0,0.0,0.0051903,202.02608712405834
166ed026-9f24-431d-9f1a-0876f3fd41e0,1048576:0:AES-128:decrypt,0,2,AES-128,aesni,CBC,1048576,0,decrypt,1879400,0,0.0,0.0018794,557.9312546557412
166ed026-9f24-431d-9f1a-0876f3fd41e0,1048576:0:AES-128:encrypt,0,3,AES-128,software,CBC,1048576,0,encrypt,4755100,15625000,3.285945616285672,0.0047551,220.51607747471135
166ed026-9f24-431d-9f1a-0876f3fd41e0,1048576:0:AES-256:encrypt,1,0,AES-256,aesni,CBC,1048576,0,encrypt,2308800,0,0.0,0.0023088,454.16493416493415
166ed026-9f24-431d-9f1a-0876f3fd41e0,1048576:0:AES-256:decrypt,1,1,AES-256,aesni,CBC,1048576,0,decrypt,2164800,0,0.0,0.0021648,484.37546193643755
166ed026-9f24-431d-9f1a-0876f3fd41e0,1048576:0:AES-256:encrypt,1,2,AES-256,software,CBC,1048576,0,encrypt,6143200,15625000,2.5434626904544864,0.0061432,170.68889178278422
166ed026-9f24-431d-9f1a-0876f3fd41e0,1048576:0:AES-256:decrypt,1,3,AES-256,software,CBC,1048576,0,decrypt,6018800,0,0.0,0.0060188,174.21678739948163
166ed026-9f24-431d-9f1a-0876f3fd41e0,1048576:0:AES-192:decrypt,2,0,AES-192,aesni,CBC,1048576,0,decrypt,2012700,0,0.0,0.0020127,520.9797784071148
166ed026-9f24-431d-9f1a-0876f3fd41e0,1048576:0:AES-192:decrypt,2,1,AES-192,software,CBC,1048576,0,decrypt,5310300,0,0.0,0.0053103,197.46078375986292
166ed026-9f24-431d-9f1a-0876f3fd41e0,1048576:0:AES-192:encrypt,2,2,AES-192,software,CBC,1048576,0,encrypt,5375700,0,0.0,0.0053757,195.05850400878026
166ed026-9f24-431d-9f1a-0876f3fd41e0,1048576:0:AES-192:encrypt,2,3,AES-192,aesni,CBC,1048576,0,encrypt,2284800,15625000,6.838672969187675,0.0022848,458.9355742296919
166ed026-9f24-431d-9f1a-0876f3fd41e0,1048576:1:AES-128:encrypt,0,0,AES-128,software,CBC,1048576,1,encrypt,4614700,0,0.0,0.0046147,227.22517173380717
166ed026-9f24-431d-9f1a-0876f3fd41e0,1048576:1:AES-128:decrypt,0,1,AES-128,software,CBC,1048576,1,decrypt,4663200,0,0.0,0.0046632,224.8618974095042
166ed026-9f24-431d-9f1a-0876f3fd41e0,1048576:1:AES-128:decrypt,0,2,AES-128,aesni,CBC,1048576,1,decrypt,1946900,0,0.0,0.0019469,538.587498073861
166ed026-9f24-431d-9f1a-0876f3fd41e0,1048576:1:AES-128:encrypt,0,3,AES-128,aesni,CBC,1048576,1,encrypt,1951300,0,0.0,0.0019513,537.3730333623738
166ed026-9f24-431d-9f1a-0876f3fd41e0,1048576:1:AES-192:encrypt,1,0,AES-192,software,CBC,1048576,1,encrypt,5221800,0,0.0,0.0052218,200.807384426826
166ed026-9f24-431d-9f1a-0876f3fd41e0,1048576:1:AES-192:decrypt,1,1,AES-192,aesni,CBC,1048576,1,decrypt,2015400,15625000,7.752803413714399,0.0020154,520.2818299096954
166ed026-9f24-431d-9f1a-0876f3fd41e0,1048576:1:AES-192:encrypt,1,2,AES-192,aesni,CBC,1048576,1,encrypt,2208200,0,0.0,0.0022082,474.8555384476044
166ed026-9f24-431d-9f1a-0876f3fd41e0,1048576:1:AES-192:decrypt,1,3,AES-192,software,CBC,1048576,1,decrypt,5307600,0,0.0,0.0053076,197.5612329489788
166ed026-9f24-431d-9f1a-0876f3fd41e0,1048576:1:AES-256:encrypt,2,0,AES-256,aesni,CBC,1048576,1,encrypt,2189700,15625000,7.13568068685208,0.0021897,478.86742476138284
166ed026-9f24-431d-9f1a-0876f3fd41e0,1048576:1:AES-256:decrypt,2,1,AES-256,software,CBC,1048576,1,decrypt,6045500,0,0.0,0.0060455,173.44735753866513
166ed026-9f24-431d-9f1a-0876f3fd41e0,1048576:1:AES-256:decrypt,2,2,AES-256,aesni,CBC,1048576,1,decrypt,2145300,0,0.0,0.0021453,488.7782594508927
166ed026-9f24-431d-9f1a-0876f3fd41e0,1048576:1:AES-256:encrypt,2,3,AES-256,software,CBC,1048576,1,encrypt,5964700,15625000,2.619578520294399,0.0059647,175.79693865575805
166ed026-9f24-431d-9f1a-0876f3fd41e0,1048576:2:AES-128:encrypt,0,0,AES-128,aesni,CBC,1048576,2,encrypt,1959000,0,0.0,0.001959,535.2608473711077
166ed026-9f24-431d-9f1a-0876f3fd41e0,1048576:2:AES-128:decrypt,0,1,AES-128,aesni,CBC,1048576,2,decrypt,1868600,0,0.0,0.0018686,561.1559456277427
166ed026-9f24-431d-9f1a-0876f3fd41e0,1048576:2:AES-128:decrypt,0,2,AES-128,software,CBC,1048576,2,decrypt,4585300,0,0.0,0.0045853,228.68209277473665
166ed026-9f24-431d-9f1a-0876f3fd41e0,1048576:2:AES-128:encrypt,0,3,AES-128,software,CBC,1048576,2,encrypt,4712800,15625000,3.3154388049567136,0.0047128,222.49533186216263
166ed026-9f24-431d-9f1a-0876f3fd41e0,1048576:2:AES-256:decrypt,1,0,AES-256,aesni,CBC,1048576,2,decrypt,2200800,0,0.0,0.0022008,476.4521992002908
166ed026-9f24-431d-9f1a-0876f3fd41e0,1048576:2:AES-256:encrypt,1,1,AES-256,software,CBC,1048576,2,encrypt,5887100,15625000,2.6541081347352686,0.0058871,178.1141818552428
166ed026-9f24-431d-9f1a-0876f3fd41e0,1048576:2:AES-256:decrypt,1,2,AES-256,software,CBC,1048576,2,decrypt,6212100,0,0.0,0.0062121,168.79573735129827
166ed026-9f24-431d-9f1a-0876f3fd41e0,1048576:2:AES-256:encrypt,1,3,AES-256,aesni,CBC,1048576,2,encrypt,2198500,0,0.0,0.0021985,476.95064816920626
166ed026-9f24-431d-9f1a-0876f3fd41e0,1048576:2:AES-192:encrypt,2,0,AES-192,software,CBC,1048576,2,encrypt,5285900,0,0.0,0.0052859,198.37227340661005
166ed026-9f24-431d-9f1a-0876f3fd41e0,1048576:2:AES-192:encrypt,2,1,AES-192,aesni,CBC,1048576,2,encrypt,2086800,0,0.0,0.0020868,502.4803526931187
166ed026-9f24-431d-9f1a-0876f3fd41e0,1048576:2:AES-192:decrypt,2,2,AES-192,software,CBC,1048576,2,decrypt,5315900,0,0.0,0.0053159,197.25276999191107
166ed026-9f24-431d-9f1a-0876f3fd41e0,1048576:2:AES-192:decrypt,2,3,AES-192,aesni,CBC,1048576,2,decrypt,2000200,15625000,7.811718828117188,0.0020002,524.2355764423558
166ed026-9f24-431d-9f1a-0876f3fd41e0,1048576:3:AES-128:encrypt,0,0,AES-128,software,CBC,1048576,3,encrypt,4637600,0,0.0,0.0046376,226.10315680524408
166ed026-9f24-431d-9f1a-0876f3fd41e0,1048576:3:AES-128:decrypt,0,1,AES-128,software,CBC,1048576,3,decrypt,4534500,0,0.0,0.0045345,231.24401808358144
166ed026-9f24-431d-9f1a-0876f3fd41e0,1048576:3:AES-128:encrypt,0,2,AES-128,aesni,CBC,1048576,3,encrypt,1938700,15625000,8.059524423582813,0.0019387,540.8655284468974
166ed026-9f24-431d-9f1a-0876f3fd41e0,1048576:3:AES-128:decrypt,0,3,AES-128,aesni,CBC,1048576,3,decrypt,1859100,0,0.0,0.0018591,564.0234522080576
166ed026-9f24-431d-9f1a-0876f3fd41e0,1048576:3:AES-256:encrypt,1,0,AES-256,aesni,CBC,1048576,3,encrypt,2172800,0,0.0,0.0021728,482.5920471281296
166ed026-9f24-431d-9f1a-0876f3fd41e0,1048576:3:AES-256:encrypt,1,1,AES-256,software,CBC,1048576,3,encrypt,5814800,15625000,2.687108756964986,0.0058148,180.32881612437228
166ed026-9f24-431d-9f1a-0876f3fd41e0,1048576:3:AES-256:decrypt,1,2,AES-256,aesni,CBC,1048576,3,decrypt,2329600,0,0.0,0.0023296,450.1098901098901
166ed026-9f24-431d-9f1a-0876f3fd41e0,1048576:3:AES-256:decrypt,1,3,AES-256,software,CBC,1048576,3,decrypt,6080600,0,0.0,0.0060806,172.4461401835345
166ed026-9f24-431d-9f1a-0876f3fd41e0,1048576:3:AES-192:decrypt,2,0,AES-192,aesni,CBC,1048576,3,decrypt,1994100,0,0.0,0.0019941,525.8392257158617
166ed026-9f24-431d-9f1a-0876f3fd41e0,1048576:3:AES-192:decrypt,2,1,AES-192,software,CBC,1048576,3,decrypt,5484500,0,0.0,0.0054845,191.18898714559214
166ed026-9f24-431d-9f1a-0876f3fd41e0,1048576:3:AES-192:encrypt,2,2,AES-192,software,CBC,1048576,3,encrypt,5387100,0,0.0,0.0053871,194.64572775704926
166ed026-9f24-431d-9f1a-0876f3fd41e0,1048576:3:AES-192:encrypt,2,3,AES-192,aesni,CBC,1048576,3,encrypt,2127300,0,0.0,0.0021273,492.9140224697974
166ed026-9f24-431d-9f1a-0876f3fd41e0,1048576:4:AES-192:decrypt,0,0,AES-192,aesni,CBC,1048576,4,decrypt,2056700,0,0.0,0.0020567,509.8342004181456
166ed026-9f24-431d-9f1a-0876f3fd41e0,1048576:4:AES-192:encrypt,0,1,AES-192,software,CBC,1048576,4,encrypt,5252400,0,0.0,0.0052524,199.63749904805422
166ed026-9f24-431d-9f1a-0876f3fd41e0,1048576:4:AES-192:encrypt,0,2,AES-192,aesni,CBC,1048576,4,encrypt,2164000,0,0.0,0.002164,484.55452865064694
166ed026-9f24-431d-9f1a-0876f3fd41e0,1048576:4:AES-192:decrypt,0,3,AES-192,software,CBC,1048576,4,decrypt,5463700,15625000,2.8597836630854547,0.0054637,191.9168329154236
166ed026-9f24-431d-9f1a-0876f3fd41e0,1048576:4:AES-128:encrypt,1,0,AES-128,aesni,CBC,1048576,4,encrypt,2010900,0,0.0,0.0020109,521.4461186533393
166ed026-9f24-431d-9f1a-0876f3fd41e0,1048576:4:AES-128:decrypt,1,1,AES-128,aesni,CBC,1048576,4,decrypt,1930200,0,0.0,0.0019302,543.2473318827065
166ed026-9f24-431d-9f1a-0876f3fd41e0,1048576:4:AES-128:decrypt,1,2,AES-128,software,CBC,1048576,4,decrypt,4771300,15625000,3.2747888416154924,0.0047713,219.76735900069164
166ed026-9f24-431d-9f1a-0876f3fd41e0,1048576:4:AES-128:encrypt,1,3,AES-128,software,CBC,1048576,4,encrypt,4763200,0,0.0,0.0047632,220.1410816257978
166ed026-9f24-431d-9f1a-0876f3fd41e0,1048576:4:AES-256:decrypt,2,0,AES-256,software,CBC,1048576,4,decrypt,5863200,15625000,2.6649270023195526,0.0058632,178.84022376859053
166ed026-9f24-431d-9f1a-0876f3fd41e0,1048576:4:AES-256:encrypt,2,1,AES-256,software,CBC,1048576,4,encrypt,5852800,0,0.0,0.0058528,179.1580098414434
166ed026-9f24-431d-9f1a-0876f3fd41e0,1048576:4:AES-256:decrypt,2,2,AES-256,aesni,CBC,1048576,4,decrypt,2104400,0,0.0,0.0021044,498.277893936514
166ed026-9f24-431d-9f1a-0876f3fd41e0,1048576:4:AES-256:encrypt,2,3,AES-256,aesni,CBC,1048576,4,encrypt,2126800,0,0.0,0.0021268,493.02990408124884
166ed026-9f24-431d-9f1a-0876f3fd41e0,1048576:5:AES-192:encrypt,0,0,AES-192,software,CBC,1048576,5,encrypt,5212400,0,0.0,0.0052124,201.16951883968997
166ed026-9f24-431d-9f1a-0876f3fd41e0,1048576:5:AES-192:encrypt,0,1,AES-192,aesni,CBC,1048576,5,encrypt,2031400,0,0.0,0.0020314,516.18391257261
166ed026-9f24-431d-9f1a-0876f3fd41e0,1048576:5:AES-192:decrypt,0,2,AES-192,aesni,CBC,1048576,5,decrypt,2039900,0,0.0,0.0020399,514.0330408353351
166ed026-9f24-431d-9f1a-0876f3fd41e0,1048576:5:AES-192:decrypt,0,3,AES-192,software,CBC,1048576,5,decrypt,5176300,15625000,3.0185653845410814,0.0051763,202.57249386627515
166ed026-9f24-431d-9f1a-0876f3fd41e0,1048576:5:AES-256:encrypt,1,0,AES-256,software,CBC,1048576,5,encrypt,5974800,15625000,2.6151502979179218,0.0059748,175.4997656825333
166ed026-9f24-431d-9f1a-0876f3fd41e0,1048576:5:AES-256:decrypt,1,1,AES-256,software,CBC,1048576,5,decrypt,6119600,0,0.0,0.0061196,171.3471468723446
166ed026-9f24-431d-9f1a-0876f3fd41e0,1048576:5:AES-256:decrypt,1,2,AES-256,aesni,CBC,1048576,5,decrypt,3324000,0,0.0,0.003324,315.4560770156438
166ed026-9f24-431d-9f1a-0876f3fd41e0,1048576:5:AES-256:encrypt,1,3,AES-256,aesni,CBC,1048576,5,encrypt,2636000,0,0.0,0.002636,397.7905918057663
166ed026-9f24-431d-9f1a-0876f3fd41e0,1048576:5:AES-128:encrypt,2,0,AES-128,software,CBC,1048576,5,encrypt,4707000,0,0.0,0.004707,222.76949224559166
166ed026-9f24-431d-9f1a-0876f3fd41e0,1048576:5:AES-128:decrypt,2,1,AES-128,aesni,CBC,1048576,5,decrypt,1914000,0,0.0,0.001914,547.8453500522467
166ed026-9f24-431d-9f1a-0876f3fd41e0,1048576:5:AES-128:encrypt,2,2,AES-128,aesni,CBC,1048576,5,encrypt,1943800,0,0.0,0.0019438,539.4464451075213
166ed026-9f24-431d-9f1a-0876f3fd41e0,1048576:5:AES-128:decrypt,2,3,AES-128,software,CBC,1048576,5,decrypt,4712100,15625000,3.3159313257358716,0.0047121,222.5283843721483
166ed026-9f24-431d-9f1a-0876f3fd41e0,1048576:6:AES-192:decrypt,0,0,AES-192,software,CBC,1048576,6,decrypt,5499600,0,0.0,0.0054996,190.6640482944214
166ed026-9f24-431d-9f1a-0876f3fd41e0,1048576:6:AES-192:encrypt,0,1,AES-192,software,CBC,1048576,6,encrypt,5240100,15625000,2.9818133241732028,0.0052401,200.10610484532737
166ed026-9f24-431d-9f1a-0876f3fd41e0,1048576:6:AES-192:encrypt,0,2,AES-192,aesni,CBC,1048576,6,encrypt,2108500,0,0.0,0.0021085,497.3089874318236
166ed026-9f24-431d-9f1a-0876f3fd41e0,1048576:6:AES-192:decrypt,0,3,AES-192,aesni,CBC,1048576,6,decrypt,1959100,0,0.0,0.0019591,535.2335255984891
166ed026-9f24-431d-9f1a-0876f3fd41e0,1048576:6:AES-256:decrypt,1,0,AES-256,software,CBC,1048576,6,decrypt,6764500,15625000,2.3098529085667825,0.0067645,155.01160470101263
166ed026-9f24-431d-9f1a-0876f3fd41e0,1048576:6:AES-256:encrypt,1,1,AES-256,aesni,CBC,1048576,6,encrypt,2114900,0,0.0,0.0021149,495.80405692940565
166ed026-9f24-431d-9f1a-0876f3fd41e0,1048576:6:AES-256:decrypt,1,2,AES-256,aesni,CBC,1048576,6,decrypt,2091900,0,0.0,0.0020919,501.2553181318419
166ed026-9f24-431d-9f1a-0876f3fd41e0,1048576:6:AES-256:encrypt,1,3,AES-256,software,CBC,1048576,6,encrypt,5860300,0,0.0,0.0058603,178.92872378547173
166ed026-9f24-431d-9f1a-0876f3fd41e0,1048576:6:AES-128:decrypt,2,0,AES-128,software,CBC,1048576,6,decrypt,4775500,0,0.0,0.0047755,219.57407601298294
166ed026-9f24-431d-9f1a-0876f3fd41e0,1048576:6:AES-128:encrypt,2,1,AES-128,aesni,CBC,1048576,6,encrypt,1927600,0,0.0,0.0019276,543.9800788545341
166ed026-9f24-431d-9f1a-0876f3fd41e0,1048576:6:AES-128:decrypt,2,2,AES-128,aesni,CBC,1048576,6,decrypt,1872600,0,0.0,0.0018726,559.9572786500054
166ed026-9f24-431d-9f1a-0876f3fd41e0,1048576:6:AES-128:encrypt,2,3,AES-128,software,CBC,1048576,6,encrypt,4709300,15625000,3.317902873038456,0.0047093,222.660692671947
166ed026-9f24-431d-9f1a-0876f3fd41e0,1048576:7:AES-256:decrypt,0,0,AES-256,software,CBC,1048576,7,decrypt,6155500,0,0.0,0.0061555,170.34781902363738
166ed026-9f24-431d-9f1a-0876f3fd41e0,1048576:7:AES-256:encrypt,0,1,AES-256,software,CBC,1048576,7,encrypt,5783900,15625000,2.7014644098272793,0.0057839,181.29220767993914
166ed026-9f24-431d-9f1a-0876f3fd41e0,1048576:7:AES-256:encrypt,0,2,AES-256,aesni,CBC,1048576,7,encrypt,2101500,0,0.0,0.0021015,498.96550083273854
166ed026-9f24-431d-9f1a-0876f3fd41e0,1048576:7:AES-256:decrypt,0,3,AES-256,aesni,CBC,1048576,7,decrypt,2082100,0,0.0,0.0020821,503.6146198549541
166ed026-9f24-431d-9f1a-0876f3fd41e0,1048576:7:AES-128:encrypt,1,0,AES-128,aesni,CBC,1048576,7,encrypt,1955800,15625000,7.989058185908579,0.0019558,536.1366192862256
166ed026-9f24-431d-9f1a-0876f3fd41e0,1048576:7:AES-128:decrypt,1,1,AES-128,aesni,CBC,1048576,7,decrypt,1933500,0,0.0,0.0019335,542.3201448151021
166ed026-9f24-431d-9f1a-0876f3fd41e0,1048576:7:AES-128:decrypt,1,2,AES-128,software,CBC,1048576,7,decrypt,4812300,0,0.0,0.0048123,217.89497745360845
166ed026-9f24-431d-9f1a-0876f3fd41e0,1048576:7:AES-128:encrypt,1,3,AES-128,software,CBC,1048576,7,encrypt,4687100,0,0.0,0.0046871,223.71530370591623
166ed026-9f24-431d-9f1a-0876f3fd41e0,1048576:7:AES-192:decrypt,2,0,AES-192,software,CBC,1048576,7,decrypt,5213000,0,0.0,0.005213,201.14636485708806
166ed026-9f24-431d-9f1a-0876f3fd41e0,1048576:7:AES-192:encrypt,2,1,AES-192,software,CBC,1048576,7,encrypt,5424100,0,0.0,0.0054241,193.3179698014417
166ed026-9f24-431d-9f1a-0876f3fd41e0,1048576:7:AES-192:encrypt,2,2,AES-192,aesni,CBC,1048576,7,encrypt,1992300,15625000,7.842694373337348,0.0019923,526.3143100938614
166ed026-9f24-431d-9f1a-0876f3fd41e0,1048576:7:AES-192:decrypt,2,3,AES-192,aesni,CBC,1048576,7,decrypt,1955700,0,0.0,0.0019557,536.1640333384466
166ed026-9f24-431d-9f1a-0876f3fd41e0,1048576:8:AES-256:decrypt,0,0,AES-256,software,CBC,1048576,8,decrypt,6194400,0,0.0,0.0061944,169.27805760041326
166ed026-9f24-431d-9f1a-0876f3fd41e0,1048576:8:AES-256:encrypt,0,1,AES-256,aesni,CBC,1048576,8,encrypt,2157300,15625000,7.242849858619571,0.0021573,486.05942613452
166ed026-9f24-431d-9f1a-0876f3fd41e0,1048576:8:AES-256:encrypt,0,2,AES-256,software,CBC,1048576,8,encrypt,5865600,0,0.0,0.0058656,178.7670485542826
166ed026-9f24-431d-9f1a-0876f3fd41e0,1048576:8:AES-256:decrypt,0,3,AES-256,aesni,CBC,1048576,8,decrypt,2206400,0,0.0,0.0022064,475.24292965917334
166ed026-9f24-431d-9f1a-0876f3fd41e0,1048576:8:AES-128:decrypt,1,0,AES-128,aesni,CBC,1048576,8,decrypt,1794800,15625000,8.705705371071986,0.0017948,584.2299977713394
166ed026-9f24-431d-9f1a-0876f3fd41e0,1048576:8:AES-128:decrypt,1,1,AES-128,software,CBC,1048576,8,decrypt,4516700,0,0.0,0.0045167,232.15533464697677
166ed026-9f24-431d-9f1a-0876f3fd41e0,1048576:8:AES-128:encrypt,1,2,AES-128,software,CBC,1048576,8,encrypt,4698200,0,0.0,0.0046982,223.18675237324933
166ed026-9f24-431d-9f1a-0876f3fd41e0,1048576:8:AES-128:encrypt,1,3,AES-128,aesni,CBC,1048576,8,encrypt,2008100,0,0.0,0.0020081,522.1731985458891
166ed026-9f24-431d-9f1a-0876f3fd41e0,1048576:8:AES-192:decrypt,2,0,AES-192,software,CBC,1048576,8,decrypt,5247900,0,0.0,0.0052479,199.80868537891348
166ed026-9f24-431d-9f1a-0876f3fd41e0,1048576:8:AES-192:decrypt,2,1,AES-192,aesni,CBC,1048576,8,decrypt,1940500,0,0.0,0.0019405,540.3638237567637
166ed026-9f24-431d-9f1a-0876f3fd41e0,1048576:8:AES-192:encrypt,2,2,AES-192,software,CBC,1048576,8,encrypt,7307400,15625000,2.138243424473821,0.0073074,143.49508717190793
166ed026-9f24-431d-9f1a-0876f3fd41e0,1048576:8:AES-192:encrypt,2,3,AES-192,aesni,CBC,1048576,8,encrypt,2046700,0,0.0,0.0020467,512.3252064298628
166ed026-9f24-431d-9f1a-0876f3fd41e0,1048576:9:AES-128:decrypt,0,0,AES-128,aesni,CBC,1048576,9,decrypt,2082600,0,0.0,0.0020826,503.4937097858446
166ed026-9f24-431d-9f1a-0876f3fd41e0,1048576:9:AES-128:decrypt,0,1,AES-128,software,CBC,1048576,9,decrypt,4637300,15625000,3.369417549004809,0.0046373,226.11778405537706
166ed026-9f24-431d-9f1a-0876f3fd41e0,1048576:9:AES-128:encrypt,0,2,AES-128,aesni,CBC,1048576,9,encrypt,1948500,0,0.0,0.0019485,538.1452399281499
166ed026-9f24-431d-9f1a-0876f3fd41e0,1048576:9:AES-128:encrypt,0,3,AES-128,software,CBC,1048576,9,encrypt,4519700,0,0.0,0.0045197,232.00123902028895
166ed026-9f24-431d-9f1a-0876f3fd41e0,1048576:9:AES-192:decrypt,1,0,AES-192,software,CBC,1048576,9,decrypt,5101400,15625000,3.0628846983181086,0.0051014,205.546712667111
166ed026-9f24-431d-9f1a-0876f3fd41e0,1048576:9:AES-192:encrypt,1,1,AES-192,software,CBC,1048576,9,encrypt,4979700,0,0.0,0.0049797,210.5701146655421
166ed026-9f24-431d-9f1a-0876f3fd41e0,1048576:9:AES-192:encrypt,1,2,AES-192,aesni,CBC,1048576,9,encrypt,1976800,0,0.0,0.0019768,530.4411169566977
166ed026-9f24-431d-9f1a-0876f3fd41e0,1048576:9:AES-192:decrypt,1,3,AES-192,aesni,CBC,1048576,9,decrypt,2084200,0,0.0,0.0020842,503.1071874100374
166ed026-9f24-431d-9f1a-0876f3fd41e0,1048576:9:AES-256:encrypt,2,0,AES-256,software,CBC,1048576,9,encrypt,5772000,0,0.0,0.005772,181.66597366597367
166ed026-9f24-431d-9f1a-0876f3fd41e0,1048576:9:AES-256:encrypt,2,1,AES-256,aesni,CBC,1048576,9,encrypt,2111600,0,0.0,0.0021116,496.57889751846943
166ed026-9f24-431d-9f1a-0876f3fd41e0,1048576:9:AES-256:decrypt,2,2,AES-256,software,CBC,1048576,9,decrypt,5898800,15625000,2.6488438326439274,0.0058988,177.7609005221401
166ed026-9f24-431d-9f1a-0876f3fd41e0,1048576:9:AES-256:decrypt,2,3,AES-256,aesni,CBC,1048576,9,decrypt,2031400,0,0.0,0.0020314,516.18391257261
166ed026-9f24-431d-9f1a-0876f3fd41e0,1048576:10:AES-128:decrypt,0,0,AES-128,aesni,CBC,1048576,10,decrypt,1728600,0,0.0,0.0017286,606.6041883605229
166ed026-9f24-431d-9f1a-0876f3fd41e0,1048576:10:AES-128:encrypt,0,1,AES-128,software,CBC,1048576,10,encrypt,4546300,0,0.0,0.0045463,230.64382024943362
166ed026-9f24-431d-9f1a-0876f3fd41e0,1048576:10:AES-128:decrypt,0,2,AES-128,software,CBC,1048576,10,decrypt,4451800,15625000,3.5098162540994653,0.0044518,235.53978166135047
166ed026-9f24-431d-9f1a-0876f3fd41e0,1048576:10:AES-128:encrypt,0,3,AES-128,aesni,CBC,1048576,10,encrypt,1900900,0,0.0,0.0019009,551.6208111946972
166ed026-9f24-431d-9f1a-0876f3fd41e0,1048576:10:AES-256:decrypt,1,0,AES-256,aesni,CBC,1048576,10,decrypt,2273400,0,0.0,0.0022734,461.23691387349345
166ed026-9f24-431d-9f1a-0876f3fd41e0,1048576:10:AES-256:decrypt,1,1,AES-256,software,CBC,1048576,10,decrypt,5833100,15625000,2.678678575714457,0.0058331,179.7630762373352
166ed026-9f24-431d-9f1a-0876f3fd41e0,1048576:10:AES-256:encrypt,1,2,AES-256,aesni,CBC,1048576,10,encrypt,2097700,0,0.0,0.0020977,499.8693807503456
166ed026-9f24-431d-9f1a-0876f3fd41e0,1048576:10:AES-256:encrypt,1,3,AES-256,software,CBC,1048576,10,encrypt,5737900,0,0.0,0.0057379,182.7456037923282
166ed026-9f24-431d-9f1a-0876f3fd41e0,1048576:10:AES-192:encrypt,2,0,AES-192,aesni,CBC,1048576,10,encrypt,1999000,0,0.0,0.001999,524.5502751375687
166ed026-9f24-431d-9f1a-0876f3fd41e0,1048576:10:AES-192:encrypt,2,1,AES-192,software,CBC,1048576,10,encrypt,5087400,0,0.0,0.0050874,206.11235601682588
166ed026-9f24-431d-9f1a-0876f3fd41e0,1048576:10:AES-192:decrypt,2,2,AES-192,aesni,CBC,1048576,10,decrypt,2228500,0,0.0,0.0022285,470.52995288310524
166ed026-9f24-431d-9f1a-0876f3fd41e0,1048576:10:AES-192:decrypt,2,3,AES-192,software,CBC,1048576,10,decrypt,5039800,15625000,3.100321441327037,0.0050398,208.0590499623001
166ed026-9f24-431d-9f1a-0876f3fd41e0,1048576:11:AES-192:decrypt,0,0,AES-192,aesni,CBC,1048576,11,decrypt,1839000,0,0.0,0.001839,570.1881457313757
166ed026-9f24-431d-9f1a-0876f3fd41e0,1048576:11:AES-192:decrypt,0,1,AES-192,software,CBC,1048576,11,decrypt,5355600,0,0.0,0.0053556,195.79057435208006
166ed026-9f24-431d-9f1a-0876f3fd41e0,1048576:11:AES-192:encrypt,0,2,AES-192,aesni,CBC,1048576,11,encrypt,1990800,15625000,7.848603576451677,0.0019908,526.7108700020092
166ed026-9f24-431d-9f1a-0876f3fd41e0,1048576:11:AES-192:encrypt,0,3,AES-192,software,CBC,1048576,11,encrypt,5066200,0,0.0,0.0050662,206.97485294698197
166ed026-9f24-431d-9f1a-0876f3fd41e0,1048576:11:AES-256:decrypt,1,0,AES-256,software,CBC,1048576,11,decrypt,5974000,15625000,2.615500502176096,0.005974,175.52326749246737
166ed026-9f24-431d-9f1a-0876f3fd41e0,1048576:11:AES-256:encrypt,1,1,AES-256,software,CBC,1048576,11,encrypt,5830700,0,0.0,0.0058307,179.83706930557224
166ed026-9f24-431d-9f1a-0876f3fd41e0,1048576:11:AES-256:decrypt,1,2,AES-256,aesni,CBC,1048576,11,decrypt,2220100,0,0.0,0.0022201,472.3102562947615
166ed026-9f24-431d-9f1a-0876f3fd41e0,1048576:11:AES-256:encrypt,1,3,AES-256,aesni,CBC,1048576,11,encrypt,2114100,0,0.0,0.0021141,495.99167494442077
166ed026-9f24-431d-9f1a-0876f3fd41e0,1048576:11:AES-128:decrypt,2,0,AES-128,software,CBC,1048576,11,decrypt,4530800,0,0.0,0.0045308,231.43285953915424
166ed026-9f24-431d-9f1a-0876f3fd41e0,1048576:11:AES-128:decrypt,2,1,AES-128,aesni,CBC,1048576,11,decrypt,1799400,0,0.0,0.0017994,582.7364677114593
166ed026-9f24-431d-9f1a-0876f3fd41e0,1048576:11:AES-128:encrypt,2,2,AES-128,aesni,CBC,1048576,11,encrypt,2013500,0,0.0,0.0020135,520.7727837099578
166ed026-9f24-431d-9f1a-0876f3fd41e0,1048576:11:AES-128:encrypt,2,3,AES-128,software,CBC,1048576,11,encrypt,4628900,15625000,3.3755319838406534,0.0046289,226.5281168312126
166ed026-9f24-431d-9f1a-0876f3fd41e0,1048576:12:AES-256:decrypt,0,0,AES-256,aesni,CBC,1048576,12,decrypt,2137000,0,0.0,0.002137,490.676649508657
166ed026-9f24-431d-9f1a-0876f3fd41e0,1048576:12:AES-256:encrypt,0,1,AES-256,software,CBC,1048576,12,encrypt,5863600,0,0.0,0.0058636,178.8280237396821
166ed026-9f24-431d-9f1a-0876f3fd41e0,1048576:12:AES-256:encrypt,0,2,AES-256,aesni,CBC,1048576,12,encrypt,2105700,15625000,7.420335280429311,0.0021057,497.9702711687325
166ed026-9f24-431d-9f1a-0876f3fd41e0,1048576:12:AES-256:decrypt,0,3,AES-256,software,CBC,1048576,12,decrypt,5958500,0,0.0,0.0059585,175.97986070319712
166ed026-9f24-431d-9f1a-0876f3fd41e0,1048576:12:AES-192:encrypt,1,0,AES-192,aesni,CBC,1048576,12,encrypt,2004000,0,0.0,0.002004,523.2415169660678
166ed026-9f24-431d-9f1a-0876f3fd41e0,1048576:12:AES-192:decrypt,1,1,AES-192,software,CBC,1048576,12,decrypt,5203300,15625000,3.002902004497146,0.0052033,201.52134222512638
166ed026-9f24-431d-9f1a-0876f3fd41e0,1048576:12:AES-192:encrypt,1,2,AES-192,software,CBC,1048576,12,encrypt,5174500,0,0.0,0.0051745,202.64296067252874
166ed026-9f24-431d-9f1a-0876f3fd41e0,1048576:12:AES-192:decrypt,1,3,AES-192,aesni,CBC,1048576,12,decrypt,1943100,0,0.0,0.0019431,539.640780196593
166ed026-9f24-431d-9f1a-0876f3fd41e0,1048576:12:AES-128:decrypt,2,0,AES-128,aesni,CBC,1048576,12,decrypt,1769700,0,0.0,0.0017697,592.5162456913602
166ed026-9f24-431d-9f1a-0876f3fd41e0,1048576:12:AES-128:encrypt,2,1,AES-128,software,CBC,1048576,12,encrypt,4482900,0,0.0,0.0044829,233.90573066541748
166ed026-9f24-431d-9f1a-0876f3fd41e0,1048576:12:AES-128:encrypt,2,2,AES-128,aesni,CBC,1048576,12,encrypt,2113200,0,0.0,0.0021132,496.2029150104108
166ed026-9f24-431d-9f1a-0876f3fd41e0,1048576:12:AES-128:decrypt,2,3,AES-128,software,CBC,1048576,12,decrypt,4584000,0,0.0,0.004584,228.74694589877836
166ed026-9f24-431d-9f1a-0876f3fd41e0,1048576:13:AES-256:encrypt,0,0,AES-256,software,CBC,1048576,13,encrypt,6175800,0,0.0,0.0061758,169.78788173192137
166ed026-9f24-431d-9f1a-0876f3fd41e0,1048576:13:AES-256:decrypt,0,1,AES-256,software,CBC,1048576,13,decrypt,5863100,15625000,2.664972454844707,0.0058631,178.84327403591956
166ed026-9f24-431d-9f1a-0876f3fd41e0,1048576:13:AES-256:encrypt,0,2,AES-256,aesni,CBC,1048576,13,encrypt,2121100,0,0.0,0.0021211,494.3548158974117
166ed026-9f24-431d-9f1a-0876f3fd41e0,1048576:13:AES-256:decrypt,0,3,AES-256,aesni,CBC,1048576,13,decrypt,2109500,0,0.0,0.0021095,497.0732401042901
166ed026-9f24-431d-9f1a-0876f3fd41e0,1048576:13:AES-128:encrypt,1,0,AES-128,software,CBC,1048576,13,encrypt,4472400,15625000,3.493649941865665,0.0044724,234.4548788122708
166ed026-9f24-431d-9f1a-0876f3fd41e0,1048576:13:AES-128:encrypt,1,1,AES-128,aesni,CBC,1048576,13,encrypt,1871900,0,0.0,0.0018719,560.1666755702762
166ed026-9f24-431d-9f1a-0876f3fd41e0,1048576:13:AES-128:decrypt,1,2,AES-128,software,CBC,1048576,13,decrypt,4455400,0,0.0,0.0044554,235.3494635722943
166ed026-9f24-431d-9f1a-0876f3fd41e0,1048576:13:AES-128:decrypt,1,3,AES-128,aesni,CBC,1048576,13,decrypt,1874600,0,0.0,0.0018746,559.3598634375334
166ed026-9f24-431d-9f1a-0876f3fd41e0,1048576:13:AES-192:decrypt,2,0,AES-192,aesni,CBC,1048576,13,decrypt,1948700,15625000,8.018165956791707,0.0019487,538.0900087237645
166ed026-9f24-431d-9f1a-0876f3fd41e0,1048576:13:AES-192:decrypt,2,1,AES-192,software,CBC,1048576,13,decrypt,5137400,0,0.0,0.0051374,204.10635730135866
166ed026-9f24-431d-9f1a-0876f3fd41e0,1048576:13:AES-192:encrypt,2,2,AES-192,software,CBC,1048576,13,encrypt,6743200,0,0.0,0.0067432,155.50124569937122
166ed026-9f24-431d-9f1a-0876f3fd41e0,1048576:13:AES-192:encrypt,2,3,AES-192,aesni,CBC,1048576,13,encrypt,2193100,0,0.0,0.0021931,478.1250284984725
166ed026-9f24-431d-9f1a-0876f3fd41e0,1048576:14:AES-128:encrypt,0,0,AES-128,software,CBC,1048576,14,encrypt,4700200,0,0.0,0.0047002,223.09178332836902
166ed026-9f24-431d-9f1a-0876f3fd41e0,1048576:14:AES-128:decrypt,0,1,AES-128,software,CBC,1048576,14,decrypt,4589400,0,0.0,0.0045894,228.47779666187301
166ed026-9f24-431d-9f1a-0876f3fd41e0,1048576:14:AES-128:decrypt,0,2,AES-128,aesni,CBC,1048576,14,decrypt,1850200,15625000,8.445032969408713,0.0018502,566.7365690195654
166ed026-9f24-431d-9f1a-0876f3fd41e0,1048576:14:AES-128:encrypt,0,3,AES-128,aesni,CBC,1048576,14,encrypt,1950300,0,0.0,0.0019503,537.6485668871455
166ed026-9f24-431d-9f1a-0876f3fd41e0,1048576:14:AES-256:decrypt,1,0,AES-256,aesni,CBC,1048576,14,decrypt,2151100,0,0.0,0.0021511,487.4603691134768
166ed026-9f24-431d-9f1a-0876f3fd41e0,1048576:14:AES-256:decrypt,1,1,AES-256,software,CBC,1048576,14,decrypt,6014800,15625000,2.5977588614750284,0.0060148,174.33264613952252
166ed026-9f24-431d-9f1a-0876f3fd41e0,1048576:14:AES-256:encrypt,1,2,AES-256,software,CBC,1048576,14,encrypt,5915900,0,0.0,0.0059159,177.2470799033114
166ed026-9f24-431d-9f1a-0876f3fd41e0,1048576:14:AES-256:encrypt,1,3,AES-256,aesni,CBC,1048576,14,encrypt,2235100,0,0.0,0.0022351,469.14053062502796
166ed026-9f24-431d-9f1a-0876f3fd41e0,1048576:14:AES-192:encrypt,2,0,AES-192,software,CBC,1048576,14,encrypt,5189100,15625000,3.0111194619490855,0.0051891,202.07280645969436
166ed026-9f24-431d-9f1a-0876f3fd41e0,1048576:14:AES-192:decrypt,2,1,AES-192,aesni,CBC,1048576,14,decrypt,2000700,0,0.0,0.0020007,524.104563402809
166ed026-9f24-431d-9f1a-0876f3fd41e0,1048576:14:AES-192:encrypt,2,2,AES-192,aesni,CBC,1048576,14,encrypt,2128500,0,0.0,0.0021285,492.636128729152
166ed026-9f24-431d-9f1a-0876f3fd41e0,1048576:14:AES-192:decrypt,2,3,AES-192,software,CBC,1048576,14,decrypt,5308200,0,0.0,0.0053082,197.5389020760333
166ed026-9f24-431d-9f1a-0876f3fd41e0,1048576:15:AES-192:decrypt,0,0,AES-192,software,CBC,1048576,15,decrypt,5336700,0,0.0,0.0053367,196.48396949425674
166ed026-9f24-431d-9f1a-0876f3fd41e0,1048576:15:AES-192:encrypt,0,1,AES-192,software,CBC,1048576,15,encrypt,5202000,0,0.0,0.005202,201.57170319108036
166ed026-9f24-431d-9f1a-0876f3fd41e0,1048576:15:AES-192:decrypt,0,2,AES-192,aesni,CBC,1048576,15,decrypt,1981700,15625000,7.884644497148913,0.0019817,529.1295352475148
166ed026-9f24-431d-9f1a-0876f3fd41e0,1048576:15:AES-192:encrypt,0,3,AES-192,aesni,CBC,1048576,15,encrypt,2066600,0,0.0,0.0020666,507.39185135004357
166ed026-9f24-431d-9f1a-0876f3fd41e0,1048576:15:AES-128:encrypt,1,0,AES-128,software,CBC,1048576,15,encrypt,4718800,0,0.0,0.0047188,222.2124268881919
166ed026-9f24-431d-9f1a-0876f3fd41e0,1048576:15:AES-128:decrypt,1,1,AES-128,software,CBC,1048576,15,decrypt,4587600,15625000,3.4059203069142905,0.0045876,228.5674426715494
166ed026-9f24-431d-9f1a-0876f3fd41e0,1048576:15:AES-128:encrypt,1,2,AES-128,aesni,CBC,1048576,15,encrypt,1928000,0,0.0,0.001928,543.8672199170124
166ed026-9f24-431d-9f1a-0876f3fd41e0,1048576:15:AES-128:decrypt,1,3,AES-128,aesni,CBC,1048576,15,decrypt,1858300,0,0.0,0.0018583,564.2662648657375
166ed026-9f24-431d-9f1a-0876f3fd41e0,1048576:15:AES-256:decrypt,2,0,AES-256,software,CBC,1048576,15,decrypt,5898900,15625000,2.648798928613809,0.0058989,177.75788706368985
166ed026-9f24-431d-9f1a-0876f3fd41e0,1048576:15:AES-256:encrypt,2,1,AES-256,software,CBC,1048576,15,encrypt,5974400,0,0.0,0.0059744,175.51151580074986
166ed026-9f24-431d-9f1a-0876f3fd41e0,1048576:15:AES-256:encrypt,2,2,AES-256,aesni,CBC,1048576,15,encrypt,2557100,0,0.0,0.0025571,410.0645262211099
166ed026-9f24-431d-9f1a-0876f3fd41e0,1048576:15:AES-256:decrypt,2,3,AES-256,aesni,CBC,1048576,15,decrypt,2105700,0,0.0,0.0021057,497.9702711687325
166ed026-9f24-431d-9f1a-0876f3fd41e0,1048576:16:AES-128:decrypt,0,0,AES-128,aesni,CBC,1048576,16,decrypt,1820500,0,0.0,0.0018205,575.9824224114254
166ed026-9f24-431d-9f1a-0876f3fd41e0,1048576:16:AES-128:encrypt,0,1,AES-128,software,CBC,1048576,16,encrypt,4761400,0,0.0,0.0047614,220.2243037762003
166ed026-9f24-431d-9f1a-0876f3fd41e0,1048576:16:AES-128:decrypt,0,2,AES-128,software,CBC,1048576,16,decrypt,4671900,0,0.0,0.0046719,224.44316017038037
166ed026-9f24-431d-9f1a-0876f3fd41e0,1048576:16:AES-128:encrypt,0,3,AES-128,aesni,CBC,1048576,16,encrypt,1905700,15625000,8.199086949677284,0.0019057,550.2314110300676
166ed026-9f24-431d-9f1a-0876f3fd41e0,1048576:16:AES-192:decrypt,1,0,AES-192,software,CBC,1048576,16,decrypt,5517200,0,0.0,0.0055172,190.05582541869063
166ed026-9f24-431d-9f1a-0876f3fd41e0,1048576:16:AES-192:decrypt,1,1,AES-192,aesni,CBC,1048576,16,decrypt,2009100,0,0.0,0.0020091,521.9132945099796
166ed026-9f24-431d-9f1a-0876f3fd41e0,1048576:16:AES-192:encrypt,1,2,AES-192,aesni,CBC,1048576,16,encrypt,2028200,15625000,7.703875357459816,0.0020282,516.9983236367223
166ed026-9f24-431d-9f1a-0876f3fd41e0,1048576:16:AES-192:encrypt,1,3,AES-192,software,CBC,1048576,16,encrypt,5112600,0,0.0,0.0051126,205.09642843171773
166ed026-9f24-431d-9f1a-0876f3fd41e0,1048576:16:AES-256:encrypt,2,0,AES-256,aesni,CBC,1048576,16,encrypt,2142000,0,0.0,0.002142,489.531279178338
166ed026-9f24-431d-9f1a-0876f3fd41e0,1048576:16:AES-256:decrypt,2,1,AES-256,aesni,CBC,1048576,16,decrypt,2131000,15625000,7.332238385734397,0.002131,492.05818864382917
166ed026-9f24-431d-9f1a-0876f3fd41e0,1048576:16:AES-256:decrypt,2,2,AES-256,software,CBC,1048576,16,decrypt,5930100,0,0.0,0.0059301,176.822650545522
166ed026-9f24-431d-9f1a-0876f3fd41e0,1048576:16:AES-256:encrypt,2,3,AES-256,software,CBC,1048576,16,encrypt,5961500,0,0.0,0.0059615,175.89130252453242
166ed026-9f24-431d-9f1a-0876f3fd41e0,1048576:17:AES-192:encrypt,0,0,AES-192,software,CBC,1048576,17,encrypt,5051500,0,0.0,0.0050515,207.57715530040582
166ed026-9f24-431d-9f1a-0876f3fd41e0,1048576:17:AES-192:decrypt,0,1,AES-192,software,CBC,1048576,17,decrypt,5476600,0,0.0,0.0054766,191.46477741664538
166ed026-9f24-431d-9f1a-0876f3fd41e0,1048576:17:AES-192:decrypt,0,2,AES-192,aesni,CBC,1048576,17,decrypt,1971100,15625000,7.927045811983157,0.0019711,531.9750393181472
166ed026-9f24-431d-9f1a-0876f3fd41e0,1048576:17:AES-192:encrypt,0,3,AES-192,aesni,CBC,1048576,17,encrypt,2027400,0,0.0,0.0020274,517.202328104962
166ed026-9f24-431d-9f1a-0876f3fd41e0,1048576:17:AES-128:decrypt,1,0,AES-128,software,CBC,1048576,17,decrypt,4501800,0,0.0,0.0045018,232.92371940112844
166ed026-9f24-431d-9f1a-0876f3fd41e0,1048576:17:AES-128:encrypt,1,1,AES-128,software,CBC,1048576,17,encrypt,4534500,15625000,3.445804388576469,0.0045345,231.24401808358144
166ed026-9f24-431d-9f1a-0876f3fd41e0,1048576:17:AES-128:decrypt,1,2,AES-128,aesni,CBC,1048576,17,decrypt,1823500,0,0.0,0.0018235,575.0348231423087
166ed026-9f24-431d-9f1a-0876f3fd41e0,1048576:17:AES-128:encrypt,1,3,AES-128,aesni,CBC,1048576,17,encrypt,1900500,0,0.0,0.0019005,551.7369113391213
166ed026-9f24-431d-9f1a-0876f3fd41e0,1048576:17:AES-256:decrypt,2,0,AES-256,software,CBC,1048576,17,decrypt,5952000,15625000,2.625168010752688,0.005952,176.1720430107527
166ed026-9f24-431d-9f1a-0876f3fd41e0,1048576:17:AES-256:encrypt,2,1,AES-256,aesni,CBC,1048576,17,encrypt,2153200,0,0.0,0.0021532,486.9849526286457
166ed026-9f24-431d-9f1a-0876f3fd41e0,1048576:17:AES-256:encrypt,2,2,AES-256,software,CBC,1048576,17,encrypt,5731900,0,0.0,0.0057319,182.9368970149514
166ed026-9f24-431d-9f1a-0876f3fd41e0,1048576:17:AES-256:decrypt,2,3,AES-256,aesni,CBC,1048576,17,decrypt,2088100,0,0.0,0.0020881,502.16752071260953
166ed026-9f24-431d-9f1a-0876f3fd41e0,1048576:18:AES-256:decrypt,0,0,AES-256,software,CBC,1048576,18,decrypt,5887200,0,0.0,0.0058872,178.11115640712055
166ed026-9f24-431d-9f1a-0876f3fd41e0,1048576:18:AES-256:encrypt,0,1,AES-256,aesni,CBC,1048576,18,encrypt,2137800,0,0.0,0.0021378,490.49303021798113
166ed026-9f24-431d-9f1a-0876f3fd41e0,1048576:18:AES-256:decrypt,0,2,AES-256,aesni,CBC,1048576,18,decrypt,2091000,0,0.0,0.002091,501.47106647537066
166ed026-9f24-431d-9f1a-0876f3fd41e0,1048576:18:AES-256:encrypt,0,3,AES-256,software,CBC,1048576,18,encrypt,5911500,15625000,2.643153176012856,0.0059115,177.37900702021483
166ed026-9f24-431d-9f1a-0876f3fd41e0,1048576:18:AES-128:encrypt,1,0,AES-128,software,CBC,1048576,18,encrypt,4528800,0,0.0,0.0045288,231.53506447624093
166ed026-9f24-431d-9f1a-0876f3fd41e0,1048576:18:AES-128:decrypt,1,1,AES-128,software,CBC,1048576,18,decrypt,4579200,15625000,3.412168064290706,0.0045792,228.98672257162823
166ed026-9f24-431d-9f1a-0876f3fd41e0,1048576:18:AES-128:decrypt,1,2,AES-128,aesni,CBC,1048576,18,decrypt,1840900,0,0.0,0.0018409,569.5996523439622
166ed026-9f24-431d-9f1a-0876f3fd41e0,1048576:18:AES-128:encrypt,1,3,AES-128,aesni,CBC,1048576,18,encrypt,1908800,0,0.0,0.0019088,549.3378038558257
166ed026-9f24-431d-9f1a-0876f3fd41e0,1048576:18:AES-192:encrypt,2,0,AES-192,aesni,CBC,1048576,18,encrypt,2032800,0,0.0,0.0020328,515.8284140102322
166ed026-9f24-431d-9f1a-0876f3fd41e0,1048576:18:AES-192:decrypt,2,1,AES-192,aesni,CBC,1048576,18,decrypt,2002100,0,0.0,0.0020021,523.7380750212277
166ed026-9f24-431d-9f1a-0876f3fd41e0,1048576:18:AES-192:decrypt,2,2,AES-192,software,CBC,1048576,18,decrypt,5830000,15625000,2.6801029159519727,0.00583,179.85866209262434
166ed026-9f24-431d-9f1a-0876f3fd41e0,1048576:18:AES-192:encrypt,2,3,AES-192,software,CBC,1048576,18,encrypt,5324700,0,0.0,0.0053247,196.92677521738315
166ed026-9f24-431d-9f1a-0876f3fd41e0,1048576:19:AES-192:decrypt,0,0,AES-192,aesni,CBC,1048576,19,decrypt,1966300,0,0.0,0.0019663,533.2736611910696
166ed026-9f24-431d-9f1a-0876f3fd41e0,1048576:19:AES-192:decrypt,0,1,AES-192,software,CBC,1048576,19,decrypt,5198000,0,0.0,0.005198,201.72681800692575
166ed026-9f24-431d-9f1a-0876f3fd41e0,1048576:19:AES-192:encrypt,0,2,AES-192,aesni,CBC,1048576,19,encrypt,2019800,0,0.0,0.0020198,519.148430537677
166ed026-9f24-431d-9f1a-0876f3fd41e0,1048576:19:AES-192:encrypt,0,3,AES-192,software,CBC,1048576,19,encrypt,5068300,0,0.0,0.0050683,206.88909496280803
166ed026-9f24-431d-9f1a-0876f3fd41e0,1048576:19:AES-128:decrypt,1,0,AES-128,software,CBC,1048576,19,decrypt,4545900,0,0.0,0.0045459,230.66411491673816
166ed026-9f24-431d-9f1a-0876f3fd41e0,1048576:19:AES-128:encrypt,1,1,AES-128,aesni,CBC,1048576,19,encrypt,1907600,0,0.0,0.0019076,549.6833717760537
166ed026-9f24-431d-9f1a-0876f3fd41e0,1048576:19:AES-128:decrypt,1,2,AES-128,aesni,CBC,1048576,19,decrypt,1827400,0,0.0,0.0018274,573.8075954908613
166ed026-9f24-431d-9f1a-0876f3fd41e0,1048576:19:AES-128:encrypt,1,3,AES-128,software,CBC,1048576,19,encrypt,4862100,15625000,3.2136319697250157,0.0048621,215.66319080232822
166ed026-9f24-431d-9f1a-0876f3fd41e0,1048576:19:AES-256:decrypt,2,0,AES-256,aesni,CBC,1048576,19,decrypt,2148300,0,0.0,0.0021483,488.09570357957455
166ed026-9f24-431d-9f1a-0876f3fd41e0,1048576:19:AES-256:encrypt,2,1,AES-256,aesni,CBC,1048576,19,encrypt,2180200,0,0.0,0.0021802,480.95404091367766
166ed026-9f24-431d-9f1a-0876f3fd41e0,1048576:19:AES-256:encrypt,2,2,AES-256,software,CBC,1048576,19,encrypt,6171500,15625000,2.531799400469902,0.0061715,169.9061816414162
166ed026-9f24-431d-9f1a-0876f3fd41e0,1048576:19:AES-256:decrypt,2,3,AES-256,software,CBC,1048576,19,decrypt,5943100,0,0.0,0.0059431,176.43586680352004
