session_id,seed,algorithm,operation,backend,profile,measurement,host_memory,mode,bytes,repeat,pair_id,pair_sha256,job_order,global_order,validation_checked,resident_iterations,kernel_throughput_MB_s,end_to_end_throughput_MB_s,kernel_seconds,end_to_end_seconds,h2d_ns,kernel_ns,d2h_ns,transfer_ns,end_to_end_ns,wall_elapsed_ns,seconds,throughput_MB_s,process_cpu_ns,process_to_wall_ratio,resident_batch_ns
3360d814-a7e0-4cb6-90e9-6baac00bb485,2005,AES-128,encrypt,cpu_software,software,transform,bytes,CTR,1024,0,1024:CTR:0,81819eaf82587ac6bbff8805734ea61e073f73e2470f1c0922637d95d671ddd2,0,0,True,,,,,,,,,,,7500,7.5e-06,136.53333333333333,0,0.0,
3360d814-a7e0-4cb6-90e9-6baac00bb485,2005,AES-128,encrypt,cuda_optimized_v1,optimized,resident,pinned,CTR,1024,0,1024:CTR:0,81819eaf82587ac6bbff8805734ea61e073f73e2470f1c0922637d95d671ddd2,1,1,True,1,19.52409977851257,,5.244800075888634e-05,,,52448.00075888634,,,,,,,,,52448.00075888634
3360d814-a7e0-4cb6-90e9-6baac00bb485,2005,AES-128,encrypt,cuda_baseline,baseline,pipeline,pinned,CTR,1024,0,1024:CTR:0,81819eaf82587ac6bbff8805734ea61e073f73e2470f1c0922637d95d671ddd2,2,2,True,,18.757327610739907,5.426603073661897,5.459199845790863e-05,0.0001887,42000,54591.99845790863,40000,82000,188700,,,,,,
3360d814-a7e0-4cb6-90e9-6baac00bb485,2005,AES-128,encrypt,cuda_baseline,baseline,resident,pinned,CTR,1024,0,1024:CTR:0,81819eaf82587ac6bbff8805734ea61e073f73e2470f1c0922637d95d671ddd2,3,3,True,1,21.08036843868728,,4.85760010778904e-05,,,48576.001077890396,,,,,,,,,48576.001077890396
3360d814-a7e0-4cb6-90e9-6baac00bb485,2005,AES-128,encrypt,cuda_optimized_v1,optimized,pipeline,pinned,CTR,1024,0,1024:CTR:0,81819eaf82587ac6bbff8805734ea61e073f73e2470f1c0922637d95d671ddd2,4,4,True,,21.82810387740847,5.676274944567628,4.691199958324432e-05,0.0001804,40200,46911.999583244324,43400,83600,180400,,,,,,
3360d814-a7e0-4cb6-90e9-6baac00bb485,2005,AES-128,encrypt,cpu_aesni,aesni,transform,bytes,CTR,1024,0,1024:CTR:0,81819eaf82587ac6bbff8805734ea61e073f73e2470f1c0922637d95d671ddd2,5,5,True,,,,,,,,,,,6400,6.4e-06,160.0,0,0.0,
3360d814-a7e0-4cb6-90e9-6baac00bb485,2005,AES-128,encrypt,cpu_aesni,aesni,transform,bytes,ECB,1024,0,1024:ECB:0,d172763d8726aa85dd5d09e4d7c736648dbf874fab02950256b02d3cf43aa63f,0,6,True,,,,,,,,,,,3400,3.4e-06,301.1764705882353,0,0.0,
3360d814-a7e0-4cb6-90e9-6baac00bb485,2005,AES-128,encrypt,cuda_optimized_v1,optimized,pipeline,pinned,ECB,1024,0,1024:ECB:0,d172763d8726aa85dd5d09e4d7c736648dbf874fab02950256b02d3cf43aa63f,1,7,True,,20.050124741202037,5.517241379310345,5.1072001457214356e-05,0.0001856,41200,51072.001457214355,42000,83200,185600,,,,,,
3360d814-a7e0-4cb6-90e9-6baac00bb485,2005,AES-128,encrypt,cpu_software,software,transform,bytes,ECB,1024,0,1024:ECB:0,d172763d8726aa85dd5d09e4d7c736648dbf874fab02950256b02d3cf43aa63f,2,8,True,,,,,,,,,,,8400,8.4e-06,121.9047619047619,0,0.0,
3360d814-a7e0-4cb6-90e9-6baac00bb485,2005,AES-128,encrypt,cuda_baseline,baseline,pipeline,pinned,ECB,1024,0,1024:ECB:0,d172763d8726aa85dd5d09e4d7c736648dbf874fab02950256b02d3cf43aa63f,3,9,True,,19.417476012933403,5.281072717895823,5.273599922657013e-05,0.0001939,41800,52735.99922657013,45200,87000,193900,,,,,,
3360d814-a7e0-4cb6-90e9-6baac00bb485,2005,AES-128,encrypt,cuda_optimized_v1,optimized,resident,pinned,ECB,1024,0,1024:ECB:0,d172763d8726aa85dd5d09e4d7c736648dbf874fab02950256b02d3cf43aa63f,4,10,True,1,21.31912029293538,,4.80320006608963e-05,,,48032.0006608963,,,,,,,,,48032.0006608963
3360d814-a7e0-4cb6-90e9-6baac00bb485,2005,AES-128,encrypt,cuda_baseline,baseline,resident,pinned,ECB,1024,0,1024:ECB:0,d172763d8726aa85dd5d09e4d7c736648dbf874fab02950256b02d3cf43aa63f,5,11,True,1,20.499679536737126,,4.995200037956238e-05,,,49952.00037956238,,,,,,,,,49952.00037956238
3360d814-a7e0-4cb6-90e9-6baac00bb485,2005,AES-128,encrypt,cuda_baseline,baseline,resident,pinned,CTR,1024,1,1024:CTR:1,d26a4bd2e6d52f6123fbecb9382724479dc473d18050baa890b19f388f308221,0,12,True,1,19.40570061932387,,5.2767999470233916e-05,,,52767.99947023392,,,,,,,,,52767.99947023392
3360d814-a7e0-4cb6-90e9-6baac00bb485,2005,AES-128,encrypt,cuda_optimized_v1,optimized,pipeline,pinned,CTR,1024,1,1024:CTR:1,d26a4bd2e6d52f6123fbecb9382724479dc473d18050baa890b19f388f308221,1,13,True,,18.746339051346727,5.505376344086022,5.462399870157242e-05,0.000186,40800,54623.99870157242,40300,81100,186000,,,,,,
3360d814-a7e0-4cb6-90e9-6baac00bb485,2005,AES-128,encrypt,cpu_aesni,aesni,transform,bytes,CTR,1024,1,1024:CTR:1,d26a4bd2e6d52f6123fbecb9382724479dc473d18050baa890b19f388f308221,2,14,True,,,,,,,,,,,6400,6.4e-06,160.0,0,0.0,
3360d814-a7e0-4cb6-90e9-6baac00bb485,2005,AES-128,encrypt,cuda_optimized_v1,optimized,resident,pinned,CTR,1024,1,1024:CTR:1,d26a4bd2e6d52f6123fbecb9382724479dc473d18050baa890b19f388f308221,3,15,True,1,21.97802156673752,,4.659200087189674e-05,,,46592.000871896744,,,,,,,,,46592.000871896744
3360d814-a7e0-4cb6-90e9-6baac00bb485,2005,AES-128,encrypt,cpu_software,software,transform,bytes,CTR,1024,1,1024:CTR:1,d26a4bd2e6d52f6123fbecb9382724479dc473d18050baa890b19f388f308221,4,16,True,,,,,,,,,,,8800,8.8e-06,116.36363636363636,0,0.0,
3360d814-a7e0-4cb6-90e9-6baac00bb485,2005,AES-128,encrypt,cuda_baseline,baseline,pipeline,pinned,CTR,1024,1,1024:CTR:1,d26a4bd2e6d52f6123fbecb9382724479dc473d18050baa890b19f388f308221,5,17,True,,19.937694733204008,5.620197585071351,5.1359999924898145e-05,0.0001822,39600,51359.99992489815,41800,81400,182200,,,,,,
3360d814-a7e0-4cb6-90e9-6baac00bb485,2005,AES-128,encrypt,cuda_baseline,baseline,resident,pinned,ECB,1024,1,1024:ECB:1,b5d110375adf8318a135162b7967dad60ac8d51f49402adc52626915e5fb7a31,0,18,True,1,19.950124812176867,,5.132799968123436e-05,,,51327.99968123436,,,,,,,,,51327.99968123436
3360d814-a7e0-4cb6-90e9-6baac00bb485,2005,AES-128,encrypt,cpu_aesni,aesni,transform,bytes,ECB,1024,1,1024:ECB:1,b5d110375adf8318a135162b7967dad60ac8d51f49402adc52626915e5fb7a31,1,19,True,,,,,,,,,,,5600,5.6e-06,182.85714285714286,0,0.0,
3360d814-a7e0-4cb6-90e9-6baac00bb485,2005,AES-128,encrypt,cuda_optimized_v1,optimized,pipeline,pinned,ECB,1024,1,1024:ECB:1,b5d110375adf8318a135162b7967dad60ac8d51f49402adc52626915e5fb7a31,2,20,True,,19.207683113859705,5.473009086050241,5.331199988722801e-05,0.0001871,40500,53311.99988722801,41400,81900,187100,,,,,,
3360d814-a7e0-4cb6-90e9-6baac00bb485,2005,AES-128,encrypt,cuda_baseline,baseline,pipeline,pinned,ECB,1024,1,1024:ECB:1,b5d110375adf8318a135162b7967dad60ac8d51f49402adc52626915e5fb7a31,3,21,True,,21.709632944555665,5.617114646187603,4.716800153255463e-05,0.0001823,39800,47168.00153255463,41000,80800,182300,,,,,,
3360d814-a7e0-4cb6-90e9-6baac00bb485,2005,AES-128,encrypt,cuda_optimized_v1,optimized,resident,pinned,ECB,1024,1,1024:ECB:1,b5d110375adf8318a135162b7967dad60ac8d51f49402adc52626915e5fb7a31,4,22,True,1,21.333333147896663,,4.8000000417232514e-05,,,48000.00041723251,,,,,,,,,48000.00041723251
3360d814-a7e0-4cb6-90e9-6baac00bb485,2005,AES-128,encrypt,cpu_software,software,transform,bytes,ECB,1024,1,1024:ECB:1,b5d110375adf8318a135162b7967dad60ac8d51f49402adc52626915e5fb7a31,5,23,True,,,,,,,,,,,8800,8.8e-06,116.36363636363636,0,0.0,
3360d814-a7e0-4cb6-90e9-6baac00bb485,2005,AES-128,encrypt,cuda_optimized_v1,optimized,pipeline,pinned,CTR,1024,2,1024:CTR:2,f54d65f89a2f282dcfdb73d7d8205ee69f7c78d2b6b0733ce1f12282a4578ff9,0,24,True,,20.138451954905584,5.5501355013550135,5.0847999751567844e-05,0.0001845,40300,50847.99975156784,41300,81600,184500,,,,,,
3360d814-a7e0-4cb6-90e9-6baac00bb485,2005,AES-128,encrypt,cuda_baseline,baseline,pipeline,pinned,CTR,1024,2,1024:CTR:2,f54d65f89a2f282dcfdb73d7d8205ee69f7c78d2b6b0733ce1f12282a4578ff9,1,25,True,,19.875775956476577,5.380977404098791,5.152000114321709e-05,0.0001903,46800,51520.00114321709,40800,87600,190300,,,,,,
3360d814-a7e0-4cb6-90e9-6baac00bb485,2005,AES-128,encrypt,cpu_software,software,transform,bytes,CTR,1024,2,1024:CTR:2,f54d65f89a2f282dcfdb73d7d8205ee69f7c78d2b6b0733ce1f12282a4578ff9,2,26,True,,,,,,,,,,,8700,8.7e-06,117.70114942528735,0,0.0,
3360d814-a7e0-4cb6-90e9-6baac00bb485,2005,AES-128,encrypt,cuda_baseline,baseline,resident,pinned,CTR,1024,2,1024:CTR:2,f54d65f89a2f282dcfdb73d7d8205ee69f7c78d2b6b0733ce1f12282a4578ff9,3,27,True,1,20.956123312111234,,4.886399954557419e-05,,,48863.99954557419,,,,,,,,,48863.99954557419
3360d814-a7e0-4cb6-90e9-6baac00bb485,2005,AES-128,encrypt,cuda_optimized_v1,optimized,resident,pinned,CTR,1024,2,1024:CTR:2,f54d65f89a2f282dcfdb73d7d8205ee69f7c78d2b6b0733ce1f12282a4578ff9,4,28,True,1,20.658488855807263,,4.956800118088722e-05,,,49568.00118088722,,,,,,,,,49568.00118088722
3360d814-a7e0-4cb6-90e9-6baac00bb485,2005,AES-128,encrypt,cpu_aesni,aesni,transform,bytes,CTR,1024,2,1024:CTR:2,f54d65f89a2f282dcfdb73d7d8205ee69f7c78d2b6b0733ce1f12282a4578ff9,5,29,True,,,,,,,,,,,6200,6.2e-06,165.16129032258064,0,0.0,
3360d814-a7e0-4cb6-90e9-6baac00bb485,2005,AES-128,encrypt,cuda_optimized_v1,optimized,resident,pinned,ECB,1024,2,1024:ECB:2,2564676a170bad5e49c2aca6362f9ff36c5732e7d4a977be1b38c6b8d42911fa,0,30,True,1,21.13606336315252,,4.8448000103235245e-05,,,48448.000103235245,,,,,,,,,48448.000103235245
3360d814-a7e0-4cb6-90e9-6baac00bb485,2005,AES-128,encrypt,cpu_software,software,transform,bytes,ECB,1024,2,1024:ECB:2,2564676a170bad5e49c2aca6362f9ff36c5732e7d4a977be1b38c6b8d42911fa,1,31,True,,,,,,,,,,,8700,8.7e-06,117.70114942528735,0,0.0,
3360d814-a7e0-4cb6-90e9-6baac00bb485,2005,AES-128,encrypt,cuda_baseline,baseline,resident,pinned,ECB,1024,2,1024:ECB:2,2564676a170bad5e49c2aca6362f9ff36c5732e7d4a977be1b38c6b8d42911fa,2,32,True,1,19.42926570585502,,5.270399898290634e-05,,,52703.99898290634,,,,,,,,,52703.99898290634
3360d814-a7e0-4cb6-90e9-6baac00bb485,2005,AES-128,encrypt,cuda_baseline,baseline,pipeline,pinned,ECB,1024,2,1024:ECB:2,2564676a170bad5e49c2aca6362f9ff36c5732e7d4a977be1b38c6b8d42911fa,3,33,True,,19.047619198826975,5.4788657035848045,5.3759999573230744e-05,0.0001869,41800,53759.99957323074,41900,83700,186900,,,,,,
3360d814-a7e0-4cb6-90e9-6baac00bb485,2005,AES-128,encrypt,cuda_optimized_v1,optimized,pipeline,pinned,ECB,1024,2,1024:ECB:2,2564676a170bad5e49c2aca6362f9ff36c5732e7d4a977be1b38c6b8d42911fa,4,34,True,,20.671834234210927,5.580381471389646,4.953600093722343e-05,0.0001835,39300,49536.000937223434,45200,84500,183500,,,,,,
3360d814-a7e0-4cb6-90e9-6baac00bb485,2005,AES-128,encrypt,cpu_aesni,aesni,transform,bytes,ECB,1024,2,1024:ECB:2,2564676a170bad5e49c2aca6362f9ff36c5732e7d4a977be1b38c6b8d42911fa,5,35,True,,,,,,,,,,,6300,6.3e-06,162.53968253968253,0,0.0,
3360d814-a7e0-4cb6-90e9-6baac00bb485,2005,AES-128,encrypt,cpu_software,software,transform,bytes,ECB,1024,3,1024:ECB:3,9e06fcefaa324f0fe6596c33db2c3711520bff926764adfa8201f42f5a1ab01f,0,36,True,,,,,,,,,,,6600,6.6e-06,155.15151515151516,0,0.0,
3360d814-a7e0-4cb6-90e9-6baac00bb485,2005,AES-128,encrypt,cuda_baseline,baseline,resident,pinned,ECB,1024,3,1024:ECB:3,9e06fcefaa324f0fe6596c33db2c3711520bff926764adfa8201f42f5a1ab01f,1,37,True,1,21.694914437819776,,4.7200001776218416e-05,,,47200.001776218414,,,,,,,,,47200.001776218414
3360d814-a7e0-4cb6-90e9-6baac00bb485,2005,AES-128,encrypt,cuda_optimized_v1,optimized,pipeline,pinned,ECB,1024,3,1024:ECB:3,9e06fcefaa324f0fe6596c33db2c3711520bff926764adfa8201f42f5a1ab01f,2,38,True,,21.519838160315402,5.644983461962513,4.758400097489357e-05,0.0001814,40800,47584.00097489357,44000,84800,181400,,,,,,
3360d814-a7e0-4cb6-90e9-6baac00bb485,2005,AES-128,encrypt,cuda_baseline,baseline,pipeline,pinned,ECB,1024,3,1024:ECB:3,9e06fcefaa324f0fe6596c33db2c3711520bff926764adfa8201f42f5a1ab01f,3,39,True,,17.130620790554755,4.2139917695473255,5.9776000678539275e-05,0.000243,53100,59776.000678539276,60500,113600,243000,,,,,,
3360d814-a7e0-4cb6-90e9-6baac00bb485,2005,AES-128,encrypt,cpu_aesni,aesni,transform,bytes,ECB,1024,3,1024:ECB:3,9e06fcefaa324f0fe6596c33db2c3711520bff926764adfa8201f42f5a1ab01f,4,40,True,,,,,,,,,,,10600,1.06e-05,96.60377358490567,0,0.0,
3360d814-a7e0-4cb6-90e9-6baac00bb485,2005,AES-128,encrypt,cuda_optimized_v1,optimized,resident,pinned,ECB,1024,3,1024:ECB:3,9e06fcefaa324f0fe6596c33db2c3711520bff926764adfa8201f42f5a1ab01f,5,41,True,1,18.244014015236868,,5.6127998977899554e-05,,,56127.99897789955,,,,,,,,,56127.99897789955
3360d814-a7e0-4cb6-90e9-6baac00bb485,2005,AES-128,encrypt,cuda_optimized_v1,optimized,resident,pinned,CTR,1024,3,1024:CTR:3,b113d96ef3abf3a2fff76585bd7741ea126d9a682ea406cabc88e0bc25f9567c,0,42,True,1,20.00000050524251,,5.119999870657921e-05,,,51199.99870657921,,,,,,,,,51199.99870657921
3360d814-a7e0-4cb6-90e9-6baac00bb485,2005,AES-128,encrypt,cuda_optimized_v1,optimized,pipeline,pinned,CTR,1024,3,1024:CTR:3,b113d96ef3abf3a2fff76585bd7741ea126d9a682ea406cabc88e0bc25f9567c,1,43,True,,18.06888782703273,5.313959522573949,5.6671999394893644e-05,0.0001927,41400,56671.999394893646,42100,83500,192700,,,,,,
3360d814-a7e0-4cb6-90e9-6baac00bb485,2005,AES-128,encrypt,cpu_software,software,transform,bytes,CTR,1024,3,1024:CTR:3,b113d96ef3abf3a2fff76585bd7741ea126d9a682ea406cabc88e0bc25f9567c,2,44,True,,,,,,,,,,,10500,1.05e-05,97.52380952380952,0,0.0,
3360d814-a7e0-4cb6-90e9-6baac00bb485,2005,AES-128,encrypt,cuda_baseline,baseline,resident,pinned,CTR,1024,3,1024:CTR:3,b113d96ef3abf3a2fff76585bd7741ea126d9a682ea406cabc88e0bc25f9567c,3,45,True,1,19.595836148533404,,5.225599929690361e-05,,,52255.99929690361,,,,,,,,,52255.99929690361
3360d814-a7e0-4cb6-90e9-6baac00bb485,2005,AES-128,encrypt,cpu_aesni,aesni,transform,bytes,CTR,1024,3,1024:CTR:3,b113d96ef3abf3a2fff76585bd7741ea126d9a682ea406cabc88e0bc25f9567c,4,46,True,,,,,,,,,,,7600,7.6e-06,134.73684210526315,0,0.0,
3360d814-a7e0-4cb6-90e9-6baac00bb485,2005,AES-128,encrypt,cuda_baseline,baseline,pipeline,pinned,CTR,1024,3,1024:CTR:3,b113d96ef3abf3a2fff76585bd7741ea126d9a682ea406cabc88e0bc25f9567c,5,47,True,,19.036287988653488,5.461333333333333,5.379199981689453e-05,0.0001875,39300,53791.99981689453,42500,81800,187500,,,,,,
3360d814-a7e0-4cb6-90e9-6baac00bb485,2005,AES-128,encrypt,cpu_aesni,aesni,transform,bytes,CTR,1024,4,1024:CTR:4,b79dc9a733fa1c6cf65dc035f0742a40ae29a7f4a638ba2828c8b13db10eb729,0,48,True,,,,,,,,,,,4700,4.7e-06,217.87234042553192,0,0.0,
3360d814-a7e0-4cb6-90e9-6baac00bb485,2005,AES-128,encrypt,cpu_software,software,transform,bytes,CTR,1024,4,1024:CTR:4,b79dc9a733fa1c6cf65dc035f0742a40ae29a7f4a638ba2828c8b13db10eb729,1,49,True,,,,,,,,,,,7100,7.1e-06,144.22535211267606,0,0.0,
3360d814-a7e0-4cb6-90e9-6baac00bb485,2005,AES-128,encrypt,cuda_optimized_v1,optimized,resident,pinned,CTR,1024,4,1024:CTR:4,b79dc9a733fa1c6cf65dc035f0742a40ae29a7f4a638ba2828c8b13db10eb729,2,50,True,1,20.025031986458522,,5.113599821925163e-05,,,51135.99821925163,,,,,,,,,51135.99821925163
3360d814-a7e0-4cb6-90e9-6baac00bb485,2005,AES-128,encrypt,cuda_baseline,baseline,resident,pinned,CTR,1024,4,1024:CTR:4,b79dc9a733fa1c6cf65dc035f0742a40ae29a7f4a638ba2828c8b13db10eb729,3,51,True,1,20.55234449724132,,4.982399940490723e-05,,,49823.99940490723,,,,,,,,,49823.99940490723
3360d814-a7e0-4cb6-90e9-6baac00bb485,2005,AES-128,encrypt,cuda_optimized_v1,optimized,pipeline,pinned,CTR,1024,4,1024:CTR:4,b79dc9a733fa1c6cf65dc035f0742a40ae29a7f4a638ba2828c8b13db10eb729,4,52,True,,21.476509298732097,5.571273122959739,4.7680001705884936e-05,0.0001838,40200,47680.00170588493,45800,86000,183800,,,,,,
3360d814-a7e0-4cb6-90e9-6baac00bb485,2005,AES-128,encrypt,cuda_baseline,baseline,pipeline,pinned,CTR,1024,4,1024:CTR:4,b79dc9a733fa1c6cf65dc035f0742a40ae29a7f4a638ba2828c8b13db10eb729,5,53,True,,19.196160720744224,5.535135135135135,5.33440001308918e-05,0.000185,39800,53344.0001308918,43000,82800,185000,,,,,,
3360d814-a7e0-4cb6-90e9-6baac00bb485,2005,AES-128,encrypt,cuda_baseline,baseline,pipeline,pinned,ECB,1024,4,1024:ECB:4,23b53edb89f3a4f0824eb26c74902c1d9fd902dec83f7c45ba084e3420c96c90,0,54,True,,18.64801834423223,5.441020191285866,5.491200089454651e-05,0.0001882,40200,54912.00089454651,42100,82300,188200,,,,,,
3360d814-a7e0-4cb6-90e9-6baac00bb485,2005,AES-128,encrypt,cpu_aesni,aesni,transform,bytes,ECB,1024,4,1024:ECB:4,23b53edb89f3a4f0824eb26c74902c1d9fd902dec83f7c45ba084e3420c96c90,1,55,True,,,,,,,,,,,5400,5.4e-06,189.62962962962962,0,0.0,
3360d814-a7e0-4cb6-90e9-6baac00bb485,2005,AES-128,encrypt,cuda_optimized_v1,optimized,pipeline,pinned,ECB,1024,4,1024:ECB:4,23b53edb89f3a4f0824eb26c74902c1d9fd902dec83f7c45ba084e3420c96c90,2,56,True,,21.13606336315252,5.623283909939594,4.8448000103235245e-05,0.0001821,40400,48448.000103235245,41800,82200,182100,,,,,,
3360d814-a7e0-4cb6-90e9-6baac00bb485,2005,AES-128,encrypt,cuda_baseline,baseline,resident,pinned,ECB,1024,4,1024:ECB:4,23b53edb89f3a4f0824eb26c74902c1d9fd902dec83f7c45ba084e3420c96c90,3,57,True,1,18.57225806905827,,5.5135998874902726e-05,,,55135.998874902725,,,,,,,,,55135.998874902725
3360d814-a7e0-4cb6-90e9-6baac00bb485,2005,AES-128,encrypt,cpu_software,software,transform,bytes,ECB,1024,4,1024:ECB:4,23b53edb89f3a4f0824eb26c74902c1d9fd902dec83f7c45ba084e3420c96c90,4,58,True,,,,,,,,,,,9500,9.5e-06,107.78947368421052,0,0.0,
3360d814-a7e0-4cb6-90e9-6baac00bb485,2005,AES-128,encrypt,cuda_optimized_v1,optimized,resident,pinned,ECB,1024,4,1024:ECB:4,23b53edb89f3a4f0824eb26c74902c1d9fd902dec83f7c45ba084e3420c96c90,5,59,True,1,16.701461051389526,,6.131200119853019e-05,,,61312.0011985302,,,,,,,,,61312.0011985302
3360d814-a7e0-4cb6-90e9-6baac00bb485,2005,AES-128,encrypt,cpu_aesni,aesni,transform,bytes,CTR,1024,5,1024:CTR:5,d805d8dc7585bc7971ba2e69979c4123bdc630094f6471b575a3354e7a2e07c8,0,60,True,,,,,,,,,,,5200,5.2e-06,196.92307692307693,0,0.0,
3360d814-a7e0-4cb6-90e9-6baac00bb485,2005,AES-128,encrypt,cuda_optimized_v1,optimized,resident,pinned,CTR,1024,5,1024:CTR:5,d805d8dc7585bc7971ba2e69979c4123bdc630094f6471b575a3354e7a2e07c8,1,61,True,1,21.024967870593887,,4.8703998327255246e-05,,,48703.99832725525,,,,,,,,,48703.99832725525
3360d814-a7e0-4cb6-90e9-6baac00bb485,2005,AES-128,encrypt,cuda_optimized_v1,optimized,pipeline,pinned,CTR,1024,5,1024:CTR:5,d805d8dc7585bc7971ba2e69979c4123bdc630094f6471b575a3354e7a2e07c8,2,62,True,,20.792723077291985,5.475935828877005,4.924799874424934e-05,0.000187,41100,49247.998744249344,44100,85200,187000,,,,,,
3360d814-a7e0-4cb6-90e9-6baac00bb485,2005,AES-128,encrypt,cuda_baseline,baseline,resident,pinned,CTR,1024,5,1024:CTR:5,d805d8dc7585bc7971ba2e69979c4123bdc630094f6471b575a3354e7a2e07c8,3,63,True,1,19.950124812176867,,5.132799968123436e-05,,,51327.99968123436,,,,,,,,,51327.99968123436
3360d814-a7e0-4cb6-90e9-6baac00bb485,2005,AES-128,encrypt,cpu_software,software,transform,bytes,CTR,1024,5,1024:CTR:5,d805d8dc7585bc7971ba2e69979c4123bdc630094f6471b575a3354e7a2e07c8,4,64,True,,,,,,,,,,,9200,9.2e-06,111.30434782608695,0,0.0,
3360d814-a7e0-4cb6-90e9-6baac00bb485,2005,AES-128,encrypt,cuda_baseline,baseline,pipeline,pinned,CTR,1024,5,1024:CTR:5,d805d8dc7585bc7971ba2e69979c4123bdc630094f6471b575a3354e7a2e07c8,5,65,True,,19.02497025207862,5.5471289274106175,5.382400006055832e-05,0.0001846,39400,53824.00006055832,40400,79800,184600,,,,,,
3360d814-a7e0-4cb6-90e9-6baac00bb485,2005,AES-128,encrypt,cpu_aesni,aesni,transform,bytes,ECB,1024,5,1024:ECB:5,46815d1f028024e541a10b7331d884f098b9a224a476efdec14d97251d1588f2,0,66,True,,,,,,,,,,,4300,4.3e-06,238.13953488372093,0,0.0,
3360d814-a7e0-4cb6-90e9-6baac00bb485,2005,AES-128,encrypt,cuda_baseline,baseline,pipeline,pinned,ECB,1024,5,1024:ECB:5,46815d1f028024e541a10b7331d884f098b9a224a476efdec14d97251d1588f2,1,67,True,,21.108179162563783,5.4788657035848045,4.851200059056282e-05,0.0001869,46000,48512.00059056282,40300,86300,186900,,,,,,
3360d814-a7e0-4cb6-90e9-6baac00bb485,2005,AES-128,encrypt,cuda_optimized_v1,optimized,pipeline,pinned,ECB,1024,5,1024:ECB:5,46815d1f028024e541a10b7331d884f098b9a224a476efdec14d97251d1588f2,2,68,True,,4.585841183342886,2.8209366391184574,0.00022329600155353546,0.000363,40300,223296.00155353546,47400,87700,363000,,,,,,
3360d814-a7e0-4cb6-90e9-6baac00bb485,2005,AES-128,encrypt,cuda_optimized_v1,optimized,resident,pinned,ECB,1024,5,1024:ECB:5,46815d1f028024e541a10b7331d884f098b9a224a476efdec14d97251d1588f2,3,69,True,1,21.12211206008168,,4.848000034689903e-05,,,48480.00034689903,,,,,,,,,48480.00034689903
3360d814-a7e0-4cb6-90e9-6baac00bb485,2005,AES-128,encrypt,cpu_software,software,transform,bytes,ECB,1024,5,1024:ECB:5,46815d1f028024e541a10b7331d884f098b9a224a476efdec14d97251d1588f2,4,70,True,,,,,,,,,,,8900,8.9e-06,115.0561797752809,0,0.0,
3360d814-a7e0-4cb6-90e9-6baac00bb485,2005,AES-128,encrypt,cuda_baseline,baseline,resident,pinned,ECB,1024,5,1024:ECB:5,46815d1f028024e541a10b7331d884f098b9a224a476efdec14d97251d1588f2,5,71,True,1,19.50030422947992,,5.2512001246213915e-05,,,52512.00124621391,,,,,,,,,52512.00124621391
3360d814-a7e0-4cb6-90e9-6baac00bb485,2005,AES-128,encrypt,cuda_baseline,baseline,resident,pinned,CTR,1024,6,1024:CTR:6,b5c6b029611c93195b5603b60c5b77e90cd2b1e58835322d5d3b4c9cdaaa4fad,0,72,True,1,17.40076096902618,,5.8848001062870023e-05,,,58848.001062870026,,,,,,,,,58848.001062870026
3360d814-a7e0-4cb6-90e9-6baac00bb485,2005,AES-128,encrypt,cpu_software,software,transform,bytes,CTR,1024,6,1024:CTR:6,b5c6b029611c93195b5603b60c5b77e90cd2b1e58835322d5d3b4c9cdaaa4fad,1,73,True,,,,,,,,,,,9600,9.6e-06,106.66666666666667,0,0.0,
3360d814-a7e0-4cb6-90e9-6baac00bb485,2005,AES-128,encrypt,cpu_aesni,aesni,transform,bytes,CTR,1024,6,1024:CTR:6,b5c6b029611c93195b5603b60c5b77e90cd2b1e58835322d5d3b4c9cdaaa4fad,2,74,True,,,,,,,,,,,4500,4.5e-06,227.55555555555554,0,0.0,
3360d814-a7e0-4cb6-90e9-6baac00bb485,2005,AES-128,encrypt,cuda_optimized_v1,optimized,resident,pinned,CTR,1024,6,1024:CTR:6,b5c6b029611c93195b5603b60c5b77e90cd2b1e58835322d5d3b4c9cdaaa4fad,3,75,True,1,15.701668928749365,,6.521599739789963e-05,,,65215.99739789963,,,,,,,,,65215.99739789963
3360d814-a7e0-4cb6-90e9-6baac00bb485,2005,AES-128,encrypt,cuda_baseline,baseline,pipeline,pinned,CTR,1024,6,1024:CTR:6,b5c6b029611c93195b5603b60c5b77e90cd2b1e58835322d5d3b4c9cdaaa4fad,4,76,True,,19.668100209619126,5.143144148669011,5.2064001560211184e-05,0.0001991,46000,52064.00156021118,44300,90300,199100,,,,,,
3360d814-a7e0-4cb6-90e9-6baac00bb485,2005,AES-128,encrypt,cuda_optimized_v1,optimized,pipeline,pinned,CTR,1024,6,1024:CTR:6,b5c6b029611c93195b5603b60c5b77e90cd2b1e58835322d5d3b4c9cdaaa4fad,5,77,True,,20.92871156212002,5.397996837111228,4.8928000032901765e-05,0.0001897,42500,48928.000032901764,44000,86500,189700,,,,,,
3360d814-a7e0-4cb6-90e9-6baac00bb485,2005,AES-128,encrypt,cuda_baseline,baseline,pipeline,pinned,ECB,1024,6,1024:ECB:6,ed9a701d4d2ef197af737b757035e665e251f9305c27665ed98d1d2be60cbf95,0,78,True,,20.55234449724132,5.446808510638298,4.982399940490723e-05,0.000188,42100,49823.99940490723,41900,84000,188000,,,,,,
3360d814-a7e0-4cb6-90e9-6baac00bb485,2005,AES-128,encrypt,cuda_optimized_v1,optimized,resident,pinned,ECB,1024,6,1024:ECB:6,ed9a701d4d2ef197af737b757035e665e251f9305c27665ed98d1d2be60cbf95,1,79,True,1,19.18465214355293,,5.337600037455559e-05,,,53376.00037455559,,,,,,,,,53376.00037455559
3360d814-a7e0-4cb6-90e9-6baac00bb485,2005,AES-128,encrypt,cpu_aesni,aesni,transform,bytes,ECB,1024,6,1024:ECB:6,ed9a701d4d2ef197af737b757035e665e251f9305c27665ed98d1d2be60cbf95,2,80,True,,,,,,,,,,,6500,6.5e-06,157.53846153846155,0,0.0,
3360d814-a7e0-4cb6-90e9-6baac00bb485,2005,AES-128,encrypt,cuda_baseline,baseline,resident,pinned,ECB,1024,6,1024:ECB:6,ed9a701d4d2ef197af737b757035e665e251f9305c27665ed98d1d2be60cbf95,3,81,True,1,21.43335623775612,,4.7775998711586e-05,,,47775.998711586,,,,,,,,,47775.998711586
3360d814-a7e0-4cb6-90e9-6baac00bb485,2005,AES-128,encrypt,cuda_optimized_v1,optimized,pipeline,pinned,ECB,1024,6,1024:ECB:6,ed9a701d4d2ef197af737b757035e665e251f9305c27665ed98d1d2be60cbf95,4,82,True,,20.901371430570162,5.347258485639687,4.899200052022934e-05,0.0001915,42700,48992.00052022934,46700,89400,191500,,,,,,
3360d814-a7e0-4cb6-90e9-6baac00bb485,2005,AES-128,encrypt,cpu_software,software,transform,bytes,ECB,1024,6,1024:ECB:6,ed9a701d4d2ef197af737b757035e665e251f9305c27665ed98d1d2be60cbf95,5,83,True,,,,,,,,,,,9600,9.6e-06,106.66666666666667,0,0.0,
3360d814-a7e0-4cb6-90e9-6baac00bb485,2005,AES-128,encrypt,cuda_baseline,baseline,resident,pinned,ECB,1024,7,1024:ECB:7,1813e71cd53c47676243274d072c5365276214e46e209d1f416307bac1fdd21b,0,84,True,1,20.671834234210927,,4.953600093722343e-05,,,49536.000937223434,,,,,,,,,49536.000937223434
3360d814-a7e0-4cb6-90e9-6baac00bb485,2005,AES-128,encrypt,cpu_software,software,transform,bytes,ECB,1024,7,1024:ECB:7,1813e71cd53c47676243274d072c5365276214e46e209d1f416307bac1fdd21b,1,85,True,,,,,,,,,,,8500,8.5e-06,120.47058823529412,0,0.0,
3360d814-a7e0-4cb6-90e9-6baac00bb485,2005,AES-128,encrypt,cuda_optimized_v1,optimized,pipeline,pinned,ECB,1024,7,1024:ECB:7,1813e71cd53c47676243274d072c5365276214e46e209d1f416307bac1fdd21b,2,86,True,,20.860494905046384,5.574305933587371,4.90880012512207e-05,0.0001837,40400,49088.0012512207,41600,82000,183700,,,,,,
3360d814-a7e0-4cb6-90e9-6baac00bb485,2005,AES-128,encrypt,cpu_aesni,aesni,transform,bytes,ECB,1024,7,1024:ECB:7,1813e71cd53c47676243274d072c5365276214e46e209d1f416307bac1fdd21b,3,87,True,,,,,,,,,,,5200,5.2e-06,196.92307692307693,0,0.0,
3360d814-a7e0-4cb6-90e9-6baac00bb485,2005,AES-128,encrypt,cuda_optimized_v1,optimized,resident,pinned,ECB,1024,7,1024:ECB:7,1813e71cd53c47676243274d072c5365276214e46e209d1f416307bac1fdd21b,4,88,True,1,20.317460291029434,,5.040000006556511e-05,,,50400.00006556511,,,,,,,,,50400.00006556511
3360d814-a7e0-4cb6-90e9-6baac00bb485,2005,AES-128,encrypt,cuda_baseline,baseline,pipeline,pinned,ECB,1024,7,1024:ECB:7,1813e71cd53c47676243274d072c5365276214e46e209d1f416307bac1fdd21b,5,89,True,,17.524643544646263,5.369690613529103,5.843200162053108e-05,0.0001907,40300,58432.00162053108,40400,80700,190700,,,,,,
3360d814-a7e0-4cb6-90e9-6baac00bb485,2005,AES-128,encrypt,cuda_baseline,baseline,pipeline,pinned,CTR,1024,7,1024:CTR:7,181bdc479c44619e07a4f66dff44e4eee86584474403742977917c69d5273fb6,0,90,True,,15.230842943591151,3.6532286835533356,6.723199784755707e-05,0.0002803,54600,67231.99784755707,74400,129000,280300,,,,,,
3360d814-a7e0-4cb6-90e9-6baac00bb485,2005,AES-128,encrypt,cpu_aesni,aesni,transform,bytes,CTR,1024,7,1024:CTR:7,181bdc479c44619e07a4f66dff44e4eee86584474403742977917c69d5273fb6,1,91,True,,,,,,,,,,,18000,1.8e-05,56.888888888888886,0,0.0,
3360d814-a7e0-4cb6-90e9-6baac00bb485,2005,AES-128,encrypt,cuda_optimized_v1,optimized,resident,pinned,CTR,1024,7,1024:CTR:7,181bdc479c44619e07a4f66dff44e4eee86584474403742977917c69d5273fb6,2,92,True,1,19.547953472273633,,5.238400027155876e-05,,,52384.00027155876,,,,,,,,,52384.00027155876
3360d814-a7e0-4cb6-90e9-6baac00bb485,2005,AES-128,encrypt,cpu_software,software,transform,bytes,CTR,1024,7,1024:CTR:7,181bdc479c44619e07a4f66dff44e4eee86584474403742977917c69d5273fb6,3,93,True,,,,,,,,,,,12400,1.24e-05,82.58064516129032,0,0.0,
3360d814-a7e0-4cb6-90e9-6baac00bb485,2005,AES-128,encrypt,cuda_baseline,baseline,resident,pinned,CTR,1024,7,1024:CTR:7,181bdc479c44619e07a4f66dff44e4eee86584474403742977917c69d5273fb6,4,94,True,1,19.53601934399043,,5.241600051522255e-05,,,52416.00051522255,,,,,,,,,52416.00051522255
3360d814-a7e0-4cb6-90e9-6baac00bb485,2005,AES-128,encrypt,cuda_optimized_v1,optimized,pipeline,pinned,CTR,1024,7,1024:CTR:7,181bdc479c44619e07a4f66dff44e4eee86584474403742977917c69d5273fb6,5,95,True,,19.34703723319495,5.179564997470916,5.292800068855286e-05,0.0001977,44100,52928.00068855286,45100,89200,197700,,,,,,
3360d814-a7e0-4cb6-90e9-6baac00bb485,2005,AES-128,encrypt,cpu_aesni,aesni,transform,bytes,CTR,1024,8,1024:CTR:8,0cd6df9ad49d9383a7e5da5efeafb6158fb56be0465084085562f8987e400355,0,96,True,,,,,,,,,,,4800,4.8e-06,213.33333333333334,0,0.0,
3360d814-a7e0-4cb6-90e9-6baac00bb485,2005,AES-128,encrypt,cuda_baseline,baseline,resident,pinned,CTR,1024,8,1024:CTR:8,0cd6df9ad49d9383a7e5da5efeafb6158fb56be0465084085562f8987e400355,1,97,True,1,17.003187994846304,,6.0224000364542006e-05,,,60224.00036454201,,,,,,,,,60224.00036454201
3360d814-a7e0-4cb6-90e9-6baac00bb485,2005,AES-128,encrypt,cpu_software,software,transform,bytes,CTR,1024,8,1024:CTR:8,0cd6df9ad49d9383a7e5da5efeafb6158fb56be0465084085562f8987e400355,2,98,True,,,,,,,,,,,10500,1.05e-05,97.52380952380952,0,0.0,
3360d814-a7e0-4cb6-90e9-6baac00bb485,2005,AES-128,encrypt,cuda_optimized_v1,optimized,pipeline,pinned,CTR,1024,8,1024:CTR:8,0cd6df9ad49d9383a7e5da5efeafb6158fb56be0465084085562f8987e400355,3,99,True,,16.368286569149333,4.782811770200841,6.255999952554703e-05,0.0002141,45000,62559.99952554703,46600,91600,214100,,,,,,
3360d814-a7e0-4cb6-90e9-6baac00bb485,2005,AES-128,encrypt,cuda_baseline,baseline,pipeline,pinned,CTR,1024,8,1024:CTR:8,0cd6df9ad49d9383a7e5da5efeafb6158fb56be0465084085562f8987e400355,4,100,True,,18.583043434882157,5.071817731550272,5.510399863123894e-05,0.0002019,42200,55103.99863123894,51200,93400,201900,,,,,,
3360d814-a7e0-4cb6-90e9-6baac00bb485,2005,AES-128,encrypt,cuda_optimized_v1,optimized,resident,pinned,CTR,1024,8,1024:CTR:8,0cd6df9ad49d9383a7e5da5efeafb6158fb56be0465084085562f8987e400355,5,101,True,1,21.843003720681416,,4.687999933958054e-05,,,46879.999339580536,,,,,,,,,46879.999339580536
3360d814-a7e0-4cb6-90e9-6baac00bb485,2005,AES-128,encrypt,cpu_aesni,aesni,transform,bytes,ECB,1024,8,1024:ECB:8,3ed2a211163bfd4a033d878f416216ad7ca70d0395440ca35c73e0ca9c912e87,0,102,True,,,,,,,,,,,4200,4.2e-06,243.8095238095238,0,0.0,
3360d814-a7e0-4cb6-90e9-6baac00bb485,2005,AES-128,encrypt,cuda_baseline,baseline,pipeline,pinned,ECB,1024,8,1024:ECB:8,3ed2a211163bfd4a033d878f416216ad7ca70d0395440ca35c73e0ca9c912e87,1,103,True,,21.739129952396258,5.6078860898138005,4.710400104522705e-05,0.0001826,41500,47104.00104522705,43100,84600,182600,,,,,,
3360d814-a7e0-4cb6-90e9-6baac00bb485,2005,AES-128,encrypt,cpu_software,software,transform,bytes,ECB,1024,8,1024:ECB:8,3ed2a211163bfd4a033d878f416216ad7ca70d0395440ca35c73e0ca9c912e87,2,104,True,,,,,,,,,,,8700,8.7e-06,117.70114942528735,0,0.0,
3360d814-a7e0-4cb6-90e9-6baac00bb485,2005,AES-128,encrypt,cuda_optimized_v1,optimized,resident,pinned,ECB,1024,8,1024:ECB:8,3ed2a211163bfd4a033d878f416216ad7ca70d0395440ca35c73e0ca9c912e87,3,105,True,1,19.888128925372282,,5.14880008995533e-05,,,51488.0008995533,,,,,,,,,51488.0008995533
3360d814-a7e0-4cb6-90e9-6baac00bb485,2005,AES-128,encrypt,cuda_optimized_v1,optimized,pipeline,pinned,ECB,1024,8,1024:ECB:8,3ed2a211163bfd4a033d878f416216ad7ca70d0395440ca35c73e0ca9c912e87,4,106,True,,17.32539273746126,5.161290322580645,5.910399928689003e-05,0.0001984,41700,59103.99928689003,44400,86100,198400,,,,,,
3360d814-a7e0-4cb6-90e9-6baac00bb485,2005,AES-128,encrypt,cuda_baseline,baseline,resident,pinned,ECB,1024,8,1024:ECB:8,3ed2a211163bfd4a033d878f416216ad7ca70d0395440ca35c73e0ca9c912e87,5,107,True,1,18.120045884777568,,5.651199817657471e-05,,,56511.99817657471,,,,,,,,,56511.99817657471
3360d814-a7e0-4cb6-90e9-6baac00bb485,2005,AES-128,encrypt,cuda_optimized_v1,optimized,pipeline,pinned,ECB,1024,9,1024:ECB:9,63d637f2b2ea7fe1bd6360b3f09c3c1f195e43f23070e0cab63c4571bbdd3f5a,0,108,True,,22.50351615565498,5.641873278236915,4.5504000037908556e-05,0.0001815,40600,45504.000037908554,43100,83700,181500,,,,,,
3360d814-a7e0-4cb6-90e9-6baac00bb485,2005,AES-128,encrypt,cuda_baseline,baseline,pipeline,pinned,ECB,1024,9,1024:ECB:9,63d637f2b2ea7fe1bd6360b3f09c3c1f195e43f23070e0cab63c4571bbdd3f5a,1,109,True,,20.5128204569779,5.529157667386609,4.992000013589859e-05,0.0001852,41300,49920.00013589859,44000,85300,185200,,,,,,
3360d814-a7e0-4cb6-90e9-6baac00bb485,2005,AES-128,encrypt,cuda_optimized_v1,optimized,resident,pinned,ECB,1024,9,1024:ECB:9,63d637f2b2ea7fe1bd6360b3f09c3c1f195e43f23070e0cab63c4571bbdd3f5a,2,110,True,1,19.777503331938938,,5.177599936723709e-05,,,51775.99936723709,,,,,,,,,51775.99936723709
3360d814-a7e0-4cb6-90e9-6baac00bb485,2005,AES-128,encrypt,cuda_baseline,baseline,resident,pinned,ECB,1024,9,1024:ECB:9,63d637f2b2ea7fe1bd6360b3f09c3c1f195e43f23070e0cab63c4571bbdd3f5a,3,111,True,1,19.036287988653488,,5.379199981689453e-05,,,53791.99981689453,,,,,,,,,53791.99981689453
3360d814-a7e0-4cb6-90e9-6baac00bb485,2005,AES-128,encrypt,cpu_software,software,transform,bytes,ECB,1024,9,1024:ECB:9,63d637f2b2ea7fe1bd6360b3f09c3c1f195e43f23070e0cab63c4571bbdd3f5a,4,112,True,,,,,,,,,,,9700,9.7e-06,105.56701030927834,0,0.0,
3360d814-a7e0-4cb6-90e9-6baac00bb485,2005,AES-128,encrypt,cpu_aesni,aesni,transform,bytes,ECB,1024,9,1024:ECB:9,63d637f2b2ea7fe1bd6360b3f09c3c1f195e43f23070e0cab63c4571bbdd3f5a,5,113,True,,,,,,,,,,,4000,4e-06,256.0,0,0.0,
3360d814-a7e0-4cb6-90e9-6baac00bb485,2005,AES-128,encrypt,cuda_optimized_v1,optimized,pipeline,pinned,CTR,1024,9,1024:CTR:9,ee7ecc6dacf438fd47a6579252abc8bc445cbb1ba6c09254be0b0cd7f77b4817,0,114,True,,21.694914437819776,5.692051139521957,4.7200001776218416e-05,0.0001799,40700,47200.001776218414,40200,80900,179900,,,,,,
3360d814-a7e0-4cb6-90e9-6baac00bb485,2005,AES-128,encrypt,cuda_baseline,baseline,pipeline,pinned,CTR,1024,9,1024:CTR:9,ee7ecc6dacf438fd47a6579252abc8bc445cbb1ba6c09254be0b0cd7f77b4817,1,115,True,,21.22015974869112,5.484734868773433,4.8255998641252515e-05,0.0001867,47800,48255.99864125252,39900,87700,186700,,,,,,
3360d814-a7e0-4cb6-90e9-6baac00bb485,2005,AES-128,encrypt,cpu_aesni,aesni,transform,bytes,CTR,1024,9,1024:CTR:9,ee7ecc6dacf438fd47a6579252abc8bc445cbb1ba6c09254be0b0cd7f77b4817,2,116,True,,,,,,,,,,,6300,6.3e-06,162.53968253968253,0,0.0,
3360d814-a7e0-4cb6-90e9-6baac00bb485,2005,AES-128,encrypt,cpu_software,software,transform,bytes,CTR,1024,9,1024:CTR:9,ee7ecc6dacf438fd47a6579252abc8bc445cbb1ba6c09254be0b0cd7f77b4817,3,117,True,,,,,,,,,,,7500,7.5e-06,136.53333333333333,0,0.0,
3360d814-a7e0-4cb6-90e9-6baac00bb485,2005,AES-128,encrypt,cuda_optimized_v1,optimized,resident,pinned,CTR,1024,9,1024:CTR:9,ee7ecc6dacf438fd47a6579252abc8bc445cbb1ba6c09254be0b0cd7f77b4817,4,118,True,1,20.421186231522505,,5.0144001841545105e-05,,,50144.001841545105,,,,,,,,,50144.001841545105
3360d814-a7e0-4cb6-90e9-6baac00bb485,2005,AES-128,encrypt,cuda_baseline,baseline,resident,pinned,CTR,1024,9,1024:CTR:9,ee7ecc6dacf438fd47a6579252abc8bc445cbb1ba6c09254be0b0cd7f77b4817,5,119,True,1,20.151133696400567,,5.0815999507904055e-05,,,50815.99950790405,,,,,,,,,50815.99950790405
3360d814-a7e0-4cb6-90e9-6baac00bb485,2005,AES-128,encrypt,cpu_aesni,aesni,transform,bytes,CTR,1024,10,1024:CTR:10,1388c8497050b4197035da2bac8afe0c90c2351ad395036203483014cf20cc32,0,120,True,,,,,,,,,,,4900,4.9e-06,208.9795918367347,0,0.0,
3360d814-a7e0-4cb6-90e9-6baac00bb485,2005,AES-128,encrypt,cuda_optimized_v1,optimized,pipeline,pinned,CTR,1024,10,1024:CTR:10,1388c8497050b4197035da2bac8afe0c90c2351ad395036203483014cf20cc32,1,121,True,,20.12578616540816,5.5773420479302835,5.0879999995231625e-05,0.0001836,40000,50879.99999523163,41400,81400,183600,,,,,,
3360d814-a7e0-4cb6-90e9-6baac00bb485,2005,AES-128,encrypt,cuda_baseline,baseline,pipeline,pinned,CTR,1024,10,1024:CTR:10,1388c8497050b4197035da2bac8afe0c90c2351ad395036203483014cf20cc32,2,122,True,,20.969856132020773,5.544125609095831,4.88319993019104e-05,0.0001847,41200,48831.9993019104,42900,84100,184700,,,,,,
3360d814-a7e0-4cb6-90e9-6baac00bb485,2005,AES-128,encrypt,cuda_baseline,baseline,resident,pinned,CTR,1024,10,1024:CTR:10,1388c8497050b4197035da2bac8afe0c90c2351ad395036203483014cf20cc32,3,123,True,1,19.07032213632526,,5.369599908590317e-05,,,53695.99908590317,,,,,,,,,53695.99908590317
3360d814-a7e0-4cb6-90e9-6baac00bb485,2005,AES-128,encrypt,cuda_optimized_v1,optimized,resident,pinned,CTR,1024,10,1024:CTR:10,1388c8497050b4197035da2bac8afe0c90c2351ad395036203483014cf20cc32,4,124,True,1,17.71871524825406,,5.7792000472545626e-05,,,57792.000472545624,,,,,,,,,57792.000472545624
3360d814-a7e0-4cb6-90e9-6baac00bb485,2005,AES-128,encrypt,cpu_software,software,transform,bytes,CTR,1024,10,1024:CTR:10,1388c8497050b4197035da2bac8afe0c90c2351ad395036203483014cf20cc32,5,125,True,,,,,,,,,,,10500,1.05e-05,97.52380952380952,0,0.0,
3360d814-a7e0-4cb6-90e9-6baac00bb485,2005,AES-128,encrypt,cuda_optimized_v1,optimized,pipeline,pinned,ECB,1024,10,1024:ECB:10,519ce80f5d40bb833d8461632d30f2497e719f005df4ed476af39f39b104a29c,0,126,True,,17.07577419725763,4.918347742555236,5.9967998415231706e-05,0.0002082,45800,59967.998415231705,46400,92200,208200,,,,,,
3360d814-a7e0-4cb6-90e9-6baac00bb485,2005,AES-128,encrypt,cuda_optimized_v1,optimized,resident,pinned,ECB,1024,10,1024:ECB:10,519ce80f5d40bb833d8461632d30f2497e719f005df4ed476af39f39b104a29c,1,127,True,1,18.109791111508752,,5.65439984202385e-05,,,56543.998420238495,,,,,,,,,56543.998420238495
3360d814-a7e0-4cb6-90e9-6baac00bb485,2005,AES-128,encrypt,cpu_software,software,transform,bytes,ECB,1024,10,1024:ECB:10,519ce80f5d40bb833d8461632d30f2497e719f005df4ed476af39f39b104a29c,2,128,True,,,,,,,,,,,11400,1.14e-05,89.82456140350877,0,0.0,
3360d814-a7e0-4cb6-90e9-6baac00bb485,2005,AES-128,encrypt,cuda_baseline,baseline,resident,pinned,ECB,1024,10,1024:ECB:10,519ce80f5d40bb833d8461632d30f2497e719f005df4ed476af39f39b104a29c,3,129,True,1,18.64801834423223,,5.491200089454651e-05,,,54912.00089454651,,,,,,,,,54912.00089454651
3360d814-a7e0-4cb6-90e9-6baac00bb485,2005,AES-128,encrypt,cpu_aesni,aesni,transform,bytes,ECB,1024,10,1024:ECB:10,519ce80f5d40bb833d8461632d30f2497e719f005df4ed476af39f39b104a29c,4,130,True,,,,,,,,,,,6200,6.2e-06,165.16129032258064,0,0.0,
3360d814-a7e0-4cb6-90e9-6baac00bb485,2005,AES-128,encrypt,cuda_baseline,baseline,pipeline,pinned,ECB,1024,10,1024:ECB:10,519ce80f5d40bb833d8461632d30f2497e719f005df4ed476af39f39b104a29c,5,131,True,,19.704433183126028,5.245901639344262,5.196800082921982e-05,0.0001952,41900,51968.00082921982,48500,90400,195200,,,,,,
3360d814-a7e0-4cb6-90e9-6baac00bb485,2005,AES-128,encrypt,cuda_baseline,baseline,pipeline,pinned,CTR,1024,11,1024:CTR:11,954a3b3f97315921b95c5900a41d7bfd70b2c53c2a5fcbd4b8f7dfd3fa1e58be,0,132,True,,21.26245774967102,5.493562231759657,4.8160001635551456e-05,0.0001864,43800,48160.00163555145,41000,84800,186400,,,,,,
3360d814-a7e0-4cb6-90e9-6baac00bb485,2005,AES-128,encrypt,cuda_optimized_v1,optimized,pipeline,pinned,CTR,1024,11,1024:CTR:11,954a3b3f97315921b95c5900a41d7bfd70b2c53c2a5fcbd4b8f7dfd3fa1e58be,1,133,True,,20.34329324102109,5.565217391304348,5.0335999578237536e-05,0.000184,42900,50335.99957823753,40400,83300,184000,,,,,,
3360d814-a7e0-4cb6-90e9-6baac00bb485,2005,AES-128,encrypt,cuda_baseline,baseline,resident,pinned,CTR,1024,11,1024:CTR:11,954a3b3f97315921b95c5900a41d7bfd70b2c53c2a5fcbd4b8f7dfd3fa1e58be,2,134,True,1,19.777503331938938,,5.177599936723709e-05,,,51775.99936723709,,,,,,,,,51775.99936723709
3360d814-a7e0-4cb6-90e9-6baac00bb485,2005,AES-128,encrypt,cpu_aesni,aesni,transform,bytes,CTR,1024,11,1024:CTR:11,954a3b3f97315921b95c5900a41d7bfd70b2c53c2a5fcbd4b8f7dfd3fa1e58be,3,135,True,,,,,,,,,,,7600,7.6e-06,134.73684210526315,0,0.0,
3360d814-a7e0-4cb6-90e9-6baac00bb485,2005,AES-128,encrypt,cuda_optimized_v1,optimized,resident,pinned,CTR,1024,11,1024:CTR:11,954a3b3f97315921b95c5900a41d7bfd70b2c53c2a5fcbd4b8f7dfd3fa1e58be,4,136,True,1,18.834608427852547,,5.436800047755242e-05,,,54368.000477552414,,,,,,,,,54368.000477552414
3360d814-a7e0-4cb6-90e9-6baac00bb485,2005,AES-128,encrypt,cpu_software,software,transform,bytes,CTR,1024,11,1024:CTR:11,954a3b3f97315921b95c5900a41d7bfd70b2c53c2a5fcbd4b8f7dfd3fa1e58be,5,137,True,,,,,,,,,,,9100,9.1e-06,112.52747252747253,0,0.0,
3360d814-a7e0-4cb6-90e9-6baac00bb485,2005,AES-128,encrypt,cuda_baseline,baseline,resident,pinned,ECB,1024,11,1024:ECB:11,9adf1df072ddd5df2a0f147cc207fab3261a7c24e695eed3dfb8cacf0e44b0bf,0,138,True,1,21.694914437819776,,4.7200001776218416e-05,,,47200.001776218414,,,,,,,,,47200.001776218414
3360d814-a7e0-4cb6-90e9-6baac00bb485,2005,AES-128,encrypt,cpu_software,software,transform,bytes,ECB,1024,11,1024:ECB:11,9adf1df072ddd5df2a0f147cc207fab3261a7c24e695eed3dfb8cacf0e44b0bf,1,139,True,,,,,,,,,,,8700,8.7e-06,117.70114942528735,0,0.0,
3360d814-a7e0-4cb6-90e9-6baac00bb485,2005,AES-128,encrypt,cpu_aesni,aesni,transform,bytes,ECB,1024,11,1024:ECB:11,9adf1df072ddd5df2a0f147cc207fab3261a7c24e695eed3dfb8cacf0e44b0bf,2,140,True,,,,,,,,,,,4000,4e-06,256.0,0,0.0,
3360d814-a7e0-4cb6-90e9-6baac00bb485,2005,AES-128,encrypt,cuda_optimized_v1,optimized,pipeline,pinned,ECB,1024,11,1024:ECB:11,9adf1df072ddd5df2a0f147cc207fab3261a7c24e695eed3dfb8cacf0e44b0bf,3,141,True,,16.41025685542984,4.22965716646014,6.239999830722809e-05,0.0002421,49900,62399.99830722809,67700,117600,242100,,,,,,
3360d814-a7e0-4cb6-90e9-6baac00bb485,2005,AES-128,encrypt,cuda_baseline,baseline,pipeline,pinned,ECB,1024,11,1024:ECB:11,9adf1df072ddd5df2a0f147cc207fab3261a7c24e695eed3dfb8cacf0e44b0bf,4,142,True,,17.17659704226345,3.992202729044834,5.961599946022034e-05,0.0002565,64700,59615.99946022034,55200,119900,256500,,,,,,
3360d814-a7e0-4cb6-90e9-6baac00bb485,2005,AES-128,encrypt,cuda_optimized_v1,optimized,resident,pinned,ECB,1024,11,1024:ECB:11,9adf1df072ddd5df2a0f147cc207fab3261a7c24e695eed3dfb8cacf0e44b0bf,5,143,True,1,18.120045884777568,,5.651199817657471e-05,,,56511.99817657471,,,,,,,,,56511.99817657471
3360d814-a7e0-4cb6-90e9-6baac00bb485,2005,AES-128,encrypt,cpu_software,software,transform,bytes,CTR,1024,12,1024:CTR:12,f5cf45d67089887f63409f70eec8dd8116c58395f6e54985f57a86bbc5e36bd6,0,144,True,,,,,,,,,,,8100,8.1e-06,126.41975308641975,0,0.0,
3360d814-a7e0-4cb6-90e9-6baac00bb485,2005,AES-128,encrypt,cuda_baseline,baseline,resident,pinned,CTR,1024,12,1024:CTR:12,f5cf45d67089887f63409f70eec8dd8116c58395f6e54985f57a86bbc5e36bd6,1,145,True,1,15.625000039449333,,6.553599983453751e-05,,,65535.999834537506,,,,,,,,,65535.999834537506
3360d814-a7e0-4cb6-90e9-6baac00bb485,2005,AES-128,encrypt,cuda_optimized_v1,optimized,pipeline,pinned,CTR,1024,12,1024:CTR:12,f5cf45d67089887f63409f70eec8dd8116c58395f6e54985f57a86bbc5e36bd6,2,146,True,,9.873495839113092,4.037854889589905,0.00010371199995279312,0.0002536,57400,103711.99995279312,42400,99800,253600,,,,,,
3360d814-a7e0-4cb6-90e9-6baac00bb485,2005,AES-128,encrypt,cuda_baseline,baseline,pipeline,pinned,CTR,1024,12,1024:CTR:12,f5cf45d67089887f63409f70eec8dd8116c58395f6e54985f57a86bbc5e36bd6,3,147,True,,20.075281926937922,4.522968197879859,5.100800096988678e-05,0.0002264,37700,51008.00096988678,88500,126200,226400,,,,,,
3360d814-a7e0-4cb6-90e9-6baac00bb485,2005,AES-128,encrypt,cuda_optimized_v1,optimized,resident,pinned,CTR,1024,12,1024:CTR:12,f5cf45d67089887f63409f70eec8dd8116c58395f6e54985f57a86bbc5e36bd6,4,148,True,1,20.618557453888805,,4.9663998186588286e-05,,,49663.99818658829,,,,,,,,,49663.99818658829
3360d814-a7e0-4cb6-90e9-6baac00bb485,2005,AES-128,encrypt,cpu_aesni,aesni,transform,bytes,CTR,1024,12,1024:CTR:12,f5cf45d67089887f63409f70eec8dd8116c58395f6e54985f57a86bbc5e36bd6,5,149,True,,,,,,,,,,,7300,7.3e-06,140.27397260273972,0,0.0,
3360d814-a7e0-4cb6-90e9-6baac00bb485,2005,AES-128,encrypt,cpu_software,software,transform,bytes,ECB,1024,12,1024:ECB:12,ae0eb76ce0ce17b9a46761341c1e06603f8f3d130fb594d9b15a5f545c365697,0,150,True,,,,,,,,,,,7000,7e-06,146.28571428571428,0,0.0,
3360d814-a7e0-4cb6-90e9-6baac00bb485,2005,AES-128,encrypt,cpu_aesni,aesni,transform,bytes,ECB,1024,12,1024:ECB:12,ae0eb76ce0ce17b9a46761341c1e06603f8f3d130fb594d9b15a5f545c365697,1,151,True,,,,,,,,,,,3000,3e-06,341.3333333333333,0,0.0,
3360d814-a7e0-4cb6-90e9-6baac00bb485,2005,AES-128,encrypt,cuda_baseline,baseline,pipeline,pinned,ECB,1024,12,1024:ECB:12,ae0eb76ce0ce17b9a46761341c1e06603f8f3d130fb594d9b15a5f545c365697,2,152,True,,20.833332596440542,5.6983861992209235,4.915200173854828e-05,0.0001797,39000,49152.00173854828,40500,79500,179700,,,,,,
3360d814-a7e0-4cb6-90e9-6baac00bb485,2005,AES-128,encrypt,cuda_optimized_v1,optimized,resident,pinned,ECB,1024,12,1024:ECB:12,ae0eb76ce0ce17b9a46761341c1e06603f8f3d130fb594d9b15a5f545c365697,3,153,True,1,19.150209059480567,,5.3472001105546954e-05,,,53472.00110554695,,,,,,,,,53472.00110554695
3360d814-a7e0-4cb6-90e9-6baac00bb485,2005,AES-128,encrypt,cuda_baseline,baseline,resident,pinned,ECB,1024,12,1024:ECB:12,ae0eb76ce0ce17b9a46761341c1e06603f8f3d130fb594d9b15a5f545c365697,4,154,True,1,11.523226678283885,,8.886399865150452e-05,,,88863.99865150452,,,,,,,,,88863.99865150452
3360d814-a7e0-4cb6-90e9-6baac00bb485,2005,AES-128,encrypt,cuda_optimized_v1,optimized,pipeline,pinned,ECB,1024,12,1024:ECB:12,ae0eb76ce0ce17b9a46761341c1e06603f8f3d130fb594d9b15a5f545c365697,5,155,True,,21.290751321387454,5.580381471389646,4.809600114822388e-05,0.0001835,44800,48096.00114822388,39700,84500,183500,,,,,,
3360d814-a7e0-4cb6-90e9-6baac00bb485,2005,AES-128,encrypt,cuda_optimized_v1,optimized,pipeline,pinned,CTR,1024,13,1024:CTR:13,628487a01eafc40a3e8c4f374c4eb30dac60a2bafa69981870bf1945402cb629,0,156,True,,19.888128925372282,5.455514118273841,5.14880008995533e-05,0.0001877,42000,51488.0008995533,41000,83000,187700,,,,,,
3360d814-a7e0-4cb6-90e9-6baac00bb485,2005,AES-128,encrypt,cuda_optimized_v1,optimized,resident,pinned,CTR,1024,13,1024:CTR:13,628487a01eafc40a3e8c4f374c4eb30dac60a2bafa69981870bf1945402cb629,1,157,True,1,19.104478198293872,,5.35999983549118e-05,,,53599.998354911804,,,,,,,,,53599.998354911804
3360d814-a7e0-4cb6-90e9-6baac00bb485,2005,AES-128,encrypt,cuda_baseline,baseline,resident,pinned,CTR,1024,13,1024:CTR:13,628487a01eafc40a3e8c4f374c4eb30dac60a2bafa69981870bf1945402cb629,2,158,True,1,20.92871156212002,,4.8928000032901765e-05,,,48928.000032901764,,,,,,,,,48928.000032901764
3360d814-a7e0-4cb6-90e9-6baac00bb485,2005,AES-128,encrypt,cuda_baseline,baseline,pipeline,pinned,CTR,1024,13,1024:CTR:13,628487a01eafc40a3e8c4f374c4eb30dac60a2bafa69981870bf1945402cb629,3,159,True,,21.024967870593887,5.676274944567628,4.8703998327255246e-05,0.0001804,40900,48703.99832725525,40400,81300,180400,,,,,,
3360d814-a7e0-4cb6-90e9-6baac00bb485,2005,AES-128,encrypt,cpu_software,software,transform,bytes,CTR,1024,13,1024:CTR:13,628487a01eafc40a3e8c4f374c4eb30dac60a2bafa69981870bf1945402cb629,4,160,True,,,,,,,,,,,9600,9.6e-06,106.66666666666667,0,0.0,
3360d814-a7e0-4cb6-90e9-6baac00bb485,2005,AES-128,encrypt,cpu_aesni,aesni,transform,bytes,CTR,1024,13,1024:CTR:13,628487a01eafc40a3e8c4f374c4eb30dac60a2bafa69981870bf1945402cb629,5,161,True,,,,,,,,,,,4600,4.6e-06,222.6086956521739,0,0.0,
3360d814-a7e0-4cb6-90e9-6baac00bb485,2005,AES-128,encrypt,cpu_aesni,aesni,transform,bytes,ECB,1024,13,1024:ECB:13,da168cb433a67441062c4cb104eb285f7533e92293ebf5b635106fc0cc5c7b51,0,162,True,,,,,,,,,,,3500,3.5e-06,292.57142857142856,0,0.0,
3360d814-a7e0-4cb6-90e9-6baac00bb485,2005,AES-128,encrypt,cuda_optimized_v1,optimized,resident,pinned,ECB,1024,13,1024:ECB:13,da168cb433a67441062c4cb104eb285f7533e92293ebf5b635106fc0cc5c7b51,1,163,True,1,20.278833647155494,,5.049600079655647e-05,,,50496.00079655647,,,,,,,,,50496.00079655647
3360d814-a7e0-4cb6-90e9-6baac00bb485,2005,AES-128,encrypt,cpu_software,software,transform,bytes,ECB,1024,13,1024:ECB:13,da168cb433a67441062c4cb104eb285f7533e92293ebf5b635106fc0cc5c7b51,2,164,True,,,,,,,,,,,8400,8.4e-06,121.9047619047619,0,0.0,
3360d814-a7e0-4cb6-90e9-6baac00bb485,2005,AES-128,encrypt,cuda_baseline,baseline,pipeline,pinned,ECB,1024,13,1024:ECB:13,da168cb433a67441062c4cb104eb285f7533e92293ebf5b635106fc0cc5c7b51,3,165,True,,19.00237510371264,5.473009086050241,5.38880005478859e-05,0.0001871,42300,53888.000547885895,40000,82300,187100,,,,,,
3360d814-a7e0-4cb6-90e9-6baac00bb485,2005,AES-128,encrypt,cuda_optimized_v1,optimized,pipeline,pinned,ECB,1024,13,1024:ECB:13,da168cb433a67441062c4cb104eb285f7533e92293ebf5b635106fc0cc5c7b51,4,166,True,,21.962937017394783,5.818181818181818,4.662400111556053e-05,0.000176,40500,46624.00111556053,39400,79900,176000,,,,,,
3360d814-a7e0-4cb6-90e9-6baac00bb485,2005,AES-128,encrypt,cuda_baseline,baseline,resident,pinned,ECB,1024,13,1024:ECB:13,da168cb433a67441062c4cb104eb285f7533e92293ebf5b635106fc0cc5c7b51,5,167,True,1,21.843003720681416,,4.687999933958054e-05,,,46879.999339580536,,,,,,,,,46879.999339580536
3360d814-a7e0-4cb6-90e9-6baac00bb485,2005,AES-128,encrypt,cuda_baseline,baseline,resident,pinned,ECB,1024,14,1024:ECB:14,0c14d3ee7f51efa3ffa4598ce225b32ada92458554222f7c358f45290b37fe18,0,168,True,1,20.176545156080213,,5.075199902057648e-05,,,50751.99902057648,,,,,,,,,50751.99902057648
3360d814-a7e0-4cb6-90e9-6baac00bb485,2005,AES-128,encrypt,cuda_baseline,baseline,pipeline,pinned,ECB,1024,14,1024:ECB:14,0c14d3ee7f51efa3ffa4598ce225b32ada92458554222f7c358f45290b37fe18,1,169,True,,18.968582834571553,5.409403063919704,5.3984001278877256e-05,0.0001893,42400,53984.00127887726,40000,82400,189300,,,,,,
3360d814-a7e0-4cb6-90e9-6baac00bb485,2005,AES-128,encrypt,cuda_optimized_v1,optimized,resident,pinned,ECB,1024,14,1024:ECB:14,0c14d3ee7f51efa3ffa4598ce225b32ada92458554222f7c358f45290b37fe18,2,170,True,1,22.206800378992053,,4.611200094223022e-05,,,46112.000942230225,,,,,,,,,46112.000942230225
3360d814-a7e0-4cb6-90e9-6baac00bb485,2005,AES-128,encrypt,cpu_aesni,aesni,transform,bytes,ECB,1024,14,1024:ECB:14,0c14d3ee7f51efa3ffa4598ce225b32ada92458554222f7c358f45290b37fe18,3,171,True,,,,,,,,,,,5400,5.4e-06,189.62962962962962,0,0.0,
3360d814-a7e0-4cb6-90e9-6baac00bb485,2005,AES-128,encrypt,cuda_optimized_v1,optimized,pipeline,pinned,ECB,1024,14,1024:ECB:14,0c14d3ee7f51efa3ffa4598ce225b32ada92458554222f7c358f45290b37fe18,4,172,True,,21.519838160315402,5.7366946778711485,4.758400097489357e-05,0.0001785,41100,47584.00097489357,40300,81400,178500,,,,,,
3360d814-a7e0-4cb6-90e9-6baac00bb485,2005,AES-128,encrypt,cpu_software,software,transform,bytes,ECB,1024,14,1024:ECB:14,0c14d3ee7f51efa3ffa4598ce225b32ada92458554222f7c358f45290b37fe18,5,173,True,,,,,,,,,,,8800,8.8e-06,116.36363636363636,0,0.0,
3360d814-a7e0-4cb6-90e9-6baac00bb485,2005,AES-128,encrypt,cpu_software,software,transform,bytes,CTR,1024,14,1024:CTR:14,4bd33584e9a2747644c3ab9f538ab89dc5d3681e5bc2cea4c0aa9776c8dfb9fc,0,174,True,,,,,,,,,,,7200,7.2e-06,142.22222222222223,0,0.0,
3360d814-a7e0-4cb6-90e9-6baac00bb485,2005,AES-128,encrypt,cpu_aesni,aesni,transform,bytes,CTR,1024,14,1024:CTR:14,4bd33584e9a2747644c3ab9f538ab89dc5d3681e5bc2cea4c0aa9776c8dfb9fc,1,175,True,,,,,,,,,,,4000,4e-06,256.0,0,0.0,
3360d814-a7e0-4cb6-90e9-6baac00bb485,2005,AES-128,encrypt,cuda_optimized_v1,optimized,resident,pinned,CTR,1024,14,1024:CTR:14,4bd33584e9a2747644c3ab9f538ab89dc5d3681e5bc2cea4c0aa9776c8dfb9fc,2,176,True,1,19.716574022929013,,5.193600058555603e-05,,,51936.00058555603,,,,,,,,,51936.00058555603
3360d814-a7e0-4cb6-90e9-6baac00bb485,2005,AES-128,encrypt,cuda_optimized_v1,optimized,pipeline,pinned,CTR,1024,14,1024:CTR:14,4bd33584e9a2747644c3ab9f538ab89dc5d3681e5bc2cea4c0aa9776c8dfb9fc,3,177,True,,19.253911344337126,5.532144786601837,5.318399891257286e-05,0.0001851,41500,53183.99891257286,40500,82000,185100,,,,,,
3360d814-a7e0-4cb6-90e9-6baac00bb485,2005,AES-128,encrypt,cuda_baseline,baseline,pipeline,pinned,CTR,1024,14,1024:CTR:14,4bd33584e9a2747644c3ab9f538ab89dc5d3681e5bc2cea4c0aa9776c8dfb9fc,4,178,True,,21.24834078739276,5.801699716713881,4.8191998153924945e-05,0.0001765,40100,48191.99815392494,39100,79200,176500,,,,,,
3360d814-a7e0-4cb6-90e9-6baac00bb485,2005,AES-128,encrypt,cuda_baseline,baseline,resident,pinned,CTR,1024,14,1024:CTR:14,4bd33584e9a2747644c3ab9f538ab89dc5d3681e5bc2cea4c0aa9776c8dfb9fc,5,179,True,1,14.42741278345269,,7.097599655389785e-05,,,70975.99655389786,,,,,,,,,70975.99655389786
3360d814-a7e0-4cb6-90e9-6baac00bb485,2005,AES-128,encrypt,cuda_baseline,baseline,pipeline,pinned,ECB,1024,15,1024:ECB:15,a6131db69c22d97254af71be79e7523741dd6d2a5b352c4c8cffe4101618f121,0,180,True,,20.915032561593595,5.517241379310345,4.896000027656555e-05,0.0001856,44200,48960.00027656555,40500,84700,185600,,,,,,
3360d814-a7e0-4cb6-90e9-6baac00bb485,2005,AES-128,encrypt,cuda_baseline,baseline,resident,pinned,ECB,1024,15,1024:ECB:15,a6131db69c22d97254af71be79e7523741dd6d2a5b352c4c8cffe4101618f121,1,181,True,1,20.901371430570162,,4.899200052022934e-05,,,48992.00052022934,,,,,,,,,48992.00052022934
3360d814-a7e0-4cb6-90e9-6baac00bb485,2005,AES-128,encrypt,cpu_aesni,aesni,transform,bytes,ECB,1024,15,1024:ECB:15,a6131db69c22d97254af71be79e7523741dd6d2a5b352c4c8cffe4101618f121,2,182,True,,,,,,,,,,,5700,5.7e-06,179.64912280701753,0,0.0,
3360d814-a7e0-4cb6-90e9-6baac00bb485,2005,AES-128,encrypt,cuda_optimized_v1,optimized,pipeline,pinned,ECB,1024,15,1024:ECB:15,a6131db69c22d97254af71be79e7523741dd6d2a5b352c4c8cffe4101618f121,3,183,True,,21.636241148637495,5.778781038374718,4.732799902558327e-05,0.0001772,38900,47327.99902558327,42000,80900,177200,,,,,,
3360d814-a7e0-4cb6-90e9-6baac00bb485,2005,AES-128,encrypt,cpu_software,software,transform,bytes,ECB,1024,15,1024:ECB:15,a6131db69c22d97254af71be79e7523741dd6d2a5b352c4c8cffe4101618f121,4,184,True,,,,,,,,,,,8500,8.5e-06,120.47058823529412,0,0.0,
3360d814-a7e0-4cb6-90e9-6baac00bb485,2005,AES-128,encrypt,cuda_optimized_v1,optimized,resident,pinned,ECB,1024,15,1024:ECB:15,a6131db69c22d97254af71be79e7523741dd6d2a5b352c4c8cffe4101618f121,5,185,True,1,21.150033108271405,,4.8415999859571457e-05,,,48415.99985957146,,,,,,,,,48415.99985957146
3360d814-a7e0-4cb6-90e9-6baac00bb485,2005,AES-128,encrypt,cuda_optimized_v1,optimized,resident,pinned,CTR,1024,15,1024:CTR:15,9e7edf0895506eeec8cb70b67a1e2fbe666aac2b394dfc9895eb9c0553ee5d52,0,186,True,1,20.997375838472973,,4.876799881458282e-05,,,48767.998814582825,,,,,,,,,48767.998814582825
3360d814-a7e0-4cb6-90e9-6baac00bb485,2005,AES-128,encrypt,cpu_software,software,transform,bytes,CTR,1024,15,1024:CTR:15,9e7edf0895506eeec8cb70b67a1e2fbe666aac2b394dfc9895eb9c0553ee5d52,1,187,True,,,,,,,,,,,8800,8.8e-06,116.36363636363636,0,0.0,
3360d814-a7e0-4cb6-90e9-6baac00bb485,2005,AES-128,encrypt,cuda_baseline,baseline,resident,pinned,CTR,1024,15,1024:CTR:15,9e7edf0895506eeec8cb70b67a1e2fbe666aac2b394dfc9895eb9c0553ee5d52,2,188,True,1,20.671834234210927,,4.953600093722343e-05,,,49536.000937223434,,,,,,,,,49536.000937223434
3360d814-a7e0-4cb6-90e9-6baac00bb485,2005,AES-128,encrypt,cuda_optimized_v1,optimized,pipeline,pinned,CTR,1024,15,1024:CTR:15,9e7edf0895506eeec8cb70b67a1e2fbe666aac2b394dfc9895eb9c0553ee5d52,3,189,True,,21.947873160320583,5.881677197013211,4.665600135922432e-05,0.0001741,37700,46656.00135922432,40000,77700,174100,,,,,,
3360d814-a7e0-4cb6-90e9-6baac00bb485,2005,AES-128,encrypt,cuda_baseline,baseline,pipeline,pinned,CTR,1024,15,1024:CTR:15,9e7edf0895506eeec8cb70b67a1e2fbe666aac2b394dfc9895eb9c0553ee5d52,4,190,True,,15.421686987863744,4.069952305246423,6.639999896287919e-05,0.0002516,38700,66399.99896287918,62900,101600,251600,,,,,,
3360d814-a7e0-4cb6-90e9-6baac00bb485,2005,AES-128,encrypt,cpu_aesni,aesni,transform,bytes,CTR,1024,15,1024:CTR:15,9e7edf0895506eeec8cb70b67a1e2fbe666aac2b394dfc9895eb9c0553ee5d52,5,191,True,,,,,,,,,,,11900,1.19e-05,86.05042016806723,0,0.0,
3360d814-a7e0-4cb6-90e9-6baac00bb485,2005,AES-128,encrypt,cpu_aesni,aesni,transform,bytes,ECB,1024,16,1024:ECB:16,c1fc1a78d8cbd431e210ee330547cb46e39ee215dd7fc2e2fe468c9f9c1963a7,0,192,True,,,,,,,,,,,5500,5.5e-06,186.1818181818182,0,0.0,
3360d814-a7e0-4cb6-90e9-6baac00bb485,2005,AES-128,encrypt,cuda_optimized_v1,optimized,resident,pinned,ECB,1024,16,1024:ECB:16,c1fc1a78d8cbd431e210ee330547cb46e39ee215dd7fc2e2fe468c9f9c1963a7,1,193,True,1,9.96574275020049,,0.00010275200009346008,,,102752.00009346008,,,,,,,,,102752.00009346008
3360d814-a7e0-4cb6-90e9-6baac00bb485,2005,AES-128,encrypt,cuda_baseline,baseline,pipeline,pinned,ECB,1024,16,1024:ECB:16,c1fc1a78d8cbd431e210ee330547cb46e39ee215dd7fc2e2fe468c9f9c1963a7,2,194,True,,20.395156717657667,3.7263464337700145,5.020799860358238e-05,0.0002748,77900,50207.99860358238,43100,121000,274800,,,,,,
3360d814-a7e0-4cb6-90e9-6baac00bb485,2005,AES-128,encrypt,cuda_optimized_v1,optimized,pipeline,pinned,ECB,1024,16,1024:ECB:16,c1fc1a78d8cbd431e210ee330547cb46e39ee215dd7fc2e2fe468c9f9c1963a7,3,195,True,,8.483562908252198,3.5716777118939658,0.00012070400267839432,0.0002867,43700,120704.00267839432,66600,110300,286700,,,,,,
3360d814-a7e0-4cb6-90e9-6baac00bb485,2005,AES-128,encrypt,cuda_baseline,baseline,resident,pinned,ECB,1024,16,1024:ECB:16,c1fc1a78d8cbd431e210ee330547cb46e39ee215dd7fc2e2fe468c9f9c1963a7,4,196,True,1,9.294220408326668,,0.00011017599701881409,,,110175.99701881409,,,,,,,,,110175.99701881409
3360d814-a7e0-4cb6-90e9-6baac00bb485,2005,AES-128,encrypt,cpu_software,software,transform,bytes,ECB,1024,16,1024:ECB:16,c1fc1a78d8cbd431e210ee330547cb46e39ee215dd7fc2e2fe468c9f9c1963a7,5,197,True,,,,,,,,,,,12600,1.26e-05,81.26984126984127,0,0.0,
3360d814-a7e0-4cb6-90e9-6baac00bb485,2005,AES-128,encrypt,cuda_baseline,baseline,resident,pinned,CTR,1024,16,1024:CTR:16,6e0b62bbe2e9f0ff434bf591e03a16efdcea550d2cc72ef7062151d9210f4777,0,198,True,1,19.31200913898893,,5.302400141954422e-05,,,53024.00141954422,,,,,,,,,53024.00141954422
3360d814-a7e0-4cb6-90e9-6baac00bb485,2005,AES-128,encrypt,cpu_aesni,aesni,transform,bytes,CTR,1024,16,1024:CTR:16,6e0b62bbe2e9f0ff434bf591e03a16efdcea550d2cc72ef7062151d9210f4777,1,199,True,,,,,,,,,,,5900,5.9e-06,173.5593220338983,0,0.0,
3360d814-a7e0-4cb6-90e9-6baac00bb485,2005,AES-128,encrypt,cuda_optimized_v1,optimized,resident,pinned,CTR,1024,16,1024:CTR:16,6e0b62bbe2e9f0ff434bf591e03a16efdcea550d2cc72ef7062151d9210f4777,2,200,True,1,10.705921919552766,,9.564799815416335e-05,,,95647.99815416336,,,,,,,,,95647.99815416336
3360d814-a7e0-4cb6-90e9-6baac00bb485,2005,AES-128,encrypt,cpu_software,software,transform,bytes,CTR,1024,16,1024:CTR:16,6e0b62bbe2e9f0ff434bf591e03a16efdcea550d2cc72ef7062151d9210f4777,3,201,True,,,,,,,,,,,8700,8.7e-06,117.70114942528735,0,0.0,
3360d814-a7e0-4cb6-90e9-6baac00bb485,2005,AES-128,encrypt,cuda_optimized_v1,optimized,pipeline,pinned,CTR,1024,16,1024:CTR:16,6e0b62bbe2e9f0ff434bf591e03a16efdcea550d2cc72ef7062151d9210f4777,4,202,True,,8.95856673521439,3.45362563237774,0.00011430399864912033,0.0002965,43400,114303.99864912033,48800,92200,296500,,,,,,
3360d814-a7e0-4cb6-90e9-6baac00bb485,2005,AES-128,encrypt,cuda_baseline,baseline,pipeline,pinned,CTR,1024,16,1024:CTR:16,6e0b62bbe2e9f0ff434bf591e03a16efdcea550d2cc72ef7062151d9210f4777,5,203,True,,10.332579695213642,3.8568738229755177,9.910400211811065e-05,0.0002655,39300,99104.00211811066,73600,112900,265500,,,,,,
3360d814-a7e0-4cb6-90e9-6baac00bb485,2005,AES-128,encrypt,cuda_optimized_v1,optimized,resident,pinned,ECB,1024,17,1024:ECB:17,847cbbcde030beab22666f91a3e67623490b7393860d04ba9e27ca17f0a3cd7f,0,204,True,1,19.07032213632526,,5.369599908590317e-05,,,53695.99908590317,,,,,,,,,53695.99908590317
3360d814-a7e0-4cb6-90e9-6baac00bb485,2005,AES-128,encrypt,cuda_optimized_v1,optimized,pipeline,pinned,ECB,1024,17,1024:ECB:17,847cbbcde030beab22666f91a3e67623490b7393860d04ba9e27ca17f0a3cd7f,1,205,True,,22.393281161565806,5.775521714608009,4.572800174355507e-05,0.0001773,40700,45728.00174355507,41300,82000,177300,,,,,,
3360d814-a7e0-4cb6-90e9-6baac00bb485,2005,AES-128,encrypt,cuda_baseline,baseline,resident,pinned,ECB,1024,17,1024:ECB:17,847cbbcde030beab22666f91a3e67623490b7393860d04ba9e27ca17f0a3cd7f,2,206,True,1,21.26245774967102,,4.8160001635551456e-05,,,48160.00163555145,,,,,,,,,48160.00163555145
3360d814-a7e0-4cb6-90e9-6baac00bb485,2005,AES-128,encrypt,cpu_aesni,aesni,transform,bytes,ECB,1024,17,1024:ECB:17,847cbbcde030beab22666f91a3e67623490b7393860d04ba9e27ca17f0a3cd7f,3,207,True,,,,,,,,,,,5900,5.9e-06,173.5593220338983,0,0.0,
3360d814-a7e0-4cb6-90e9-6baac00bb485,2005,AES-128,encrypt,cpu_software,software,transform,bytes,ECB,1024,17,1024:ECB:17,847cbbcde030beab22666f91a3e67623490b7393860d04ba9e27ca17f0a3cd7f,4,208,True,,,,,,,,,,,7200,7.2e-06,142.22222222222223,0,0.0,
3360d814-a7e0-4cb6-90e9-6baac00bb485,2005,AES-128,encrypt,cuda_baseline,baseline,pipeline,pinned,ECB,1024,17,1024:ECB:17,847cbbcde030beab22666f91a3e67623490b7393860d04ba9e27ca17f0a3cd7f,5,209,True,,20.050124741202037,5.626373626373627,5.1072001457214356e-05,0.000182,39800,51072.001457214355,41600,81400,182000,,,,,,
3360d814-a7e0-4cb6-90e9-6baac00bb485,2005,AES-128,encrypt,cuda_optimized_v1,optimized,pipeline,pinned,CTR,1024,17,1024:CTR:17,c942fc592b16e9c1655bf9a2349b5ae80de3b29ab58e3eb170dd06349f354211,0,210,True,,18.746339051346727,5.47008547008547,5.462399870157242e-05,0.0001872,39900,54623.99870157242,41600,81500,187200,,,,,,
3360d814-a7e0-4cb6-90e9-6baac00bb485,2005,AES-128,encrypt,cpu_software,software,transform,bytes,CTR,1024,17,1024:CTR:17,c942fc592b16e9c1655bf9a2349b5ae80de3b29ab58e3eb170dd06349f354211,1,211,True,,,,,,,,,,,11400,1.14e-05,89.82456140350877,0,0.0,
3360d814-a7e0-4cb6-90e9-6baac00bb485,2005,AES-128,encrypt,cpu_aesni,aesni,transform,bytes,CTR,1024,17,1024:CTR:17,c942fc592b16e9c1655bf9a2349b5ae80de3b29ab58e3eb170dd06349f354211,2,212,True,,,,,,,,,,,4800,4.8e-06,213.33333333333334,0,0.0,
3360d814-a7e0-4cb6-90e9-6baac00bb485,2005,AES-128,encrypt,cuda_optimized_v1,optimized,resident,pinned,CTR,1024,17,1024:CTR:17,c942fc592b16e9c1655bf9a2349b5ae80de3b29ab58e3eb170dd06349f354211,3,213,True,1,21.843003720681416,,4.687999933958054e-05,,,46879.999339580536,,,,,,,,,46879.999339580536
3360d814-a7e0-4cb6-90e9-6baac00bb485,2005,AES-128,encrypt,cuda_baseline,baseline,pipeline,pinned,CTR,1024,17,1024:CTR:17,c942fc592b16e9c1655bf9a2349b5ae80de3b29ab58e3eb170dd06349f354211,4,214,True,,20.69857678460131,5.743129556926529,4.947200044989586e-05,0.0001783,38200,49472.00044989586,41100,79300,178300,,,,,,
3360d814-a7e0-4cb6-90e9-6baac00bb485,2005,AES-128,encrypt,cuda_baseline,baseline,resident,pinned,CTR,1024,17,1024:CTR:17,c942fc592b16e9c1655bf9a2349b5ae80de3b29ab58e3eb170dd06349f354211,5,215,True,1,21.08036843868728,,4.85760010778904e-05,,,48576.001077890396,,,,,,,,,48576.001077890396
3360d814-a7e0-4cb6-90e9-6baac00bb485,2005,AES-128,encrypt,cuda_optimized_v1,optimized,resident,pinned,CTR,1024,18,1024:CTR:18,237700b6bc365c00aca599cc06be67427826a5e11d24ce25f2f1c3bdaa472164,0,216,True,1,20.189274934803745,,5.071999877691269e-05,,,50719.99877691269,,,,,,,,,50719.99877691269
3360d814-a7e0-4cb6-90e9-6baac00bb485,2005,AES-128,encrypt,cuda_baseline,baseline,resident,pinned,CTR,1024,18,1024:CTR:18,237700b6bc365c00aca599cc06be67427826a5e11d24ce25f2f1c3bdaa472164,1,217,True,1,18.550724852012504,,5.51999993622303e-05,,,55199.9993622303,,,,,,,,,55199.9993622303
3360d814-a7e0-4cb6-90e9-6baac00bb485,2005,AES-128,encrypt,cuda_baseline,baseline,pipeline,pinned,CTR,1024,18,1024:CTR:18,237700b6bc365c00aca599cc06be67427826a5e11d24ce25f2f1c3bdaa472164,2,218,True,,20.887728134056953,5.720670391061453,4.902400076389313e-05,0.000179,39200,49024.00076389313,41700,80900,179000,,,,,,
3360d814-a7e0-4cb6-90e9-6baac00bb485,2005,AES-128,encrypt,cpu_aesni,aesni,transform,bytes,CTR,1024,18,1024:CTR:18,237700b6bc365c00aca599cc06be67427826a5e11d24ce25f2f1c3bdaa472164,3,219,True,,,,,,,,,,,6300,6.3e-06,162.53968253968253,0,0.0,
3360d814-a7e0-4cb6-90e9-6baac00bb485,2005,AES-128,encrypt,cuda_optimized_v1,optimized,pipeline,pinned,CTR,1024,18,1024:CTR:18,237700b6bc365c00aca599cc06be67427826a5e11d24ce25f2f1c3bdaa472164,4,220,True,,21.798365089868188,5.610958904109589,4.69760000705719e-05,0.0001825,39400,46976.0000705719,42400,81800,182500,,,,,,
3360d814-a7e0-4cb6-90e9-6baac00bb485,2005,AES-128,encrypt,cpu_software,software,transform,bytes,CTR,1024,18,1024:CTR:18,237700b6bc365c00aca599cc06be67427826a5e11d24ce25f2f1c3bdaa472164,5,221,True,,,,,,,,,,,9100,9.1e-06,112.52747252747253,0,0.0,
3360d814-a7e0-4cb6-90e9-6baac00bb485,2005,AES-128,encrypt,cpu_aesni,aesni,transform,bytes,ECB,1024,18,1024:ECB:18,57d764d08895438ff221cadb3ad6c860d9bf24d4287a80b1cc836196e4e7444d,0,222,True,,,,,,,,,,,3300,3.3e-06,310.3030303030303,0,0.0,
3360d814-a7e0-4cb6-90e9-6baac00bb485,2005,AES-128,encrypt,cuda_optimized_v1,optimized,pipeline,pinned,ECB,1024,18,1024:ECB:18,57d764d08895438ff221cadb3ad6c860d9bf24d4287a80b1cc836196e4e7444d,1,223,True,,20.01250841856078,5.574305933587371,5.116799846291542e-05,0.0001837,40100,51167.99846291542,41500,81600,183700,,,,,,
3360d814-a7e0-4cb6-90e9-6baac00bb485,2005,AES-128,encrypt,cuda_optimized_v1,optimized,resident,pinned,ECB,1024,18,1024:ECB:18,57d764d08895438ff221cadb3ad6c860d9bf24d4287a80b1cc836196e4e7444d,2,224,True,1,19.18465214355293,,5.337600037455559e-05,,,53376.00037455559,,,,,,,,,53376.00037455559
3360d814-a7e0-4cb6-90e9-6baac00bb485,2005,AES-128,encrypt,cuda_baseline,baseline,resident,pinned,ECB,1024,18,1024:ECB:18,57d764d08895438ff221cadb3ad6c860d9bf24d4287a80b1cc836196e4e7444d,3,225,True,1,18.19215456989701,,5.628800019621849e-05,,,56288.00019621849,,,,,,,,,56288.00019621849
3360d814-a7e0-4cb6-90e9-6baac00bb485,2005,AES-128,encrypt,cpu_software,software,transform,bytes,ECB,1024,18,1024:ECB:18,57d764d08895438ff221cadb3ad6c860d9bf24d4287a80b1cc836196e4e7444d,4,226,True,,,,,,,,,,,9400,9.4e-06,108.93617021276596,0,0.0,
3360d814-a7e0-4cb6-90e9-6baac00bb485,2005,AES-128,encrypt,cuda_baseline,baseline,pipeline,pinned,ECB,1024,18,1024:ECB:18,57d764d08895438ff221cadb3ad6c860d9bf24d4287a80b1cc836196e4e7444d,5,227,True,,19.09307925785925,5.541125541125541,5.363199859857559e-05,0.0001848,39800,53631.99859857559,41000,80800,184800,,,,,,
3360d814-a7e0-4cb6-90e9-6baac00bb485,2005,AES-128,encrypt,cuda_optimized_v1,optimized,pipeline,pinned,CTR,1024,19,1024:CTR:19,a7e873481778a73f8ceacfa9401c07d5b3679fd9930ad190a56a12c2e54ac08b,0,228,True,,20.645160697377328,5.6512141280353205,4.960000142455101e-05,0.0001812,39100,49600.00142455101,40700,79800,181200,,,,,,
3360d814-a7e0-4cb6-90e9-6baac00bb485,2005,AES-128,encrypt,cpu_aesni,aesni,transform,bytes,CTR,1024,19,1024:CTR:19,a7e873481778a73f8ceacfa9401c07d5b3679fd9930ad190a56a12c2e54ac08b,1,229,True,,,,,,,,,,,6200,6.2e-06,165.16129032258064,0,0.0,
3360d814-a7e0-4cb6-90e9-6baac00bb485,2005,AES-128,encrypt,cuda_baseline,baseline,resident,pinned,CTR,1024,19,1024:CTR:19,a7e873481778a73f8ceacfa9401c07d5b3679fd9930ad190a56a12c2e54ac08b,2,230,True,1,20.176545156080213,,5.075199902057648e-05,,,50751.99902057648,,,,,,,,,50751.99902057648
3360d814-a7e0-4cb6-90e9-6baac00bb485,2005,AES-128,encrypt,cuda_optimized_v1,optimized,resident,pinned,CTR,1024,19,1024:CTR:19,a7e873481778a73f8ceacfa9401c07d5b3679fd9930ad190a56a12c2e54ac08b,3,231,True,1,19.00237510371264,,5.38880005478859e-05,,,53888.000547885895,,,,,,,,,53888.000547885895
3360d814-a7e0-4cb6-90e9-6baac00bb485,2005,AES-128,encrypt,cpu_software,software,transform,bytes,CTR,1024,19,1024:CTR:19,a7e873481778a73f8ceacfa9401c07d5b3679fd9930ad190a56a12c2e54ac08b,4,232,True,,,,,,,,,,,9200,9.2e-06,111.30434782608695,0,0.0,
3360d814-a7e0-4cb6-90e9-6baac00bb485,2005,AES-128,encrypt,cuda_baseline,baseline,pipeline,pinned,CTR,1024,19,1024:CTR:19,a7e873481778a73f8ceacfa9401c07d5b3679fd9930ad190a56a12c2e54ac08b,5,233,True,,20.725388616737913,5.620197585071351,4.9407999962568284e-05,0.0001822,40500,49407.99996256828,41200,81700,182200,,,,,,
3360d814-a7e0-4cb6-90e9-6baac00bb485,2005,AES-128,encrypt,cpu_aesni,aesni,transform,bytes,ECB,1024,19,1024:ECB:19,67a709e2090e8005fcba5c5be59b0794f4de1a3a5d0281609a5b5b408bc15cea,0,234,True,,,,,,,,,,,4100,4.1e-06,249.7560975609756,0,0.0,
3360d814-a7e0-4cb6-90e9-6baac00bb485,2005,AES-128,encrypt,cuda_optimized_v1,optimized,resident,pinned,ECB,1024,19,1024:ECB:19,67a709e2090e8005fcba5c5be59b0794f4de1a3a5d0281609a5b5b408bc15cea,1,235,True,1,21.13606336315252,,4.8448000103235245e-05,,,48448.000103235245,,,,,,,,,48448.000103235245
3360d814-a7e0-4cb6-90e9-6baac00bb485,2005,AES-128,encrypt,cuda_baseline,baseline,pipeline,pinned,ECB,1024,19,1024:ECB:19,67a709e2090e8005fcba5c5be59b0794f4de1a3a5d0281609a5b5b408bc15cea,2,236,True,,19.50030422947992,5.511302475780409,5.2512001246213915e-05,0.0001858,40900,52512.00124621391,42400,83300,185800,,,,,,
3360d814-a7e0-4cb6-90e9-6baac00bb485,2005,AES-128,encrypt,cuda_baseline,baseline,resident,pinned,ECB,1024,19,1024:ECB:19,67a709e2090e8005fcba5c5be59b0794f4de1a3a5d0281609a5b5b408bc15cea,3,237,True,1,18.81246292343164,,5.443200096487999e-05,,,54432.00096487999,,,,,,,,,54432.00096487999
3360d814-a7e0-4cb6-90e9-6baac00bb485,2005,AES-128,encrypt,cpu_software,software,transform,bytes,ECB,1024,19,1024:ECB:19,67a709e2090e8005fcba5c5be59b0794f4de1a3a5d0281609a5b5b408bc15cea,4,238,True,,,,,,,,,,,8800,8.8e-06,116.36363636363636,0,0.0,
3360d814-a7e0-4cb6-90e9-6baac00bb485,2005,AES-128,encrypt,cuda_optimized_v1,optimized,pipeline,pinned,ECB,1024,19,1024:ECB:19,67a709e2090e8005fcba5c5be59b0794f4de1a3a5d0281609a5b5b408bc15cea,5,239,True,,16.74515960772118,4.205338809034908,6.115199998021126e-05,0.0002435,38800,61151.99998021126,84800,123600,243500,,,,,,
3360d814-a7e0-4cb6-90e9-6baac00bb485,2005,AES-128,encrypt,cuda_optimized_v1,optimized,resident,pinned,ECB,16384,0,16384:ECB:0,79b327b589ebd3bc636cf51d52bff4c36f560699a2261775efaab1349024e141,0,240,True,1,316.440053311023,,5.177599936723709e-05,,,51775.99936723709,,,,,,,,,51775.99936723709
3360d814-a7e0-4cb6-90e9-6baac00bb485,2005,AES-128,encrypt,cuda_optimized_v1,optimized,pipeline,pinned,ECB,16384,0,16384:ECB:0,79b327b589ebd3bc636cf51d52bff4c36f560699a2261775efaab1349024e141,1,241,True,,329.4723382582859,77.50236518448439,4.972799867391586e-05,0.0002114,70200,49727.99867391586,41800,112000,211400,,,,,,
3360d814-a7e0-4cb6-90e9-6baac00bb485,2005,AES-128,encrypt,cuda_baseline,baseline,resident,pinned,ECB,16384,0,16384:ECB:0,79b327b589ebd3bc636cf51d52bff4c36f560699a2261775efaab1349024e141,2,242,True,1,339.07285379707855,,4.831999912858009e-05,,,48319.99912858009,,,,,,,,,48319.99912858009
3360d814-a7e0-4cb6-90e9-6baac00bb485,2005,AES-128,encrypt,cpu_aesni,aesni,transform,bytes,ECB,16384,0,16384:ECB:0,79b327b589ebd3bc636cf51d52bff4c36f560699a2261775efaab1349024e141,3,243,True,,,,,,,,,,,10500,1.05e-05,1560.3809523809523,0,0.0,
3360d814-a7e0-4cb6-90e9-6baac00bb485,2005,AES-128,encrypt,cuda_baseline,baseline,pipeline,pinned,ECB,16384,0,16384:ECB:0,79b327b589ebd3bc636cf51d52bff4c36f560699a2261775efaab1349024e141,4,244,True,,236.05348251440782,80.07820136852395,6.940799951553344e-05,0.0002046,41400,69407.99951553345,42300,83700,204600,,,,,,
3360d814-a7e0-4cb6-90e9-6baac00bb485,2005,AES-128,encrypt,cpu_software,software,transform,bytes,ECB,16384,0,16384:ECB:0,79b327b589ebd3bc636cf51d52bff4c36f560699a2261775efaab1349024e141,5,245,True,,,,,,,,,,,60300,6.03e-05,271.70812603648426,0,0.0,
3360d814-a7e0-4cb6-90e9-6baac00bb485,2005,AES-128,encrypt,cuda_baseline,baseline,resident,pinned,CTR,16384,0,16384:CTR:0,edaf1290f82dc2f6f065e336f4ed7d4fbc08d15e3b778bc256fa51edfc969198,0,246,True,1,326.1146571642102,,5.023999884724617e-05,,,50239.99884724617,,,,,,,,,50239.99884724617
3360d814-a7e0-4cb6-90e9-6baac00bb485,2005,AES-128,encrypt,cpu_aesni,aesni,transform,bytes,CTR,16384,0,16384:CTR:0,edaf1290f82dc2f6f065e336f4ed7d4fbc08d15e3b778bc256fa51edfc969198,1,247,True,,,,,,,,,,,11800,1.18e-05,1388.4745762711864,0,0.0,
3360d814-a7e0-4cb6-90e9-6baac00bb485,2005,AES-128,encrypt,cpu_software,software,transform,bytes,CTR,16384,0,16384:CTR:0,edaf1290f82dc2f6f065e336f4ed7d4fbc08d15e3b778bc256fa51edfc969198,2,248,True,,,,,,,,,,,59800,5.98e-05,273.9799331103679,0,0.0,
3360d814-a7e0-4cb6-90e9-6baac00bb485,2005,AES-128,encrypt,cuda_optimized_v1,optimized,resident,pinned,CTR,16384,0,16384:CTR:0,edaf1290f82dc2f6f065e336f4ed7d4fbc08d15e3b778bc256fa51edfc969198,3,249,True,1,316.049383602715,,5.1839999854564665e-05,,,51839.99985456467,,,,,,,,,51839.99985456467
3360d814-a7e0-4cb6-90e9-6baac00bb485,2005,AES-128,encrypt,cuda_optimized_v1,optimized,pipeline,pinned,CTR,16384,0,16384:CTR:0,edaf1290f82dc2f6f065e336f4ed7d4fbc08d15e3b778bc256fa51edfc969198,4,250,True,,301.8867938625787,88.51431658562939,5.427199974656105e-05,0.0001851,41100,54271.99974656105,40600,81700,185100,,,,,,
3360d814-a7e0-4cb6-90e9-6baac00bb485,2005,AES-128,encrypt,cuda_baseline,baseline,pipeline,pinned,CTR,16384,0,16384:CTR:0,edaf1290f82dc2f6f065e336f4ed7d4fbc08d15e3b778bc256fa51edfc969198,5,251,True,,326.947626867347,87.56814537680386,5.0112001597881316e-05,0.0001871,40800,50112.00159788132,43000,83800,187100,,,,,,
3360d814-a7e0-4cb6-90e9-6baac00bb485,2005,AES-128,encrypt,cpu_aesni,aesni,transform,bytes,CTR,16384,1,16384:CTR:1,d2a7b25b3f2aa473dd8dcda41c42427a02bab1a9c00420c9a0fbac2ebcb32002,0,252,True,,,,,,,,,,,11300,1.13e-05,1449.9115044247787,0,0.0,
3360d814-a7e0-4cb6-90e9-6baac00bb485,2005,AES-128,encrypt,cuda_baseline,baseline,pipeline,pinned,CTR,16384,1,16384:CTR:1,d2a7b25b3f2aa473dd8dcda41c42427a02bab1a9c00420c9a0fbac2ebcb32002,1,253,True,,141.74972198603248,47.850467289719624,0.00011558400094509125,0.0003424,74900,115584.00094509125,46400,121300,342400,,,,,,
3360d814-a7e0-4cb6-90e9-6baac00bb485,2005,AES-128,encrypt,cuda_optimized_v1,optimized,resident,pinned,CTR,16384,1,16384:CTR:1,d2a7b25b3f2aa473dd8dcda41c42427a02bab1a9c00420c9a0fbac2ebcb32002,2,254,True,1,315.07691657613736,,5.200000107288361e-05,,,52000.001072883606,,,,,,,,,52000.001072883606
3360d814-a7e0-4cb6-90e9-6baac00bb485,2005,AES-128,encrypt,cuda_baseline,baseline,resident,pinned,CTR,16384,1,16384:CTR:1,d2a7b25b3f2aa473dd8dcda41c42427a02bab1a9c00420c9a0fbac2ebcb32002,3,255,True,1,307.1385715319076,,5.33440001308918e-05,,,53344.0001308918,,,,,,,,,53344.0001308918
3360d814-a7e0-4cb6-90e9-6baac00bb485,2005,AES-128,encrypt,cpu_software,software,transform,bytes,CTR,16384,1,16384:CTR:1,d2a7b25b3f2aa473dd8dcda41c42427a02bab1a9c00420c9a0fbac2ebcb32002,4,256,True,,,,,,,,,,,63800,6.38e-05,256.80250783699057,0,0.0,
3360d814-a7e0-4cb6-90e9-6baac00bb485,2005,AES-128,encrypt,cuda_optimized_v1,optimized,pipeline,pinned,CTR,16384,1,16384:CTR:1,d2a7b25b3f2aa473dd8dcda41c42427a02bab1a9c00420c9a0fbac2ebcb32002,5,257,True,,294.9308845099619,86.09563846558066,5.555199831724167e-05,0.0001903,42100,55551.99831724167,43300,85400,190300,,,,,,
3360d814-a7e0-4cb6-90e9-6baac00bb485,2005,AES-128,encrypt,cuda_baseline,baseline,pipeline,pinned,ECB,16384,1,16384:ECB:1,dd0daa26268758b5f431b62db0e05580c11cd60a3a5d1cb8cb57012c4f30f2e3,0,258,True,,341.1059246869661,88.75406283856988,4.80320006608963e-05,0.0001846,42200,48032.0006608963,44700,86900,184600,,,,,,
3360d814-a7e0-4cb6-90e9-6baac00bb485,2005,AES-128,encrypt,cuda_optimized_v1,optimized,pipeline,pinned,ECB,16384,1,16384:ECB:1,dd0daa26268758b5f431b62db0e05580c11cd60a3a5d1cb8cb57012c4f30f2e3,1,259,True,,344.0860126997534,89.67706622879037,4.761600121855736e-05,0.0001827,42200,47616.00121855736,44400,86600,182700,,,,,,
3360d814-a7e0-4cb6-90e9-6baac00bb485,2005,AES-128,encrypt,cuda_optimized_v1,optimized,resident,pinned,ECB,16384,1,16384:ECB:1,dd0daa26268758b5f431b62db0e05580c11cd60a3a5d1cb8cb57012c4f30f2e3,2,260,True,1,326.32250748252267,,5.020799860358238e-05,,,50207.99860358238,,,,,,,,,50207.99860358238
3360d814-a7e0-4cb6-90e9-6baac00bb485,2005,AES-128,encrypt,cpu_software,software,transform,bytes,ECB,16384,1,16384:ECB:1,dd0daa26268758b5f431b62db0e05580c11cd60a3a5d1cb8cb57012c4f30f2e3,3,261,True,,,,,,,,,,,58700,5.87e-05,279.11413969335604,0,0.0,
3360d814-a7e0-4cb6-90e9-6baac00bb485,2005,AES-128,encrypt,cpu_aesni,aesni,transform,bytes,ECB,16384,1,16384:ECB:1,dd0daa26268758b5f431b62db0e05580c11cd60a3a5d1cb8cb57012c4f30f2e3,4,262,True,,,,,,,,,,,7100,7.1e-06,2307.605633802817,0,0.0,
3360d814-a7e0-4cb6-90e9-6baac00bb485,2005,AES-128,encrypt,cuda_baseline,baseline,resident,pinned,ECB,16384,1,16384:ECB:1,dd0daa26268758b5f431b62db0e05580c11cd60a3a5d1cb8cb57012c4f30f2e3,5,263,True,1,302.06489952354883,,5.4239999502897264e-05,,,54239.99950289726,,,,,,,,,54239.99950289726
3360d814-a7e0-4cb6-90e9-6baac00bb485,2005,AES-128,encrypt,cpu_aesni,aesni,transform,bytes,CTR,16384,2,16384:CTR:2,feb510ba80bbd997427af4a35bfe5d685c9808716b01ca93afdeed1a01fa926d,0,264,True,,,,,,,,,,,10500,1.05e-05,1560.3809523809523,0,0.0,
3360d814-a7e0-4cb6-90e9-6baac00bb485,2005,AES-128,encrypt,cuda_optimized_v1,optimized,pipeline,pinned,CTR,16384,2,16384:CTR:2,feb510ba80bbd997427af4a35bfe5d685c9808716b01ca93afdeed1a01fa926d,1,265,True,,343.62414877971355,87.66185125735687,4.7680001705884936e-05,0.0001869,42900,47680.00170588493,45100,88000,186900,,,,,,
3360d814-a7e0-4cb6-90e9-6baac00bb485,2005,AES-128,encrypt,cuda_baseline,baseline,resident,pinned,CTR,16384,2,16384:CTR:2,feb510ba80bbd997427af4a35bfe5d685c9808716b01ca93afdeed1a01fa926d,2,266,True,1,332.0363200032252,,4.934399947524071e-05,,,49343.99947524071,,,,,,,,,49343.99947524071
3360d814-a7e0-4cb6-90e9-6baac00bb485,2005,AES-128,encrypt,cuda_optimized_v1,optimized,resident,pinned,CTR,16384,2,16384:CTR:2,feb510ba80bbd997427af4a35bfe5d685c9808716b01ca93afdeed1a01fa926d,3,267,True,1,242.9995278800057,,6.742399930953979e-05,,,67423.9993095398,,,,,,,,,67423.9993095398
3360d814-a7e0-4cb6-90e9-6baac00bb485,2005,AES-128,encrypt,cpu_software,software,transform,bytes,CTR,16384,2,16384:CTR:2,feb510ba80bbd997427af4a35bfe5d685c9808716b01ca93afdeed1a01fa926d,4,268,True,,,,,,,,,,,68600,6.86e-05,238.8338192419825,0,0.0,
3360d814-a7e0-4cb6-90e9-6baac00bb485,2005,AES-128,encrypt,cuda_baseline,baseline,pipeline,pinned,CTR,16384,2,16384:CTR:2,feb510ba80bbd997427af4a35bfe5d685c9808716b01ca93afdeed1a01fa926d,5,269,True,,215.30698550222883,54.79598662207358,7.609599828720093e-05,0.000299,71400,76095.99828720093,47300,118700,299000,,,,,,
3360d814-a7e0-4cb6-90e9-6baac00bb485,2005,AES-128,encrypt,cpu_aesni,aesni,transform,bytes,ECB,16384,2,16384:ECB:2,d2b05b47c8f33a5861506a61c9abe6c018f28b0acd1ed3dc091208207b84af58,0,270,True,,,,,,,,,,,8500,8.5e-06,1927.5294117647059,0,0.0,
3360d814-a7e0-4cb6-90e9-6baac00bb485,2005,AES-128,encrypt,cuda_optimized_v1,optimized,resident,pinned,ECB,16384,2,16384:ECB:2,d2b05b47c8f33a5861506a61c9abe6c018f28b0acd1ed3dc091208207b84af58,1,271,True,1,291.7378957816858,,5.6159999221563336e-05,,,56159.99922156334,,,,,,,,,56159.99922156334
3360d814-a7e0-4cb6-90e9-6baac00bb485,2005,AES-128,encrypt,cuda_optimized_v1,optimized,pipeline,pinned,ECB,16384,2,16384:ECB:2,d2b05b47c8f33a5861506a61c9abe6c018f28b0acd1ed3dc091208207b84af58,2,272,True,,316.440053311023,85.51148225469728,5.177599936723709e-05,0.0001916,43900,51775.99936723709,44600,88500,191600,,,,,,
3360d814-a7e0-4cb6-90e9-6baac00bb485,2005,AES-128,encrypt,cuda_baseline,baseline,resident,pinned,ECB,16384,2,16384:ECB:2,d2b05b47c8f33a5861506a61c9abe6c018f28b0acd1ed3dc091208207b84af58,3,273,True,1,325.9070714568522,,5.027199909090996e-05,,,50271.99909090996,,,,,,,,,50271.99909090996
3360d814-a7e0-4cb6-90e9-6baac00bb485,2005,AES-128,encrypt,cuda_baseline,baseline,pipeline,pinned,ECB,16384,2,16384:ECB:2,d2b05b47c8f33a5861506a61c9abe6c018f28b0acd1ed3dc091208207b84af58,4,274,True,,317.2242973573433,86.14090431125132,5.164799839258194e-05,0.0001902,41500,51647.99839258194,46600,88100,190200,,,,,,
3360d814-a7e0-4cb6-90e9-6baac00bb485,2005,AES-128,encrypt,cpu_software,software,transform,bytes,ECB,16384,2,16384:ECB:2,d2b05b47c8f33a5861506a61c9abe6c018f28b0acd1ed3dc091208207b84af58,5,275,True,,,,,,,,,,,61800,6.18e-05,265.1132686084142,0,0.0,
3360d814-a7e0-4cb6-90e9-6baac00bb485,2005,AES-128,encrypt,cpu_software,software,transform,bytes,ECB,16384,3,16384:ECB:3,4dfbf6dc302877948c1746f94d9e58a2cbca4fecb74c68af57f00fb5e9810ce6,0,276,True,,,,,,,,,,,58200,5.82e-05,281.51202749140896,0,0.0,
3360d814-a7e0-4cb6-90e9-6baac00bb485,2005,AES-128,encrypt,cuda_baseline,baseline,pipeline,pinned,ECB,16384,3,16384:ECB:3,4dfbf6dc302877948c1746f94d9e58a2cbca4fecb74c68af57f00fb5e9810ce6,1,277,True,,171.98521518040113,62.87029930928626,9.52640026807785e-05,0.0002606,46700,95264.0026807785,45700,92400,260600,,,,,,
3360d814-a7e0-4cb6-90e9-6baac00bb485,2005,AES-128,encrypt,cuda_optimized_v1,optimized,pipeline,pinned,ECB,16384,3,16384:ECB:3,4dfbf6dc302877948c1746f94d9e58a2cbca4fecb74c68af57f00fb5e9810ce6,2,278,True,,302.9585894915261,69.80826587132509,5.407999828457832e-05,0.0002347,41200,54079.99828457832,90700,131900,234700,,,,,,
3360d814-a7e0-4cb6-90e9-6baac00bb485,2005,AES-128,encrypt,cuda_optimized_v1,optimized,resident,pinned,ECB,16384,3,16384:ECB:3,4dfbf6dc302877948c1746f94d9e58a2cbca4fecb74c68af57f00fb5e9810ce6,3,279,True,1,313.3414960212534,,5.2287999540567396e-05,,,52287.9995405674,,,,,,,,,52287.9995405674
3360d814-a7e0-4cb6-90e9-6baac00bb485,2005,AES-128,encrypt,cpu_aesni,aesni,transform,bytes,ECB,16384,3,16384:ECB:3,4dfbf6dc302877948c1746f94d9e58a2cbca4fecb74c68af57f00fb5e9810ce6,4,280,True,,,,,,,,,,,9900,9.9e-06,1654.949494949495,0,0.0,
3360d814-a7e0-4cb6-90e9-6baac00bb485,2005,AES-128,encrypt,cuda_baseline,baseline,resident,pinned,ECB,16384,3,16384:ECB:3,4dfbf6dc302877948c1746f94d9e58a2cbca4fecb74c68af57f00fb5e9810ce6,5,281,True,1,300.4694742231959,,5.452800169587135e-05,,,54528.00169587135,,,,,,,,,54528.00169587135
3360d814-a7e0-4cb6-90e9-6baac00bb485,2005,AES-128,encrypt,cuda_optimized_v1,optimized,pipeline,pinned,CTR,16384,3,16384:CTR:3,c2369d5f77dcfb4a6b65cdc883b8423760f278fab73f11ba9563f7692835886b,0,282,True,,346.8834813596269,89.18889493739793,4.7231998294591905e-05,0.0001837,42300,47231.998294591904,41500,83800,183700,,,,,,
3360d814-a7e0-4cb6-90e9-6baac00bb485,2005,AES-128,encrypt,cuda_optimized_v1,optimized,resident,pinned,CTR,16384,3,16384:CTR:3,c2369d5f77dcfb4a6b65cdc883b8423760f278fab73f11ba9563f7692835886b,1,283,True,1,339.7478546867906,,4.822399839758873e-05,,,48223.99839758873,,,,,,,,,48223.99839758873
3360d814-a7e0-4cb6-90e9-6baac00bb485,2005,AES-128,encrypt,cpu_aesni,aesni,transform,bytes,CTR,16384,3,16384:CTR:3,c2369d5f77dcfb4a6b65cdc883b8423760f278fab73f11ba9563f7692835886b,2,284,True,,,,,,,,,,,12500,1.25e-05,1310.72,0,0.0,
3360d814-a7e0-4cb6-90e9-6baac00bb485,2005,AES-128,encrypt,cuda_baseline,baseline,resident,pinned,CTR,16384,3,16384:CTR:3,c2369d5f77dcfb4a6b65cdc883b8423760f278fab73f11ba9563f7692835886b,3,285,True,1,317.81501317559815,,5.1552001386880875e-05,,,51552.001386880875,,,,,,,,,51552.001386880875
3360d814-a7e0-4cb6-90e9-6baac00bb485,2005,AES-128,encrypt,cpu_software,software,transform,bytes,CTR,16384,3,16384:CTR:3,c2369d5f77dcfb4a6b65cdc883b8423760f278fab73f11ba9563f7692835886b,4,286,True,,,,,,,,,,,61600,6.16e-05,265.97402597402595,0,0.0,
3360d814-a7e0-4cb6-90e9-6baac00bb485,2005,AES-128,encrypt,cuda_baseline,baseline,pipeline,pinned,CTR,16384,3,16384:CTR:3,c2369d5f77dcfb4a6b65cdc883b8423760f278fab73f11ba9563f7692835886b,5,287,True,,318.8044821423899,89.18889493739793,5.1392000168561934e-05,0.0001837,41900,51392.000168561935,41500,83400,183700,,,,,,
3360d814-a7e0-4cb6-90e9-6baac00bb485,2005,AES-128,encrypt,cpu_aesni,aesni,transform,bytes,CTR,16384,4,16384:CTR:4,ccb2deb6279b649f01c1135ca7e3e7f1daacb7833fcb12fa1385d726c1c574ec,0,288,True,,,,,,,,,,,12000,1.2e-05,1365.3333333333333,0,0.0,
3360d814-a7e0-4cb6-90e9-6baac00bb485,2005,AES-128,encrypt,cpu_software,software,transform,bytes,CTR,16384,4,16384:CTR:4,ccb2deb6279b649f01c1135ca7e3e7f1daacb7833fcb12fa1385d726c1c574ec,1,289,True,,,,,,,,,,,59000,5.9e-05,277.6949152542373,0,0.0,
3360d814-a7e0-4cb6-90e9-6baac00bb485,2005,AES-128,encrypt,cuda_baseline,baseline,pipeline,pinned,CTR,16384,4,16384:CTR:4,ccb2deb6279b649f01c1135ca7e3e7f1daacb7833fcb12fa1385d726c1c574ec,2,290,True,,301.7088981097019,87.33475479744136,5.430399999022484e-05,0.0001876,40900,54303.99999022484,42000,82900,187600,,,,,,
3360d814-a7e0-4cb6-90e9-6baac00bb485,2005,AES-128,encrypt,cuda_optimized_v1,optimized,pipeline,pinned,CTR,16384,4,16384:CTR:4,ccb2deb6279b649f01c1135ca7e3e7f1daacb7833fcb12fa1385d726c1c574ec,3,291,True,,336.620631802537,90.07146783947223,4.867200180888176e-05,0.0001819,43100,48672.00180888176,42000,85100,181900,,,,,,
3360d814-a7e0-4cb6-90e9-6baac00bb485,2005,AES-128,encrypt,cuda_baseline,baseline,resident,pinned,CTR,16384,4,16384:CTR:4,ccb2deb6279b649f01c1135ca7e3e7f1daacb7833fcb12fa1385d726c1c574ec,4,292,True,1,336.1786047362616,,4.8735998570919034e-05,,,48735.99857091904,,,,,,,,,48735.99857091904
3360d814-a7e0-4cb6-90e9-6baac00bb485,2005,AES-128,encrypt,cuda_optimized_v1,optimized,resident,pinned,CTR,16384,4,16384:CTR:4,ccb2deb6279b649f01c1135ca7e3e7f1daacb7833fcb12fa1385d726c1c574ec,5,293,True,1,333.33332154304867,,4.915200173854828e-05,,,49152.00173854828,,,,,,,,,49152.00173854828
3360d814-a7e0-4cb6-90e9-6baac00bb485,2005,AES-128,encrypt,cpu_software,software,transform,bytes,ECB,16384,4,16384:ECB:4,2481ac045ef7098d241dd7f8422ed9d8eb5e5b1557037c04e29b0ccac4182fbb,0,294,True,,,,,,,,,,,57900,5.79e-05,282.9706390328152,15625000,269.8618307426598,
3360d814-a7e0-4cb6-90e9-6baac00bb485,2005,AES-128,encrypt,cuda_baseline,baseline,pipeline,pinned,ECB,16384,4,16384:ECB:4,2481ac045ef7098d241dd7f8422ed9d8eb5e5b1557037c04e29b0ccac4182fbb,1,295,True,,223.9720089437117,78.731379144642,7.315199822187424e-05,0.0002081,42400,73151.99822187424,42900,85300,208100,,,,,,
3360d814-a7e0-4cb6-90e9-6baac00bb485,2005,AES-128,encrypt,cuda_optimized_v1,optimized,pipeline,pinned,ECB,16384,4,16384:ECB:4,2481ac045ef7098d241dd7f8422ed9d8eb5e5b1557037c04e29b0ccac4182fbb,2,296,True,,167.04730530265135,53.9835255354201,9.808000177145005e-05,0.0003035,60200,98080.00177145004,94300,154500,303500,,,,,,
3360d814-a7e0-4cb6-90e9-6baac00bb485,2005,AES-128,encrypt,cpu_aesni,aesni,transform,bytes,ECB,16384,4,16384:ECB:4,2481ac045ef7098d241dd7f8422ed9d8eb5e5b1557037c04e29b0ccac4182fbb,3,297,True,,,,,,,,,,,9600,9.6e-06,1706.6666666666667,0,0.0,
3360d814-a7e0-4cb6-90e9-6baac00bb485,2005,AES-128,encrypt,cuda_optimized_v1,optimized,resident,pinned,ECB,16384,4,16384:ECB:4,2481ac045ef7098d241dd7f8422ed9d8eb5e5b1557037c04e29b0ccac4182fbb,4,298,True,1,330.96314985571496,,4.950400069355965e-05,,,49504.00069355965,,,,,,,,,49504.00069355965
3360d814-a7e0-4cb6-90e9-6baac00bb485,2005,AES-128,encrypt,cuda_baseline,baseline,resident,pinned,ECB,16384,4,16384:ECB:4,2481ac045ef7098d241dd7f8422ed9d8eb5e5b1557037c04e29b0ccac4182fbb,5,299,True,1,341.78905256921155,,4.793599992990494e-05,,,47935.99992990494,,,,,,,,,47935.99992990494
3360d814-a7e0-4cb6-90e9-6baac00bb485,2005,AES-128,encrypt,cpu_aesni,aesni,transform,bytes,CTR,16384,5,16384:CTR:5,c888d6c699edc0d56b7c05e42f561471da286980dc7581f7486f0bfd9a7682f4,0,300,True,,,,,,,,,,,10400,1.04e-05,1575.3846153846155,0,0.0,
3360d814-a7e0-4cb6-90e9-6baac00bb485,2005,AES-128,encrypt,cuda_optimized_v1,optimized,pipeline,pinned,CTR,16384,5,16384:CTR:5,c888d6c699edc0d56b7c05e42f561471da286980dc7581f7486f0bfd9a7682f4,1,301,True,,335.95801341556756,86.41350210970464,4.876799881458282e-05,0.0001896,45000,48767.998814582825,42700,87700,189600,,,,,,
3360d814-a7e0-4cb6-90e9-6baac00bb485,2005,AES-128,encrypt,cuda_baseline,baseline,pipeline,pinned,CTR,16384,5,16384:CTR:5,c888d6c699edc0d56b7c05e42f561471da286980dc7581f7486f0bfd9a7682f4,2,302,True,,305.30710259154256,86.23157894736842,5.366399884223938e-05,0.00019,43600,53663.99884223938,43100,86700,190000,,,,,,
3360d814-a7e0-4cb6-90e9-6baac00bb485,2005,AES-128,encrypt,cuda_optimized_v1,optimized,resident,pinned,CTR,16384,5,16384:CTR:5,c888d6c699edc0d56b7c05e42f561471da286980dc7581f7486f0bfd9a7682f4,3,303,True,1,339.5225559790579,,4.8255998641252515e-05,,,48255.99864125252,,,,,,,,,48255.99864125252
3360d814-a7e0-4cb6-90e9-6baac00bb485,2005,AES-128,encrypt,cuda_baseline,baseline,resident,pinned,CTR,16384,5,16384:CTR:5,c888d6c699edc0d56b7c05e42f561471da286980dc7581f7486f0bfd9a7682f4,4,304,True,1,322.8247224972834,,5.075199902057648e-05,,,50751.99902057648,,,,,,,,,50751.99902057648
3360d814-a7e0-4cb6-90e9-6baac00bb485,2005,AES-128,encrypt,cpu_software,software,transform,bytes,CTR,16384,5,16384:CTR:5,c888d6c699edc0d56b7c05e42f561471da286980dc7581f7486f0bfd9a7682f4,5,305,True,,,,,,,,,,,79400,7.94e-05,206.34760705289673,0,0.0,
3360d814-a7e0-4cb6-90e9-6baac00bb485,2005,AES-128,encrypt,cpu_aesni,aesni,transform,bytes,ECB,16384,5,16384:ECB:5,06b7c81f37f2239dba8ca08dc8e90b052f1d5af38537ff3de4d38e9ccc0d6664,0,306,True,,,,,,,,,,,7000,7e-06,2340.5714285714284,0,0.0,
3360d814-a7e0-4cb6-90e9-6baac00bb485,2005,AES-128,encrypt,cuda_optimized_v1,optimized,resident,pinned,ECB,16384,5,16384:ECB:5,06b7c81f37f2239dba8ca08dc8e90b052f1d5af38537ff3de4d38e9ccc0d6664,1,307,True,1,303.8575623049266,,5.3920000791549686e-05,,,53920.00079154968,,,,,,,,,53920.00079154968
3360d814-a7e0-4cb6-90e9-6baac00bb485,2005,AES-128,encrypt,cuda_optimized_v1,optimized,pipeline,pinned,ECB,16384,5,16384:ECB:5,06b7c81f37f2239dba8ca08dc8e90b052f1d5af38537ff3de4d38e9ccc0d6664,2,308,True,,337.2858950189965,88.65800865800865,4.85760010778904e-05,0.0001848,43400,48576.001077890396,42800,86200,184800,,,,,,
3360d814-a7e0-4cb6-90e9-6baac00bb485,2005,AES-128,encrypt,cpu_software,software,transform,bytes,ECB,16384,5,16384:ECB:5,06b7c81f37f2239dba8ca08dc8e90b052f1d5af38537ff3de4d38e9ccc0d6664,3,309,True,,,,,,,,,,,58100,5.81e-05,281.99655765920824,0,0.0,
3360d814-a7e0-4cb6-90e9-6baac00bb485,2005,AES-128,encrypt,cuda_baseline,baseline,resident,pinned,ECB,16384,5,16384:ECB:5,06b7c81f37f2239dba8ca08dc8e90b052f1d5af38537ff3de4d38e9ccc0d6664,4,310,True,1,342.0173703095979,,4.790399968624115e-05,,,47903.99968624115,,,,,,,,,47903.99968624115
3360d814-a7e0-4cb6-90e9-6baac00bb485,2005,AES-128,encrypt,cuda_baseline,baseline,pipeline,pinned,ECB,16384,5,16384:ECB:5,06b7c81f37f2239dba8ca08dc8e90b052f1d5af38537ff3de4d38e9ccc0d6664,5,311,True,,323.6409494856864,89.53005464480874,5.0624001771211624e-05,0.000183,41700,50624.001771211624,42200,83900,183000,,,,,,
3360d814-a7e0-4cb6-90e9-6baac00bb485,2005,AES-128,encrypt,cpu_software,software,transform,bytes,CTR,16384,6,16384:CTR:6,c725d0ec20ec49ce47cca4e7883c8079876cce036e7078a7cd5c19f1869c1328,0,312,True,,,,,,,,,,,60900,6.09e-05,269.0311986863711,0,0.0,
3360d814-a7e0-4cb6-90e9-6baac00bb485,2005,AES-128,encrypt,cuda_optimized_v1,optimized,pipeline,pinned,CTR,16384,6,16384:CTR:6,c725d0ec20ec49ce47cca4e7883c8079876cce036e7078a7cd5c19f1869c1328,1,313,True,,149.01047355366504,39.299592228352125,0.00010995200276374817,0.0004169,67500,109952.00276374817,122700,190200,416900,,,,,,
3360d814-a7e0-4cb6-90e9-6baac00bb485,2005,AES-128,encrypt,cpu_aesni,aesni,transform,bytes,CTR,16384,6,16384:CTR:6,c725d0ec20ec49ce47cca4e7883c8079876cce036e7078a7cd5c19f1869c1328,2,314,True,,,,,,,,,,,21200,2.12e-05,772.8301886792453,0,0.0,
3360d814-a7e0-4cb6-90e9-6baac00bb485,2005,AES-128,encrypt,cuda_optimized_v1,optimized,resident,pinned,CTR,16384,6,16384:CTR:6,c725d0ec20ec49ce47cca4e7883c8079876cce036e7078a7cd5c19f1869c1328,3,315,True,1,156.09755799360468,,0.00010496000200510025,,,104960.00200510025,,,,,,,,,104960.00200510025
3360d814-a7e0-4cb6-90e9-6baac00bb485,2005,AES-128,encrypt,cuda_baseline,baseline,resident,pinned,CTR,16384,6,16384:CTR:6,c725d0ec20ec49ce47cca4e7883c8079876cce036e7078a7cd5c19f1869c1328,4,316,True,1,170.38269187022817,,9.616000205278397e-05,,,96160.00205278397,,,,,,,,,96160.00205278397
3360d814-a7e0-4cb6-90e9-6baac00bb485,2005,AES-128,encrypt,cuda_baseline,baseline,pipeline,pinned,CTR,16384,6,16384:CTR:6,c725d0ec20ec49ce47cca4e7883c8079876cce036e7078a7cd5c19f1869c1328,5,317,True,,146.4530859950906,46.217207334273624,0.00011187200248241425,0.0003545,42400,111872.00248241425,111100,153500,354500,,,,,,
3360d814-a7e0-4cb6-90e9-6baac00bb485,2005,AES-128,encrypt,cpu_software,software,transform,bytes,ECB,16384,6,16384:ECB:6,656a6e21b6afa50fb4f7af66c6fbf26c0f75e76af6b94c55de7e20419163dbe8,0,318,True,,,,,,,,,,,57300,5.73e-05,285.93368237347295,0,0.0,
3360d814-a7e0-4cb6-90e9-6baac00bb485,2005,AES-128,encrypt,cuda_baseline,baseline,resident,pinned,ECB,16384,6,16384:ECB:6,656a6e21b6afa50fb4f7af66c6fbf26c0f75e76af6b94c55de7e20419163dbe8,1,319,True,1,342.0173703095979,,4.790399968624115e-05,,,47903.99968624115,,,,,,,,,47903.99968624115
3360d814-a7e0-4cb6-90e9-6baac00bb485,2005,AES-128,encrypt,cuda_optimized_v1,optimized,pipeline,pinned,ECB,16384,6,16384:ECB:6,656a6e21b6afa50fb4f7af66c6fbf26c0f75e76af6b94c55de7e20419163dbe8,2,320,True,,322.21523127848934,86.59619450317125,5.0847999751567844e-05,0.0001892,44700,50847.99975156784,43600,88300,189200,,,,,,
3360d814-a7e0-4cb6-90e9-6baac00bb485,2005,AES-128,encrypt,cuda_baseline,baseline,pipeline,pinned,ECB,16384,6,16384:ECB:6,656a6e21b6afa50fb4f7af66c6fbf26c0f75e76af6b94c55de7e20419163dbe8,3,321,True,,329.68449206216894,88.80216802168022,4.9695998430252074e-05,0.0001845,41300,49695.998430252075,46100,87400,184500,,,,,,
3360d814-a7e0-4cb6-90e9-6baac00bb485,2005,AES-128,encrypt,cuda_optimized_v1,optimized,resident,pinned,ECB,16384,6,16384:ECB:6,656a6e21b6afa50fb4f7af66c6fbf26c0f75e76af6b94c55de7e20419163dbe8,4,322,True,1,303.49732535314484,,5.3984001278877256e-05,,,53984.00127887726,,,,,,,,,53984.00127887726
3360d814-a7e0-4cb6-90e9-6baac00bb485,2005,AES-128,encrypt,cpu_aesni,aesni,transform,bytes,ECB,16384,6,16384:ECB:6,656a6e21b6afa50fb4f7af66c6fbf26c0f75e76af6b94c55de7e20419163dbe8,5,323,True,,,,,,,,,,,10000,1e-05,1638.4,0,0.0,
3360d814-a7e0-4cb6-90e9-6baac00bb485,2005,AES-128,encrypt,cpu_software,software,transform,bytes,ECB,16384,7,16384:ECB:7,eeef9f2c292d4f94562fcad4cb6e1e5031ac0502e9a0630746824a186da6646b,0,324,True,,,,,,,,,,,56400,5.64e-05,290.49645390070924,0,0.0,
3360d814-a7e0-4cb6-90e9-6baac00bb485,2005,AES-128,encrypt,cpu_aesni,aesni,transform,bytes,ECB,16384,7,16384:ECB:7,eeef9f2c292d4f94562fcad4cb6e1e5031ac0502e9a0630746824a186da6646b,1,325,True,,,,,,,,,,,6800,6.8e-06,2409.4117647058824,0,0.0,
3360d814-a7e0-4cb6-90e9-6baac00bb485,2005,AES-128,encrypt,cuda_baseline,baseline,pipeline,pinned,ECB,16384,7,16384:ECB:7,eeef9f2c292d4f94562fcad4cb6e1e5031ac0502e9a0630746824a186da6646b,2,326,True,,343.62414877971355,88.46652267818574,4.7680001705884936e-05,0.0001852,42900,47680.00170588493,45100,88000,185200,,,,,,
3360d814-a7e0-4cb6-90e9-6baac00bb485,2005,AES-128,encrypt,cuda_baseline,baseline,resident,pinned,ECB,16384,7,16384:ECB:7,eeef9f2c292d4f94562fcad4cb6e1e5031ac0502e9a0630746824a186da6646b,3,327,True,1,255.61658981224642,,6.409599632024765e-05,,,64095.99632024765,,,,,,,,,64095.99632024765
3360d814-a7e0-4cb6-90e9-6baac00bb485,2005,AES-128,encrypt,cuda_optimized_v1,optimized,pipeline,pinned,ECB,16384,7,16384:ECB:7,eeef9f2c292d4f94562fcad4cb6e1e5031ac0502e9a0630746824a186da6646b,4,328,True,,314.49630360657227,87.24174653887114,5.209600180387497e-05,0.0001878,42000,52096.00180387497,45100,87100,187800,,,,,,
3360d814-a7e0-4cb6-90e9-6baac00bb485,2005,AES-128,encrypt,cuda_optimized_v1,optimized,resident,pinned,ECB,16384,7,16384:ECB:7,eeef9f2c292d4f94562fcad4cb6e1e5031ac0502e9a0630746824a186da6646b,5,329,True,1,306.2200879718258,,5.3504001349210736e-05,,,53504.00134921074,,,,,,,,,53504.00134921074
3360d814-a7e0-4cb6-90e9-6baac00bb485,2005,AES-128,encrypt,cuda_baseline,baseline,resident,pinned,CTR,16384,7,16384:CTR:7,5834f15780c513e0e4fd9fb5a9bc4af944b5e0040e3cce0aefb54f84546b91b4,0,330,True,1,330.7493477473748,,4.953600093722343e-05,,,49536.000937223434,,,,,,,,,49536.000937223434
3360d814-a7e0-4cb6-90e9-6baac00bb485,2005,AES-128,encrypt,cuda_optimized_v1,optimized,resident,pinned,CTR,16384,7,16384:CTR:7,5834f15780c513e0e4fd9fb5a9bc4af944b5e0040e3cce0aefb54f84546b91b4,1,331,True,1,344.31741056504643,,4.758400097489357e-05,,,47584.00097489357,,,,,,,,,47584.00097489357
3360d814-a7e0-4cb6-90e9-6baac00bb485,2005,AES-128,encrypt,cuda_optimized_v1,optimized,pipeline,pinned,CTR,16384,7,16384:CTR:7,5834f15780c513e0e4fd9fb5a9bc4af944b5e0040e3cce0aefb54f84546b91b4,2,332,True,,331.177228553621,86.77966101694915,4.947200044989586e-05,0.0001888,42000,49472.00044989586,44600,86600,188800,,,,,,
3360d814-a7e0-4cb6-90e9-6baac00bb485,2005,AES-128,encrypt,cpu_aesni,aesni,transform,bytes,CTR,16384,7,16384:CTR:7,5834f15780c513e0e4fd9fb5a9bc4af944b5e0040e3cce0aefb54f84546b91b4,3,333,True,,,,,,,,,,,12700,1.27e-05,1290.0787401574803,0,0.0,
3360d814-a7e0-4cb6-90e9-6baac00bb485,2005,AES-128,encrypt,cuda_baseline,baseline,pipeline,pinned,CTR,16384,7,16384:CTR:7,5834f15780c513e0e4fd9fb5a9bc4af944b5e0040e3cce0aefb54f84546b91b4,4,334,True,,310.11508201773205,86.64198836594394,5.283199995756149e-05,0.0001891,42100,52831.99995756149,44100,86200,189100,,,,,,
3360d814-a7e0-4cb6-90e9-6baac00bb485,2005,AES-128,encrypt,cpu_software,software,transform,bytes,CTR,16384,7,16384:CTR:7,5834f15780c513e0e4fd9fb5a9bc4af944b5e0040e3cce0aefb54f84546b91b4,5,335,True,,,,,,,,,,,62700,6.27e-05,261.3078149920255,0,0.0,
3360d814-a7e0-4cb6-90e9-6baac00bb485,2005,AES-128,encrypt,cpu_software,software,transform,bytes,CTR,16384,8,16384:CTR:8,3a520a1b63e94d2f6ab0fd065e4cdcce0d0a5cca21f85a8b0fa84290a9e17f9f,0,336,True,,,,,,,,,,,60800,6.08e-05,269.4736842105263,0,0.0,
3360d814-a7e0-4cb6-90e9-6baac00bb485,2005,AES-128,encrypt,cuda_optimized_v1,optimized,pipeline,pinned,CTR,16384,8,16384:CTR:8,3a520a1b63e94d2f6ab0fd065e4cdcce0d0a5cca21f85a8b0fa84290a9e17f9f,1,337,True,,322.8247224972834,86.14090431125132,5.075199902057648e-05,0.0001902,42800,50751.99902057648,46100,88900,190200,,,,,,
3360d814-a7e0-4cb6-90e9-6baac00bb485,2005,AES-128,encrypt,cuda_baseline,baseline,resident,pinned,CTR,16384,8,16384:CTR:8,3a520a1b63e94d2f6ab0fd065e4cdcce0d0a5cca21f85a8b0fa84290a9e17f9f,2,338,True,1,340.4255220696043,,4.812800139188767e-05,,,48128.001391887665,,,,,,,,,48128.001391887665
3360d814-a7e0-4cb6-90e9-6baac00bb485,2005,AES-128,encrypt,cpu_aesni,aesni,transform,bytes,CTR,16384,8,16384:CTR:8,3a520a1b63e94d2f6ab0fd065e4cdcce0d0a5cca21f85a8b0fa84290a9e17f9f,3,339,True,,,,,,,,,,,12700,1.27e-05,1290.0787401574803,0,0.0,
3360d814-a7e0-4cb6-90e9-6baac00bb485,2005,AES-128,encrypt,cuda_optimized_v1,optimized,resident,pinned,CTR,16384,8,16384:CTR:8,3a520a1b63e94d2f6ab0fd065e4cdcce0d0a5cca21f85a8b0fa84290a9e17f9f,4,340,True,1,342.2459932899328,,4.787199944257736e-05,,,47871.99944257736,,,,,,,,,47871.99944257736
3360d814-a7e0-4cb6-90e9-6baac00bb485,2005,AES-128,encrypt,cuda_baseline,baseline,pipeline,pinned,CTR,16384,8,16384:CTR:8,3a520a1b63e94d2f6ab0fd065e4cdcce0d0a5cca21f85a8b0fa84290a9e17f9f,5,341,True,,329.26045732311536,88.37108953613809,4.975999891757965e-05,0.0001854,42400,49759.99891757965,44300,86700,185400,,,,,,
3360d814-a7e0-4cb6-90e9-6baac00bb485,2005,AES-128,encrypt,cuda_optimized_v1,optimized,pipeline,pinned,ECB,16384,8,16384:ECB:8,e04d45eca96027d0fbc8a6cd9d36a2e9a7be1caa4b210398263862cd0eb7d2e2,0,342,True,,343.62414877971355,88.56216216216217,4.7680001705884936e-05,0.000185,42100,47680.00170588493,44700,86800,185000,,,,,,
3360d814-a7e0-4cb6-90e9-6baac00bb485,2005,AES-128,encrypt,cpu_software,software,transform,bytes,ECB,16384,8,16384:ECB:8,e04d45eca96027d0fbc8a6cd9d36a2e9a7be1caa4b210398263862cd0eb7d2e2,1,343,True,,,,,,,,,,,59800,5.98e-05,273.9799331103679,0,0.0,
3360d814-a7e0-4cb6-90e9-6baac00bb485,2005,AES-128,encrypt,cuda_baseline,baseline,resident,pinned,ECB,16384,8,16384:ECB:8,e04d45eca96027d0fbc8a6cd9d36a2e9a7be1caa4b210398263862cd0eb7d2e2,2,344,True,1,332.2517897329239,,4.931199923157692e-05,,,49311.99923157692,,,,,,,,,49311.99923157692
3360d814-a7e0-4cb6-90e9-6baac00bb485,2005,AES-128,encrypt,cuda_baseline,baseline,pipeline,pinned,ECB,16384,8,16384:ECB:8,e04d45eca96027d0fbc8a6cd9d36a2e9a7be1caa4b210398263862cd0eb7d2e2,3,345,True,,303.1379415444846,87.01009028146575,5.404800176620483e-05,0.0001883,42400,54048.001766204834,43800,86200,188300,,,,,,
3360d814-a7e0-4cb6-90e9-6baac00bb485,2005,AES-128,encrypt,cpu_aesni,aesni,transform,bytes,ECB,16384,8,16384:ECB:8,e04d45eca96027d0fbc8a6cd9d36a2e9a7be1caa4b210398263862cd0eb7d2e2,4,346,True,,,,,,,,,,,9000,9e-06,1820.4444444444443,0,0.0,
3360d814-a7e0-4cb6-90e9-6baac00bb485,2005,AES-128,encrypt,cuda_optimized_v1,optimized,resident,pinned,ECB,16384,8,16384:ECB:8,e04d45eca96027d0fbc8a6cd9d36a2e9a7be1caa4b210398263862cd0eb7d2e2,5,347,True,1,343.62414877971355,,4.7680001705884936e-05,,,47680.00170588493,,,,,,,,,47680.00170588493
3360d814-a7e0-4cb6-90e9-6baac00bb485,2005,AES-128,encrypt,cpu_aesni,aesni,transform,bytes,ECB,16384,9,16384:ECB:9,e8403018a827887684845d50be25f92662da5c2e306d7694218e6f6c89224d3d,0,348,True,,,,,,,,,,,7300,7.3e-06,2244.3835616438355,0,0.0,
3360d814-a7e0-4cb6-90e9-6baac00bb485,2005,AES-128,encrypt,cuda_optimized_v1,optimized,resident,pinned,ECB,16384,9,16384:ECB:9,e8403018a827887684845d50be25f92662da5c2e306d7694218e6f6c89224d3d,1,349,True,1,337.2858950189965,,4.85760010778904e-05,,,48576.001077890396,,,,,,,,,48576.001077890396
3360d814-a7e0-4cb6-90e9-6baac00bb485,2005,AES-128,encrypt,cuda_baseline,baseline,resident,pinned,ECB,16384,9,16384:ECB:9,e8403018a827887684845d50be25f92662da5c2e306d7694218e6f6c89224d3d,2,350,True,1,319.00311573126413,,5.1359999924898145e-05,,,51359.99992489815,,,,,,,,,51359.99992489815
3360d814-a7e0-4cb6-90e9-6baac00bb485,2005,AES-128,encrypt,cuda_optimized_v1,optimized,pipeline,pinned,ECB,16384,9,16384:ECB:9,e8403018a827887684845d50be25f92662da5c2e306d7694218e6f6c89224d3d,3,351,True,,300.2932649605984,86.14090431125132,5.455999821424484e-05,0.0001902,42400,54559.99821424484,45300,87700,190200,,,,,,
3360d814-a7e0-4cb6-90e9-6baac00bb485,2005,AES-128,encrypt,cpu_software,software,transform,bytes,ECB,16384,9,16384:ECB:9,e8403018a827887684845d50be25f92662da5c2e306d7694218e6f6c89224d3d,4,352,True,,,,,,,,,,,59400,5.94e-05,275.8249158249158,0,0.0,
3360d814-a7e0-4cb6-90e9-6baac00bb485,2005,AES-128,encrypt,cuda_baseline,baseline,pipeline,pinned,ECB,16384,9,16384:ECB:9,e8403018a827887684845d50be25f92662da5c2e306d7694218e6f6c89224d3d,5,353,True,,333.33332154304867,88.2283252557889,4.915200173854828e-05,0.0001857,42700,49152.00173854828,44900,87600,185700,,,,,,
3360d814-a7e0-4cb6-90e9-6baac00bb485,2005,AES-128,encrypt,cuda_optimized_v1,optimized,pipeline,pinned,CTR,16384,9,16384:CTR:9,bd920d7f5ac52918048a5efd0e3185ff3b56f6101a52f2513c07afd751476660,0,354,True,,338.4005297323425,85.33333333333333,4.8415999859571457e-05,0.000192,42800,48415.99985957146,48600,91400,192000,,,,,,
3360d814-a7e0-4cb6-90e9-6baac00bb485,2005,AES-128,encrypt,cpu_software,software,transform,bytes,CTR,16384,9,16384:CTR:9,bd920d7f5ac52918048a5efd0e3185ff3b56f6101a52f2513c07afd751476660,1,355,True,,,,,,,,,,,121300,0.0001213,135.07007419620774,0,0.0,
3360d814-a7e0-4cb6-90e9-6baac00bb485,2005,AES-128,encrypt,cuda_baseline,baseline,resident,pinned,CTR,16384,9,16384:CTR:9,bd920d7f5ac52918048a5efd0e3185ff3b56f6101a52f2513c07afd751476660,2,356,True,1,232.19954373134914,,7.056000083684921e-05,,,70560.00083684921,,,,,,,,,70560.00083684921
3360d814-a7e0-4cb6-90e9-6baac00bb485,2005,AES-128,encrypt,cuda_optimized_v1,optimized,resident,pinned,CTR,16384,9,16384:CTR:9,bd920d7f5ac52918048a5efd0e3185ff3b56f6101a52f2513c07afd751476660,3,357,True,1,287.1564849247378,,5.70559985935688e-05,,,57055.9985935688,,,,,,,,,57055.9985935688
3360d814-a7e0-4cb6-90e9-6baac00bb485,2005,AES-128,encrypt,cuda_baseline,baseline,pipeline,pinned,CTR,16384,9,16384:CTR:9,bd920d7f5ac52918048a5efd0e3185ff3b56f6101a52f2513c07afd751476660,4,358,True,,224.16813304294064,55.67108392796466,7.308799773454666e-05,0.0002943,79600,73087.99773454666,48000,127600,294300,,,,,,
3360d814-a7e0-4cb6-90e9-6baac00bb485,2005,AES-128,encrypt,cpu_aesni,aesni,transform,bytes,CTR,16384,9,16384:CTR:9,bd920d7f5ac52918048a5efd0e3185ff3b56f6101a52f2513c07afd751476660,5,359,True,,,,,,,,,,,17900,1.79e-05,915.3072625698323,0,0.0,
3360d814-a7e0-4cb6-90e9-6baac00bb485,2005,AES-128,encrypt,cpu_aesni,aesni,transform,bytes,CTR,16384,10,16384:CTR:10,72956ec3fe22cca65319c5ddf15d35d3f2caae6a0c426d13b36a0152a92e1a0d,0,360,True,,,,,,,,,,,11300,1.13e-05,1449.9115044247787,0,0.0,
3360d814-a7e0-4cb6-90e9-6baac00bb485,2005,AES-128,encrypt,cuda_baseline,baseline,pipeline,pinned,CTR,16384,10,16384:CTR:10,72956ec3fe22cca65319c5ddf15d35d3f2caae6a0c426d13b36a0152a92e1a0d,1,361,True,,271.47401306407033,78.69356388088377,6.035200133919716e-05,0.0002082,44600,60352.00133919716,46800,91400,208200,,,,,,
3360d814-a7e0-4cb6-90e9-6baac00bb485,2005,AES-128,encrypt,cuda_optimized_v1,optimized,pipeline,pinned,CTR,16384,10,16384:CTR:10,72956ec3fe22cca65319c5ddf15d35d3f2caae6a0c426d13b36a0152a92e1a0d,2,362,True,,320.60111644287275,85.51148225469728,5.1104001700878144e-05,0.0001916,44800,51104.00170087814,42700,87500,191600,,,,,,
3360d814-a7e0-4cb6-90e9-6baac00bb485,2005,AES-128,encrypt,cuda_baseline,baseline,resident,pinned,CTR,16384,10,16384:CTR:10,72956ec3fe22cca65319c5ddf15d35d3f2caae6a0c426d13b36a0152a92e1a0d,3,363,True,1,298.3682935077157,,5.491200089454651e-05,,,54912.00089454651,,,,,,,,,54912.00089454651
3360d814-a7e0-4cb6-90e9-6baac00bb485,2005,AES-128,encrypt,cuda_optimized_v1,optimized,resident,pinned,CTR,16384,10,16384:CTR:10,72956ec3fe22cca65319c5ddf15d35d3f2caae6a0c426d13b36a0152a92e1a0d,4,364,True,1,335.51769811233237,,4.88319993019104e-05,,,48831.9993019104,,,,,,,,,48831.9993019104
3360d814-a7e0-4cb6-90e9-6baac00bb485,2005,AES-128,encrypt,cpu_software,software,transform,bytes,CTR,16384,10,16384:CTR:10,72956ec3fe22cca65319c5ddf15d35d3f2caae6a0c426d13b36a0152a92e1a0d,5,365,True,,,,,,,,,,,63700,6.37e-05,257.20565149136576,0,0.0,
3360d814-a7e0-4cb6-90e9-6baac00bb485,2005,AES-128,encrypt,cuda_baseline,baseline,resident,pinned,ECB,16384,10,16384:ECB:10,434ca04b5fccb68a204dc0a678222282a9942ce745c5f85d4e85922eb075fff1,0,366,True,1,331.6062178678066,,4.9407999962568284e-05,,,49407.99996256828,,,,,,,,,49407.99996256828
3360d814-a7e0-4cb6-90e9-6baac00bb485,2005,AES-128,encrypt,cuda_optimized_v1,optimized,pipeline,pinned,ECB,16384,10,16384:ECB:10,434ca04b5fccb68a204dc0a678222282a9942ce745c5f85d4e85922eb075fff1,1,367,True,,319.60050440129135,86.18621778011573,5.126399919390679e-05,0.0001901,44600,51263.999193906784,43800,88400,190100,,,,,,
3360d814-a7e0-4cb6-90e9-6baac00bb485,2005,AES-128,encrypt,cuda_baseline,baseline,pipeline,pinned,ECB,16384,10,16384:ECB:10,434ca04b5fccb68a204dc0a678222282a9942ce745c5f85d4e85922eb075fff1,2,368,True,,306.5868214026568,87.47463961558996,5.3440000861883166e-05,0.0001873,42300,53440.00086188316,41700,84000,187300,,,,,,
3360d814-a7e0-4cb6-90e9-6baac00bb485,2005,AES-128,encrypt,cuda_optimized_v1,optimized,resident,pinned,ECB,16384,10,16384:ECB:10,434ca04b5fccb68a204dc0a678222282a9942ce745c5f85d4e85922eb075fff1,3,369,True,1,343.8549256465761,,4.764800146222115e-05,,,47648.001462221146,,,,,,,,,47648.001462221146
3360d814-a7e0-4cb6-90e9-6baac00bb485,2005,AES-128,encrypt,cpu_aesni,aesni,transform,bytes,ECB,16384,10,16384:ECB:10,434ca04b5fccb68a204dc0a678222282a9942ce745c5f85d4e85922eb075fff1,4,370,True,,,,,,,,,,,9300,9.3e-06,1761.720430107527,0,0.0,
3360d814-a7e0-4cb6-90e9-6baac00bb485,2005,AES-128,encrypt,cpu_software,software,transform,bytes,ECB,16384,10,16384:ECB:10,434ca04b5fccb68a204dc0a678222282a9942ce745c5f85d4e85922eb075fff1,5,371,True,,,,,,,,,,,57700,5.77e-05,283.95147313691507,0,0.0,
3360d814-a7e0-4cb6-90e9-6baac00bb485,2005,AES-128,encrypt,cuda_baseline,baseline,pipeline,pinned,ECB,16384,11,16384:ECB:11,7202f615c9685adc05443968a79ffc1a71d36af45a022de4363d2cca3cd2de99,0,372,True,,347.1186310051164,88.65800865800865,4.7200001776218416e-05,0.0001848,43800,47200.001776218414,42500,86300,184800,,,,,,
3360d814-a7e0-4cb6-90e9-6baac00bb485,2005,AES-128,encrypt,cuda_baseline,baseline,resident,pinned,ECB,16384,11,16384:ECB:11,7202f615c9685adc05443968a79ffc1a71d36af45a022de4363d2cca3cd2de99,1,373,True,1,318.6060957658364,,5.142400041222572e-05,,,51424.00041222572,,,,,,,,,51424.00041222572
3360d814-a7e0-4cb6-90e9-6baac00bb485,2005,AES-128,encrypt,cuda_optimized_v1,optimized,pipeline,pinned,ECB,16384,11,16384:ECB:11,7202f615c9685adc05443968a79ffc1a71d36af45a022de4363d2cca3cd2de99,2,374,True,,302.06489952354883,85.9601259181532,5.4239999502897264e-05,0.0001906,43800,54239.99950289726,42700,86500,190600,,,,,,
3360d814-a7e0-4cb6-90e9-6baac00bb485,2005,AES-128,encrypt,cpu_aesni,aesni,transform,bytes,ECB,16384,11,16384:ECB:11,7202f615c9685adc05443968a79ffc1a71d36af45a022de4363d2cca3cd2de99,3,375,True,,,,,,,,,,,8800,8.8e-06,1861.8181818181818,0,0.0,
3360d814-a7e0-4cb6-90e9-6baac00bb485,2005,AES-128,encrypt,cuda_optimized_v1,optimized,resident,pinned,ECB,16384,11,16384:ECB:11,7202f615c9685adc05443968a79ffc1a71d36af45a022de4363d2cca3cd2de99,4,376,True,1,344.54911986994074,,4.755200073122978e-05,,,47552.00073122978,,,,,,,,,47552.00073122978
3360d814-a7e0-4cb6-90e9-6baac00bb485,2005,AES-128,encrypt,cpu_software,software,transform,bytes,ECB,16384,11,16384:ECB:11,7202f615c9685adc05443968a79ffc1a71d36af45a022de4363d2cca3cd2de99,5,377,True,,,,,,,,,,,59000,5.9e-05,277.6949152542373,0,0.0,
3360d814-a7e0-4cb6-90e9-6baac00bb485,2005,AES-128,encrypt,cuda_optimized_v1,optimized,pipeline,pinned,CTR,16384,11,16384:CTR:11,d8e0315ce5df3fb671dbe099006277fb8cc215fe53d36c3f03ec26b83b4e61cf,0,378,True,,339.97345259828415,87.52136752136752,4.8191998153924945e-05,0.0001872,43900,48191.99815392494,43400,87300,187200,,,,,,
3360d814-a7e0-4cb6-90e9-6baac00bb485,2005,AES-128,encrypt,cpu_aesni,aesni,transform,bytes,CTR,16384,11,16384:CTR:11,d8e0315ce5df3fb671dbe099006277fb8cc215fe53d36c3f03ec26b83b4e61cf,1,379,True,,,,,,,,,,,11900,1.19e-05,1376.8067226890757,0,0.0,
3360d814-a7e0-4cb6-90e9-6baac00bb485,2005,AES-128,encrypt,cpu_software,software,transform,bytes,CTR,16384,11,16384:CTR:11,d8e0315ce5df3fb671dbe099006277fb8cc215fe53d36c3f03ec26b83b4e61cf,2,380,True,,,,,,,,,,,60600,6.06e-05,270.36303630363034,0,0.0,
3360d814-a7e0-4cb6-90e9-6baac00bb485,2005,AES-128,encrypt,cuda_baseline,baseline,resident,pinned,CTR,16384,11,16384:CTR:11,d8e0315ce5df3fb671dbe099006277fb8cc215fe53d36c3f03ec26b83b4e61cf,3,381,True,1,311.8148510854523,,5.25440014898777e-05,,,52544.0014898777,,,,,,,,,52544.0014898777
3360d814-a7e0-4cb6-90e9-6baac00bb485,2005,AES-128,encrypt,cuda_baseline,baseline,pipeline,pinned,CTR,16384,11,16384:CTR:11,d8e0315ce5df3fb671dbe099006277fb8cc215fe53d36c3f03ec26b83b4e61cf,4,382,True,,303.49732535314484,78.6557849255881,5.3984001278877256e-05,0.0002083,48500,53984.00127887726,53300,101800,208300,,,,,,
3360d814-a7e0-4cb6-90e9-6baac00bb485,2005,AES-128,encrypt,cuda_optimized_v1,optimized,resident,pinned,CTR,16384,11,16384:CTR:11,d8e0315ce5df3fb671dbe099006277fb8cc215fe53d36c3f03ec26b83b4e61cf,5,383,True,1,299.4152077832426,,5.4719999432563783e-05,,,54719.99943256378,,,,,,,,,54719.99943256378
3360d814-a7e0-4cb6-90e9-6baac00bb485,2005,AES-128,encrypt,cuda_optimized_v1,optimized,resident,pinned,ECB,16384,12,16384:ECB:12,576fb54c7a05e7a7a7674bd73d2c9eb8c7df28f8883463fd50d4a2022081b358,0,384,True,1,303.49732535314484,,5.3984001278877256e-05,,,53984.00127887726,,,,,,,,,53984.00127887726
3360d814-a7e0-4cb6-90e9-6baac00bb485,2005,AES-128,encrypt,cuda_baseline,baseline,resident,pinned,ECB,16384,12,16384:ECB:12,576fb54c7a05e7a7a7674bd73d2c9eb8c7df28f8883463fd50d4a2022081b358,1,385,True,1,287.1564849247378,,5.70559985935688e-05,,,57055.9985935688,,,,,,,,,57055.9985935688
3360d814-a7e0-4cb6-90e9-6baac00bb485,2005,AES-128,encrypt,cpu_software,software,transform,bytes,ECB,16384,12,16384:ECB:12,576fb54c7a05e7a7a7674bd73d2c9eb8c7df28f8883463fd50d4a2022081b358,2,386,True,,,,,,,,,,,59400,5.94e-05,275.8249158249158,0,0.0,
3360d814-a7e0-4cb6-90e9-6baac00bb485,2005,AES-128,encrypt,cuda_baseline,baseline,pipeline,pinned,ECB,16384,12,16384:ECB:12,576fb54c7a05e7a7a7674bd73d2c9eb8c7df28f8883463fd50d4a2022081b358,3,387,True,,329.26045732311536,88.37108953613809,4.975999891757965e-05,0.0001854,42500,49759.99891757965,43600,86100,185400,,,,,,
3360d814-a7e0-4cb6-90e9-6baac00bb485,2005,AES-128,encrypt,cpu_aesni,aesni,transform,bytes,ECB,16384,12,16384:ECB:12,576fb54c7a05e7a7a7674bd73d2c9eb8c7df28f8883463fd50d4a2022081b358,4,388,True,,,,,,,,,,,9200,9.2e-06,1780.8695652173913,0,0.0,
3360d814-a7e0-4cb6-90e9-6baac00bb485,2005,AES-128,encrypt,cuda_optimized_v1,optimized,pipeline,pinned,ECB,16384,12,16384:ECB:12,576fb54c7a05e7a7a7674bd73d2c9eb8c7df28f8883463fd50d4a2022081b358,5,389,True,,321.40614733575535,86.64198836594394,5.097600072622299e-05,0.0001891,42700,50976.00072622299,45900,88600,189100,,,,,,
3360d814-a7e0-4cb6-90e9-6baac00bb485,2005,AES-128,encrypt,cuda_baseline,baseline,resident,pinned,CTR,16384,12,16384:CTR:12,55703fb97a592673385cfd62ff34d1b501a8140696077170ab2bf1bc12707e9c,0,390,True,1,313.7254958835556,,5.222399905323982e-05,,,52223.99905323982,,,,,,,,,52223.99905323982
3360d814-a7e0-4cb6-90e9-6baac00bb485,2005,AES-128,encrypt,cuda_optimized_v1,optimized,pipeline,pinned,CTR,16384,12,16384:CTR:12,55703fb97a592673385cfd62ff34d1b501a8140696077170ab2bf1bc12707e9c,1,391,True,,302.06489952354883,86.45910290237467,5.4239999502897264e-05,0.0001895,43400,54239.99950289726,42200,85600,189500,,,,,,
3360d814-a7e0-4cb6-90e9-6baac00bb485,2005,AES-128,encrypt,cuda_baseline,baseline,pipeline,pinned,CTR,16384,12,16384:CTR:12,55703fb97a592673385cfd62ff34d1b501a8140696077170ab2bf1bc12707e9c,2,392,True,,302.7794286963707,87.05632306057386,5.411199852824211e-05,0.0001882,42300,54111.99852824211,42800,85100,188200,,,,,,
3360d814-a7e0-4cb6-90e9-6baac00bb485,2005,AES-128,encrypt,cpu_software,software,transform,bytes,CTR,16384,12,16384:CTR:12,55703fb97a592673385cfd62ff34d1b501a8140696077170ab2bf1bc12707e9c,3,393,True,,,,,,,,,,,63200,6.32e-05,259.24050632911394,0,0.0,
3360d814-a7e0-4cb6-90e9-6baac00bb485,2005,AES-128,encrypt,cuda_optimized_v1,optimized,resident,pinned,CTR,16384,12,16384:CTR:12,55703fb97a592673385cfd62ff34d1b501a8140696077170ab2bf1bc12707e9c,4,394,True,1,286.3534685029816,,5.721599981188774e-05,,,57215.99981188774,,,,,,,,,57215.99981188774
3360d814-a7e0-4cb6-90e9-6baac00bb485,2005,AES-128,encrypt,cpu_aesni,aesni,transform,bytes,CTR,16384,12,16384:CTR:12,55703fb97a592673385cfd62ff34d1b501a8140696077170ab2bf1bc12707e9c,5,395,True,,,,,,,,,,,12200,1.22e-05,1342.950819672131,0,0.0,
3360d814-a7e0-4cb6-90e9-6baac00bb485,2005,AES-128,encrypt,cuda_baseline,baseline,resident,pinned,ECB,16384,13,16384:ECB:13,232bc942e3b51117f4df1568c6ff5056dfb08318c24aa5741f6838fd99077c09,0,396,True,1,318.8044821423899,,5.1392000168561934e-05,,,51392.000168561935,,,,,,,,,51392.000168561935
3360d814-a7e0-4cb6-90e9-6baac00bb485,2005,AES-128,encrypt,cuda_optimized_v1,optimized,pipeline,pinned,ECB,16384,13,16384:ECB:13,232bc942e3b51117f4df1568c6ff5056dfb08318c24aa5741f6838fd99077c09,1,397,True,,315.27093093001645,87.75575790037493,5.196800082921982e-05,0.0001867,43400,51968.00082921982,42200,85600,186700,,,,,,
3360d814-a7e0-4cb6-90e9-6baac00bb485,2005,AES-128,encrypt,cpu_software,software,transform,bytes,ECB,16384,13,16384:ECB:13,232bc942e3b51117f4df1568c6ff5056dfb08318c24aa5741f6838fd99077c09,2,398,True,,,,,,,,,,,59000,5.9e-05,277.6949152542373,0,0.0,
3360d814-a7e0-4cb6-90e9-6baac00bb485,2005,AES-128,encrypt,cpu_aesni,aesni,transform,bytes,ECB,16384,13,16384:ECB:13,232bc942e3b51117f4df1568c6ff5056dfb08318c24aa5741f6838fd99077c09,3,399,True,,,,,,,,,,,7100,7.1e-06,2307.605633802817,0,0.0,
3360d814-a7e0-4cb6-90e9-6baac00bb485,2005,AES-128,encrypt,cuda_optimized_v1,optimized,resident,pinned,ECB,16384,13,16384:ECB:13,232bc942e3b51117f4df1568c6ff5056dfb08318c24aa5741f6838fd99077c09,4,400,True,1,318.2100628059565,,5.14880008995533e-05,,,51488.0008995533,,,,,,,,,51488.0008995533
3360d814-a7e0-4cb6-90e9-6baac00bb485,2005,AES-128,encrypt,cuda_baseline,baseline,pipeline,pinned,ECB,16384,13,16384:ECB:13,232bc942e3b51117f4df1568c6ff5056dfb08318c24aa5741f6838fd99077c09,5,401,True,,305.489268125748,87.38133333333333,5.363199859857559e-05,0.0001875,42100,53631.99859857559,43300,85400,187500,,,,,,
3360d814-a7e0-4cb6-90e9-6baac00bb485,2005,AES-128,encrypt,cuda_optimized_v1,optimized,resident,pinned,CTR,16384,13,16384:CTR:13,774b6f1077f012365d5f949f6c1d902feb07dafa30094d305b42919b0d9211f4,0,402,True,1,273.9432809552011,,5.980800092220306e-05,,,59808.000922203064,,,,,,,,,59808.000922203064
3360d814-a7e0-4cb6-90e9-6baac00bb485,2005,AES-128,encrypt,cpu_software,software,transform,bytes,CTR,16384,13,16384:CTR:13,774b6f1077f012365d5f949f6c1d902feb07dafa30094d305b42919b0d9211f4,1,403,True,,,,,,,,,,,96300,9.63e-05,170.134994807892,0,0.0,
3360d814-a7e0-4cb6-90e9-6baac00bb485,2005,AES-128,encrypt,cuda_baseline,baseline,resident,pinned,CTR,16384,13,16384:CTR:13,774b6f1077f012365d5f949f6c1d902feb07dafa30094d305b42919b0d9211f4,2,404,True,1,239.25233679844808,,6.84799998998642e-05,,,68479.9998998642,,,,,,,,,68479.9998998642
3360d814-a7e0-4cb6-90e9-6baac00bb485,2005,AES-128,encrypt,cuda_baseline,baseline,pipeline,pinned,CTR,16384,13,16384:CTR:13,774b6f1077f012365d5f949f6c1d902feb07dafa30094d305b42919b0d9211f4,3,405,True,,275.26882308137846,55.87994542974079,5.9519998729228974e-05,0.0002932,94400,59519.99872922897,58400,152800,293200,,,,,,
3360d814-a7e0-4cb6-90e9-6baac00bb485,2005,AES-128,encrypt,cuda_optimized_v1,optimized,pipeline,pinned,CTR,16384,13,16384:CTR:13,774b6f1077f012365d5f949f6c1d902feb07dafa30094d305b42919b0d9211f4,4,406,True,,274.97315076909763,73.07760927743087,5.958399921655655e-05,0.0002242,45300,59583.99921655655,53900,99200,224200,,,,,,
3360d814-a7e0-4cb6-90e9-6baac00bb485,2005,AES-128,encrypt,cpu_aesni,aesni,transform,bytes,CTR,16384,13,16384:CTR:13,774b6f1077f012365d5f949f6c1d902feb07dafa30094d305b42919b0d9211f4,5,407,True,,,,,,,,,,,17100,1.71e-05,958.1286549707602,0,0.0,
3360d814-a7e0-4cb6-90e9-6baac00bb485,2005,AES-128,encrypt,cuda_optimized_v1,optimized,resident,pinned,CTR,16384,14,16384:CTR:14,2ef53ec89baef8104370be716ac82fc6cfabb52e6985c4297c2e88f9bc1350e6,0,408,True,1,276.01077592310287,,5.936000123620033e-05,,,59360.00123620033,,,,,,,,,59360.00123620033
3360d814-a7e0-4cb6-90e9-6baac00bb485,2005,AES-128,encrypt,cpu_aesni,aesni,transform,bytes,CTR,16384,14,16384:CTR:14,2ef53ec89baef8104370be716ac82fc6cfabb52e6985c4297c2e88f9bc1350e6,1,409,True,,,,,,,,,,,12500,1.25e-05,1310.72,0,0.0,
3360d814-a7e0-4cb6-90e9-6baac00bb485,2005,AES-128,encrypt,cuda_baseline,baseline,pipeline,pinned,CTR,16384,14,16384:CTR:14,2ef53ec89baef8104370be716ac82fc6cfabb52e6985c4297c2e88f9bc1350e6,2,410,True,,278.10971565852435,74.77863989046098,5.89120015501976e-05,0.0002191,47100,58912.0015501976,50700,97800,219100,,,,,,
3360d814-a7e0-4cb6-90e9-6baac00bb485,2005,AES-128,encrypt,cuda_optimized_v1,optimized,pipeline,pinned,CTR,16384,14,16384:CTR:14,2ef53ec89baef8104370be716ac82fc6cfabb52e6985c4297c2e88f9bc1350e6,3,411,True,,282.24917943586826,76.52498832321345,5.804799869656563e-05,0.0002141,45000,58047.99869656563,49400,94400,214100,,,,,,
3360d814-a7e0-4cb6-90e9-6baac00bb485,2005,AES-128,encrypt,cuda_baseline,baseline,resident,pinned,CTR,16384,14,16384:CTR:14,2ef53ec89baef8104370be716ac82fc6cfabb52e6985c4297c2e88f9bc1350e6,4,412,True,1,287.1564849247378,,5.70559985935688e-05,,,57055.9985935688,,,,,,,,,57055.9985935688
3360d814-a7e0-4cb6-90e9-6baac00bb485,2005,AES-128,encrypt,cpu_software,software,transform,bytes,CTR,16384,14,16384:CTR:14,2ef53ec89baef8104370be716ac82fc6cfabb52e6985c4297c2e88f9bc1350e6,5,413,True,,,,,,,,,,,63800,6.38e-05,256.80250783699057,0,0.0,
3360d814-a7e0-4cb6-90e9-6baac00bb485,2005,AES-128,encrypt,cpu_aesni,aesni,transform,bytes,ECB,16384,14,16384:ECB:14,ec532596cf64c16d066535b2880a41a11e2b66aee01041de61fe0ff9fbbbf1ed,0,414,True,,,,,,,,,,,7100,7.1e-06,2307.605633802817,0,0.0,
3360d814-a7e0-4cb6-90e9-6baac00bb485,2005,AES-128,encrypt,cuda_optimized_v1,optimized,resident,pinned,ECB,16384,14,16384:ECB:14,ec532596cf64c16d066535b2880a41a11e2b66aee01041de61fe0ff9fbbbf1ed,1,415,True,1,267.9225537235389,,6.115199998021126e-05,,,61151.99998021126,,,,,,,,,61151.99998021126
3360d814-a7e0-4cb6-90e9-6baac00bb485,2005,AES-128,encrypt,cuda_baseline,baseline,pipeline,pinned,ECB,16384,14,16384:ECB:14,ec532596cf64c16d066535b2880a41a11e2b66aee01041de61fe0ff9fbbbf1ed,2,416,True,,282.87292110887586,76.3466915191053,5.792000144720077e-05,0.0002146,44500,57920.001447200775,50700,95200,214600,,,,,,
3360d814-a7e0-4cb6-90e9-6baac00bb485,2005,AES-128,encrypt,cuda_optimized_v1,optimized,pipeline,pinned,ECB,16384,14,16384:ECB:14,ec532596cf64c16d066535b2880a41a11e2b66aee01041de61fe0ff9fbbbf1ed,3,417,True,,292.4043495254796,77.94481446241674,5.603199824690819e-05,0.0002102,43900,56031.99824690819,49900,93800,210200,,,,,,
3360d814-a7e0-4cb6-90e9-6baac00bb485,2005,AES-128,encrypt,cuda_baseline,baseline,resident,pinned,ECB,16384,14,16384:ECB:14,ec532596cf64c16d066535b2880a41a11e2b66aee01041de61fe0ff9fbbbf1ed,4,418,True,1,279.62862247190867,,5.859199911355972e-05,,,58591.99911355972,,,,,,,,,58591.99911355972
3360d814-a7e0-4cb6-90e9-6baac00bb485,2005,AES-128,encrypt,cpu_software,software,transform,bytes,ECB,16384,14,16384:ECB:14,ec532596cf64c16d066535b2880a41a11e2b66aee01041de61fe0ff9fbbbf1ed,5,419,True,,,,,,,,,,,60600,6.06e-05,270.36303630363034,0,0.0,
3360d814-a7e0-4cb6-90e9-6baac00bb485,2005,AES-128,encrypt,cpu_aesni,aesni,transform,bytes,CTR,16384,15,16384:CTR:15,0b13455dc76eb8769dbbdc9d8571b79df20cdbffac73e2df80cdd0d1fd5fa7ad,0,420,True,,,,,,,,,,,10600,1.06e-05,1545.6603773584907,0,0.0,
3360d814-a7e0-4cb6-90e9-6baac00bb485,2005,AES-128,encrypt,cpu_software,software,transform,bytes,CTR,16384,15,16384:CTR:15,0b13455dc76eb8769dbbdc9d8571b79df20cdbffac73e2df80cdd0d1fd5fa7ad,1,421,True,,,,,,,,,,,60900,6.09e-05,269.0311986863711,0,0.0,
3360d814-a7e0-4cb6-90e9-6baac00bb485,2005,AES-128,encrypt,cuda_optimized_v1,optimized,pipeline,pinned,CTR,16384,15,16384:CTR:15,0b13455dc76eb8769dbbdc9d8571b79df20cdbffac73e2df80cdd0d1fd5fa7ad,2,422,True,,269.19031928302854,75.01831501831502,6.086400151252747e-05,0.0002184,44200,60864.001512527466,51200,95400,218400,,,,,,
3360d814-a7e0-4cb6-90e9-6baac00bb485,2005,AES-128,encrypt,cuda_optimized_v1,optimized,resident,pinned,CTR,16384,15,16384:CTR:15,0b13455dc76eb8769dbbdc9d8571b79df20cdbffac73e2df80cdd0d1fd5fa7ad,3,423,True,1,287.31762896502136,,5.702399834990502e-05,,,57023.998349905014,,,,,,,,,57023.998349905014
3360d814-a7e0-4cb6-90e9-6baac00bb485,2005,AES-128,encrypt,cuda_baseline,baseline,resident,pinned,CTR,16384,15,16384:CTR:15,0b13455dc76eb8769dbbdc9d8571b79df20cdbffac73e2df80cdd0d1fd5fa7ad,4,424,True,1,281.7831618276142,,5.814399942755699e-05,,,58143.99942755699,,,,,,,,,58143.99942755699
3360d814-a7e0-4cb6-90e9-6baac00bb485,2005,AES-128,encrypt,cuda_baseline,baseline,pipeline,pinned,CTR,16384,15,16384:CTR:15,0b13455dc76eb8769dbbdc9d8571b79df20cdbffac73e2df80cdd0d1fd5fa7ad,5,425,True,,279.62862247190867,69.13080168776371,5.859199911355972e-05,0.000237,42800,58591.99911355972,75900,118700,237000,,,,,,
3360d814-a7e0-4cb6-90e9-6baac00bb485,2005,AES-128,encrypt,cpu_software,software,transform,bytes,ECB,16384,15,16384:ECB:15,f5851c173ff21d3d59c8d1b397441025e1f2b0515b8d2ddc2cbc67707f0f328e,0,426,True,,,,,,,,,,,58000,5.8e-05,282.48275862068965,0,0.0,
3360d814-a7e0-4cb6-90e9-6baac00bb485,2005,AES-128,encrypt,cuda_optimized_v1,optimized,pipeline,pinned,ECB,16384,15,16384:ECB:15,f5851c173ff21d3d59c8d1b397441025e1f2b0515b8d2ddc2cbc67707f0f328e,1,427,True,,271.61803220214495,75.46752648549055,6.032000109553337e-05,0.0002171,43900,60320.00109553337,51800,95700,217100,,,,,,
3360d814-a7e0-4cb6-90e9-6baac00bb485,2005,AES-128,encrypt,cuda_baseline,baseline,pipeline,pinned,ECB,16384,15,16384:ECB:15,f5851c173ff21d3d59c8d1b397441025e1f2b0515b8d2ddc2cbc67707f0f328e,2,428,True,,287.31762896502136,75.9221501390176,5.702399834990502e-05,0.0002158,45400,57023.998349905014,53400,98800,215800,,,,,,
3360d814-a7e0-4cb6-90e9-6baac00bb485,2005,AES-128,encrypt,cuda_baseline,baseline,resident,pinned,ECB,16384,15,16384:ECB:15,f5851c173ff21d3d59c8d1b397441025e1f2b0515b8d2ddc2cbc67707f0f328e,3,429,True,1,286.03351805891043,,5.728000029921532e-05,,,57280.00029921532,,,,,,,,,57280.00029921532
3360d814-a7e0-4cb6-90e9-6baac00bb485,2005,AES-128,encrypt,cpu_aesni,aesni,transform,bytes,ECB,16384,15,16384:ECB:15,f5851c173ff21d3d59c8d1b397441025e1f2b0515b8d2ddc2cbc67707f0f328e,4,430,True,,,,,,,,,,,9300,9.3e-06,1761.720430107527,0,0.0,
3360d814-a7e0-4cb6-90e9-6baac00bb485,2005,AES-128,encrypt,cuda_optimized_v1,optimized,resident,pinned,ECB,16384,15,16384:ECB:15,f5851c173ff21d3d59c8d1b397441025e1f2b0515b8d2ddc2cbc67707f0f328e,5,431,True,1,284.12874831201015,,5.766399949789047e-05,,,57663.99949789047,,,,,,,,,57663.99949789047
3360d814-a7e0-4cb6-90e9-6baac00bb485,2005,AES-128,encrypt,cuda_baseline,baseline,pipeline,pinned,CTR,16384,16,16384:CTR:16,1871ee1babf01a87d686667f86068f2b2ee1888c0040b6df50178cbd8706a3a6,0,432,True,,267.9225537235389,75.50230414746544,6.115199998021126e-05,0.000217,44200,61151.99998021126,49900,94100,217000,,,,,,
3360d814-a7e0-4cb6-90e9-6baac00bb485,2005,AES-128,encrypt,cuda_optimized_v1,optimized,resident,pinned,CTR,16384,16,16384:CTR:16,1871ee1babf01a87d686667f86068f2b2ee1888c0040b6df50178cbd8706a3a6,1,433,True,1,282.0936690591352,,5.8079998940229415e-05,,,58079.998940229416,,,,,,,,,58079.998940229416
3360d814-a7e0-4cb6-90e9-6baac00bb485,2005,AES-128,encrypt,cpu_software,software,transform,bytes,CTR,16384,16,16384:CTR:16,1871ee1babf01a87d686667f86068f2b2ee1888c0040b6df50178cbd8706a3a6,2,434,True,,,,,,,,,,,63700,6.37e-05,257.20565149136576,0,0.0,
3360d814-a7e0-4cb6-90e9-6baac00bb485,2005,AES-128,encrypt,cuda_baseline,baseline,resident,pinned,CTR,16384,16,16384:CTR:16,1871ee1babf01a87d686667f86068f2b2ee1888c0040b6df50178cbd8706a3a6,3,435,True,1,274.97315076909763,,5.958399921655655e-05,,,59583.99921655655,,,,,,,,,59583.99921655655
3360d814-a7e0-4cb6-90e9-6baac00bb485,2005,AES-128,encrypt,cuda_optimized_v1,optimized,pipeline,pinned,CTR,16384,16,16384:CTR:16,1871ee1babf01a87d686667f86068f2b2ee1888c0040b6df50178cbd8706a3a6,4,436,True,,276.90643696796576,77.13747645951035,5.916799977421761e-05,0.0002124,42400,59167.999774217606,50700,93100,212400,,,,,,
3360d814-a7e0-4cb6-90e9-6baac00bb485,2005,AES-128,encrypt,cpu_aesni,aesni,transform,bytes,CTR,16384,16,16384:CTR:16,1871ee1babf01a87d686667f86068f2b2ee1888c0040b6df50178cbd8706a3a6,5,437,True,,,,,,,,,,,12500,1.25e-05,1310.72,0,0.0,
3360d814-a7e0-4cb6-90e9-6baac00bb485,2005,AES-128,encrypt,cpu_aesni,aesni,transform,bytes,ECB,16384,16,16384:ECB:16,e6c055e98b5650688c5b1619ff13ca527fa55d289102574da2035b3acab6df22,0,438,True,,,,,,,,,,,7100,7.1e-06,2307.605633802817,0,0.0,
3360d814-a7e0-4cb6-90e9-6baac00bb485,2005,AES-128,encrypt,cpu_software,software,transform,bytes,ECB,16384,16,16384:ECB:16,e6c055e98b5650688c5b1619ff13ca527fa55d289102574da2035b3acab6df22,1,439,True,,,,,,,,,,,56900,5.69e-05,287.9437609841828,0,0.0,
3360d814-a7e0-4cb6-90e9-6baac00bb485,2005,AES-128,encrypt,cuda_baseline,baseline,pipeline,pinned,ECB,16384,16,16384:ECB:16,e6c055e98b5650688c5b1619ff13ca527fa55d289102574da2035b3acab6df22,2,440,True,,281.31868055283974,76.31113181183046,5.824000015854836e-05,0.0002147,43000,58240.000158548355,50400,93400,214700,,,,,,
3360d814-a7e0-4cb6-90e9-6baac00bb485,2005,AES-128,encrypt,cuda_optimized_v1,optimized,pipeline,pinned,ECB,16384,16,16384:ECB:16,e6c055e98b5650688c5b1619ff13ca527fa55d289102574da2035b3acab6df22,3,441,True,,278.2608633906721,76.81200187529302,5.888000130653381e-05,0.0002133,44200,58880.00130653381,49900,94100,213300,,,,,,
3360d814-a7e0-4cb6-90e9-6baac00bb485,2005,AES-128,encrypt,cuda_baseline,baseline,resident,pinned,ECB,16384,16,16384:ECB:16,e6c055e98b5650688c5b1619ff13ca527fa55d289102574da2035b3acab6df22,4,442,True,1,276.60723810870326,,5.923200026154518e-05,,,59232.00026154518,,,,,,,,,59232.00026154518
3360d814-a7e0-4cb6-90e9-6baac00bb485,2005,AES-128,encrypt,cuda_optimized_v1,optimized,resident,pinned,ECB,16384,16,16384:ECB:16,e6c055e98b5650688c5b1619ff13ca527fa55d289102574da2035b3acab6df22,5,443,True,1,282.40486136424505,,5.801599845290184e-05,,,58015.99845290184,,,,,,,,,58015.99845290184
3360d814-a7e0-4cb6-90e9-6baac00bb485,2005,AES-128,encrypt,cuda_optimized_v1,optimized,resident,pinned,CTR,16384,17,16384:CTR:17,1b89f32be138d0429810ba9d406c1a6ada3ccdd910b4ff314de6306288f4b98f,0,444,True,1,139.3955883602428,,0.00011753600090742112,,,117536.00090742111,,,,,,,,,117536.00090742111
3360d814-a7e0-4cb6-90e9-6baac00bb485,2005,AES-128,encrypt,cuda_baseline,baseline,pipeline,pinned,CTR,16384,17,16384:CTR:17,1b89f32be138d0429810ba9d406c1a6ada3ccdd910b4ff314de6306288f4b98f,1,445,True,,267.6424443751105,69.51209164191769,6.121600046753883e-05,0.0002357,52300,61216.00046753883,52100,104400,235700,,,,,,
3360d814-a7e0-4cb6-90e9-6baac00bb485,2005,AES-128,encrypt,cpu_software,software,transform,bytes,CTR,16384,17,16384:CTR:17,1b89f32be138d0429810ba9d406c1a6ada3ccdd910b4ff314de6306288f4b98f,2,446,True,,,,,,,,,,,68800,6.88e-05,238.13953488372093,0,0.0,
3360d814-a7e0-4cb6-90e9-6baac00bb485,2005,AES-128,encrypt,cuda_baseline,baseline,resident,pinned,CTR,16384,17,16384:CTR:17,1b89f32be138d0429810ba9d406c1a6ada3ccdd910b4ff314de6306288f4b98f,3,447,True,1,238.2503417487867,,6.876800209283829e-05,,,68768.00209283829,,,,,,,,,68768.00209283829
3360d814-a7e0-4cb6-90e9-6baac00bb485,2005,AES-128,encrypt,cuda_optimized_v1,optimized,pipeline,pinned,CTR,16384,17,16384:CTR:17,1b89f32be138d0429810ba9d406c1a6ada3ccdd910b4ff314de6306288f4b98f,4,448,True,,264.73628987534653,81.92,6.188800185918808e-05,0.0002,41400,61888.00185918808,45400,86800,200000,,,,,,
3360d814-a7e0-4cb6-90e9-6baac00bb485,2005,AES-128,encrypt,cpu_aesni,aesni,transform,bytes,CTR,16384,17,16384:CTR:17,1b89f32be138d0429810ba9d406c1a6ada3ccdd910b4ff314de6306288f4b98f,5,449,True,,,,,,,,,,,16200,1.62e-05,1011.358024691358,0,0.0,
3360d814-a7e0-4cb6-90e9-6baac00bb485,2005,AES-128,encrypt,cuda_baseline,baseline,pipeline,pinned,ECB,16384,17,16384:ECB:17,6288a89afa6282430ae30e49e819193f26422e2ead4e0269261c514af952f447,0,450,True,,168.1997429647511,58.829443447037704,9.740799665451049e-05,0.0002785,46000,97407.9966545105,66600,112600,278500,,,,,,
3360d814-a7e0-4cb6-90e9-6baac00bb485,2005,AES-128,encrypt,cuda_optimized_v1,optimized,resident,pinned,ECB,16384,17,16384:ECB:17,6288a89afa6282430ae30e49e819193f26422e2ead4e0269261c514af952f447,1,451,True,1,326.32250748252267,,5.020799860358238e-05,,,50207.99860358238,,,,,,,,,50207.99860358238
3360d814-a7e0-4cb6-90e9-6baac00bb485,2005,AES-128,encrypt,cuda_optimized_v1,optimized,pipeline,pinned,ECB,16384,17,16384:ECB:17,6288a89afa6282430ae30e49e819193f26422e2ead4e0269261c514af952f447,2,452,True,,339.5225559790579,86.96390658174097,4.8255998641252515e-05,0.0001884,43700,48255.99864125252,44600,88300,188400,,,,,,
3360d814-a7e0-4cb6-90e9-6baac00bb485,2005,AES-128,encrypt,cpu_aesni,aesni,transform,bytes,ECB,16384,17,16384:ECB:17,6288a89afa6282430ae30e49e819193f26422e2ead4e0269261c514af952f447,3,453,True,,,,,,,,,,,11100,1.11e-05,1476.036036036036,0,0.0,
3360d814-a7e0-4cb6-90e9-6baac00bb485,2005,AES-128,encrypt,cuda_baseline,baseline,resident,pinned,ECB,16384,17,16384:ECB:17,6288a89afa6282430ae30e49e819193f26422e2ead4e0269261c514af952f447,4,454,True,1,319.80013147471163,,5.1231998950243e-05,,,51231.998950242996,,,,,,,,,51231.998950242996
3360d814-a7e0-4cb6-90e9-6baac00bb485,2005,AES-128,encrypt,cpu_software,software,transform,bytes,ECB,16384,17,16384:ECB:17,6288a89afa6282430ae30e49e819193f26422e2ead4e0269261c514af952f447,5,455,True,,,,,,,,,,,64700,6.47e-05,253.23029366306028,0,0.0,
3360d814-a7e0-4cb6-90e9-6baac00bb485,2005,AES-128,encrypt,cpu_aesni,aesni,transform,bytes,CTR,16384,18,16384:CTR:18,7a8774498dbeb3387dcbb78a3272b181cfa40227d2f44a39f012db149cc1a9ca,0,456,True,,,,,,,,,,,10300,1.03e-05,1590.6796116504854,0,0.0,
3360d814-a7e0-4cb6-90e9-6baac00bb485,2005,AES-128,encrypt,cuda_optimized_v1,optimized,resident,pinned,CTR,16384,18,16384:CTR:18,7a8774498dbeb3387dcbb78a3272b181cfa40227d2f44a39f012db149cc1a9ca,1,457,True,1,284.28651117457827,,5.7631999254226684e-05,,,57631.999254226685,,,,,,,,,57631.999254226685
3360d814-a7e0-4cb6-90e9-6baac00bb485,2005,AES-128,encrypt,cuda_optimized_v1,optimized,pipeline,pinned,CTR,16384,18,16384:CTR:18,7a8774498dbeb3387dcbb78a3272b181cfa40227d2f44a39f012db149cc1a9ca,2,458,True,,349.72678270539035,86.91777188328912,4.684799909591675e-05,0.0001885,46100,46847.99909591675,42800,88900,188500,,,,,,
3360d814-a7e0-4cb6-90e9-6baac00bb485,2005,AES-128,encrypt,cuda_baseline,baseline,pipeline,pinned,CTR,16384,18,16384:CTR:18,7a8774498dbeb3387dcbb78a3272b181cfa40227d2f44a39f012db149cc1a9ca,3,459,True,,326.7389797043601,90.17061089708311,5.0144001841545105e-05,0.0001817,41100,50144.001841545105,40200,81300,181700,,,,,,
3360d814-a7e0-4cb6-90e9-6baac00bb485,2005,AES-128,encrypt,cuda_baseline,baseline,resident,pinned,CTR,16384,18,16384:CTR:18,7a8774498dbeb3387dcbb78a3272b181cfa40227d2f44a39f012db149cc1a9ca,4,460,True,1,324.87309445470834,,5.0432000309228894e-05,,,50432.0003092289,,,,,,,,,50432.0003092289
3360d814-a7e0-4cb6-90e9-6baac00bb485,2005,AES-128,encrypt,cpu_software,software,transform,bytes,CTR,16384,18,16384:CTR:18,7a8774498dbeb3387dcbb78a3272b181cfa40227d2f44a39f012db149cc1a9ca,5,461,True,,,,,,,,,,,63300,6.33e-05,258.83096366508687,0,0.0,
3360d814-a7e0-4cb6-90e9-6baac00bb485,2005,AES-128,encrypt,cuda_optimized_v1,optimized,resident,pinned,ECB,16384,18,16384:ECB:18,8eee4a96d2bf6f842dcc318f75ae48ac9d02e5a3810f7ac693e4484a2b660cde,0,462,True,1,305.67165117270196,,5.35999983549118e-05,,,53599.998354911804,,,,,,,,,53599.998354911804
3360d814-a7e0-4cb6-90e9-6baac00bb485,2005,AES-128,encrypt,cpu_software,software,transform,bytes,ECB,16384,18,16384:ECB:18,8eee4a96d2bf6f842dcc318f75ae48ac9d02e5a3810f7ac693e4484a2b660cde,1,463,True,,,,,,,,,,,59200,5.92e-05,276.7567567567568,0,0.0,
3360d814-a7e0-4cb6-90e9-6baac00bb485,2005,AES-128,encrypt,cuda_baseline,baseline,resident,pinned,ECB,16384,18,16384:ECB:18,8eee4a96d2bf6f842dcc318f75ae48ac9d02e5a3810f7ac693e4484a2b660cde,2,464,True,1,173.85398550726129,,9.424000233411789e-05,,,94240.00233411789,,,,,,,,,94240.00233411789
3360d814-a7e0-4cb6-90e9-6baac00bb485,2005,AES-128,encrypt,cuda_baseline,baseline,pipeline,pinned,ECB,16384,18,16384:ECB:18,8eee4a96d2bf6f842dcc318f75ae48ac9d02e5a3810f7ac693e4484a2b660cde,3,465,True,,333.76791848074214,87.61497326203208,4.90880012512207e-05,0.000187,42100,49088.0012512207,43700,85800,187000,,,,,,
3360d814-a7e0-4cb6-90e9-6baac00bb485,2005,AES-128,encrypt,cpu_aesni,aesni,transform,bytes,ECB,16384,18,16384:ECB:18,8eee4a96d2bf6f842dcc318f75ae48ac9d02e5a3810f7ac693e4484a2b660cde,4,466,True,,,,,,,,,,,10700,1.07e-05,1531.214953271028,0,0.0,
3360d814-a7e0-4cb6-90e9-6baac00bb485,2005,AES-128,encrypt,cuda_optimized_v1,optimized,pipeline,pinned,ECB,16384,18,16384:ECB:18,8eee4a96d2bf6f842dcc318f75ae48ac9d02e5a3810f7ac693e4484a2b660cde,5,467,True,,328.2051273116464,87.75575790037493,4.992000013589859e-05,0.0001867,41300,49920.00013589859,45900,87200,186700,,,,,,
3360d814-a7e0-4cb6-90e9-6baac00bb485,2005,AES-128,encrypt,cuda_baseline,baseline,pipeline,pinned,ECB,16384,19,16384:ECB:19,4e5ec8696b5c5f1f4e02a0a7dfeca178d6b1b535aad836041d08159ec2a482fb,0,468,True,,309.9273595950889,87.1953166577967,5.286400020122528e-05,0.0001879,39800,52864.00020122528,42700,82500,187900,,,,,,
3360d814-a7e0-4cb6-90e9-6baac00bb485,2005,AES-128,encrypt,cuda_optimized_v1,optimized,resident,pinned,ECB,16384,19,16384:ECB:19,4e5ec8696b5c5f1f4e02a0a7dfeca178d6b1b535aad836041d08159ec2a482fb,1,469,True,1,316.2445978044027,,5.1807999610900877e-05,,,51807.99961090088,,,,,,,,,51807.99961090088
3360d814-a7e0-4cb6-90e9-6baac00bb485,2005,AES-128,encrypt,cpu_software,software,transform,bytes,ECB,16384,19,16384:ECB:19,4e5ec8696b5c5f1f4e02a0a7dfeca178d6b1b535aad836041d08159ec2a482fb,2,470,True,,,,,,,,,,,59900,5.99e-05,273.5225375626043,0,0.0,
3360d814-a7e0-4cb6-90e9-6baac00bb485,2005,AES-128,encrypt,cuda_baseline,baseline,resident,pinned,ECB,16384,19,16384:ECB:19,4e5ec8696b5c5f1f4e02a0a7dfeca178d6b1b535aad836041d08159ec2a482fb,3,471,True,1,354.8163438316339,,4.61760014295578e-05,,,46176.0014295578,,,,,,,,,46176.0014295578
3360d814-a7e0-4cb6-90e9-6baac00bb485,2005,AES-128,encrypt,cuda_optimized_v1,optimized,pipeline,pinned,ECB,16384,19,16384:ECB:19,4e5ec8696b5c5f1f4e02a0a7dfeca178d6b1b535aad836041d08159ec2a482fb,4,472,True,,341.56103945788203,90.66961815163253,4.7968000173568725e-05,0.0001807,42100,47968.000173568726,42400,84500,180700,,,,,,
3360d814-a7e0-4cb6-90e9-6baac00bb485,2005,AES-128,encrypt,cpu_aesni,aesni,transform,bytes,ECB,16384,19,16384:ECB:19,4e5ec8696b5c5f1f4e02a0a7dfeca178d6b1b535aad836041d08159ec2a482fb,5,473,True,,,,,,,,,,,9100,9.1e-06,1800.4395604395604,0,0.0,
3360d814-a7e0-4cb6-90e9-6baac00bb485,2005,AES-128,encrypt,cpu_software,software,transform,bytes,CTR,16384,19,16384:CTR:19,7f92fa82e44c0da550f1ba42cfb8f1f39027ec19018cd1c8b36337c9045ea3e6,0,474,True,,,,,,,,,,,61800,6.18e-05,265.1132686084142,0,0.0,
3360d814-a7e0-4cb6-90e9-6baac00bb485,2005,AES-128,encrypt,cuda_baseline,baseline,pipeline,pinned,CTR,16384,19,16384:CTR:19,7f92fa82e44c0da550f1ba42cfb8f1f39027ec19018cd1c8b36337c9045ea3e6,1,475,True,,318.8044821423899,86.32244467860906,5.1392000168561934e-05,0.0001898,43100,51392.000168561935,44200,87300,189800,,,,,,
3360d814-a7e0-4cb6-90e9-6baac00bb485,2005,AES-128,encrypt,cuda_optimized_v1,optimized,resident,pinned,CTR,16384,19,16384:CTR:19,7f92fa82e44c0da550f1ba42cfb8f1f39027ec19018cd1c8b36337c9045ea3e6,2,476,True,1,302.24321546435317,,5.4207999259233475e-05,,,54207.999259233475,,,,,,,,,54207.999259233475
3360d814-a7e0-4cb6-90e9-6baac00bb485,2005,AES-128,encrypt,cuda_optimized_v1,optimized,pipeline,pinned,CTR,16384,19,16384:CTR:19,7f92fa82e44c0da550f1ba42cfb8f1f39027ec19018cd1c8b36337c9045ea3e6,3,477,True,,327.994872587794,87.84986595174263,4.995200037956238e-05,0.0001865,42200,49952.00037956238,43500,85700,186500,,,,,,
3360d814-a7e0-4cb6-90e9-6baac00bb485,2005,AES-128,encrypt,cuda_baseline,baseline,resident,pinned,CTR,16384,19,16384:CTR:19,7f92fa82e44c0da550f1ba42cfb8f1f39027ec19018cd1c8b36337c9045ea3e6,4,478,True,1,305.67165117270196,,5.35999983549118e-05,,,53599.998354911804,,,,,,,,,53599.998354911804
3360d814-a7e0-4cb6-90e9-6baac00bb485,2005,AES-128,encrypt,cpu_aesni,aesni,transform,bytes,CTR,16384,19,16384:CTR:19,7f92fa82e44c0da550f1ba42cfb8f1f39027ec19018cd1c8b36337c9045ea3e6,5,479,True,,,,,,,,,,,12200,1.22e-05,1342.950819672131,0,0.0,
3360d814-a7e0-4cb6-90e9-6baac00bb485,2005,AES-128,encrypt,cpu_software,software,transform,bytes,ECB,1048576,0,1048576:ECB:0,a476495e563bf298277774bc5d1d984a9ec3d4e62d51d3c75c252b06b14df5fd,0,480,True,,,,,,,,,,,4691100,0.0046911,223.52454648163544,0,0.0,
3360d814-a7e0-4cb6-90e9-6baac00bb485,2005,AES-128,encrypt,cuda_baseline,baseline,resident,pinned,ECB,1048576,0,1048576:ECB:0,a476495e563bf298277774bc5d1d984a9ec3d4e62d51d3c75c252b06b14df5fd,1,481,True,1,4033.4808487727787,,0.00025996801257133483,,,259968.01257133484,,,,,,,,,259968.01257133484
3360d814-a7e0-4cb6-90e9-6baac00bb485,2005,AES-128,encrypt,cuda_optimized_v1,optimized,resident,pinned,ECB,1048576,0,1048576:ECB:0,a476495e563bf298277774bc5d1d984a9ec3d4e62d51d3c75c252b06b14df5fd,2,482,True,1,5943.769449059585,,0.00017641599476337432,,,176415.99476337433,,,,,,,,,176415.99476337433
3360d814-a7e0-4cb6-90e9-6baac00bb485,2005,AES-128,encrypt,cuda_baseline,baseline,pipeline,pinned,ECB,1048576,0,1048576:ECB:0,a476495e563bf298277774bc5d1d984a9ec3d4e62d51d3c75c252b06b14df5fd,3,483,True,,5921.2140664088165,1594.5498783454989,0.00017708800733089446,0.0006576,209800,177088.00733089447,217600,427400,657600,,,,,,
3360d814-a7e0-4cb6-90e9-6baac00bb485,2005,AES-128,encrypt,cuda_optimized_v1,optimized,pipeline,pinned,ECB,1048576,0,1048576:ECB:0,a476495e563bf298277774bc5d1d984a9ec3d4e62d51d3c75c252b06b14df5fd,4,484,True,,6085.051301665078,1644.0514267795547,0.00017231999337673188,0.0006378,208700,172319.99337673187,204000,412700,637800,,,,,,
3360d814-a7e0-4cb6-90e9-6baac00bb485,2005,AES-128,encrypt,cpu_aesni,aesni,transform,bytes,ECB,1048576,0,1048576:ECB:0,a476495e563bf298277774bc5d1d984a9ec3d4e62d51d3c75c252b06b14df5fd,5,485,True,,,,,,,,,,,532500,0.0005325,1969.156807511737,0,0.0,
3360d814-a7e0-4cb6-90e9-6baac00bb485,2005,AES-128,encrypt,cpu_software,software,transform,bytes,CTR,1048576,0,1048576:CTR:0,6c53504ad64e8159d50d2d3e9cd77d3cc8b3b85d12364fd7b7728b9565a053c8,0,486,True,,,,,,,,,,,4036100,0.0040361,259.7993112162731,0,0.0,
3360d814-a7e0-4cb6-90e9-6baac00bb485,2005,AES-128,encrypt,cuda_baseline,baseline,pipeline,pinned,CTR,1048576,0,1048576:CTR:0,6c53504ad64e8159d50d2d3e9cd77d3cc8b3b85d12364fd7b7728b9565a053c8,1,487,True,,4781.555666004313,1235.799646434885,0.00021929599344730377,0.0008485,245500,219295.99344730377,274700,520200,848500,,,,,,
3360d814-a7e0-4cb6-90e9-6baac00bb485,2005,AES-128,encrypt,cuda_baseline,baseline,resident,pinned,CTR,1048576,0,1048576:CTR:0,6c53504ad64e8159d50d2d3e9cd77d3cc8b3b85d12364fd7b7728b9565a053c8,2,488,True,1,5569.000584978197,,0.00018828800320625305,,,188288.00320625305,,,,,,,,,188288.00320625305
3360d814-a7e0-4cb6-90e9-6baac00bb485,2005,AES-128,encrypt,cpu_aesni,aesni,transform,bytes,CTR,1048576,0,1048576:CTR:0,6c53504ad64e8159d50d2d3e9cd77d3cc8b3b85d12364fd7b7728b9565a053c8,3,489,True,,,,,,,,,,,736100,0.0007361,1424.5021056921614,0,0.0,
3360d814-a7e0-4cb6-90e9-6baac00bb485,2005,AES-128,encrypt,cuda_optimized_v1,optimized,pipeline,pinned,CTR,1048576,0,1048576:CTR:0,6c53504ad64e8159d50d2d3e9cd77d3cc8b3b85d12364fd7b7728b9565a053c8,4,490,True,,4547.321725597807,1146.1099573723905,0.0002305919975042343,0.0009149,250300,230591.9975042343,306000,556300,914900,,,,,,
3360d814-a7e0-4cb6-90e9-6baac00bb485,2005,AES-128,encrypt,cuda_optimized_v1,optimized,resident,pinned,CTR,1048576,0,1048576:CTR:0,6c53504ad64e8159d50d2d3e9cd77d3cc8b3b85d12364fd7b7728b9565a053c8,5,491,True,1,5574.685215401933,,0.00018809600174427032,,,188096.00174427032,,,,,,,,,188096.00174427032
3360d814-a7e0-4cb6-90e9-6baac00bb485,2005,AES-128,encrypt,cuda_optimized_v1,optimized,pipeline,pinned,ECB,1048576,1,1048576:ECB:1,39688abd4249243f1fd1bc2a0cc5b7ba429d55b3b5d292edbbcf6eddb4c1350b,0,492,True,,4572.066506183251,1339.3485758078937,0.00022934399545192718,0.0007829,231000,229343.99545192719,248600,479600,782900,,,,,,
3360d814-a7e0-4cb6-90e9-6baac00bb485,2005,AES-128,encrypt,cpu_software,software,transform,bytes,ECB,1048576,1,1048576:ECB:1,39688abd4249243f1fd1bc2a0cc5b7ba429d55b3b5d292edbbcf6eddb4c1350b,1,493,True,,,,,,,,,,,3803700,0.0038037,275.6726345400531,0,0.0,
3360d814-a7e0-4cb6-90e9-6baac00bb485,2005,AES-128,encrypt,cuda_optimized_v1,optimized,resident,pinned,ECB,1048576,1,1048576:ECB:1,39688abd4249243f1fd1bc2a0cc5b7ba429d55b3b5d292edbbcf6eddb4c1350b,2,494,True,1,4869.668756110222,,0.00021532799303531646,,,215327.99303531647,,,,,,,,,215327.99303531647
3360d814-a7e0-4cb6-90e9-6baac00bb485,2005,AES-128,encrypt,cuda_baseline,baseline,pipeline,pinned,ECB,1048576,1,1048576:ECB:1,39688abd4249243f1fd1bc2a0cc5b7ba429d55b3b5d292edbbcf6eddb4c1350b,3,495,True,,5074.802508820592,1184.9655328285683,0.00020662400126457214,0.0008849,245600,206624.00126457214,290000,535600,884900,,,,,,
3360d814-a7e0-4cb6-90e9-6baac00bb485,2005,AES-128,encrypt,cpu_aesni,aesni,transform,bytes,ECB,1048576,1,1048576:ECB:1,39688abd4249243f1fd1bc2a0cc5b7ba429d55b3b5d292edbbcf6eddb4c1350b,4,496,True,,,,,,,,,,,576500,0.0005765,1818.865568083261,0,0.0,
3360d814-a7e0-4cb6-90e9-6baac00bb485,2005,AES-128,encrypt,cuda_baseline,baseline,resident,pinned,ECB,1048576,1,1048576:ECB:1,39688abd4249243f1fd1bc2a0cc5b7ba429d55b3b5d292edbbcf6eddb4c1350b,5,497,True,1,5055.229869625903,,0.00020742399990558624,,,207423.99990558624,,,,,,,,,207423.99990558624
3360d814-a7e0-4cb6-90e9-6baac00bb485,2005,AES-128,encrypt,cpu_aesni,aesni,transform,bytes,CTR,1048576,1,1048576:CTR:1,c04c2a595e1f1573889bd47bfed01b2b6078ccad41442ccd30bc54a9c6a60bf6,0,498,True,,,,,,,,,,,945200,0.0009452,1109.3694456199746,15625000,16.530892932712653,
3360d814-a7e0-4cb6-90e9-6baac00bb485,2005,AES-128,encrypt,cuda_optimized_v1,optimized,pipeline,pinned,CTR,1048576,1,1048576:CTR:1,c04c2a595e1f1573889bd47bfed01b2b6078ccad41442ccd30bc54a9c6a60bf6,1,499,True,,5489.696721621615,1291.6678984971668,0.00019100800156593323,0.0008118,261100,191008.00156593323,265000,526100,811800,,,,,,
3360d814-a7e0-4cb6-90e9-6baac00bb485,2005,AES-128,encrypt,cuda_baseline,baseline,pipeline,pinned,CTR,1048576,1,1048576:CTR:1,c04c2a595e1f1573889bd47bfed01b2b6078ccad41442ccd30bc54a9c6a60bf6,2,500,True,,4241.26318111409,1280.0,0.0002472320050001144,0.0008192,242700,247232.00500011444,239200,481900,819200,,,,,,
3360d814-a7e0-4cb6-90e9-6baac00bb485,2005,AES-128,encrypt,cuda_baseline,baseline,resident,pinned,CTR,1048576,1,1048576:CTR:1,c04c2a595e1f1573889bd47bfed01b2b6078ccad41442ccd30bc54a9c6a60bf6,3,501,True,1,5087.408852470897,,0.00020611199736595152,,,206111.99736595154,,,,,,,,,206111.99736595154
3360d814-a7e0-4cb6-90e9-6baac00bb485,2005,AES-128,encrypt,cuda_optimized_v1,optimized,resident,pinned,CTR,1048576,1,1048576:CTR:1,c04c2a595e1f1573889bd47bfed01b2b6078ccad41442ccd30bc54a9c6a60bf6,4,502,True,1,6055.8122444103,,0.00017315199971199035,,,173151.99971199036,,,,,,,,,173151.99971199036
3360d814-a7e0-4cb6-90e9-6baac00bb485,2005,AES-128,encrypt,cpu_software,software,transform,bytes,CTR,1048576,1,1048576:CTR:1,c04c2a595e1f1573889bd47bfed01b2b6078ccad41442ccd30bc54a9c6a60bf6,5,503,True,,,,,,,,,,,4016000,0.004016,261.0996015936255,0,0.0,
3360d814-a7e0-4cb6-90e9-6baac00bb485,2005,AES-128,encrypt,cuda_baseline,baseline,resident,pinned,CTR,1048576,2,1048576:CTR:2,1faa851868a980187d8cf03a21708e88caaced8c31000422d5c239b35a4c225c,0,504,True,1,4272.229356553499,,0.0002454400062561035,,,245440.00625610352,,,,,,,,,245440.00625610352
3360d814-a7e0-4cb6-90e9-6baac00bb485,2005,AES-128,encrypt,cuda_baseline,baseline,pipeline,pinned,CTR,1048576,2,1048576:CTR:2,1faa851868a980187d8cf03a21708e88caaced8c31000422d5c239b35a4c225c,1,505,True,,4938.658630038108,1388.4745762711864,0.0002123199999332428,0.0007552,247900,212319.9999332428,206200,454100,755200,,,,,,
3360d814-a7e0-4cb6-90e9-6baac00bb485,2005,AES-128,encrypt,cpu_aesni,aesni,transform,bytes,CTR,1048576,2,1048576:CTR:2,1faa851868a980187d8cf03a21708e88caaced8c31000422d5c239b35a4c225c,2,506,True,,,,,,,,,,,744000,0.000744,1409.3763440860216,0,0.0,
3360d814-a7e0-4cb6-90e9-6baac00bb485,2005,AES-128,encrypt,cpu_software,software,transform,bytes,CTR,1048576,2,1048576:CTR:2,1faa851868a980187d8cf03a21708e88caaced8c31000422d5c239b35a4c225c,3,507,True,,,,,,,,,,,4053400,0.0040534,258.6904820644397,0,0.0,
3360d814-a7e0-4cb6-90e9-6baac00bb485,2005,AES-128,encrypt,cuda_optimized_v1,optimized,resident,pinned,CTR,1048576,2,1048576:CTR:2,1faa851868a980187d8cf03a21708e88caaced8c31000422d5c239b35a4c225c,4,508,True,1,4821.659757530252,,0.00021747200191020967,,,217472.00191020966,,,,,,,,,217472.00191020966
3360d814-a7e0-4cb6-90e9-6baac00bb485,2005,AES-128,encrypt,cuda_optimized_v1,optimized,pipeline,pinned,CTR,1048576,2,1048576:CTR:2,1faa851868a980187d8cf03a21708e88caaced8c31000422d5c239b35a4c225c,5,509,True,,4300.262571719265,1291.9862000985706,0.00024383999407291413,0.0008116,244300,243839.99407291412,237200,481500,811600,,,,,,
3360d814-a7e0-4cb6-90e9-6baac00bb485,2005,AES-128,encrypt,cuda_baseline,baseline,pipeline,pinned,ECB,1048576,2,1048576:ECB:2,543f498ae6710ec66626013948dc8e03e78d93a15e3d20725627ba826a963443,0,510,True,,4225.402887235873,1251.134709461878,0.0002481600046157837,0.0008381,249100,248160.0046157837,244300,493400,838100,,,,,,
3360d814-a7e0-4cb6-90e9-6baac00bb485,2005,AES-128,encrypt,cuda_optimized_v1,optimized,resident,pinned,ECB,1048576,2,1048576:ECB:2,543f498ae6710ec66626013948dc8e03e78d93a15e3d20725627ba826a963443,1,511,True,1,4324.666648577598,,0.00024246400594711304,,,242464.00594711304,,,,,,,,,242464.00594711304
3360d814-a7e0-4cb6-90e9-6baac00bb485,2005,AES-128,encrypt,cuda_baseline,baseline,resident,pinned,ECB,1048576,2,1048576:ECB:2,543f498ae6710ec66626013948dc8e03e78d93a15e3d20725627ba826a963443,2,512,True,1,5286.013926394868,,0.00019836799800395966,,,198367.99800395966,,,,,,,,,198367.99800395966
3360d814-a7e0-4cb6-90e9-6baac00bb485,2005,AES-128,encrypt,cuda_optimized_v1,optimized,pipeline,pinned,ECB,1048576,2,1048576:ECB:2,543f498ae6710ec66626013948dc8e03e78d93a15e3d20725627ba826a963443,3,513,True,,4993.599405388727,1310.228664250906,0.00020998400449752808,0.0008003,248500,209984.00449752808,244900,493400,800300,,,,,,
3360d814-a7e0-4cb6-90e9-6baac00bb485,2005,AES-128,encrypt,cpu_software,software,transform,bytes,ECB,1048576,2,1048576:ECB:2,543f498ae6710ec66626013948dc8e03e78d93a15e3d20725627ba826a963443,4,514,True,,,,,,,,,,,3905000,0.003905,268.5213828425096,0,0.0,
3360d814-a7e0-4cb6-90e9-6baac00bb485,2005,AES-128,encrypt,cpu_aesni,aesni,transform,bytes,ECB,1048576,2,1048576:ECB:2,543f498ae6710ec66626013948dc8e03e78d93a15e3d20725627ba826a963443,5,515,True,,,,,,,,,,,611400,0.0006114,1715.0408897612037,0,0.0,
3360d814-a7e0-4cb6-90e9-6baac00bb485,2005,AES-128,encrypt,cpu_aesni,aesni,transform,bytes,ECB,1048576,3,1048576:ECB:3,ec51c235c2b3cdf7df767c4c8af6fc547e178cbae6aea681676a38a4bd548688,0,516,True,,,,,,,,,,,561300,0.0005613,1868.1204347051487,0,0.0,
3360d814-a7e0-4cb6-90e9-6baac00bb485,2005,AES-128,encrypt,cuda_optimized_v1,optimized,resident,pinned,ECB,1048576,3,1048576:ECB:3,ec51c235c2b3cdf7df767c4c8af6fc547e178cbae6aea681676a38a4bd548688,1,517,True,1,6059.171372445666,,0.0001730560064315796,,,173056.0064315796,,,,,,,,,173056.0064315796
3360d814-a7e0-4cb6-90e9-6baac00bb485,2005,AES-128,encrypt,cuda_baseline,baseline,resident,pinned,ECB,1048576,3,1048576:ECB:3,ec51c235c2b3cdf7df767c4c8af6fc547e178cbae6aea681676a38a4bd548688,2,518,True,1,5918.006120091497,,0.00017718400061130524,,,177184.00061130524,,,,,,,,,177184.00061130524
3360d814-a7e0-4cb6-90e9-6baac00bb485,2005,AES-128,encrypt,cuda_optimized_v1,optimized,pipeline,pinned,ECB,1048576,3,1048576:ECB:3,ec51c235c2b3cdf7df767c4c8af6fc547e178cbae6aea681676a38a4bd548688,3,519,True,,5979.5622424875155,1532.1098772647574,0.00017535999417304991,0.0006844,219100,175359.99417304993,217700,436800,684400,,,,,,
3360d814-a7e0-4cb6-90e9-6baac00bb485,2005,AES-128,encrypt,cuda_baseline,baseline,pipeline,pinned,ECB,1048576,3,1048576:ECB:3,ec51c235c2b3cdf7df767c4c8af6fc547e178cbae6aea681676a38a4bd548688,4,520,True,,6227.2899794296645,1634.0595293750973,0.00016838400065898894,0.0006417,211100,168384.00065898895,206900,418000,641700,,,,,,
3360d814-a7e0-4cb6-90e9-6baac00bb485,2005,AES-128,encrypt,cpu_software,software,transform,bytes,ECB,1048576,3,1048576:ECB:3,ec51c235c2b3cdf7df767c4c8af6fc547e178cbae6aea681676a38a4bd548688,5,521,True,,,,,,,,,,,3801000,0.003801,275.86845566956066,0,0.0,
3360d814-a7e0-4cb6-90e9-6baac00bb485,2005,AES-128,encrypt,cuda_baseline,baseline,pipeline,pinned,CTR,1048576,3,1048576:CTR:3,aeb2c399e9adeb5138c305111b2c6c3f0302e5c18301463fbaa55d525ae2d272,0,522,True,,4836.605071375324,1226.1178671655753,0.0002168000042438507,0.0008552,256900,216800.0042438507,269700,526600,855200,,,,,,
3360d814-a7e0-4cb6-90e9-6baac00bb485,2005,AES-128,encrypt,cuda_optimized_v1,optimized,resident,pinned,CTR,1048576,3,1048576:CTR:3,aeb2c399e9adeb5138c305111b2c6c3f0302e5c18301463fbaa55d525ae2d272,1,523,True,1,5611.919858541049,,0.00018684799969196318,,,186847.9996919632,,,,,,,,,186847.9996919632
3360d814-a7e0-4cb6-90e9-6baac00bb485,2005,AES-128,encrypt,cuda_optimized_v1,optimized,pipeline,pinned,CTR,1048576,3,1048576:CTR:3,aeb2c399e9adeb5138c305111b2c6c3f0302e5c18301463fbaa55d525ae2d272,2,524,True,,5746.755412162008,1553.4459259259258,0.00018246400356292724,0.000675,210300,182464.00356292725,217100,427400,675000,,,,,,
3360d814-a7e0-4cb6-90e9-6baac00bb485,2005,AES-128,encrypt,cuda_baseline,baseline,resident,pinned,CTR,1048576,3,1048576:CTR:3,aeb2c399e9adeb5138c305111b2c6c3f0302e5c18301463fbaa55d525ae2d272,3,525,True,1,5681.983791213204,,0.00018454399704933167,,,184543.99704933167,,,,,,,,,184543.99704933167
3360d814-a7e0-4cb6-90e9-6baac00bb485,2005,AES-128,encrypt,cpu_software,software,transform,bytes,CTR,1048576,3,1048576:CTR:3,aeb2c399e9adeb5138c305111b2c6c3f0302e5c18301463fbaa55d525ae2d272,4,526,True,,,,,,,,,,,4736800,0.0047368,221.3680121601081,15625000,3.2986404323593987,
3360d814-a7e0-4cb6-90e9-6baac00bb485,2005,AES-128,encrypt,cpu_aesni,aesni,transform,bytes,CTR,1048576,3,1048576:CTR:3,aeb2c399e9adeb5138c305111b2c6c3f0302e5c18301463fbaa55d525ae2d272,5,527,True,,,,,,,,,,,1025800,0.0010258,1022.2031585104309,0,0.0,
3360d814-a7e0-4cb6-90e9-6baac00bb485,2005,AES-128,encrypt,cpu_aesni,aesni,transform,bytes,CTR,1048576,4,1048576:CTR:4,ce3892df3a79098486b84ad82ea67be3910c1d2ea4638db20a52ebdaea61c379,0,528,True,,,,,,,,,,,760100,0.0007601,1379.5237468754112,0,0.0,
3360d814-a7e0-4cb6-90e9-6baac00bb485,2005,AES-128,encrypt,cuda_baseline,baseline,resident,pinned,CTR,1048576,4,1048576:CTR:4,ce3892df3a79098486b84ad82ea67be3910c1d2ea4638db20a52ebdaea61c379,1,529,True,1,5201.269834503535,,0.00020160000026226045,,,201600.00026226044,,,,,,,,,201600.00026226044
3360d814-a7e0-4cb6-90e9-6baac00bb485,2005,AES-128,encrypt,cuda_baseline,baseline,pipeline,pinned,CTR,1048576,4,1048576:CTR:4,ce3892df3a79098486b84ad82ea67be3910c1d2ea4638db20a52ebdaea61c379,2,530,True,,5726.669199049048,1478.950634696756,0.0001831039935350418,0.000709,217200,183103.9935350418,239900,457100,709000,,,,,,
3360d814-a7e0-4cb6-90e9-6baac00bb485,2005,AES-128,encrypt,cuda_optimized_v1,optimized,pipeline,pinned,CTR,1048576,4,1048576:CTR:4,ce3892df3a79098486b84ad82ea67be3910c1d2ea4638db20a52ebdaea61c379,3,531,True,,5825.42199074075,1587.7892186553604,0.00018000000715255737,0.0006604,213300,180000.00715255737,210400,423700,660400,,,,,,
3360d814-a7e0-4cb6-90e9-6baac00bb485,2005,AES-128,encrypt,cuda_optimized_v1,optimized,resident,pinned,CTR,1048576,4,1048576:CTR:4,ce3892df3a79098486b84ad82ea67be3910c1d2ea4638db20a52ebdaea61c379,4,532,True,1,5781.228096864452,,0.00018137599527835846,,,181375.99527835846,,,,,,,,,181375.99527835846
3360d814-a7e0-4cb6-90e9-6baac00bb485,2005,AES-128,encrypt,cpu_software,software,transform,bytes,CTR,1048576,4,1048576:CTR:4,ce3892df3a79098486b84ad82ea67be3910c1d2ea4638db20a52ebdaea61c379,5,533,True,,,,,,,,,,,4100600,0.0041006,255.71282251377846,0,0.0,
3360d814-a7e0-4cb6-90e9-6baac00bb485,2005,AES-128,encrypt,cpu_aesni,aesni,transform,bytes,ECB,1048576,4,1048576:ECB:4,41a2c512d6ded72fab137117f98633a57b3eac76f9d3176702eaf3a69f1ecca9,0,534,True,,,,,,,,,,,520800,0.0005208,2013.394777265745,0,0.0,
3360d814-a7e0-4cb6-90e9-6baac00bb485,2005,AES-128,encrypt,cuda_baseline,baseline,resident,pinned,ECB,1048576,4,1048576:ECB:4,41a2c512d6ded72fab137117f98633a57b3eac76f9d3176702eaf3a69f1ecca9,1,535,True,1,4174.799127747692,,0.00025116801261901853,,,251168.01261901855,,,,,,,,,251168.01261901855
3360d814-a7e0-4cb6-90e9-6baac00bb485,2005,AES-128,encrypt,cuda_optimized_v1,optimized,pipeline,pinned,ECB,1048576,4,1048576:ECB:4,41a2c512d6ded72fab137117f98633a57b3eac76f9d3176702eaf3a69f1ecca9,2,536,True,,4289.566589237134,1170.0245480919439,0.0002444480061531067,0.0008962,245300,244448.0061531067,320800,566100,896200,,,,,,
3360d814-a7e0-4cb6-90e9-6baac00bb485,2005,AES-128,encrypt,cuda_optimized_v1,optimized,resident,pinned,ECB,1048576,4,1048576:ECB:4,41a2c512d6ded72fab137117f98633a57b3eac76f9d3176702eaf3a69f1ecca9,3,537,True,1,6213.120838895236,,0.0001687680035829544,,,168768.0035829544,,,,,,,,,168768.0035829544
3360d814-a7e0-4cb6-90e9-6baac00bb485,2005,AES-128,encrypt,cpu_software,software,transform,bytes,ECB,1048576,4,1048576:ECB:4,41a2c512d6ded72fab137117f98633a57b3eac76f9d3176702eaf3a69f1ecca9,4,538,True,,,,,,,,,,,4347700,0.0043477,241.17947420475193,0,0.0,
3360d814-a7e0-4cb6-90e9-6baac00bb485,2005,AES-128,encrypt,cuda_baseline,baseline,pipeline,pinned,ECB,1048576,4,1048576:ECB:4,41a2c512d6ded72fab137117f98633a57b3eac76f9d3176702eaf3a69f1ecca9,5,539,True,,6082.792122956022,1607.0130268199234,0.00017238399386405946,0.0006525,211900,172383.99386405945,207600,419500,652500,,,,,,
3360d814-a7e0-4cb6-90e9-6baac00bb485,2005,AES-128,encrypt,cuda_optimized_v1,optimized,pipeline,pinned,CTR,1048576,5,1048576:CTR:5,b9f803e3109a2c5977c79203381ff942aa5098c76761a4162c4b2893a51d6884,0,540,True,,4091.9078666203795,1057.2454123815285,0.0002562560141086578,0.0009918,288600,256256.01410865784,291400,580000,991800,,,,,,
3360d814-a7e0-4cb6-90e9-6baac00bb485,2005,AES-128,encrypt,cuda_baseline,baseline,resident,pinned,CTR,1048576,5,1048576:CTR:5,b9f803e3109a2c5977c79203381ff942aa5098c76761a4162c4b2893a51d6884,1,541,True,1,3365.307634763153,,0.0003115839958190918,,,311583.9958190918,,,,,,,,,311583.9958190918
3360d814-a7e0-4cb6-90e9-6baac00bb485,2005,AES-128,encrypt,cuda_optimized_v1,optimized,resident,pinned,CTR,1048576,5,1048576:CTR:5,b9f803e3109a2c5977c79203381ff942aa5098c76761a4162c4b2893a51d6884,2,542,True,1,4703.990841437384,,0.00022291199862957,,,222911.99862957,,,,,,,,,222911.99862957
3360d814-a7e0-4cb6-90e9-6baac00bb485,2005,AES-128,encrypt,cuda_baseline,baseline,pipeline,pinned,CTR,1048576,5,1048576:CTR:5,b9f803e3109a2c5977c79203381ff942aa5098c76761a4162c4b2893a51d6884,3,543,True,,4670.467587900638,1354.224460803306,0.00022451199591159822,0.0007743,253500,224511.9959115982,205600,459100,774300,,,,,,
3360d814-a7e0-4cb6-90e9-6baac00bb485,2005,AES-128,encrypt,cpu_aesni,aesni,transform,bytes,CTR,1048576,5,1048576:CTR:5,b9f803e3109a2c5977c79203381ff942aa5098c76761a4162c4b2893a51d6884,4,544,True,,,,,,,,,,,810900,0.0008109,1293.1014921691947,0,0.0,
3360d814-a7e0-4cb6-90e9-6baac00bb485,2005,AES-128,encrypt,cpu_software,software,transform,bytes,CTR,1048576,5,1048576:CTR:5,b9f803e3109a2c5977c79203381ff942aa5098c76761a4162c4b2893a51d6884,5,545,True,,,,,,,,,,,4078900,0.0040789,257.0732305278384,0,0.0,
3360d814-a7e0-4cb6-90e9-6baac00bb485,2005,AES-128,encrypt,cuda_optimized_v1,optimized,resident,pinned,ECB,1048576,5,1048576:ECB:5,5b2f94b7e15f04403357b992f6703e25d869e18aa01383a11a762cecab123f55,0,546,True,1,5086.61893754226,,0.00020614400506019593,,,206144.00506019592,,,,,,,,,206144.00506019592
3360d814-a7e0-4cb6-90e9-6baac00bb485,2005,AES-128,encrypt,cpu_software,software,transform,bytes,ECB,1048576,5,1048576:ECB:5,5b2f94b7e15f04403357b992f6703e25d869e18aa01383a11a762cecab123f55,1,547,True,,,,,,,,,,,3659800,0.0036598,286.51183124760917,0,0.0,
3360d814-a7e0-4cb6-90e9-6baac00bb485,2005,AES-128,encrypt,cpu_aesni,aesni,transform,bytes,ECB,1048576,5,1048576:ECB:5,5b2f94b7e15f04403357b992f6703e25d869e18aa01383a11a762cecab123f55,2,548,True,,,,,,,,,,,578400,0.0005784,1812.890733056708,0,0.0,
3360d814-a7e0-4cb6-90e9-6baac00bb485,2005,AES-128,encrypt,cuda_baseline,baseline,pipeline,pinned,ECB,1048576,5,1048576:ECB:5,5b2f94b7e15f04403357b992f6703e25d869e18aa01383a11a762cecab123f55,3,549,True,,4383.092495283217,1212.086463992602,0.00023923200368881225,0.0008651,243800,239232.00368881226,286600,530400,865100,,,,,,
3360d814-a7e0-4cb6-90e9-6baac00bb485,2005,AES-128,encrypt,cuda_optimized_v1,optimized,pipeline,pinned,ECB,1048576,5,1048576:ECB:5,5b2f94b7e15f04403357b992f6703e25d869e18aa01383a11a762cecab123f55,4,550,True,,5094.527298246132,1290.8728302351349,0.00020582400262355804,0.0008123,239300,205824.00262355804,280700,520000,812300,,,,,,
3360d814-a7e0-4cb6-90e9-6baac00bb485,2005,AES-128,encrypt,cuda_baseline,baseline,resident,pinned,ECB,1048576,5,1048576:ECB:5,5b2f94b7e15f04403357b992f6703e25d869e18aa01383a11a762cecab123f55,5,551,True,1,5791.44596951655,,0.00018105599284172057,,,181055.99284172058,,,,,,,,,181055.99284172058
3360d814-a7e0-4cb6-90e9-6baac00bb485,2005,AES-128,encrypt,cpu_aesni,aesni,transform,bytes,CTR,1048576,6,1048576:CTR:6,4b23bb8b39af740b960a2e929aa9fad0b7284c691839f02a25fa2fdffc8fdbc6,0,552,True,,,,,,,,,,,859700,0.0008597,1219.6998953123182,0,0.0,
3360d814-a7e0-4cb6-90e9-6baac00bb485,2005,AES-128,encrypt,cuda_optimized_v1,optimized,pipeline,pinned,CTR,1048576,6,1048576:CTR:6,4b23bb8b39af740b960a2e929aa9fad0b7284c691839f02a25fa2fdffc8fdbc6,1,553,True,,4281.719680397053,1263.3445783132531,0.0002448959946632385,0.00083,248600,244895.99466323853,242400,491000,830000,,,,,,
3360d814-a7e0-4cb6-90e9-6baac00bb485,2005,AES-128,encrypt,cuda_optimized_v1,optimized,resident,pinned,CTR,1048576,6,1048576:CTR:6,4b23bb8b39af740b960a2e929aa9fad0b7284c691839f02a25fa2fdffc8fdbc6,2,554,True,1,4340.707394191996,,0.00024156799912452697,,,241567.99912452698,,,,,,,,,241567.99912452698
3360d814-a7e0-4cb6-90e9-6baac00bb485,2005,AES-128,encrypt,cuda_baseline,baseline,resident,pinned,CTR,1048576,6,1048576:CTR:6,4b23bb8b39af740b960a2e929aa9fad0b7284c691839f02a25fa2fdffc8fdbc6,3,555,True,1,4305.913156415744,,0.00024352000653743745,,,243520.00653743744,,,,,,,,,243520.00653743744
3360d814-a7e0-4cb6-90e9-6baac00bb485,2005,AES-128,encrypt,cpu_software,software,transform,bytes,CTR,1048576,6,1048576:CTR:6,4b23bb8b39af740b960a2e929aa9fad0b7284c691839f02a25fa2fdffc8fdbc6,4,556,True,,,,,,,,,,,4406800,0.0044068,237.94499410002723,15625000,3.5456567123536353,
3360d814-a7e0-4cb6-90e9-6baac00bb485,2005,AES-128,encrypt,cuda_baseline,baseline,pipeline,pinned,CTR,1048576,6,1048576:CTR:6,4b23bb8b39af740b960a2e929aa9fad0b7284c691839f02a25fa2fdffc8fdbc6,5,557,True,,4806.80652245926,1373.7403380060264,0.0002181439995765686,0.0007633,216400,218143.9995765686,268800,485200,763300,,,,,,
3360d814-a7e0-4cb6-90e9-6baac00bb485,2005,AES-128,encrypt,cpu_software,software,transform,bytes,ECB,1048576,6,1048576:ECB:6,8e256a5e9d0902f0366ef0bb8f026fed74adccac34ac519e216390fbb8d4d811,0,558,True,,,,,,,,,,,4654300,0.0046543,225.2918806265174,0,0.0,
3360d814-a7e0-4cb6-90e9-6baac00bb485,2005,AES-128,encrypt,cuda_baseline,baseline,resident,pinned,ECB,1048576,6,1048576:ECB:6,8e256a5e9d0902f0366ef0bb8f026fed74adccac34ac519e216390fbb8d4d811,1,559,True,1,5974.111115667036,,0.00017552000284194947,,,175520.00284194946,,,,,,,,,175520.00284194946
3360d814-a7e0-4cb6-90e9-6baac00bb485,2005,AES-128,encrypt,cuda_optimized_v1,optimized,resident,pinned,ECB,1048576,6,1048576:ECB:6,8e256a5e9d0902f0366ef0bb8f026fed74adccac34ac519e216390fbb8d4d811,2,560,True,1,6019.10358984855,,0.00017420800030231476,,,174208.00030231476,,,,,,,,,174208.00030231476
3360d814-a7e0-4cb6-90e9-6baac00bb485,2005,AES-128,encrypt,cpu_aesni,aesni,transform,bytes,ECB,1048576,6,1048576:ECB:6,8e256a5e9d0902f0366ef0bb8f026fed74adccac34ac519e216390fbb8d4d811,3,561,True,,,,,,,,,,,512600,0.0005126,2045.6028092079594,0,0.0,
3360d814-a7e0-4cb6-90e9-6baac00bb485,2005,AES-128,encrypt,cuda_baseline,baseline,pipeline,pinned,ECB,1048576,6,1048576:ECB:6,8e256a5e9d0902f0366ef0bb8f026fed74adccac34ac519e216390fbb8d4d811,4,562,True,,5978.471018270133,1432.6765951632738,0.00017539200186729431,0.0007319,214900,175392.0018672943,233800,448700,731900,,,,,,
3360d814-a7e0-4cb6-90e9-6baac00bb485,2005,AES-128,encrypt,cuda_optimized_v1,optimized,pipeline,pinned,ECB,1048576,6,1048576:ECB:6,8e256a5e9d0902f0366ef0bb8f026fed74adccac34ac519e216390fbb8d4d811,5,563,True,,6030.18041998501,1463.2654200390734,0.00017388799786567687,0.0007166,209000,173887.99786567688,235000,444000,716600,,,,,,
3360d814-a7e0-4cb6-90e9-6baac00bb485,2005,AES-128,encrypt,cuda_baseline,baseline,resident,pinned,CTR,1048576,7,1048576:CTR:7,733fac37204e6ef2baaa8ed6a34482f52b56a943b5e2dfbe94b6e821a63ceb89,0,564,True,1,5836.836576994989,,0.0001796479970216751,,,179647.9970216751,,,,,,,,,179647.9970216751
3360d814-a7e0-4cb6-90e9-6baac00bb485,2005,AES-128,encrypt,cpu_aesni,aesni,transform,bytes,CTR,1048576,7,1048576:CTR:7,733fac37204e6ef2baaa8ed6a34482f52b56a943b5e2dfbe94b6e821a63ceb89,1,565,True,,,,,,,,,,,744300,0.0007443,1408.808276232702,0,0.0,
3360d814-a7e0-4cb6-90e9-6baac00bb485,2005,AES-128,encrypt,cuda_optimized_v1,optimized,pipeline,pinned,CTR,1048576,7,1048576:CTR:7,733fac37204e6ef2baaa8ed6a34482f52b56a943b5e2dfbe94b6e821a63ceb89,2,566,True,,5853.519338683087,1427.4108358290225,0.0001791359931230545,0.0007346,212700,179135.9931230545,238300,451000,734600,,,,,,
3360d814-a7e0-4cb6-90e9-6baac00bb485,2005,AES-128,encrypt,cpu_software,software,transform,bytes,CTR,1048576,7,1048576:CTR:7,733fac37204e6ef2baaa8ed6a34482f52b56a943b5e2dfbe94b6e821a63ceb89,3,567,True,,,,,,,,,,,4022000,0.004022,260.710094480358,0,0.0,
3360d814-a7e0-4cb6-90e9-6baac00bb485,2005,AES-128,encrypt,cuda_baseline,baseline,pipeline,pinned,CTR,1048576,7,1048576:CTR:7,733fac37204e6ef2baaa8ed6a34482f52b56a943b5e2dfbe94b6e821a63ceb89,4,568,True,,5576.582672048135,1395.1250665247471,0.00018803200125694274,0.0007516,212100,188032.00125694275,245600,457700,751600,,,,,,
3360d814-a7e0-4cb6-90e9-6baac00bb485,2005,AES-128,encrypt,cuda_optimized_v1,optimized,resident,pinned,CTR,1048576,7,1048576:CTR:7,733fac37204e6ef2baaa8ed6a34482f52b56a943b5e2dfbe94b6e821a63ceb89,5,569,True,1,5537.9414133786995,,0.00018934400379657745,,,189344.00379657745,,,,,,,,,189344.00379657745
3360d814-a7e0-4cb6-90e9-6baac00bb485,2005,AES-128,encrypt,cpu_software,software,transform,bytes,ECB,1048576,7,1048576:ECB:7,9da3fc2e58e60220a794a44651db4729b94e8124b7f5279e271fd1510bece7d2,0,570,True,,,,,,,,,,,3814600,0.0038146,274.8849158496304,0,0.0,
3360d814-a7e0-4cb6-90e9-6baac00bb485,2005,AES-128,encrypt,cuda_baseline,baseline,resident,pinned,ECB,1048576,7,1048576:ECB:7,9da3fc2e58e60220a794a44651db4729b94e8124b7f5279e271fd1510bece7d2,1,571,True,1,6145.5362827308045,,0.0001706240028142929,,,170624.0028142929,,,,,,,,,170624.0028142929
3360d814-a7e0-4cb6-90e9-6baac00bb485,2005,AES-128,encrypt,cpu_aesni,aesni,transform,bytes,ECB,1048576,7,1048576:ECB:7,9da3fc2e58e60220a794a44651db4729b94e8124b7f5279e271fd1510bece7d2,2,572,True,,,,,,,,,,,685900,0.0006859,1528.7592943577781,15625000,22.78028867181805,
3360d814-a7e0-4cb6-90e9-6baac00bb485,2005,AES-128,encrypt,cuda_baseline,baseline,pipeline,pinned,ECB,1048576,7,1048576:ECB:7,9da3fc2e58e60220a794a44651db4729b94e8124b7f5279e271fd1510bece7d2,3,573,True,,5128.8151611607145,1358.9631933644375,0.00020444799959659575,0.0007716,251300,204447.99959659576,214200,465500,771600,,,,,,
3360d814-a7e0-4cb6-90e9-6baac00bb485,2005,AES-128,encrypt,cuda_optimized_v1,optimized,resident,pinned,ECB,1048576,7,1048576:ECB:7,9da3fc2e58e60220a794a44651db4729b94e8124b7f5279e271fd1510bece7d2,4,574,True,1,4940.147759013929,,0.00021225599944591522,,,212255.99944591522,,,,,,,,,212255.99944591522
3360d814-a7e0-4cb6-90e9-6baac00bb485,2005,AES-128,encrypt,cuda_optimized_v1,optimized,pipeline,pinned,ECB,1048576,7,1048576:ECB:7,9da3fc2e58e60220a794a44651db4729b94e8124b7f5279e271fd1510bece7d2,5,575,True,,5119.200061986129,1353.5252355750613,0.0002048320025205612,0.0007747,241400,204832.00252056122,237300,478700,774700,,,,,,
3360d814-a7e0-4cb6-90e9-6baac00bb485,2005,AES-128,encrypt,cuda_optimized_v1,optimized,pipeline,pinned,ECB,1048576,8,1048576:ECB:8,c50dc50b8a1fbdbdec60ec674594ac27b8171d70e7fc15a9172466d2ce04dadb,0,576,True,,4354.551616600537,1262.1280693307656,0.00024079999327659607,0.0008308,248100,240799.99327659607,249400,497500,830800,,,,,,
3360d814-a7e0-4cb6-90e9-6baac00bb485,2005,AES-128,encrypt,cuda_optimized_v1,optimized,resident,pinned,ECB,1048576,8,1048576:ECB:8,c50dc50b8a1fbdbdec60ec674594ac27b8171d70e7fc15a9172466d2ce04dadb,1,577,True,1,5128.012336719883,,0.00020448000729084015,,,204480.00729084015,,,,,,,,,204480.00729084015
3360d814-a7e0-4cb6-90e9-6baac00bb485,2005,AES-128,encrypt,cuda_baseline,baseline,pipeline,pinned,ECB,1048576,8,1048576:ECB:8,c50dc50b8a1fbdbdec60ec674594ac27b8171d70e7fc15a9172466d2ce04dadb,2,578,True,,5202.921568211172,1398.8473852721452,0.00020153599977493287,0.0007496,244500,201535.99977493286,208500,453000,749600,,,,,,
3360d814-a7e0-4cb6-90e9-6baac00bb485,2005,AES-128,encrypt,cpu_software,software,transform,bytes,ECB,1048576,8,1048576:ECB:8,c50dc50b8a1fbdbdec60ec674594ac27b8171d70e7fc15a9172466d2ce04dadb,3,579,True,,,,,,,,,,,3817700,0.0038177,274.66170731068445,0,0.0,
3360d814-a7e0-4cb6-90e9-6baac00bb485,2005,AES-128,encrypt,cuda_baseline,baseline,resident,pinned,ECB,1048576,8,1048576:ECB:8,c50dc50b8a1fbdbdec60ec674594ac27b8171d70e7fc15a9172466d2ce04dadb,4,580,True,1,4422.132206935601,,0.00023712000250816344,,,237120.00250816345,,,,,,,,,237120.00250816345
3360d814-a7e0-4cb6-90e9-6baac00bb485,2005,AES-128,encrypt,cpu_aesni,aesni,transform,bytes,ECB,1048576,8,1048576:ECB:8,c50dc50b8a1fbdbdec60ec674594ac27b8171d70e7fc15a9172466d2ce04dadb,5,581,True,,,,,,,,,,,526900,0.0005269,1990.0854052002278,0,0.0,
3360d814-a7e0-4cb6-90e9-6baac00bb485,2005,AES-128,encrypt,cuda_optimized_v1,optimized,pipeline,pinned,CTR,1048576,8,1048576:CTR:8,1c0a652592a2a35233d18b5ace0516ccff0c9000e9898cd16160e8e503437177,0,582,True,,4048.9309801547633,1229.7126773777413,0.000258976012468338,0.0008527,245500,258976.012468338,265800,511300,852700,,,,,,
3360d814-a7e0-4cb6-90e9-6baac00bb485,2005,AES-128,encrypt,cuda_baseline,baseline,resident,pinned,CTR,1048576,8,1048576:CTR:8,1c0a652592a2a35233d18b5ace0516ccff0c9000e9898cd16160e8e503437177,1,583,True,1,5922.284487121937,,0.00017705599963665009,,,177055.9996366501,,,,,,,,,177055.9996366501
3360d814-a7e0-4cb6-90e9-6baac00bb485,2005,AES-128,encrypt,cpu_software,software,transform,bytes,CTR,1048576,8,1048576:CTR:8,1c0a652592a2a35233d18b5ace0516ccff0c9000e9898cd16160e8e503437177,2,584,True,,,,,,,,,,,4120700,0.0041207,254.4655034338826,0,0.0,
3360d814-a7e0-4cb6-90e9-6baac00bb485,2005,AES-128,encrypt,cuda_optimized_v1,optimized,resident,pinned,CTR,1048576,8,1048576:CTR:8,1c0a652592a2a35233d18b5ace0516ccff0c9000e9898cd16160e8e503437177,3,585,True,1,4943.874339581166,,0.0002120960056781769,,,212096.00567817688,,,,,,,,,212096.00567817688
3360d814-a7e0-4cb6-90e9-6baac00bb485,2005,AES-128,encrypt,cuda_baseline,baseline,pipeline,pinned,CTR,1048576,8,1048576:CTR:8,1c0a652592a2a35233d18b5ace0516ccff0c9000e9898cd16160e8e503437177,4,586,True,,5029.623932778953,1358.6110391293082,0.00020848000049591064,0.0007718,239300,208480.00049591064,237200,476500,771800,,,,,,
3360d814-a7e0-4cb6-90e9-6baac00bb485,2005,AES-128,encrypt,cpu_aesni,aesni,transform,bytes,CTR,1048576,8,1048576:CTR:8,1c0a652592a2a35233d18b5ace0516ccff0c9000e9898cd16160e8e503437177,5,587,True,,,,,,,,,,,763800,0.0007638,1372.841057868552,15625000,20.45692589683163,
3360d814-a7e0-4cb6-90e9-6baac00bb485,2005,AES-128,encrypt,cuda_baseline,baseline,resident,pinned,ECB,1048576,9,1048576:ECB:9,fa2a0889b385af69993c53faa98d34c35fa84c3bd28353289760a3fc67aef8d3,0,588,True,1,5144.112968817581,,0.00020384000241756439,,,203840.0024175644,,,,,,,,,203840.0024175644
3360d814-a7e0-4cb6-90e9-6baac00bb485,2005,AES-128,encrypt,cpu_aesni,aesni,transform,bytes,ECB,1048576,9,1048576:ECB:9,fa2a0889b385af69993c53faa98d34c35fa84c3bd28353289760a3fc67aef8d3,1,589,True,,,,,,,,,,,555900,0.0005559,1886.2673142651556,0,0.0,
3360d814-a7e0-4cb6-90e9-6baac00bb485,2005,AES-128,encrypt,cuda_optimized_v1,optimized,pipeline,pinned,ECB,1048576,9,1048576:ECB:9,fa2a0889b385af69993c53faa98d34c35fa84c3bd28353289760a3fc67aef8d3,2,590,True,,4371.398194497953,1278.5952932569198,0.00023987199366092682,0.0008201,251800,239871.99366092682,239900,491700,820100,,,,,,
3360d814-a7e0-4cb6-90e9-6baac00bb485,2005,AES-128,encrypt,cuda_baseline,baseline,pipeline,pinned,ECB,1048576,9,1048576:ECB:9,fa2a0889b385af69993c53faa98d34c35fa84c3bd28353289760a3fc67aef8d3,3,591,True,,4416.767809608992,1363.2033281331253,0.00023740799725055695,0.0007692,244100,237407.99725055695,201100,445200,769200,,,,,,
3360d814-a7e0-4cb6-90e9-6baac00bb485,2005,AES-128,encrypt,cpu_software,software,transform,bytes,ECB,1048576,9,1048576:ECB:9,fa2a0889b385af69993c53faa98d34c35fa84c3bd28353289760a3fc67aef8d3,4,592,True,,,,,,,,,,,3912100,0.0039121,268.0340482094016,15625000,3.994018557807827,
3360d814-a7e0-4cb6-90e9-6baac00bb485,2005,AES-128,encrypt,cuda_optimized_v1,optimized,resident,pinned,ECB,1048576,9,1048576:ECB:9,fa2a0889b385af69993c53faa98d34c35fa84c3bd28353289760a3fc67aef8d3,5,593,True,1,5055.229869625903,,0.00020742399990558624,,,207423.99990558624,,,,,,,,,207423.99990558624
3360d814-a7e0-4cb6-90e9-6baac00bb485,2005,AES-128,encrypt,cpu_software,software,transform,bytes,CTR,1048576,9,1048576:CTR:9,9574b81c31e493fc1c36d8ee02f33d6840b37d443004214f49ebf22fe6f20ef5,0,594,True,,,,,,,,,,,4206100,0.0042061,249.29887544280925,0,0.0,
3360d814-a7e0-4cb6-90e9-6baac00bb485,2005,AES-128,encrypt,cuda_optimized_v1,optimized,pipeline,pinned,CTR,1048576,9,1048576:CTR:9,9574b81c31e493fc1c36d8ee02f33d6840b37d443004214f49ebf22fe6f20ef5,1,595,True,,5561.43908757451,1244.8961177727651,0.00018854400515556336,0.0008423,254800,188544.00515556335,290900,545700,842300,,,,,,
3360d814-a7e0-4cb6-90e9-6baac00bb485,2005,AES-128,encrypt,cuda_baseline,baseline,resident,pinned,CTR,1048576,9,1048576:CTR:9,9574b81c31e493fc1c36d8ee02f33d6840b37d443004214f49ebf22fe6f20ef5,2,596,True,1,4761.4067178418645,,0.00022022399306297302,,,220223.99306297302,,,,,,,,,220223.99306297302
3360d814-a7e0-4cb6-90e9-6baac00bb485,2005,AES-128,encrypt,cpu_aesni,aesni,transform,bytes,CTR,1048576,9,1048576:CTR:9,9574b81c31e493fc1c36d8ee02f33d6840b37d443004214f49ebf22fe6f20ef5,3,597,True,,,,,,,,,,,782600,0.0007826,1339.8619984666495,0,0.0,
3360d814-a7e0-4cb6-90e9-6baac00bb485,2005,AES-128,encrypt,cuda_baseline,baseline,pipeline,pinned,CTR,1048576,9,1048576:CTR:9,9574b81c31e493fc1c36d8ee02f33d6840b37d443004214f49ebf22fe6f20ef5,4,598,True,,5633.144403968264,1540.8905216752387,0.00018614399433135987,0.0006805,213000,186143.99433135986,219300,432300,680500,,,,,,
3360d814-a7e0-4cb6-90e9-6baac00bb485,2005,AES-128,encrypt,cuda_optimized_v1,optimized,resident,pinned,CTR,1048576,9,1048576:CTR:9,9574b81c31e493fc1c36d8ee02f33d6840b37d443004214f49ebf22fe6f20ef5,5,599,True,1,6073.772158414262,,0.00017263999581336976,,,172639.99581336975,,,,,,,,,172639.99581336975
3360d814-a7e0-4cb6-90e9-6baac00bb485,2005,AES-128,encrypt,cpu_aesni,aesni,transform,bytes,ECB,1048576,10,1048576:ECB:10,37c966ccb87c045a28b967572f6886ee6153e71fbf35f14d3af47a4e426b45cc,0,600,True,,,,,,,,,,,616500,0.0006165,1700.853203568532,0,0.0,
3360d814-a7e0-4cb6-90e9-6baac00bb485,2005,AES-128,encrypt,cuda_baseline,baseline,resident,pinned,ECB,1048576,10,1048576:ECB:10,37c966ccb87c045a28b967572f6886ee6153e71fbf35f14d3af47a4e426b45cc,1,601,True,1,4411.416134841162,,0.00023769600689411163,,,237696.00689411163,,,,,,,,,237696.00689411163
3360d814-a7e0-4cb6-90e9-6baac00bb485,2005,AES-128,encrypt,cuda_optimized_v1,optimized,resident,pinned,ECB,1048576,10,1048576:ECB:10,37c966ccb87c045a28b967572f6886ee6153e71fbf35f14d3af47a4e426b45cc,2,602,True,1,4347.041585421849,,0.0002412160038948059,,,241216.0038948059,,,,,,,,,241216.0038948059
3360d814-a7e0-4cb6-90e9-6baac00bb485,2005,AES-128,encrypt,cuda_optimized_v1,optimized,pipeline,pinned,ECB,1048576,10,1048576:ECB:10,37c966ccb87c045a28b967572f6886ee6153e71fbf35f14d3af47a4e426b45cc,3,603,True,,5940.536521627079,1619.1723285978999,0.0001765120029449463,0.0006476,209300,176512.0029449463,203500,412800,647600,,,,,,
3360d814-a7e0-4cb6-90e9-6baac00bb485,2005,AES-128,encrypt,cuda_baseline,baseline,pipeline,pinned,ECB,1048576,10,1048576:ECB:10,37c966ccb87c045a28b967572f6886ee6153e71fbf35f14d3af47a4e426b45cc,4,604,True,,5970.845612887142,1640.1939621460972,0.00017561599612236022,0.0006393,208300,175615.99612236023,202000,410300,639300,,,,,,
3360d814-a7e0-4cb6-90e9-6baac00bb485,2005,AES-128,encrypt,cpu_software,software,transform,bytes,ECB,1048576,10,1048576:ECB:10,37c966ccb87c045a28b967572f6886ee6153e71fbf35f14d3af47a4e426b45cc,5,605,True,,,,,,,,,,,3813900,0.0038139,274.9353679960146,15625000,4.0968562363984375,
3360d814-a7e0-4cb6-90e9-6baac00bb485,2005,AES-128,encrypt,cuda_baseline,baseline,pipeline,pinned,CTR,1048576,10,1048576:CTR:10,add7d64537e62bf4c10baada73bdbfaf7e723f3b0e507cb0bb032dcdeb960d45,0,606,True,,4278.365389483448,1237.1118452100047,0.00024508799612522127,0.0008476,252600,245087.99612522125,254400,507000,847600,,,,,,
3360d814-a7e0-4cb6-90e9-6baac00bb485,2005,AES-128,encrypt,cpu_software,software,transform,bytes,CTR,1048576,10,1048576:CTR:10,add7d64537e62bf4c10baada73bdbfaf7e723f3b0e507cb0bb032dcdeb960d45,1,607,True,,,,,,,,,,,4062200,0.0040622,258.13007729801586,15625000,3.84643789079809,
3360d814-a7e0-4cb6-90e9-6baac00bb485,2005,AES-128,encrypt,cuda_optimized_v1,optimized,pipeline,pinned,CTR,1048576,10,1048576:CTR:10,add7d64537e62bf4c10baada73bdbfaf7e723f3b0e507cb0bb032dcdeb960d45,2,608,True,,4075.622015636026,1243.272468579559,0.00025727999210357666,0.0008434,248800,257279.99210357666,242400,491200,843400,,,,,,
3360d814-a7e0-4cb6-90e9-6baac00bb485,2005,AES-128,encrypt,cuda_optimized_v1,optimized,resident,pinned,CTR,1048576,10,1048576:CTR:10,add7d64537e62bf4c10baada73bdbfaf7e723f3b0e507cb0bb032dcdeb960d45,3,609,True,1,4781.555666004313,,0.00021929599344730377,,,219295.99344730377,,,,,,,,,219295.99344730377
3360d814-a7e0-4cb6-90e9-6baac00bb485,2005,AES-128,encrypt,cpu_aesni,aesni,transform,bytes,CTR,1048576,10,1048576:CTR:10,add7d64537e62bf4c10baada73bdbfaf7e723f3b0e507cb0bb032dcdeb960d45,4,610,True,,,,,,,,,,,786500,0.0007865,1333.2180546726001,0,0.0,
3360d814-a7e0-4cb6-90e9-6baac00bb485,2005,AES-128,encrypt,cuda_baseline,baseline,resident,pinned,CTR,1048576,10,1048576:CTR:10,add7d64537e62bf4c10baada73bdbfaf7e723f3b0e507cb0bb032dcdeb960d45,5,611,True,1,5939.459994753735,,0.00017654399573802947,,,176543.99573802948,,,,,,,,,176543.99573802948
3360d814-a7e0-4cb6-90e9-6baac00bb485,2005,AES-128,encrypt,cuda_baseline,baseline,resident,pinned,ECB,1048576,11,1048576:ECB:11,b5aee7378671a8cf9f6aa8aab65f0bc1abcc279822eb125ff5a1575fc1e6894b,0,612,True,1,4410.822458354624,,0.00023772799968719484,,,237727.99968719482,,,,,,,,,237727.99968719482
3360d814-a7e0-4cb6-90e9-6baac00bb485,2005,AES-128,encrypt,cuda_baseline,baseline,pipeline,pinned,ECB,1048576,11,1048576:ECB:11,b5aee7378671a8cf9f6aa8aab65f0bc1abcc279822eb125ff5a1575fc1e6894b,1,613,True,,5187.272517614263,1362.1408157963108,0.00020214399695396424,0.0007698,240900,202143.99695396423,239000,479900,769800,,,,,,
3360d814-a7e0-4cb6-90e9-6baac00bb485,2005,AES-128,encrypt,cuda_optimized_v1,optimized,resident,pinned,ECB,1048576,11,1048576:ECB:11,b5aee7378671a8cf9f6aa8aab65f0bc1abcc279822eb125ff5a1575fc1e6894b,2,614,True,1,6226.10702527135,,0.00016841599345207215,,,168415.99345207214,,,,,,,,,168415.99345207214
3360d814-a7e0-4cb6-90e9-6baac00bb485,2005,AES-128,encrypt,cpu_aesni,aesni,transform,bytes,ECB,1048576,11,1048576:ECB:11,b5aee7378671a8cf9f6aa8aab65f0bc1abcc279822eb125ff5a1575fc1e6894b,3,615,True,,,,,,,,,,,636600,0.0006366,1647.1504869619855,0,0.0,
3360d814-a7e0-4cb6-90e9-6baac00bb485,2005,AES-128,encrypt,cuda_optimized_v1,optimized,pipeline,pinned,ECB,1048576,11,1048576:ECB:11,b5aee7378671a8cf9f6aa8aab65f0bc1abcc279822eb125ff5a1575fc1e6894b,4,616,True,,5971.933548146635,1463.2654200390734,0.00017558400332927704,0.0007166,224400,175584.00332927704,230500,454900,716600,,,,,,
3360d814-a7e0-4cb6-90e9-6baac00bb485,2005,AES-128,encrypt,cpu_software,software,transform,bytes,ECB,1048576,11,1048576:ECB:11,b5aee7378671a8cf9f6aa8aab65f0bc1abcc279822eb125ff5a1575fc1e6894b,5,617,True,,,,,,,,,,,3925600,0.0039256,267.1122885673528,0,0.0,
3360d814-a7e0-4cb6-90e9-6baac00bb485,2005,AES-128,encrypt,cuda_optimized_v1,optimized,resident,pinned,CTR,1048576,11,1048576:CTR:11,b55f1396342f3233412e8933b7c415bfe3c3e52591a95f78a58e8748b912ae84,0,618,True,1,4837.319238497636,,0.00021676799654960632,,,216767.99654960632,,,,,,,,,216767.99654960632
3360d814-a7e0-4cb6-90e9-6baac00bb485,2005,AES-128,encrypt,cpu_aesni,aesni,transform,bytes,CTR,1048576,11,1048576:CTR:11,b55f1396342f3233412e8933b7c415bfe3c3e52591a95f78a58e8748b912ae84,1,619,True,,,,,,,,,,,864300,0.0008643,1213.2083767210459,0,0.0,
3360d814-a7e0-4cb6-90e9-6baac00bb485,2005,AES-128,encrypt,cuda_baseline,baseline,pipeline,pinned,CTR,1048576,11,1048576:CTR:11,b55f1396342f3233412e8933b7c415bfe3c3e52591a95f78a58e8748b912ae84,2,620,True,,5693.831632543309,1517.4761215629521,0.0001841599941253662,0.000691,213300,184159.9941253662,220900,434200,691000,,,,,,
3360d814-a7e0-4cb6-90e9-6baac00bb485,2005,AES-128,encrypt,cpu_software,software,transform,bytes,CTR,1048576,11,1048576:CTR:11,b55f1396342f3233412e8933b7c415bfe3c3e52591a95f78a58e8748b912ae84,3,621,True,,,,,,,,,,,4024500,0.0040245,260.5481426264132,0,0.0,
3360d814-a7e0-4cb6-90e9-6baac00bb485,2005,AES-128,encrypt,cuda_optimized_v1,optimized,pipeline,pinned,CTR,1048576,11,1048576:CTR:11,b55f1396342f3233412e8933b7c415bfe3c3e52591a95f78a58e8748b912ae84,4,622,True,,5673.129988478108,1513.5334872979215,0.00018483200669288635,0.0006928,213500,184832.00669288635,219100,432600,692800,,,,,,
3360d814-a7e0-4cb6-90e9-6baac00bb485,2005,AES-128,encrypt,cuda_baseline,baseline,resident,pinned,CTR,1048576,11,1048576:CTR:11,b55f1396342f3233412e8933b7c415bfe3c3e52591a95f78a58e8748b912ae84,5,623,True,1,5719.671761033913,,0.0001833280026912689,,,183328.00269126892,,,,,,,,,183328.00269126892
3360d814-a7e0-4cb6-90e9-6baac00bb485,2005,AES-128,encrypt,cuda_baseline,baseline,pipeline,pinned,ECB,1048576,12,1048576:ECB:12,f2b15ee463a22c69858d275944e87adc110b5178da8761a7da8288d92c440ff9,0,624,True,,5968.670424838662,1401.652185536693,0.0001756799966096878,0.0007481,211800,175679.9966096878,249200,461000,748100,,,,,,
3360d814-a7e0-4cb6-90e9-6baac00bb485,2005,AES-128,encrypt,cpu_aesni,aesni,transform,bytes,ECB,1048576,12,1048576:ECB:12,f2b15ee463a22c69858d275944e87adc110b5178da8761a7da8288d92c440ff9,1,625,True,,,,,,,,,,,586900,0.0005869,1786.634861134776,0,0.0,
3360d814-a7e0-4cb6-90e9-6baac00bb485,2005,AES-128,encrypt,cpu_software,software,transform,bytes,ECB,1048576,12,1048576:ECB:12,f2b15ee463a22c69858d275944e87adc110b5178da8761a7da8288d92c440ff9,2,626,True,,,,,,,,,,,3862100,0.0038621,271.50410398487867,0,0.0,
3360d814-a7e0-4cb6-90e9-6baac00bb485,2005,AES-128,encrypt,cuda_optimized_v1,optimized,resident,pinned,ECB,1048576,12,1048576:ECB:12,f2b15ee463a22c69858d275944e87adc110b5178da8761a7da8288d92c440ff9,3,627,True,1,5683.955006187197,,0.0001844799965620041,,,184479.9965620041,,,,,,,,,184479.9965620041
3360d814-a7e0-4cb6-90e9-6baac00bb485,2005,AES-128,encrypt,cuda_baseline,baseline,resident,pinned,ECB,1048576,12,1048576:ECB:12,f2b15ee463a22c69858d275944e87adc110b5178da8761a7da8288d92c440ff9,4,628,True,1,5955.652505778576,,0.00017606399953365326,,,176063.99953365326,,,,,,,,,176063.99953365326
3360d814-a7e0-4cb6-90e9-6baac00bb485,2005,AES-128,encrypt,cuda_optimized_v1,optimized,pipeline,pinned,ECB,1048576,12,1048576:ECB:12,f2b15ee463a22c69858d275944e87adc110b5178da8761a7da8288d92c440ff9,5,629,True,,5819.215262515547,1557.1369171369172,0.0001801919937133789,0.0006734,209900,180191.9937133789,216600,426500,673400,,,,,,
3360d814-a7e0-4cb6-90e9-6baac00bb485,2005,AES-128,encrypt,cuda_baseline,baseline,resident,pinned,CTR,1048576,12,1048576:CTR:12,294629005d96b4b03508571419f9019e60b6ee78bfd5414dc613f77a79ae277a,0,630,True,1,5856.657735263527,,0.00017903999984264374,,,179039.99984264374,,,,,,,,,179039.99984264374
3360d814-a7e0-4cb6-90e9-6baac00bb485,2005,AES-128,encrypt,cpu_aesni,aesni,transform,bytes,CTR,1048576,12,1048576:CTR:12,294629005d96b4b03508571419f9019e60b6ee78bfd5414dc613f77a79ae277a,1,631,True,,,,,,,,,,,731800,0.0007318,1432.8723694998635,0,0.0,
3360d814-a7e0-4cb6-90e9-6baac00bb485,2005,AES-128,encrypt,cuda_baseline,baseline,pipeline,pinned,CTR,1048576,12,1048576:CTR:12,294629005d96b4b03508571419f9019e60b6ee78bfd5414dc613f77a79ae277a,2,632,True,,5528.597759928398,1411.2732166890983,0.00018966400623321534,0.000743,214000,189664.00623321533,235400,449400,743000,,,,,,
3360d814-a7e0-4cb6-90e9-6baac00bb485,2005,AES-128,encrypt,cuda_optimized_v1,optimized,resident,pinned,CTR,1048576,12,1048576:CTR:12,294629005d96b4b03508571419f9019e60b6ee78bfd5414dc613f77a79ae277a,3,633,True,1,5821.282862370488,,0.00018012799322605132,,,180127.99322605133,,,,,,,,,180127.99322605133
3360d814-a7e0-4cb6-90e9-6baac00bb485,2005,AES-128,encrypt,cuda_optimized_v1,optimized,pipeline,pinned,CTR,1048576,12,1048576:CTR:12,294629005d96b4b03508571419f9019e60b6ee78bfd5414dc613f77a79ae277a,4,634,True,,5691.853562314129,1532.7817570530624,0.0001842239946126938,0.0006841,216000,184223.9946126938,216900,432900,684100,,,,,,
3360d814-a7e0-4cb6-90e9-6baac00bb485,2005,AES-128,encrypt,cpu_software,software,transform,bytes,CTR,1048576,12,1048576:CTR:12,294629005d96b4b03508571419f9019e60b6ee78bfd5414dc613f77a79ae277a,5,635,True,,,,,,,,,,,4171200,0.0041712,251.38473341004988,0,0.0,
3360d814-a7e0-4cb6-90e9-6baac00bb485,2005,AES-128,encrypt,cuda_baseline,baseline,pipeline,pinned,ECB,1048576,13,1048576:ECB:13,66536a56cdc2e5459132c38eb5fb3f419f8b9f7c8385c01d8936e9e4f7a66ebc,0,636,True,,4823.7893339270695,1226.1178671655753,0.0002173759937286377,0.0008552,253100,217375.9937286377,273600,526700,855200,,,,,,
3360d814-a7e0-4cb6-90e9-6baac00bb485,2005,AES-128,encrypt,cpu_aesni,aesni,transform,bytes,ECB,1048576,13,1048576:ECB:13,66536a56cdc2e5459132c38eb5fb3f419f8b9f7c8385c01d8936e9e4f7a66ebc,1,637,True,,,,,,,,,,,549400,0.0005494,1908.5839097196942,0,0.0,
3360d814-a7e0-4cb6-90e9-6baac00bb485,2005,AES-128,encrypt,cuda_optimized_v1,optimized,resident,pinned,ECB,1048576,13,1048576:ECB:13,66536a56cdc2e5459132c38eb5fb3f419f8b9f7c8385c01d8936e9e4f7a66ebc,2,638,True,1,5165.195559956534,,0.00020300799608230591,,,203007.9960823059,,,,,,,,,203007.9960823059
3360d814-a7e0-4cb6-90e9-6baac00bb485,2005,AES-128,encrypt,cpu_software,software,transform,bytes,ECB,1048576,13,1048576:ECB:13,66536a56cdc2e5459132c38eb5fb3f419f8b9f7c8385c01d8936e9e4f7a66ebc,3,639,True,,,,,,,,,,,3865000,0.003865,271.30038809831825,0,0.0,
3360d814-a7e0-4cb6-90e9-6baac00bb485,2005,AES-128,encrypt,cuda_optimized_v1,optimized,pipeline,pinned,ECB,1048576,13,1048576:ECB:13,66536a56cdc2e5459132c38eb5fb3f419f8b9f7c8385c01d8936e9e4f7a66ebc,4,640,True,,4098.561545083584,1272.8526341344987,0.000255840003490448,0.0008238,243900,255840.003490448,249600,493500,823800,,,,,,
3360d814-a7e0-4cb6-90e9-6baac00bb485,2005,AES-128,encrypt,cuda_baseline,baseline,resident,pinned,ECB,1048576,13,1048576:ECB:13,66536a56cdc2e5459132c38eb5fb3f419f8b9f7c8385c01d8936e9e4f7a66ebc,5,641,True,1,4287.321607357192,,0.00024457600712776185,,,244576.00712776184,,,,,,,,,244576.00712776184
3360d814-a7e0-4cb6-90e9-6baac00bb485,2005,AES-128,encrypt,cpu_aesni,aesni,transform,bytes,CTR,1048576,13,1048576:CTR:13,fe7502fbfd5f2297a2e49c92cd7f945096c199aa933ab11b3c59610d7f16f78a,0,642,True,,,,,,,,,,,745900,0.0007459,1405.7862984314252,0,0.0,
3360d814-a7e0-4cb6-90e9-6baac00bb485,2005,AES-128,encrypt,cuda_baseline,baseline,resident,pinned,CTR,1048576,13,1048576:CTR:13,fe7502fbfd5f2297a2e49c92cd7f945096c199aa933ab11b3c59610d7f16f78a,1,643,True,1,4344.160190550354,,0.00024137599766254424,,,241375.99766254425,,,,,,,,,241375.99766254425
3360d814-a7e0-4cb6-90e9-6baac00bb485,2005,AES-128,encrypt,cpu_software,software,transform,bytes,CTR,1048576,13,1048576:CTR:13,fe7502fbfd5f2297a2e49c92cd7f945096c199aa933ab11b3c59610d7f16f78a,2,644,True,,,,,,,,,,,4014800,0.0040148,261.17764272192886,0,0.0,
3360d814-a7e0-4cb6-90e9-6baac00bb485,2005,AES-128,encrypt,cuda_optimized_v1,optimized,pipeline,pinned,CTR,1048576,13,1048576:CTR:13,fe7502fbfd5f2297a2e49c92cd7f945096c199aa933ab11b3c59610d7f16f78a,3,645,True,,4237.971953463744,1253.37795840306,0.0002474240064620972,0.0008366,252100,247424.00646209717,243400,495500,836600,,,,,,
3360d814-a7e0-4cb6-90e9-6baac00bb485,2005,AES-128,encrypt,cuda_baseline,baseline,pipeline,pinned,CTR,1048576,13,1048576:CTR:13,fe7502fbfd5f2297a2e49c92cd7f945096c199aa933ab11b3c59610d7f16f78a,4,646,True,,5022.6855835975875,1342.7788449225252,0.00020876799523830415,0.0007809,239600,208767.99523830414,242200,481800,780900,,,,,,
3360d814-a7e0-4cb6-90e9-6baac00bb485,2005,AES-128,encrypt,cuda_optimized_v1,optimized,resident,pinned,CTR,1048576,13,1048576:CTR:13,fe7502fbfd5f2297a2e49c92cd7f945096c199aa933ab11b3c59610d7f16f78a,5,647,True,1,5907.337198005523,,0.00017750400304794312,,,177504.00304794312,,,,,,,,,177504.00304794312
3360d814-a7e0-4cb6-90e9-6baac00bb485,2005,AES-128,encrypt,cuda_baseline,baseline,pipeline,pinned,ECB,1048576,14,1048576:ECB:14,a8d239bbfaa42770ca9b7229f0ae6defcaf85b5c75ce4f7ca5ce5bed83fbfd84,0,648,True,,5022.6855835975875,1299.0287413280475,0.00020876799523830415,0.0008072,244700,208767.99523830414,260100,504800,807200,,,,,,
3360d814-a7e0-4cb6-90e9-6baac00bb485,2005,AES-128,encrypt,cuda_optimized_v1,optimized,pipeline,pinned,ECB,1048576,14,1048576:ECB:14,a8d239bbfaa42770ca9b7229f0ae6defcaf85b5c75ce4f7ca5ce5bed83fbfd84,1,649,True,,4937.914575406781,1410.513855259618,0.00021235199272632598,0.0007434,245300,212351.992726326,200800,446100,743400,,,,,,
3360d814-a7e0-4cb6-90e9-6baac00bb485,2005,AES-128,encrypt,cuda_optimized_v1,optimized,resident,pinned,ECB,1048576,14,1048576:ECB:14,a8d239bbfaa42770ca9b7229f0ae6defcaf85b5c75ce4f7ca5ce5bed83fbfd84,2,650,True,1,6032.400680083576,,0.0001738239973783493,,,173823.9973783493,,,,,,,,,173823.9973783493
3360d814-a7e0-4cb6-90e9-6baac00bb485,2005,AES-128,encrypt,cpu_aesni,aesni,transform,bytes,ECB,1048576,14,1048576:ECB:14,a8d239bbfaa42770ca9b7229f0ae6defcaf85b5c75ce4f7ca5ce5bed83fbfd84,3,651,True,,,,,,,,,,,591100,0.0005911,1773.9401116562342,0,0.0,
3360d814-a7e0-4cb6-90e9-6baac00bb485,2005,AES-128,encrypt,cuda_baseline,baseline,resident,pinned,ECB,1048576,14,1048576:ECB:14,a8d239bbfaa42770ca9b7229f0ae6defcaf85b5c75ce4f7ca5ce5bed83fbfd84,4,652,True,1,6050.2217933500715,,0.0001733119934797287,,,173311.9934797287,,,,,,,,,173311.9934797287
3360d814-a7e0-4cb6-90e9-6baac00bb485,2005,AES-128,encrypt,cpu_software,software,transform,bytes,ECB,1048576,14,1048576:ECB:14,a8d239bbfaa42770ca9b7229f0ae6defcaf85b5c75ce4f7ca5ce5bed83fbfd84,5,653,True,,,,,,,,,,,3848800,0.0038488,272.4423196840574,15625000,4.059706921637913,
3360d814-a7e0-4cb6-90e9-6baac00bb485,2005,AES-128,encrypt,cuda_optimized_v1,optimized,resident,pinned,CTR,1048576,14,1048576:CTR:14,f5b9df8f6f7c08e9055049438cc347870ba2c15b520a25157e5192f09eebed8d,0,654,True,1,4339.557681451048,,0.00024163199961185454,,,241631.99961185455,,,,,,,,,241631.99961185455
3360d814-a7e0-4cb6-90e9-6baac00bb485,2005,AES-128,encrypt,cuda_baseline,baseline,pipeline,pinned,CTR,1048576,14,1048576:CTR:14,f5b9df8f6f7c08e9055049438cc347870ba2c15b520a25157e5192f09eebed8d,1,655,True,,5017.301992187785,1333.7267870770797,0.00020899200439453126,0.0007862,239900,208992.00439453125,251900,491800,786200,,,,,,
3360d814-a7e0-4cb6-90e9-6baac00bb485,2005,AES-128,encrypt,cpu_aesni,aesni,transform,bytes,CTR,1048576,14,1048576:CTR:14,f5b9df8f6f7c08e9055049438cc347870ba2c15b520a25157e5192f09eebed8d,2,656,True,,,,,,,,,,,738900,0.0007389,1419.1040736229531,0,0.0,
3360d814-a7e0-4cb6-90e9-6baac00bb485,2005,AES-128,encrypt,cuda_baseline,baseline,resident,pinned,CTR,1048576,14,1048576:CTR:14,f5b9df8f6f7c08e9055049438cc347870ba2c15b520a25157e5192f09eebed8d,3,657,True,1,5089.779333670681,,0.00020601600408554077,,,206016.00408554077,,,,,,,,,206016.00408554077
3360d814-a7e0-4cb6-90e9-6baac00bb485,2005,AES-128,encrypt,cuda_optimized_v1,optimized,pipeline,pinned,CTR,1048576,14,1048576:CTR:14,f5b9df8f6f7c08e9055049438cc347870ba2c15b520a25157e5192f09eebed8d,4,658,True,,5902.017396849691,1543.3853400058877,0.00017766399681568145,0.0006794,213800,177663.99681568146,231800,445600,679400,,,,,,
3360d814-a7e0-4cb6-90e9-6baac00bb485,2005,AES-128,encrypt,cpu_software,software,transform,bytes,CTR,1048576,14,1048576:CTR:14,f5b9df8f6f7c08e9055049438cc347870ba2c15b520a25157e5192f09eebed8d,5,659,True,,,,,,,,,,,4040300,0.0040403,259.5292428780041,0,0.0,
3360d814-a7e0-4cb6-90e9-6baac00bb485,2005,AES-128,encrypt,cpu_software,software,transform,bytes,ECB,1048576,15,1048576:ECB:15,6b070af18f2cf63b52c563f0095ae0c0a7ec9f749da97f1e36409a4368c4e7a5,0,660,True,,,,,,,,,,,3912400,0.0039124,268.01349555260197,15625000,3.9937122993558942,
3360d814-a7e0-4cb6-90e9-6baac00bb485,2005,AES-128,encrypt,cuda_baseline,baseline,pipeline,pinned,ECB,1048576,15,1048576:ECB:15,6b070af18f2cf63b52c563f0095ae0c0a7ec9f749da97f1e36409a4368c4e7a5,1,661,True,,4422.132206935601,1244.157570004746,0.00023712000250816344,0.0008428,253000,237120.00250816345,255800,508800,842800,,,,,,
3360d814-a7e0-4cb6-90e9-6baac00bb485,2005,AES-128,encrypt,cuda_baseline,baseline,resident,pinned,ECB,1048576,15,1048576:ECB:15,6b070af18f2cf63b52c563f0095ae0c0a7ec9f749da97f1e36409a4368c4e7a5,2,662,True,1,4397.798860055693,,0.00023843200504779815,,,238432.00504779816,,,,,,,,,238432.00504779816
3360d814-a7e0-4cb6-90e9-6baac00bb485,2005,AES-128,encrypt,cuda_optimized_v1,optimized,resident,pinned,ECB,1048576,15,1048576:ECB:15,6b070af18f2cf63b52c563f0095ae0c0a7ec9f749da97f1e36409a4368c4e7a5,3,663,True,1,5981.745377934471,,0.00017529599368572236,,,175295.99368572235,,,,,,,,,175295.99368572235
3360d814-a7e0-4cb6-90e9-6baac00bb485,2005,AES-128,encrypt,cuda_optimized_v1,optimized,pipeline,pinned,ECB,1048576,15,1048576:ECB:15,6b070af18f2cf63b52c563f0095ae0c0a7ec9f749da97f1e36409a4368c4e7a5,4,664,True,,6003.664218261873,1647.927078422128,0.0001746560037136078,0.0006363,206600,174656.0037136078,201600,408200,636300,,,,,,
3360d814-a7e0-4cb6-90e9-6baac00bb485,2005,AES-128,encrypt,cpu_aesni,aesni,transform,bytes,ECB,1048576,15,1048576:ECB:15,6b070af18f2cf63b52c563f0095ae0c0a7ec9f749da97f1e36409a4368c4e7a5,5,665,True,,,,,,,,,,,587200,0.0005872,1785.7220708446866,0,0.0,
3360d814-a7e0-4cb6-90e9-6baac00bb485,2005,AES-128,encrypt,cpu_software,software,transform,bytes,CTR,1048576,15,1048576:CTR:15,c7b5fc35b259cedc8c63ab67d61c74b3f6fea7f9e95b0e58a5642457e11276e2,0,666,True,,,,,,,,,,,4019500,0.0040195,260.8722477920139,0,0.0,
3360d814-a7e0-4cb6-90e9-6baac00bb485,2005,AES-128,encrypt,cuda_baseline,baseline,resident,pinned,CTR,1048576,15,1048576:CTR:15,c7b5fc35b259cedc8c63ab67d61c74b3f6fea7f9e95b0e58a5642457e11276e2,1,667,True,1,4281.160136477814,,0.0002449280023574829,,,244928.0023574829,,,,,,,,,244928.0023574829
3360d814-a7e0-4cb6-90e9-6baac00bb485,2005,AES-128,encrypt,cpu_aesni,aesni,transform,bytes,CTR,1048576,15,1048576:CTR:15,c7b5fc35b259cedc8c63ab67d61c74b3f6fea7f9e95b0e58a5642457e11276e2,2,668,True,,,,,,,,,,,712100,0.0007121,1472.5122876000562,0,0.0,
3360d814-a7e0-4cb6-90e9-6baac00bb485,2005,AES-128,encrypt,cuda_baseline,baseline,pipeline,pinned,CTR,1048576,15,1048576:CTR:15,c7b5fc35b259cedc8c63ab67d61c74b3f6fea7f9e95b0e58a5642457e11276e2,3,669,True,,4272.786568265375,1285.4922152752238,0.0002454079985618591,0.0008157,241400,245407.99856185913,238500,479900,815700,,,,,,
3360d814-a7e0-4cb6-90e9-6baac00bb485,2005,AES-128,encrypt,cuda_optimized_v1,optimized,resident,pinned,CTR,1048576,15,1048576:CTR:15,c7b5fc35b259cedc8c63ab67d61c74b3f6fea7f9e95b0e58a5642457e11276e2,4,670,True,1,4967.859358546911,,0.00021107199788093566,,,211071.99788093567,,,,,,,,,211071.99788093567
3360d814-a7e0-4cb6-90e9-6baac00bb485,2005,AES-128,encrypt,cuda_optimized_v1,optimized,pipeline,pinned,CTR,1048576,15,1048576:CTR:15,c7b5fc35b259cedc8c63ab67d61c74b3f6fea7f9e95b0e58a5642457e11276e2,5,671,True,,4154.684809704365,1263.801373990599,0.0002523840069770813,0.0008297,207000,252384.0069770813,298500,505500,829700,,,,,,
3360d814-a7e0-4cb6-90e9-6baac00bb485,2005,AES-128,encrypt,cuda_optimized_v1,optimized,pipeline,pinned,ECB,1048576,16,1048576:ECB:16,4b59e347ae7d25f8d1a86ca4fb35c28be0d58472ce989e3bd0c7f138d321fe39,0,672,True,,5936.231752334338,1582.9951690821256,0.00017664000391960145,0.0006624,214500,176640.00391960144,208800,423300,662400,,,,,,
3360d814-a7e0-4cb6-90e9-6baac00bb485,2005,AES-128,encrypt,cpu_aesni,aesni,transform,bytes,ECB,1048576,16,1048576:ECB:16,4b59e347ae7d25f8d1a86ca4fb35c28be0d58472ce989e3bd0c7f138d321fe39,1,673,True,,,,,,,,,,,563200,0.0005632,1861.8181818181818,0,0.0,
3360d814-a7e0-4cb6-90e9-6baac00bb485,2005,AES-128,encrypt,cuda_baseline,baseline,pipeline,pinned,ECB,1048576,16,1048576:ECB:16,4b59e347ae7d25f8d1a86ca4fb35c28be0d58472ce989e3bd0c7f138d321fe39,2,674,True,,5980.653356833463,1497.9657142857143,0.00017532800137996674,0.0007,217000,175328.00137996674,249900,466900,700000,,,,,,
3360d814-a7e0-4cb6-90e9-6baac00bb485,2005,AES-128,encrypt,cpu_software,software,transform,bytes,ECB,1048576,16,1048576:ECB:16,4b59e347ae7d25f8d1a86ca4fb35c28be0d58472ce989e3bd0c7f138d321fe39,3,675,True,,,,,,,,,,,3913000,0.003913,267.9723996933299,15625000,3.9930999233324815,
3360d814-a7e0-4cb6-90e9-6baac00bb485,2005,AES-128,encrypt,cuda_baseline,baseline,resident,pinned,ECB,1048576,16,1048576:ECB:16,4b59e347ae7d25f8d1a86ca4fb35c28be0d58472ce989e3bd0c7f138d321fe39,4,676,True,1,4321.81482966384,,0.00024262399971485137,,,242623.99971485138,,,,,,,,,242623.99971485138
3360d814-a7e0-4cb6-90e9-6baac00bb485,2005,AES-128,encrypt,cuda_optimized_v1,optimized,resident,pinned,ECB,1048576,16,1048576:ECB:16,4b59e347ae7d25f8d1a86ca4fb35c28be0d58472ce989e3bd0c7f138d321fe39,5,677,True,1,3898.6317800762345,,0.00026895999908447263,,,268959.99908447266,,,,,,,,,268959.99908447266
3360d814-a7e0-4cb6-90e9-6baac00bb485,2005,AES-128,encrypt,cuda_baseline,baseline,resident,pinned,CTR,1048576,16,1048576:CTR:16,46de477a847051f4f47dcd1e2194dae0b14dac65090afe8899706a04a3c9914e,0,678,True,1,4337.834387543751,,0.00024172799289226533,,,241727.99289226532,,,,,,,,,241727.99289226532
3360d814-a7e0-4cb6-90e9-6baac00bb485,2005,AES-128,encrypt,cuda_optimized_v1,optimized,resident,pinned,CTR,1048576,16,1048576:CTR:16,46de477a847051f4f47dcd1e2194dae0b14dac65090afe8899706a04a3c9914e,1,679,True,1,5066.955220958977,,0.00020694400370121002,,,206944.00370121002,,,,,,,,,206944.00370121002
3360d814-a7e0-4cb6-90e9-6baac00bb485,2005,AES-128,encrypt,cpu_software,software,transform,bytes,CTR,1048576,16,1048576:CTR:16,46de477a847051f4f47dcd1e2194dae0b14dac65090afe8899706a04a3c9914e,2,680,True,,,,,,,,,,,4519600,0.0045196,232.00637224533145,0,0.0,
3360d814-a7e0-4cb6-90e9-6baac00bb485,2005,AES-128,encrypt,cpu_aesni,aesni,transform,bytes,CTR,1048576,16,1048576:CTR:16,46de477a847051f4f47dcd1e2194dae0b14dac65090afe8899706a04a3c9914e,3,681,True,,,,,,,,,,,704200,0.0007042,1489.0315251349048,0,0.0,
3360d814-a7e0-4cb6-90e9-6baac00bb485,2005,AES-128,encrypt,cuda_optimized_v1,optimized,pipeline,pinned,CTR,1048576,16,1048576:CTR:16,46de477a847051f4f47dcd1e2194dae0b14dac65090afe8899706a04a3c9914e,4,682,True,,4921.598121692724,1244.0099655949698,0.00021305599808692932,0.0008429,250100,213055.99808692932,281100,531200,842900,,,,,,
3360d814-a7e0-4cb6-90e9-6baac00bb485,2005,AES-128,encrypt,cuda_baseline,baseline,pipeline,pinned,CTR,1048576,16,1048576:CTR:16,46de477a847051f4f47dcd1e2194dae0b14dac65090afe8899706a04a3c9914e,5,683,True,,4956.58764425139,1336.2762839301645,0.00021155199408531188,0.0007847,240900,211551.9940853119,239800,480700,784700,,,,,,
3360d814-a7e0-4cb6-90e9-6baac00bb485,2005,AES-128,encrypt,cuda_baseline,baseline,pipeline,pinned,CTR,1048576,17,1048576:CTR:17,3364082e8f86081a4fab1ed17f5e89b92e254dc284b958bd895f0fe074297547,0,684,True,,3760.8169737813414,1049.6256256256256,0.00027881601452827456,0.000999,302200,278816.01452827454,343500,645700,999000,,,,,,
3360d814-a7e0-4cb6-90e9-6baac00bb485,2005,AES-128,encrypt,cpu_aesni,aesni,transform,bytes,CTR,1048576,17,1048576:CTR:17,3364082e8f86081a4fab1ed17f5e89b92e254dc284b958bd895f0fe074297547,1,685,True,,,,,,,,,,,773100,0.0007731,1356.3264778165826,0,0.0,
3360d814-a7e0-4cb6-90e9-6baac00bb485,2005,AES-128,encrypt,cuda_optimized_v1,optimized,pipeline,pinned,CTR,1048576,17,1048576:CTR:17,3364082e8f86081a4fab1ed17f5e89b92e254dc284b958bd895f0fe074297547,2,686,True,,4879.094760108442,1304.5235133117692,0.00021491199731826782,0.0008038,244100,214911.99731826782,244800,488900,803800,,,,,,
3360d814-a7e0-4cb6-90e9-6baac00bb485,2005,AES-128,encrypt,cuda_baseline,baseline,resident,pinned,CTR,1048576,17,1048576:CTR:17,3364082e8f86081a4fab1ed17f5e89b92e254dc284b958bd895f0fe074297547,3,687,True,1,4911.27094874955,,0.00021350400149822236,,,213504.00149822235,,,,,,,,,213504.00149822235
3360d814-a7e0-4cb6-90e9-6baac00bb485,2005,AES-128,encrypt,cpu_software,software,transform,bytes,CTR,1048576,17,1048576:CTR:17,3364082e8f86081a4fab1ed17f5e89b92e254dc284b958bd895f0fe074297547,4,688,True,,,,,,,,,,,4068500,0.0040685,257.7303674572938,0,0.0,
3360d814-a7e0-4cb6-90e9-6baac00bb485,2005,AES-128,encrypt,cuda_optimized_v1,optimized,resident,pinned,CTR,1048576,17,1048576:CTR:17,3364082e8f86081a4fab1ed17f5e89b92e254dc284b958bd895f0fe074297547,5,689,True,1,4340.707394191996,,0.00024156799912452697,,,241567.99912452698,,,,,,,,,241567.99912452698
3360d814-a7e0-4cb6-90e9-6baac00bb485,2005,AES-128,encrypt,cuda_baseline,baseline,resident,pinned,ECB,1048576,17,1048576:ECB:17,f6d1f4a118a86abddde979813d26d437038908b2a3dde60c1915bcb6119b06e6,0,690,True,1,3435.1610052457313,,0.0003052479922771454,,,305247.9922771454,,,,,,,,,305247.9922771454
3360d814-a7e0-4cb6-90e9-6baac00bb485,2005,AES-128,encrypt,cpu_aesni,aesni,transform,bytes,ECB,1048576,17,1048576:ECB:17,f6d1f4a118a86abddde979813d26d437038908b2a3dde60c1915bcb6119b06e6,1,691,True,,,,,,,,,,,564700,0.0005647,1856.8726757570391,0,0.0,
3360d814-a7e0-4cb6-90e9-6baac00bb485,2005,AES-128,encrypt,cuda_optimized_v1,optimized,pipeline,pinned,ECB,1048576,17,1048576:ECB:17,f6d1f4a118a86abddde979813d26d437038908b2a3dde60c1915bcb6119b06e6,2,692,True,,4727.0627849153425,1465.1054911275673,0.00022182400524616241,0.0007157,211200,221824.0052461624,207900,419100,715700,,,,,,
3360d814-a7e0-4cb6-90e9-6baac00bb485,2005,AES-128,encrypt,cuda_optimized_v1,optimized,resident,pinned,ECB,1048576,17,1048576:ECB:17,f6d1f4a118a86abddde979813d26d437038908b2a3dde60c1915bcb6119b06e6,3,693,True,1,6113.433023454039,,0.00017151999473571778,,,171519.99473571777,,,,,,,,,171519.99473571777
3360d814-a7e0-4cb6-90e9-6baac00bb485,2005,AES-128,encrypt,cuda_baseline,baseline,pipeline,pinned,ECB,1048576,17,1048576:ECB:17,f6d1f4a118a86abddde979813d26d437038908b2a3dde60c1915bcb6119b06e6,4,694,True,,6220.197340114474,1669.9729256250996,0.00016857600212097167,0.0006279,206300,168576.00212097168,202000,408300,627900,,,,,,
3360d814-a7e0-4cb6-90e9-6baac00bb485,2005,AES-128,encrypt,cpu_software,software,transform,bytes,ECB,1048576,17,1048576:ECB:17,f6d1f4a118a86abddde979813d26d437038908b2a3dde60c1915bcb6119b06e6,5,695,True,,,,,,,,,,,4564400,0.0045644,229.72920865831216,0,0.0,
3360d814-a7e0-4cb6-90e9-6baac00bb485,2005,AES-128,encrypt,cuda_optimized_v1,optimized,resident,pinned,CTR,1048576,18,1048576:CTR:18,7654ede5af8ac21ba28e542b55e2b50890cea0c3088623a70f75b9c2f244dc57,0,696,True,1,4314.985468023866,,0.00024300800263881683,,,243008.00263881683,,,,,,,,,243008.00263881683
3360d814-a7e0-4cb6-90e9-6baac00bb485,2005,AES-128,encrypt,cuda_baseline,baseline,pipeline,pinned,CTR,1048576,18,1048576:CTR:18,7654ede5af8ac21ba28e542b55e2b50890cea0c3088623a70f75b9c2f244dc57,1,697,True,,4894.398813030698,1372.4816753926702,0.00021423999965190888,0.000764,246100,214239.99965190887,210600,456700,764000,,,,,,
3360d814-a7e0-4cb6-90e9-6baac00bb485,2005,AES-128,encrypt,cpu_aesni,aesni,transform,bytes,CTR,1048576,18,1048576:CTR:18,7654ede5af8ac21ba28e542b55e2b50890cea0c3088623a70f75b9c2f244dc57,2,698,True,,,,,,,,,,,809700,0.0008097,1295.0179078671113,15625000,19.297270594047177,
3360d814-a7e0-4cb6-90e9-6baac00bb485,2005,AES-128,encrypt,cuda_optimized_v1,optimized,pipeline,pinned,CTR,1048576,18,1048576:CTR:18,7654ede5af8ac21ba28e542b55e2b50890cea0c3088623a70f75b9c2f244dc57,3,699,True,,5047.442949869827,1290.237480004922,0.00020774400234222412,0.0008127,264200,207744.00234222412,236500,500700,812700,,,,,,
3360d814-a7e0-4cb6-90e9-6baac00bb485,2005,AES-128,encrypt,cuda_baseline,baseline,resident,pinned,CTR,1048576,18,1048576:CTR:18,7654ede5af8ac21ba28e542b55e2b50890cea0c3088623a70f75b9c2f244dc57,4,700,True,1,4941.637786279797,,0.00021219199895858765,,,212191.99895858765,,,,,,,,,212191.99895858765
3360d814-a7e0-4cb6-90e9-6baac00bb485,2005,AES-128,encrypt,cpu_software,software,transform,bytes,CTR,1048576,18,1048576:CTR:18,7654ede5af8ac21ba28e542b55e2b50890cea0c3088623a70f75b9c2f244dc57,5,701,True,,,,,,,,,,,4093300,0.0040933,256.1688613099455,0,0.0,
3360d814-a7e0-4cb6-90e9-6baac00bb485,2005,AES-128,encrypt,cuda_optimized_v1,optimized,resident,pinned,ECB,1048576,18,1048576:ECB:18,189c9314e68257f92c1129f23bcc28b5d9bd1a03ac274d39216bf7eaa3d468ef,0,702,True,1,5620.583041276439,,0.0001865600049495697,,,186560.0049495697,,,,,,,,,186560.0049495697
3360d814-a7e0-4cb6-90e9-6baac00bb485,2005,AES-128,encrypt,cuda_baseline,baseline,pipeline,pinned,ECB,1048576,18,1048576:ECB:18,189c9314e68257f92c1129f23bcc28b5d9bd1a03ac274d39216bf7eaa3d468ef,1,703,True,,6132.884217643621,1575.858130447851,0.00017097599804401397,0.0006654,212100,170975.99804401398,223100,435200,665400,,,,,,
3360d814-a7e0-4cb6-90e9-6baac00bb485,2005,AES-128,encrypt,cuda_baseline,baseline,resident,pinned,ECB,1048576,18,1048576:ECB:18,189c9314e68257f92c1129f23bcc28b5d9bd1a03ac274d39216bf7eaa3d468ef,2,704,True,1,6046.872058695835,,0.00017340800166130066,,,173408.00166130066,,,,,,,,,173408.00166130066
3360d814-a7e0-4cb6-90e9-6baac00bb485,2005,AES-128,encrypt,cpu_software,software,transform,bytes,ECB,1048576,18,1048576:ECB:18,189c9314e68257f92c1129f23bcc28b5d9bd1a03ac274d39216bf7eaa3d468ef,3,705,True,,,,,,,,,,,3779000,0.003779,277.4744641439534,0,0.0,
3360d814-a7e0-4cb6-90e9-6baac00bb485,2005,AES-128,encrypt,cuda_optimized_v1,optimized,pipeline,pinned,ECB,1048576,18,1048576:ECB:18,189c9314e68257f92c1129f23bcc28b5d9bd1a03ac274d39216bf7eaa3d468ef,4,706,True,,6005.864991657101,1594.7923954372623,0.00017459200322628022,0.0006575,213800,174592.0032262802,209500,423300,657500,,,,,,
3360d814-a7e0-4cb6-90e9-6baac00bb485,2005,AES-128,encrypt,cpu_aesni,aesni,transform,bytes,ECB,1048576,18,1048576:ECB:18,189c9314e68257f92c1129f23bcc28b5d9bd1a03ac274d39216bf7eaa3d468ef,5,707,True,,,,,,,,,,,570400,0.0005704,1838.3169705469845,0,0.0,
3360d814-a7e0-4cb6-90e9-6baac00bb485,2005,AES-128,encrypt,cuda_optimized_v1,optimized,pipeline,pinned,CTR,1048576,19,1048576:CTR:19,7ff8cebde24b18e2d7cbb341021eaddf4a32d8bd4027d265c39bf71baeb15155,0,708,True,,5853.519338683087,1381.7050994860983,0.0001791359931230545,0.0007589,243900,179135.9931230545,248300,492200,758900,,,,,,
3360d814-a7e0-4cb6-90e9-6baac00bb485,2005,AES-128,encrypt,cpu_aesni,aesni,transform,bytes,CTR,1048576,19,1048576:CTR:19,7ff8cebde24b18e2d7cbb341021eaddf4a32d8bd4027d265c39bf71baeb15155,1,709,True,,,,,,,,,,,747300,0.0007473,1403.152682992105,0,0.0,
3360d814-a7e0-4cb6-90e9-6baac00bb485,2005,AES-128,encrypt,cuda_optimized_v1,optimized,resident,pinned,CTR,1048576,19,1048576:CTR:19,7ff8cebde24b18e2d7cbb341021eaddf4a32d8bd4027d265c39bf71baeb15155,2,710,True,1,5643.816768591683,,0.0001857919991016388,,,185791.9991016388,,,,,,,,,185791.9991016388
3360d814-a7e0-4cb6-90e9-6baac00bb485,2005,AES-128,encrypt,cpu_software,software,transform,bytes,CTR,1048576,19,1048576:CTR:19,7ff8cebde24b18e2d7cbb341021eaddf4a32d8bd4027d265c39bf71baeb15155,3,711,True,,,,,,,,,,,4103400,0.0041034,255.53833406443437,0,0.0,
3360d814-a7e0-4cb6-90e9-6baac00bb485,2005,AES-128,encrypt,cuda_baseline,baseline,resident,pinned,CTR,1048576,19,1048576:CTR:19,7ff8cebde24b18e2d7cbb341021eaddf4a32d8bd4027d265c39bf71baeb15155,4,712,True,1,5536.070156931076,,0.00018940800428390503,,,189408.00428390503,,,,,,,,,189408.00428390503
3360d814-a7e0-4cb6-90e9-6baac00bb485,2005,AES-128,encrypt,cuda_baseline,baseline,pipeline,pinned,CTR,1048576,19,1048576:CTR:19,7ff8cebde24b18e2d7cbb341021eaddf4a32d8bd4027d265c39bf71baeb15155,5,713,True,,5844.12332704429,1443.3255333792154,0.0001794240027666092,0.0007265,208000,179424.0027666092,240300,448300,726500,,,,,,
3360d814-a7e0-4cb6-90e9-6baac00bb485,2005,AES-128,encrypt,cpu_software,software,transform,bytes,ECB,1048576,19,1048576:ECB:19,f60f1694a93e01420f424f4851e0d2798db5bee898edb00d4b7a169d27dcd771,0,714,True,,,,,,,,,,,3747900,0.0037479,279.77694175404895,0,0.0,
3360d814-a7e0-4cb6-90e9-6baac00bb485,2005,AES-128,encrypt,cuda_optimized_v1,optimized,resident,pinned,ECB,1048576,19,1048576:ECB:19,f60f1694a93e01420f424f4851e0d2798db5bee898edb00d4b7a169d27dcd771,1,715,True,1,4757.949723028158,,0.00022038400173187255,,,220384.00173187256,,,,,,,,,220384.00173187256
3360d814-a7e0-4cb6-90e9-6baac00bb485,2005,AES-128,encrypt,cuda_baseline,baseline,pipeline,pinned,ECB,1048576,19,1048576:ECB:19,f60f1694a93e01420f424f4851e0d2798db5bee898edb00d4b7a169d27dcd771,2,716,True,,6070.39630273435,1451.5171650055372,0.00017273600399494171,0.0007224,208600,172736.0039949417,240700,449300,722400,,,,,,
3360d814-a7e0-4cb6-90e9-6baac00bb485,2005,AES-128,encrypt,cuda_baseline,baseline,resident,pinned,ECB,1048576,19,1048576:ECB:19,f60f1694a93e01420f424f4851e0d2798db5bee898edb00d4b7a169d27dcd771,3,717,True,1,4746.921507281666,,0.00022089600563049316,,,220896.00563049316,,,,,,,,,220896.00563049316
3360d814-a7e0-4cb6-90e9-6baac00bb485,2005,AES-128,encrypt,cpu_aesni,aesni,transform,bytes,ECB,1048576,19,1048576:ECB:19,f60f1694a93e01420f424f4851e0d2798db5bee898edb00d4b7a169d27dcd771,4,718,True,,,,,,,,,,,564500,0.0005645,1857.5305580159434,0,0.0,
3360d814-a7e0-4cb6-90e9-6baac00bb485,2005,AES-128,encrypt,cuda_optimized_v1,optimized,pipeline,pinned,ECB,1048576,19,1048576:ECB:19,f60f1694a93e01420f424f4851e0d2798db5bee898edb00d4b7a169d27dcd771,5,719,True,,5995.974452080172,1400.154893844305,0.0001748799979686737,0.0007489,255800,174879.9979686737,236200,492000,748900,,,,,,
3360d814-a7e0-4cb6-90e9-6baac00bb485,2005,AES-128,encrypt,cuda_optimized_v1,optimized,resident,pinned,CTR,16777216,0,16777216:CTR:0,25cbd090e93b6775bf23c987694b09121d52c453ac1273880d280f81707d05e9,0,720,True,1,7824.960632936189,,0.002144063949584961,,,2144063.949584961,,,,,,,,,2144063.949584961
3360d814-a7e0-4cb6-90e9-6baac00bb485,2005,AES-128,encrypt,cpu_software,software,transform,bytes,CTR,16777216,0,16777216:CTR:0,25cbd090e93b6775bf23c987694b09121d52c453ac1273880d280f81707d05e9,1,721,True,,,,,,,,,,,66468800,0.0664688,252.40738511903328,62500000,0.9402907830440748,
3360d814-a7e0-4cb6-90e9-6baac00bb485,2005,AES-128,encrypt,cpu_aesni,aesni,transform,bytes,CTR,16777216,0,16777216:CTR:0,25cbd090e93b6775bf23c987694b09121d52c453ac1273880d280f81707d05e9,2,722,True,,,,,,,,,,,11151500,0.0111515,1504.480652826974,0,0.0,
3360d814-a7e0-4cb6-90e9-6baac00bb485,2005,AES-128,encrypt,cuda_optimized_v1,optimized,pipeline,pinned,CTR,16777216,0,16777216:CTR:0,25cbd090e93b6775bf23c987694b09121d52c453ac1273880d280f81707d05e9,3,723,True,,7889.605903694861,2207.1218459757415,0.0021264960765838624,0.0076014,2726600,2126496.0765838623,2639100,5365700,7601400,,,,,,
3360d814-a7e0-4cb6-90e9-6baac00bb485,2005,AES-128,encrypt,cuda_baseline,baseline,pipeline,pinned,CTR,16777216,0,16777216:CTR:0,25cbd090e93b6775bf23c987694b09121d52c453ac1273880d280f81707d05e9,4,724,True,,7798.3073899688725,2151.973525563736,0.0021513919830322267,0.0077962,2754500,2151391.9830322266,2757000,5511500,7796200,,,,,,
3360d814-a7e0-4cb6-90e9-6baac00bb485,2005,AES-128,encrypt,cuda_baseline,baseline,resident,pinned,CTR,16777216,0,16777216:CTR:0,25cbd090e93b6775bf23c987694b09121d52c453ac1273880d280f81707d05e9,5,725,True,1,7819.475695482824,,0.0021455678939819338,,,2145567.8939819336,,,,,,,,,2145567.8939819336
3360d814-a7e0-4cb6-90e9-6baac00bb485,2005,AES-128,encrypt,cpu_software,software,transform,bytes,ECB,16777216,0,16777216:ECB:0,76340d7248cafd6f32226d674c90757ff5fed8a320538b03ecb28b4de18a2fbf,0,726,True,,,,,,,,,,,63900700,0.0639007,262.5513648520282,62500000,0.9780800523311951,
3360d814-a7e0-4cb6-90e9-6baac00bb485,2005,AES-128,encrypt,cuda_baseline,baseline,resident,pinned,ECB,16777216,0,16777216:ECB:0,76340d7248cafd6f32226d674c90757ff5fed8a320538b03ecb28b4de18a2fbf,1,727,True,1,8116.28983291863,,0.0020671041011810303,,,2067104.1011810303,,,,,,,,,2067104.1011810303
3360d814-a7e0-4cb6-90e9-6baac00bb485,2005,AES-128,encrypt,cuda_baseline,baseline,pipeline,pinned,ECB,16777216,0,16777216:ECB:0,76340d7248cafd6f32226d674c90757ff5fed8a320538b03ecb28b4de18a2fbf,2,728,True,,8252.344979936839,2227.901998539274,0.0020330240726470945,0.0075305,2735400,2033024.0726470947,2659600,5395000,7530500,,,,,,
3360d814-a7e0-4cb6-90e9-6baac00bb485,2005,AES-128,encrypt,cpu_aesni,aesni,transform,bytes,ECB,16777216,0,16777216:ECB:0,76340d7248cafd6f32226d674c90757ff5fed8a320538b03ecb28b4de18a2fbf,3,729,True,,,,,,,,,,,8895800,0.0088958,1885.9704579689292,15625000,1.7564468625643561,
3360d814-a7e0-4cb6-90e9-6baac00bb485,2005,AES-128,encrypt,cuda_optimized_v1,optimized,pipeline,pinned,ECB,16777216,0,16777216:ECB:0,76340d7248cafd6f32226d674c90757ff5fed8a320538b03ecb28b4de18a2fbf,4,730,True,,8206.361329571348,2233.1806141600223,0.0020444159507751465,0.0075127,2705600,2044415.9507751465,2651200,5356800,7512700,,,,,,
3360d814-a7e0-4cb6-90e9-6baac00bb485,2005,AES-128,encrypt,cuda_optimized_v1,optimized,resident,pinned,ECB,16777216,0,16777216:ECB:0,76340d7248cafd6f32226d674c90757ff5fed8a320538b03ecb28b4de18a2fbf,5,731,True,1,8248.58011324845,,0.002033951997756958,,,2033951.997756958,,,,,,,,,2033951.997756958
3360d814-a7e0-4cb6-90e9-6baac00bb485,2005,AES-128,encrypt,cuda_optimized_v1,optimized,pipeline,pinned,CTR,16777216,1,16777216:CTR:1,4bb3c09c5bc9236cce2f02ee485de1367134f7ca453f27c13fa9488c28b6c8fb,0,732,True,,8006.719549392852,2194.7067134111244,0.0020953919887542723,0.0076444,2706900,2095391.9887542725,2694100,5401000,7644400,,,,,,
3360d814-a7e0-4cb6-90e9-6baac00bb485,2005,AES-128,encrypt,cuda_optimized_v1,optimized,resident,pinned,CTR,16777216,1,16777216:CTR:1,4bb3c09c5bc9236cce2f02ee485de1367134f7ca453f27c13fa9488c28b6c8fb,1,733,True,1,7886.164669874459,,0.0021274240016937256,,,2127424.0016937256,,,,,,,,,2127424.0016937256
3360d814-a7e0-4cb6-90e9-6baac00bb485,2005,AES-128,encrypt,cpu_software,software,transform,bytes,CTR,16777216,1,16777216:CTR:1,4bb3c09c5bc9236cce2f02ee485de1367134f7ca453f27c13fa9488c28b6c8fb,2,734,True,,,,,,,,,,,63643600,0.0636436,263.6119892652207,62500000,0.9820311861679729,
3360d814-a7e0-4cb6-90e9-6baac00bb485,2005,AES-128,encrypt,cuda_baseline,baseline,pipeline,pinned,CTR,16777216,1,16777216:CTR:1,4bb3c09c5bc9236cce2f02ee485de1367134f7ca453f27c13fa9488c28b6c8fb,3,735,True,,7885.333989428735,2206.5993265993266,0.002127648115158081,0.0076032,2703500,2127648.115158081,2678100,5381600,7603200,,,,,,
3360d814-a7e0-4cb6-90e9-6baac00bb485,2005,AES-128,encrypt,cuda_baseline,baseline,resident,pinned,CTR,16777216,1,16777216:CTR:1,4bb3c09c5bc9236cce2f02ee485de1367134f7ca453f27c13fa9488c28b6c8fb,4,736,True,1,7879.4094242715,,0.0021292479038238525,,,2129247.9038238525,,,,,,,,,2129247.9038238525
3360d814-a7e0-4cb6-90e9-6baac00bb485,2005,AES-128,encrypt,cpu_aesni,aesni,transform,bytes,CTR,16777216,1,16777216:CTR:1,4bb3c09c5bc9236cce2f02ee485de1367134f7ca453f27c13fa9488c28b6c8fb,5,737,True,,,,,,,,,,,11215100,0.0112151,1495.9488546691514,15625000,1.3932109388235503,
3360d814-a7e0-4cb6-90e9-6baac00bb485,2005,AES-128,encrypt,cuda_optimized_v1,optimized,resident,pinned,ECB,16777216,1,16777216:ECB:1,c399722f577b3056ed78f9ec3b4484401ef1e618362575138d1340af40a1a6c7,0,738,True,1,7999.145186526412,,0.0020973761081695555,,,2097376.1081695557,,,,,,,,,2097376.1081695557
3360d814-a7e0-4cb6-90e9-6baac00bb485,2005,AES-128,encrypt,cpu_software,software,transform,bytes,ECB,16777216,1,16777216:ECB:1,c399722f577b3056ed78f9ec3b4484401ef1e618362575138d1340af40a1a6c7,1,739,True,,,,,,,,,,,59318900,0.0593189,282.8308684078767,62500000,1.0536270901854214,
3360d814-a7e0-4cb6-90e9-6baac00bb485,2005,AES-128,encrypt,cpu_aesni,aesni,transform,bytes,ECB,16777216,1,16777216:ECB:1,c399722f577b3056ed78f9ec3b4484401ef1e618362575138d1340af40a1a6c7,2,740,True,,,,,,,,,,,9400100,0.0094001,1784.7912256252594,15625000,1.662216359400432,
3360d814-a7e0-4cb6-90e9-6baac00bb485,2005,AES-128,encrypt,cuda_baseline,baseline,pipeline,pinned,ECB,16777216,1,16777216:ECB:1,c399722f577b3056ed78f9ec3b4484401ef1e618362575138d1340af40a1a6c7,3,741,True,,8143.267615631835,2218.5041785676503,0.002060256004333496,0.0075624,2705500,2060256.004333496,2704400,5409900,7562400,,,,,,
3360d814-a7e0-4cb6-90e9-6baac00bb485,2005,AES-128,encrypt,cuda_baseline,baseline,resident,pinned,ECB,16777216,1,16777216:ECB:1,c399722f577b3056ed78f9ec3b4484401ef1e618362575138d1340af40a1a6c7,4,742,True,1,8057.168119661787,,0.0020822720527648927,,,2082272.0527648926,,,,,,,,,2082272.0527648926
3360d814-a7e0-4cb6-90e9-6baac00bb485,2005,AES-128,encrypt,cuda_optimized_v1,optimized,pipeline,pinned,ECB,16777216,1,16777216:ECB:1,c399722f577b3056ed78f9ec3b4484401ef1e618362575138d1340af40a1a6c7,5,743,True,,8013.328095519391,2219.8838270902525,0.0020936639308929443,0.0075577,2703000,2093663.9308929443,2658400,5361400,7557700,,,,,,
3360d814-a7e0-4cb6-90e9-6baac00bb485,2005,AES-128,encrypt,cuda_optimized_v1,optimized,resident,pinned,CTR,16777216,2,16777216:CTR:2,5be153b5762705f944370078689c2005e575423547acaaa6b507258eb8d96ace,0,744,True,1,7942.674490552936,,0.0021122879981994628,,,2112287.998199463,,,,,,,,,2112287.998199463
3360d814-a7e0-4cb6-90e9-6baac00bb485,2005,AES-128,encrypt,cuda_baseline,baseline,pipeline,pinned,CTR,16777216,2,16777216:CTR:2,5be153b5762705f944370078689c2005e575423547acaaa6b507258eb8d96ace,1,745,True,,8002.076025703077,2105.865016505793,0.0020966079235076904,0.0079669,2747900,2096607.9235076904,2969000,5716900,7966900,,,,,,
3360d814-a7e0-4cb6-90e9-6baac00bb485,2005,AES-128,encrypt,cpu_aesni,aesni,transform,bytes,CTR,16777216,2,16777216:CTR:2,5be153b5762705f944370078689c2005e575423547acaaa6b507258eb8d96ace,2,746,True,,,,,,,,,,,13875000,0.013875,1209.1687207207208,15625000,1.1261261261261262,
3360d814-a7e0-4cb6-90e9-6baac00bb485,2005,AES-128,encrypt,cuda_baseline,baseline,resident,pinned,CTR,16777216,2,16777216:CTR:2,5be153b5762705f944370078689c2005e575423547acaaa6b507258eb8d96ace,3,747,True,1,7905.308972855895,,0.00212227201461792,,,2122272.01461792,,,,,,,,,2122272.01461792
3360d814-a7e0-4cb6-90e9-6baac00bb485,2005,AES-128,encrypt,cuda_optimized_v1,optimized,pipeline,pinned,CTR,16777216,2,16777216:CTR:2,5be153b5762705f944370078689c2005e575423547acaaa6b507258eb8d96ace,4,748,True,,7903.04498713882,2182.0614668279422,0.002122879981994629,0.0076887,2734900,2122879.981994629,2685000,5419900,7688700,,,,,,
3360d814-a7e0-4cb6-90e9-6baac00bb485,2005,AES-128,encrypt,cpu_software,software,transform,bytes,CTR,16777216,2,16777216:CTR:2,5be153b5762705f944370078689c2005e575423547acaaa6b507258eb8d96ace,5,749,True,,,,,,,,,,,75571400,0.0755714,222.00483251600474,78125000,1.0337905609794182,
3360d814-a7e0-4cb6-90e9-6baac00bb485,2005,AES-128,encrypt,cuda_optimized_v1,optimized,pipeline,pinned,ECB,16777216,2,16777216:ECB:2,20a298b95c70d4de35975d0af5b52fff9bf406da1a1741f9709f6eb34d36b242,0,750,True,,8138.338280302001,2228.8787331278563,0.002061503887176514,0.0075272,2705800,2061503.8871765137,2665900,5371700,7527200,,,,,,
3360d814-a7e0-4cb6-90e9-6baac00bb485,2005,AES-128,encrypt,cuda_baseline,baseline,pipeline,pinned,ECB,16777216,2,16777216:ECB:2,20a298b95c70d4de35975d0af5b52fff9bf406da1a1741f9709f6eb34d36b242,1,751,True,,8127.109965405635,2229.7674171340473,0.002064352035522461,0.0075242,2703600,2064352.035522461,2664700,5368300,7524200,,,,,,
3360d814-a7e0-4cb6-90e9-6baac00bb485,2005,AES-128,encrypt,cuda_baseline,baseline,resident,pinned,ECB,16777216,2,16777216:ECB:2,20a298b95c70d4de35975d0af5b52fff9bf406da1a1741f9709f6eb34d36b242,2,752,True,1,8149.977100166709,,0.0020585598945617677,,,2058559.8945617676,,,,,,,,,2058559.8945617676
3360d814-a7e0-4cb6-90e9-6baac00bb485,2005,AES-128,encrypt,cpu_aesni,aesni,transform,bytes,ECB,16777216,2,16777216:ECB:2,20a298b95c70d4de35975d0af5b52fff9bf406da1a1741f9709f6eb34d36b242,3,753,True,,,,,,,,,,,8979800,0.0089798,1868.3284705672731,0,0.0,
3360d814-a7e0-4cb6-90e9-6baac00bb485,2005,AES-128,encrypt,cuda_optimized_v1,optimized,resident,pinned,ECB,16777216,2,16777216:ECB:2,20a298b95c70d4de35975d0af5b52fff9bf406da1a1741f9709f6eb34d36b242,4,754,True,1,3430.7777496789286,,0.004890207767486572,,,4890207.767486572,,,,,,,,,4890207.767486572
3360d814-a7e0-4cb6-90e9-6baac00bb485,2005,AES-128,encrypt,cpu_software,software,transform,bytes,ECB,16777216,2,16777216:ECB:2,20a298b95c70d4de35975d0af5b52fff9bf406da1a1741f9709f6eb34d36b242,5,755,True,,,,,,,,,,,59827300,0.0598273,280.4274302868423,46875000,0.7835051891026338,
3360d814-a7e0-4cb6-90e9-6baac00bb485,2005,AES-128,encrypt,cuda_baseline,baseline,pipeline,pinned,ECB,16777216,3,16777216:ECB:3,27c83be347f1446d14f66d6aa779a9a700df7c31db3c2e2f5e2f7ef828372518,0,756,True,,4338.803404715168,1165.2705640484244,0.0038667840957641603,0.0143977,5208800,3866784.09576416,5205300,10414100,14397700,,,,,,
3360d814-a7e0-4cb6-90e9-6baac00bb485,2005,AES-128,encrypt,cpu_software,software,transform,bytes,ECB,16777216,3,16777216:ECB:3,27c83be347f1446d14f66d6aa779a9a700df7c31db3c2e2f5e2f7ef828372518,1,757,True,,,,,,,,,,,60665500,0.0606655,276.5528348072628,46875000,0.7726796943897273,
3360d814-a7e0-4cb6-90e9-6baac00bb485,2005,AES-128,encrypt,cuda_optimized_v1,optimized,pipeline,pinned,ECB,16777216,3,16777216:ECB:3,27c83be347f1446d14f66d6aa779a9a700df7c31db3c2e2f5e2f7ef828372518,2,758,True,,3419.544661190503,656.2572266770976,0.0049062719345092775,0.025565,10386900,4906271.934509277,10160300,20547200,25565000,,,,,,
3360d814-a7e0-4cb6-90e9-6baac00bb485,2005,AES-128,encrypt,cuda_baseline,baseline,resident,pinned,ECB,16777216,3,16777216:ECB:3,27c83be347f1446d14f66d6aa779a9a700df7c31db3c2e2f5e2f7ef828372518,3,759,True,1,3468.8667560525337,,0.004836512088775635,,,4836512.088775635,,,,,,,,,4836512.088775635
3360d814-a7e0-4cb6-90e9-6baac00bb485,2005,AES-128,encrypt,cuda_optimized_v1,optimized,resident,pinned,ECB,16777216,3,16777216:ECB:3,27c83be347f1446d14f66d6aa779a9a700df7c31db3c2e2f5e2f7ef828372518,4,760,True,1,3417.9840255654417,,0.004908512115478516,,,4908512.115478516,,,,,,,,,4908512.115478516
3360d814-a7e0-4cb6-90e9-6baac00bb485,2005,AES-128,encrypt,cpu_aesni,aesni,transform,bytes,ECB,16777216,3,16777216:ECB:3,27c83be347f1446d14f66d6aa779a9a700df7c31db3c2e2f5e2f7ef828372518,5,761,True,,,,,,,,,,,8410100,0.0084101,1994.889002508888,0,0.0,
3360d814-a7e0-4cb6-90e9-6baac00bb485,2005,AES-128,encrypt,cuda_baseline,baseline,resident,pinned,CTR,16777216,3,16777216:CTR:3,de02b070e2f08b19d105929a93e23bba30eca79824189b032a1a13dc2804dd5c,0,762,True,1,3340.3926124436475,,0.005022528171539306,,,5022528.171539307,,,,,,,,,5022528.171539307
3360d814-a7e0-4cb6-90e9-6baac00bb485,2005,AES-128,encrypt,cpu_aesni,aesni,transform,bytes,CTR,16777216,3,16777216:CTR:3,de02b070e2f08b19d105929a93e23bba30eca79824189b032a1a13dc2804dd5c,1,763,True,,,,,,,,,,,11108200,0.0111082,1510.3451504294126,15625000,1.4066185340559227,
3360d814-a7e0-4cb6-90e9-6baac00bb485,2005,AES-128,encrypt,cuda_optimized_v1,optimized,resident,pinned,CTR,16777216,3,16777216:CTR:3,de02b070e2f08b19d105929a93e23bba30eca79824189b032a1a13dc2804dd5c,2,764,True,1,3105.4381564879263,,0.005402527809143067,,,5402527.809143066,,,,,,,,,5402527.809143066
3360d814-a7e0-4cb6-90e9-6baac00bb485,2005,AES-128,encrypt,cuda_baseline,baseline,pipeline,pinned,CTR,16777216,3,16777216:CTR:3,de02b070e2f08b19d105929a93e23bba30eca79824189b032a1a13dc2804dd5c,3,765,True,,3199.8243033500307,642.4163150276844,0.005243167877197265,0.0261158,10605800,5243167.877197266,10143200,20749000,26115800,,,,,,
3360d814-a7e0-4cb6-90e9-6baac00bb485,2005,AES-128,encrypt,cpu_software,software,transform,bytes,CTR,16777216,3,16777216:CTR:3,de02b070e2f08b19d105929a93e23bba30eca79824189b032a1a13dc2804dd5c,4,766,True,,,,,,,,,,,63815700,0.0638157,262.90107293346307,62500000,0.9793828164542582,
3360d814-a7e0-4cb6-90e9-6baac00bb485,2005,AES-128,encrypt,cuda_optimized_v1,optimized,pipeline,pinned,CTR,16777216,3,16777216:CTR:3,de02b070e2f08b19d105929a93e23bba30eca79824189b032a1a13dc2804dd5c,5,767,True,,3119.907688528963,640.3957523799345,0.005377471923828125,0.0261982,10454700,5377471.923828125,10223800,20678500,26198200,,,,,,
3360d814-a7e0-4cb6-90e9-6baac00bb485,2005,AES-128,encrypt,cpu_software,software,transform,bytes,CTR,16777216,4,16777216:CTR:4,b1af85880733edb9e15faf7384fc0376c4c4a2d106c1af8684e3d5d569293432,0,768,True,,,,,,,,,,,63455800,0.0634558,264.39215958194524,62500000,0.9849375470800148,
3360d814-a7e0-4cb6-90e9-6baac00bb485,2005,AES-128,encrypt,cuda_optimized_v1,optimized,resident,pinned,CTR,16777216,4,16777216:CTR:4,b1af85880733edb9e15faf7384fc0376c4c4a2d106c1af8684e3d5d569293432,1,769,True,1,3118.5899989046407,,0.005379744052886963,,,5379744.052886963,,,,,,,,,5379744.052886963
3360d814-a7e0-4cb6-90e9-6baac00bb485,2005,AES-128,encrypt,cuda_baseline,baseline,resident,pinned,CTR,16777216,4,16777216:CTR:4,b1af85880733edb9e15faf7384fc0376c4c4a2d106c1af8684e3d5d569293432,2,770,True,1,3125.152126951745,,0.0053684477806091304,,,5368447.780609131,,,,,,,,,5368447.780609131
3360d814-a7e0-4cb6-90e9-6baac00bb485,2005,AES-128,encrypt,cuda_optimized_v1,optimized,pipeline,pinned,CTR,16777216,4,16777216:CTR:4,b1af85880733edb9e15faf7384fc0376c4c4a2d106c1af8684e3d5d569293432,3,771,True,,3139.505489287702,642.4925802387344,0.005343904018402099,0.0261127,10352200,5343904.0184021,10301100,20653300,26112700,,,,,,
3360d814-a7e0-4cb6-90e9-6baac00bb485,2005,AES-128,encrypt,cpu_aesni,aesni,transform,bytes,CTR,16777216,4,16777216:CTR:4,b1af85880733edb9e15faf7384fc0376c4c4a2d106c1af8684e3d5d569293432,4,772,True,,,,,,,,,,,11170000,0.01117,1501.9888988361683,0,0.0,
3360d814-a7e0-4cb6-90e9-6baac00bb485,2005,AES-128,encrypt,cuda_baseline,baseline,pipeline,pinned,CTR,16777216,4,16777216:CTR:4,b1af85880733edb9e15faf7384fc0376c4c4a2d106c1af8684e3d5d569293432,5,773,True,,3176.848481968614,647.8590074296042,0.005281087875366211,0.0258964,10360900,5281087.875366211,10144500,20505400,25896400,,,,,,
3360d814-a7e0-4cb6-90e9-6baac00bb485,2005,AES-128,encrypt,cuda_optimized_v1,optimized,resident,pinned,ECB,16777216,4,16777216:ECB:4,ca49c3afcbe2ad74b805ed491347ead2a2e9c5f543ebbf99f2e09dfb469ff3d9,0,774,True,1,3161.904352221492,,0.0053060479164123535,,,5306047.9164123535,,,,,,,,,5306047.9164123535
3360d814-a7e0-4cb6-90e9-6baac00bb485,2005,AES-128,encrypt,cuda_baseline,baseline,pipeline,pinned,ECB,16777216,4,16777216:ECB:4,ca49c3afcbe2ad74b805ed491347ead2a2e9c5f543ebbf99f2e09dfb469ff3d9,1,775,True,,3171.1799973368284,647.2591472353822,0.005290527820587158,0.0259204,10366200,5290527.820587158,10150700,20516900,25920400,,,,,,
3360d814-a7e0-4cb6-90e9-6baac00bb485,2005,AES-128,encrypt,cuda_baseline,baseline,resident,pinned,ECB,16777216,4,16777216:ECB:4,ca49c3afcbe2ad74b805ed491347ead2a2e9c5f543ebbf99f2e09dfb469ff3d9,2,776,True,1,3195.6503220259397,,0.005250016212463379,,,5250016.212463379,,,,,,,,,5250016.212463379
3360d814-a7e0-4cb6-90e9-6baac00bb485,2005,AES-128,encrypt,cpu_software,software,transform,bytes,ECB,16777216,4,16777216:ECB:4,ca49c3afcbe2ad74b805ed491347ead2a2e9c5f543ebbf99f2e09dfb469ff3d9,3,777,True,,,,,,,,,,,62665900,0.0626659,267.7248072715783,62500000,0.9973526271863964,
3360d814-a7e0-4cb6-90e9-6baac00bb485,2005,AES-128,encrypt,cuda_optimized_v1,optimized,pipeline,pinned,ECB,16777216,4,16777216:ECB:4,ca49c3afcbe2ad74b805ed491347ead2a2e9c5f543ebbf99f2e09dfb469ff3d9,4,778,True,,3150.8070310353537,630.5754297870421,0.005324736118316651,0.0266062,10744900,5324736.11831665,10395000,21139900,26606200,,,,,,
3360d814-a7e0-4cb6-90e9-6baac00bb485,2005,AES-128,encrypt,cpu_aesni,aesni,transform,bytes,ECB,16777216,4,16777216:ECB:4,ca49c3afcbe2ad74b805ed491347ead2a2e9c5f543ebbf99f2e09dfb469ff3d9,5,779,True,,,,,,,,,,,9785200,0.0097852,1714.5501369415035,15625000,1.5967992478436823,
3360d814-a7e0-4cb6-90e9-6baac00bb485,2005,AES-128,encrypt,cuda_baseline,baseline,resident,pinned,CTR,16777216,5,16777216:CTR:5,796f3932a4e788c8adb6dddf7510592d15f41f80a822c55fc24fac70be6f5846,0,780,True,1,3146.835577328928,,0.005331456184387207,,,5331456.184387207,,,,,,,,,5331456.184387207
3360d814-a7e0-4cb6-90e9-6baac00bb485,2005,AES-128,encrypt,cuda_optimized_v1,optimized,resident,pinned,CTR,16777216,5,16777216:CTR:5,796f3932a4e788c8adb6dddf7510592d15f41f80a822c55fc24fac70be6f5846,1,781,True,1,2985.337694837976,,0.005619872093200684,,,5619872.093200684,,,,,,,,,5619872.093200684
3360d814-a7e0-4cb6-90e9-6baac00bb485,2005,AES-128,encrypt,cpu_aesni,aesni,transform,bytes,CTR,16777216,5,16777216:CTR:5,796f3932a4e788c8adb6dddf7510592d15f41f80a822c55fc24fac70be6f5846,2,782,True,,,,,,,,,,,11999000,0.011999,1398.2178514876239,15625000,1.3021918493207767,
3360d814-a7e0-4cb6-90e9-6baac00bb485,2005,AES-128,encrypt,cpu_software,software,transform,bytes,CTR,16777216,5,16777216:CTR:5,796f3932a4e788c8adb6dddf7510592d15f41f80a822c55fc24fac70be6f5846,3,783,True,,,,,,,,,,,63317500,0.0633175,264.96965293955066,62500000,0.9870888774825285,
3360d814-a7e0-4cb6-90e9-6baac00bb485,2005,AES-128,encrypt,cuda_optimized_v1,optimized,pipeline,pinned,CTR,16777216,5,16777216:CTR:5,796f3932a4e788c8adb6dddf7510592d15f41f80a822c55fc24fac70be6f5846,4,784,True,,2957.7011420899607,637.0764048954421,0.005672383785247803,0.0263347,10365000,5672383.785247803,10166300,20531300,26334700,,,,,,
3360d814-a7e0-4cb6-90e9-6baac00bb485,2005,AES-128,encrypt,cuda_baseline,baseline,pipeline,pinned,CTR,16777216,5,16777216:CTR:5,796f3932a4e788c8adb6dddf7510592d15f41f80a822c55fc24fac70be6f5846,5,785,True,,3026.6824292234865,639.1977841530367,0.00554310417175293,0.0262473,10340500,5543104.17175293,10190700,20531200,26247300,,,,,,
3360d814-a7e0-4cb6-90e9-6baac00bb485,2005,AES-128,encrypt,cuda_baseline,baseline,pipeline,pinned,ECB,16777216,5,16777216:ECB:5,a8c92761ebf70b0d8a1c6d46d0fb027b2ce9f195febb6ca435edd4501f7a2683,0,786,True,,3171.505865144461,641.4338693521131,0.0052899842262268066,0.0261558,10365200,5289984.226226807,10372100,20737300,26155800,,,,,,
3360d814-a7e0-4cb6-90e9-6baac00bb485,2005,AES-128,encrypt,cuda_optimized_v1,optimized,pipeline,pinned,ECB,16777216,5,16777216:ECB:5,a8c92761ebf70b0d8a1c6d46d0fb027b2ce9f195febb6ca435edd4501f7a2683,1,787,True,,3149.9932127632105,646.0403630440559,0.005326111793518066,0.0259693,10399500,5326111.793518066,10161500,20561000,25969300,,,,,,
3360d814-a7e0-4cb6-90e9-6baac00bb485,2005,AES-128,encrypt,cpu_aesni,aesni,transform,bytes,ECB,16777216,5,16777216:ECB:5,a8c92761ebf70b0d8a1c6d46d0fb027b2ce9f195febb6ca435edd4501f7a2683,2,788,True,,,,,,,,,,,8427600,0.0084276,1990.7465945227586,0,0.0,
3360d814-a7e0-4cb6-90e9-6baac00bb485,2005,AES-128,encrypt,cuda_optimized_v1,optimized,resident,pinned,ECB,16777216,5,16777216:ECB:5,a8c92761ebf70b0d8a1c6d46d0fb027b2ce9f195febb6ca435edd4501f7a2683,3,789,True,1,3171.0073717059263,,0.005290815830230713,,,5290815.830230713,,,,,,,,,5290815.830230713
3360d814-a7e0-4cb6-90e9-6baac00bb485,2005,AES-128,encrypt,cuda_baseline,baseline,resident,pinned,ECB,16777216,5,16777216:ECB:5,a8c92761ebf70b0d8a1c6d46d0fb027b2ce9f195febb6ca435edd4501f7a2683,4,790,True,1,3165.971216352306,,0.005299232006072998,,,5299232.006072998,,,,,,,,,5299232.006072998
3360d814-a7e0-4cb6-90e9-6baac00bb485,2005,AES-128,encrypt,cpu_software,software,transform,bytes,ECB,16777216,5,16777216:ECB:5,a8c92761ebf70b0d8a1c6d46d0fb027b2ce9f195febb6ca435edd4501f7a2683,5,791,True,,,,,,,,,,,59147300,0.0591473,283.6514261851344,62500000,1.056683906112367,
3360d814-a7e0-4cb6-90e9-6baac00bb485,2005,AES-128,encrypt,cuda_optimized_v1,optimized,pipeline,pinned,ECB,16777216,6,16777216:ECB:6,74be7739213632f28e42b2f9adc0a0734174dbb59710260842c043316cec8cb9,0,792,True,,3218.326934875304,642.7436452447083,0.005213024139404297,0.0261025,10504400,5213024.139404297,10190800,20695200,26102500,,,,,,
3360d814-a7e0-4cb6-90e9-6baac00bb485,2005,AES-128,encrypt,cuda_baseline,baseline,resident,pinned,ECB,16777216,6,16777216:ECB:6,74be7739213632f28e42b2f9adc0a0734174dbb59710260842c043316cec8cb9,1,793,True,1,3203.441230925664,,0.005237247943878174,,,5237247.943878174,,,,,,,,,5237247.943878174
3360d814-a7e0-4cb6-90e9-6baac00bb485,2005,AES-128,encrypt,cuda_baseline,baseline,pipeline,pinned,ECB,16777216,6,16777216:ECB:6,74be7739213632f28e42b2f9adc0a0734174dbb59710260842c043316cec8cb9,2,794,True,,3137.758118438058,641.5319786783319,0.005346879959106445,0.0261518,10478600,5346879.959106445,10187800,20666400,26151800,,,,,,
3360d814-a7e0-4cb6-90e9-6baac00bb485,2005,AES-128,encrypt,cpu_software,software,transform,bytes,ECB,16777216,6,16777216:ECB:6,74be7739213632f28e42b2f9adc0a0734174dbb59710260842c043316cec8cb9,3,795,True,,,,,,,,,,,60521300,0.0605213,277.21175850485696,62500000,1.0326942745777106,
3360d814-a7e0-4cb6-90e9-6baac00bb485,2005,AES-128,encrypt,cpu_aesni,aesni,transform,bytes,ECB,16777216,6,16777216:ECB:6,74be7739213632f28e42b2f9adc0a0734174dbb59710260842c043316cec8cb9,4,796,True,,,,,,,,,,,8638400,0.0086384,1942.167067975551,0,0.0,
3360d814-a7e0-4cb6-90e9-6baac00bb485,2005,AES-128,encrypt,cuda_optimized_v1,optimized,resident,pinned,ECB,16777216,6,16777216:ECB:6,74be7739213632f28e42b2f9adc0a0734174dbb59710260842c043316cec8cb9,5,797,True,1,3144.09946852127,,0.005336095809936523,,,5336095.809936523,,,,,,,,,5336095.809936523
3360d814-a7e0-4cb6-90e9-6baac00bb485,2005,AES-128,encrypt,cpu_aesni,aesni,transform,bytes,CTR,16777216,6,16777216:CTR:6,cc8c4e77219d6f66ccbcce64abdec8bb510aa0993e2f50d04434dac94b2092e3,0,798,True,,,,,,,,,,,11363500,0.0113635,1476.4127249526994,15625000,1.3750165001980024,
3360d814-a7e0-4cb6-90e9-6baac00bb485,2005,AES-128,encrypt,cuda_optimized_v1,optimized,resident,pinned,CTR,16777216,6,16777216:CTR:6,cc8c4e77219d6f66ccbcce64abdec8bb510aa0993e2f50d04434dac94b2092e3,1,799,True,1,3093.9658269910665,,0.005422560214996338,,,5422560.214996338,,,,,,,,,5422560.214996338
3360d814-a7e0-4cb6-90e9-6baac00bb485,2005,AES-128,encrypt,cpu_software,software,transform,bytes,CTR,16777216,6,16777216:CTR:6,cc8c4e77219d6f66ccbcce64abdec8bb510aa0993e2f50d04434dac94b2092e3,2,800,True,,,,,,,,,,,62140700,0.0621407,269.98756048773186,62500000,1.0057820397903467,
3360d814-a7e0-4cb6-90e9-6baac00bb485,2005,AES-128,encrypt,cuda_baseline,baseline,pipeline,pinned,CTR,16777216,6,16777216:CTR:6,cc8c4e77219d6f66ccbcce64abdec8bb510aa0993e2f50d04434dac94b2092e3,3,801,True,,3085.0632564409793,628.6356193537993,0.0054382081031799315,0.0266883,10768600,5438208.103179932,10344400,21113000,26688300,,,,,,
3360d814-a7e0-4cb6-90e9-6baac00bb485,2005,AES-128,encrypt,cuda_baseline,baseline,resident,pinned,CTR,16777216,6,16777216:CTR:6,cc8c4e77219d6f66ccbcce64abdec8bb510aa0993e2f50d04434dac94b2092e3,4,802,True,1,3115.6988587077744,,0.005384736061096192,,,5384736.061096191,,,,,,,,,5384736.061096191
3360d814-a7e0-4cb6-90e9-6baac00bb485,2005,AES-128,encrypt,cuda_optimized_v1,optimized,pipeline,pinned,CTR,16777216,6,16777216:CTR:6,cc8c4e77219d6f66ccbcce64abdec8bb510aa0993e2f50d04434dac94b2092e3,5,803,True,,3124.258011117176,641.1029718028377,0.005369984149932862,0.0261693,10457300,5369984.149932861,10198100,20655400,26169300,,,,,,
3360d814-a7e0-4cb6-90e9-6baac00bb485,2005,AES-128,encrypt,cuda_optimized_v1,optimized,pipeline,pinned,ECB,16777216,7,16777216:ECB:7,ff201a349fc5baa108b6fb2d17813ae7f0895669a18b0617df1f23e440e8f604,0,804,True,,3147.912766307526,630.1372785421056,0.005329631805419922,0.0266247,10842500,5329631.805419922,10305100,21147600,26624700,,,,,,
3360d814-a7e0-4cb6-90e9-6baac00bb485,2005,AES-128,encrypt,cuda_baseline,baseline,pipeline,pinned,ECB,16777216,7,16777216:ECB:7,ff201a349fc5baa108b6fb2d17813ae7f0895669a18b0617df1f23e440e8f604,1,805,True,,3175.328371799729,647.1517896060514,0.005283616065979004,0.0259247,10338700,5283616.065979004,10188800,20527500,25924700,,,,,,
3360d814-a7e0-4cb6-90e9-6baac00bb485,2005,AES-128,encrypt,cuda_optimized_v1,optimized,resident,pinned,ECB,16777216,7,16777216:ECB:7,ff201a349fc5baa108b6fb2d17813ae7f0895669a18b0617df1f23e440e8f604,2,806,True,1,3152.5689696763775,,0.005321760177612305,,,5321760.177612305,,,,,,,,,5321760.177612305
3360d814-a7e0-4cb6-90e9-6baac00bb485,2005,AES-128,encrypt,cuda_baseline,baseline,resident,pinned,ECB,16777216,7,16777216:ECB:7,ff201a349fc5baa108b6fb2d17813ae7f0895669a18b0617df1f23e440e8f604,3,807,True,1,3167.999160902564,,0.005295839786529541,,,5295839.786529541,,,,,,,,,5295839.786529541
3360d814-a7e0-4cb6-90e9-6baac00bb485,2005,AES-128,encrypt,cpu_aesni,aesni,transform,bytes,ECB,16777216,7,16777216:ECB:7,ff201a349fc5baa108b6fb2d17813ae7f0895669a18b0617df1f23e440e8f604,4,808,True,,,,,,,,,,,8708200,0.0087082,1926.5997565512964,15625000,1.7942858455249076,
3360d814-a7e0-4cb6-90e9-6baac00bb485,2005,AES-128,encrypt,cpu_software,software,transform,bytes,ECB,16777216,7,16777216:ECB:7,ff201a349fc5baa108b6fb2d17813ae7f0895669a18b0617df1f23e440e8f604,5,809,True,,,,,,,,,,,59919600,0.0599196,279.995460583849,62500000,1.043064372926388,
3360d814-a7e0-4cb6-90e9-6baac00bb485,2005,AES-128,encrypt,cpu_software,software,transform,bytes,CTR,16777216,7,16777216:CTR:7,ca7e75682a04cc5fb79d43ab790ca9b2c665c8c41e5c68e336a01bcc22d44ac2,0,810,True,,,,,,,,,,,62697900,0.0626979,267.58816483486686,78125000,1.2460544930531963,
3360d814-a7e0-4cb6-90e9-6baac00bb485,2005,AES-128,encrypt,cpu_aesni,aesni,transform,bytes,CTR,16777216,7,16777216:CTR:7,ca7e75682a04cc5fb79d43ab790ca9b2c665c8c41e5c68e336a01bcc22d44ac2,1,811,True,,,,,,,,,,,11169900,0.0111699,1502.0023455894861,0,0.0,
3360d814-a7e0-4cb6-90e9-6baac00bb485,2005,AES-128,encrypt,cuda_baseline,baseline,resident,pinned,CTR,16777216,7,16777216:CTR:7,ca7e75682a04cc5fb79d43ab790ca9b2c665c8c41e5c68e336a01bcc22d44ac2,2,812,True,1,4428.108106770595,,0.0037888000011444094,,,3788800.001144409,,,,,,,,,3788800.001144409
3360d814-a7e0-4cb6-90e9-6baac00bb485,2005,AES-128,encrypt,cuda_optimized_v1,optimized,pipeline,pinned,CTR,16777216,7,16777216:CTR:7,ca7e75682a04cc5fb79d43ab790ca9b2c665c8c41e5c68e336a01bcc22d44ac2,3,813,True,,4399.902720064027,1160.8682355057672,0.0038130879402160645,0.0144523,5282300,3813087.9402160645,5217700,10500000,14452300,,,,,,
3360d814-a7e0-4cb6-90e9-6baac00bb485,2005,AES-128,encrypt,cuda_baseline,baseline,pipeline,pinned,CTR,16777216,7,16777216:CTR:7,ca7e75682a04cc5fb79d43ab790ca9b2c665c8c41e5c68e336a01bcc22d44ac2,4,814,True,,4414.387746845118,1159.6165303879623,0.0038005759716033937,0.0144679,5249300,3800575.9716033936,5284900,10534200,14467900,,,,,,
3360d814-a7e0-4cb6-90e9-6baac00bb485,2005,AES-128,encrypt,cuda_optimized_v1,optimized,resident,pinned,CTR,16777216,7,16777216:CTR:7,ca7e75682a04cc5fb79d43ab790ca9b2c665c8c41e5c68e336a01bcc22d44ac2,5,815,True,1,4404.671136493286,,0.0038089599609375,,,3808959.9609375,,,,,,,,,3808959.9609375
3360d814-a7e0-4cb6-90e9-6baac00bb485,2005,AES-128,encrypt,cpu_software,software,transform,bytes,CTR,16777216,8,16777216:CTR:8,44c91f4080aafb63dc109f402c77daa1bf3135bbc9ef39368f4d94d4236c3961,0,816,True,,,,,,,,,,,62704400,0.0627044,267.56042638156174,62500000,0.9967402606515651,
3360d814-a7e0-4cb6-90e9-6baac00bb485,2005,AES-128,encrypt,cuda_baseline,baseline,pipeline,pinned,CTR,16777216,8,16777216:CTR:8,44c91f4080aafb63dc109f402c77daa1bf3135bbc9ef39368f4d94d4236c3961,1,817,True,,4417.995971915183,1172.3710562174626,0.0037974720001220704,0.0143105,5206600,3797472.0001220703,5201400,10408000,14310500,,,,,,
3360d814-a7e0-4cb6-90e9-6baac00bb485,2005,AES-128,encrypt,cuda_optimized_v1,optimized,resident,pinned,CTR,16777216,8,16777216:CTR:8,44c91f4080aafb63dc109f402c77daa1bf3135bbc9ef39368f4d94d4236c3961,2,818,True,1,4381.883659358727,,0.003828768014907837,,,3828768.014907837,,,,,,,,,3828768.014907837
3360d814-a7e0-4cb6-90e9-6baac00bb485,2005,AES-128,encrypt,cpu_aesni,aesni,transform,bytes,CTR,16777216,8,16777216:CTR:8,44c91f4080aafb63dc109f402c77daa1bf3135bbc9ef39368f4d94d4236c3961,3,819,True,,,,,,,,,,,11045400,0.0110454,1518.932406250566,0,0.0,
3360d814-a7e0-4cb6-90e9-6baac00bb485,2005,AES-128,encrypt,cuda_optimized_v1,optimized,pipeline,pinned,CTR,16777216,8,16777216:CTR:8,44c91f4080aafb63dc109f402c77daa1bf3135bbc9ef39368f4d94d4236c3961,4,820,True,,4424.520630295372,1172.6414672332812,0.0037918720245361326,0.0143072,5206600,3791872.024536133,5207700,10414300,14307200,,,,,,
3360d814-a7e0-4cb6-90e9-6baac00bb485,2005,AES-128,encrypt,cuda_baseline,baseline,resident,pinned,CTR,16777216,8,16777216:CTR:8,44c91f4080aafb63dc109f402c77daa1bf3135bbc9ef39368f4d94d4236c3961,5,821,True,1,4437.327677031945,,0.003780927896499634,,,3780927.896499634,,,,,,,,,3780927.896499634
3360d814-a7e0-4cb6-90e9-6baac00bb485,2005,AES-128,encrypt,cuda_optimized_v1,optimized,resident,pinned,ECB,16777216,8,16777216:ECB:8,badaf58efb70652ea2e0255c383dc3fcba03fbee05926e0fee3f0a5b4ac5f0d4,0,822,True,1,4490.612631939323,,0.0037360639572143555,,,3736063.9572143555,,,,,,,,,3736063.9572143555
3360d814-a7e0-4cb6-90e9-6baac00bb485,2005,AES-128,encrypt,cuda_baseline,baseline,resident,pinned,ECB,16777216,8,16777216:ECB:8,badaf58efb70652ea2e0255c383dc3fcba03fbee05926e0fee3f0a5b4ac5f0d4,1,823,True,1,4606.65484493384,,0.0036419520378112792,,,3641952.0378112793,,,,,,,,,3641952.0378112793
3360d814-a7e0-4cb6-90e9-6baac00bb485,2005,AES-128,encrypt,cpu_software,software,transform,bytes,ECB,16777216,8,16777216:ECB:8,badaf58efb70652ea2e0255c383dc3fcba03fbee05926e0fee3f0a5b4ac5f0d4,2,824,True,,,,,,,,,,,59834400,0.0598344,280.39415453317827,62500000,1.0445496236278795,
3360d814-a7e0-4cb6-90e9-6baac00bb485,2005,AES-128,encrypt,cpu_aesni,aesni,transform,bytes,ECB,16777216,8,16777216:ECB:8,badaf58efb70652ea2e0255c383dc3fcba03fbee05926e0fee3f0a5b4ac5f0d4,3,825,True,,,,,,,,,,,8463400,0.0084634,1982.3257792376587,0,0.0,
3360d814-a7e0-4cb6-90e9-6baac00bb485,2005,AES-128,encrypt,cuda_baseline,baseline,pipeline,pinned,ECB,16777216,8,16777216:ECB:8,badaf58efb70652ea2e0255c383dc3fcba03fbee05926e0fee3f0a5b4ac5f0d4,4,826,True,,4480.749382742293,1164.2355227091357,0.003744287967681885,0.0144105,5202300,3744287.9676818848,5355200,10557500,14410500,,,,,,
3360d814-a7e0-4cb6-90e9-6baac00bb485,2005,AES-128,encrypt,cuda_optimized_v1,optimized,pipeline,pinned,ECB,16777216,8,16777216:ECB:8,badaf58efb70652ea2e0255c383dc3fcba03fbee05926e0fee3f0a5b4ac5f0d4,5,827,True,,4514.4701826442115,1183.6446501389848,0.003716320037841797,0.0141742,5204300,3716320.037841797,5149300,10353600,14174200,,,,,,
3360d814-a7e0-4cb6-90e9-6baac00bb485,2005,AES-128,encrypt,cpu_software,software,transform,bytes,ECB,16777216,9,16777216:ECB:9,22a7c6ecbeef52a7868b3264747046c419d57e952895c41bb54bbf880c71839b,0,828,True,,,,,,,,,,,61339300,0.0613393,273.5149569688601,62500000,1.0189226156803224,
3360d814-a7e0-4cb6-90e9-6baac00bb485,2005,AES-128,encrypt,cuda_optimized_v1,optimized,pipeline,pinned,ECB,16777216,9,16777216:ECB:9,22a7c6ecbeef52a7868b3264747046c419d57e952895c41bb54bbf880c71839b,1,829,True,,4536.265968119351,1178.067732580593,0.0036984639167785644,0.0142413,5281500,3698463.9167785645,5147100,10428600,14241300,,,,,,
3360d814-a7e0-4cb6-90e9-6baac00bb485,2005,AES-128,encrypt,cuda_optimized_v1,optimized,resident,pinned,ECB,16777216,9,16777216:ECB:9,22a7c6ecbeef52a7868b3264747046c419d57e952895c41bb54bbf880c71839b,2,830,True,1,4738.298706796695,,0.0035407679080963136,,,3540767.9080963135,,,,,,,,,3540767.9080963135
3360d814-a7e0-4cb6-90e9-6baac00bb485,2005,AES-128,encrypt,cuda_baseline,baseline,pipeline,pinned,ECB,16777216,9,16777216:ECB:9,22a7c6ecbeef52a7868b3264747046c419d57e952895c41bb54bbf880c71839b,3,831,True,,4562.199880413641,1180.4051192210004,0.0036774399280548094,0.0142131,5201500,3677439.9280548096,5235900,10437400,14213100,,,,,,
3360d814-a7e0-4cb6-90e9-6baac00bb485,2005,AES-128,encrypt,cuda_baseline,baseline,resident,pinned,ECB,16777216,9,16777216:ECB:9,22a7c6ecbeef52a7868b3264747046c419d57e952895c41bb54bbf880c71839b,4,832,True,1,4576.456522312494,,0.0036659839153289795,,,3665983.9153289795,,,,,,,,,3665983.9153289795
3360d814-a7e0-4cb6-90e9-6baac00bb485,2005,AES-128,encrypt,cpu_aesni,aesni,transform,bytes,ECB,16777216,9,16777216:ECB:9,22a7c6ecbeef52a7868b3264747046c419d57e952895c41bb54bbf880c71839b,5,833,True,,,,,,,,,,,9189500,0.0091895,1825.6941074051906,0,0.0,
3360d814-a7e0-4cb6-90e9-6baac00bb485,2005,AES-128,encrypt,cpu_aesni,aesni,transform,bytes,CTR,16777216,9,16777216:CTR:9,50bf7b8fbb60fa2999319d6da93285657a6bffc0ea44fe216de6b906a072ac49,0,834,True,,,,,,,,,,,11026300,0.0110263,1521.5635344585219,15625000,1.417066468352938,
3360d814-a7e0-4cb6-90e9-6baac00bb485,2005,AES-128,encrypt,cuda_baseline,baseline,pipeline,pinned,CTR,16777216,9,16777216:CTR:9,50bf7b8fbb60fa2999319d6da93285657a6bffc0ea44fe216de6b906a072ac49,1,835,True,,4420.454346744441,1167.8743665422955,0.0037953600883483887,0.0143656,5200600,3795360.0883483887,5252300,10452900,14365600,,,,,,
3360d814-a7e0-4cb6-90e9-6baac00bb485,2005,AES-128,encrypt,cuda_optimized_v1,optimized,pipeline,pinned,CTR,16777216,9,16777216:CTR:9,50bf7b8fbb60fa2999319d6da93285657a6bffc0ea44fe216de6b906a072ac49,2,836,True,,4408.152200022551,1157.2968013851237,0.0038059520721435546,0.0144969,5356700,3805952.0721435547,5187800,10544500,14496900,,,,,,
3360d814-a7e0-4cb6-90e9-6baac00bb485,2005,AES-128,encrypt,cuda_optimized_v1,optimized,resident,pinned,CTR,16777216,9,16777216:CTR:9,50bf7b8fbb60fa2999319d6da93285657a6bffc0ea44fe216de6b906a072ac49,3,837,True,1,4432.488051385277,,0.0037850561141967772,,,3785056.1141967773,,,,,,,,,3785056.1141967773
3360d814-a7e0-4cb6-90e9-6baac00bb485,2005,AES-128,encrypt,cuda_baseline,baseline,resident,pinned,CTR,16777216,9,16777216:CTR:9,50bf7b8fbb60fa2999319d6da93285657a6bffc0ea44fe216de6b906a072ac49,4,838,True,1,4395.144616870711,,0.003817215919494629,,,3817215.919494629,,,,,,,,,3817215.919494629
3360d814-a7e0-4cb6-90e9-6baac00bb485,2005,AES-128,encrypt,cpu_software,software,transform,bytes,CTR,16777216,9,16777216:CTR:9,50bf7b8fbb60fa2999319d6da93285657a6bffc0ea44fe216de6b906a072ac49,5,839,True,,,,,,,,,,,63279100,0.0632791,265.1304459134216,62500000,0.9876878779881509,
3360d814-a7e0-4cb6-90e9-6baac00bb485,2005,AES-128,encrypt,cuda_baseline,baseline,pipeline,pinned,ECB,16777216,10,16777216:ECB:10,8bf8f8faaeb471e2dd7befd0a13a428e9ab2ffbe17e8cc57f44c5f1536764fc9,0,840,True,,4559.8192069507995,1180.1062131155613,0.0036793599128723143,0.0142167,5237000,3679359.9128723145,5200000,10437000,14216700,,,,,,
3360d814-a7e0-4cb6-90e9-6baac00bb485,2005,AES-128,encrypt,cpu_software,software,transform,bytes,ECB,16777216,10,16777216:ECB:10,8bf8f8faaeb471e2dd7befd0a13a428e9ab2ffbe17e8cc57f44c5f1536764fc9,1,841,True,,,,,,,,,,,60034300,0.0600343,279.4605084093593,62500000,1.0410715207806205,
3360d814-a7e0-4cb6-90e9-6baac00bb485,2005,AES-128,encrypt,cpu_aesni,aesni,transform,bytes,ECB,16777216,10,16777216:ECB:10,8bf8f8faaeb471e2dd7befd0a13a428e9ab2ffbe17e8cc57f44c5f1536764fc9,2,842,True,,,,,,,,,,,8712400,0.0087124,1925.6709976585098,15625000,1.7934208714016804,
3360d814-a7e0-4cb6-90e9-6baac00bb485,2005,AES-128,encrypt,cuda_optimized_v1,optimized,pipeline,pinned,ECB,16777216,10,16777216:ECB:10,8bf8f8faaeb471e2dd7befd0a13a428e9ab2ffbe17e8cc57f44c5f1536764fc9,3,843,True,,3161.751771037819,632.9376879227673,0.005306303977966309,0.0265069,10696800,5306303.977966309,10356900,21053700,26506900,,,,,,
3360d814-a7e0-4cb6-90e9-6baac00bb485,2005,AES-128,encrypt,cuda_optimized_v1,optimized,resident,pinned,ECB,16777216,10,16777216:ECB:10,8bf8f8faaeb471e2dd7befd0a13a428e9ab2ffbe17e8cc57f44c5f1536764fc9,4,844,True,1,3162.438360233369,,0.005305151939392089,,,5305151.93939209,,,,,,,,,5305151.93939209
3360d814-a7e0-4cb6-90e9-6baac00bb485,2005,AES-128,encrypt,cuda_baseline,baseline,resident,pinned,ECB,16777216,10,16777216:ECB:10,8bf8f8faaeb471e2dd7befd0a13a428e9ab2ffbe17e8cc57f44c5f1536764fc9,5,845,True,1,3157.1633252869474,,0.005314015865325928,,,5314015.865325928,,,,,,,,,5314015.865325928
3360d814-a7e0-4cb6-90e9-6baac00bb485,2005,AES-128,encrypt,cpu_aesni,aesni,transform,bytes,CTR,16777216,10,16777216:CTR:10,45846978a9786d4bcd32f6eb39cf5c998efce5302ac49ea08af215c223c62274,0,846,True,,,,,,,,,,,13015000,0.013015,1289.0676911256244,31250000,2.4010756819054935,
3360d814-a7e0-4cb6-90e9-6baac00bb485,2005,AES-128,encrypt,cuda_optimized_v1,optimized,resident,pinned,CTR,16777216,10,16777216:CTR:10,45846978a9786d4bcd32f6eb39cf5c998efce5302ac49ea08af215c223c62274,1,847,True,1,3202.736724228842,,0.005238399982452392,,,5238399.982452393,,,,,,,,,5238399.982452393
3360d814-a7e0-4cb6-90e9-6baac00bb485,2005,AES-128,encrypt,cuda_baseline,baseline,pipeline,pinned,CTR,16777216,10,16777216:CTR:10,45846978a9786d4bcd32f6eb39cf5c998efce5302ac49ea08af215c223c62274,2,848,True,,3171.5253049898984,645.2229426740814,0.005289951801300049,0.0260022,10380200,5289951.801300049,10205800,20586000,26002200,,,,,,
3360d814-a7e0-4cb6-90e9-6baac00bb485,2005,AES-128,encrypt,cpu_software,software,transform,bytes,CTR,16777216,10,16777216:CTR:10,45846978a9786d4bcd32f6eb39cf5c998efce5302ac49ea08af215c223c62274,3,849,True,,,,,,,,,,,64749900,0.0647499,259.1079831783524,78125000,1.2065655699854363,
3360d814-a7e0-4cb6-90e9-6baac00bb485,2005,AES-128,encrypt,cuda_optimized_v1,optimized,pipeline,pinned,CTR,16777216,10,16777216:CTR:10,45846978a9786d4bcd32f6eb39cf5c998efce5302ac49ea08af215c223c62274,4,850,True,,3236.9450245727935,645.8488663048081,0.005183040142059326,0.025977,10435900,5183040.142059326,10209500,20645400,25977000,,,,,,
3360d814-a7e0-4cb6-90e9-6baac00bb485,2005,AES-128,encrypt,cuda_baseline,baseline,resident,pinned,CTR,16777216,10,16777216:CTR:10,45846978a9786d4bcd32f6eb39cf5c998efce5302ac49ea08af215c223c62274,5,851,True,1,3240.987006512764,,0.005176576137542724,,,5176576.137542725,,,,,,,,,5176576.137542725
3360d814-a7e0-4cb6-90e9-6baac00bb485,2005,AES-128,encrypt,cpu_software,software,transform,bytes,ECB,16777216,11,16777216:ECB:11,3eb991af5abb6711281803cc6e3835ff3fc9e29a9b1dd43e431e5e0a13a21031,0,852,True,,,,,,,,,,,57480700,0.0574807,291.8756382577109,62500000,1.0873214835588294,
3360d814-a7e0-4cb6-90e9-6baac00bb485,2005,AES-128,encrypt,cuda_baseline,baseline,resident,pinned,ECB,16777216,11,16777216:ECB:11,3eb991af5abb6711281803cc6e3835ff3fc9e29a9b1dd43e431e5e0a13a21031,1,853,True,1,2907.0101289717627,,0.00577129602432251,,,5771296.02432251,,,,,,,,,5771296.02432251
3360d814-a7e0-4cb6-90e9-6baac00bb485,2005,AES-128,encrypt,cuda_baseline,baseline,pipeline,pinned,ECB,16777216,11,16777216:ECB:11,3eb991af5abb6711281803cc6e3835ff3fc9e29a9b1dd43e431e5e0a13a21031,2,854,True,,2950.9421199785493,628.8335413551025,0.005685376167297363,0.0266799,10562500,5685376.167297363,10318300,20880800,26679900,,,,,,
3360d814-a7e0-4cb6-90e9-6baac00bb485,2005,AES-128,encrypt,cpu_aesni,aesni,transform,bytes,ECB,16777216,11,16777216:ECB:11,3eb991af5abb6711281803cc6e3835ff3fc9e29a9b1dd43e431e5e0a13a21031,3,855,True,,,,,,,,,,,8938500,0.0089385,1876.9610113553729,0,0.0,
3360d814-a7e0-4cb6-90e9-6baac00bb485,2005,AES-128,encrypt,cuda_optimized_v1,optimized,resident,pinned,ECB,16777216,11,16777216:ECB:11,3eb991af5abb6711281803cc6e3835ff3fc9e29a9b1dd43e431e5e0a13a21031,4,856,True,1,2942.413066707455,,0.005701856136322021,,,5701856.1363220215,,,,,,,,,5701856.1363220215
3360d814-a7e0-4cb6-90e9-6baac00bb485,2005,AES-128,encrypt,cuda_optimized_v1,optimized,pipeline,pinned,ECB,16777216,11,16777216:ECB:11,3eb991af5abb6711281803cc6e3835ff3fc9e29a9b1dd43e431e5e0a13a21031,5,857,True,,2995.8799498641592,632.660821690518,0.005600096225738526,0.0265185,10649100,5600096.225738525,10128500,20777600,26518500,,,,,,
3360d814-a7e0-4cb6-90e9-6baac00bb485,2005,AES-128,encrypt,cuda_optimized_v1,optimized,pipeline,pinned,CTR,16777216,11,16777216:CTR:11,f89696b2d2c76ef574839d01ac7b8c00311a37c539591f829a2a5bc042ee5100,0,858,True,,3755.9944690654147,1116.3599826995376,0.004466784000396728,0.0150285,5208900,4466784.0003967285,5236700,10445600,15028500,,,,,,
3360d814-a7e0-4cb6-90e9-6baac00bb485,2005,AES-128,encrypt,cpu_software,software,transform,bytes,CTR,16777216,11,16777216:CTR:11,f89696b2d2c76ef574839d01ac7b8c00311a37c539591f829a2a5bc042ee5100,1,859,True,,,,,,,,,,,65903200,0.0659032,254.5736170626009,78125000,1.185450782359582,
3360d814-a7e0-4cb6-90e9-6baac00bb485,2005,AES-128,encrypt,cuda_baseline,baseline,pipeline,pinned,CTR,16777216,11,16777216:CTR:11,f89696b2d2c76ef574839d01ac7b8c00311a37c539591f829a2a5bc042ee5100,2,860,True,,3746.7878150211336,1117.4678957744977,0.004477759838104248,0.0150136,5207000,4477759.838104248,5206600,10413600,15013600,,,,,,
3360d814-a7e0-4cb6-90e9-6baac00bb485,2005,AES-128,encrypt,cuda_baseline,baseline,resident,pinned,CTR,16777216,11,16777216:CTR:11,f89696b2d2c76ef574839d01ac7b8c00311a37c539591f829a2a5bc042ee5100,3,861,True,1,3905.71849006147,,0.004295551776885986,,,4295551.776885986,,,,,,,,,4295551.776885986
3360d814-a7e0-4cb6-90e9-6baac00bb485,2005,AES-128,encrypt,cuda_optimized_v1,optimized,resident,pinned,CTR,16777216,11,16777216:CTR:11,f89696b2d2c76ef574839d01ac7b8c00311a37c539591f829a2a5bc042ee5100,4,862,True,1,3910.3209742126483,,0.004290495872497559,,,4290495.872497559,,,,,,,,,4290495.872497559
3360d814-a7e0-4cb6-90e9-6baac00bb485,2005,AES-128,encrypt,cpu_aesni,aesni,transform,bytes,CTR,16777216,11,16777216:CTR:11,f89696b2d2c76ef574839d01ac7b8c00311a37c539591f829a2a5bc042ee5100,5,863,True,,,,,,,,,,,21919000,0.021919,765.4188603494684,15625000,0.7128518636799124,
3360d814-a7e0-4cb6-90e9-6baac00bb485,2005,AES-128,encrypt,cpu_software,software,transform,bytes,ECB,16777216,12,16777216:ECB:12,67b895a10228742bdbb6a334c1e4eba873931705e33884a4533a68b19d4b6459,0,864,True,,,,,,,,,,,61326600,0.0613266,273.571598621153,62500000,1.019133622278098,
3360d814-a7e0-4cb6-90e9-6baac00bb485,2005,AES-128,encrypt,cuda_optimized_v1,optimized,resident,pinned,ECB,16777216,12,16777216:ECB:12,67b895a10228742bdbb6a334c1e4eba873931705e33884a4533a68b19d4b6459,1,865,True,1,3881.171068861929,,0.0043227200508117675,,,4322720.050811768,,,,,,,,,4322720.050811768
3360d814-a7e0-4cb6-90e9-6baac00bb485,2005,AES-128,encrypt,cpu_aesni,aesni,transform,bytes,ECB,16777216,12,16777216:ECB:12,67b895a10228742bdbb6a334c1e4eba873931705e33884a4533a68b19d4b6459,2,866,True,,,,,,,,,,,8595100,0.0085951,1951.9512280252702,0,0.0,
3360d814-a7e0-4cb6-90e9-6baac00bb485,2005,AES-128,encrypt,cuda_baseline,baseline,resident,pinned,ECB,16777216,12,16777216:ECB:12,67b895a10228742bdbb6a334c1e4eba873931705e33884a4533a68b19d4b6459,3,867,True,1,3866.202511404265,,0.004339456081390381,,,4339456.081390381,,,,,,,,,4339456.081390381
3360d814-a7e0-4cb6-90e9-6baac00bb485,2005,AES-128,encrypt,cuda_optimized_v1,optimized,pipeline,pinned,ECB,16777216,12,16777216:ECB:12,67b895a10228742bdbb6a334c1e4eba873931705e33884a4533a68b19d4b6459,4,868,True,,3875.5766339514503,1131.073687049147,0.004328959941864013,0.014833,5206500,4328959.941864014,5184700,10391200,14833000,,,,,,
3360d814-a7e0-4cb6-90e9-6baac00bb485,2005,AES-128,encrypt,cuda_baseline,baseline,pipeline,pinned,ECB,16777216,12,16777216:ECB:12,67b895a10228742bdbb6a334c1e4eba873931705e33884a4533a68b19d4b6459,5,869,True,,3815.8900345558677,1124.49335781981,0.004396671772003174,0.0149198,5282600,4396671.772003174,5144400,10427000,14919800,,,,,,
3360d814-a7e0-4cb6-90e9-6baac00bb485,2005,AES-128,encrypt,cpu_aesni,aesni,transform,bytes,CTR,16777216,12,16777216:CTR:12,8a17303214cf0a4b5e44bd1399a0b81da19de6689a37f0afccc9081c5b4981b6,0,870,True,,,,,,,,,,,11021800,0.0110218,1522.1847611098005,15625000,1.4176450307572266,
3360d814-a7e0-4cb6-90e9-6baac00bb485,2005,AES-128,encrypt,cuda_baseline,baseline,resident,pinned,CTR,16777216,12,16777216:CTR:12,8a17303214cf0a4b5e44bd1399a0b81da19de6689a37f0afccc9081c5b4981b6,1,871,True,1,3736.6667688509892,,0.004489888191223144,,,4489888.1912231445,,,,,,,,,4489888.1912231445
3360d814-a7e0-4cb6-90e9-6baac00bb485,2005,AES-128,encrypt,cuda_optimized_v1,optimized,pipeline,pinned,CTR,16777216,12,16777216:CTR:12,8a17303214cf0a4b5e44bd1399a0b81da19de6689a37f0afccc9081c5b4981b6,2,872,True,,3723.6627873806165,1096.034284519703,0.004505568027496338,0.0153072,5429800,4505568.027496338,5257500,10687300,15307200,,,,,,
3360d814-a7e0-4cb6-90e9-6baac00bb485,2005,AES-128,encrypt,cuda_baseline,baseline,pipeline,pinned,CTR,16777216,12,16777216:CTR:12,8a17303214cf0a4b5e44bd1399a0b81da19de6689a37f0afccc9081c5b4981b6,3,873,True,,3862.1869060506406,1116.3896966349705,0.0043439679145812985,0.0150281,5364900,4343967.914581299,5203300,10568200,15028100,,,,,,
3360d814-a7e0-4cb6-90e9-6baac00bb485,2005,AES-128,encrypt,cuda_optimized_v1,optimized,resident,pinned,CTR,16777216,12,16777216:CTR:12,8a17303214cf0a4b5e44bd1399a0b81da19de6689a37f0afccc9081c5b4981b6,4,874,True,1,3799.8765883499764,,0.0044152002334594724,,,4415200.233459473,,,,,,,,,4415200.233459473
3360d814-a7e0-4cb6-90e9-6baac00bb485,2005,AES-128,encrypt,cpu_software,software,transform,bytes,CTR,16777216,12,16777216:CTR:12,8a17303214cf0a4b5e44bd1399a0b81da19de6689a37f0afccc9081c5b4981b6,5,875,True,,,,,,,,,,,63567500,0.0635675,263.9275730522673,62500000,0.9832068273882094,
3360d814-a7e0-4cb6-90e9-6baac00bb485,2005,AES-128,encrypt,cpu_software,software,transform,bytes,ECB,16777216,13,16777216:ECB:13,4fa79133380e255ef527db60f62935ba8c0f037390f6c064eeecfc3afb3ffcd7,0,876,True,,,,,,,,,,,61179600,0.0611796,274.22892598186326,62500000,1.0215823575178655,
3360d814-a7e0-4cb6-90e9-6baac00bb485,2005,AES-128,encrypt,cpu_aesni,aesni,transform,bytes,ECB,16777216,13,16777216:ECB:13,4fa79133380e255ef527db60f62935ba8c0f037390f6c064eeecfc3afb3ffcd7,1,877,True,,,,,,,,,,,8502300,0.0085023,1973.2561777401409,0,0.0,
3360d814-a7e0-4cb6-90e9-6baac00bb485,2005,AES-128,encrypt,cuda_baseline,baseline,resident,pinned,ECB,16777216,13,16777216:ECB:13,4fa79133380e255ef527db60f62935ba8c0f037390f6c064eeecfc3afb3ffcd7,2,878,True,1,3885.025066100379,,0.004318431854248047,,,4318431.854248047,,,,,,,,,4318431.854248047
3360d814-a7e0-4cb6-90e9-6baac00bb485,2005,AES-128,encrypt,cuda_optimized_v1,optimized,resident,pinned,ECB,16777216,13,16777216:ECB:13,4fa79133380e255ef527db60f62935ba8c0f037390f6c064eeecfc3afb3ffcd7,3,879,True,1,3879.476841677031,,0.004324607849121094,,,4324607.849121094,,,,,,,,,4324607.849121094
3360d814-a7e0-4cb6-90e9-6baac00bb485,2005,AES-128,encrypt,cuda_optimized_v1,optimized,pipeline,pinned,ECB,16777216,13,16777216:ECB:13,4fa79133380e255ef527db60f62935ba8c0f037390f6c064eeecfc3afb3ffcd7,4,880,True,,3798.7479605139097,1076.2145345145004,0.004416512012481689,0.0155891,5836500,4416512.012481689,5190400,11026900,15589100,,,,,,
3360d814-a7e0-4cb6-90e9-6baac00bb485,2005,AES-128,encrypt,cuda_baseline,baseline,pipeline,pinned,ECB,16777216,13,16777216:ECB:13,4fa79133380e255ef527db60f62935ba8c0f037390f6c064eeecfc3afb3ffcd7,5,881,True,,3900.488064563126,1117.6167763596152,0.00430131196975708,0.0150116,5403800,4301311.96975708,5195400,10599200,15011600,,,,,,
3360d814-a7e0-4cb6-90e9-6baac00bb485,2005,AES-128,encrypt,cpu_software,software,transform,bytes,CTR,16777216,13,16777216:CTR:13,c38f7fbb24349a2ad3094829b62a1fb3457972627fd14834b6d1c5640dbd8515,0,882,True,,,,,,,,,,,62059500,0.0620595,270.3408180858692,62500000,1.0070980268935457,
3360d814-a7e0-4cb6-90e9-6baac00bb485,2005,AES-128,encrypt,cpu_aesni,aesni,transform,bytes,CTR,16777216,13,16777216:CTR:13,c38f7fbb24349a2ad3094829b62a1fb3457972627fd14834b6d1c5640dbd8515,1,883,True,,,,,,,,,,,11229200,0.0112292,1494.070459160047,15625000,1.3914615466818652,
3360d814-a7e0-4cb6-90e9-6baac00bb485,2005,AES-128,encrypt,cuda_optimized_v1,optimized,pipeline,pinned,CTR,16777216,13,16777216:CTR:13,c38f7fbb24349a2ad3094829b62a1fb3457972627fd14834b6d1c5640dbd8515,2,884,True,,3826.9756388375617,1126.4034375104904,0.004383935928344727,0.0148945,5314800,4383935.928344727,5095100,10409900,14894500,,,,,,
3360d814-a7e0-4cb6-90e9-6baac00bb485,2005,AES-128,encrypt,cuda_baseline,baseline,resident,pinned,CTR,16777216,13,16777216:CTR:13,c38f7fbb24349a2ad3094829b62a1fb3457972627fd14834b6d1c5640dbd8515,3,885,True,1,3785.801081501892,,0.004431615829467774,,,4431615.829467773,,,,,,,,,4431615.829467773
3360d814-a7e0-4cb6-90e9-6baac00bb485,2005,AES-128,encrypt,cuda_optimized_v1,optimized,resident,pinned,CTR,16777216,13,16777216:CTR:13,c38f7fbb24349a2ad3094829b62a1fb3457972627fd14834b6d1c5640dbd8515,4,886,True,1,3842.8804619306666,,0.004365791797637939,,,4365791.797637939,,,,,,,,,4365791.797637939
3360d814-a7e0-4cb6-90e9-6baac00bb485,2005,AES-128,encrypt,cuda_baseline,baseline,pipeline,pinned,CTR,16777216,13,16777216:CTR:13,c38f7fbb24349a2ad3094829b62a1fb3457972627fd14834b6d1c5640dbd8515,5,887,True,,3856.1930610994746,1090.7824639650476,0.004350719928741455,0.0153809,5499100,4350719.928741455,5443700,10942800,15380900,,,,,,
3360d814-a7e0-4cb6-90e9-6baac00bb485,2005,AES-128,encrypt,cuda_baseline,baseline,resident,pinned,CTR,16777216,14,16777216:CTR:14,404131c377577238b09781e94560fb57c420d3795bb71514d47f2bce901855a4,0,888,True,1,3743.871432068031,,0.004481247901916504,,,4481247.901916504,,,,,,,,,4481247.901916504
3360d814-a7e0-4cb6-90e9-6baac00bb485,2005,AES-128,encrypt,cuda_baseline,baseline,pipeline,pinned,CTR,16777216,14,16777216:CTR:14,404131c377577238b09781e94560fb57c420d3795bb71514d47f2bce901855a4,1,889,True,,3858.378064943852,1111.6555018850922,0.004348256111145019,0.0150921,5366000,4348256.1111450195,5263700,10629700,15092100,,,,,,
3360d814-a7e0-4cb6-90e9-6baac00bb485,2005,AES-128,encrypt,cpu_aesni,aesni,transform,bytes,CTR,16777216,14,16777216:CTR:14,404131c377577238b09781e94560fb57c420d3795bb71514d47f2bce901855a4,2,890,True,,,,,,,,,,,11906900,0.0119069,1409.0330816585342,15625000,1.3122643173286077,
3360d814-a7e0-4cb6-90e9-6baac00bb485,2005,AES-128,encrypt,cpu_software,software,transform,bytes,CTR,16777216,14,16777216:CTR:14,404131c377577238b09781e94560fb57c420d3795bb71514d47f2bce901855a4,3,891,True,,,,,,,,,,,62553400,0.0625534,268.20630053682135,62500000,0.999146329376181,
3360d814-a7e0-4cb6-90e9-6baac00bb485,2005,AES-128,encrypt,cuda_optimized_v1,optimized,resident,pinned,CTR,16777216,14,16777216:CTR:14,404131c377577238b09781e94560fb57c420d3795bb71514d47f2bce901855a4,4,892,True,1,2865.2592447349666,,0.00585539197921753,,,5855391.979217529,,,,,,,,,5855391.979217529
3360d814-a7e0-4cb6-90e9-6baac00bb485,2005,AES-128,encrypt,cuda_optimized_v1,optimized,pipeline,pinned,CTR,16777216,14,16777216:CTR:14,404131c377577238b09781e94560fb57c420d3795bb71514d47f2bce901855a4,5,893,True,,2861.693444236771,631.5914378430472,0.0058626880645751955,0.0265634,10375700,5862688.064575195,10180900,20556600,26563400,,,,,,
3360d814-a7e0-4cb6-90e9-6baac00bb485,2005,AES-128,encrypt,cpu_software,software,transform,bytes,ECB,16777216,14,16777216:ECB:14,403cb231122c48b20c7fae7376889aa617bcd20b90ebf197ad611a34c843a890,0,894,True,,,,,,,,,,,59444400,0.0594444,282.2337512028046,62500000,1.0514026552543216,
3360d814-a7e0-4cb6-90e9-6baac00bb485,2005,AES-128,encrypt,cpu_aesni,aesni,transform,bytes,ECB,16777216,14,16777216:ECB:14,403cb231122c48b20c7fae7376889aa617bcd20b90ebf197ad611a34c843a890,1,895,True,,,,,,,,,,,8599100,0.0085991,1951.0432487120745,15625000,1.8170506215766766,
3360d814-a7e0-4cb6-90e9-6baac00bb485,2005,AES-128,encrypt,cuda_optimized_v1,optimized,resident,pinned,ECB,16777216,14,16777216:ECB:14,403cb231122c48b20c7fae7376889aa617bcd20b90ebf197ad611a34c843a890,2,896,True,1,2840.8226097530646,,0.005905759811401367,,,5905759.811401367,,,,,,,,,5905759.811401367
3360d814-a7e0-4cb6-90e9-6baac00bb485,2005,AES-128,encrypt,cuda_baseline,baseline,pipeline,pinned,ECB,16777216,14,16777216:ECB:14,403cb231122c48b20c7fae7376889aa617bcd20b90ebf197ad611a34c843a890,3,897,True,,2861.271756855627,627.6807500495718,0.0058635520935058595,0.0267289,10343100,5863552.093505859,10413800,20756900,26728900,,,,,,
3360d814-a7e0-4cb6-90e9-6baac00bb485,2005,AES-128,encrypt,cuda_baseline,baseline,resident,pinned,ECB,16777216,14,16777216:ECB:14,403cb231122c48b20c7fae7376889aa617bcd20b90ebf197ad611a34c843a890,4,898,True,1,2959.1867241737277,,0.005669536113739014,,,5669536.113739014,,,,,,,,,5669536.113739014
3360d814-a7e0-4cb6-90e9-6baac00bb485,2005,AES-128,encrypt,cuda_optimized_v1,optimized,pipeline,pinned,ECB,16777216,14,16777216:ECB:14,403cb231122c48b20c7fae7376889aa617bcd20b90ebf197ad611a34c843a890,5,899,True,,2815.0900551924315,617.6314065042446,0.005959743976593017,0.0271638,10796400,5959743.976593018,10263900,21060300,27163800,,,,,,
3360d814-a7e0-4cb6-90e9-6baac00bb485,2005,AES-128,encrypt,cpu_software,software,transform,bytes,ECB,16777216,15,16777216:ECB:15,a6d8b1da830b86dcdbb130177ff11706a5327ae666099a551abe2231e15a59b0,0,900,True,,,,,,,,,,,58339700,0.0583397,287.5780300550054,46875000,0.8034837340610254,
3360d814-a7e0-4cb6-90e9-6baac00bb485,2005,AES-128,encrypt,cpu_aesni,aesni,transform,bytes,ECB,16777216,15,16777216:ECB:15,a6d8b1da830b86dcdbb130177ff11706a5327ae666099a551abe2231e15a59b0,1,901,True,,,,,,,,,,,8367900,0.0083679,2004.949389930568,0,0.0,
3360d814-a7e0-4cb6-90e9-6baac00bb485,2005,AES-128,encrypt,cuda_baseline,baseline,resident,pinned,ECB,16777216,15,16777216:ECB:15,a6d8b1da830b86dcdbb130177ff11706a5327ae666099a551abe2231e15a59b0,2,902,True,1,2694.5567977166966,,0.006226336002349854,,,6226336.0023498535,,,,,,,,,6226336.0023498535
3360d814-a7e0-4cb6-90e9-6baac00bb485,2005,AES-128,encrypt,cuda_optimized_v1,optimized,pipeline,pinned,ECB,16777216,15,16777216:ECB:15,a6d8b1da830b86dcdbb130177ff11706a5327ae666099a551abe2231e15a59b0,3,903,True,,2609.6185118991752,610.8736068277727,0.006428991794586182,0.0274643,10500100,6428991.794586182,10392200,20892300,27464300,,,,,,
3360d814-a7e0-4cb6-90e9-6baac00bb485,2005,AES-128,encrypt,cuda_baseline,baseline,pipeline,pinned,ECB,16777216,15,16777216:ECB:15,a6d8b1da830b86dcdbb130177ff11706a5327ae666099a551abe2231e15a59b0,4,904,True,,2758.6409954800133,622.4365124415209,0.006081696033477783,0.0269541,10526400,6081696.033477783,10199200,20725600,26954100,,,,,,
3360d814-a7e0-4cb6-90e9-6baac00bb485,2005,AES-128,encrypt,cuda_optimized_v1,optimized,resident,pinned,ECB,16777216,15,16777216:ECB:15,a6d8b1da830b86dcdbb130177ff11706a5327ae666099a551abe2231e15a59b0,5,905,True,1,2695.4987461767055,,0.006224160194396973,,,6224160.194396973,,,,,,,,,6224160.194396973
3360d814-a7e0-4cb6-90e9-6baac00bb485,2005,AES-128,encrypt,cpu_software,software,transform,bytes,CTR,16777216,15,16777216:CTR:15,bf12385865097016bbd1aae3ce5ad3cc790b6c1d24c69825a3d3145cc8e71f32,0,906,True,,,,,,,,,,,61086500,0.0610865,274.6468696029401,62500000,1.023139318834767,
3360d814-a7e0-4cb6-90e9-6baac00bb485,2005,AES-128,encrypt,cuda_baseline,baseline,pipeline,pinned,CTR,16777216,15,16777216:CTR:15,bf12385865097016bbd1aae3ce5ad3cc790b6c1d24c69825a3d3145cc8e71f32,1,907,True,,3078.035842049371,638.1887343659657,0.005450623989105225,0.0262888,10400900,5450623.989105225,10274300,20675200,26288800,,,,,,
3360d814-a7e0-4cb6-90e9-6baac00bb485,2005,AES-128,encrypt,cpu_aesni,aesni,transform,bytes,CTR,16777216,15,16777216:CTR:15,bf12385865097016bbd1aae3ce5ad3cc790b6c1d24c69825a3d3145cc8e71f32,2,908,True,,,,,,,,,,,12538100,0.0125381,1338.0987549947758,15625000,1.2462015775915012,
3360d814-a7e0-4cb6-90e9-6baac00bb485,2005,AES-128,encrypt,cuda_baseline,baseline,resident,pinned,CTR,16777216,15,16777216:CTR:15,bf12385865097016bbd1aae3ce5ad3cc790b6c1d24c69825a3d3145cc8e71f32,3,909,True,1,3081.817346341226,,0.005443935871124268,,,5443935.871124268,,,,,,,,,5443935.871124268
3360d814-a7e0-4cb6-90e9-6baac00bb485,2005,AES-128,encrypt,cuda_optimized_v1,optimized,resident,pinned,CTR,16777216,15,16777216:CTR:15,bf12385865097016bbd1aae3ce5ad3cc790b6c1d24c69825a3d3145cc8e71f32,4,910,True,1,3078.1624069421696,,0.005450399875640869,,,5450399.875640869,,,,,,,,,5450399.875640869
3360d814-a7e0-4cb6-90e9-6baac00bb485,2005,AES-128,encrypt,cuda_optimized_v1,optimized,pipeline,pinned,CTR,16777216,15,16777216:CTR:15,bf12385865097016bbd1aae3ce5ad3cc790b6c1d24c69825a3d3145cc8e71f32,5,911,True,,3142.9684541484216,645.2279055457273,0.005338016033172607,0.026002,10386500,5338016.033172607,10164800,20551300,26002000,,,,,,
3360d814-a7e0-4cb6-90e9-6baac00bb485,2005,AES-128,encrypt,cuda_optimized_v1,optimized,resident,pinned,CTR,16777216,16,16777216:CTR:16,999be8c155f2471840e4c2163d71320fdd344aaa3691189e2a5ef8fea9f89b45,0,912,True,1,4147.454216738026,,0.004045184135437012,,,4045184.1354370117,,,,,,,,,4045184.1354370117
3360d814-a7e0-4cb6-90e9-6baac00bb485,2005,AES-128,encrypt,cuda_baseline,baseline,resident,pinned,CTR,16777216,16,16777216:CTR:16,999be8c155f2471840e4c2163d71320fdd344aaa3691189e2a5ef8fea9f89b45,1,913,True,1,4144.995079617723,,0.004047584056854248,,,4047584.056854248,,,,,,,,,4047584.056854248
3360d814-a7e0-4cb6-90e9-6baac00bb485,2005,AES-128,encrypt,cpu_aesni,aesni,transform,bytes,CTR,16777216,16,16777216:CTR:16,999be8c155f2471840e4c2163d71320fdd344aaa3691189e2a5ef8fea9f89b45,2,914,True,,,,,,,,,,,11570600,0.0115706,1449.986690404992,15625000,1.3504053376661538,
3360d814-a7e0-4cb6-90e9-6baac00bb485,2005,AES-128,encrypt,cuda_baseline,baseline,pipeline,pinned,CTR,16777216,16,16777216:CTR:16,999be8c155f2471840e4c2163d71320fdd344aaa3691189e2a5ef8fea9f89b45,3,915,True,,4004.6132794631435,1145.6716744059,0.004189472198486328,0.014644,5207700,4189472.198486328,5151800,10359500,14644000,,,,,,
3360d814-a7e0-4cb6-90e9-6baac00bb485,2005,AES-128,encrypt,cpu_software,software,transform,bytes,CTR,16777216,16,16777216:CTR:16,999be8c155f2471840e4c2163d71320fdd344aaa3691189e2a5ef8fea9f89b45,4,916,True,,,,,,,,,,,62631300,0.0626313,267.8727090129057,62500000,0.9979036041084889,
3360d814-a7e0-4cb6-90e9-6baac00bb485,2005,AES-128,encrypt,cuda_optimized_v1,optimized,pipeline,pinned,CTR,16777216,16,16777216:CTR:16,999be8c155f2471840e4c2163d71320fdd344aaa3691189e2a5ef8fea9f89b45,5,917,True,,3967.0400109178136,1125.6325856944454,0.004229152202606201,0.0149047,5259600,4229152.202606201,5289100,10548700,14904700,,,,,,
3360d814-a7e0-4cb6-90e9-6baac00bb485,2005,AES-128,encrypt,cpu_aesni,aesni,transform,bytes,ECB,16777216,16,16777216:ECB:16,49b42fe864e1bb0bb55e874738d9d5f3a56d5de865cb0d94474b9d94ce04034b,0,918,True,,,,,,,,,,,8373100,0.0083731,2003.7042433507304,15625000,1.8660949946853616,
3360d814-a7e0-4cb6-90e9-6baac00bb485,2005,AES-128,encrypt,cuda_baseline,baseline,resident,pinned,ECB,16777216,16,16777216:ECB:16,49b42fe864e1bb0bb55e874738d9d5f3a56d5de865cb0d94474b9d94ce04034b,1,919,True,1,4060.722308903395,,0.0041315841674804685,,,4131584.1674804688,,,,,,,,,4131584.1674804688
3360d814-a7e0-4cb6-90e9-6baac00bb485,2005,AES-128,encrypt,cuda_optimized_v1,optimized,resident,pinned,ECB,16777216,16,16777216:ECB:16,49b42fe864e1bb0bb55e874738d9d5f3a56d5de865cb0d94474b9d94ce04034b,2,920,True,1,4051.6846993554846,,0.004140799999237061,,,4140799.9992370605,,,,,,,,,4140799.9992370605
3360d814-a7e0-4cb6-90e9-6baac00bb485,2005,AES-128,encrypt,cpu_software,software,transform,bytes,ECB,16777216,16,16777216:ECB:16,49b42fe864e1bb0bb55e874738d9d5f3a56d5de865cb0d94474b9d94ce04034b,3,921,True,,,,,,,,,,,61309800,0.0613098,273.646562213545,62500000,1.0194128834215737,
3360d814-a7e0-4cb6-90e9-6baac00bb485,2005,AES-128,encrypt,cuda_baseline,baseline,pipeline,pinned,ECB,16777216,16,16777216:ECB:16,49b42fe864e1bb0bb55e874738d9d5f3a56d5de865cb0d94474b9d94ce04034b,4,922,True,,4083.398693501715,1150.314091971834,0.004108640193939209,0.0145849,5240300,4108640.193939209,5136300,10376600,14584900,,,,,,
3360d814-a7e0-4cb6-90e9-6baac00bb485,2005,AES-128,encrypt,cuda_optimized_v1,optimized,pipeline,pinned,ECB,16777216,16,16777216:ECB:16,49b42fe864e1bb0bb55e874738d9d5f3a56d5de865cb0d94474b9d94ce04034b,5,923,True,,4220.912742193302,1143.8750937478694,0.003974783897399903,0.014667,5422400,3974783.8973999023,5140700,10563100,14667000,,,,,,
3360d814-a7e0-4cb6-90e9-6baac00bb485,2005,AES-128,encrypt,cpu_software,software,transform,bytes,ECB,16777216,17,16777216:ECB:17,34ac97f245978feee9cda374a8b85e41172277824007290378981cdc4f14a4f3,0,924,True,,,,,,,,,,,65610400,0.0656104,255.70970455903333,78125000,1.1907411020204115,
3360d814-a7e0-4cb6-90e9-6baac00bb485,2005,AES-128,encrypt,cuda_optimized_v1,optimized,pipeline,pinned,ECB,16777216,17,16777216:ECB:17,34ac97f245978feee9cda374a8b85e41172277824007290378981cdc4f14a4f3,1,925,True,,4121.7607652486195,1152.9623266489823,0.004070400238037109,0.0145514,5249000,4070400.2380371094,5113200,10362200,14551400,,,,,,
3360d814-a7e0-4cb6-90e9-6baac00bb485,2005,AES-128,encrypt,cuda_baseline,baseline,pipeline,pinned,ECB,16777216,17,16777216:ECB:17,34ac97f245978feee9cda374a8b85e41172277824007290378981cdc4f14a4f3,2,926,True,,4234.27558192627,1159.568441787331,0.003962239980697632,0.0144685,5238900,3962239.980697632,5136500,10375400,14468500,,,,,,
3360d814-a7e0-4cb6-90e9-6baac00bb485,2005,AES-128,encrypt,cuda_optimized_v1,optimized,resident,pinned,ECB,16777216,17,16777216:ECB:17,34ac97f245978feee9cda374a8b85e41172277824007290378981cdc4f14a4f3,3,927,True,1,4248.756108875639,,0.0039487359523773195,,,3948735.9523773193,,,,,,,,,3948735.9523773193
3360d814-a7e0-4cb6-90e9-6baac00bb485,2005,AES-128,encrypt,cuda_baseline,baseline,resident,pinned,ECB,16777216,17,16777216:ECB:17,34ac97f245978feee9cda374a8b85e41172277824007290378981cdc4f14a4f3,4,928,True,1,4239.274295681074,,0.003957567930221557,,,3957567.9302215576,,,,,,,,,3957567.9302215576
3360d814-a7e0-4cb6-90e9-6baac00bb485,2005,AES-128,encrypt,cpu_aesni,aesni,transform,bytes,ECB,16777216,17,16777216:ECB:17,34ac97f245978feee9cda374a8b85e41172277824007290378981cdc4f14a4f3,5,929,True,,,,,,,,,,,8780000,0.00878,1910.8446469248292,15625000,1.779612756264237,
3360d814-a7e0-4cb6-90e9-6baac00bb485,2005,AES-128,encrypt,cuda_optimized_v1,optimized,resident,pinned,CTR,16777216,17,16777216:CTR:17,bfd2513cc2957ff5cf260c6286c8ca5b5b8b29f19494603d6b3bfc6a92d26723,0,930,True,1,4015.932538072656,,0.004177663803100586,,,4177663.803100586,,,,,,,,,4177663.803100586
3360d814-a7e0-4cb6-90e9-6baac00bb485,2005,AES-128,encrypt,cuda_baseline,baseline,pipeline,pinned,CTR,16777216,17,16777216:CTR:17,bfd2513cc2957ff5cf260c6286c8ca5b5b8b29f19494603d6b3bfc6a92d26723,1,931,True,,4104.208284131764,1135.8058925476603,0.0040878081321716305,0.0147712,5416300,4087808.132171631,5170800,10587100,14771200,,,,,,
3360d814-a7e0-4cb6-90e9-6baac00bb485,2005,AES-128,encrypt,cpu_software,software,transform,bytes,CTR,16777216,17,16777216:CTR:17,bfd2513cc2957ff5cf260c6286c8ca5b5b8b29f19494603d6b3bfc6a92d26723,2,932,True,,,,,,,,,,,63541100,0.0635411,264.0372294467675,78125000,1.2295191616135068,
3360d814-a7e0-4cb6-90e9-6baac00bb485,2005,AES-128,encrypt,cuda_baseline,baseline,resident,pinned,CTR,16777216,17,16777216:CTR:17,bfd2513cc2957ff5cf260c6286c8ca5b5b8b29f19494603d6b3bfc6a92d26723,3,933,True,1,4037.2704706039353,,0.00415558385848999,,,4155583.8584899902,,,,,,,,,4155583.8584899902
3360d814-a7e0-4cb6-90e9-6baac00bb485,2005,AES-128,encrypt,cuda_optimized_v1,optimized,pipeline,pinned,CTR,16777216,17,16777216:CTR:17,bfd2513cc2957ff5cf260c6286c8ca5b5b8b29f19494603d6b3bfc6a92d26723,4,934,True,,4020.829386579961,1139.1606292903848,0.0041725759506225585,0.0147277,5284800,4172575.9506225586,5172300,10457100,14727700,,,,,,
3360d814-a7e0-4cb6-90e9-6baac00bb485,2005,AES-128,encrypt,cpu_aesni,aesni,transform,bytes,CTR,16777216,17,16777216:CTR:17,bfd2513cc2957ff5cf260c6286c8ca5b5b8b29f19494603d6b3bfc6a92d26723,5,935,True,,,,,,,,,,,11288600,0.0112886,1486.208741562284,15625000,1.3841397516078167,
3360d814-a7e0-4cb6-90e9-6baac00bb485,2005,AES-128,encrypt,cuda_baseline,baseline,pipeline,pinned,ECB,16777216,18,16777216:ECB:18,bbb5b427d94f8c9e4f39b68671bc4c5a5c679756c69462ecec7a8a34d8957ee2,0,936,True,,4040.3502620540894,1128.8286627418,0.004152416229248047,0.0148625,5344200,4152416.229248047,5203900,10548100,14862500,,,,,,
3360d814-a7e0-4cb6-90e9-6baac00bb485,2005,AES-128,encrypt,cuda_optimized_v1,optimized,pipeline,pinned,ECB,16777216,18,16777216:ECB:18,bbb5b427d94f8c9e4f39b68671bc4c5a5c679756c69462ecec7a8a34d8957ee2,1,937,True,,4077.206541496297,1137.9398378946655,0.004114880084991455,0.0147435,5202900,4114880.084991455,5287100,10490000,14743500,,,,,,
3360d814-a7e0-4cb6-90e9-6baac00bb485,2005,AES-128,encrypt,cpu_aesni,aesni,transform,bytes,ECB,16777216,18,16777216:ECB:18,bbb5b427d94f8c9e4f39b68671bc4c5a5c679756c69462ecec7a8a34d8957ee2,2,938,True,,,,,,,,,,,8486700,0.0084867,1976.8833586670908,15625000,1.8411160993083295,
3360d814-a7e0-4cb6-90e9-6baac00bb485,2005,AES-128,encrypt,cuda_baseline,baseline,resident,pinned,ECB,16777216,18,16777216:ECB:18,bbb5b427d94f8c9e4f39b68671bc4c5a5c679756c69462ecec7a8a34d8957ee2,3,939,True,1,4129.78012402731,,0.004062496185302735,,,4062496.1853027344,,,,,,,,,4062496.1853027344
3360d814-a7e0-4cb6-90e9-6baac00bb485,2005,AES-128,encrypt,cpu_software,software,transform,bytes,ECB,16777216,18,16777216:ECB:18,bbb5b427d94f8c9e4f39b68671bc4c5a5c679756c69462ecec7a8a34d8957ee2,4,940,True,,,,,,,,,,,59941800,0.0599418,279.8917616754919,62500000,1.042678064389124,
3360d814-a7e0-4cb6-90e9-6baac00bb485,2005,AES-128,encrypt,cuda_optimized_v1,optimized,resident,pinned,ECB,16777216,18,16777216:ECB:18,bbb5b427d94f8c9e4f39b68671bc4c5a5c679756c69462ecec7a8a34d8957ee2,5,941,True,1,4156.760096946567,,0.004036128044128418,,,4036128.044128418,,,,,,,,,4036128.044128418
3360d814-a7e0-4cb6-90e9-6baac00bb485,2005,AES-128,encrypt,cuda_baseline,baseline,resident,pinned,CTR,16777216,18,16777216:CTR:18,94fa9f2575e6a559a6fb3790e00802903fe1cf999c31f1fbbe4f858bfb847f39,0,942,True,1,4032.7365352314564,,0.004160255908966065,,,4160255.9089660645,,,,,,,,,4160255.9089660645
3360d814-a7e0-4cb6-90e9-6baac00bb485,2005,AES-128,encrypt,cuda_optimized_v1,optimized,pipeline,pinned,CTR,16777216,18,16777216:CTR:18,94fa9f2575e6a559a6fb3790e00802903fe1cf999c31f1fbbe4f858bfb847f39,1,943,True,,4043.2168341514907,1150.1484883800645,0.004149472236633301,0.014587,5204200,4149472.236633301,5142400,10346600,14587000,,,,,,
3360d814-a7e0-4cb6-90e9-6baac00bb485,2005,AES-128,encrypt,cuda_baseline,baseline,pipeline,pinned,CTR,16777216,18,16777216:CTR:18,94fa9f2575e6a559a6fb3790e00802903fe1cf999c31f1fbbe4f858bfb847f39,2,944,True,,3997.37738379416,1138.7894790429323,0.00419705581665039,0.0147325,5315600,4197055.816650391,5126200,10441800,14732500,,,,,,
3360d814-a7e0-4cb6-90e9-6baac00bb485,2005,AES-128,encrypt,cpu_software,software,transform,bytes,CTR,16777216,18,16777216:CTR:18,94fa9f2575e6a559a6fb3790e00802903fe1cf999c31f1fbbe4f858bfb847f39,3,945,True,,,,,,,,,,,63431000,0.063431,264.49553057653196,62500000,0.9853226340432911,
3360d814-a7e0-4cb6-90e9-6baac00bb485,2005,AES-128,encrypt,cpu_aesni,aesni,transform,bytes,CTR,16777216,18,16777216:CTR:18,94fa9f2575e6a559a6fb3790e00802903fe1cf999c31f1fbbe4f858bfb847f39,4,946,True,,,,,,,,,,,11525900,0.0115259,1455.6100608195457,15625000,1.3556425094786524,
3360d814-a7e0-4cb6-90e9-6baac00bb485,2005,AES-128,encrypt,cuda_optimized_v1,optimized,resident,pinned,CTR,16777216,18,16777216:CTR:18,94fa9f2575e6a559a6fb3790e00802903fe1cf999c31f1fbbe4f858bfb847f39,5,947,True,1,3081.038502226207,,0.005445312023162842,,,5445312.023162842,,,,,,,,,5445312.023162842
3360d814-a7e0-4cb6-90e9-6baac00bb485,2005,AES-128,encrypt,cpu_software,software,transform,bytes,ECB,16777216,19,16777216:ECB:19,602e4859cd70d227598d78608dbccd438cbcd68ab01b68ba4c437b32888bc383,0,948,True,,,,,,,,,,,59678100,0.0596781,281.12852118281245,62500000,1.047285352583276,
3360d814-a7e0-4cb6-90e9-6baac00bb485,2005,AES-128,encrypt,cuda_optimized_v1,optimized,resident,pinned,ECB,16777216,19,16777216:ECB:19,602e4859cd70d227598d78608dbccd438cbcd68ab01b68ba4c437b32888bc383,1,949,True,1,3006.1177821838482,,0.005581024169921875,,,5581024.169921875,,,,,,,,,5581024.169921875
3360d814-a7e0-4cb6-90e9-6baac00bb485,2005,AES-128,encrypt,cuda_baseline,baseline,resident,pinned,ECB,16777216,19,16777216:ECB:19,602e4859cd70d227598d78608dbccd438cbcd68ab01b68ba4c437b32888bc383,2,950,True,1,3001.2651933035236,,0.005590047836303711,,,5590047.836303711,,,,,,,,,5590047.836303711
3360d814-a7e0-4cb6-90e9-6baac00bb485,2005,AES-128,encrypt,cuda_baseline,baseline,pipeline,pinned,ECB,16777216,19,16777216:ECB:19,602e4859cd70d227598d78608dbccd438cbcd68ab01b68ba4c437b32888bc383,3,951,True,,3052.2497124737265,642.2245019828814,0.0054966721534729,0.0261236,10333400,5496672.1534729,10161800,20495200,26123600,,,,,,
3360d814-a7e0-4cb6-90e9-6baac00bb485,2005,AES-128,encrypt,cuda_optimized_v1,optimized,pipeline,pinned,ECB,16777216,19,16777216:ECB:19,602e4859cd70d227598d78608dbccd438cbcd68ab01b68ba4c437b32888bc383,4,952,True,,3034.811735139572,637.6769200947172,0.005528255939483643,0.0263099,10361000,5528255.939483643,10288900,20649900,26309900,,,,,,
3360d814-a7e0-4cb6-90e9-6baac00bb485,2005,AES-128,encrypt,cpu_aesni,aesni,transform,bytes,ECB,16777216,19,16777216:ECB:19,602e4859cd70d227598d78608dbccd438cbcd68ab01b68ba4c437b32888bc383,5,953,True,,,,,,,,,,,8848400,0.0088484,1896.073414402604,15625000,1.7658559739613942,
3360d814-a7e0-4cb6-90e9-6baac00bb485,2005,AES-128,encrypt,cuda_baseline,baseline,resident,pinned,CTR,16777216,19,16777216:CTR:19,6e316dadfdf4f4f808194c9d43afdc573c76295194294a80b4a145e88ddd7a12,0,954,True,1,2750.002605755608,,0.006100800037384033,,,6100800.037384033,,,,,,,,,6100800.037384033
3360d814-a7e0-4cb6-90e9-6baac00bb485,2005,AES-128,encrypt,cuda_baseline,baseline,pipeline,pinned,CTR,16777216,19,16777216:CTR:19,6e316dadfdf4f4f808194c9d43afdc573c76295194294a80b4a145e88ddd7a12,1,955,True,,2838.115861469403,628.0049859442787,0.005911392211914062,0.0267151,10508500,5911392.2119140625,10184100,20692600,26715100,,,,,,
3360d814-a7e0-4cb6-90e9-6baac00bb485,2005,AES-128,encrypt,cpu_software,software,transform,bytes,CTR,16777216,19,16777216:CTR:19,6e316dadfdf4f4f808194c9d43afdc573c76295194294a80b4a145e88ddd7a12,2,956,True,,,,,,,,,,,63186900,0.0631869,265.51731450664613,62500000,0.9891290758052698,
3360d814-a7e0-4cb6-90e9-6baac00bb485,2005,AES-128,encrypt,cuda_optimized_v1,optimized,resident,pinned,CTR,16777216,19,16777216:CTR:19,6e316dadfdf4f4f808194c9d43afdc573c76295194294a80b4a145e88ddd7a12,3,957,True,1,2763.4102472420186,,0.006071199893951416,,,6071199.893951416,,,,,,,,,6071199.893951416
3360d814-a7e0-4cb6-90e9-6baac00bb485,2005,AES-128,encrypt,cuda_optimized_v1,optimized,pipeline,pinned,CTR,16777216,19,16777216:CTR:19,6e316dadfdf4f4f808194c9d43afdc573c76295194294a80b4a145e88ddd7a12,4,958,True,,2820.481436662889,609.8366471593181,0.005948351860046387,0.027511,11282300,5948351.860046387,10162600,21444900,27511000,,,,,,
3360d814-a7e0-4cb6-90e9-6baac00bb485,2005,AES-128,encrypt,cpu_aesni,aesni,transform,bytes,CTR,16777216,19,16777216:CTR:19,6e316dadfdf4f4f808194c9d43afdc573c76295194294a80b4a145e88ddd7a12,5,959,True,,,,,,,,,,,11219200,0.0112192,1495.4021677124929,15625000,1.3927017969195665,
3360d814-a7e0-4cb6-90e9-6baac00bb485,2005,AES-128,encrypt,cuda_baseline,baseline,pipeline,pinned,ECB,33554432,0,33554432:ECB:0,813ad2cb49105c1c563f7f4ace97156ce218e750e46da70e31e767358f685ea4,0,960,True,,4756.589936483757,1190.9715340384753,0.007054304122924805,0.028174,10359000,7054304.122924805,10644900,21003900,28174000,,,,,,
3360d814-a7e0-4cb6-90e9-6baac00bb485,2005,AES-128,encrypt,cuda_optimized_v1,optimized,pipeline,pinned,ECB,33554432,0,33554432:ECB:0,813ad2cb49105c1c563f7f4ace97156ce218e750e46da70e31e767358f685ea4,1,961,True,,4767.337914065388,1213.4409072663034,0.0070384001731872555,0.0276523,10342300,7038400.173187256,10157100,20499400,27652300,,,,,,
3360d814-a7e0-4cb6-90e9-6baac00bb485,2005,AES-128,encrypt,cuda_optimized_v1,optimized,resident,pinned,ECB,33554432,0,33554432:ECB:0,813ad2cb49105c1c563f7f4ace97156ce218e750e46da70e31e767358f685ea4,2,962,True,1,4765.517985743689,,0.007041088104248047,,,7041088.104248047,,,,,,,,,7041088.104248047
3360d814-a7e0-4cb6-90e9-6baac00bb485,2005,AES-128,encrypt,cuda_baseline,baseline,resident,pinned,ECB,33554432,0,33554432:ECB:0,813ad2cb49105c1c563f7f4ace97156ce218e750e46da70e31e767358f685ea4,3,963,True,1,4858.837391942209,,0.006905856132507324,,,6905856.132507324,,,,,,,,,6905856.132507324
3360d814-a7e0-4cb6-90e9-6baac00bb485,2005,AES-128,encrypt,cpu_aesni,aesni,transform,bytes,ECB,33554432,0,33554432:ECB:0,813ad2cb49105c1c563f7f4ace97156ce218e750e46da70e31e767358f685ea4,4,964,True,,,,,,,,,,,17810000,0.01781,1884.0220101066816,15625000,0.8773161145423919,
3360d814-a7e0-4cb6-90e9-6baac00bb485,2005,AES-128,encrypt,cpu_software,software,transform,bytes,ECB,33554432,0,33554432:ECB:0,813ad2cb49105c1c563f7f4ace97156ce218e750e46da70e31e767358f685ea4,5,965,True,,,,,,,,,,,117906000,0.117906,284.5862975590725,125000000,1.0601665733720083,
3360d814-a7e0-4cb6-90e9-6baac00bb485,2005,AES-128,encrypt,cuda_optimized_v1,optimized,resident,pinned,CTR,33554432,0,33554432:CTR:0,a133a986dc37177614f96f075ba7a3a37ec9d2cb3c854e24ee9dd8b26ad4b990,0,966,True,1,6418.765878124096,,0.005227551937103271,,,5227551.9371032715,,,,,,,,,5227551.9371032715
3360d814-a7e0-4cb6-90e9-6baac00bb485,2005,AES-128,encrypt,cuda_optimized_v1,optimized,pipeline,pinned,CTR,33554432,0,33554432:CTR:0,a133a986dc37177614f96f075ba7a3a37ec9d2cb3c854e24ee9dd8b26ad4b990,1,967,True,,6342.1679297300125,2028.0340640544446,0.005290688037872315,0.0165453,5808700,5290688.037872314,5297500,11106200,16545300,,,,,,
3360d814-a7e0-4cb6-90e9-6baac00bb485,2005,AES-128,encrypt,cuda_baseline,baseline,pipeline,pinned,CTR,33554432,0,33554432:CTR:0,a133a986dc37177614f96f075ba7a3a37ec9d2cb3c854e24ee9dd8b26ad4b990,2,968,True,,6055.742410752065,2021.8385153048928,0.0055409278869628905,0.016596,5425200,5540927.886962891,5222200,10647400,16596000,,,,,,
3360d814-a7e0-4cb6-90e9-6baac00bb485,2005,AES-128,encrypt,cpu_aesni,aesni,transform,bytes,CTR,33554432,0,33554432:CTR:0,a133a986dc37177614f96f075ba7a3a37ec9d2cb3c854e24ee9dd8b26ad4b990,3,969,True,,,,,,,,,,,22838100,0.0228381,1469.2304526208397,31250000,1.3683274878383054,
3360d814-a7e0-4cb6-90e9-6baac00bb485,2005,AES-128,encrypt,cuda_baseline,baseline,resident,pinned,CTR,33554432,0,33554432:CTR:0,a133a986dc37177614f96f075ba7a3a37ec9d2cb3c854e24ee9dd8b26ad4b990,4,970,True,1,6443.100798984761,,0.005207808017730713,,,5207808.017730713,,,,,,,,,5207808.017730713
3360d814-a7e0-4cb6-90e9-6baac00bb485,2005,AES-128,encrypt,cpu_software,software,transform,bytes,CTR,33554432,0,33554432:CTR:0,a133a986dc37177614f96f075ba7a3a37ec9d2cb3c854e24ee9dd8b26ad4b990,5,971,True,,,,,,,,,,,127526500,0.1275265,263.11732855524144,125000000,0.980188431424057,
3360d814-a7e0-4cb6-90e9-6baac00bb485,2005,AES-128,encrypt,cuda_baseline,baseline,pipeline,pinned,ECB,33554432,1,33554432:ECB:1,34ae4e06430fbaccf6918e90abf2c96eb899816c9b0bf218098aef5b0f15ea6b,0,972,True,,6660.7549095347895,2137.851344980058,0.005037631988525391,0.0156954,5323100,5037631.988525391,5239900,10563000,15695400,,,,,,
3360d814-a7e0-4cb6-90e9-6baac00bb485,2005,AES-128,encrypt,cuda_optimized_v1,optimized,resident,pinned,ECB,33554432,1,33554432:ECB:1,34ae4e06430fbaccf6918e90abf2c96eb899816c9b0bf218098aef5b0f15ea6b,1,973,True,1,6673.13263485279,,0.0050282878875732425,,,5028287.887573242,,,,,,,,,5028287.887573242
3360d814-a7e0-4cb6-90e9-6baac00bb485,2005,AES-128,encrypt,cuda_baseline,baseline,resident,pinned,ECB,33554432,1,33554432:ECB:1,34ae4e06430fbaccf6918e90abf2c96eb899816c9b0bf218098aef5b0f15ea6b,2,974,True,1,6666.302021332736,,0.005033440113067627,,,5033440.113067627,,,,,,,,,5033440.113067627
3360d814-a7e0-4cb6-90e9-6baac00bb485,2005,AES-128,encrypt,cuda_optimized_v1,optimized,pipeline,pinned,ECB,33554432,1,33554432:ECB:1,34ae4e06430fbaccf6918e90abf2c96eb899816c9b0bf218098aef5b0f15ea6b,3,975,True,,6548.606395736452,2076.3752699550128,0.005123904228210449,0.0161601,5552300,5123904.228210449,5346900,10899200,16160100,,,,,,
3360d814-a7e0-4cb6-90e9-6baac00bb485,2005,AES-128,encrypt,cpu_software,software,transform,bytes,ECB,33554432,1,33554432:ECB:1,34ae4e06430fbaccf6918e90abf2c96eb899816c9b0bf218098aef5b0f15ea6b,4,976,True,,,,,,,,,,,119866100,0.1198661,279.93262482052893,125000000,1.0428302914668952,
3360d814-a7e0-4cb6-90e9-6baac00bb485,2005,AES-128,encrypt,cpu_aesni,aesni,transform,bytes,ECB,33554432,1,33554432:ECB:1,34ae4e06430fbaccf6918e90abf2c96eb899816c9b0bf218098aef5b0f15ea6b,5,977,True,,,,,,,,,,,17529800,0.0175298,1914.1366130817237,15625000,0.8913393193305115,
3360d814-a7e0-4cb6-90e9-6baac00bb485,2005,AES-128,encrypt,cuda_baseline,baseline,resident,pinned,CTR,33554432,1,33554432:CTR:1,f83568aa1f473d51b76f9174858c7e81c02032ebb56a691f8958686dfd747220,0,978,True,1,6447.1414912763685,,0.005204544067382812,,,5204544.0673828125,,,,,,,,,5204544.0673828125
3360d814-a7e0-4cb6-90e9-6baac00bb485,2005,AES-128,encrypt,cpu_aesni,aesni,transform,bytes,CTR,33554432,1,33554432:CTR:1,f83568aa1f473d51b76f9174858c7e81c02032ebb56a691f8958686dfd747220,1,979,True,,,,,,,,,,,23247900,0.0232479,1443.3317417917317,15625000,0.6721037168948594,
3360d814-a7e0-4cb6-90e9-6baac00bb485,2005,AES-128,encrypt,cpu_software,software,transform,bytes,CTR,33554432,1,33554432:CTR:1,f83568aa1f473d51b76f9174858c7e81c02032ebb56a691f8958686dfd747220,2,980,True,,,,,,,,,,,127498600,0.1274986,263.1749054499422,125000000,0.9804029220713012,
3360d814-a7e0-4cb6-90e9-6baac00bb485,2005,AES-128,encrypt,cuda_optimized_v1,optimized,resident,pinned,CTR,33554432,1,33554432:CTR:1,f83568aa1f473d51b76f9174858c7e81c02032ebb56a691f8958686dfd747220,3,981,True,1,4258.609005733762,,0.007879199981689454,,,7879199.981689453,,,,,,,,,7879199.981689453
3360d814-a7e0-4cb6-90e9-6baac00bb485,2005,AES-128,encrypt,cuda_baseline,baseline,pipeline,pinned,CTR,33554432,1,33554432:CTR:1,f83568aa1f473d51b76f9174858c7e81c02032ebb56a691f8958686dfd747220,4,982,True,,4248.8420492804435,1172.3137123371905,0.007897312164306641,0.0286224,10418900,7897312.164306641,10196800,20615700,28622400,,,,,,
3360d814-a7e0-4cb6-90e9-6baac00bb485,2005,AES-128,encrypt,cuda_optimized_v1,optimized,pipeline,pinned,CTR,33554432,1,33554432:CTR:1,f83568aa1f473d51b76f9174858c7e81c02032ebb56a691f8958686dfd747220,5,983,True,,4260.4605301376505,1179.8157550526716,0.007875775814056397,0.0284404,10326800,7875775.8140563965,10139700,20466500,28440400,,,,,,
3360d814-a7e0-4cb6-90e9-6baac00bb485,2005,AES-128,encrypt,cpu_software,software,transform,bytes,ECB,33554432,2,33554432:ECB:2,668426e6cce0bc4c5af1f81a4d2b6d19bc5dc3e6bceace262ccbe2c85f470e20,0,984,True,,,,,,,,,,,118176500,0.1181765,283.9348939933066,125000000,1.0577399059880772,
3360d814-a7e0-4cb6-90e9-6baac00bb485,2005,AES-128,encrypt,cpu_aesni,aesni,transform,bytes,ECB,33554432,2,33554432:ECB:2,668426e6cce0bc4c5af1f81a4d2b6d19bc5dc3e6bceace262ccbe2c85f470e20,1,985,True,,,,,,,,,,,17815800,0.0178158,1883.4086597290045,15625000,0.8770305010159521,
3360d814-a7e0-4cb6-90e9-6baac00bb485,2005,AES-128,encrypt,cuda_optimized_v1,optimized,pipeline,pinned,ECB,33554432,2,33554432:ECB:2,668426e6cce0bc4c5af1f81a4d2b6d19bc5dc3e6bceace262ccbe2c85f470e20,2,986,True,,4642.716204217446,1203.9667167804691,0.007227327823638916,0.0278699,10319000,7227327.823638916,10213400,20532400,27869900,,,,,,
3360d814-a7e0-4cb6-90e9-6baac00bb485,2005,AES-128,encrypt,cuda_optimized_v1,optimized,resident,pinned,ECB,33554432,2,33554432:ECB:2,668426e6cce0bc4c5af1f81a4d2b6d19bc5dc3e6bceace262ccbe2c85f470e20,3,987,True,1,4469.19526169609,,0.007507936000823974,,,7507936.000823975,,,,,,,,,7507936.000823975
3360d814-a7e0-4cb6-90e9-6baac00bb485,2005,AES-128,encrypt,cuda_baseline,baseline,pipeline,pinned,ECB,33554432,2,33554432:ECB:2,668426e6cce0bc4c5af1f81a4d2b6d19bc5dc3e6bceace262ccbe2c85f470e20,4,988,True,,4466.434887183471,1175.7148663611263,0.007512576103210449,0.0285396,10341400,7512576.103210449,10584200,20925600,28539600,,,,,,
3360d814-a7e0-4cb6-90e9-6baac00bb485,2005,AES-128,encrypt,cuda_baseline,baseline,resident,pinned,ECB,33554432,2,33554432:ECB:2,668426e6cce0bc4c5af1f81a4d2b6d19bc5dc3e6bceace262ccbe2c85f470e20,5,989,True,1,4451.83356422699,,0.0075372161865234375,,,7537216.1865234375,,,,,,,,,7537216.1865234375
3360d814-a7e0-4cb6-90e9-6baac00bb485,2005,AES-128,encrypt,cpu_software,software,transform,bytes,CTR,33554432,2,33554432:CTR:2,414b7c19a52a8eb34c0232a0efa3a748728dcfb86a999675de26bcbaa96e0955,0,990,True,,,,,,,,,,,126054100,0.1260541,266.19072287216363,125000000,0.9916377174562351,
3360d814-a7e0-4cb6-90e9-6baac00bb485,2005,AES-128,encrypt,cuda_baseline,baseline,resident,pinned,CTR,33554432,2,33554432:CTR:2,414b7c19a52a8eb34c0232a0efa3a748728dcfb86a999675de26bcbaa96e0955,1,991,True,1,5045.669912482846,,0.006650144100189209,,,6650144.100189209,,,,,,,,,6650144.100189209
3360d814-a7e0-4cb6-90e9-6baac00bb485,2005,AES-128,encrypt,cuda_optimized_v1,optimized,pipeline,pinned,CTR,33554432,2,33554432:CTR:2,414b7c19a52a8eb34c0232a0efa3a748728dcfb86a999675de26bcbaa96e0955,2,992,True,,4959.635317410625,1216.930765604033,0.006765503883361817,0.027573,10422700,6765503.883361816,10285500,20708200,27573000,,,,,,
3360d814-a7e0-4cb6-90e9-6baac00bb485,2005,AES-128,encrypt,cpu_aesni,aesni,transform,bytes,CTR,33554432,2,33554432:CTR:2,414b7c19a52a8eb34c0232a0efa3a748728dcfb86a999675de26bcbaa96e0955,3,993,True,,,,,,,,,,,22850700,0.0228507,1468.420310975156,31250000,1.367572984635044,
3360d814-a7e0-4cb6-90e9-6baac00bb485,2005,AES-128,encrypt,cuda_optimized_v1,optimized,resident,pinned,CTR,33554432,2,33554432:CTR:2,414b7c19a52a8eb34c0232a0efa3a748728dcfb86a999675de26bcbaa96e0955,4,994,True,1,5009.918860766979,,0.0066975998878479005,,,6697599.8878479,,,,,,,,,6697599.8878479
3360d814-a7e0-4cb6-90e9-6baac00bb485,2005,AES-128,encrypt,cuda_baseline,baseline,pipeline,pinned,CTR,33554432,2,33554432:CTR:2,414b7c19a52a8eb34c0232a0efa3a748728dcfb86a999675de26bcbaa96e0955,5,995,True,,5006.617802309845,1205.1602058737963,0.00670201587677002,0.0278423,10366300,6702015.8767700195,10672000,21038300,27842300,,,,,,
3360d814-a7e0-4cb6-90e9-6baac00bb485,2005,AES-128,encrypt,cuda_optimized_v1,optimized,pipeline,pinned,ECB,33554432,3,33554432:ECB:3,4ff669b4e96e9ded7dd8137c1d05592fe04d99e02e75937457edf17b3ef5b641,0,996,True,,6399.258100013359,2104.069127255854,0.00524348783493042,0.0159474,5364500,5243487.83493042,5224400,10588900,15947400,,,,,,
3360d814-a7e0-4cb6-90e9-6baac00bb485,2005,AES-128,encrypt,cuda_baseline,baseline,resident,pinned,ECB,33554432,3,33554432:ECB:3,4ff669b4e96e9ded7dd8137c1d05592fe04d99e02e75937457edf17b3ef5b641,1,997,True,1,6407.743571463733,,0.005236544132232666,,,5236544.132232666,,,,,,,,,5236544.132232666
3360d814-a7e0-4cb6-90e9-6baac00bb485,2005,AES-128,encrypt,cuda_optimized_v1,optimized,resident,pinned,ECB,33554432,3,33554432:ECB:3,4ff669b4e96e9ded7dd8137c1d05592fe04d99e02e75937457edf17b3ef5b641,2,998,True,1,6408.722810611986,,0.005235743999481201,,,5235743.999481201,,,,,,,,,5235743.999481201
3360d814-a7e0-4cb6-90e9-6baac00bb485,2005,AES-128,encrypt,cpu_aesni,aesni,transform,bytes,ECB,33554432,3,33554432:ECB:3,4ff669b4e96e9ded7dd8137c1d05592fe04d99e02e75937457edf17b3ef5b641,3,999,True,,,,,,,,,,,17791300,0.0177913,1886.002259531344,15625000,0.8782382400386706,
3360d814-a7e0-4cb6-90e9-6baac00bb485,2005,AES-128,encrypt,cuda_baseline,baseline,pipeline,pinned,ECB,33554432,3,33554432:ECB:3,4ff669b4e96e9ded7dd8137c1d05592fe04d99e02e75937457edf17b3ef5b641,4,1000,True,,6394.340982447462,2088.523786108639,0.005247519969940185,0.0160661,5422000,5247519.969940186,5294500,10716500,16066100,,,,,,
3360d814-a7e0-4cb6-90e9-6baac00bb485,2005,AES-128,encrypt,cpu_software,software,transform,bytes,ECB,33554432,3,33554432:ECB:3,4ff669b4e96e9ded7dd8137c1d05592fe04d99e02e75937457edf17b3ef5b641,5,1001,True,,,,,,,,,,,120149500,0.1201495,279.2723398765704,125000000,1.0403705383709463,
3360d814-a7e0-4cb6-90e9-6baac00bb485,2005,AES-128,encrypt,cuda_optimized_v1,optimized,pipeline,pinned,CTR,33554432,3,33554432:CTR:3,51ae5d88a6eedfa2a0d8c3064892245e0d3efce3b0234d36381e6f229e47b68c,0,1002,True,,6210.728855114976,2032.2101833289928,0.005402656078338623,0.0165113,5509600,5402656.078338623,5455500,10965100,16511300,,,,,,
3360d814-a7e0-4cb6-90e9-6baac00bb485,2005,AES-128,encrypt,cuda_baseline,baseline,pipeline,pinned,CTR,33554432,3,33554432:CTR:3,51ae5d88a6eedfa2a0d8c3064892245e0d3efce3b0234d36381e6f229e47b68c,1,1003,True,,6208.7796709141585,2058.2636805849484,0.005404352188110351,0.0163023,5411900,5404352.188110352,5344900,10756800,16302300,,,,,,
3360d814-a7e0-4cb6-90e9-6baac00bb485,2005,AES-128,encrypt,cuda_optimized_v1,optimized,resident,pinned,CTR,33554432,3,33554432:CTR:3,51ae5d88a6eedfa2a0d8c3064892245e0d3efce3b0234d36381e6f229e47b68c,2,1004,True,1,6188.589045787669,,0.005421984195709229,,,5421984.1957092285,,,,,,,,,5421984.1957092285
3360d814-a7e0-4cb6-90e9-6baac00bb485,2005,AES-128,encrypt,cuda_baseline,baseline,resident,pinned,CTR,33554432,3,33554432:CTR:3,51ae5d88a6eedfa2a0d8c3064892245e0d3efce3b0234d36381e6f229e47b68c,3,1005,True,1,6202.646390194055,,0.005409696102142334,,,5409696.102142334,,,,,,,,,5409696.102142334
3360d814-a7e0-4cb6-90e9-6baac00bb485,2005,AES-128,encrypt,cpu_aesni,aesni,transform,bytes,CTR,33554432,3,33554432:CTR:3,51ae5d88a6eedfa2a0d8c3064892245e0d3efce3b0234d36381e6f229e47b68c,4,1006,True,,,,,,,,,,,23557200,0.0235572,1424.3811658431393,31250000,1.3265583346068293,
3360d814-a7e0-4cb6-90e9-6baac00bb485,2005,AES-128,encrypt,cpu_software,software,transform,bytes,CTR,33554432,3,33554432:CTR:3,51ae5d88a6eedfa2a0d8c3064892245e0d3efce3b0234d36381e6f229e47b68c,5,1007,True,,,,,,,,,,,125904500,0.1259045,266.5070112664758,125000000,0.9928159835430822,
3360d814-a7e0-4cb6-90e9-6baac00bb485,2005,AES-128,encrypt,cuda_optimized_v1,optimized,pipeline,pinned,CTR,33554432,4,33554432:CTR:4,fa2072ceb937999a16b191955c324440f5e93de0e0792ed41487efb855e10a1e,0,1008,True,,6194.255583900564,2065.8415884254273,0.0054170241355896,0.0162425,5400300,5417024.1355896,5283700,10684000,16242500,,,,,,
3360d814-a7e0-4cb6-90e9-6baac00bb485,2005,AES-128,encrypt,cuda_baseline,baseline,pipeline,pinned,CTR,33554432,4,33554432:CTR:4,fa2072ceb937999a16b191955c324440f5e93de0e0792ed41487efb855e10a1e,1,1009,True,,6256.233489758024,2040.9121155167904,0.005363359928131104,0.0164409,5640600,5363359.9281311035,5319800,10960400,16440900,,,,,,
3360d814-a7e0-4cb6-90e9-6baac00bb485,2005,AES-128,encrypt,cuda_baseline,baseline,resident,pinned,CTR,33554432,4,33554432:CTR:4,fa2072ceb937999a16b191955c324440f5e93de0e0792ed41487efb855e10a1e,2,1010,True,1,6271.087469611061,,0.0053506560325622555,,,5350656.032562256,,,,,,,,,5350656.032562256
3360d814-a7e0-4cb6-90e9-6baac00bb485,2005,AES-128,encrypt,cpu_software,software,transform,bytes,CTR,33554432,4,33554432:CTR:4,fa2072ceb937999a16b191955c324440f5e93de0e0792ed41487efb855e10a1e,3,1011,True,,,,,,,,,,,129082200,0.1290822,259.94623580942994,109375000,0.8473282915847421,
3360d814-a7e0-4cb6-90e9-6baac00bb485,2005,AES-128,encrypt,cuda_optimized_v1,optimized,resident,pinned,CTR,33554432,4,33554432:CTR:4,fa2072ceb937999a16b191955c324440f5e93de0e0792ed41487efb855e10a1e,4,1012,True,1,6289.066095686135,,0.005335360050201416,,,5335360.050201416,,,,,,,,,5335360.050201416
3360d814-a7e0-4cb6-90e9-6baac00bb485,2005,AES-128,encrypt,cpu_aesni,aesni,transform,bytes,CTR,33554432,4,33554432:CTR:4,fa2072ceb937999a16b191955c324440f5e93de0e0792ed41487efb855e10a1e,5,1013,True,,,,,,,,,,,22537000,0.022537,1488.8597417579979,15625000,0.6933043439676976,
3360d814-a7e0-4cb6-90e9-6baac00bb485,2005,AES-128,encrypt,cuda_optimized_v1,optimized,resident,pinned,ECB,33554432,4,33554432:ECB:4,f16e58c1cb78b5359b9ac9118435483d3b4de68182f41f46dd35f746682f7d85,0,1014,True,1,4098.161017311589,,0.008187680244445801,,,8187680.244445801,,,,,,,,,8187680.244445801
3360d814-a7e0-4cb6-90e9-6baac00bb485,2005,AES-128,encrypt,cuda_optimized_v1,optimized,pipeline,pinned,ECB,33554432,4,33554432:ECB:4,f16e58c1cb78b5359b9ac9118435483d3b4de68182f41f46dd35f746682f7d85,1,1015,True,,3471.347340801032,661.1919193511519,0.009666111946105957,0.0507484,20657700,9666111.946105957,20280200,40937900,50748400,,,,,,
3360d814-a7e0-4cb6-90e9-6baac00bb485,2005,AES-128,encrypt,cuda_baseline,baseline,resident,pinned,ECB,33554432,4,33554432:ECB:4,f16e58c1cb78b5359b9ac9118435483d3b4de68182f41f46dd35f746682f7d85,2,1016,True,1,3515.125609046917,,0.009545727729797364,,,9545727.729797363,,,,,,,,,9545727.729797363
3360d814-a7e0-4cb6-90e9-6baac00bb485,2005,AES-128,encrypt,cpu_aesni,aesni,transform,bytes,ECB,33554432,4,33554432:ECB:4,f16e58c1cb78b5359b9ac9118435483d3b4de68182f41f46dd35f746682f7d85,3,1017,True,,,,,,,,,,,17476200,0.0174762,1920.0073242466897,15625000,0.8940730822490015,
3360d814-a7e0-4cb6-90e9-6baac00bb485,2005,AES-128,encrypt,cuda_baseline,baseline,pipeline,pinned,ECB,33554432,4,33554432:ECB:4,f16e58c1cb78b5359b9ac9118435483d3b4de68182f41f46dd35f746682f7d85,4,1018,True,,6336.878714791424,1339.5196729688298,0.005295104026794434,0.0250496,14428300,5295104.026794434,5212900,19641200,25049600,,,,,,
3360d814-a7e0-4cb6-90e9-6baac00bb485,2005,AES-128,encrypt,cpu_software,software,transform,bytes,ECB,33554432,4,33554432:ECB:4,f16e58c1cb78b5359b9ac9118435483d3b4de68182f41f46dd35f746682f7d85,5,1019,True,,,,,,,,,,,118783500,0.1187835,282.48394768633693,125000000,1.0523347097871338,
3360d814-a7e0-4cb6-90e9-6baac00bb485,2005,AES-128,encrypt,cuda_optimized_v1,optimized,pipeline,pinned,ECB,33554432,5,33554432:ECB:5,633be5d5f0abc089806bde586b7841ad16149f60eecab99fe80af27f254cf5d2,0,1020,True,,6477.649838499007,2093.997915639568,0.005180031776428223,0.0160241,5455400,5180031.776428223,5279900,10735300,16024100,,,,,,
3360d814-a7e0-4cb6-90e9-6baac00bb485,2005,AES-128,encrypt,cuda_baseline,baseline,pipeline,pinned,ECB,33554432,5,33554432:ECB:5,633be5d5f0abc089806bde586b7841ad16149f60eecab99fe80af27f254cf5d2,1,1021,True,,6410.68160305284,2088.84882591698,0.00523414421081543,0.0160636,5461000,5234144.21081543,5266400,10727400,16063600,,,,,,
3360d814-a7e0-4cb6-90e9-6baac00bb485,2005,AES-128,encrypt,cpu_software,software,transform,bytes,ECB,33554432,5,33554432:ECB:5,633be5d5f0abc089806bde586b7841ad16149f60eecab99fe80af27f254cf5d2,2,1022,True,,,,,,,,,,,119742700,0.1197427,280.2211074245027,125000000,1.0439049729127539,
3360d814-a7e0-4cb6-90e9-6baac00bb485,2005,AES-128,encrypt,cuda_baseline,baseline,resident,pinned,ECB,33554432,5,33554432:ECB:5,633be5d5f0abc089806bde586b7841ad16149f60eecab99fe80af27f254cf5d2,3,1023,True,1,6408.95803598261,,0.005235551834106445,,,5235551.834106445,,,,,,,,,5235551.834106445
3360d814-a7e0-4cb6-90e9-6baac00bb485,2005,AES-128,encrypt,cuda_optimized_v1,optimized,resident,pinned,ECB,33554432,5,33554432:ECB:5,633be5d5f0abc089806bde586b7841ad16149f60eecab99fe80af27f254cf5d2,4,1024,True,1,6415.977206021735,,0.00522982406616211,,,5229824.066162109,,,,,,,,,5229824.066162109
3360d814-a7e0-4cb6-90e9-6baac00bb485,2005,AES-128,encrypt,cpu_aesni,aesni,transform,bytes,ECB,33554432,5,33554432:ECB:5,633be5d5f0abc089806bde586b7841ad16149f60eecab99fe80af27f254cf5d2,5,1025,True,,,,,,,,,,,17367400,0.0173674,1932.0354226884854,15625000,0.8996741020532723,
3360d814-a7e0-4cb6-90e9-6baac00bb485,2005,AES-128,encrypt,cuda_optimized_v1,optimized,resident,pinned,CTR,33554432,5,33554432:CTR:5,08387dbca2f846ee79280f1a6eb3462189eac4840ec18b172e405629007a6538,0,1026,True,1,6309.539138774589,,0.005318048000335693,,,5318048.000335693,,,,,,,,,5318048.000335693
3360d814-a7e0-4cb6-90e9-6baac00bb485,2005,AES-128,encrypt,cuda_baseline,baseline,pipeline,pinned,CTR,33554432,5,33554432:CTR:5,08387dbca2f846ee79280f1a6eb3462189eac4840ec18b172e405629007a6538,1,1027,True,,6276.117362159215,2085.032747157149,0.0053463678359985355,0.016093,5380000,5346367.835998535,5273300,10653300,16093000,,,,,,
3360d814-a7e0-4cb6-90e9-6baac00bb485,2005,AES-128,encrypt,cpu_aesni,aesni,transform,bytes,CTR,33554432,5,33554432:CTR:5,08387dbca2f846ee79280f1a6eb3462189eac4840ec18b172e405629007a6538,2,1028,True,,,,,,,,,,,23063300,0.0230633,1454.8842533375537,31250000,1.3549665485858484,
3360d814-a7e0-4cb6-90e9-6baac00bb485,2005,AES-128,encrypt,cuda_optimized_v1,optimized,pipeline,pinned,CTR,33554432,5,33554432:CTR:5,08387dbca2f846ee79280f1a6eb3462189eac4840ec18b172e405629007a6538,3,1029,True,,6301.500636220601,2092.3787609515794,0.005324831962585449,0.0160365,5359600,5324831.962585449,5217500,10577100,16036500,,,,,,
3360d814-a7e0-4cb6-90e9-6baac00bb485,2005,AES-128,encrypt,cuda_baseline,baseline,resident,pinned,CTR,33554432,5,33554432:CTR:5,08387dbca2f846ee79280f1a6eb3462189eac4840ec18b172e405629007a6538,4,1030,True,1,6304.607496700392,,0.005322207927703857,,,5322207.927703857,,,,,,,,,5322207.927703857
3360d814-a7e0-4cb6-90e9-6baac00bb485,2005,AES-128,encrypt,cpu_software,software,transform,bytes,CTR,33554432,5,33554432:CTR:5,08387dbca2f846ee79280f1a6eb3462189eac4840ec18b172e405629007a6538,5,1031,True,,,,,,,,,,,126436200,0.1264362,265.38627386776886,125000000,0.988640911384556,
3360d814-a7e0-4cb6-90e9-6baac00bb485,2005,AES-128,encrypt,cuda_optimized_v1,optimized,pipeline,pinned,CTR,33554432,6,33554432:CTR:6,0ba844edd12df708bc7021161456fc9a3a64a84fa1a9ff53bc777d07f723a71f,0,1032,True,,6266.028249157829,2060.8551880013265,0.005354976177215576,0.0162818,5502000,5354976.177215576,5280300,10782300,16281800,,,,,,
3360d814-a7e0-4cb6-90e9-6baac00bb485,2005,AES-128,encrypt,cuda_baseline,baseline,pipeline,pinned,CTR,33554432,6,33554432:CTR:6,0ba844edd12df708bc7021161456fc9a3a64a84fa1a9ff53bc777d07f723a71f,1,1033,True,,6262.211323339483,2015.3538265643206,0.0053582401275634765,0.0166494,5322700,5358240.127563477,5838200,11160900,16649400,,,,,,
3360d814-a7e0-4cb6-90e9-6baac00bb485,2005,AES-128,encrypt,cpu_software,software,transform,bytes,CTR,33554432,6,33554432:CTR:6,0ba844edd12df708bc7021161456fc9a3a64a84fa1a9ff53bc777d07f723a71f,2,1034,True,,,,,,,,,,,123407300,0.1234073,271.8998957111937,125000000,1.0129060436457162,
3360d814-a7e0-4cb6-90e9-6baac00bb485,2005,AES-128,encrypt,cuda_optimized_v1,optimized,resident,pinned,CTR,33554432,6,33554432:CTR:6,0ba844edd12df708bc7021161456fc9a3a64a84fa1a9ff53bc777d07f723a71f,3,1035,True,1,6285.5225386196735,,0.005338367938995362,,,5338367.938995361,,,,,,,,,5338367.938995361
3360d814-a7e0-4cb6-90e9-6baac00bb485,2005,AES-128,encrypt,cuda_baseline,baseline,resident,pinned,CTR,33554432,6,33554432:CTR:6,0ba844edd12df708bc7021161456fc9a3a64a84fa1a9ff53bc777d07f723a71f,4,1036,True,1,6322.8933056881,,0.005306816101074219,,,5306816.101074219,,,,,,,,,5306816.101074219
3360d814-a7e0-4cb6-90e9-6baac00bb485,2005,AES-128,encrypt,cpu_aesni,aesni,transform,bytes,CTR,33554432,6,33554432:CTR:6,0ba844edd12df708bc7021161456fc9a3a64a84fa1a9ff53bc777d07f723a71f,5,1037,True,,,,,,,,,,,21797200,0.0217972,1539.391848494302,15625000,0.716835189840897,
3360d814-a7e0-4cb6-90e9-6baac00bb485,2005,AES-128,encrypt,cuda_baseline,baseline,pipeline,pinned,ECB,33554432,6,33554432:ECB:6,96138d4e1d86d936c5211d57a19de0bc3ed08b5c83259151861775013bc0c3a0,0,1038,True,,4150.557092775955,1168.309465364461,0.008084320068359374,0.0287205,10369600,8084320.068359375,10151900,20521500,28720500,,,,,,
3360d814-a7e0-4cb6-90e9-6baac00bb485,2005,AES-128,encrypt,cpu_software,software,transform,bytes,ECB,33554432,6,33554432:ECB:6,96138d4e1d86d936c5211d57a19de0bc3ed08b5c83259151861775013bc0c3a0,1,1039,True,,,,,,,,,,,118319700,0.1183197,283.59125318945195,125000000,1.0564597442353219,
3360d814-a7e0-4cb6-90e9-6baac00bb485,2005,AES-128,encrypt,cuda_baseline,baseline,resident,pinned,ECB,33554432,6,33554432:ECB:6,96138d4e1d86d936c5211d57a19de0bc3ed08b5c83259151861775013bc0c3a0,2,1040,True,1,3483.340463707073,,0.009632831573486328,,,9632831.573486328,,,,,,,,,9632831.573486328
3360d814-a7e0-4cb6-90e9-6baac00bb485,2005,AES-128,encrypt,cuda_optimized_v1,optimized,resident,pinned,ECB,33554432,6,33554432:ECB:6,96138d4e1d86d936c5211d57a19de0bc3ed08b5c83259151861775013bc0c3a0,3,1041,True,1,3451.4544865178987,,0.009721823692321777,,,9721823.692321777,,,,,,,,,9721823.692321777
3360d814-a7e0-4cb6-90e9-6baac00bb485,2005,AES-128,encrypt,cuda_optimized_v1,optimized,pipeline,pinned,ECB,33554432,6,33554432:ECB:6,96138d4e1d86d936c5211d57a19de0bc3ed08b5c83259151861775013bc0c3a0,4,1042,True,,3454.05805697663,646.9222137819611,0.009714495658874512,0.0518678,21112900,9714495.658874512,20864100,41977000,51867800,,,,,,
3360d814-a7e0-4cb6-90e9-6baac00bb485,2005,AES-128,encrypt,cpu_aesni,aesni,transform,bytes,ECB,33554432,6,33554432:ECB:6,96138d4e1d86d936c5211d57a19de0bc3ed08b5c83259151861775013bc0c3a0,5,1043,True,,,,,,,,,,,33081900,0.0330819,1014.2837019639138,46875000,1.4169379630553263,
3360d814-a7e0-4cb6-90e9-6baac00bb485,2005,AES-128,encrypt,cuda_baseline,baseline,pipeline,pinned,CTR,33554432,7,33554432:CTR:7,0527eb09905c9abf1ae5fe72ea2d0a40d300d4aab7a32fa60a5dbe0cdba8c350,0,1044,True,,4131.228534204564,1149.234584138205,0.008122143745422363,0.0291972,10669600,8122143.745422363,10245300,20914900,29197200,,,,,,
3360d814-a7e0-4cb6-90e9-6baac00bb485,2005,AES-128,encrypt,cuda_baseline,baseline,resident,pinned,CTR,33554432,7,33554432:CTR:7,0527eb09905c9abf1ae5fe72ea2d0a40d300d4aab7a32fa60a5dbe0cdba8c350,1,1045,True,1,4156.23273438476,,0.008073280334472657,,,8073280.334472656,,,,,,,,,8073280.334472656
3360d814-a7e0-4cb6-90e9-6baac00bb485,2005,AES-128,encrypt,cuda_optimized_v1,optimized,resident,pinned,CTR,33554432,7,33554432:CTR:7,0527eb09905c9abf1ae5fe72ea2d0a40d300d4aab7a32fa60a5dbe0cdba8c350,2,1046,True,1,4186.19968961152,,0.008015487670898437,,,8015487.6708984375,,,,,,,,,8015487.6708984375
3360d814-a7e0-4cb6-90e9-6baac00bb485,2005,AES-128,encrypt,cuda_optimized_v1,optimized,pipeline,pinned,CTR,33554432,7,33554432:CTR:7,0527eb09905c9abf1ae5fe72ea2d0a40d300d4aab7a32fa60a5dbe0cdba8c350,3,1047,True,,4164.155278462157,1126.4639411294709,0.008057920455932618,0.0297874,10706000,8057920.455932617,10902400,21608400,29787400,,,,,,
3360d814-a7e0-4cb6-90e9-6baac00bb485,2005,AES-128,encrypt,cpu_aesni,aesni,transform,bytes,CTR,33554432,7,33554432:CTR:7,0527eb09905c9abf1ae5fe72ea2d0a40d300d4aab7a32fa60a5dbe0cdba8c350,4,1048,True,,,,,,,,,,,22620000,0.02262,1483.3966401414677,31250000,1.3815207780725023,
3360d814-a7e0-4cb6-90e9-6baac00bb485,2005,AES-128,encrypt,cpu_software,software,transform,bytes,CTR,33554432,7,33554432:CTR:7,0527eb09905c9abf1ae5fe72ea2d0a40d300d4aab7a32fa60a5dbe0cdba8c350,5,1049,True,,,,,,,,,,,129454400,0.1294544,259.19885303241915,109375000,0.8448921010023607,
3360d814-a7e0-4cb6-90e9-6baac00bb485,2005,AES-128,encrypt,cuda_optimized_v1,optimized,resident,pinned,ECB,33554432,7,33554432:ECB:7,4ac4dd4a7076df8742cf13fdf1558ccfff59bb4b1a4ef057c702ffa936a6dc56,0,1050,True,1,5224.515955413302,,0.006422495841979981,,,6422495.8419799805,,,,,,,,,6422495.8419799805
3360d814-a7e0-4cb6-90e9-6baac00bb485,2005,AES-128,encrypt,cpu_software,software,transform,bytes,ECB,33554432,7,33554432:ECB:7,4ac4dd4a7076df8742cf13fdf1558ccfff59bb4b1a4ef057c702ffa936a6dc56,1,1051,True,,,,,,,,,,,119061100,0.1190611,281.82531490134056,109375000,0.9186459725300707,
3360d814-a7e0-4cb6-90e9-6baac00bb485,2005,AES-128,encrypt,cuda_baseline,baseline,resident,pinned,ECB,33554432,7,33554432:ECB:7,4ac4dd4a7076df8742cf13fdf1558ccfff59bb4b1a4ef057c702ffa936a6dc56,2,1052,True,1,5115.803307241132,,0.006558976173400879,,,6558976.173400879,,,,,,,,,6558976.173400879
3360d814-a7e0-4cb6-90e9-6baac00bb485,2005,AES-128,encrypt,cuda_baseline,baseline,pipeline,pinned,ECB,33554432,7,33554432:ECB:7,4ac4dd4a7076df8742cf13fdf1558ccfff59bb4b1a4ef057c702ffa936a6dc56,3,1053,True,,5133.736640349249,1222.5395587779863,0.006536064147949219,0.0274465,10612500,6536064.147949219,10194300,20806800,27446500,,,,,,
3360d814-a7e0-4cb6-90e9-6baac00bb485,2005,AES-128,encrypt,cuda_optimized_v1,optimized,pipeline,pinned,ECB,33554432,7,33554432:ECB:7,4ac4dd4a7076df8742cf13fdf1558ccfff59bb4b1a4ef057c702ffa936a6dc56,4,1054,True,,5207.701925097893,1227.6026678081314,0.00644323205947876,0.0273333,10529500,6443232.05947876,10242800,20772300,27333300,,,,,,
3360d814-a7e0-4cb6-90e9-6baac00bb485,2005,AES-128,encrypt,cpu_aesni,aesni,transform,bytes,ECB,33554432,7,33554432:ECB:7,4ac4dd4a7076df8742cf13fdf1558ccfff59bb4b1a4ef057c702ffa936a6dc56,5,1055,True,,,,,,,,,,,17291600,0.0172916,1940.5047537532676,15625000,0.9036179416595341,
3360d814-a7e0-4cb6-90e9-6baac00bb485,2005,AES-128,encrypt,cuda_baseline,baseline,pipeline,pinned,ECB,33554432,8,33554432:ECB:8,5ada28da9df03a1492177219d1dbf48e059c2de208f3d83fe2f110e7b88a26a7,0,1056,True,,5140.405946472787,1236.2003006277816,0.006527584075927734,0.0271432,10316000,6527584.075927734,10199700,20515700,27143200,,,,,,
3360d814-a7e0-4cb6-90e9-6baac00bb485,2005,AES-128,encrypt,cuda_optimized_v1,optimized,resident,pinned,ECB,33554432,8,33554432:ECB:8,5ada28da9df03a1492177219d1dbf48e059c2de208f3d83fe2f110e7b88a26a7,1,1057,True,1,5249.441639345808,,0.006392000198364257,,,6392000.198364258,,,,,,,,,6392000.198364258
3360d814-a7e0-4cb6-90e9-6baac00bb485,2005,AES-128,encrypt,cpu_software,software,transform,bytes,ECB,33554432,8,33554432:ECB:8,5ada28da9df03a1492177219d1dbf48e059c2de208f3d83fe2f110e7b88a26a7,2,1058,True,,,,,,,,,,,117929200,0.1179292,284.5303114071833,109375000,0.9274632576155863,
3360d814-a7e0-4cb6-90e9-6baac00bb485,2005,AES-128,encrypt,cuda_optimized_v1,optimized,pipeline,pinned,ECB,33554432,8,33554432:ECB:8,5ada28da9df03a1492177219d1dbf48e059c2de208f3d83fe2f110e7b88a26a7,3,1059,True,,5082.279887575681,1221.7116267554095,0.0066022400856018066,0.0274651,10473500,6602240.085601807,10221500,20695000,27465100,,,,,,
3360d814-a7e0-4cb6-90e9-6baac00bb485,2005,AES-128,encrypt,cuda_baseline,baseline,resident,pinned,ECB,33554432,8,33554432:ECB:8,5ada28da9df03a1492177219d1dbf48e059c2de208f3d83fe2f110e7b88a26a7,4,1060,True,1,5165.958871249337,,0.006495296001434326,,,6495296.001434326,,,,,,,,,6495296.001434326
3360d814-a7e0-4cb6-90e9-6baac00bb485,2005,AES-128,encrypt,cpu_aesni,aesni,transform,bytes,ECB,33554432,8,33554432:ECB:8,5ada28da9df03a1492177219d1dbf48e059c2de208f3d83fe2f110e7b88a26a7,5,1061,True,,,,,,,,,,,17433700,0.0174337,1924.687931993782,15625000,0.8962526600778951,
3360d814-a7e0-4cb6-90e9-6baac00bb485,2005,AES-128,encrypt,cuda_optimized_v1,optimized,resident,pinned,CTR,33554432,8,33554432:CTR:8,855fe8a5b7605d6c77f4223bda2db263e5d78b6561e95cb1821fad998ce76a48,0,1062,True,1,5000.505543835752,,0.006710207939147949,,,6710207.939147949,,,,,,,,,6710207.939147949
3360d814-a7e0-4cb6-90e9-6baac00bb485,2005,AES-128,encrypt,cpu_aesni,aesni,transform,bytes,CTR,33554432,8,33554432:CTR:8,855fe8a5b7605d6c77f4223bda2db263e5d78b6561e95cb1821fad998ce76a48,1,1063,True,,,,,,,,,,,22852500,0.0228525,1468.3046493819056,15625000,0.683732633191117,
3360d814-a7e0-4cb6-90e9-6baac00bb485,2005,AES-128,encrypt,cuda_baseline,baseline,resident,pinned,CTR,33554432,8,33554432:CTR:8,855fe8a5b7605d6c77f4223bda2db263e5d78b6561e95cb1821fad998ce76a48,2,1064,True,1,5053.232171449597,,0.006640192031860352,,,6640192.031860352,,,,,,,,,6640192.031860352
3360d814-a7e0-4cb6-90e9-6baac00bb485,2005,AES-128,encrypt,cpu_software,software,transform,bytes,CTR,33554432,8,33554432:CTR:8,855fe8a5b7605d6c77f4223bda2db263e5d78b6561e95cb1821fad998ce76a48,3,1065,True,,,,,,,,,,,125360500,0.1253605,267.66351442440003,140625000,1.1217648302296177,
3360d814-a7e0-4cb6-90e9-6baac00bb485,2005,AES-128,encrypt,cuda_baseline,baseline,pipeline,pinned,CTR,33554432,8,33554432:CTR:8,855fe8a5b7605d6c77f4223bda2db263e5d78b6561e95cb1821fad998ce76a48,4,1066,True,,3761.599810043784,1129.9082049796946,0.008920255661010743,0.0296966,10341500,8920255.661010742,10317400,20658900,29696600,,,,,,
3360d814-a7e0-4cb6-90e9-6baac00bb485,2005,AES-128,encrypt,cuda_optimized_v1,optimized,pipeline,pinned,CTR,33554432,8,33554432:CTR:8,855fe8a5b7605d6c77f4223bda2db263e5d78b6561e95cb1821fad998ce76a48,5,1067,True,,3299.3488945630806,727.1315793465565,0.010170016288757324,0.0461463,14936100,10170016.288757324,20888400,35824500,46146300,,,,,,
3360d814-a7e0-4cb6-90e9-6baac00bb485,2005,AES-128,encrypt,cuda_optimized_v1,optimized,resident,pinned,CTR,33554432,9,33554432:CTR:9,dd624795ba0462c25c6637ab05a887693b83af091f6ae390765f594323768752,0,1068,True,1,3347.409361347611,,0.01002400016784668,,,10024000.16784668,,,,,,,,,10024000.16784668
3360d814-a7e0-4cb6-90e9-6baac00bb485,2005,AES-128,encrypt,cuda_baseline,baseline,resident,pinned,CTR,33554432,9,33554432:CTR:9,dd624795ba0462c25c6637ab05a887693b83af091f6ae390765f594323768752,1,1069,True,1,3370.944240399895,,0.009954015731811523,,,9954015.731811523,,,,,,,,,9954015.731811523
3360d814-a7e0-4cb6-90e9-6baac00bb485,2005,AES-128,encrypt,cpu_aesni,aesni,transform,bytes,CTR,33554432,9,33554432:CTR:9,dd624795ba0462c25c6637ab05a887693b83af091f6ae390765f594323768752,2,1070,True,,,,,,,,,,,22144500,0.0221445,1515.2490234595498,15625000,0.7055928108559687,
3360d814-a7e0-4cb6-90e9-6baac00bb485,2005,AES-128,encrypt,cuda_optimized_v1,optimized,pipeline,pinned,CTR,33554432,9,33554432:CTR:9,dd624795ba0462c25c6637ab05a887693b83af091f6ae390765f594323768752,3,1071,True,,3372.8090933775293,659.0077106483936,0.009948512077331544,0.0509166,20616800,9948512.077331543,20242200,40859000,50916600,,,,,,
3360d814-a7e0-4cb6-90e9-6baac00bb485,2005,AES-128,encrypt,cpu_software,software,transform,bytes,CTR,33554432,9,33554432:CTR:9,dd624795ba0462c25c6637ab05a887693b83af091f6ae390765f594323768752,4,1072,True,,,,,,,,,,,126824700,0.1268247,264.57332049671714,125000000,0.985612424078275,
3360d814-a7e0-4cb6-90e9-6baac00bb485,2005,AES-128,encrypt,cuda_baseline,baseline,pipeline,pinned,CTR,33554432,9,33554432:CTR:9,dd624795ba0462c25c6637ab05a887693b83af091f6ae390765f594323768752,5,1073,True,,4632.092235486422,1187.7044404721873,0.007243904113769531,0.0282515,10557500,7243904.113769531,10332100,20889600,28251500,,,,,,
3360d814-a7e0-4cb6-90e9-6baac00bb485,2005,AES-128,encrypt,cpu_aesni,aesni,transform,bytes,ECB,33554432,9,33554432:ECB:9,77cdfa705a9c79749b3722b937c9dd2dd93af31d57903a6c1548493601b70989,0,1074,True,,,,,,,,,,,16783300,0.0167833,1999.2749935948234,15625000,0.9309849671995376,
3360d814-a7e0-4cb6-90e9-6baac00bb485,2005,AES-128,encrypt,cuda_optimized_v1,optimized,pipeline,pinned,ECB,33554432,9,33554432:ECB:9,77cdfa705a9c79749b3722b937c9dd2dd93af31d57903a6c1548493601b70989,1,1075,True,,4725.4013474896,1142.2513165643713,0.007100863933563233,0.0293757,10680100,7100863.933563232,11442300,22122400,29375700,,,,,,
3360d814-a7e0-4cb6-90e9-6baac00bb485,2005,AES-128,encrypt,cuda_baseline,baseline,resident,pinned,ECB,33554432,9,33554432:ECB:9,77cdfa705a9c79749b3722b937c9dd2dd93af31d57903a6c1548493601b70989,2,1076,True,1,4827.164543988691,,0.006951168060302735,,,6951168.060302734,,,,,,,,,6951168.060302734
3360d814-a7e0-4cb6-90e9-6baac00bb485,2005,AES-128,encrypt,cuda_optimized_v1,optimized,resident,pinned,ECB,33554432,9,33554432:ECB:9,77cdfa705a9c79749b3722b937c9dd2dd93af31d57903a6c1548493601b70989,3,1077,True,1,4794.432838360617,,0.006998623847961426,,,6998623.847961426,,,,,,,,,6998623.847961426
3360d814-a7e0-4cb6-90e9-6baac00bb485,2005,AES-128,encrypt,cuda_baseline,baseline,pipeline,pinned,ECB,33554432,9,33554432:ECB:9,77cdfa705a9c79749b3722b937c9dd2dd93af31d57903a6c1548493601b70989,4,1078,True,,5316.298123681498,1249.2342516753538,0.006311615943908691,0.02686,10284600,6311615.943908691,10164000,20448600,26860000,,,,,,
3360d814-a7e0-4cb6-90e9-6baac00bb485,2005,AES-128,encrypt,cpu_software,software,transform,bytes,ECB,33554432,9,33554432:ECB:9,77cdfa705a9c79749b3722b937c9dd2dd93af31d57903a6c1548493601b70989,5,1079,True,,,,,,,,,,,118783300,0.1187833,282.4844233153987,125000000,1.0523364816434633,
3360d814-a7e0-4cb6-90e9-6baac00bb485,2005,AES-128,encrypt,cuda_optimized_v1,optimized,pipeline,pinned,ECB,33554432,10,33554432:ECB:10,c50bc89c3b4b09c1f2b173e9629e343d21be51e0983d0d5479456a408c1ecfa0,0,1080,True,,5101.119829064419,1215.4628472486352,0.006577856063842773,0.0276063,10345800,6577856.063842773,10540900,20886700,27606300,,,,,,
3360d814-a7e0-4cb6-90e9-6baac00bb485,2005,AES-128,encrypt,cpu_aesni,aesni,transform,bytes,ECB,33554432,10,33554432:ECB:10,c50bc89c3b4b09c1f2b173e9629e343d21be51e0983d0d5479456a408c1ecfa0,1,1081,True,,,,,,,,,,,17608100,0.0176081,1905.624797678341,0,0.0,
3360d814-a7e0-4cb6-90e9-6baac00bb485,2005,AES-128,encrypt,cuda_baseline,baseline,pipeline,pinned,ECB,33554432,10,33554432:ECB:10,c50bc89c3b4b09c1f2b173e9629e343d21be51e0983d0d5479456a408c1ecfa0,2,1082,True,,5232.336713729341,1230.7816907349602,0.006412896156311035,0.0272627,10552900,6412896.156311035,10175600,20728500,27262700,,,,,,
3360d814-a7e0-4cb6-90e9-6baac00bb485,2005,AES-128,encrypt,cuda_optimized_v1,optimized,resident,pinned,ECB,33554432,10,33554432:ECB:10,c50bc89c3b4b09c1f2b173e9629e343d21be51e0983d0d5479456a408c1ecfa0,3,1083,True,1,5222.954375834234,,0.006424416065216065,,,6424416.065216064,,,,,,,,,6424416.065216064
3360d814-a7e0-4cb6-90e9-6baac00bb485,2005,AES-128,encrypt,cpu_software,software,transform,bytes,ECB,33554432,10,33554432:ECB:10,c50bc89c3b4b09c1f2b173e9629e343d21be51e0983d0d5479456a408c1ecfa0,4,1084,True,,,,,,,,,,,118819700,0.1188197,282.3978851991715,125000000,1.052014102038635,
3360d814-a7e0-4cb6-90e9-6baac00bb485,2005,AES-128,encrypt,cuda_baseline,baseline,resident,pinned,ECB,33554432,10,33554432:ECB:10,c50bc89c3b4b09c1f2b173e9629e343d21be51e0983d0d5479456a408c1ecfa0,5,1085,True,1,5128.263472656729,,0.006543039798736572,,,6543039.798736572,,,,,,,,,6543039.798736572
3360d814-a7e0-4cb6-90e9-6baac00bb485,2005,AES-128,encrypt,cuda_optimized_v1,optimized,pipeline,pinned,CTR,33554432,10,33554432:CTR:10,85dcb092d5ba5b5aa40bf6783125fc1b0f271024501d1b1cdce39f4598304d1a,0,1086,True,,5086.717847344128,1224.1764624331443,0.006596479892730713,0.0274098,10332000,6596479.892730713,10227600,20559600,27409800,,,,,,
3360d814-a7e0-4cb6-90e9-6baac00bb485,2005,AES-128,encrypt,cuda_optimized_v1,optimized,resident,pinned,CTR,33554432,10,33554432:CTR:10,85dcb092d5ba5b5aa40bf6783125fc1b0f271024501d1b1cdce39f4598304d1a,1,1087,True,1,5033.438534886601,,0.006666304111480713,,,6666304.111480713,,,,,,,,,6666304.111480713
3360d814-a7e0-4cb6-90e9-6baac00bb485,2005,AES-128,encrypt,cuda_baseline,baseline,pipeline,pinned,CTR,33554432,10,33554432:CTR:10,85dcb092d5ba5b5aa40bf6783125fc1b0f271024501d1b1cdce39f4598304d1a,2,1088,True,,5122.676285972592,972.2287028908031,0.00655017614364624,0.0345129,10514700,6550176.14364624,17220000,27734700,34512900,,,,,,
3360d814-a7e0-4cb6-90e9-6baac00bb485,2005,AES-128,encrypt,cpu_software,software,transform,bytes,CTR,33554432,10,33554432:CTR:10,85dcb092d5ba5b5aa40bf6783125fc1b0f271024501d1b1cdce39f4598304d1a,3,1089,True,,,,,,,,,,,131068700,0.1310687,256.0064454747777,125000000,0.9536983276709085,
3360d814-a7e0-4cb6-90e9-6baac00bb485,2005,AES-128,encrypt,cpu_aesni,aesni,transform,bytes,CTR,33554432,10,33554432:CTR:10,85dcb092d5ba5b5aa40bf6783125fc1b0f271024501d1b1cdce39f4598304d1a,4,1090,True,,,,,,,,,,,34787300,0.0347873,964.559824993604,46875000,1.347474509375548,
3360d814-a7e0-4cb6-90e9-6baac00bb485,2005,AES-128,encrypt,cuda_baseline,baseline,resident,pinned,CTR,33554432,10,33554432:CTR:10,85dcb092d5ba5b5aa40bf6783125fc1b0f271024501d1b1cdce39f4598304d1a,5,1091,True,1,5066.172009124312,,0.006623231887817383,,,6623231.887817383,,,,,,,,,6623231.887817383
3360d814-a7e0-4cb6-90e9-6baac00bb485,2005,AES-128,encrypt,cuda_baseline,baseline,resident,pinned,ECB,33554432,11,33554432:ECB:11,86f30f55a41424543a4c088c085713a2106d7b2b27cdab85db862daecb87fa91,0,1092,True,1,5217.6008363780265,,0.006431007862091064,,,6431007.862091064,,,,,,,,,6431007.862091064
3360d814-a7e0-4cb6-90e9-6baac00bb485,2005,AES-128,encrypt,cuda_optimized_v1,optimized,resident,pinned,ECB,33554432,11,33554432:ECB:11,86f30f55a41424543a4c088c085713a2106d7b2b27cdab85db862daecb87fa91,1,1093,True,1,5159.578725208926,,0.0065033278465271,,,6503327.8465271,,,,,,,,,6503327.8465271
3360d814-a7e0-4cb6-90e9-6baac00bb485,2005,AES-128,encrypt,cuda_optimized_v1,optimized,pipeline,pinned,ECB,33554432,11,33554432:ECB:11,86f30f55a41424543a4c088c085713a2106d7b2b27cdab85db862daecb87fa91,2,1094,True,,5178.971673357598,1244.4344227032,0.006478975772857666,0.0269636,10256500,6478975.772857666,10119800,20376300,26963600,,,,,,
3360d814-a7e0-4cb6-90e9-6baac00bb485,2005,AES-128,encrypt,cpu_software,software,transform,bytes,ECB,33554432,11,33554432:ECB:11,86f30f55a41424543a4c088c085713a2106d7b2b27cdab85db862daecb87fa91,3,1095,True,,,,,,,,,,,122241900,0.1222419,274.492068595138,125000000,1.0225626401422099,
3360d814-a7e0-4cb6-90e9-6baac00bb485,2005,AES-128,encrypt,cpu_aesni,aesni,transform,bytes,ECB,33554432,11,33554432:ECB:11,86f30f55a41424543a4c088c085713a2106d7b2b27cdab85db862daecb87fa91,4,1096,True,,,,,,,,,,,21713100,0.0217131,1545.3542792139308,15625000,0.7196116630052826,
3360d814-a7e0-4cb6-90e9-6baac00bb485,2005,AES-128,encrypt,cuda_baseline,baseline,pipeline,pinned,ECB,33554432,11,33554432:ECB:11,86f30f55a41424543a4c088c085713a2106d7b2b27cdab85db862daecb87fa91,5,1097,True,,5249.599460249483,1231.8842218493812,0.006391808032989502,0.0272383,10343800,6391808.032989502,10304800,20648600,27238300,,,,,,
3360d814-a7e0-4cb6-90e9-6baac00bb485,2005,AES-128,encrypt,cpu_software,software,transform,bytes,CTR,33554432,11,33554432:CTR:11,cec14ee4b2eb9e085acc4296cac6cb65247da3dbf5f148517460624cd6536c00,0,1098,True,,,,,,,,,,,131519700,0.1315197,255.1285624891176,109375000,0.8316244638635885,
3360d814-a7e0-4cb6-90e9-6baac00bb485,2005,AES-128,encrypt,cuda_baseline,baseline,resident,pinned,CTR,33554432,11,33554432:CTR:11,cec14ee4b2eb9e085acc4296cac6cb65247da3dbf5f148517460624cd6536c00,1,1099,True,1,5012.792871268441,,0.006693759918212891,,,6693759.918212891,,,,,,,,,6693759.918212891
3360d814-a7e0-4cb6-90e9-6baac00bb485,2005,AES-128,encrypt,cuda_optimized_v1,optimized,resident,pinned,CTR,33554432,11,33554432:CTR:11,cec14ee4b2eb9e085acc4296cac6cb65247da3dbf5f148517460624cd6536c00,2,1100,True,1,5037.138134197281,,0.0066614079475402835,,,6661407.947540283,,,,,,,,,6661407.947540283
3360d814-a7e0-4cb6-90e9-6baac00bb485,2005,AES-128,encrypt,cpu_aesni,aesni,transform,bytes,CTR,33554432,11,33554432:CTR:11,cec14ee4b2eb9e085acc4296cac6cb65247da3dbf5f148517460624cd6536c00,3,1101,True,,,,,,,,,,,23111300,0.0231113,1451.862595353788,15625000,0.6760762051464002,
3360d814-a7e0-4cb6-90e9-6baac00bb485,2005,AES-128,encrypt,cuda_optimized_v1,optimized,pipeline,pinned,CTR,33554432,11,33554432:CTR:11,cec14ee4b2eb9e085acc4296cac6cb65247da3dbf5f148517460624cd6536c00,4,1102,True,,5005.781199115774,1229.622550241128,0.006703135967254639,0.0272884,10339500,6703135.967254639,10149000,20488500,27288400,,,,,,
3360d814-a7e0-4cb6-90e9-6baac00bb485,2005,AES-128,encrypt,cuda_baseline,baseline,pipeline,pinned,CTR,33554432,11,33554432:CTR:11,cec14ee4b2eb9e085acc4296cac6cb65247da3dbf5f148517460624cd6536c00,5,1103,True,,5047.345923567029,1228.078923386049,0.00664793586730957,0.0273227,10332200,6647935.86730957,10247300,20579500,27322700,,,,,,
3360d814-a7e0-4cb6-90e9-6baac00bb485,2005,AES-128,encrypt,cpu_software,software,transform,bytes,CTR,33554432,12,33554432:CTR:12,b625f359b02c2a0b88060dce7e48f852f8a84f1322e1e0d63306a48d4602a38a,0,1104,True,,,,,,,,,,,128649000,0.128649,260.8215532184471,140625000,1.093090502063755,
3360d814-a7e0-4cb6-90e9-6baac00bb485,2005,AES-128,encrypt,cuda_baseline,baseline,pipeline,pinned,CTR,33554432,12,33554432:CTR:12,b625f359b02c2a0b88060dce7e48f852f8a84f1322e1e0d63306a48d4602a38a,1,1105,True,,3863.837632773483,1088.8039016539196,0.008684224128723144,0.0308177,11139800,8684224.128723145,10796400,21936200,30817700,,,,,,
3360d814-a7e0-4cb6-90e9-6baac00bb485,2005,AES-128,encrypt,cuda_baseline,baseline,resident,pinned,CTR,33554432,12,33554432:CTR:12,b625f359b02c2a0b88060dce7e48f852f8a84f1322e1e0d63306a48d4602a38a,2,1106,True,1,3357.2909369305635,,0.009994496345520019,,,9994496.34552002,,,,,,,,,9994496.34552002
3360d814-a7e0-4cb6-90e9-6baac00bb485,2005,AES-128,encrypt,cuda_optimized_v1,optimized,pipeline,pinned,CTR,33554432,12,33554432:CTR:12,b625f359b02c2a0b88060dce7e48f852f8a84f1322e1e0d63306a48d4602a38a,3,1107,True,,3352.1392564408,658.0823013952248,0.010009856224060058,0.0509882,20605900,10009856.224060059,20156200,40762100,50988200,,,,,,
3360d814-a7e0-4cb6-90e9-6baac00bb485,2005,AES-128,encrypt,cpu_aesni,aesni,transform,bytes,CTR,33554432,12,33554432:CTR:12,b625f359b02c2a0b88060dce7e48f852f8a84f1322e1e0d63306a48d4602a38a,4,1108,True,,,,,,,,,,,23356900,0.0233569,1436.59612362942,31250000,1.3379344005411677,
3360d814-a7e0-4cb6-90e9-6baac00bb485,2005,AES-128,encrypt,cuda_optimized_v1,optimized,resident,pinned,CTR,33554432,12,33554432:CTR:12,b625f359b02c2a0b88060dce7e48f852f8a84f1322e1e0d63306a48d4602a38a,5,1109,True,1,3250.350268913385,,0.010323328018188476,,,10323328.018188477,,,,,,,,,10323328.018188477
3360d814-a7e0-4cb6-90e9-6baac00bb485,2005,AES-128,encrypt,cuda_baseline,baseline,resident,pinned,ECB,33554432,12,33554432:ECB:12,17f66bdde2a7832aea2dcc41b0ea609807b453cf5ca4b63be53f68793e70316b,0,1110,True,1,5455.76400299611,,0.0061502718925476076,,,6150271.892547607,,,,,,,,,6150271.892547607
3360d814-a7e0-4cb6-90e9-6baac00bb485,2005,AES-128,encrypt,cpu_software,software,transform,bytes,ECB,33554432,12,33554432:ECB:12,17f66bdde2a7832aea2dcc41b0ea609807b453cf5ca4b63be53f68793e70316b,1,1111,True,,,,,,,,,,,116309700,0.1163097,288.49212060559006,109375000,0.9403772858153705,
3360d814-a7e0-4cb6-90e9-6baac00bb485,2005,AES-128,encrypt,cuda_optimized_v1,optimized,resident,pinned,ECB,33554432,12,33554432:ECB:12,17f66bdde2a7832aea2dcc41b0ea609807b453cf5ca4b63be53f68793e70316b,2,1112,True,1,5399.520148324404,,0.006214335918426513,,,6214335.918426514,,,,,,,,,6214335.918426514
3360d814-a7e0-4cb6-90e9-6baac00bb485,2005,AES-128,encrypt,cuda_baseline,baseline,pipeline,pinned,ECB,33554432,12,33554432:ECB:12,17f66bdde2a7832aea2dcc41b0ea609807b453cf5ca4b63be53f68793e70316b,3,1113,True,,5438.220777284849,1224.2702598174965,0.006170112133026123,0.0274077,10571600,6170112.133026123,10518000,21089600,27407700,,,,,,
3360d814-a7e0-4cb6-90e9-6baac00bb485,2005,AES-128,encrypt,cpu_aesni,aesni,transform,bytes,ECB,33554432,12,33554432:ECB:12,17f66bdde2a7832aea2dcc41b0ea609807b453cf5ca4b63be53f68793e70316b,4,1114,True,,,,,,,,,,,19935600,0.0199356,1683.1413150344108,15625000,0.7837737514797648,
3360d814-a7e0-4cb6-90e9-6baac00bb485,2005,AES-128,encrypt,cuda_optimized_v1,optimized,pipeline,pinned,ECB,33554432,12,33554432:ECB:12,17f66bdde2a7832aea2dcc41b0ea609807b453cf5ca4b63be53f68793e70316b,5,1115,True,,5544.5302731211705,1245.65866407297,0.006051807880401611,0.0269371,10566300,6051807.880401611,10189700,20756000,26937100,,,,,,
3360d814-a7e0-4cb6-90e9-6baac00bb485,2005,AES-128,encrypt,cpu_software,software,transform,bytes,ECB,33554432,13,33554432:ECB:13,0662748f3532a2eb6ff23de7d919f02e17be774dbac4f0e244a952cfb3222171,0,1116,True,,,,,,,,,,,124142200,0.1241422,270.2902961281498,125000000,1.0069098179345943,
3360d814-a7e0-4cb6-90e9-6baac00bb485,2005,AES-128,encrypt,cpu_aesni,aesni,transform,bytes,ECB,33554432,13,33554432:ECB:13,0662748f3532a2eb6ff23de7d919f02e17be774dbac4f0e244a952cfb3222171,1,1117,True,,,,,,,,,,,19887900,0.0198879,1687.1782340015789,0,0.0,
3360d814-a7e0-4cb6-90e9-6baac00bb485,2005,AES-128,encrypt,cuda_optimized_v1,optimized,pipeline,pinned,ECB,33554432,13,33554432:ECB:13,0662748f3532a2eb6ff23de7d919f02e17be774dbac4f0e244a952cfb3222171,2,1118,True,,5496.459276435594,1257.5398199575754,0.0061047358512878415,0.0266826,10305600,6104735.851287842,10164300,20469900,26682600,,,,,,
3360d814-a7e0-4cb6-90e9-6baac00bb485,2005,AES-128,encrypt,cuda_baseline,baseline,resident,pinned,ECB,33554432,13,33554432:ECB:13,0662748f3532a2eb6ff23de7d919f02e17be774dbac4f0e244a952cfb3222171,3,1119,True,1,5641.752065679279,,0.005947519779205322,,,5947519.779205322,,,,,,,,,5947519.779205322
3360d814-a7e0-4cb6-90e9-6baac00bb485,2005,AES-128,encrypt,cuda_baseline,baseline,pipeline,pinned,ECB,33554432,13,33554432:ECB:13,0662748f3532a2eb6ff23de7d919f02e17be774dbac4f0e244a952cfb3222171,4,1120,True,,5656.573706073976,1205.9788523329285,0.005931935787200928,0.0278234,11192600,5931935.787200928,10480900,21673500,27823400,,,,,,
3360d814-a7e0-4cb6-90e9-6baac00bb485,2005,AES-128,encrypt,cuda_optimized_v1,optimized,resident,pinned,ECB,33554432,13,33554432:ECB:13,0662748f3532a2eb6ff23de7d919f02e17be774dbac4f0e244a952cfb3222171,5,1121,True,1,5653.767766976088,,0.0059348797798156735,,,5934879.779815674,,,,,,,,,5934879.779815674
3360d814-a7e0-4cb6-90e9-6baac00bb485,2005,AES-128,encrypt,cpu_aesni,aesni,transform,bytes,CTR,33554432,13,33554432:CTR:13,a1c042e2411d4ae78e9b56db7c4ebc0392d53a3d2ec307b42abd24f61ec25168,0,1122,True,,,,,,,,,,,25489300,0.0254893,1316.4124554224713,15625000,0.6130023186199699,
3360d814-a7e0-4cb6-90e9-6baac00bb485,2005,AES-128,encrypt,cuda_baseline,baseline,resident,pinned,CTR,33554432,13,33554432:CTR:13,a1c042e2411d4ae78e9b56db7c4ebc0392d53a3d2ec307b42abd24f61ec25168,1,1123,True,1,5371.19777387579,,0.006247104167938233,,,6247104.167938232,,,,,,,,,6247104.167938232
3360d814-a7e0-4cb6-90e9-6baac00bb485,2005,AES-128,encrypt,cuda_baseline,baseline,pipeline,pinned,CTR,33554432,13,33554432:CTR:13,a1c042e2411d4ae78e9b56db7c4ebc0392d53a3d2ec307b42abd24f61ec25168,2,1124,True,,5461.873754779147,1250.5005813780149,0.006143392086029053,0.0268328,10439600,6143392.086029053,10125300,20564900,26832800,,,,,,
3360d814-a7e0-4cb6-90e9-6baac00bb485,2005,AES-128,encrypt,cpu_software,software,transform,bytes,CTR,33554432,13,33554432:CTR:13,a1c042e2411d4ae78e9b56db7c4ebc0392d53a3d2ec307b42abd24f61ec25168,3,1125,True,,,,,,,,,,,127487400,0.1274874,263.19802584412264,140625000,1.103050183782868,
3360d814-a7e0-4cb6-90e9-6baac00bb485,2005,AES-128,encrypt,cuda_optimized_v1,optimized,pipeline,pinned,CTR,33554432,13,33554432:CTR:13,a1c042e2411d4ae78e9b56db7c4ebc0392d53a3d2ec307b42abd24f61ec25168,4,1126,True,,4750.663628154324,1182.5850608660103,0.0070631041526794435,0.0283738,10443700,7063104.152679443,10719000,21162700,28373800,,,,,,
3360d814-a7e0-4cb6-90e9-6baac00bb485,2005,AES-128,encrypt,cuda_optimized_v1,optimized,resident,pinned,CTR,33554432,13,33554432:CTR:13,a1c042e2411d4ae78e9b56db7c4ebc0392d53a3d2ec307b42abd24f61ec25168,5,1127,True,1,4769.89694464001,,0.007034624099731445,,,7034624.099731445,,,,,,,,,7034624.099731445
3360d814-a7e0-4cb6-90e9-6baac00bb485,2005,AES-128,encrypt,cuda_baseline,baseline,pipeline,pinned,CTR,33554432,14,33554432:CTR:14,1642ef63964895a62c1115a599a0132e62fff39014a2683a02bb9d8defed444d,0,1128,True,,4268.125569055495,1170.6245878933983,0.007861631870269776,0.0286637,10393600,7861631.870269775,10259000,20652600,28663700,,,,,,
3360d814-a7e0-4cb6-90e9-6baac00bb485,2005,AES-128,encrypt,cuda_baseline,baseline,resident,pinned,CTR,33554432,14,33554432:CTR:14,1642ef63964895a62c1115a599a0132e62fff39014a2683a02bb9d8defed444d,1,1129,True,1,4287.461882532415,,0.007826176166534424,,,7826176.166534424,,,,,,,,,7826176.166534424
3360d814-a7e0-4cb6-90e9-6baac00bb485,2005,AES-128,encrypt,cpu_software,software,transform,bytes,CTR,33554432,14,33554432:CTR:14,1642ef63964895a62c1115a599a0132e62fff39014a2683a02bb9d8defed444d,2,1130,True,,,,,,,,,,,136645400,0.1366454,245.55844543614347,140625000,1.0291235562997365,
3360d814-a7e0-4cb6-90e9-6baac00bb485,2005,AES-128,encrypt,cuda_optimized_v1,optimized,pipeline,pinned,CTR,33554432,14,33554432:CTR:14,1642ef63964895a62c1115a599a0132e62fff39014a2683a02bb9d8defed444d,3,1131,True,,4258.764677032811,1186.1761389145183,0.0078789119720459,0.0282879,10256300,7878911.972045898,10079000,20335300,28287900,,,,,,
3360d814-a7e0-4cb6-90e9-6baac00bb485,2005,AES-128,encrypt,cuda_optimized_v1,optimized,resident,pinned,CTR,33554432,14,33554432:CTR:14,1642ef63964895a62c1115a599a0132e62fff39014a2683a02bb9d8defed444d,4,1132,True,1,4179.025359164689,,0.008029248237609863,,,8029248.237609863,,,,,,,,,8029248.237609863
3360d814-a7e0-4cb6-90e9-6baac00bb485,2005,AES-128,encrypt,cpu_aesni,aesni,transform,bytes,CTR,33554432,14,33554432:CTR:14,1642ef63964895a62c1115a599a0132e62fff39014a2683a02bb9d8defed444d,5,1133,True,,,,,,,,,,,22034500,0.0220345,1522.813406249291,15625000,0.7091152510835281,
3360d814-a7e0-4cb6-90e9-6baac00bb485,2005,AES-128,encrypt,cpu_aesni,aesni,transform,bytes,ECB,33554432,14,33554432:ECB:14,e254c056ebbb71b75985ab93da5ef847f5f90c6f237972cb5db2d6fd30f8876e,0,1134,True,,,,,,,,,,,17500900,0.0175009,1917.2975104137502,0,0.0,
3360d814-a7e0-4cb6-90e9-6baac00bb485,2005,AES-128,encrypt,cuda_baseline,baseline,resident,pinned,ECB,33554432,14,33554432:ECB:14,e254c056ebbb71b75985ab93da5ef847f5f90c6f237972cb5db2d6fd30f8876e,1,1135,True,1,3341.8619141789604,,0.010040639877319336,,,10040639.877319336,,,,,,,,,10040639.877319336
3360d814-a7e0-4cb6-90e9-6baac00bb485,2005,AES-128,encrypt,cuda_optimized_v1,optimized,resident,pinned,ECB,33554432,14,33554432:ECB:14,e254c056ebbb71b75985ab93da5ef847f5f90c6f237972cb5db2d6fd30f8876e,2,1136,True,1,3365.458927165329,,0.009970239639282227,,,9970239.639282227,,,,,,,,,9970239.639282227
3360d814-a7e0-4cb6-90e9-6baac00bb485,2005,AES-128,encrypt,cuda_baseline,baseline,pipeline,pinned,ECB,33554432,14,33554432:ECB:14,e254c056ebbb71b75985ab93da5ef847f5f90c6f237972cb5db2d6fd30f8876e,3,1137,True,,3357.52769414147,650.9318833016802,0.009993791580200195,0.0515483,20903300,9993791.580200195,20514400,41417700,51548300,,,,,,
3360d814-a7e0-4cb6-90e9-6baac00bb485,2005,AES-128,encrypt,cuda_optimized_v1,optimized,pipeline,pinned,ECB,33554432,14,33554432:ECB:14,e254c056ebbb71b75985ab93da5ef847f5f90c6f237972cb5db2d6fd30f8876e,4,1138,True,,3299.2347334958426,644.2442697673347,0.010170368194580079,0.0520834,20672000,10170368.194580078,21088900,41760900,52083400,,,,,,
3360d814-a7e0-4cb6-90e9-6baac00bb485,2005,AES-128,encrypt,cpu_software,software,transform,bytes,ECB,33554432,14,33554432:ECB:14,e254c056ebbb71b75985ab93da5ef847f5f90c6f237972cb5db2d6fd30f8876e,5,1139,True,,,,,,,,,,,118824900,0.1188249,282.38552693921895,109375000,0.9204720559411369,
3360d814-a7e0-4cb6-90e9-6baac00bb485,2005,AES-128,encrypt,cuda_optimized_v1,optimized,pipeline,pinned,CTR,33554432,15,33554432:CTR:15,2236409a341c267aa0385b7b41c3a3f3efb60eb66c2414d36ad5642752e90cf8,0,1140,True,,8066.713863115156,2240.6218156321993,0.004159615993499756,0.0149755,5350700,4159615.993499756,5325100,10675800,14975500,,,,,,
3360d814-a7e0-4cb6-90e9-6baac00bb485,2005,AES-128,encrypt,cpu_software,software,transform,bytes,CTR,33554432,15,33554432:CTR:15,2236409a341c267aa0385b7b41c3a3f3efb60eb66c2414d36ad5642752e90cf8,1,1141,True,,,,,,,,,,,145697900,0.1456979,230.30141134498163,156250000,1.0724245167569333,
3360d814-a7e0-4cb6-90e9-6baac00bb485,2005,AES-128,encrypt,cuda_baseline,baseline,resident,pinned,CTR,33554432,15,33554432:CTR:15,2236409a341c267aa0385b7b41c3a3f3efb60eb66c2414d36ad5642752e90cf8,2,1142,True,1,8237.369737335242,,0.004073440074920654,,,4073440.0749206543,,,,,,,,,4073440.0749206543
3360d814-a7e0-4cb6-90e9-6baac00bb485,2005,AES-128,encrypt,cuda_baseline,baseline,pipeline,pinned,CTR,33554432,15,33554432:CTR:15,2236409a341c267aa0385b7b41c3a3f3efb60eb66c2414d36ad5642752e90cf8,3,1143,True,,8226.641792350805,2289.8109705332404,0.0040787520408630375,0.0146538,5289600,4078752.040863037,5217300,10506900,14653800,,,,,,
3360d814-a7e0-4cb6-90e9-6baac00bb485,2005,AES-128,encrypt,cuda_optimized_v1,optimized,resident,pinned,CTR,33554432,15,33554432:CTR:15,2236409a341c267aa0385b7b41c3a3f3efb60eb66c2414d36ad5642752e90cf8,4,1144,True,1,7914.73664080795,,0.004239488124847412,,,4239488.124847412,,,,,,,,,4239488.124847412
3360d814-a7e0-4cb6-90e9-6baac00bb485,2005,AES-128,encrypt,cpu_aesni,aesni,transform,bytes,CTR,33554432,15,33554432:CTR:15,2236409a341c267aa0385b7b41c3a3f3efb60eb66c2414d36ad5642752e90cf8,5,1145,True,,,,,,,,,,,22226000,0.022226,1509.6927922253217,31250000,1.4060109781337173,
3360d814-a7e0-4cb6-90e9-6baac00bb485,2005,AES-128,encrypt,cpu_aesni,aesni,transform,bytes,ECB,33554432,15,33554432:ECB:15,544ac505b5badad5ce4ad1053e211992c3ec59902ea5d9e1152bf6098daea134,0,1146,True,,,,,,,,,,,17350600,0.0173506,1933.9061473378442,31250000,1.801090452203382,
3360d814-a7e0-4cb6-90e9-6baac00bb485,2005,AES-128,encrypt,cuda_optimized_v1,optimized,pipeline,pinned,ECB,33554432,15,33554432:ECB:15,544ac505b5badad5ce4ad1053e211992c3ec59902ea5d9e1152bf6098daea134,1,1147,True,,8362.650571118975,2286.7679390457497,0.004012415885925293,0.0146733,5322300,4012415.885925293,5237600,10559900,14673300,,,,,,
3360d814-a7e0-4cb6-90e9-6baac00bb485,2005,AES-128,encrypt,cuda_optimized_v1,optimized,resident,pinned,ECB,33554432,15,33554432:ECB:15,544ac505b5badad5ce4ad1053e211992c3ec59902ea5d9e1152bf6098daea134,2,1148,True,1,8375.742761157333,,0.0040061440467834475,,,4006144.0467834473,,,,,,,,,4006144.0467834473
3360d814-a7e0-4cb6-90e9-6baac00bb485,2005,AES-128,encrypt,cpu_software,software,transform,bytes,ECB,33554432,15,33554432:ECB:15,544ac505b5badad5ce4ad1053e211992c3ec59902ea5d9e1152bf6098daea134,3,1149,True,,,,,,,,,,,134771600,0.1347716,248.9725728565959,125000000,0.9274951102457788,
3360d814-a7e0-4cb6-90e9-6baac00bb485,2005,AES-128,encrypt,cuda_baseline,baseline,resident,pinned,ECB,33554432,15,33554432:ECB:15,544ac505b5badad5ce4ad1053e211992c3ec59902ea5d9e1152bf6098daea134,4,1150,True,1,8515.177837545973,,0.00394054388999939,,,3940543.8899993896,,,,,,,,,3940543.8899993896
3360d814-a7e0-4cb6-90e9-6baac00bb485,2005,AES-128,encrypt,cuda_baseline,baseline,pipeline,pinned,ECB,33554432,15,33554432:ECB:15,544ac505b5badad5ce4ad1053e211992c3ec59902ea5d9e1152bf6098daea134,5,1151,True,,8263.140110066473,2157.35570771852,0.0040607361793518065,0.0155535,5478100,4060736.1793518066,5812500,11290600,15553500,,,,,,
3360d814-a7e0-4cb6-90e9-6baac00bb485,2005,AES-128,encrypt,cpu_aesni,aesni,transform,bytes,CTR,33554432,16,33554432:CTR:16,3607ac075b8d9cedae63f1ba04513d7b13eea147052a695e278f4a38b889f115,0,1152,True,,,,,,,,,,,22923400,0.0229234,1463.7633160874914,15625000,0.6816179100831464,
3360d814-a7e0-4cb6-90e9-6baac00bb485,2005,AES-128,encrypt,cuda_baseline,baseline,pipeline,pinned,CTR,33554432,16,33554432:CTR:16,3607ac075b8d9cedae63f1ba04513d7b13eea147052a695e278f4a38b889f115,1,1153,True,,7928.082008460452,2220.3391939016565,0.004232351779937744,0.0151123,5375800,4232351.779937744,5375000,10750800,15112300,,,,,,
3360d814-a7e0-4cb6-90e9-6baac00bb485,2005,AES-128,encrypt,cuda_optimized_v1,optimized,resident,pinned,CTR,33554432,16,33554432:CTR:16,3607ac075b8d9cedae63f1ba04513d7b13eea147052a695e278f4a38b889f115,2,1154,True,1,7941.17043652322,,0.00422537612915039,,,4225376.129150391,,,,,,,,,4225376.129150391
3360d814-a7e0-4cb6-90e9-6baac00bb485,2005,AES-128,encrypt,cpu_software,software,transform,bytes,CTR,33554432,16,33554432:CTR:16,3607ac075b8d9cedae63f1ba04513d7b13eea147052a695e278f4a38b889f115,3,1155,True,,,,,,,,,,,125138000,0.125138,268.1394300692036,125000000,0.998897217471911,
3360d814-a7e0-4cb6-90e9-6baac00bb485,2005,AES-128,encrypt,cuda_optimized_v1,optimized,pipeline,pinned,CTR,33554432,16,33554432:CTR:16,3607ac075b8d9cedae63f1ba04513d7b13eea147052a695e278f4a38b889f115,4,1156,True,,4122.58757697337,1159.840996605623,0.008139167785644531,0.0289302,10497600,8139167.785644531,10175300,20672900,28930200,,,,,,
3360d814-a7e0-4cb6-90e9-6baac00bb485,2005,AES-128,encrypt,cuda_baseline,baseline,resident,pinned,CTR,33554432,16,33554432:CTR:16,3607ac075b8d9cedae63f1ba04513d7b13eea147052a695e278f4a38b889f115,5,1157,True,1,4153.351790374109,,0.008078880310058593,,,8078880.310058594,,,,,,,,,8078880.310058594
3360d814-a7e0-4cb6-90e9-6baac00bb485,2005,AES-128,encrypt,cuda_optimized_v1,optimized,pipeline,pinned,ECB,33554432,16,33554432:ECB:16,03049956a8848a4ff173cea4e8b228fc04905f4caf232128cdf4bff7bf6096d6,0,1158,True,,3474.890575173244,700.6943788971629,0.009656255722045898,0.0478874,17706800,9656255.722045898,20379300,38086100,47887400,,,,,,
3360d814-a7e0-4cb6-90e9-6baac00bb485,2005,AES-128,encrypt,cuda_baseline,baseline,pipeline,pinned,ECB,33554432,16,33554432:ECB:16,03049956a8848a4ff173cea4e8b228fc04905f4caf232128cdf4bff7bf6096d6,1,1159,True,,3463.2298616585017,653.7715394627116,0.00968876838684082,0.0513244,20664900,9688768.38684082,20825100,41490000,51324400,,,,,,
3360d814-a7e0-4cb6-90e9-6baac00bb485,2005,AES-128,encrypt,cpu_software,software,transform,bytes,ECB,33554432,16,33554432:ECB:16,03049956a8848a4ff173cea4e8b228fc04905f4caf232128cdf4bff7bf6096d6,2,1160,True,,,,,,,,,,,134721100,0.1347211,249.065899847908,125000000,0.9278427803810985,
3360d814-a7e0-4cb6-90e9-6baac00bb485,2005,AES-128,encrypt,cpu_aesni,aesni,transform,bytes,ECB,33554432,16,33554432:ECB:16,03049956a8848a4ff173cea4e8b228fc04905f4caf232128cdf4bff7bf6096d6,3,1161,True,,,,,,,,,,,19544500,0.0195445,1716.8222262017448,31250000,1.5989152958632864,
3360d814-a7e0-4cb6-90e9-6baac00bb485,2005,AES-128,encrypt,cuda_optimized_v1,optimized,resident,pinned,ECB,33554432,16,33554432:ECB:16,03049956a8848a4ff173cea4e8b228fc04905f4caf232128cdf4bff7bf6096d6,4,1162,True,1,4600.975106211977,,0.007292895793914795,,,7292895.793914795,,,,,,,,,7292895.793914795
3360d814-a7e0-4cb6-90e9-6baac00bb485,2005,AES-128,encrypt,cuda_baseline,baseline,resident,pinned,ECB,33554432,16,33554432:ECB:16,03049956a8848a4ff173cea4e8b228fc04905f4caf232128cdf4bff7bf6096d6,5,1163,True,1,4662.74160964291,,0.007196288108825683,,,7196288.108825684,,,,,,,,,7196288.108825684
3360d814-a7e0-4cb6-90e9-6baac00bb485,2005,AES-128,encrypt,cuda_baseline,baseline,resident,pinned,CTR,33554432,17,33554432:CTR:17,588475f8835341a05f34fc0cd79d12204ce8bb415f9abf0a16aa4924fbf97230,0,1164,True,1,4486.980712312387,,0.007478176116943359,,,7478176.116943359,,,,,,,,,7478176.116943359
3360d814-a7e0-4cb6-90e9-6baac00bb485,2005,AES-128,encrypt,cuda_optimized_v1,optimized,pipeline,pinned,CTR,33554432,17,33554432:CTR:17,588475f8835341a05f34fc0cd79d12204ce8bb415f9abf0a16aa4924fbf97230,1,1165,True,,4323.507618446623,1174.2172452407615,0.007760928153991699,0.028576,10311700,7760928.153991699,10364000,20675700,28576000,,,,,,
3360d814-a7e0-4cb6-90e9-6baac00bb485,2005,AES-128,encrypt,cuda_baseline,baseline,pipeline,pinned,CTR,33554432,17,33554432:CTR:17,588475f8835341a05f34fc0cd79d12204ce8bb415f9abf0a16aa4924fbf97230,2,1166,True,,4378.718028715619,1122.4845950556987,0.007663072109222412,0.029893,10969300,7663072.109222412,11040000,22009300,29893000,,,,,,
3360d814-a7e0-4cb6-90e9-6baac00bb485,2005,AES-128,encrypt,cpu_software,software,transform,bytes,CTR,33554432,17,33554432:CTR:17,588475f8835341a05f34fc0cd79d12204ce8bb415f9abf0a16aa4924fbf97230,3,1167,True,,,,,,,,,,,129880100,0.1298801,258.34929292478216,125000000,0.9624261145471862,
3360d814-a7e0-4cb6-90e9-6baac00bb485,2005,AES-128,encrypt,cpu_aesni,aesni,transform,bytes,CTR,33554432,17,33554432:CTR:17,588475f8835341a05f34fc0cd79d12204ce8bb415f9abf0a16aa4924fbf97230,4,1168,True,,,,,,,,,,,23021200,0.0230212,1457.5448716834917,31250000,1.3574444425138568,
3360d814-a7e0-4cb6-90e9-6baac00bb485,2005,AES-128,encrypt,cuda_optimized_v1,optimized,resident,pinned,CTR,33554432,17,33554432:CTR:17,588475f8835341a05f34fc0cd79d12204ce8bb415f9abf0a16aa4924fbf97230,5,1169,True,1,4407.48514053245,,0.0076130561828613285,,,7613056.182861328,,,,,,,,,7613056.182861328
3360d814-a7e0-4cb6-90e9-6baac00bb485,2005,AES-128,encrypt,cuda_optimized_v1,optimized,pipeline,pinned,ECB,33554432,17,33554432:ECB:17,00fef15b0130595d6af2f88d3e6827733ddb24bac11c0051e0974a78b8caea46,0,1170,True,,4490.4587488877505,1190.156242795274,0.007472383975982666,0.0281933,10351400,7472383.975982666,10214400,20565800,28193300,,,,,,
3360d814-a7e0-4cb6-90e9-6baac00bb485,2005,AES-128,encrypt,cpu_aesni,aesni,transform,bytes,ECB,33554432,17,33554432:ECB:17,00fef15b0130595d6af2f88d3e6827733ddb24bac11c0051e0974a78b8caea46,1,1171,True,,,,,,,,,,,17309600,0.0173096,1938.4868512270648,31250000,1.805356565143042,
3360d814-a7e0-4cb6-90e9-6baac00bb485,2005,AES-128,encrypt,cuda_baseline,baseline,resident,pinned,ECB,33554432,17,33554432:ECB:17,00fef15b0130595d6af2f88d3e6827733ddb24bac11c0051e0974a78b8caea46,2,1172,True,1,4530.581888375596,,0.007406208038330078,,,7406208.038330078,,,,,,,,,7406208.038330078
3360d814-a7e0-4cb6-90e9-6baac00bb485,2005,AES-128,encrypt,cuda_optimized_v1,optimized,resident,pinned,ECB,33554432,17,33554432:ECB:17,00fef15b0130595d6af2f88d3e6827733ddb24bac11c0051e0974a78b8caea46,3,1173,True,1,4536.7564209377915,,0.007396128177642822,,,7396128.177642822,,,,,,,,,7396128.177642822
3360d814-a7e0-4cb6-90e9-6baac00bb485,2005,AES-128,encrypt,cpu_software,software,transform,bytes,ECB,33554432,17,33554432:ECB:17,00fef15b0130595d6af2f88d3e6827733ddb24bac11c0051e0974a78b8caea46,4,1174,True,,,,,,,,,,,118422500,0.1184225,283.34507378243154,125000000,1.0555426544786675,
3360d814-a7e0-4cb6-90e9-6baac00bb485,2005,AES-128,encrypt,cuda_baseline,baseline,pipeline,pinned,ECB,33554432,17,33554432:ECB:17,00fef15b0130595d6af2f88d3e6827733ddb24bac11c0051e0974a78b8caea46,5,1175,True,,4487.825745634528,1194.9796826866575,0.0074767680168151855,0.0280795,10338700,7476768.016815186,10151400,20490100,28079500,,,,,,
3360d814-a7e0-4cb6-90e9-6baac00bb485,2005,AES-128,encrypt,cpu_software,software,transform,bytes,CTR,33554432,18,33554432:CTR:18,bf8714b29b453602b8e2e86ade8d51b1d7f477d87baefd7d8f8f39e06e9f73d4,0,1176,True,,,,,,,,,,,126829700,0.1268297,264.5628902378544,125000000,0.9855735683361232,
3360d814-a7e0-4cb6-90e9-6baac00bb485,2005,AES-128,encrypt,cuda_baseline,baseline,resident,pinned,CTR,33554432,18,33554432:CTR:18,bf8714b29b453602b8e2e86ade8d51b1d7f477d87baefd7d8f8f39e06e9f73d4,1,1177,True,1,4387.934789627228,,0.007646975994110107,,,7646975.994110107,,,,,,,,,7646975.994110107
3360d814-a7e0-4cb6-90e9-6baac00bb485,2005,AES-128,encrypt,cuda_optimized_v1,optimized,resident,pinned,CTR,33554432,18,33554432:CTR:18,bf8714b29b453602b8e2e86ade8d51b1d7f477d87baefd7d8f8f39e06e9f73d4,2,1178,True,1,4387.071976363129,,0.00764847993850708,,,7648479.93850708,,,,,,,,,7648479.93850708
3360d814-a7e0-4cb6-90e9-6baac00bb485,2005,AES-128,encrypt,cuda_optimized_v1,optimized,pipeline,pinned,CTR,33554432,18,33554432:CTR:18,bf8714b29b453602b8e2e86ade8d51b1d7f477d87baefd7d8f8f39e06e9f73d4,3,1179,True,,4476.617300068999,1195.5629983823728,0.007495488166809082,0.0280658,10313300,7495488.166809082,10161700,20475000,28065800,,,,,,
3360d814-a7e0-4cb6-90e9-6baac00bb485,2005,AES-128,encrypt,cuda_baseline,baseline,pipeline,pinned,CTR,33554432,18,33554432:CTR:18,bf8714b29b453602b8e2e86ade8d51b1d7f477d87baefd7d8f8f39e06e9f73d4,4,1180,True,,4810.930488140335,1207.7411923924155,0.006974624156951904,0.0277828,10454700,6974624.156951904,10200100,20654800,27782800,,,,,,
3360d814-a7e0-4cb6-90e9-6baac00bb485,2005,AES-128,encrypt,cpu_aesni,aesni,transform,bytes,CTR,33554432,18,33554432:CTR:18,bf8714b29b453602b8e2e86ade8d51b1d7f477d87baefd7d8f8f39e06e9f73d4,5,1181,True,,,,,,,,,,,26283100,0.0262831,1276.6542759415747,15625000,0.5944884735818834,
3360d814-a7e0-4cb6-90e9-6baac00bb485,2005,AES-128,encrypt,cuda_optimized_v1,optimized,resident,pinned,ECB,33554432,18,33554432:ECB:18,524054ce7ef7ff90eac104c21f5a9ba6ed6f6f1b8007ef5c7cdb4b3fe8a18fd5,0,1182,True,1,4884.981802487297,,0.006868896007537842,,,6868896.007537842,,,,,,,,,6868896.007537842
3360d814-a7e0-4cb6-90e9-6baac00bb485,2005,AES-128,encrypt,cpu_software,software,transform,bytes,ECB,33554432,18,33554432:ECB:18,524054ce7ef7ff90eac104c21f5a9ba6ed6f6f1b8007ef5c7cdb4b3fe8a18fd5,1,1183,True,,,,,,,,,,,121333000,0.121333,276.5482762315281,125000000,1.0302226105016772,
3360d814-a7e0-4cb6-90e9-6baac00bb485,2005,AES-128,encrypt,cuda_baseline,baseline,pipeline,pinned,ECB,33554432,18,33554432:ECB:18,524054ce7ef7ff90eac104c21f5a9ba6ed6f6f1b8007ef5c7cdb4b3fe8a18fd5,2,1184,True,,4956.915497957288,1225.508838568298,0.006769216060638428,0.02738,10288800,6769216.060638428,10167900,20456700,27380000,,,,,,
3360d814-a7e0-4cb6-90e9-6baac00bb485,2005,AES-128,encrypt,cpu_aesni,aesni,transform,bytes,ECB,33554432,18,33554432:ECB:18,524054ce7ef7ff90eac104c21f5a9ba6ed6f6f1b8007ef5c7cdb4b3fe8a18fd5,3,1185,True,,,,,,,,,,,17690300,0.0176903,1896.7700943454888,15625000,0.8832524038597424,
3360d814-a7e0-4cb6-90e9-6baac00bb485,2005,AES-128,encrypt,cuda_optimized_v1,optimized,pipeline,pinned,ECB,33554432,18,33554432:ECB:18,524054ce7ef7ff90eac104c21f5a9ba6ed6f6f1b8007ef5c7cdb4b3fe8a18fd5,4,1186,True,,4893.896400245388,1212.003279742533,0.006856383800506592,0.0276851,10371100,6856383.800506592,10353700,20724800,27685100,,,,,,
3360d814-a7e0-4cb6-90e9-6baac00bb485,2005,AES-128,encrypt,cuda_baseline,baseline,resident,pinned,ECB,33554432,18,33554432:ECB:18,524054ce7ef7ff90eac104c21f5a9ba6ed6f6f1b8007ef5c7cdb4b3fe8a18fd5,5,1187,True,1,4944.293962152887,,0.006786496162414551,,,6786496.162414551,,,,,,,,,6786496.162414551
3360d814-a7e0-4cb6-90e9-6baac00bb485,2005,AES-128,encrypt,cuda_baseline,baseline,pipeline,pinned,CTR,33554432,19,33554432:CTR:19,54329946e38b5e21175574abaebc3d1e0553606e666fd167e7467f89857f2217,0,1188,True,,4714.226753038577,1206.1262401150252,0.007117695808410644,0.02782,10340200,7117695.8084106445,10242300,20582500,27820000,,,,,,
3360d814-a7e0-4cb6-90e9-6baac00bb485,2005,AES-128,encrypt,cuda_baseline,baseline,resident,pinned,CTR,33554432,19,33554432:CTR:19,54329946e38b5e21175574abaebc3d1e0553606e666fd167e7467f89857f2217,1,1189,True,1,4809.25362685253,,0.00697705602645874,,,6977056.02645874,,,,,,,,,6977056.02645874
3360d814-a7e0-4cb6-90e9-6baac00bb485,2005,AES-128,encrypt,cuda_optimized_v1,optimized,resident,pinned,CTR,33554432,19,33554432:CTR:19,54329946e38b5e21175574abaebc3d1e0553606e666fd167e7467f89857f2217,2,1190,True,1,4815.128091239034,,0.006968544006347656,,,6968544.006347656,,,,,,,,,6968544.006347656
3360d814-a7e0-4cb6-90e9-6baac00bb485,2005,AES-128,encrypt,cpu_software,software,transform,bytes,CTR,33554432,19,33554432:CTR:19,54329946e38b5e21175574abaebc3d1e0553606e666fd167e7467f89857f2217,3,1191,True,,,,,,,,,,,128234300,0.1282343,261.66503033899664,125000000,0.9747781989686067,
3360d814-a7e0-4cb6-90e9-6baac00bb485,2005,AES-128,encrypt,cpu_aesni,aesni,transform,bytes,CTR,33554432,19,33554432:CTR:19,54329946e38b5e21175574abaebc3d1e0553606e666fd167e7467f89857f2217,4,1192,True,,,,,,,,,,,22204100,0.0222041,1511.181808765048,15625000,0.70369886642557,
3360d814-a7e0-4cb6-90e9-6baac00bb485,2005,AES-128,encrypt,cuda_optimized_v1,optimized,pipeline,pinned,CTR,33554432,19,33554432:CTR:19,54329946e38b5e21175574abaebc3d1e0553606e666fd167e7467f89857f2217,5,1193,True,,4726.381117784836,1179.2850013355264,0.00709939193725586,0.0284532,10362600,7099391.937255859,10844200,21206800,28453200,,,,,,
3360d814-a7e0-4cb6-90e9-6baac00bb485,2005,AES-128,encrypt,cuda_optimized_v1,optimized,pipeline,pinned,ECB,33554432,19,33554432:ECB:19,78a10ae5cb9a73aef6ea6d9e05df5887554aaf942e66ff0d3d792c63b7511118,0,1194,True,,4851.1944635462805,1195.7802905843403,0.006916736125946045,0.0280607,10498100,6916736.125946045,10510300,21008400,28060700,,,,,,
3360d814-a7e0-4cb6-90e9-6baac00bb485,2005,AES-128,encrypt,cuda_baseline,baseline,pipeline,pinned,ECB,33554432,19,33554432:ECB:19,78a10ae5cb9a73aef6ea6d9e05df5887554aaf942e66ff0d3d792c63b7511118,1,1195,True,,4959.846459645639,1201.8149127142744,0.006765215873718262,0.0279198,10686200,6765215.873718262,10349900,21036100,27919800,,,,,,
3360d814-a7e0-4cb6-90e9-6baac00bb485,2005,AES-128,encrypt,cuda_baseline,baseline,resident,pinned,ECB,33554432,19,33554432:ECB:19,78a10ae5cb9a73aef6ea6d9e05df5887554aaf942e66ff0d3d792c63b7511118,2,1196,True,1,4933.407220855203,,0.006801472187042236,,,6801472.187042236,,,,,,,,,6801472.187042236
3360d814-a7e0-4cb6-90e9-6baac00bb485,2005,AES-128,encrypt,cuda_optimized_v1,optimized,resident,pinned,ECB,33554432,19,33554432:ECB:19,78a10ae5cb9a73aef6ea6d9e05df5887554aaf942e66ff0d3d792c63b7511118,3,1197,True,1,4993.480696816512,,0.006719647884368896,,,6719647.8843688965,,,,,,,,,6719647.8843688965
3360d814-a7e0-4cb6-90e9-6baac00bb485,2005,AES-128,encrypt,cpu_aesni,aesni,transform,bytes,ECB,33554432,19,33554432:ECB:19,78a10ae5cb9a73aef6ea6d9e05df5887554aaf942e66ff0d3d792c63b7511118,4,1198,True,,,,,,,,,,,17314400,0.0173144,1937.9494524788615,15625000,0.9024280367786351,
3360d814-a7e0-4cb6-90e9-6baac00bb485,2005,AES-128,encrypt,cpu_software,software,transform,bytes,ECB,33554432,19,33554432:ECB:19,78a10ae5cb9a73aef6ea6d9e05df5887554aaf942e66ff0d3d792c63b7511118,5,1199,True,,,,,,,,,,,118815400,0.1188154,282.4081053466133,125000000,1.052052175054749,
