session_id,seed,algorithm,operation,backend,profile,measurement,host_memory,mode,bytes,repeat,pair_id,pair_sha256,job_order,global_order,validation_checked,resident_iterations,kernel_throughput_MB_s,end_to_end_throughput_MB_s,kernel_seconds,end_to_end_seconds,h2d_ns,kernel_ns,d2h_ns,transfer_ns,end_to_end_ns,wall_elapsed_ns,seconds,throughput_MB_s,process_cpu_ns,process_to_wall_ratio,resident_batch_ns
efc8908b-b014-4804-ab95-33de26614148,2006,AES-128,encrypt,cuda_baseline,baseline,pipeline,pinned,ECB,1024,0,1024:ECB:0,b6e862ab8fda9be1244f735cfb007d2e9ca6bec670f1bc8667fe631077c48c24,0,0,True,,22.053756194863684,5.804988662131519,4.643199965357781e-05,0.0001764,39400,46431.999653577805,41900,81300,176400,,,,,,
efc8908b-b014-4804-ab95-33de26614148,2006,AES-128,encrypt,cuda_baseline,baseline,resident,pinned,ECB,1024,0,1024:ECB:0,b6e862ab8fda9be1244f735cfb007d2e9ca6bec670f1bc8667fe631077c48c24,1,1,True,1,20.887728134056953,,4.902400076389313e-05,,,49024.00076389313,,,,,,,,,49024.00076389313
efc8908b-b014-4804-ab95-33de26614148,2006,AES-128,encrypt,cpu_software,software,transform,bytes,ECB,1024,0,1024:ECB:0,b6e862ab8fda9be1244f735cfb007d2e9ca6bec670f1bc8667fe631077c48c24,2,2,True,,,,,,,,,,,8900,8.9e-06,115.0561797752809,0,0.0,
efc8908b-b014-4804-ab95-33de26614148,2006,AES-128,encrypt,cpu_aesni,aesni,transform,bytes,ECB,1024,0,1024:ECB:0,b6e862ab8fda9be1244f735cfb007d2e9ca6bec670f1bc8667fe631077c48c24,3,3,True,,,,,,,,,,,3700,3.7e-06,276.7567567567568,0,0.0,
efc8908b-b014-4804-ab95-33de26614148,2006,AES-128,encrypt,cuda_optimized_v1,optimized,pipeline,pinned,ECB,1024,0,1024:ECB:0,b6e862ab8fda9be1244f735cfb007d2e9ca6bec670f1bc8667fe631077c48c24,4,4,True,,20.618557453888805,5.644983461962513,4.9663998186588286e-05,0.0001814,40200,49663.99818658829,43400,83600,181400,,,,,,
efc8908b-b014-4804-ab95-33de26614148,2006,AES-128,encrypt,cuda_optimized_v1,optimized,resident,pinned,ECB,1024,0,1024:ECB:0,b6e862ab8fda9be1244f735cfb007d2e9ca6bec670f1bc8667fe631077c48c24,5,5,True,1,22.099448027672757,,4.633599892258644e-05,,,46335.99892258644,,,,,,,,,46335.99892258644
efc8908b-b014-4804-ab95-33de26614148,2006,AES-128,encrypt,cpu_software,software,transform,bytes,CTR,1024,0,1024:CTR:0,92e700880d1b9ee5bdb5607af138dfbd46b0d83090f957c56dd21fe569c0babc,0,6,True,,,,,,,,,,,7800,7.8e-06,131.28205128205127,0,0.0,
efc8908b-b014-4804-ab95-33de26614148,2006,AES-128,encrypt,cuda_baseline,baseline,pipeline,pinned,CTR,1024,0,1024:CTR:0,92e700880d1b9ee5bdb5607af138dfbd46b0d83090f957c56dd21fe569c0babc,1,7,True,,21.636241148637495,5.666851134477033,4.732799902558327e-05,0.0001807,40600,47327.99902558327,42400,83000,180700,,,,,,
efc8908b-b014-4804-ab95-33de26614148,2006,AES-128,encrypt,cuda_optimized_v1,optimized,resident,pinned,CTR,1024,0,1024:CTR:0,92e700880d1b9ee5bdb5607af138dfbd46b0d83090f957c56dd21fe569c0babc,2,8,True,1,21.066490539818368,,4.860800132155419e-05,,,48608.001321554184,,,,,,,,,48608.001321554184
efc8908b-b014-4804-ab95-33de26614148,2006,AES-128,encrypt,cuda_baseline,baseline,resident,pinned,CTR,1024,0,1024:CTR:0,92e700880d1b9ee5bdb5607af138dfbd46b0d83090f957c56dd21fe569c0babc,3,9,True,1,20.792723077291985,,4.924799874424934e-05,,,49247.998744249344,,,,,,,,,49247.998744249344
efc8908b-b014-4804-ab95-33de26614148,2006,AES-128,encrypt,cpu_aesni,aesni,transform,bytes,CTR,1024,0,1024:CTR:0,92e700880d1b9ee5bdb5607af138dfbd46b0d83090f957c56dd21fe569c0babc,4,10,True,,,,,,,,,,,6300,6.3e-06,162.53968253968253,0,0.0,
efc8908b-b014-4804-ab95-33de26614148,2006,AES-128,encrypt,cuda_optimized_v1,optimized,pipeline,pinned,CTR,1024,0,1024:CTR:0,92e700880d1b9ee5bdb5607af138dfbd46b0d83090f957c56dd21fe569c0babc,5,11,True,,19.277109005209304,5.601750547045952,5.311999842524528e-05,0.0001828,39800,53119.998425245285,41900,81700,182800,,,,,,
efc8908b-b014-4804-ab95-33de26614148,2006,AES-128,encrypt,cuda_optimized_v1,optimized,pipeline,pinned,ECB,1024,1,1024:ECB:1,7800e496bded9c60739e52b4e6c46f807c55beb580e5df4b6990c97783c2d26e,0,12,True,,21.519838160315402,5.7657657657657655,4.758400097489357e-05,0.0001776,39700,47584.00097489357,41700,81400,177600,,,,,,
efc8908b-b014-4804-ab95-33de26614148,2006,AES-128,encrypt,cuda_baseline,baseline,pipeline,pinned,ECB,1024,1,1024:ECB:1,7800e496bded9c60739e52b4e6c46f807c55beb580e5df4b6990c97783c2d26e,1,13,True,,15.701668928749365,3.632493792124867,6.521599739789963e-05,0.0002819,109800,65215.99739789963,54000,163800,281900,,,,,,
efc8908b-b014-4804-ab95-33de26614148,2006,AES-128,encrypt,cuda_baseline,baseline,resident,pinned,ECB,1024,1,1024:ECB:1,7800e496bded9c60739e52b4e6c46f807c55beb580e5df4b6990c97783c2d26e,2,14,True,1,18.779342138949744,,5.452800169587135e-05,,,54528.00169587135,,,,,,,,,54528.00169587135
efc8908b-b014-4804-ab95-33de26614148,2006,AES-128,encrypt,cpu_software,software,transform,bytes,ECB,1024,1,1024:ECB:1,7800e496bded9c60739e52b4e6c46f807c55beb580e5df4b6990c97783c2d26e,3,15,True,,,,,,,,,,,9300,9.3e-06,110.10752688172043,0,0.0,
efc8908b-b014-4804-ab95-33de26614148,2006,AES-128,encrypt,cpu_aesni,aesni,transform,bytes,ECB,1024,1,1024:ECB:1,7800e496bded9c60739e52b4e6c46f807c55beb580e5df4b6990c97783c2d26e,4,16,True,,,,,,,,,,,3600,3.6e-06,284.44444444444446,0,0.0,
efc8908b-b014-4804-ab95-33de26614148,2006,AES-128,encrypt,cuda_optimized_v1,optimized,resident,pinned,ECB,1024,1,1024:ECB:1,7800e496bded9c60739e52b4e6c46f807c55beb580e5df4b6990c97783c2d26e,5,17,True,1,21.91780735290307,,4.6720001846551896e-05,,,46720.001846551895,,,,,,,,,46720.001846551895
efc8908b-b014-4804-ab95-33de26614148,2006,AES-128,encrypt,cuda_baseline,baseline,pipeline,pinned,CTR,1024,1,1024:CTR:1,a39fb4a64444dd76b285405160d62ef9bacedd7da6a6a39347dae5ebe383caee,0,18,True,,19.138755498239114,5.520215633423181,5.3504001349210736e-05,0.0001855,39800,53504.00134921074,42300,82100,185500,,,,,,
efc8908b-b014-4804-ab95-33de26614148,2006,AES-128,encrypt,cpu_aesni,aesni,transform,bytes,CTR,1024,1,1024:CTR:1,a39fb4a64444dd76b285405160d62ef9bacedd7da6a6a39347dae5ebe383caee,1,19,True,,,,,,,,,,,6100,6.1e-06,167.86885245901638,0,0.0,
efc8908b-b014-4804-ab95-33de26614148,2006,AES-128,encrypt,cuda_baseline,baseline,resident,pinned,CTR,1024,1,1024:CTR:1,a39fb4a64444dd76b285405160d62ef9bacedd7da6a6a39347dae5ebe383caee,2,20,True,1,20.92871156212002,,4.8928000032901765e-05,,,48928.000032901764,,,,,,,,,48928.000032901764
efc8908b-b014-4804-ab95-33de26614148,2006,AES-128,encrypt,cuda_optimized_v1,optimized,resident,pinned,CTR,1024,1,1024:CTR:1,a39fb4a64444dd76b285405160d62ef9bacedd7da6a6a39347dae5ebe383caee,3,21,True,1,20.075281926937922,,5.100800096988678e-05,,,51008.00096988678,,,,,,,,,51008.00096988678
efc8908b-b014-4804-ab95-33de26614148,2006,AES-128,encrypt,cuda_optimized_v1,optimized,pipeline,pinned,CTR,1024,1,1024:CTR:1,a39fb4a64444dd76b285405160d62ef9bacedd7da6a6a39347dae5ebe383caee,4,22,True,,19.370459974693055,5.598687807545106,5.286400020122528e-05,0.0001829,38900,52864.00020122528,42700,81600,182900,,,,,,
efc8908b-b014-4804-ab95-33de26614148,2006,AES-128,encrypt,cpu_software,software,transform,bytes,CTR,1024,1,1024:CTR:1,a39fb4a64444dd76b285405160d62ef9bacedd7da6a6a39347dae5ebe383caee,5,23,True,,,,,,,,,,,9000,9e-06,113.77777777777777,0,0.0,
efc8908b-b014-4804-ab95-33de26614148,2006,AES-128,encrypt,cpu_aesni,aesni,transform,bytes,ECB,1024,2,1024:ECB:2,26364963e2ee0f0038db60f92f6598bf8262e0b6646d66f0915340ea0cd4ccf3,0,24,True,,,,,,,,,,,3500,3.5e-06,292.57142857142856,0,0.0,
efc8908b-b014-4804-ab95-33de26614148,2006,AES-128,encrypt,cuda_baseline,baseline,resident,pinned,ECB,1024,2,1024:ECB:2,26364963e2ee0f0038db60f92f6598bf8262e0b6646d66f0915340ea0cd4ccf3,1,25,True,1,21.72437143583793,,4.713600128889084e-05,,,47136.00128889084,,,,,,,,,47136.00128889084
efc8908b-b014-4804-ab95-33de26614148,2006,AES-128,encrypt,cuda_optimized_v1,optimized,resident,pinned,ECB,1024,2,1024:ECB:2,26364963e2ee0f0038db60f92f6598bf8262e0b6646d66f0915340ea0cd4ccf3,2,26,True,1,21.462106767923274,,4.7711998224258425e-05,,,47711.99822425842,,,,,,,,,47711.99822425842
efc8908b-b014-4804-ab95-33de26614148,2006,AES-128,encrypt,cuda_baseline,baseline,pipeline,pinned,ECB,1024,2,1024:ECB:2,26364963e2ee0f0038db60f92f6598bf8262e0b6646d66f0915340ea0cd4ccf3,3,27,True,,20.176545156080213,5.717476270240089,5.075199902057648e-05,0.0001791,39000,50751.99902057648,42600,81600,179100,,,,,,
efc8908b-b014-4804-ab95-33de26614148,2006,AES-128,encrypt,cpu_software,software,transform,bytes,ECB,1024,2,1024:ECB:2,26364963e2ee0f0038db60f92f6598bf8262e0b6646d66f0915340ea0cd4ccf3,4,28,True,,,,,,,,,,,8700,8.7e-06,117.70114942528735,0,0.0,
efc8908b-b014-4804-ab95-33de26614148,2006,AES-128,encrypt,cuda_optimized_v1,optimized,pipeline,pinned,ECB,1024,2,1024:ECB:2,26364963e2ee0f0038db60f92f6598bf8262e0b6646d66f0915340ea0cd4ccf3,5,29,True,,19.452888093946388,5.620197585071351,5.263999849557876e-05,0.0001822,39300,52639.998495578766,42300,81600,182200,,,,,,
efc8908b-b014-4804-ab95-33de26614148,2006,AES-128,encrypt,cpu_software,software,transform,bytes,CTR,1024,2,1024:CTR:2,9d6895f5639bbdce016c4ebb3b945262a0eddbf477490d5b9ba4e292e365964e,0,30,True,,,,,,,,,,,7400,7.4e-06,138.3783783783784,0,0.0,
efc8908b-b014-4804-ab95-33de26614148,2006,AES-128,encrypt,cpu_aesni,aesni,transform,bytes,CTR,1024,2,1024:CTR:2,9d6895f5639bbdce016c4ebb3b945262a0eddbf477490d5b9ba4e292e365964e,1,31,True,,,,,,,,,,,4000,4e-06,256.0,0,0.0,
efc8908b-b014-4804-ab95-33de26614148,2006,AES-128,encrypt,cuda_baseline,baseline,resident,pinned,CTR,1024,2,1024:CTR:2,9d6895f5639bbdce016c4ebb3b945262a0eddbf477490d5b9ba4e292e365964e,2,32,True,1,20.565553045659797,,4.979199916124344e-05,,,49791.99916124344,,,,,,,,,49791.99916124344
efc8908b-b014-4804-ab95-33de26614148,2006,AES-128,encrypt,cuda_optimized_v1,optimized,pipeline,pinned,CTR,1024,2,1024:CTR:2,9d6895f5639bbdce016c4ebb3b945262a0eddbf477490d5b9ba4e292e365964e,3,33,True,,21.490932852911005,5.720670391061453,4.764800146222115e-05,0.000179,40900,47648.001462221146,42700,83600,179000,,,,,,
efc8908b-b014-4804-ab95-33de26614148,2006,AES-128,encrypt,cuda_optimized_v1,optimized,resident,pinned,CTR,1024,2,1024:CTR:2,9d6895f5639bbdce016c4ebb3b945262a0eddbf477490d5b9ba4e292e365964e,4,34,True,1,19.801980626933982,,5.171199887990952e-05,,,51711.998879909515,,,,,,,,,51711.998879909515
efc8908b-b014-4804-ab95-33de26614148,2006,AES-128,encrypt,cuda_baseline,baseline,pipeline,pinned,CTR,1024,2,1024:CTR:2,9d6895f5639bbdce016c4ebb3b945262a0eddbf477490d5b9ba4e292e365964e,5,35,True,,18.59384133463778,5.574305933587371,5.507199838757515e-05,0.0001837,39400,55071.99838757515,41700,81100,183700,,,,,,
efc8908b-b014-4804-ab95-33de26614148,2006,AES-128,encrypt,cpu_software,software,transform,bytes,ECB,1024,3,1024:ECB:3,48008b62d5dec5ddcb2f96d6a0abdc615a9ac1a182d41353e76992061d634f0a,0,36,True,,,,,,,,,,,7300,7.3e-06,140.27397260273972,0,0.0,
efc8908b-b014-4804-ab95-33de26614148,2006,AES-128,encrypt,cpu_aesni,aesni,transform,bytes,ECB,1024,3,1024:ECB:3,48008b62d5dec5ddcb2f96d6a0abdc615a9ac1a182d41353e76992061d634f0a,1,37,True,,,,,,,,,,,3200,3.2e-06,320.0,0,0.0,
efc8908b-b014-4804-ab95-33de26614148,2006,AES-128,encrypt,cuda_baseline,baseline,pipeline,pinned,ECB,1024,3,1024:ECB:3,48008b62d5dec5ddcb2f96d6a0abdc615a9ac1a182d41353e76992061d634f0a,2,38,True,,21.813224347641704,5.682574916759156,4.694399982690811e-05,0.0001802,40200,46943.99982690811,42900,83100,180200,,,,,,
efc8908b-b014-4804-ab95-33de26614148,2006,AES-128,encrypt,cuda_optimized_v1,optimized,resident,pinned,ECB,1024,3,1024:ECB:3,48008b62d5dec5ddcb2f96d6a0abdc615a9ac1a182d41353e76992061d634f0a,3,39,True,1,21.91780735290307,,4.6720001846551896e-05,,,46720.001846551895,,,,,,,,,46720.001846551895
efc8908b-b014-4804-ab95-33de26614148,2006,AES-128,encrypt,cuda_baseline,baseline,resident,pinned,ECB,1024,3,1024:ECB:3,48008b62d5dec5ddcb2f96d6a0abdc615a9ac1a182d41353e76992061d634f0a,4,40,True,1,20.138451954905584,,5.0847999751567844e-05,,,50847.99975156784,,,,,,,,,50847.99975156784
efc8908b-b014-4804-ab95-33de26614148,2006,AES-128,encrypt,cuda_optimized_v1,optimized,pipeline,pinned,ECB,1024,3,1024:ECB:3,48008b62d5dec5ddcb2f96d6a0abdc615a9ac1a182d41353e76992061d634f0a,5,41,True,,19.34703723319495,5.6512141280353205,5.292800068855286e-05,0.0001812,39600,52928.00068855286,41500,81100,181200,,,,,,
efc8908b-b014-4804-ab95-33de26614148,2006,AES-128,encrypt,cpu_aesni,aesni,transform,bytes,CTR,1024,3,1024:CTR:3,fb7901e2c99aec4d8dd440594fa9677546081dc612fcefe439213d45ed88ff9b,0,42,True,,,,,,,,,,,4900,4.9e-06,208.9795918367347,0,0.0,
efc8908b-b014-4804-ab95-33de26614148,2006,AES-128,encrypt,cuda_baseline,baseline,pipeline,pinned,CTR,1024,3,1024:CTR:3,fb7901e2c99aec4d8dd440594fa9677546081dc612fcefe439213d45ed88ff9b,1,43,True,,21.234240917924414,5.682574916759156,4.822399839758873e-05,0.0001802,40200,48223.99839758873,42400,82600,180200,,,,,,
efc8908b-b014-4804-ab95-33de26614148,2006,AES-128,encrypt,cuda_optimized_v1,optimized,pipeline,pinned,CTR,1024,3,1024:CTR:3,fb7901e2c99aec4d8dd440594fa9677546081dc612fcefe439213d45ed88ff9b,2,44,True,,21.505375793734586,5.749578888265019,4.761600121855736e-05,0.0001781,40600,47616.00121855736,42400,83000,178100,,,,,,
efc8908b-b014-4804-ab95-33de26614148,2006,AES-128,encrypt,cuda_baseline,baseline,resident,pinned,CTR,1024,3,1024:CTR:3,fb7901e2c99aec4d8dd440594fa9677546081dc612fcefe439213d45ed88ff9b,3,45,True,1,20.525978235487212,,4.9887999892234804e-05,,,49887.9998922348,,,,,,,,,49887.9998922348
efc8908b-b014-4804-ab95-33de26614148,2006,AES-128,encrypt,cuda_optimized_v1,optimized,resident,pinned,CTR,1024,3,1024:CTR:3,fb7901e2c99aec4d8dd440594fa9677546081dc612fcefe439213d45ed88ff9b,4,46,True,1,20.473448141630147,,5.001600086688995e-05,,,50016.00086688995,,,,,,,,,50016.00086688995
efc8908b-b014-4804-ab95-33de26614148,2006,AES-128,encrypt,cpu_software,software,transform,bytes,CTR,1024,3,1024:CTR:3,fb7901e2c99aec4d8dd440594fa9677546081dc612fcefe439213d45ed88ff9b,5,47,True,,,,,,,,,,,9100,9.1e-06,112.52747252747253,0,0.0,
efc8908b-b014-4804-ab95-33de26614148,2006,AES-128,encrypt,cpu_aesni,aesni,transform,bytes,ECB,1024,4,1024:ECB:4,f465b16f16d8775e5967cca89d2c12af1064e011d69929af7f296fb6926c084c,0,48,True,,,,,,,,,,,3700,3.7e-06,276.7567567567568,0,0.0,
efc8908b-b014-4804-ab95-33de26614148,2006,AES-128,encrypt,cuda_baseline,baseline,pipeline,pinned,ECB,1024,4,1024:ECB:4,f465b16f16d8775e5967cca89d2c12af1064e011d69929af7f296fb6926c084c,1,49,True,,18.7683290600374,5.538128718226068,5.455999821424484e-05,0.0001849,39600,54559.99821424484,42500,82100,184900,,,,,,
efc8908b-b014-4804-ab95-33de26614148,2006,AES-128,encrypt,cuda_optimized_v1,optimized,resident,pinned,ECB,1024,4,1024:ECB:4,f465b16f16d8775e5967cca89d2c12af1064e011d69929af7f296fb6926c084c,2,50,True,1,22.19140026186181,,4.614400118589401e-05,,,46144.00118589401,,,,,,,,,46144.00118589401
efc8908b-b014-4804-ab95-33de26614148,2006,AES-128,encrypt,cuda_baseline,baseline,resident,pinned,ECB,1024,4,1024:ECB:4,f465b16f16d8775e5967cca89d2c12af1064e011d69929af7f296fb6926c084c,3,51,True,1,21.43335623775612,,4.7775998711586e-05,,,47775.998711586,,,,,,,,,47775.998711586
efc8908b-b014-4804-ab95-33de26614148,2006,AES-128,encrypt,cpu_software,software,transform,bytes,ECB,1024,4,1024:ECB:4,f465b16f16d8775e5967cca89d2c12af1064e011d69929af7f296fb6926c084c,4,52,True,,,,,,,,,,,8900,8.9e-06,115.0561797752809,0,0.0,
efc8908b-b014-4804-ab95-33de26614148,2006,AES-128,encrypt,cuda_optimized_v1,optimized,pipeline,pinned,ECB,1024,4,1024:ECB:4,f465b16f16d8775e5967cca89d2c12af1064e011d69929af7f296fb6926c084c,5,53,True,,20.36919196605326,5.6983861992209235,5.027199909090996e-05,0.0001797,39400,50271.99909090996,42400,81800,179700,,,,,,
efc8908b-b014-4804-ab95-33de26614148,2006,AES-128,encrypt,cpu_software,software,transform,bytes,CTR,1024,4,1024:CTR:4,9ea2edd3ae0f0afae03d9eed07f177d1c12868d7af55c63fd08ff887a4a53859,0,54,True,,,,,,,,,,,7800,7.8e-06,131.28205128205127,0,0.0,
efc8908b-b014-4804-ab95-33de26614148,2006,AES-128,encrypt,cuda_optimized_v1,optimized,pipeline,pinned,CTR,1024,4,1024:CTR:4,9ea2edd3ae0f0afae03d9eed07f177d1c12868d7af55c63fd08ff887a4a53859,1,55,True,,18.82352916220893,5.532144786601837,5.44000007212162e-05,0.0001851,40200,54400.0007212162,41700,81900,185100,,,,,,
efc8908b-b014-4804-ab95-33de26614148,2006,AES-128,encrypt,cpu_aesni,aesni,transform,bytes,CTR,1024,4,1024:CTR:4,9ea2edd3ae0f0afae03d9eed07f177d1c12868d7af55c63fd08ff887a4a53859,2,56,True,,,,,,,,,,,6000,6e-06,170.66666666666666,0,0.0,
efc8908b-b014-4804-ab95-33de26614148,2006,AES-128,encrypt,cuda_baseline,baseline,pipeline,pinned,CTR,1024,4,1024:CTR:4,9ea2edd3ae0f0afae03d9eed07f177d1c12868d7af55c63fd08ff887a4a53859,3,57,True,,21.094264634199966,5.682574916759156,4.854400083422661e-05,0.0001802,40900,48544.00083422661,43100,84000,180200,,,,,,
efc8908b-b014-4804-ab95-33de26614148,2006,AES-128,encrypt,cuda_optimized_v1,optimized,resident,pinned,CTR,1024,4,1024:CTR:4,9ea2edd3ae0f0afae03d9eed07f177d1c12868d7af55c63fd08ff887a4a53859,4,58,True,1,21.26245774967102,,4.8160001635551456e-05,,,48160.00163555145,,,,,,,,,48160.00163555145
efc8908b-b014-4804-ab95-33de26614148,2006,AES-128,encrypt,cuda_baseline,baseline,resident,pinned,CTR,1024,4,1024:CTR:4,9ea2edd3ae0f0afae03d9eed07f177d1c12868d7af55c63fd08ff887a4a53859,5,59,True,1,19.52409977851257,,5.244800075888634e-05,,,52448.00075888634,,,,,,,,,52448.00075888634
efc8908b-b014-4804-ab95-33de26614148,2006,AES-128,encrypt,cpu_software,software,transform,bytes,CTR,1024,5,1024:CTR:5,7ffe209ff18a39b2937e0fadf31c932c911ef41d9d3d32f684baa3bf0b9a504f,0,60,True,,,,,,,,,,,7700,7.7e-06,132.98701298701297,0,0.0,
efc8908b-b014-4804-ab95-33de26614148,2006,AES-128,encrypt,cuda_optimized_v1,optimized,pipeline,pinned,CTR,1024,5,1024:CTR:5,7ffe209ff18a39b2937e0fadf31c932c911ef41d9d3d32f684baa3bf0b9a504f,1,61,True,,18.93491184322038,5.532144786601837,5.407999828457832e-05,0.0001851,38500,54079.99828457832,43100,81600,185100,,,,,,
efc8908b-b014-4804-ab95-33de26614148,2006,AES-128,encrypt,cuda_baseline,baseline,resident,pinned,CTR,1024,5,1024:CTR:5,7ffe209ff18a39b2937e0fadf31c932c911ef41d9d3d32f684baa3bf0b9a504f,2,62,True,1,21.066490539818368,,4.860800132155419e-05,,,48608.001321554184,,,,,,,,,48608.001321554184
efc8908b-b014-4804-ab95-33de26614148,2006,AES-128,encrypt,cuda_optimized_v1,optimized,resident,pinned,CTR,1024,5,1024:CTR:5,7ffe209ff18a39b2937e0fadf31c932c911ef41d9d3d32f684baa3bf0b9a504f,3,63,True,1,20.278833647155494,,5.049600079655647e-05,,,50496.00079655647,,,,,,,,,50496.00079655647
efc8908b-b014-4804-ab95-33de26614148,2006,AES-128,encrypt,cuda_baseline,baseline,pipeline,pinned,CTR,1024,5,1024:CTR:5,7ffe209ff18a39b2937e0fadf31c932c911ef41d9d3d32f684baa3bf0b9a504f,4,64,True,,19.704433183126028,5.412262156448203,5.196800082921982e-05,0.0001892,40100,51968.00082921982,48300,88400,189200,,,,,,
efc8908b-b014-4804-ab95-33de26614148,2006,AES-128,encrypt,cpu_aesni,aesni,transform,bytes,CTR,1024,5,1024:CTR:5,7ffe209ff18a39b2937e0fadf31c932c911ef41d9d3d32f684baa3bf0b9a504f,5,65,True,,,,,,,,,,,6100,6.1e-06,167.86885245901638,0,0.0,
efc8908b-b014-4804-ab95-33de26614148,2006,AES-128,encrypt,cpu_software,software,transform,bytes,ECB,1024,5,1024:ECB:5,cf51e14fd4fcec59630a472019fe0090cb5fa35cfa207b55eaf5cab4cb4b986b,0,66,True,,,,,,,,,,,6800,6.8e-06,150.58823529411765,0,0.0,
efc8908b-b014-4804-ab95-33de26614148,2006,AES-128,encrypt,cuda_baseline,baseline,resident,pinned,ECB,1024,5,1024:ECB:5,cf51e14fd4fcec59630a472019fe0090cb5fa35cfa207b55eaf5cab4cb4b986b,1,67,True,1,19.09307925785925,,5.363199859857559e-05,,,53631.99859857559,,,,,,,,,53631.99859857559
efc8908b-b014-4804-ab95-33de26614148,2006,AES-128,encrypt,cuda_optimized_v1,optimized,resident,pinned,ECB,1024,5,1024:ECB:5,cf51e14fd4fcec59630a472019fe0090cb5fa35cfa207b55eaf5cab4cb4b986b,2,68,True,1,21.962937017394783,,4.662400111556053e-05,,,46624.00111556053,,,,,,,,,46624.00111556053
efc8908b-b014-4804-ab95-33de26614148,2006,AES-128,encrypt,cpu_aesni,aesni,transform,bytes,ECB,1024,5,1024:ECB:5,cf51e14fd4fcec59630a472019fe0090cb5fa35cfa207b55eaf5cab4cb4b986b,3,69,True,,,,,,,,,,,5500,5.5e-06,186.1818181818182,0,0.0,
efc8908b-b014-4804-ab95-33de26614148,2006,AES-128,encrypt,cuda_optimized_v1,optimized,pipeline,pinned,ECB,1024,5,1024:ECB:5,cf51e14fd4fcec59630a472019fe0090cb5fa35cfa207b55eaf5cab4cb4b986b,4,70,True,,21.376085644349867,5.769014084507043,4.790399968624115e-05,0.0001775,40200,47903.99968624115,39800,80000,177500,,,,,,
efc8908b-b014-4804-ab95-33de26614148,2006,AES-128,encrypt,cuda_baseline,baseline,pipeline,pinned,ECB,1024,5,1024:ECB:5,cf51e14fd4fcec59630a472019fe0090cb5fa35cfa207b55eaf5cab4cb4b986b,5,71,True,,19.937694733204008,5.685730149916713,5.1359999924898145e-05,0.0001801,40200,51359.99992489815,39400,79600,180100,,,,,,
efc8908b-b014-4804-ab95-33de26614148,2006,AES-128,encrypt,cuda_baseline,baseline,pipeline,pinned,CTR,1024,6,1024:CTR:6,b0b6544da8040d78c3940c2e6d39fb8bb9426241ba2284ab7562cf6efa92f1fa,0,72,True,,18.658891906983413,5.535135135135135,5.488000065088272e-05,0.000185,40600,54880.00065088272,40000,80600,185000,,,,,,
efc8908b-b014-4804-ab95-33de26614148,2006,AES-128,encrypt,cuda_optimized_v1,optimized,pipeline,pinned,CTR,1024,6,1024:CTR:6,b0b6544da8040d78c3940c2e6d39fb8bb9426241ba2284ab7562cf6efa92f1fa,1,73,True,,21.30492636335748,5.772266065388951,4.806400090456009e-05,0.0001774,41300,48064.00090456009,39400,80700,177400,,,,,,
efc8908b-b014-4804-ab95-33de26614148,2006,AES-128,encrypt,cpu_aesni,aesni,transform,bytes,CTR,1024,6,1024:CTR:6,b0b6544da8040d78c3940c2e6d39fb8bb9426241ba2284ab7562cf6efa92f1fa,2,74,True,,,,,,,,,,,6300,6.3e-06,162.53968253968253,0,0.0,
efc8908b-b014-4804-ab95-33de26614148,2006,AES-128,encrypt,cuda_optimized_v1,optimized,resident,pinned,CTR,1024,6,1024:CTR:6,b0b6544da8040d78c3940c2e6d39fb8bb9426241ba2284ab7562cf6efa92f1fa,3,75,True,1,21.108179162563783,,4.851200059056282e-05,,,48512.00059056282,,,,,,,,,48512.00059056282
efc8908b-b014-4804-ab95-33de26614148,2006,AES-128,encrypt,cpu_software,software,transform,bytes,CTR,1024,6,1024:CTR:6,b0b6544da8040d78c3940c2e6d39fb8bb9426241ba2284ab7562cf6efa92f1fa,4,76,True,,,,,,,,,,,8900,8.9e-06,115.0561797752809,0,0.0,
efc8908b-b014-4804-ab95-33de26614148,2006,AES-128,encrypt,cuda_baseline,baseline,resident,pinned,CTR,1024,6,1024:CTR:6,b0b6544da8040d78c3940c2e6d39fb8bb9426241ba2284ab7562cf6efa92f1fa,5,77,True,1,20.317460291029434,,5.040000006556511e-05,,,50400.00006556511,,,,,,,,,50400.00006556511
efc8908b-b014-4804-ab95-33de26614148,2006,AES-128,encrypt,cuda_baseline,baseline,resident,pinned,ECB,1024,6,1024:ECB:6,e622d2e43b15ec9de2e1a5c47e494d0195841083ad78bc181e5429aeb07878f2,0,78,True,1,18.746339051346727,,5.462399870157242e-05,,,54623.99870157242,,,,,,,,,54623.99870157242
efc8908b-b014-4804-ab95-33de26614148,2006,AES-128,encrypt,cuda_optimized_v1,optimized,resident,pinned,ECB,1024,6,1024:ECB:6,e622d2e43b15ec9de2e1a5c47e494d0195841083ad78bc181e5429aeb07878f2,1,79,True,1,21.621621955237835,,4.735999926924705e-05,,,47359.999269247055,,,,,,,,,47359.999269247055
efc8908b-b014-4804-ab95-33de26614148,2006,AES-128,encrypt,cuda_baseline,baseline,pipeline,pinned,ECB,1024,6,1024:ECB:6,e622d2e43b15ec9de2e1a5c47e494d0195841083ad78bc181e5429aeb07878f2,2,80,True,,21.798365089868188,5.895221646516983,4.69760000705719e-05,0.0001737,40100,46976.0000705719,38700,78800,173700,,,,,,
efc8908b-b014-4804-ab95-33de26614148,2006,AES-128,encrypt,cpu_aesni,aesni,transform,bytes,ECB,1024,6,1024:ECB:6,e622d2e43b15ec9de2e1a5c47e494d0195841083ad78bc181e5429aeb07878f2,3,81,True,,,,,,,,,,,5400,5.4e-06,189.62962962962962,0,0.0,
efc8908b-b014-4804-ab95-33de26614148,2006,AES-128,encrypt,cpu_software,software,transform,bytes,ECB,1024,6,1024:ECB:6,e622d2e43b15ec9de2e1a5c47e494d0195841083ad78bc181e5429aeb07878f2,4,82,True,,,,,,,,,,,6800,6.8e-06,150.58823529411765,0,0.0,
efc8908b-b014-4804-ab95-33de26614148,2006,AES-128,encrypt,cuda_optimized_v1,optimized,pipeline,pinned,ECB,1024,6,1024:ECB:6,e622d2e43b15ec9de2e1a5c47e494d0195841083ad78bc181e5429aeb07878f2,5,83,True,,20.421186231522505,5.720670391061453,5.0144001841545105e-05,0.000179,40600,50144.001841545105,39000,79600,179000,,,,,,
efc8908b-b014-4804-ab95-33de26614148,2006,AES-128,encrypt,cuda_baseline,baseline,resident,pinned,CTR,1024,7,1024:CTR:7,8e60a90e76682a1f6c372f1c76aa14083b6b6dd6f26d47a2f804f56870b38af4,0,84,True,1,17.66004469551835,,5.798399820923805e-05,,,57983.99820923805,,,,,,,,,57983.99820923805
efc8908b-b014-4804-ab95-33de26614148,2006,AES-128,encrypt,cuda_optimized_v1,optimized,pipeline,pinned,CTR,1024,7,1024:CTR:7,8e60a90e76682a1f6c372f1c76aa14083b6b6dd6f26d47a2f804f56870b38af4,1,85,True,,21.206097242515185,5.828116107000569,4.82879988849163e-05,0.0001757,40600,48287.998884916306,40000,80600,175700,,,,,,
efc8908b-b014-4804-ab95-33de26614148,2006,AES-128,encrypt,cuda_baseline,baseline,pipeline,pinned,CTR,1024,7,1024:CTR:7,8e60a90e76682a1f6c372f1c76aa14083b6b6dd6f26d47a2f804f56870b38af4,2,86,True,,20.80624250644466,5.749578888265019,4.9215998500585554e-05,0.0001781,39800,49215.998500585556,41200,81000,178100,,,,,,
efc8908b-b014-4804-ab95-33de26614148,2006,AES-128,encrypt,cuda_optimized_v1,optimized,resident,pinned,CTR,1024,7,1024:CTR:7,8e60a90e76682a1f6c372f1c76aa14083b6b6dd6f26d47a2f804f56870b38af4,3,87,True,1,20.80624250644466,,4.9215998500585554e-05,,,49215.998500585556,,,,,,,,,49215.998500585556
efc8908b-b014-4804-ab95-33de26614148,2006,AES-128,encrypt,cpu_software,software,transform,bytes,CTR,1024,7,1024:CTR:7,8e60a90e76682a1f6c372f1c76aa14083b6b6dd6f26d47a2f804f56870b38af4,4,88,True,,,,,,,,,,,9100,9.1e-06,112.52747252747253,0,0.0,
efc8908b-b014-4804-ab95-33de26614148,2006,AES-128,encrypt,cpu_aesni,aesni,transform,bytes,CTR,1024,7,1024:CTR:7,8e60a90e76682a1f6c372f1c76aa14083b6b6dd6f26d47a2f804f56870b38af4,5,89,True,,,,,,,,,,,4500,4.5e-06,227.55555555555554,0,0.0,
efc8908b-b014-4804-ab95-33de26614148,2006,AES-128,encrypt,cuda_baseline,baseline,pipeline,pinned,ECB,1024,7,1024:ECB:7,21de97c3e07d3c0f878d46a1e5a51777c932a8787ffa5930e0e29fb923db6446,0,90,True,,20.062695447744996,5.562194459532862,5.104000121355057e-05,0.0001841,39700,51040.00121355057,44200,83900,184100,,,,,,
efc8908b-b014-4804-ab95-33de26614148,2006,AES-128,encrypt,cuda_baseline,baseline,resident,pinned,ECB,1024,7,1024:ECB:7,21de97c3e07d3c0f878d46a1e5a51777c932a8787ffa5930e0e29fb923db6446,1,91,True,1,21.462106767923274,,4.7711998224258425e-05,,,47711.99822425842,,,,,,,,,47711.99822425842
efc8908b-b014-4804-ab95-33de26614148,2006,AES-128,encrypt,cuda_optimized_v1,optimized,resident,pinned,ECB,1024,7,1024:ECB:7,21de97c3e07d3c0f878d46a1e5a51777c932a8787ffa5930e0e29fb923db6446,2,92,True,1,21.26245774967102,,4.8160001635551456e-05,,,48160.00163555145,,,,,,,,,48160.00163555145
efc8908b-b014-4804-ab95-33de26614148,2006,AES-128,encrypt,cuda_optimized_v1,optimized,pipeline,pinned,ECB,1024,7,1024:ECB:7,21de97c3e07d3c0f878d46a1e5a51777c932a8787ffa5930e0e29fb923db6446,3,93,True,,21.206097242515185,5.79841449603624,4.82879988849163e-05,0.0001766,39000,48287.998884916306,42000,81000,176600,,,,,,
efc8908b-b014-4804-ab95-33de26614148,2006,AES-128,encrypt,cpu_software,software,transform,bytes,ECB,1024,7,1024:ECB:7,21de97c3e07d3c0f878d46a1e5a51777c932a8787ffa5930e0e29fb923db6446,4,94,True,,,,,,,,,,,8900,8.9e-06,115.0561797752809,0,0.0,
efc8908b-b014-4804-ab95-33de26614148,2006,AES-128,encrypt,cpu_aesni,aesni,transform,bytes,ECB,1024,7,1024:ECB:7,21de97c3e07d3c0f878d46a1e5a51777c932a8787ffa5930e0e29fb923db6446,5,95,True,,,,,,,,,,,3800,3.8e-06,269.4736842105263,0,0.0,
efc8908b-b014-4804-ab95-33de26614148,2006,AES-128,encrypt,cuda_baseline,baseline,resident,pinned,ECB,1024,8,1024:ECB:8,ee6ed961426298f695c71c0d4d4094dd79f17f61e6d0bc6a530dfb9370e1f322,0,96,True,1,19.925280133899367,,5.1392000168561934e-05,,,51392.000168561935,,,,,,,,,51392.000168561935
efc8908b-b014-4804-ab95-33de26614148,2006,AES-128,encrypt,cuda_optimized_v1,optimized,pipeline,pinned,ECB,1024,8,1024:ECB:8,ee6ed961426298f695c71c0d4d4094dd79f17f61e6d0bc6a530dfb9370e1f322,1,97,True,,22.023399795612193,5.772266065388951,4.649600014090538e-05,0.0001774,41000,46496.00014090538,42300,83300,177400,,,,,,
efc8908b-b014-4804-ab95-33de26614148,2006,AES-128,encrypt,cpu_aesni,aesni,transform,bytes,ECB,1024,8,1024:ECB:8,ee6ed961426298f695c71c0d4d4094dd79f17f61e6d0bc6a530dfb9370e1f322,2,98,True,,,,,,,,,,,5300,5.3e-06,193.20754716981133,0,0.0,
efc8908b-b014-4804-ab95-33de26614148,2006,AES-128,encrypt,cuda_baseline,baseline,pipeline,pinned,ECB,1024,8,1024:ECB:8,ee6ed961426298f695c71c0d4d4094dd79f17f61e6d0bc6a530dfb9370e1f322,3,99,True,,22.053756194863684,5.8082813386273395,4.643199965357781e-05,0.0001763,38900,46431.999653577805,43300,82200,176300,,,,,,
efc8908b-b014-4804-ab95-33de26614148,2006,AES-128,encrypt,cpu_software,software,transform,bytes,ECB,1024,8,1024:ECB:8,ee6ed961426298f695c71c0d4d4094dd79f17f61e6d0bc6a530dfb9370e1f322,4,100,True,,,,,,,,,,,8600,8.6e-06,119.06976744186046,0,0.0,
efc8908b-b014-4804-ab95-33de26614148,2006,AES-128,encrypt,cuda_optimized_v1,optimized,resident,pinned,ECB,1024,8,1024:ECB:8,ee6ed961426298f695c71c0d4d4094dd79f17f61e6d0bc6a530dfb9370e1f322,5,101,True,1,21.234240917924414,,4.822399839758873e-05,,,48223.99839758873,,,,,,,,,48223.99839758873
efc8908b-b014-4804-ab95-33de26614148,2006,AES-128,encrypt,cuda_baseline,baseline,pipeline,pinned,CTR,1024,8,1024:CTR:8,98e66d6f8b5a4c4a2737a6955c441dd63edd20a834f8d1c52ee509981850d033,0,102,True,,20.100502322163898,5.626373626373627,5.09440004825592e-05,0.000182,39700,50944.000482559204,42100,81800,182000,,,,,,
efc8908b-b014-4804-ab95-33de26614148,2006,AES-128,encrypt,cuda_optimized_v1,optimized,resident,pinned,CTR,1024,8,1024:CTR:8,98e66d6f8b5a4c4a2737a6955c441dd63edd20a834f8d1c52ee509981850d033,1,103,True,1,21.178028071116742,,4.835199937224388e-05,,,48351.99937224388,,,,,,,,,48351.99937224388
efc8908b-b014-4804-ab95-33de26614148,2006,AES-128,encrypt,cpu_software,software,transform,bytes,CTR,1024,8,1024:CTR:8,98e66d6f8b5a4c4a2737a6955c441dd63edd20a834f8d1c52ee509981850d033,2,104,True,,,,,,,,,,,9000,9e-06,113.77777777777777,0,0.0,
efc8908b-b014-4804-ab95-33de26614148,2006,AES-128,encrypt,cuda_baseline,baseline,resident,pinned,CTR,1024,8,1024:CTR:8,98e66d6f8b5a4c4a2737a6955c441dd63edd20a834f8d1c52ee509981850d033,3,105,True,1,20.860494905046384,,4.90880012512207e-05,,,49088.0012512207,,,,,,,,,49088.0012512207
efc8908b-b014-4804-ab95-33de26614148,2006,AES-128,encrypt,cuda_optimized_v1,optimized,pipeline,pinned,CTR,1024,8,1024:CTR:8,98e66d6f8b5a4c4a2737a6955c441dd63edd20a834f8d1c52ee509981850d033,4,106,True,,21.753908535071083,5.854774156660949,4.707200080156326e-05,0.0001749,39200,47072.00080156326,41000,80200,174900,,,,,,
efc8908b-b014-4804-ab95-33de26614148,2006,AES-128,encrypt,cpu_aesni,aesni,transform,bytes,CTR,1024,8,1024:CTR:8,98e66d6f8b5a4c4a2737a6955c441dd63edd20a834f8d1c52ee509981850d033,5,107,True,,,,,,,,,,,6100,6.1e-06,167.86885245901638,0,0.0,
efc8908b-b014-4804-ab95-33de26614148,2006,AES-128,encrypt,cpu_aesni,aesni,transform,bytes,ECB,1024,9,1024:ECB:9,34df29b6841f769d86563a10eaa4ca666c696b4cb37ec0196aa1c3b55c372af8,0,108,True,,,,,,,,,,,3600,3.6e-06,284.44444444444446,0,0.0,
efc8908b-b014-4804-ab95-33de26614148,2006,AES-128,encrypt,cpu_software,software,transform,bytes,ECB,1024,9,1024:ECB:9,34df29b6841f769d86563a10eaa4ca666c696b4cb37ec0196aa1c3b55c372af8,1,109,True,,,,,,,,,,,6400,6.4e-06,160.0,0,0.0,
efc8908b-b014-4804-ab95-33de26614148,2006,AES-128,encrypt,cuda_optimized_v1,optimized,pipeline,pinned,ECB,1024,9,1024:ECB:9,34df29b6841f769d86563a10eaa4ca666c696b4cb37ec0196aa1c3b55c372af8,2,110,True,,20.565553045659797,5.673130193905817,4.979199916124344e-05,0.0001805,39500,49791.99916124344,42100,81600,180500,,,,,,
efc8908b-b014-4804-ab95-33de26614148,2006,AES-128,encrypt,cuda_optimized_v1,optimized,resident,pinned,ECB,1024,9,1024:ECB:9,34df29b6841f769d86563a10eaa4ca666c696b4cb37ec0196aa1c3b55c372af8,3,111,True,1,21.052630901481162,,4.864000156521797e-05,,,48640.00156521797,,,,,,,,,48640.00156521797
efc8908b-b014-4804-ab95-33de26614148,2006,AES-128,encrypt,cuda_baseline,baseline,pipeline,pinned,ECB,1024,9,1024:ECB:9,34df29b6841f769d86563a10eaa4ca666c696b4cb37ec0196aa1c3b55c372af8,4,112,True,,21.476509298732097,5.769014084507043,4.7680001705884936e-05,0.0001775,40400,47680.00170588493,42200,82600,177500,,,,,,
efc8908b-b014-4804-ab95-33de26614148,2006,AES-128,encrypt,cuda_baseline,baseline,resident,pinned,ECB,1024,9,1024:ECB:9,34df29b6841f769d86563a10eaa4ca666c696b4cb37ec0196aa1c3b55c372af8,5,113,True,1,21.621621955237835,,4.735999926924705e-05,,,47359.999269247055,,,,,,,,,47359.999269247055
efc8908b-b014-4804-ab95-33de26614148,2006,AES-128,encrypt,cuda_baseline,baseline,pipeline,pinned,CTR,1024,9,1024:CTR:9,d5dbc6ba4d5363093e0dcc7d15c95ce0dc050d1dfb2a933998463487fd72c445,0,114,True,,20.138451954905584,5.559174809989142,5.0847999751567844e-05,0.0001842,39700,50847.99975156784,44200,83900,184200,,,,,,
efc8908b-b014-4804-ab95-33de26614148,2006,AES-128,encrypt,cpu_software,software,transform,bytes,CTR,1024,9,1024:CTR:9,d5dbc6ba4d5363093e0dcc7d15c95ce0dc050d1dfb2a933998463487fd72c445,1,115,True,,,,,,,,,,,8900,8.9e-06,115.0561797752809,0,0.0,
efc8908b-b014-4804-ab95-33de26614148,2006,AES-128,encrypt,cuda_optimized_v1,optimized,resident,pinned,CTR,1024,9,1024:CTR:9,d5dbc6ba4d5363093e0dcc7d15c95ce0dc050d1dfb2a933998463487fd72c445,2,116,True,1,3.0038485894917653,,0.00034089601039886475,,,340896.01039886475,,,,,,,,,340896.01039886475
efc8908b-b014-4804-ab95-33de26614148,2006,AES-128,encrypt,cpu_aesni,aesni,transform,bytes,CTR,1024,9,1024:CTR:9,d5dbc6ba4d5363093e0dcc7d15c95ce0dc050d1dfb2a933998463487fd72c445,3,117,True,,,,,,,,,,,8000,8e-06,128.0,0,0.0,
efc8908b-b014-4804-ab95-33de26614148,2006,AES-128,encrypt,cuda_optimized_v1,optimized,pipeline,pinned,CTR,1024,9,1024:CTR:9,d5dbc6ba4d5363093e0dcc7d15c95ce0dc050d1dfb2a933998463487fd72c445,4,118,True,,17.121455059700068,4.675799086757991,5.980800092220306e-05,0.000219,43400,59808.000922203064,55500,98900,219000,,,,,,
efc8908b-b014-4804-ab95-33de26614148,2006,AES-128,encrypt,cuda_baseline,baseline,resident,pinned,CTR,1024,9,1024:CTR:9,d5dbc6ba4d5363093e0dcc7d15c95ce0dc050d1dfb2a933998463487fd72c445,5,119,True,1,16.486347286278473,,6.211199983954429e-05,,,62111.999839544296,,,,,,,,,62111.999839544296
efc8908b-b014-4804-ab95-33de26614148,2006,AES-128,encrypt,cuda_baseline,baseline,resident,pinned,ECB,1024,10,1024:ECB:10,a800e56c9ac26495922cb166acdf2762a87d9fe6b0256b7491d31115cc48bc71,0,120,True,1,20.24035359507218,,5.0592001527547836e-05,,,50592.001527547836,,,,,,,,,50592.001527547836
efc8908b-b014-4804-ab95-33de26614148,2006,AES-128,encrypt,cpu_aesni,aesni,transform,bytes,ECB,1024,10,1024:ECB:10,a800e56c9ac26495922cb166acdf2762a87d9fe6b0256b7491d31115cc48bc71,1,121,True,,,,,,,,,,,6200,6.2e-06,165.16129032258064,0,0.0,
efc8908b-b014-4804-ab95-33de26614148,2006,AES-128,encrypt,cpu_software,software,transform,bytes,ECB,1024,10,1024:ECB:10,a800e56c9ac26495922cb166acdf2762a87d9fe6b0256b7491d31115cc48bc71,2,122,True,,,,,,,,,,,7300,7.3e-06,140.27397260273972,0,0.0,
efc8908b-b014-4804-ab95-33de26614148,2006,AES-128,encrypt,cuda_optimized_v1,optimized,resident,pinned,ECB,1024,10,1024:ECB:10,a800e56c9ac26495922cb166acdf2762a87d9fe6b0256b7491d31115cc48bc71,3,123,True,1,21.68021758497668,,4.7231998294591905e-05,,,47231.998294591904,,,,,,,,,47231.998294591904
efc8908b-b014-4804-ab95-33de26614148,2006,AES-128,encrypt,cuda_baseline,baseline,pipeline,pinned,ECB,1024,10,1024:ECB:10,a800e56c9ac26495922cb166acdf2762a87d9fe6b0256b7491d31115cc48bc71,4,124,True,,21.59244275590731,5.701559020044543,4.742399975657463e-05,0.0001796,39700,47423.99975657463,43400,83100,179600,,,,,,
efc8908b-b014-4804-ab95-33de26614148,2006,AES-128,encrypt,cuda_optimized_v1,optimized,pipeline,pinned,ECB,1024,10,1024:ECB:10,a800e56c9ac26495922cb166acdf2762a87d9fe6b0256b7491d31115cc48bc71,5,125,True,,21.26245774967102,5.814877910278251,4.8160001635551456e-05,0.0001761,38400,48160.00163555145,42100,80500,176100,,,,,,
efc8908b-b014-4804-ab95-33de26614148,2006,AES-128,encrypt,cpu_aesni,aesni,transform,bytes,CTR,1024,10,1024:CTR:10,6b638cd76545d01fa4e3376e6fed4c5269e1ced4a201b1b59811eb7f7fa7dff8,0,126,True,,,,,,,,,,,5000,5e-06,204.8,0,0.0,
efc8908b-b014-4804-ab95-33de26614148,2006,AES-128,encrypt,cuda_optimized_v1,optimized,pipeline,pinned,CTR,1024,10,1024:CTR:10,6b638cd76545d01fa4e3376e6fed4c5269e1ced4a201b1b59811eb7f7fa7dff8,1,127,True,,19.987508217169477,5.5895196506550215,5.1231998950243e-05,0.0001832,40100,51231.998950242996,42600,82700,183200,,,,,,
efc8908b-b014-4804-ab95-33de26614148,2006,AES-128,encrypt,cuda_optimized_v1,optimized,resident,pinned,CTR,1024,10,1024:CTR:10,6b638cd76545d01fa4e3376e6fed4c5269e1ced4a201b1b59811eb7f7fa7dff8,2,128,True,1,21.26245774967102,,4.8160001635551456e-05,,,48160.00163555145,,,,,,,,,48160.00163555145
efc8908b-b014-4804-ab95-33de26614148,2006,AES-128,encrypt,cuda_baseline,baseline,pipeline,pinned,CTR,1024,10,1024:CTR:10,6b638cd76545d01fa4e3376e6fed4c5269e1ced4a201b1b59811eb7f7fa7dff8,3,129,True,,21.206097242515185,5.707915273132665,4.82879988849163e-05,0.0001794,39700,48287.998884916306,41600,81300,179400,,,,,,
efc8908b-b014-4804-ab95-33de26614148,2006,AES-128,encrypt,cpu_software,software,transform,bytes,CTR,1024,10,1024:CTR:10,6b638cd76545d01fa4e3376e6fed4c5269e1ced4a201b1b59811eb7f7fa7dff8,4,130,True,,,,,,,,,,,9200,9.2e-06,111.30434782608695,0,0.0,
efc8908b-b014-4804-ab95-33de26614148,2006,AES-128,encrypt,cuda_baseline,baseline,resident,pinned,CTR,1024,10,1024:CTR:10,6b638cd76545d01fa4e3376e6fed4c5269e1ced4a201b1b59811eb7f7fa7dff8,5,131,True,1,21.094264634199966,,4.854400083422661e-05,,,48544.00083422661,,,,,,,,,48544.00083422661
efc8908b-b014-4804-ab95-33de26614148,2006,AES-128,encrypt,cuda_optimized_v1,optimized,pipeline,pinned,ECB,1024,11,1024:ECB:11,94473edb3b804426e549e42ee0a8ddfa9e9fa1cbdac9fc06af4d9a8d1ed22a34,0,132,True,,20.473448141630147,5.565217391304348,5.001600086688995e-05,0.000184,40200,50016.00086688995,42700,82900,184000,,,,,,
efc8908b-b014-4804-ab95-33de26614148,2006,AES-128,encrypt,cuda_baseline,baseline,resident,pinned,ECB,1024,11,1024:ECB:11,94473edb3b804426e549e42ee0a8ddfa9e9fa1cbdac9fc06af4d9a8d1ed22a34,1,133,True,1,20.278833647155494,,5.049600079655647e-05,,,50496.00079655647,,,,,,,,,50496.00079655647
efc8908b-b014-4804-ab95-33de26614148,2006,AES-128,encrypt,cpu_software,software,transform,bytes,ECB,1024,11,1024:ECB:11,94473edb3b804426e549e42ee0a8ddfa9e9fa1cbdac9fc06af4d9a8d1ed22a34,2,134,True,,,,,,,,,,,9000,9e-06,113.77777777777777,0,0.0,
efc8908b-b014-4804-ab95-33de26614148,2006,AES-128,encrypt,cpu_aesni,aesni,transform,bytes,ECB,1024,11,1024:ECB:11,94473edb3b804426e549e42ee0a8ddfa9e9fa1cbdac9fc06af4d9a8d1ed22a34,3,135,True,,,,,,,,,,,3700,3.7e-06,276.7567567567568,0,0.0,
efc8908b-b014-4804-ab95-33de26614148,2006,AES-128,encrypt,cuda_optimized_v1,optimized,resident,pinned,ECB,1024,11,1024:ECB:11,94473edb3b804426e549e42ee0a8ddfa9e9fa1cbdac9fc06af4d9a8d1ed22a34,4,136,True,1,21.843003720681416,,4.687999933958054e-05,,,46879.999339580536,,,,,,,,,46879.999339580536
efc8908b-b014-4804-ab95-33de26614148,2006,AES-128,encrypt,cuda_baseline,baseline,pipeline,pinned,ECB,1024,11,1024:ECB:11,94473edb3b804426e549e42ee0a8ddfa9e9fa1cbdac9fc06af4d9a8d1ed22a34,5,137,True,,21.843003720681416,5.828116107000569,4.687999933958054e-05,0.0001757,39100,46879.999339580536,41700,80800,175700,,,,,,
efc8908b-b014-4804-ab95-33de26614148,2006,AES-128,encrypt,cuda_optimized_v1,optimized,pipeline,pinned,CTR,1024,11,1024:CTR:11,acb54c4bd2cc6684bd205951affd6057bb6c4bb2b207a6cfffd9591e76bd998e,0,138,True,,21.024967870593887,5.7110987172336865,4.8703998327255246e-05,0.0001793,39300,48703.99832725525,42500,81800,179300,,,,,,
efc8908b-b014-4804-ab95-33de26614148,2006,AES-128,encrypt,cuda_optimized_v1,optimized,resident,pinned,CTR,1024,11,1024:CTR:11,acb54c4bd2cc6684bd205951affd6057bb6c4bb2b207a6cfffd9591e76bd998e,1,139,True,1,20.214782741939064,,5.0655998289585113e-05,,,50655.99828958511,,,,,,,,,50655.99828958511
efc8908b-b014-4804-ab95-33de26614148,2006,AES-128,encrypt,cpu_software,software,transform,bytes,CTR,1024,11,1024:CTR:11,acb54c4bd2cc6684bd205951affd6057bb6c4bb2b207a6cfffd9591e76bd998e,2,140,True,,,,,,,,,,,9000,9e-06,113.77777777777777,0,0.0,
efc8908b-b014-4804-ab95-33de26614148,2006,AES-128,encrypt,cuda_baseline,baseline,resident,pinned,CTR,1024,11,1024:CTR:11,acb54c4bd2cc6684bd205951affd6057bb6c4bb2b207a6cfffd9591e76bd998e,3,141,True,1,21.164021332029975,,4.838399961590767e-05,,,48383.99961590767,,,,,,,,,48383.99961590767
efc8908b-b014-4804-ab95-33de26614148,2006,AES-128,encrypt,cpu_aesni,aesni,transform,bytes,CTR,1024,11,1024:CTR:11,acb54c4bd2cc6684bd205951affd6057bb6c4bb2b207a6cfffd9591e76bd998e,4,142,True,,,,,,,,,,,6100,6.1e-06,167.86885245901638,0,0.0,
efc8908b-b014-4804-ab95-33de26614148,2006,AES-128,encrypt,cuda_baseline,baseline,pipeline,pinned,CTR,1024,11,1024:CTR:11,acb54c4bd2cc6684bd205951affd6057bb6c4bb2b207a6cfffd9591e76bd998e,5,143,True,,21.13606336315252,5.695216907675195,4.8448000103235245e-05,0.0001798,40100,48448.000103235245,42600,82700,179800,,,,,,
efc8908b-b014-4804-ab95-33de26614148,2006,AES-128,encrypt,cuda_optimized_v1,optimized,resident,pinned,ECB,1024,12,1024:ECB:12,520ec49420c11b2b6317dc9ee3740e88d13cc611668fdf9f98d8f5a4588586e9,0,144,True,1,20.4603576022553,,5.004800111055374e-05,,,50048.00111055374,,,,,,,,,50048.00111055374
efc8908b-b014-4804-ab95-33de26614148,2006,AES-128,encrypt,cuda_optimized_v1,optimized,pipeline,pinned,ECB,1024,12,1024:ECB:12,520ec49420c11b2b6317dc9ee3740e88d13cc611668fdf9f98d8f5a4588586e9,1,145,True,,20.80624250644466,5.688888888888889,4.9215998500585554e-05,0.00018,39300,49215.998500585556,44200,83500,180000,,,,,,
efc8908b-b014-4804-ab95-33de26614148,2006,AES-128,encrypt,cuda_baseline,baseline,pipeline,pinned,ECB,1024,12,1024:ECB:12,520ec49420c11b2b6317dc9ee3740e88d13cc611668fdf9f98d8f5a4588586e9,2,146,True,,21.97802156673752,5.848086807538549,4.659200087189674e-05,0.0001751,39300,46592.000871896744,41800,81100,175100,,,,,,
efc8908b-b014-4804-ab95-33de26614148,2006,AES-128,encrypt,cuda_baseline,baseline,resident,pinned,ECB,1024,12,1024:ECB:12,520ec49420c11b2b6317dc9ee3740e88d13cc611668fdf9f98d8f5a4588586e9,3,147,True,1,20.887728134056953,,4.902400076389313e-05,,,49024.00076389313,,,,,,,,,49024.00076389313
efc8908b-b014-4804-ab95-33de26614148,2006,AES-128,encrypt,cpu_aesni,aesni,transform,bytes,ECB,1024,12,1024:ECB:12,520ec49420c11b2b6317dc9ee3740e88d13cc611668fdf9f98d8f5a4588586e9,4,148,True,,,,,,,,,,,5600,5.6e-06,182.85714285714286,0,0.0,
efc8908b-b014-4804-ab95-33de26614148,2006,AES-128,encrypt,cpu_software,software,transform,bytes,ECB,1024,12,1024:ECB:12,520ec49420c11b2b6317dc9ee3740e88d13cc611668fdf9f98d8f5a4588586e9,5,149,True,,,,,,,,,,,7100,7.1e-06,144.22535211267606,0,0.0,
efc8908b-b014-4804-ab95-33de26614148,2006,AES-128,encrypt,cuda_baseline,baseline,pipeline,pinned,CTR,1024,12,1024:CTR:12,4b6a71e2bae01440c00228148657a665756eb28678126ea1fdbaf13fbab3a2f2,0,150,True,,20.24035359507218,5.5895196506550215,5.0592001527547836e-05,0.0001832,40200,50592.001527547836,42800,83000,183200,,,,,,
efc8908b-b014-4804-ab95-33de26614148,2006,AES-128,encrypt,cpu_software,software,transform,bytes,CTR,1024,12,1024:CTR:12,4b6a71e2bae01440c00228148657a665756eb28678126ea1fdbaf13fbab3a2f2,1,151,True,,,,,,,,,,,8800,8.8e-06,116.36363636363636,0,0.0,
efc8908b-b014-4804-ab95-33de26614148,2006,AES-128,encrypt,cpu_aesni,aesni,transform,bytes,CTR,1024,12,1024:CTR:12,4b6a71e2bae01440c00228148657a665756eb28678126ea1fdbaf13fbab3a2f2,2,152,True,,,,,,,,,,,4400,4.4e-06,232.72727272727272,0,0.0,
efc8908b-b014-4804-ab95-33de26614148,2006,AES-128,encrypt,cuda_baseline,baseline,resident,pinned,CTR,1024,12,1024:CTR:12,4b6a71e2bae01440c00228148657a665756eb28678126ea1fdbaf13fbab3a2f2,3,153,True,1,19.704433183126028,,5.196800082921982e-05,,,51968.00082921982,,,,,,,,,51968.00082921982
efc8908b-b014-4804-ab95-33de26614148,2006,AES-128,encrypt,cuda_optimized_v1,optimized,pipeline,pinned,CTR,1024,12,1024:CTR:12,4b6a71e2bae01440c00228148657a665756eb28678126ea1fdbaf13fbab3a2f2,4,154,True,,21.519838160315402,5.804988662131519,4.758400097489357e-05,0.0001764,38300,47584.00097489357,42000,80300,176400,,,,,,
efc8908b-b014-4804-ab95-33de26614148,2006,AES-128,encrypt,cuda_optimized_v1,optimized,resident,pinned,CTR,1024,12,1024:CTR:12,4b6a71e2bae01440c00228148657a665756eb28678126ea1fdbaf13fbab3a2f2,5,155,True,1,21.31912029293538,,4.80320006608963e-05,,,48032.0006608963,,,,,,,,,48032.0006608963
efc8908b-b014-4804-ab95-33de26614148,2006,AES-128,encrypt,cuda_baseline,baseline,pipeline,pinned,CTR,1024,13,1024:CTR:13,1036879e2e073baff107f392ef28cc943365d5d1d62b71e833c44c88a5d8e201,0,156,True,,20.4603576022553,5.532144786601837,5.004800111055374e-05,0.0001851,40100,50048.00111055374,43700,83800,185100,,,,,,
efc8908b-b014-4804-ab95-33de26614148,2006,AES-128,encrypt,cuda_baseline,baseline,resident,pinned,CTR,1024,13,1024:CTR:13,1036879e2e073baff107f392ef28cc943365d5d1d62b71e833c44c88a5d8e201,1,157,True,1,19.24233343798812,,5.321599915623665e-05,,,53215.99915623665,,,,,,,,,53215.99915623665
efc8908b-b014-4804-ab95-33de26614148,2006,AES-128,encrypt,cpu_aesni,aesni,transform,bytes,CTR,1024,13,1024:CTR:13,1036879e2e073baff107f392ef28cc943365d5d1d62b71e833c44c88a5d8e201,2,158,True,,,,,,,,,,,6100,6.1e-06,167.86885245901638,0,0.0,
efc8908b-b014-4804-ab95-33de26614148,2006,AES-128,encrypt,cuda_optimized_v1,optimized,resident,pinned,CTR,1024,13,1024:CTR:13,1036879e2e073baff107f392ef28cc943365d5d1d62b71e833c44c88a5d8e201,3,159,True,1,22.099448027672757,,4.633599892258644e-05,,,46335.99892258644,,,,,,,,,46335.99892258644
efc8908b-b014-4804-ab95-33de26614148,2006,AES-128,encrypt,cpu_software,software,transform,bytes,CTR,1024,13,1024:CTR:13,1036879e2e073baff107f392ef28cc943365d5d1d62b71e833c44c88a5d8e201,4,160,True,,,,,,,,,,,8900,8.9e-06,115.0561797752809,0,0.0,
efc8908b-b014-4804-ab95-33de26614148,2006,AES-128,encrypt,cuda_optimized_v1,optimized,pipeline,pinned,CTR,1024,13,1024:CTR:13,1036879e2e073baff107f392ef28cc943365d5d1d62b71e833c44c88a5d8e201,5,161,True,,21.66553892327095,5.791855203619909,4.7263998538255694e-05,0.0001768,39500,47263.99853825569,42100,81600,176800,,,,,,
efc8908b-b014-4804-ab95-33de26614148,2006,AES-128,encrypt,cuda_baseline,baseline,pipeline,pinned,ECB,1024,13,1024:ECB:13,7eacec5881ee4f4003a3bceb73f6398c51af97fdddc49e233114dc45aa247695,0,162,True,,20.382166072763138,5.695216907675195,5.023999884724617e-05,0.0001798,39300,50239.99884724617,42400,81700,179800,,,,,,
efc8908b-b014-4804-ab95-33de26614148,2006,AES-128,encrypt,cpu_software,software,transform,bytes,ECB,1024,13,1024:ECB:13,7eacec5881ee4f4003a3bceb73f6398c51af97fdddc49e233114dc45aa247695,1,163,True,,,,,,,,,,,8800,8.8e-06,116.36363636363636,0,0.0,
efc8908b-b014-4804-ab95-33de26614148,2006,AES-128,encrypt,cuda_optimized_v1,optimized,pipeline,pinned,ECB,1024,13,1024:ECB:13,7eacec5881ee4f4003a3bceb73f6398c51af97fdddc49e233114dc45aa247695,2,164,True,,20.317460291029434,4.830188679245283,5.040000006556511e-05,0.000212,40700,50400.00006556511,74100,114800,212000,,,,,,
efc8908b-b014-4804-ab95-33de26614148,2006,AES-128,encrypt,cuda_optimized_v1,optimized,resident,pinned,ECB,1024,13,1024:ECB:13,7eacec5881ee4f4003a3bceb73f6398c51af97fdddc49e233114dc45aa247695,3,165,True,1,19.52409977851257,,5.244800075888634e-05,,,52448.00075888634,,,,,,,,,52448.00075888634
efc8908b-b014-4804-ab95-33de26614148,2006,AES-128,encrypt,cuda_baseline,baseline,resident,pinned,ECB,1024,13,1024:ECB:13,7eacec5881ee4f4003a3bceb73f6398c51af97fdddc49e233114dc45aa247695,4,166,True,1,18.4438034369962,,5.552000179886818e-05,,,55520.00179886818,,,,,,,,,55520.00179886818
efc8908b-b014-4804-ab95-33de26614148,2006,AES-128,encrypt,cpu_aesni,aesni,transform,bytes,ECB,1024,13,1024:ECB:13,7eacec5881ee4f4003a3bceb73f6398c51af97fdddc49e233114dc45aa247695,5,167,True,,,,,,,,,,,6500,6.5e-06,157.53846153846155,0,0.0,
efc8908b-b014-4804-ab95-33de26614148,2006,AES-128,encrypt,cpu_software,software,transform,bytes,CTR,1024,14,1024:CTR:14,674f788956a170769a2d0e5371433b765ee60c8a218872070fd8d2fb4634dc9e,0,168,True,,,,,,,,,,,7700,7.7e-06,132.98701298701297,0,0.0,
efc8908b-b014-4804-ab95-33de26614148,2006,AES-128,encrypt,cuda_baseline,baseline,pipeline,pinned,CTR,1024,14,1024:CTR:14,674f788956a170769a2d0e5371433b765ee60c8a218872070fd8d2fb4634dc9e,1,169,True,,20.100502322163898,5.5083378160301235,5.09440004825592e-05,0.0001859,41500,50944.000482559204,41300,82800,185900,,,,,,
efc8908b-b014-4804-ab95-33de26614148,2006,AES-128,encrypt,cuda_baseline,baseline,resident,pinned,CTR,1024,14,1024:CTR:14,674f788956a170769a2d0e5371433b765ee60c8a218872070fd8d2fb4634dc9e,2,170,True,1,19.888128925372282,,5.14880008995533e-05,,,51488.0008995533,,,,,,,,,51488.0008995533
efc8908b-b014-4804-ab95-33de26614148,2006,AES-128,encrypt,cpu_aesni,aesni,transform,bytes,CTR,1024,14,1024:CTR:14,674f788956a170769a2d0e5371433b765ee60c8a218872070fd8d2fb4634dc9e,3,171,True,,,,,,,,,,,6200,6.2e-06,165.16129032258064,0,0.0,
efc8908b-b014-4804-ab95-33de26614148,2006,AES-128,encrypt,cuda_optimized_v1,optimized,resident,pinned,CTR,1024,14,1024:CTR:14,674f788956a170769a2d0e5371433b765ee60c8a218872070fd8d2fb4634dc9e,4,172,True,1,18.71345048645266,,5.4719999432563783e-05,,,54719.99943256378,,,,,,,,,54719.99943256378
efc8908b-b014-4804-ab95-33de26614148,2006,AES-128,encrypt,cuda_optimized_v1,optimized,pipeline,pinned,CTR,1024,14,1024:CTR:14,674f788956a170769a2d0e5371433b765ee60c8a218872070fd8d2fb4634dc9e,5,173,True,,21.694914437819776,5.804988662131519,4.7200001776218416e-05,0.0001764,40400,47200.001776218414,40000,80400,176400,,,,,,
efc8908b-b014-4804-ab95-33de26614148,2006,AES-128,encrypt,cpu_software,software,transform,bytes,ECB,1024,14,1024:ECB:14,c24dbe48338e41cc43c011463de9c80bf65256bb349edae42d030be73c036c95,0,174,True,,,,,,,,,,,7100,7.1e-06,144.22535211267606,0,0.0,
efc8908b-b014-4804-ab95-33de26614148,2006,AES-128,encrypt,cuda_optimized_v1,optimized,resident,pinned,ECB,1024,14,1024:ECB:14,c24dbe48338e41cc43c011463de9c80bf65256bb349edae42d030be73c036c95,1,175,True,1,21.548821327725747,,4.7520000487565994e-05,,,47520.000487565994,,,,,,,,,47520.000487565994
efc8908b-b014-4804-ab95-33de26614148,2006,AES-128,encrypt,cuda_baseline,baseline,resident,pinned,ECB,1024,14,1024:ECB:14,c24dbe48338e41cc43c011463de9c80bf65256bb349edae42d030be73c036c95,2,176,True,1,19.81424200893493,,5.167999863624573e-05,,,51679.99863624573,,,,,,,,,51679.99863624573
efc8908b-b014-4804-ab95-33de26614148,2006,AES-128,encrypt,cpu_aesni,aesni,transform,bytes,ECB,1024,14,1024:ECB:14,c24dbe48338e41cc43c011463de9c80bf65256bb349edae42d030be73c036c95,3,177,True,,,,,,,,,,,5400,5.4e-06,189.62962962962962,0,0.0,
efc8908b-b014-4804-ab95-33de26614148,2006,AES-128,encrypt,cuda_optimized_v1,optimized,pipeline,pinned,ECB,1024,14,1024:ECB:14,c24dbe48338e41cc43c011463de9c80bf65256bb349edae42d030be73c036c95,4,178,True,,19.31200913898893,5.623283909939594,5.302400141954422e-05,0.0001821,40700,53024.00141954422,39600,80300,182100,,,,,,
efc8908b-b014-4804-ab95-33de26614148,2006,AES-128,encrypt,cuda_baseline,baseline,pipeline,pinned,ECB,1024,14,1024:ECB:14,c24dbe48338e41cc43c011463de9c80bf65256bb349edae42d030be73c036c95,5,179,True,,21.66553892327095,5.844748858447488,4.7263998538255694e-05,0.0001752,40000,47263.99853825569,39400,79400,175200,,,,,,
efc8908b-b014-4804-ab95-33de26614148,2006,AES-128,encrypt,cpu_software,software,transform,bytes,ECB,1024,15,1024:ECB:15,fec0dd41dab8929506e36e7fb9725d6fdf8c61556ac001d426520a303b02b36c,0,180,True,,,,,,,,,,,7200,7.2e-06,142.22222222222223,0,0.0,
efc8908b-b014-4804-ab95-33de26614148,2006,AES-128,encrypt,cuda_baseline,baseline,resident,pinned,ECB,1024,15,1024:ECB:15,fec0dd41dab8929506e36e7fb9725d6fdf8c61556ac001d426520a303b02b36c,1,181,True,1,21.150033108271405,,4.8415999859571457e-05,,,48415.99985957146,,,,,,,,,48415.99985957146
efc8908b-b014-4804-ab95-33de26614148,2006,AES-128,encrypt,cuda_baseline,baseline,pipeline,pinned,ECB,1024,15,1024:ECB:15,fec0dd41dab8929506e36e7fb9725d6fdf8c61556ac001d426520a303b02b36c,2,182,True,,20.24035359507218,5.635663181067694,5.0592001527547836e-05,0.0001817,41600,50592.001527547836,40300,81900,181700,,,,,,
efc8908b-b014-4804-ab95-33de26614148,2006,AES-128,encrypt,cuda_optimized_v1,optimized,resident,pinned,ECB,1024,15,1024:ECB:15,fec0dd41dab8929506e36e7fb9725d6fdf8c61556ac001d426520a303b02b36c,3,183,True,1,19.42926570585502,,5.270399898290634e-05,,,52703.99898290634,,,,,,,,,52703.99898290634
efc8908b-b014-4804-ab95-33de26614148,2006,AES-128,encrypt,cpu_aesni,aesni,transform,bytes,ECB,1024,15,1024:ECB:15,fec0dd41dab8929506e36e7fb9725d6fdf8c61556ac001d426520a303b02b36c,4,184,True,,,,,,,,,,,5600,5.6e-06,182.85714285714286,0,0.0,
efc8908b-b014-4804-ab95-33de26614148,2006,AES-128,encrypt,cuda_optimized_v1,optimized,pipeline,pinned,ECB,1024,15,1024:ECB:15,fec0dd41dab8929506e36e7fb9725d6fdf8c61556ac001d426520a303b02b36c,5,185,True,,21.462106767923274,5.8082813386273395,4.7711998224258425e-05,0.0001763,40700,47711.99822425842,39800,80500,176300,,,,,,
efc8908b-b014-4804-ab95-33de26614148,2006,AES-128,encrypt,cuda_baseline,baseline,resident,pinned,CTR,1024,15,1024:CTR:15,721fe3f644156e41242a265bbba60e3008d31438758d37a652a5e155f987cec7,0,186,True,1,20.645160697377328,,4.960000142455101e-05,,,49600.00142455101,,,,,,,,,49600.00142455101
efc8908b-b014-4804-ab95-33de26614148,2006,AES-128,encrypt,cpu_aesni,aesni,transform,bytes,CTR,1024,15,1024:CTR:15,721fe3f644156e41242a265bbba60e3008d31438758d37a652a5e155f987cec7,1,187,True,,,,,,,,,,,6100,6.1e-06,167.86885245901638,0,0.0,
efc8908b-b014-4804-ab95-33de26614148,2006,AES-128,encrypt,cuda_optimized_v1,optimized,resident,pinned,CTR,1024,15,1024:CTR:15,721fe3f644156e41242a265bbba60e3008d31438758d37a652a5e155f987cec7,2,188,True,1,21.43335623775612,,4.7775998711586e-05,,,47775.998711586,,,,,,,,,47775.998711586
efc8908b-b014-4804-ab95-33de26614148,2006,AES-128,encrypt,cuda_baseline,baseline,pipeline,pinned,CTR,1024,15,1024:CTR:15,721fe3f644156e41242a265bbba60e3008d31438758d37a652a5e155f987cec7,3,189,True,,20.486555442386415,5.782044042913608,4.998400062322616e-05,0.0001771,39600,49984.000623226166,39000,78600,177100,,,,,,
efc8908b-b014-4804-ab95-33de26614148,2006,AES-128,encrypt,cpu_software,software,transform,bytes,CTR,1024,15,1024:CTR:15,721fe3f644156e41242a265bbba60e3008d31438758d37a652a5e155f987cec7,4,190,True,,,,,,,,,,,9000,9e-06,113.77777777777777,0,0.0,
efc8908b-b014-4804-ab95-33de26614148,2006,AES-128,encrypt,cuda_optimized_v1,optimized,pipeline,pinned,CTR,1024,15,1024:CTR:15,721fe3f644156e41242a265bbba60e3008d31438758d37a652a5e155f987cec7,5,191,True,,21.26245774967102,5.801699716713881,4.8160001635551456e-05,0.0001765,40300,48160.00163555145,40000,80300,176500,,,,,,
efc8908b-b014-4804-ab95-33de26614148,2006,AES-128,encrypt,cuda_optimized_v1,optimized,resident,pinned,ECB,1024,16,1024:ECB:16,87cc660708cac8685c62bb882e6b1d80e175a5e3b05a44e80e672d1301c429d1,0,192,True,1,21.91780735290307,,4.6720001846551896e-05,,,46720.001846551895,,,,,,,,,46720.001846551895
efc8908b-b014-4804-ab95-33de26614148,2006,AES-128,encrypt,cuda_optimized_v1,optimized,pipeline,pinned,ECB,1024,16,1024:ECB:16,87cc660708cac8685c62bb882e6b1d80e175a5e3b05a44e80e672d1301c429d1,1,193,True,,21.462106767923274,5.785310734463277,4.7711998224258425e-05,0.000177,40900,47711.99822425842,41300,82200,177000,,,,,,
efc8908b-b014-4804-ab95-33de26614148,2006,AES-128,encrypt,cuda_baseline,baseline,resident,pinned,ECB,1024,16,1024:ECB:16,87cc660708cac8685c62bb882e6b1d80e175a5e3b05a44e80e672d1301c429d1,2,194,True,1,20.631849725613375,,4.9632001668214796e-05,,,49632.0016682148,,,,,,,,,49632.0016682148
efc8908b-b014-4804-ab95-33de26614148,2006,AES-128,encrypt,cpu_aesni,aesni,transform,bytes,ECB,1024,16,1024:ECB:16,87cc660708cac8685c62bb882e6b1d80e175a5e3b05a44e80e672d1301c429d1,3,195,True,,,,,,,,,,,5600,5.6e-06,182.85714285714286,0,0.0,
efc8908b-b014-4804-ab95-33de26614148,2006,AES-128,encrypt,cuda_baseline,baseline,pipeline,pinned,ECB,1024,16,1024:ECB:16,87cc660708cac8685c62bb882e6b1d80e175a5e3b05a44e80e672d1301c429d1,4,196,True,,21.13606336315252,5.861476817401259,4.8448000103235245e-05,0.0001747,39700,48448.000103235245,39200,78900,174700,,,,,,
efc8908b-b014-4804-ab95-33de26614148,2006,AES-128,encrypt,cpu_software,software,transform,bytes,ECB,1024,16,1024:ECB:16,87cc660708cac8685c62bb882e6b1d80e175a5e3b05a44e80e672d1301c429d1,5,197,True,,,,,,,,,,,8600,8.6e-06,119.06976744186046,0,0.0,
efc8908b-b014-4804-ab95-33de26614148,2006,AES-128,encrypt,cuda_baseline,baseline,pipeline,pinned,CTR,1024,16,1024:CTR:16,2276074d1bf1c9dbd694635db0463162d01f17b92dd240dac2e4cebe09cf96aa,0,198,True,,21.178028071116742,5.7657657657657655,4.835199937224388e-05,0.0001776,40200,48351.99937224388,39400,79600,177600,,,,,,
efc8908b-b014-4804-ab95-33de26614148,2006,AES-128,encrypt,cuda_baseline,baseline,resident,pinned,CTR,1024,16,1024:CTR:16,2276074d1bf1c9dbd694635db0463162d01f17b92dd240dac2e4cebe09cf96aa,1,199,True,1,21.150033108271405,,4.8415999859571457e-05,,,48415.99985957146,,,,,,,,,48415.99985957146
efc8908b-b014-4804-ab95-33de26614148,2006,AES-128,encrypt,cpu_software,software,transform,bytes,CTR,1024,16,1024:CTR:16,2276074d1bf1c9dbd694635db0463162d01f17b92dd240dac2e4cebe09cf96aa,2,200,True,,,,,,,,,,,9000,9e-06,113.77777777777777,0,0.0,
efc8908b-b014-4804-ab95-33de26614148,2006,AES-128,encrypt,cuda_optimized_v1,optimized,pipeline,pinned,CTR,1024,16,1024:CTR:16,2276074d1bf1c9dbd694635db0463162d01f17b92dd240dac2e4cebe09cf96aa,3,201,True,,20.214782741939064,5.717476270240089,5.0655998289585113e-05,0.0001791,40700,50655.99828958511,39300,80000,179100,,,,,,
efc8908b-b014-4804-ab95-33de26614148,2006,AES-128,encrypt,cuda_optimized_v1,optimized,resident,pinned,CTR,1024,16,1024:CTR:16,2276074d1bf1c9dbd694635db0463162d01f17b92dd240dac2e4cebe09cf96aa,4,202,True,1,19.323671068796674,,5.2992001175880435e-05,,,52992.00117588043,,,,,,,,,52992.00117588043
efc8908b-b014-4804-ab95-33de26614148,2006,AES-128,encrypt,cpu_aesni,aesni,transform,bytes,CTR,1024,16,1024:CTR:16,2276074d1bf1c9dbd694635db0463162d01f17b92dd240dac2e4cebe09cf96aa,5,203,True,,,,,,,,,,,6100,6.1e-06,167.86885245901638,0,0.0,
efc8908b-b014-4804-ab95-33de26614148,2006,AES-128,encrypt,cuda_optimized_v1,optimized,pipeline,pinned,CTR,1024,17,1024:CTR:17,702d13e8dcc52a41f24906380464541ffde16dfd90686e93c7a7719d0d1571f8,0,204,True,,22.099448027672757,5.695216907675195,4.633599892258644e-05,0.0001798,40600,46335.99892258644,39100,79700,179800,,,,,,
efc8908b-b014-4804-ab95-33de26614148,2006,AES-128,encrypt,cuda_baseline,baseline,resident,pinned,CTR,1024,17,1024:CTR:17,702d13e8dcc52a41f24906380464541ffde16dfd90686e93c7a7719d0d1571f8,1,205,True,1,20.59202114114287,,4.972799867391586e-05,,,49727.99867391586,,,,,,,,,49727.99867391586
efc8908b-b014-4804-ab95-33de26614148,2006,AES-128,encrypt,cuda_optimized_v1,optimized,resident,pinned,CTR,1024,17,1024:CTR:17,702d13e8dcc52a41f24906380464541ffde16dfd90686e93c7a7719d0d1571f8,2,206,True,1,21.150033108271405,,4.8415999859571457e-05,,,48415.99985957146,,,,,,,,,48415.99985957146
efc8908b-b014-4804-ab95-33de26614148,2006,AES-128,encrypt,cuda_baseline,baseline,pipeline,pinned,CTR,1024,17,1024:CTR:17,702d13e8dcc52a41f24906380464541ffde16dfd90686e93c7a7719d0d1571f8,3,207,True,,20.163831420048346,5.778781038374718,5.078399926424027e-05,0.0001772,38600,50783.999264240265,39400,78000,177200,,,,,,
efc8908b-b014-4804-ab95-33de26614148,2006,AES-128,encrypt,cpu_aesni,aesni,transform,bytes,CTR,1024,17,1024:CTR:17,702d13e8dcc52a41f24906380464541ffde16dfd90686e93c7a7719d0d1571f8,4,208,True,,,,,,,,,,,6300,6.3e-06,162.53968253968253,0,0.0,
efc8908b-b014-4804-ab95-33de26614148,2006,AES-128,encrypt,cpu_software,software,transform,bytes,CTR,1024,17,1024:CTR:17,702d13e8dcc52a41f24906380464541ffde16dfd90686e93c7a7719d0d1571f8,5,209,True,,,,,,,,,,,7100,7.1e-06,144.22535211267606,0,0.0,
efc8908b-b014-4804-ab95-33de26614148,2006,AES-128,encrypt,cuda_baseline,baseline,resident,pinned,ECB,1024,17,1024:ECB:17,ff40926fff89b3cc087aff9a5be1cfdc5676e3367a792651cfbe38cb7346be58,0,210,True,1,21.22015974869112,,4.8255998641252515e-05,,,48255.99864125252,,,,,,,,,48255.99864125252
efc8908b-b014-4804-ab95-33de26614148,2006,AES-128,encrypt,cpu_aesni,aesni,transform,bytes,ECB,1024,17,1024:ECB:17,ff40926fff89b3cc087aff9a5be1cfdc5676e3367a792651cfbe38cb7346be58,1,211,True,,,,,,,,,,,5400,5.4e-06,189.62962962962962,0,0.0,
efc8908b-b014-4804-ab95-33de26614148,2006,AES-128,encrypt,cuda_optimized_v1,optimized,resident,pinned,ECB,1024,17,1024:ECB:17,ff40926fff89b3cc087aff9a5be1cfdc5676e3367a792651cfbe38cb7346be58,2,212,True,1,22.053756194863684,,4.643199965357781e-05,,,46431.999653577805,,,,,,,,,46431.999653577805
efc8908b-b014-4804-ab95-33de26614148,2006,AES-128,encrypt,cpu_software,software,transform,bytes,ECB,1024,17,1024:ECB:17,ff40926fff89b3cc087aff9a5be1cfdc5676e3367a792651cfbe38cb7346be58,3,213,True,,,,,,,,,,,8400,8.4e-06,121.9047619047619,0,0.0,
efc8908b-b014-4804-ab95-33de26614148,2006,AES-128,encrypt,cuda_baseline,baseline,pipeline,pinned,ECB,1024,17,1024:ECB:17,ff40926fff89b3cc087aff9a5be1cfdc5676e3367a792651cfbe38cb7346be58,4,214,True,,20.725388616737913,5.824800910125142,4.9407999962568284e-05,0.0001758,40100,49407.99996256828,39100,79200,175800,,,,,,
efc8908b-b014-4804-ab95-33de26614148,2006,AES-128,encrypt,cuda_optimized_v1,optimized,pipeline,pinned,ECB,1024,17,1024:ECB:17,ff40926fff89b3cc087aff9a5be1cfdc5676e3367a792651cfbe38cb7346be58,5,215,True,,20.819779527702188,5.772266065388951,4.9183998256921766e-05,0.0001774,40300,49183.99825692177,39600,79900,177400,,,,,,
efc8908b-b014-4804-ab95-33de26614148,2006,AES-128,encrypt,cuda_optimized_v1,optimized,pipeline,pinned,ECB,1024,18,1024:ECB:18,a9824a0f231e3d27cbc1ec634079a9f98d23b8b56a96975ef85b3466de59c42d,0,216,True,,10.104199874711085,2.919042189281642,0.00010134399682283402,0.0003508,93600,101343.99682283401,85200,178800,350800,,,,,,
efc8908b-b014-4804-ab95-33de26614148,2006,AES-128,encrypt,cuda_baseline,baseline,pipeline,pinned,ECB,1024,18,1024:ECB:18,a9824a0f231e3d27cbc1ec634079a9f98d23b8b56a96975ef85b3466de59c42d,1,217,True,,19.115889428258225,4.0894568690095845,5.356800183653831e-05,0.0002504,85000,53568.001836538315,41200,126200,250400,,,,,,
efc8908b-b014-4804-ab95-33de26614148,2006,AES-128,encrypt,cpu_aesni,aesni,transform,bytes,ECB,1024,18,1024:ECB:18,a9824a0f231e3d27cbc1ec634079a9f98d23b8b56a96975ef85b3466de59c42d,2,218,True,,,,,,,,,,,7100,7.1e-06,144.22535211267606,0,0.0,
efc8908b-b014-4804-ab95-33de26614148,2006,AES-128,encrypt,cpu_software,software,transform,bytes,ECB,1024,18,1024:ECB:18,a9824a0f231e3d27cbc1ec634079a9f98d23b8b56a96975ef85b3466de59c42d,3,219,True,,,,,,,,,,,7700,7.7e-06,132.98701298701297,0,0.0,
efc8908b-b014-4804-ab95-33de26614148,2006,AES-128,encrypt,cuda_optimized_v1,optimized,resident,pinned,ECB,1024,18,1024:ECB:18,a9824a0f231e3d27cbc1ec634079a9f98d23b8b56a96975ef85b3466de59c42d,4,220,True,1,22.023399795612193,,4.649600014090538e-05,,,46496.00014090538,,,,,,,,,46496.00014090538
efc8908b-b014-4804-ab95-33de26614148,2006,AES-128,encrypt,cuda_baseline,baseline,resident,pinned,ECB,1024,18,1024:ECB:18,a9824a0f231e3d27cbc1ec634079a9f98d23b8b56a96975ef85b3466de59c42d,5,221,True,1,20.901371430570162,,4.899200052022934e-05,,,48992.00052022934,,,,,,,,,48992.00052022934
efc8908b-b014-4804-ab95-33de26614148,2006,AES-128,encrypt,cuda_optimized_v1,optimized,pipeline,pinned,CTR,1024,18,1024:CTR:18,6037eb1db20ca01e1ed47e388c3016e03cb736ddbd5e7392fb769b824b825cb3,0,222,True,,21.24834078739276,5.8082813386273395,4.8191998153924945e-05,0.0001763,39000,48191.99815392494,39900,78900,176300,,,,,,
efc8908b-b014-4804-ab95-33de26614148,2006,AES-128,encrypt,cpu_aesni,aesni,transform,bytes,CTR,1024,18,1024:CTR:18,6037eb1db20ca01e1ed47e388c3016e03cb736ddbd5e7392fb769b824b825cb3,1,223,True,,,,,,,,,,,6400,6.4e-06,160.0,0,0.0,
efc8908b-b014-4804-ab95-33de26614148,2006,AES-128,encrypt,cpu_software,software,transform,bytes,CTR,1024,18,1024:CTR:18,6037eb1db20ca01e1ed47e388c3016e03cb736ddbd5e7392fb769b824b825cb3,2,224,True,,,,,,,,,,,6900,6.9e-06,148.40579710144928,0,0.0,
efc8908b-b014-4804-ab95-33de26614148,2006,AES-128,encrypt,cuda_optimized_v1,optimized,resident,pinned,CTR,1024,18,1024:CTR:18,6037eb1db20ca01e1ed47e388c3016e03cb736ddbd5e7392fb769b824b825cb3,3,225,True,1,22.06896579790059,,4.639999940991402e-05,,,46399.99940991402,,,,,,,,,46399.99940991402
efc8908b-b014-4804-ab95-33de26614148,2006,AES-128,encrypt,cuda_baseline,baseline,resident,pinned,CTR,1024,18,1024:CTR:18,6037eb1db20ca01e1ed47e388c3016e03cb736ddbd5e7392fb769b824b825cb3,4,226,True,1,21.12211206008168,,4.848000034689903e-05,,,48480.00034689903,,,,,,,,,48480.00034689903
efc8908b-b014-4804-ab95-33de26614148,2006,AES-128,encrypt,cuda_baseline,baseline,pipeline,pinned,CTR,1024,18,1024:CTR:18,6037eb1db20ca01e1ed47e388c3016e03cb736ddbd5e7392fb769b824b825cb3,5,227,True,,20.34329324102109,5.824800910125142,5.0335999578237536e-05,0.0001758,39100,50335.99957823753,38900,78000,175800,,,,,,
efc8908b-b014-4804-ab95-33de26614148,2006,AES-128,encrypt,cuda_baseline,baseline,resident,pinned,CTR,1024,19,1024:CTR:19,3f07db06920ab5d85f278cfcaba69a11a4a5b1b737addec5656d6b4ca87ce866,0,228,True,1,21.447721867869856,,4.774399846792221e-05,,,47743.99846792221,,,,,,,,,47743.99846792221
efc8908b-b014-4804-ab95-33de26614148,2006,AES-128,encrypt,cpu_aesni,aesni,transform,bytes,CTR,1024,19,1024:CTR:19,3f07db06920ab5d85f278cfcaba69a11a4a5b1b737addec5656d6b4ca87ce866,1,229,True,,,,,,,,,,,6300,6.3e-06,162.53968253968253,0,0.0,
efc8908b-b014-4804-ab95-33de26614148,2006,AES-128,encrypt,cuda_optimized_v1,optimized,resident,pinned,CTR,1024,19,1024:CTR:19,3f07db06920ab5d85f278cfcaba69a11a4a5b1b737addec5656d6b4ca87ce866,2,230,True,1,21.607022504316053,,4.739199951291084e-05,,,47391.99951291084,,,,,,,,,47391.99951291084
efc8908b-b014-4804-ab95-33de26614148,2006,AES-128,encrypt,cpu_software,software,transform,bytes,CTR,1024,19,1024:CTR:19,3f07db06920ab5d85f278cfcaba69a11a4a5b1b737addec5656d6b4ca87ce866,3,231,True,,,,,,,,,,,8900,8.9e-06,115.0561797752809,0,0.0,
efc8908b-b014-4804-ab95-33de26614148,2006,AES-128,encrypt,cuda_baseline,baseline,pipeline,pinned,CTR,1024,19,1024:CTR:19,3f07db06920ab5d85f278cfcaba69a11a4a5b1b737addec5656d6b4ca87ce866,4,232,True,,20.5128204569779,5.791855203619909,4.992000013589859e-05,0.0001768,39100,49920.00013589859,39500,78600,176800,,,,,,
efc8908b-b014-4804-ab95-33de26614148,2006,AES-128,encrypt,cuda_optimized_v1,optimized,pipeline,pinned,CTR,1024,19,1024:CTR:19,3f07db06920ab5d85f278cfcaba69a11a4a5b1b737addec5656d6b4ca87ce866,5,233,True,,20.725388616737913,5.824800910125142,4.9407999962568284e-05,0.0001758,38400,49407.99996256828,39800,78200,175800,,,,,,
efc8908b-b014-4804-ab95-33de26614148,2006,AES-128,encrypt,cpu_aesni,aesni,transform,bytes,ECB,1024,19,1024:ECB:19,e464088c2f73679e3f8398ca275f77655659cc960bc887bf9a91534dc696cd11,0,234,True,,,,,,,,,,,4200,4.2e-06,243.8095238095238,0,0.0,
efc8908b-b014-4804-ab95-33de26614148,2006,AES-128,encrypt,cuda_baseline,baseline,pipeline,pinned,ECB,1024,19,1024:ECB:19,e464088c2f73679e3f8398ca275f77655659cc960bc887bf9a91534dc696cd11,1,235,True,,21.038789487658562,5.838084378563284,4.867200180888176e-05,0.0001754,39000,48672.00180888176,39400,78400,175400,,,,,,
efc8908b-b014-4804-ab95-33de26614148,2006,AES-128,encrypt,cuda_optimized_v1,optimized,resident,pinned,ECB,1024,19,1024:ECB:19,e464088c2f73679e3f8398ca275f77655659cc960bc887bf9a91534dc696cd11,2,236,True,1,21.872864514365077,,4.681599885225296e-05,,,46815.99885225296,,,,,,,,,46815.99885225296
efc8908b-b014-4804-ab95-33de26614148,2006,AES-128,encrypt,cuda_optimized_v1,optimized,pipeline,pinned,ECB,1024,19,1024:ECB:19,e464088c2f73679e3f8398ca275f77655659cc960bc887bf9a91534dc696cd11,3,237,True,,21.43335623775612,5.981308411214953,4.7775998711586e-05,0.0001712,38800,47775.998711586,39200,78000,171200,,,,,,
efc8908b-b014-4804-ab95-33de26614148,2006,AES-128,encrypt,cpu_software,software,transform,bytes,ECB,1024,19,1024:ECB:19,e464088c2f73679e3f8398ca275f77655659cc960bc887bf9a91534dc696cd11,4,238,True,,,,,,,,,,,9000,9e-06,113.77777777777777,0,0.0,
efc8908b-b014-4804-ab95-33de26614148,2006,AES-128,encrypt,cuda_baseline,baseline,resident,pinned,ECB,1024,19,1024:ECB:19,e464088c2f73679e3f8398ca275f77655659cc960bc887bf9a91534dc696cd11,5,239,True,1,20.33036855981599,,5.0367999821901324e-05,,,50367.99982190132,,,,,,,,,50367.99982190132
efc8908b-b014-4804-ab95-33de26614148,2006,AES-128,encrypt,cuda_optimized_v1,optimized,resident,pinned,CTR,16384,0,16384:CTR:0,c599db83f09b1a651f66f7470004c8c2b19eb11f50b6130ad37f721fad61d97d,0,240,True,1,282.87292110887586,,5.792000144720077e-05,,,57920.001447200775,,,,,,,,,57920.001447200775
efc8908b-b014-4804-ab95-33de26614148,2006,AES-128,encrypt,cuda_baseline,baseline,pipeline,pinned,CTR,16384,0,16384:CTR:0,c599db83f09b1a651f66f7470004c8c2b19eb11f50b6130ad37f721fad61d97d,1,241,True,,291.2400457518837,84.71561530506722,5.62559999525547e-05,0.0001934,43300,56255.9999525547,43600,86900,193400,,,,,,
efc8908b-b014-4804-ab95-33de26614148,2006,AES-128,encrypt,cuda_baseline,baseline,resident,pinned,CTR,16384,0,16384:CTR:0,c599db83f09b1a651f66f7470004c8c2b19eb11f50b6130ad37f721fad61d97d,2,242,True,1,333.116472443235,,4.9183998256921766e-05,,,49183.99825692177,,,,,,,,,49183.99825692177
efc8908b-b014-4804-ab95-33de26614148,2006,AES-128,encrypt,cuda_optimized_v1,optimized,pipeline,pinned,CTR,16384,0,16384:CTR:0,c599db83f09b1a651f66f7470004c8c2b19eb11f50b6130ad37f721fad61d97d,3,243,True,,335.73771139717473,89.62800875273523,4.879999905824661e-05,0.0001828,41900,48799.99905824661,42500,84400,182800,,,,,,
efc8908b-b014-4804-ab95-33de26614148,2006,AES-128,encrypt,cpu_aesni,aesni,transform,bytes,CTR,16384,0,16384:CTR:0,c599db83f09b1a651f66f7470004c8c2b19eb11f50b6130ad37f721fad61d97d,4,244,True,,,,,,,,,,,13300,1.33e-05,1231.8796992481202,0,0.0,
efc8908b-b014-4804-ab95-33de26614148,2006,AES-128,encrypt,cpu_software,software,transform,bytes,CTR,16384,0,16384:CTR:0,c599db83f09b1a651f66f7470004c8c2b19eb11f50b6130ad37f721fad61d97d,5,245,True,,,,,,,,,,,61600,6.16e-05,265.97402597402595,0,0.0,
efc8908b-b014-4804-ab95-33de26614148,2006,AES-128,encrypt,cuda_optimized_v1,optimized,resident,pinned,ECB,16384,0,16384:ECB:0,a03d1e8ee2ecc948bf24b5d8698f5e8aca3ddc7bd7e8b0f1279d8242fbec21a4,0,246,True,1,314.689603353906,,5.2064001560211184e-05,,,52064.00156021118,,,,,,,,,52064.00156021118
efc8908b-b014-4804-ab95-33de26614148,2006,AES-128,encrypt,cuda_baseline,baseline,resident,pinned,ECB,16384,0,16384:ECB:0,a03d1e8ee2ecc948bf24b5d8698f5e8aca3ddc7bd7e8b0f1279d8242fbec21a4,1,247,True,1,305.30710259154256,,5.366399884223938e-05,,,53663.99884223938,,,,,,,,,53663.99884223938
efc8908b-b014-4804-ab95-33de26614148,2006,AES-128,encrypt,cuda_baseline,baseline,pipeline,pinned,ECB,16384,0,16384:ECB:0,a03d1e8ee2ecc948bf24b5d8698f5e8aca3ddc7bd7e8b0f1279d8242fbec21a4,2,248,True,,330.7493477473748,91.37757947573898,4.953600093722343e-05,0.0001793,40800,49536.000937223434,41600,82400,179300,,,,,,
efc8908b-b014-4804-ab95-33de26614148,2006,AES-128,encrypt,cpu_software,software,transform,bytes,ECB,16384,0,16384:ECB:0,a03d1e8ee2ecc948bf24b5d8698f5e8aca3ddc7bd7e8b0f1279d8242fbec21a4,3,249,True,,,,,,,,,,,58300,5.83e-05,281.02915951972557,0,0.0,
efc8908b-b014-4804-ab95-33de26614148,2006,AES-128,encrypt,cpu_aesni,aesni,transform,bytes,ECB,16384,0,16384:ECB:0,a03d1e8ee2ecc948bf24b5d8698f5e8aca3ddc7bd7e8b0f1279d8242fbec21a4,4,250,True,,,,,,,,,,,6800,6.8e-06,2409.4117647058824,0,0.0,
efc8908b-b014-4804-ab95-33de26614148,2006,AES-128,encrypt,cuda_optimized_v1,optimized,pipeline,pinned,ECB,16384,0,16384:ECB:0,a03d1e8ee2ecc948bf24b5d8698f5e8aca3ddc7bd7e8b0f1279d8242fbec21a4,5,251,True,,337.50823414719946,89.9725425590335,4.854400083422661e-05,0.0001821,41900,48544.00083422661,43000,84900,182100,,,,,,
efc8908b-b014-4804-ab95-33de26614148,2006,AES-128,encrypt,cuda_optimized_v1,optimized,pipeline,pinned,ECB,16384,1,16384:ECB:1,2a7dbc5979e107cc639120ffb7030079585c019477478b6dc79ad801f06737e9,0,252,True,,315.07691657613736,88.75406283856988,5.200000107288361e-05,0.0001846,41200,52000.001072883606,42200,83400,184600,,,,,,
efc8908b-b014-4804-ab95-33de26614148,2006,AES-128,encrypt,cpu_software,software,transform,bytes,ECB,16384,1,16384:ECB:1,2a7dbc5979e107cc639120ffb7030079585c019477478b6dc79ad801f06737e9,1,253,True,,,,,,,,,,,58200,5.82e-05,281.51202749140896,0,0.0,
efc8908b-b014-4804-ab95-33de26614148,2006,AES-128,encrypt,cuda_baseline,baseline,resident,pinned,ECB,16384,1,16384:ECB:1,2a7dbc5979e107cc639120ffb7030079585c019477478b6dc79ad801f06737e9,2,254,True,1,297.8475770040264,,5.500800162553787e-05,,,55008.00162553787,,,,,,,,,55008.00162553787
efc8908b-b014-4804-ab95-33de26614148,2006,AES-128,encrypt,cpu_aesni,aesni,transform,bytes,ECB,16384,1,16384:ECB:1,2a7dbc5979e107cc639120ffb7030079585c019477478b6dc79ad801f06737e9,3,255,True,,,,,,,,,,,9000,9e-06,1820.4444444444443,0,0.0,
efc8908b-b014-4804-ab95-33de26614148,2006,AES-128,encrypt,cuda_baseline,baseline,pipeline,pinned,ECB,16384,1,16384:ECB:1,2a7dbc5979e107cc639120ffb7030079585c019477478b6dc79ad801f06737e9,4,256,True,,341.56103945788203,90.66961815163253,4.7968000173568725e-05,0.0001807,40700,47968.000173568726,43300,84000,180700,,,,,,
efc8908b-b014-4804-ab95-33de26614148,2006,AES-128,encrypt,cuda_optimized_v1,optimized,resident,pinned,ECB,16384,1,16384:ECB:1,2a7dbc5979e107cc639120ffb7030079585c019477478b6dc79ad801f06737e9,5,257,True,1,344.0860126997534,,4.761600121855736e-05,,,47616.00121855736,,,,,,,,,47616.00121855736
efc8908b-b014-4804-ab95-33de26614148,2006,AES-128,encrypt,cuda_optimized_v1,optimized,resident,pinned,CTR,16384,1,16384:CTR:1,c01b7cf4d4326cb89df8ad1bdc76003d4c251d54ed3fb05eea35eca73c1280f2,0,258,True,1,314.49630360657227,,5.209600180387497e-05,,,52096.00180387497,,,,,,,,,52096.00180387497
efc8908b-b014-4804-ab95-33de26614148,2006,AES-128,encrypt,cuda_baseline,baseline,pipeline,pinned,CTR,16384,1,16384:CTR:1,c01b7cf4d4326cb89df8ad1bdc76003d4c251d54ed3fb05eea35eca73c1280f2,1,259,True,,302.9585894915261,86.87168610816543,5.407999828457832e-05,0.0001886,42400,54079.99828457832,43100,85500,188600,,,,,,
efc8908b-b014-4804-ab95-33de26614148,2006,AES-128,encrypt,cuda_baseline,baseline,resident,pinned,CTR,16384,1,16384:CTR:1,c01b7cf4d4326cb89df8ad1bdc76003d4c251d54ed3fb05eea35eca73c1280f2,2,260,True,1,336.8420944236986,,4.864000156521797e-05,,,48640.00156521797,,,,,,,,,48640.00156521797
efc8908b-b014-4804-ab95-33de26614148,2006,AES-128,encrypt,cpu_aesni,aesni,transform,bytes,CTR,16384,1,16384:CTR:1,c01b7cf4d4326cb89df8ad1bdc76003d4c251d54ed3fb05eea35eca73c1280f2,3,261,True,,,,,,,,,,,12300,1.23e-05,1332.0325203252032,0,0.0,
efc8908b-b014-4804-ab95-33de26614148,2006,AES-128,encrypt,cpu_software,software,transform,bytes,CTR,16384,1,16384:CTR:1,c01b7cf4d4326cb89df8ad1bdc76003d4c251d54ed3fb05eea35eca73c1280f2,4,262,True,,,,,,,,,,,60200,6.02e-05,272.1594684385382,0,0.0,
efc8908b-b014-4804-ab95-33de26614148,2006,AES-128,encrypt,cuda_optimized_v1,optimized,pipeline,pinned,CTR,16384,1,16384:CTR:1,c01b7cf4d4326cb89df8ad1bdc76003d4c251d54ed3fb05eea35eca73c1280f2,5,263,True,,342.7041574221938,70.55986218776917,4.780799895524978e-05,0.0002322,91300,47807.99895524979,43000,134300,232200,,,,,,
efc8908b-b014-4804-ab95-33de26614148,2006,AES-128,encrypt,cuda_optimized_v1,optimized,pipeline,pinned,CTR,16384,2,16384:CTR:2,e8e56b195404e47e1bb016e20ff073e7c0c4f3203cf71b68de9000a5d03deab1,0,264,True,,328.83751195586115,87.8969957081545,4.982399940490723e-05,0.0001864,43500,49823.99940490723,43000,86500,186400,,,,,,
efc8908b-b014-4804-ab95-33de26614148,2006,AES-128,encrypt,cuda_baseline,baseline,resident,pinned,CTR,16384,2,16384:CTR:2,e8e56b195404e47e1bb016e20ff073e7c0c4f3203cf71b68de9000a5d03deab1,1,265,True,1,306.9544342968469,,5.337600037455559e-05,,,53376.00037455559,,,,,,,,,53376.00037455559
efc8908b-b014-4804-ab95-33de26614148,2006,AES-128,encrypt,cuda_optimized_v1,optimized,resident,pinned,CTR,16384,2,16384:CTR:2,e8e56b195404e47e1bb016e20ff073e7c0c4f3203cf71b68de9000a5d03deab1,2,266,True,1,337.50823414719946,,4.854400083422661e-05,,,48544.00083422661,,,,,,,,,48544.00083422661
efc8908b-b014-4804-ab95-33de26614148,2006,AES-128,encrypt,cpu_software,software,transform,bytes,CTR,16384,2,16384:CTR:2,e8e56b195404e47e1bb016e20ff073e7c0c4f3203cf71b68de9000a5d03deab1,3,267,True,,,,,,,,,,,61900,6.19e-05,264.6849757673667,0,0.0,
efc8908b-b014-4804-ab95-33de26614148,2006,AES-128,encrypt,cpu_aesni,aesni,transform,bytes,CTR,16384,2,16384:CTR:2,e8e56b195404e47e1bb016e20ff073e7c0c4f3203cf71b68de9000a5d03deab1,4,268,True,,,,,,,,,,,10200,1.02e-05,1606.2745098039215,0,0.0,
efc8908b-b014-4804-ab95-33de26614148,2006,AES-128,encrypt,cuda_baseline,baseline,pipeline,pinned,CTR,16384,2,16384:CTR:2,e8e56b195404e47e1bb016e20ff073e7c0c4f3203cf71b68de9000a5d03deab1,5,269,True,,329.8969192622209,89.77534246575343,4.9663998186588286e-05,0.0001825,41100,49663.99818658829,42200,83300,182500,,,,,,
efc8908b-b014-4804-ab95-33de26614148,2006,AES-128,encrypt,cpu_aesni,aesni,transform,bytes,ECB,16384,2,16384:ECB:2,b7c51b70ec770db923bec9f51944c014037cc8d400242730a23d24ab1a195406,0,270,True,,,,,,,,,,,7300,7.3e-06,2244.3835616438355,0,0.0,
efc8908b-b014-4804-ab95-33de26614148,2006,AES-128,encrypt,cuda_optimized_v1,optimized,pipeline,pinned,ECB,16384,2,16384:ECB:2,b7c51b70ec770db923bec9f51944c014037cc8d400242730a23d24ab1a195406,1,271,True,,335.29797299377975,89.82456140350877,4.886399954557419e-05,0.0001824,41500,48863.99954557419,42400,83900,182400,,,,,,
efc8908b-b014-4804-ab95-33de26614148,2006,AES-128,encrypt,cuda_optimized_v1,optimized,resident,pinned,ECB,16384,2,16384:ECB:2,b7c51b70ec770db923bec9f51944c014037cc8d400242730a23d24ab1a195406,2,272,True,1,317.02787214295887,,5.167999863624573e-05,,,51679.99863624573,,,,,,,,,51679.99863624573
efc8908b-b014-4804-ab95-33de26614148,2006,AES-128,encrypt,cuda_baseline,baseline,resident,pinned,ECB,16384,2,16384:ECB:2,b7c51b70ec770db923bec9f51944c014037cc8d400242730a23d24ab1a195406,3,273,True,1,299.76581374747747,,5.465599894523621e-05,,,54655.998945236206,,,,,,,,,54655.998945236206
efc8908b-b014-4804-ab95-33de26614148,2006,AES-128,encrypt,cuda_baseline,baseline,pipeline,pinned,ECB,16384,2,16384:ECB:2,b7c51b70ec770db923bec9f51944c014037cc8d400242730a23d24ab1a195406,4,274,True,,333.76791848074214,92.04494382022472,4.90880012512207e-05,0.000178,40300,49088.0012512207,41900,82200,178000,,,,,,
efc8908b-b014-4804-ab95-33de26614148,2006,AES-128,encrypt,cpu_software,software,transform,bytes,ECB,16384,2,16384:ECB:2,b7c51b70ec770db923bec9f51944c014037cc8d400242730a23d24ab1a195406,5,275,True,,,,,,,,,,,58300,5.83e-05,281.02915951972557,0,0.0,
efc8908b-b014-4804-ab95-33de26614148,2006,AES-128,encrypt,cpu_aesni,aesni,transform,bytes,ECB,16384,3,16384:ECB:3,a5b56c7be2e14f32df0452cd264e381bf7174877eb417f949ca6e4a180a0fbff,0,276,True,,,,,,,,,,,6900,6.9e-06,2374.4927536231885,0,0.0,
efc8908b-b014-4804-ab95-33de26614148,2006,AES-128,encrypt,cuda_optimized_v1,optimized,resident,pinned,ECB,16384,3,16384:ECB:3,a5b56c7be2e14f32df0452cd264e381bf7174877eb417f949ca6e4a180a0fbff,1,277,True,1,325.6997498554621,,5.030399933457375e-05,,,50303.999334573746,,,,,,,,,50303.999334573746
efc8908b-b014-4804-ab95-33de26614148,2006,AES-128,encrypt,cpu_software,software,transform,bytes,ECB,16384,3,16384:ECB:3,a5b56c7be2e14f32df0452cd264e381bf7174877eb417f949ca6e4a180a0fbff,2,278,True,,,,,,,,,,,57700,5.77e-05,283.95147313691507,0,0.0,
efc8908b-b014-4804-ab95-33de26614148,2006,AES-128,encrypt,cuda_baseline,baseline,pipeline,pinned,ECB,16384,3,16384:ECB:3,a5b56c7be2e14f32df0452cd264e381bf7174877eb417f949ca6e4a180a0fbff,3,279,True,,317.42096612624357,87.01009028146575,5.161599814891815e-05,0.0001883,42700,51615.99814891815,42900,85600,188300,,,,,,
efc8908b-b014-4804-ab95-33de26614148,2006,AES-128,encrypt,cuda_baseline,baseline,resident,pinned,ECB,16384,3,16384:ECB:3,a5b56c7be2e14f32df0452cd264e381bf7174877eb417f949ca6e4a180a0fbff,4,280,True,1,300.4694742231959,,5.452800169587135e-05,,,54528.00169587135,,,,,,,,,54528.00169587135
efc8908b-b014-4804-ab95-33de26614148,2006,AES-128,encrypt,cuda_optimized_v1,optimized,pipeline,pinned,ECB,16384,3,16384:ECB:3,a5b56c7be2e14f32df0452cd264e381bf7174877eb417f949ca6e4a180a0fbff,5,281,True,,332.4675392955769,90.36955322669608,4.927999898791313e-05,0.0001813,41100,49279.99898791313,43100,84200,181300,,,,,,
efc8908b-b014-4804-ab95-33de26614148,2006,AES-128,encrypt,cuda_optimized_v1,optimized,resident,pinned,CTR,16384,3,16384:CTR:3,1df6a6dd68347df19cca890f2ef9c393bbf25db661ca1b5ea3632c01f6a25e72,0,282,True,1,329.26045732311536,,4.975999891757965e-05,,,49759.99891757965,,,,,,,,,49759.99891757965
efc8908b-b014-4804-ab95-33de26614148,2006,AES-128,encrypt,cpu_software,software,transform,bytes,CTR,16384,3,16384:CTR:3,1df6a6dd68347df19cca890f2ef9c393bbf25db661ca1b5ea3632c01f6a25e72,1,283,True,,,,,,,,,,,61900,6.19e-05,264.6849757673667,0,0.0,
efc8908b-b014-4804-ab95-33de26614148,2006,AES-128,encrypt,cuda_optimized_v1,optimized,pipeline,pinned,CTR,16384,3,16384:CTR:3,1df6a6dd68347df19cca890f2ef9c393bbf25db661ca1b5ea3632c01f6a25e72,2,284,True,,337.2858950189965,89.92316136114161,4.85760010778904e-05,0.0001822,42200,48576.001077890396,43100,85300,182200,,,,,,
efc8908b-b014-4804-ab95-33de26614148,2006,AES-128,encrypt,cuda_baseline,baseline,pipeline,pinned,CTR,16384,3,16384:CTR:3,1df6a6dd68347df19cca890f2ef9c393bbf25db661ca1b5ea3632c01f6a25e72,3,285,True,,248.6643907031485,68.7248322147651,6.588800251483917e-05,0.0002384,42000,65888.00251483917,81600,123600,238400,,,,,,
efc8908b-b014-4804-ab95-33de26614148,2006,AES-128,encrypt,cpu_aesni,aesni,transform,bytes,CTR,16384,3,16384:CTR:3,1df6a6dd68347df19cca890f2ef9c393bbf25db661ca1b5ea3632c01f6a25e72,4,286,True,,,,,,,,,,,18800,1.88e-05,871.4893617021277,0,0.0,
efc8908b-b014-4804-ab95-33de26614148,2006,AES-128,encrypt,cuda_baseline,baseline,resident,pinned,CTR,16384,3,16384:CTR:3,1df6a6dd68347df19cca890f2ef9c393bbf25db661ca1b5ea3632c01f6a25e72,5,287,True,1,259.5033090218634,,6.313599646091461e-05,,,63135.99646091461,,,,,,,,,63135.99646091461
efc8908b-b014-4804-ab95-33de26614148,2006,AES-128,encrypt,cuda_optimized_v1,optimized,resident,pinned,CTR,16384,4,16384:CTR:4,2220a4ea31321b6a671a387427909a2a13850437df26dd77bacae280470d28b8,0,288,True,1,258.58586606851924,,6.335999816656113e-05,,,63359.99816656113,,,,,,,,,63359.99816656113
efc8908b-b014-4804-ab95-33de26614148,2006,AES-128,encrypt,cuda_baseline,baseline,resident,pinned,CTR,16384,4,16384:CTR:4,2220a4ea31321b6a671a387427909a2a13850437df26dd77bacae280470d28b8,1,289,True,1,146.3693500332406,,0.00011193600296974182,,,111936.00296974182,,,,,,,,,111936.00296974182
efc8908b-b014-4804-ab95-33de26614148,2006,AES-128,encrypt,cuda_optimized_v1,optimized,pipeline,pinned,CTR,16384,4,16384:CTR:4,2220a4ea31321b6a671a387427909a2a13850437df26dd77bacae280470d28b8,2,290,True,,310.3030319844396,85.69037656903765,5.2799999713897704e-05,0.0001912,42100,52799.999713897705,44600,86700,191200,,,,,,
efc8908b-b014-4804-ab95-33de26614148,2006,AES-128,encrypt,cpu_software,software,transform,bytes,CTR,16384,4,16384:CTR:4,2220a4ea31321b6a671a387427909a2a13850437df26dd77bacae280470d28b8,3,291,True,,,,,,,,,,,67100,6.71e-05,244.17287630402384,0,0.0,
efc8908b-b014-4804-ab95-33de26614148,2006,AES-128,encrypt,cpu_aesni,aesni,transform,bytes,CTR,16384,4,16384:CTR:4,2220a4ea31321b6a671a387427909a2a13850437df26dd77bacae280470d28b8,4,292,True,,,,,,,,,,,10800,1.08e-05,1517.037037037037,0,0.0,
efc8908b-b014-4804-ab95-33de26614148,2006,AES-128,encrypt,cuda_baseline,baseline,pipeline,pinned,CTR,16384,4,16384:CTR:4,2220a4ea31321b6a671a387427909a2a13850437df26dd77bacae280470d28b8,5,293,True,,315.4651843668642,87.47463961558996,5.193600058555603e-05,0.0001873,42000,51936.00058555603,43200,85200,187300,,,,,,
efc8908b-b014-4804-ab95-33de26614148,2006,AES-128,encrypt,cuda_optimized_v1,optimized,pipeline,pinned,ECB,16384,4,16384:ECB:4,0d5c813b3d048480337f8c5cee295aff28a5210d316b321892c819590536a495,0,294,True,,300.4694742231959,84.14997431946584,5.452800169587135e-05,0.0001947,42400,54528.00169587135,43600,86000,194700,,,,,,
efc8908b-b014-4804-ab95-33de26614148,2006,AES-128,encrypt,cuda_optimized_v1,optimized,resident,pinned,ECB,16384,4,16384:ECB:4,0d5c813b3d048480337f8c5cee295aff28a5210d316b321892c819590536a495,1,295,True,1,334.20365014491125,,4.902400076389313e-05,,,49024.00076389313,,,,,,,,,49024.00076389313
efc8908b-b014-4804-ab95-33de26614148,2006,AES-128,encrypt,cuda_baseline,baseline,pipeline,pinned,ECB,16384,4,16384:ECB:4,0d5c813b3d048480337f8c5cee295aff28a5210d316b321892c819590536a495,2,296,True,,320.60111644287275,88.46652267818574,5.1104001700878144e-05,0.0001852,41300,51104.00170087814,43700,85000,185200,,,,,,
efc8908b-b014-4804-ab95-33de26614148,2006,AES-128,encrypt,cpu_software,software,transform,bytes,ECB,16384,4,16384:ECB:4,0d5c813b3d048480337f8c5cee295aff28a5210d316b321892c819590536a495,3,297,True,,,,,,,,,,,59300,5.93e-05,276.2900505902192,0,0.0,
efc8908b-b014-4804-ab95-33de26614148,2006,AES-128,encrypt,cuda_baseline,baseline,resident,pinned,ECB,16384,4,16384:ECB:4,0d5c813b3d048480337f8c5cee295aff28a5210d316b321892c819590536a495,4,298,True,1,312.38559645620114,,5.244800075888634e-05,,,52448.00075888634,,,,,,,,,52448.00075888634
efc8908b-b014-4804-ab95-33de26614148,2006,AES-128,encrypt,cpu_aesni,aesni,transform,bytes,ECB,16384,4,16384:ECB:4,0d5c813b3d048480337f8c5cee295aff28a5210d316b321892c819590536a495,5,299,True,,,,,,,,,,,8900,8.9e-06,1840.8988764044943,0,0.0,
efc8908b-b014-4804-ab95-33de26614148,2006,AES-128,encrypt,cuda_baseline,baseline,resident,pinned,CTR,16384,5,16384:CTR:5,06c7062ad30cc71adf2a22846498f639679012c4a0ac9a2507efd29283cffc4b,0,300,True,1,291.7378957816858,,5.6159999221563336e-05,,,56159.99922156334,,,,,,,,,56159.99922156334
efc8908b-b014-4804-ab95-33de26614148,2006,AES-128,encrypt,cuda_optimized_v1,optimized,resident,pinned,CTR,16384,5,16384:CTR:5,06c7062ad30cc71adf2a22846498f639679012c4a0ac9a2507efd29283cffc4b,1,301,True,1,332.68356923667176,,4.924799874424934e-05,,,49247.998744249344,,,,,,,,,49247.998744249344
efc8908b-b014-4804-ab95-33de26614148,2006,AES-128,encrypt,cuda_optimized_v1,optimized,pipeline,pinned,CTR,16384,5,16384:CTR:5,06c7062ad30cc71adf2a22846498f639679012c4a0ac9a2507efd29283cffc4b,2,302,True,,332.2517897329239,89.9725425590335,4.931199923157692e-05,0.0001821,41800,49311.99923157692,43200,85000,182100,,,,,,
efc8908b-b014-4804-ab95-33de26614148,2006,AES-128,encrypt,cpu_software,software,transform,bytes,CTR,16384,5,16384:CTR:5,06c7062ad30cc71adf2a22846498f639679012c4a0ac9a2507efd29283cffc4b,3,303,True,,,,,,,,,,,63100,6.31e-05,259.6513470681458,0,0.0,
efc8908b-b014-4804-ab95-33de26614148,2006,AES-128,encrypt,cpu_aesni,aesni,transform,bytes,CTR,16384,5,16384:CTR:5,06c7062ad30cc71adf2a22846498f639679012c4a0ac9a2507efd29283cffc4b,4,304,True,,,,,,,,,,,10400,1.04e-05,1575.3846153846155,0,0.0,
efc8908b-b014-4804-ab95-33de26614148,2006,AES-128,encrypt,cuda_baseline,baseline,pipeline,pinned,CTR,16384,5,16384:CTR:5,06c7062ad30cc71adf2a22846498f639679012c4a0ac9a2507efd29283cffc4b,5,305,True,,309.5525957311192,86.05042016806723,5.292800068855286e-05,0.0001904,43100,52928.00068855286,43500,86600,190400,,,,,,
efc8908b-b014-4804-ab95-33de26614148,2006,AES-128,encrypt,cuda_optimized_v1,optimized,pipeline,pinned,ECB,16384,5,16384:ECB:5,847afdc146d320d5f7b664672bf5cdeadb3520e924943e23e232bd4bd44b4233,0,306,True,,313.5333783765345,87.61497326203208,5.225599929690361e-05,0.000187,41300,52255.99929690361,42400,83700,187000,,,,,,
efc8908b-b014-4804-ab95-33de26614148,2006,AES-128,encrypt,cpu_aesni,aesni,transform,bytes,ECB,16384,5,16384:ECB:5,847afdc146d320d5f7b664672bf5cdeadb3520e924943e23e232bd4bd44b4233,1,307,True,,,,,,,,,,,8900,8.9e-06,1840.8988764044943,0,0.0,
efc8908b-b014-4804-ab95-33de26614148,2006,AES-128,encrypt,cuda_baseline,baseline,resident,pinned,ECB,16384,5,16384:ECB:5,847afdc146d320d5f7b664672bf5cdeadb3520e924943e23e232bd4bd44b4233,2,308,True,1,334.85938499392034,,4.8928000032901765e-05,,,48928.000032901764,,,,,,,,,48928.000032901764
efc8908b-b014-4804-ab95-33de26614148,2006,AES-128,encrypt,cuda_baseline,baseline,pipeline,pinned,ECB,16384,5,16384:ECB:5,847afdc146d320d5f7b664672bf5cdeadb3520e924943e23e232bd4bd44b4233,3,309,True,,339.5225559790579,90.36955322669608,4.8255998641252515e-05,0.0001813,41500,48255.99864125252,42900,84400,181300,,,,,,
efc8908b-b014-4804-ab95-33de26614148,2006,AES-128,encrypt,cpu_software,software,transform,bytes,ECB,16384,5,16384:ECB:5,847afdc146d320d5f7b664672bf5cdeadb3520e924943e23e232bd4bd44b4233,4,310,True,,,,,,,,,,,59400,5.94e-05,275.8249158249158,0,0.0,
efc8908b-b014-4804-ab95-33de26614148,2006,AES-128,encrypt,cuda_optimized_v1,optimized,resident,pinned,ECB,16384,5,16384:ECB:5,847afdc146d320d5f7b664672bf5cdeadb3520e924943e23e232bd4bd44b4233,5,311,True,1,328.4156517677954,,4.9887999892234804e-05,,,49887.9998922348,,,,,,,,,49887.9998922348
efc8908b-b014-4804-ab95-33de26614148,2006,AES-128,encrypt,cpu_software,software,transform,bytes,ECB,16384,6,16384:ECB:6,902a867392e7a3c010f9ca76c995a6d3ee35bd7fd0fbda8a47af69f8a81c3365,0,312,True,,,,,,,,,,,56300,5.63e-05,291.01243339253995,0,0.0,
efc8908b-b014-4804-ab95-33de26614148,2006,AES-128,encrypt,cuda_baseline,baseline,pipeline,pinned,ECB,16384,6,16384:ECB:6,902a867392e7a3c010f9ca76c995a6d3ee35bd7fd0fbda8a47af69f8a81c3365,1,313,True,,319.80013147471163,88.2283252557889,5.1231998950243e-05,0.0001857,42500,51231.998950242996,42300,84800,185700,,,,,,
efc8908b-b014-4804-ab95-33de26614148,2006,AES-128,encrypt,cuda_baseline,baseline,resident,pinned,ECB,16384,6,16384:ECB:6,902a867392e7a3c010f9ca76c995a6d3ee35bd7fd0fbda8a47af69f8a81c3365,2,314,True,1,339.97345259828415,,4.8191998153924945e-05,,,48191.99815392494,,,,,,,,,48191.99815392494
efc8908b-b014-4804-ab95-33de26614148,2006,AES-128,encrypt,cuda_optimized_v1,optimized,pipeline,pinned,ECB,16384,6,16384:ECB:6,902a867392e7a3c010f9ca76c995a6d3ee35bd7fd0fbda8a47af69f8a81c3365,3,315,True,,335.51769811233237,90.61946902654867,4.88319993019104e-05,0.0001808,42000,48831.9993019104,41700,83700,180800,,,,,,
efc8908b-b014-4804-ab95-33de26614148,2006,AES-128,encrypt,cuda_optimized_v1,optimized,resident,pinned,ECB,16384,6,16384:ECB:6,902a867392e7a3c010f9ca76c995a6d3ee35bd7fd0fbda8a47af69f8a81c3365,4,316,True,1,328.626446475627,,4.9855999648571016e-05,,,49855.999648571014,,,,,,,,,49855.999648571014
efc8908b-b014-4804-ab95-33de26614148,2006,AES-128,encrypt,cpu_aesni,aesni,transform,bytes,ECB,16384,6,16384:ECB:6,902a867392e7a3c010f9ca76c995a6d3ee35bd7fd0fbda8a47af69f8a81c3365,5,317,True,,,,,,,,,,,8900,8.9e-06,1840.8988764044943,0,0.0,
efc8908b-b014-4804-ab95-33de26614148,2006,AES-128,encrypt,cuda_baseline,baseline,resident,pinned,CTR,16384,6,16384:CTR:6,7f40d5fb0021ef52777f92d73c70f49a561054a893a593a058360e41d9c340ac,0,318,True,1,317.02787214295887,,5.167999863624573e-05,,,51679.99863624573,,,,,,,,,51679.99863624573
efc8908b-b014-4804-ab95-33de26614148,2006,AES-128,encrypt,cpu_software,software,transform,bytes,CTR,16384,6,16384:CTR:6,7f40d5fb0021ef52777f92d73c70f49a561054a893a593a058360e41d9c340ac,1,319,True,,,,,,,,,,,61700,6.17e-05,265.54294975688816,0,0.0,
efc8908b-b014-4804-ab95-33de26614148,2006,AES-128,encrypt,cuda_baseline,baseline,pipeline,pinned,CTR,16384,6,16384:CTR:6,7f40d5fb0021ef52777f92d73c70f49a561054a893a593a058360e41d9c340ac,2,320,True,,297.3286949581145,87.42796157950907,5.510399863123894e-05,0.0001874,41400,55103.99863123894,42100,83500,187400,,,,,,
efc8908b-b014-4804-ab95-33de26614148,2006,AES-128,encrypt,cpu_aesni,aesni,transform,bytes,CTR,16384,6,16384:CTR:6,7f40d5fb0021ef52777f92d73c70f49a561054a893a593a058360e41d9c340ac,3,321,True,,,,,,,,,,,11800,1.18e-05,1388.4745762711864,0,0.0,
efc8908b-b014-4804-ab95-33de26614148,2006,AES-128,encrypt,cuda_optimized_v1,optimized,pipeline,pinned,CTR,16384,6,16384:CTR:6,7f40d5fb0021ef52777f92d73c70f49a561054a893a593a058360e41d9c340ac,4,322,True,,330.32257115803725,90.41942604856513,4.960000142455101e-05,0.0001812,40700,49600.00142455101,43000,83700,181200,,,,,,
efc8908b-b014-4804-ab95-33de26614148,2006,AES-128,encrypt,cuda_optimized_v1,optimized,resident,pinned,CTR,16384,6,16384:CTR:6,7f40d5fb0021ef52777f92d73c70f49a561054a893a593a058360e41d9c340ac,5,323,True,1,341.56103945788203,,4.7968000173568725e-05,,,47968.000173568726,,,,,,,,,47968.000173568726
efc8908b-b014-4804-ab95-33de26614148,2006,AES-128,encrypt,cuda_optimized_v1,optimized,resident,pinned,CTR,16384,7,16384:CTR:7,21c46db260f46944c7311d07389fa831d9ade220e4d306eb24e25b28dfbc569b,0,324,True,1,325.07936465647094,,5.040000006556511e-05,,,50400.00006556511,,,,,,,,,50400.00006556511
efc8908b-b014-4804-ab95-33de26614148,2006,AES-128,encrypt,cuda_optimized_v1,optimized,pipeline,pinned,CTR,16384,7,16384:CTR:7,21c46db260f46944c7311d07389fa831d9ade220e4d306eb24e25b28dfbc569b,1,325,True,,300.9994067749062,87.9441760601181,5.443200096487999e-05,0.0001863,42700,54432.00096487999,41400,84100,186300,,,,,,
efc8908b-b014-4804-ab95-33de26614148,2006,AES-128,encrypt,cuda_baseline,baseline,resident,pinned,CTR,16384,7,16384:CTR:7,21c46db260f46944c7311d07389fa831d9ade220e4d306eb24e25b28dfbc569b,2,326,True,1,333.33332154304867,,4.915200173854828e-05,,,49152.00173854828,,,,,,,,,49152.00173854828
efc8908b-b014-4804-ab95-33de26614148,2006,AES-128,encrypt,cpu_aesni,aesni,transform,bytes,CTR,16384,7,16384:CTR:7,21c46db260f46944c7311d07389fa831d9ade220e4d306eb24e25b28dfbc569b,3,327,True,,,,,,,,,,,12100,1.21e-05,1354.0495867768595,0,0.0,
efc8908b-b014-4804-ab95-33de26614148,2006,AES-128,encrypt,cpu_software,software,transform,bytes,CTR,16384,7,16384:CTR:7,21c46db260f46944c7311d07389fa831d9ade220e4d306eb24e25b28dfbc569b,4,328,True,,,,,,,,,,,59800,5.98e-05,273.9799331103679,0,0.0,
efc8908b-b014-4804-ab95-33de26614148,2006,AES-128,encrypt,cuda_baseline,baseline,pipeline,pinned,CTR,16384,7,16384:CTR:7,21c46db260f46944c7311d07389fa831d9ade220e4d306eb24e25b28dfbc569b,5,329,True,,331.6062178678066,70.07698887938409,4.9407999962568284e-05,0.0002338,45500,49407.99996256828,88500,134000,233800,,,,,,
efc8908b-b014-4804-ab95-33de26614148,2006,AES-128,encrypt,cuda_optimized_v1,optimized,resident,pinned,ECB,16384,7,16384:ECB:7,901a0269255dcdf0c090ee3fc8a33a28945229c604e6df400d6ef2e621cb16b1,0,330,True,1,342.7041574221938,,4.780799895524978e-05,,,47807.99895524979,,,,,,,,,47807.99895524979
efc8908b-b014-4804-ab95-33de26614148,2006,AES-128,encrypt,cpu_aesni,aesni,transform,bytes,ECB,16384,7,16384:ECB:7,901a0269255dcdf0c090ee3fc8a33a28945229c604e6df400d6ef2e621cb16b1,1,331,True,,,,,,,,,,,8800,8.8e-06,1861.8181818181818,0,0.0,
efc8908b-b014-4804-ab95-33de26614148,2006,AES-128,encrypt,cpu_software,software,transform,bytes,ECB,16384,7,16384:ECB:7,901a0269255dcdf0c090ee3fc8a33a28945229c604e6df400d6ef2e621cb16b1,2,332,True,,,,,,,,,,,56600,5.66e-05,289.46996466431096,0,0.0,
efc8908b-b014-4804-ab95-33de26614148,2006,AES-128,encrypt,cuda_baseline,baseline,resident,pinned,ECB,16384,7,16384:ECB:7,901a0269255dcdf0c090ee3fc8a33a28945229c604e6df400d6ef2e621cb16b1,3,333,True,1,347.1186310051164,,4.7200001776218416e-05,,,47200.001776218414,,,,,,,,,47200.001776218414
efc8908b-b014-4804-ab95-33de26614148,2006,AES-128,encrypt,cuda_baseline,baseline,pipeline,pinned,ECB,16384,7,16384:ECB:7,901a0269255dcdf0c090ee3fc8a33a28945229c604e6df400d6ef2e621cb16b1,4,334,True,,327.57517026608235,89.62800875273523,5.001600086688995e-05,0.0001828,41200,50016.00086688995,44100,85300,182800,,,,,,
efc8908b-b014-4804-ab95-33de26614148,2006,AES-128,encrypt,cuda_optimized_v1,optimized,pipeline,pinned,ECB,16384,7,16384:ECB:7,901a0269255dcdf0c090ee3fc8a33a28945229c604e6df400d6ef2e621cb16b1,5,335,True,,303.1379415444846,89.18889493739793,5.404800176620483e-05,0.0001837,41100,54048.001766204834,42900,84000,183700,,,,,,
efc8908b-b014-4804-ab95-33de26614148,2006,AES-128,encrypt,cuda_optimized_v1,optimized,resident,pinned,ECB,16384,8,16384:ECB:8,3efe89b576253d97357fb36dc32faf39b0baaf71145a1c03df8afb458296cfad,0,336,True,1,341.78905256921155,,4.793599992990494e-05,,,47935.99992990494,,,,,,,,,47935.99992990494
efc8908b-b014-4804-ab95-33de26614148,2006,AES-128,encrypt,cuda_optimized_v1,optimized,pipeline,pinned,ECB,16384,8,16384:ECB:8,3efe89b576253d97357fb36dc32faf39b0baaf71145a1c03df8afb458296cfad,1,337,True,,339.5225559790579,90.46935394809498,4.8255998641252515e-05,0.0001811,42100,48255.99864125252,44200,86300,181100,,,,,,
efc8908b-b014-4804-ab95-33de26614148,2006,AES-128,encrypt,cuda_baseline,baseline,resident,pinned,ECB,16384,8,16384:ECB:8,3efe89b576253d97357fb36dc32faf39b0baaf71145a1c03df8afb458296cfad,2,338,True,1,314.88314086411094,,5.2032001316547395e-05,,,52032.001316547394,,,,,,,,,52032.001316547394
efc8908b-b014-4804-ab95-33de26614148,2006,AES-128,encrypt,cpu_software,software,transform,bytes,ECB,16384,8,16384:ECB:8,3efe89b576253d97357fb36dc32faf39b0baaf71145a1c03df8afb458296cfad,3,339,True,,,,,,,,,,,58200,5.82e-05,281.51202749140896,0,0.0,
efc8908b-b014-4804-ab95-33de26614148,2006,AES-128,encrypt,cpu_aesni,aesni,transform,bytes,ECB,16384,8,16384:ECB:8,3efe89b576253d97357fb36dc32faf39b0baaf71145a1c03df8afb458296cfad,4,340,True,,,,,,,,,,,6900,6.9e-06,2374.4927536231885,0,0.0,
efc8908b-b014-4804-ab95-33de26614148,2006,AES-128,encrypt,cuda_baseline,baseline,pipeline,pinned,ECB,16384,8,16384:ECB:8,3efe89b576253d97357fb36dc32faf39b0baaf71145a1c03df8afb458296cfad,5,341,True,,306.5868214026568,87.56814537680386,5.3440000861883166e-05,0.0001871,40400,53440.00086188316,44600,85000,187100,,,,,,
efc8908b-b014-4804-ab95-33de26614148,2006,AES-128,encrypt,cuda_baseline,baseline,pipeline,pinned,CTR,16384,8,16384:CTR:8,196356e48a601b24553fe46ed7229af013159b8c6c9da662406f1ee1be618e45,0,342,True,,339.29755588024295,87.24174653887114,4.82879988849163e-05,0.0001878,41600,48287.998884916306,45100,86700,187800,,,,,,
efc8908b-b014-4804-ab95-33de26614148,2006,AES-128,encrypt,cuda_optimized_v1,optimized,pipeline,pinned,CTR,16384,8,16384:CTR:8,196356e48a601b24553fe46ed7229af013159b8c6c9da662406f1ee1be618e45,1,343,True,,336.620631802537,89.9725425590335,4.867200180888176e-05,0.0001821,42400,48672.00180888176,43700,86100,182100,,,,,,
efc8908b-b014-4804-ab95-33de26614148,2006,AES-128,encrypt,cuda_baseline,baseline,resident,pinned,CTR,16384,8,16384:CTR:8,196356e48a601b24553fe46ed7229af013159b8c6c9da662406f1ee1be618e45,2,344,True,1,329.8969192622209,,4.9663998186588286e-05,,,49663.99818658829,,,,,,,,,49663.99818658829
efc8908b-b014-4804-ab95-33de26614148,2006,AES-128,encrypt,cpu_software,software,transform,bytes,CTR,16384,8,16384:CTR:8,196356e48a601b24553fe46ed7229af013159b8c6c9da662406f1ee1be618e45,3,345,True,,,,,,,,,,,61800,6.18e-05,265.1132686084142,0,0.0,
efc8908b-b014-4804-ab95-33de26614148,2006,AES-128,encrypt,cpu_aesni,aesni,transform,bytes,CTR,16384,8,16384:CTR:8,196356e48a601b24553fe46ed7229af013159b8c6c9da662406f1ee1be618e45,4,346,True,,,,,,,,,,,10300,1.03e-05,1590.6796116504854,0,0.0,
efc8908b-b014-4804-ab95-33de26614148,2006,AES-128,encrypt,cuda_optimized_v1,optimized,resident,pinned,CTR,16384,8,16384:CTR:8,196356e48a601b24553fe46ed7229af013159b8c6c9da662406f1ee1be618e45,5,347,True,1,318.01241530362523,,5.152000114321709e-05,,,51520.00114321709,,,,,,,,,51520.00114321709
efc8908b-b014-4804-ab95-33de26614148,2006,AES-128,encrypt,cuda_baseline,baseline,resident,pinned,CTR,16384,9,16384:CTR:9,15172fd4562869e367918cabb47b992bcfa27f34dd5b6070a5e6085efeb60f98,0,348,True,1,298.1945191575409,,5.4944001138210295e-05,,,54944.0011382103,,,,,,,,,54944.0011382103
efc8908b-b014-4804-ab95-33de26614148,2006,AES-128,encrypt,cuda_optimized_v1,optimized,resident,pinned,CTR,16384,9,16384:CTR:9,15172fd4562869e367918cabb47b992bcfa27f34dd5b6070a5e6085efeb60f98,1,349,True,1,340.65202114219926,,4.809600114822388e-05,,,48096.00114822388,,,,,,,,,48096.00114822388
efc8908b-b014-4804-ab95-33de26614148,2006,AES-128,encrypt,cuda_optimized_v1,optimized,pipeline,pinned,CTR,16384,9,16384:CTR:9,15172fd4562869e367918cabb47b992bcfa27f34dd5b6070a5e6085efeb60f98,2,350,True,,343.3937082867724,91.07281823235131,4.7711998224258425e-05,0.0001799,40300,47711.99822425842,45100,85400,179900,,,,,,
efc8908b-b014-4804-ab95-33de26614148,2006,AES-128,encrypt,cpu_software,software,transform,bytes,CTR,16384,9,16384:CTR:9,15172fd4562869e367918cabb47b992bcfa27f34dd5b6070a5e6085efeb60f98,3,351,True,,,,,,,,,,,61500,6.15e-05,266.4065040650407,0,0.0,
efc8908b-b014-4804-ab95-33de26614148,2006,AES-128,encrypt,cpu_aesni,aesni,transform,bytes,CTR,16384,9,16384:CTR:9,15172fd4562869e367918cabb47b992bcfa27f34dd5b6070a5e6085efeb60f98,4,352,True,,,,,,,,,,,10100,1.01e-05,1622.1782178217823,0,0.0,
efc8908b-b014-4804-ab95-33de26614148,2006,AES-128,encrypt,cuda_baseline,baseline,pipeline,pinned,CTR,16384,9,16384:CTR:9,15172fd4562869e367918cabb47b992bcfa27f34dd5b6070a5e6085efeb60f98,5,353,True,,318.8044821423899,87.56814537680386,5.1392000168561934e-05,0.0001871,42400,51392.000168561935,45500,87900,187100,,,,,,
efc8908b-b014-4804-ab95-33de26614148,2006,AES-128,encrypt,cuda_optimized_v1,optimized,pipeline,pinned,ECB,16384,9,16384:ECB:9,6774e07f14eb4a565a3c469ef9de802473f888d22375546f947133811546dcf9,0,354,True,,323.23233258564903,88.51431658562939,5.06879985332489e-05,0.0001851,42000,50687.9985332489,43700,85700,185100,,,,,,
efc8908b-b014-4804-ab95-33de26614148,2006,AES-128,encrypt,cuda_baseline,baseline,resident,pinned,ECB,16384,9,16384:ECB:9,6774e07f14eb4a565a3c469ef9de802473f888d22375546f947133811546dcf9,1,355,True,1,339.07285379707855,,4.831999912858009e-05,,,48319.99912858009,,,,,,,,,48319.99912858009
efc8908b-b014-4804-ab95-33de26614148,2006,AES-128,encrypt,cpu_software,software,transform,bytes,ECB,16384,9,16384:ECB:9,6774e07f14eb4a565a3c469ef9de802473f888d22375546f947133811546dcf9,2,356,True,,,,,,,,,,,58000,5.8e-05,282.48275862068965,0,0.0,
efc8908b-b014-4804-ab95-33de26614148,2006,AES-128,encrypt,cpu_aesni,aesni,transform,bytes,ECB,16384,9,16384:ECB:9,6774e07f14eb4a565a3c469ef9de802473f888d22375546f947133811546dcf9,3,357,True,,,,,,,,,,,7200,7.2e-06,2275.5555555555557,0,0.0,
efc8908b-b014-4804-ab95-33de26614148,2006,AES-128,encrypt,cuda_baseline,baseline,pipeline,pinned,ECB,16384,9,16384:ECB:9,6774e07f14eb4a565a3c469ef9de802473f888d22375546f947133811546dcf9,4,358,True,,338.8484491378679,90.12101210121013,4.835199937224388e-05,0.0001818,42100,48351.99937224388,43800,85900,181800,,,,,,
efc8908b-b014-4804-ab95-33de26614148,2006,AES-128,encrypt,cuda_optimized_v1,optimized,resident,pinned,ECB,16384,9,16384:ECB:9,6774e07f14eb4a565a3c469ef9de802473f888d22375546f947133811546dcf9,5,359,True,1,344.78114124361196,,4.7520000487565994e-05,,,47520.000487565994,,,,,,,,,47520.000487565994
efc8908b-b014-4804-ab95-33de26614148,2006,AES-128,encrypt,cuda_baseline,baseline,resident,pinned,ECB,16384,10,16384:ECB:10,b1e4ccfde66c82206c3fd583823baec1b1d9a20f5b7ef2d44403354a0f550d0d,0,360,True,1,324.66708585316155,,5.046400055289268e-05,,,50464.000552892685,,,,,,,,,50464.000552892685
efc8908b-b014-4804-ab95-33de26614148,2006,AES-128,encrypt,cpu_aesni,aesni,transform,bytes,ECB,16384,10,16384:ECB:10,b1e4ccfde66c82206c3fd583823baec1b1d9a20f5b7ef2d44403354a0f550d0d,1,361,True,,,,,,,,,,,8800,8.8e-06,1861.8181818181818,0,0.0,
efc8908b-b014-4804-ab95-33de26614148,2006,AES-128,encrypt,cuda_baseline,baseline,pipeline,pinned,ECB,16384,10,16384:ECB:10,b1e4ccfde66c82206c3fd583823baec1b1d9a20f5b7ef2d44403354a0f550d0d,2,362,True,,336.3994859295022,89.18889493739793,4.8703998327255246e-05,0.0001837,43000,48703.99832725525,44600,87600,183700,,,,,,
efc8908b-b014-4804-ab95-33de26614148,2006,AES-128,encrypt,cuda_optimized_v1,optimized,resident,pinned,ECB,16384,10,16384:ECB:10,b1e4ccfde66c82206c3fd583823baec1b1d9a20f5b7ef2d44403354a0f550d0d,3,363,True,1,341.1059246869661,,4.80320006608963e-05,,,48032.0006608963,,,,,,,,,48032.0006608963
efc8908b-b014-4804-ab95-33de26614148,2006,AES-128,encrypt,cpu_software,software,transform,bytes,ECB,16384,10,16384:ECB:10,b1e4ccfde66c82206c3fd583823baec1b1d9a20f5b7ef2d44403354a0f550d0d,4,364,True,,,,,,,,,,,58100,5.81e-05,281.99655765920824,0,0.0,
efc8908b-b014-4804-ab95-33de26614148,2006,AES-128,encrypt,cuda_optimized_v1,optimized,pipeline,pinned,ECB,16384,10,16384:ECB:10,b1e4ccfde66c82206c3fd583823baec1b1d9a20f5b7ef2d44403354a0f550d0d,5,365,True,,344.78114124361196,91.02222222222223,4.7520000487565994e-05,0.00018,41300,47520.000487565994,44100,85400,180000,,,,,,
efc8908b-b014-4804-ab95-33de26614148,2006,AES-128,encrypt,cpu_software,software,transform,bytes,CTR,16384,10,16384:CTR:10,89f4cc6029ddd8167f8310e49a216e101b8b241234c59013d420925066c1ea53,0,366,True,,,,,,,,,,,60300,6.03e-05,271.70812603648426,0,0.0,
efc8908b-b014-4804-ab95-33de26614148,2006,AES-128,encrypt,cpu_aesni,aesni,transform,bytes,CTR,16384,10,16384:CTR:10,89f4cc6029ddd8167f8310e49a216e101b8b241234c59013d420925066c1ea53,1,367,True,,,,,,,,,,,9600,9.6e-06,1706.6666666666667,0,0.0,
efc8908b-b014-4804-ab95-33de26614148,2006,AES-128,encrypt,cuda_baseline,baseline,pipeline,pinned,CTR,16384,10,16384:CTR:10,89f4cc6029ddd8167f8310e49a216e101b8b241234c59013d420925066c1ea53,2,368,True,,322.62130272077354,86.05042016806723,5.078399926424027e-05,0.0001904,42500,50783.999264240265,45400,87900,190400,,,,,,
efc8908b-b014-4804-ab95-33de26614148,2006,AES-128,encrypt,cuda_optimized_v1,optimized,resident,pinned,CTR,16384,10,16384:CTR:10,89f4cc6029ddd8167f8310e49a216e101b8b241234c59013d420925066c1ea53,3,369,True,1,302.60047967682226,,5.41439987719059e-05,,,54143.9987719059,,,,,,,,,54143.9987719059
efc8908b-b014-4804-ab95-33de26614148,2006,AES-128,encrypt,cuda_baseline,baseline,resident,pinned,CTR,16384,10,16384:CTR:10,89f4cc6029ddd8167f8310e49a216e101b8b241234c59013d420925066c1ea53,4,370,True,1,340.19932399473635,,4.8160001635551456e-05,,,48160.00163555145,,,,,,,,,48160.00163555145
efc8908b-b014-4804-ab95-33de26614148,2006,AES-128,encrypt,cuda_optimized_v1,optimized,pipeline,pinned,CTR,16384,10,16384:CTR:10,89f4cc6029ddd8167f8310e49a216e101b8b241234c59013d420925066c1ea53,5,371,True,,345.94595128380536,90.77008310249307,4.735999926924705e-05,0.0001805,41300,47359.999269247055,44400,85700,180500,,,,,,
efc8908b-b014-4804-ab95-33de26614148,2006,AES-128,encrypt,cpu_software,software,transform,bytes,ECB,16384,11,16384:ECB:11,06692f4931dcdc50d48cfb17589d3bc612ee5efea55f9113b1cfc28c544a33a2,0,372,True,,,,,,,,,,,56000,5.6e-05,292.57142857142856,0,0.0,
efc8908b-b014-4804-ab95-33de26614148,2006,AES-128,encrypt,cuda_optimized_v1,optimized,resident,pinned,ECB,16384,11,16384:ECB:11,06692f4931dcdc50d48cfb17589d3bc612ee5efea55f9113b1cfc28c544a33a2,1,373,True,1,321.60803715462237,,5.09440004825592e-05,,,50944.000482559204,,,,,,,,,50944.000482559204
efc8908b-b014-4804-ab95-33de26614148,2006,AES-128,encrypt,cuda_baseline,baseline,resident,pinned,ECB,16384,11,16384:ECB:11,06692f4931dcdc50d48cfb17589d3bc612ee5efea55f9113b1cfc28c544a33a2,2,374,True,1,247.22357100070073,,6.627199798822403e-05,,,66271.99798822403,,,,,,,,,66271.99798822403
efc8908b-b014-4804-ab95-33de26614148,2006,AES-128,encrypt,cuda_baseline,baseline,pipeline,pinned,ECB,16384,11,16384:ECB:11,06692f4931dcdc50d48cfb17589d3bc612ee5efea55f9113b1cfc28c544a33a2,3,375,True,,344.78114124361196,90.82039911308205,4.7520000487565994e-05,0.0001804,41500,47520.000487565994,44100,85600,180400,,,,,,
efc8908b-b014-4804-ab95-33de26614148,2006,AES-128,encrypt,cuda_optimized_v1,optimized,pipeline,pinned,ECB,16384,11,16384:ECB:11,06692f4931dcdc50d48cfb17589d3bc612ee5efea55f9113b1cfc28c544a33a2,4,376,True,,340.8788218137197,91.2249443207127,4.806400090456009e-05,0.0001796,41400,48064.00090456009,43500,84900,179600,,,,,,
efc8908b-b014-4804-ab95-33de26614148,2006,AES-128,encrypt,cpu_aesni,aesni,transform,bytes,ECB,16384,11,16384:ECB:11,06692f4931dcdc50d48cfb17589d3bc612ee5efea55f9113b1cfc28c544a33a2,5,377,True,,,,,,,,,,,8800,8.8e-06,1861.8181818181818,0,0.0,
efc8908b-b014-4804-ab95-33de26614148,2006,AES-128,encrypt,cuda_optimized_v1,optimized,pipeline,pinned,CTR,16384,11,16384:CTR:11,ef2b0f0dae07e58967954ffe9f024e2e74ee354bbe4814c2664d9b1126d0e1df,0,378,True,,322.62130272077354,88.65800865800865,5.078399926424027e-05,0.0001848,41900,50783.999264240265,43400,85300,184800,,,,,,
efc8908b-b014-4804-ab95-33de26614148,2006,AES-128,encrypt,cpu_aesni,aesni,transform,bytes,CTR,16384,11,16384:CTR:11,ef2b0f0dae07e58967954ffe9f024e2e74ee354bbe4814c2664d9b1126d0e1df,1,379,True,,,,,,,,,,,12200,1.22e-05,1342.950819672131,0,0.0,
efc8908b-b014-4804-ab95-33de26614148,2006,AES-128,encrypt,cuda_baseline,baseline,resident,pinned,CTR,16384,11,16384:CTR:11,ef2b0f0dae07e58967954ffe9f024e2e74ee354bbe4814c2664d9b1126d0e1df,2,380,True,1,299.76581374747747,,5.465599894523621e-05,,,54655.998945236206,,,,,,,,,54655.998945236206
efc8908b-b014-4804-ab95-33de26614148,2006,AES-128,encrypt,cuda_baseline,baseline,pipeline,pinned,CTR,16384,11,16384:CTR:11,ef2b0f0dae07e58967954ffe9f024e2e74ee354bbe4814c2664d9b1126d0e1df,3,381,True,,342.0173703095979,91.42857142857143,4.790399968624115e-05,0.0001792,41600,47903.99968624115,42800,84400,179200,,,,,,
efc8908b-b014-4804-ab95-33de26614148,2006,AES-128,encrypt,cpu_software,software,transform,bytes,CTR,16384,11,16384:CTR:11,ef2b0f0dae07e58967954ffe9f024e2e74ee354bbe4814c2664d9b1126d0e1df,4,382,True,,,,,,,,,,,61900,6.19e-05,264.6849757673667,0,0.0,
efc8908b-b014-4804-ab95-33de26614148,2006,AES-128,encrypt,cuda_optimized_v1,optimized,resident,pinned,CTR,16384,11,16384:CTR:11,ef2b0f0dae07e58967954ffe9f024e2e74ee354bbe4814c2664d9b1126d0e1df,5,383,True,1,339.29755588024295,,4.82879988849163e-05,,,48287.998884916306,,,,,,,,,48287.998884916306
efc8908b-b014-4804-ab95-33de26614148,2006,AES-128,encrypt,cpu_aesni,aesni,transform,bytes,CTR,16384,12,16384:CTR:12,137e837d13af2643bf45ec10ee6509d498ee16743223e1ddcf4e0ef9a5667afe,0,384,True,,,,,,,,,,,10300,1.03e-05,1590.6796116504854,0,0.0,
efc8908b-b014-4804-ab95-33de26614148,2006,AES-128,encrypt,cuda_optimized_v1,optimized,pipeline,pinned,CTR,16384,12,16384:CTR:12,137e837d13af2643bf45ec10ee6509d498ee16743223e1ddcf4e0ef9a5667afe,1,385,True,,323.43652387102503,88.3234501347709,5.0655998289585113e-05,0.0001855,42500,50655.99828958511,42700,85200,185500,,,,,,
efc8908b-b014-4804-ab95-33de26614148,2006,AES-128,encrypt,cuda_baseline,baseline,pipeline,pinned,CTR,16384,12,16384:CTR:12,137e837d13af2643bf45ec10ee6509d498ee16743223e1ddcf4e0ef9a5667afe,2,386,True,,298.3682935077157,87.75575790037493,5.491200089454651e-05,0.0001867,42400,54912.00089454651,42700,85100,186700,,,,,,
efc8908b-b014-4804-ab95-33de26614148,2006,AES-128,encrypt,cuda_baseline,baseline,resident,pinned,CTR,16384,12,16384:CTR:12,137e837d13af2643bf45ec10ee6509d498ee16743223e1ddcf4e0ef9a5667afe,3,387,True,1,339.29755588024295,,4.82879988849163e-05,,,48287.998884916306,,,,,,,,,48287.998884916306
efc8908b-b014-4804-ab95-33de26614148,2006,AES-128,encrypt,cpu_software,software,transform,bytes,CTR,16384,12,16384:CTR:12,137e837d13af2643bf45ec10ee6509d498ee16743223e1ddcf4e0ef9a5667afe,4,388,True,,,,,,,,,,,61500,6.15e-05,266.4065040650407,0,0.0,
efc8908b-b014-4804-ab95-33de26614148,2006,AES-128,encrypt,cuda_optimized_v1,optimized,resident,pinned,CTR,16384,12,16384:CTR:12,137e837d13af2643bf45ec10ee6509d498ee16743223e1ddcf4e0ef9a5667afe,5,389,True,1,337.7308666010205,,4.851200059056282e-05,,,48512.00059056282,,,,,,,,,48512.00059056282
efc8908b-b014-4804-ab95-33de26614148,2006,AES-128,encrypt,cpu_aesni,aesni,transform,bytes,ECB,16384,12,16384:ECB:12,06b2447b219bbf49432e8c01612c6cd27007efe0e7c3cf81fe7fb67ce99c2251,0,390,True,,,,,,,,,,,7200,7.2e-06,2275.5555555555557,0,0.0,
efc8908b-b014-4804-ab95-33de26614148,2006,AES-128,encrypt,cuda_optimized_v1,optimized,resident,pinned,ECB,16384,12,16384:ECB:12,06b2447b219bbf49432e8c01612c6cd27007efe0e7c3cf81fe7fb67ce99c2251,1,391,True,1,321.40614733575535,,5.097600072622299e-05,,,50976.00072622299,,,,,,,,,50976.00072622299
efc8908b-b014-4804-ab95-33de26614148,2006,AES-128,encrypt,cpu_software,software,transform,bytes,ECB,16384,12,16384:ECB:12,06b2447b219bbf49432e8c01612c6cd27007efe0e7c3cf81fe7fb67ce99c2251,2,392,True,,,,,,,,,,,57900,5.79e-05,282.9706390328152,0,0.0,
efc8908b-b014-4804-ab95-33de26614148,2006,AES-128,encrypt,cuda_baseline,baseline,resident,pinned,ECB,16384,12,16384:ECB:12,06b2447b219bbf49432e8c01612c6cd27007efe0e7c3cf81fe7fb67ce99c2251,3,393,True,1,305.8542308521316,,5.356800183653831e-05,,,53568.001836538315,,,,,,,,,53568.001836538315
efc8908b-b014-4804-ab95-33de26614148,2006,AES-128,encrypt,cuda_optimized_v1,optimized,pipeline,pinned,ECB,16384,12,16384:ECB:12,06b2447b219bbf49432e8c01612c6cd27007efe0e7c3cf81fe7fb67ce99c2251,4,394,True,,339.7478546867906,89.87383433900165,4.822399839758873e-05,0.0001823,41600,48223.99839758873,43200,84800,182300,,,,,,
efc8908b-b014-4804-ab95-33de26614148,2006,AES-128,encrypt,cuda_baseline,baseline,pipeline,pinned,ECB,16384,12,16384:ECB:12,06b2447b219bbf49432e8c01612c6cd27007efe0e7c3cf81fe7fb67ce99c2251,5,395,True,,329.8969192622209,90.41942604856513,4.9663998186588286e-05,0.0001812,41000,49663.99818658829,43600,84600,181200,,,,,,
efc8908b-b014-4804-ab95-33de26614148,2006,AES-128,encrypt,cpu_software,software,transform,bytes,CTR,16384,13,16384:CTR:13,dfe5ac6391e6e5e1c5e5650531a8b9eaf49feb4b32491236153132207cd7e249,0,396,True,,,,,,,,,,,60300,6.03e-05,271.70812603648426,0,0.0,
efc8908b-b014-4804-ab95-33de26614148,2006,AES-128,encrypt,cpu_aesni,aesni,transform,bytes,CTR,16384,13,16384:CTR:13,dfe5ac6391e6e5e1c5e5650531a8b9eaf49feb4b32491236153132207cd7e249,1,397,True,,,,,,,,,,,9900,9.9e-06,1654.949494949495,0,0.0,
efc8908b-b014-4804-ab95-33de26614148,2006,AES-128,encrypt,cuda_baseline,baseline,pipeline,pinned,CTR,16384,13,16384:CTR:13,dfe5ac6391e6e5e1c5e5650531a8b9eaf49feb4b32491236153132207cd7e249,2,398,True,,322.0125786465306,88.46652267818574,5.0879999995231625e-05,0.0001852,41700,50879.99999523163,44000,85700,185200,,,,,,
efc8908b-b014-4804-ab95-33de26614148,2006,AES-128,encrypt,cuda_baseline,baseline,resident,pinned,CTR,16384,13,16384:CTR:13,dfe5ac6391e6e5e1c5e5650531a8b9eaf49feb4b32491236153132207cd7e249,3,399,True,1,313.5333783765345,,5.225599929690361e-05,,,52255.99929690361,,,,,,,,,52255.99929690361
efc8908b-b014-4804-ab95-33de26614148,2006,AES-128,encrypt,cuda_optimized_v1,optimized,pipeline,pinned,CTR,16384,13,16384:CTR:13,dfe5ac6391e6e5e1c5e5650531a8b9eaf49feb4b32491236153132207cd7e249,4,400,True,,324.87309445470834,90.02197802197803,5.0432000309228894e-05,0.000182,40700,50432.0003092289,43900,84600,182000,,,,,,
efc8908b-b014-4804-ab95-33de26614148,2006,AES-128,encrypt,cuda_optimized_v1,optimized,resident,pinned,CTR,16384,13,16384:CTR:13,dfe5ac6391e6e5e1c5e5650531a8b9eaf49feb4b32491236153132207cd7e249,5,401,True,1,335.29797299377975,,4.886399954557419e-05,,,48863.99954557419,,,,,,,,,48863.99954557419
efc8908b-b014-4804-ab95-33de26614148,2006,AES-128,encrypt,cuda_baseline,baseline,pipeline,pinned,ECB,16384,13,16384:ECB:13,968125724c041e5c503954c8d892ee1afa1b04ad51daf53534de03c7587c6760,0,402,True,,339.7478546867906,90.22026431718062,4.822399839758873e-05,0.0001816,41200,48223.99839758873,43600,84800,181600,,,,,,
efc8908b-b014-4804-ab95-33de26614148,2006,AES-128,encrypt,cuda_baseline,baseline,resident,pinned,ECB,16384,13,16384:ECB:13,968125724c041e5c503954c8d892ee1afa1b04ad51daf53534de03c7587c6760,1,403,True,1,349.01158956226726,,4.694399982690811e-05,,,46943.99982690811,,,,,,,,,46943.99982690811
efc8908b-b014-4804-ab95-33de26614148,2006,AES-128,encrypt,cpu_software,software,transform,bytes,ECB,16384,13,16384:ECB:13,968125724c041e5c503954c8d892ee1afa1b04ad51daf53534de03c7587c6760,2,404,True,,,,,,,,,,,58100,5.81e-05,281.99655765920824,0,0.0,
efc8908b-b014-4804-ab95-33de26614148,2006,AES-128,encrypt,cpu_aesni,aesni,transform,bytes,ECB,16384,13,16384:ECB:13,968125724c041e5c503954c8d892ee1afa1b04ad51daf53534de03c7587c6760,3,405,True,,,,,,,,,,,7100,7.1e-06,2307.605633802817,0,0.0,
efc8908b-b014-4804-ab95-33de26614148,2006,AES-128,encrypt,cuda_optimized_v1,optimized,resident,pinned,ECB,16384,13,16384:ECB:13,968125724c041e5c503954c8d892ee1afa1b04ad51daf53534de03c7587c6760,4,406,True,1,322.62130272077354,,5.078399926424027e-05,,,50783.999264240265,,,,,,,,,50783.999264240265
efc8908b-b014-4804-ab95-33de26614148,2006,AES-128,encrypt,cuda_optimized_v1,optimized,pipeline,pinned,ECB,16384,13,16384:ECB:13,968125724c041e5c503954c8d892ee1afa1b04ad51daf53534de03c7587c6760,5,407,True,,325.28589695705585,89.43231441048034,5.0367999821901324e-05,0.0001832,41200,50367.99982190132,44800,86000,183200,,,,,,
efc8908b-b014-4804-ab95-33de26614148,2006,AES-128,encrypt,cuda_baseline,baseline,resident,pinned,ECB,16384,14,16384:ECB:14,74613ecca5eac103ea588115c8b8fa816540fa743f7678e5e5af4c9925b97159,0,408,True,1,342.0173703095979,,4.790399968624115e-05,,,47903.99968624115,,,,,,,,,47903.99968624115
efc8908b-b014-4804-ab95-33de26614148,2006,AES-128,encrypt,cuda_optimized_v1,optimized,resident,pinned,ECB,16384,14,16384:ECB:14,74613ecca5eac103ea588115c8b8fa816540fa743f7678e5e5af4c9925b97159,1,409,True,1,343.8549256465761,,4.764800146222115e-05,,,47648.001462221146,,,,,,,,,47648.001462221146
efc8908b-b014-4804-ab95-33de26614148,2006,AES-128,encrypt,cuda_optimized_v1,optimized,pipeline,pinned,ECB,16384,14,16384:ECB:14,74613ecca5eac103ea588115c8b8fa816540fa743f7678e5e5af4c9925b97159,2,410,True,,333.76791848074214,91.94163860830527,4.90880012512207e-05,0.0001782,40700,49088.0012512207,42000,82700,178200,,,,,,
efc8908b-b014-4804-ab95-33de26614148,2006,AES-128,encrypt,cpu_software,software,transform,bytes,ECB,16384,14,16384:ECB:14,74613ecca5eac103ea588115c8b8fa816540fa743f7678e5e5af4c9925b97159,3,411,True,,,,,,,,,,,58000,5.8e-05,282.48275862068965,0,0.0,
efc8908b-b014-4804-ab95-33de26614148,2006,AES-128,encrypt,cuda_baseline,baseline,pipeline,pinned,ECB,16384,14,16384:ECB:14,74613ecca5eac103ea588115c8b8fa816540fa743f7678e5e5af4c9925b97159,4,412,True,,326.53062291806447,90.46935394809498,5.0175998359918594e-05,0.0001811,40800,50175.998359918594,42600,83400,181100,,,,,,
efc8908b-b014-4804-ab95-33de26614148,2006,AES-128,encrypt,cpu_aesni,aesni,transform,bytes,ECB,16384,14,16384:ECB:14,74613ecca5eac103ea588115c8b8fa816540fa743f7678e5e5af4c9925b97159,5,413,True,,,,,,,,,,,8500,8.5e-06,1927.5294117647059,0,0.0,
efc8908b-b014-4804-ab95-33de26614148,2006,AES-128,encrypt,cuda_baseline,baseline,resident,pinned,CTR,16384,14,16384:CTR:14,8643fde8a5077038d29b66fb2221028a49061641e7c7bc6c1c704ed2958d6cd1,0,414,True,1,337.7308666010205,,4.851200059056282e-05,,,48512.00059056282,,,,,,,,,48512.00059056282
efc8908b-b014-4804-ab95-33de26614148,2006,AES-128,encrypt,cpu_software,software,transform,bytes,CTR,16384,14,16384:CTR:14,8643fde8a5077038d29b66fb2221028a49061641e7c7bc6c1c704ed2958d6cd1,1,415,True,,,,,,,,,,,61600,6.16e-05,265.97402597402595,0,0.0,
efc8908b-b014-4804-ab95-33de26614148,2006,AES-128,encrypt,cuda_optimized_v1,optimized,resident,pinned,CTR,16384,14,16384:CTR:14,8643fde8a5077038d29b66fb2221028a49061641e7c7bc6c1c704ed2958d6cd1,2,416,True,1,330.109595609814,,4.9632001668214796e-05,,,49632.0016682148,,,,,,,,,49632.0016682148
efc8908b-b014-4804-ab95-33de26614148,2006,AES-128,encrypt,cpu_aesni,aesni,transform,bytes,CTR,16384,14,16384:CTR:14,8643fde8a5077038d29b66fb2221028a49061641e7c7bc6c1c704ed2958d6cd1,3,417,True,,,,,,,,,,,11800,1.18e-05,1388.4745762711864,0,0.0,
efc8908b-b014-4804-ab95-33de26614148,2006,AES-128,encrypt,cuda_baseline,baseline,pipeline,pinned,CTR,16384,14,16384:CTR:14,8643fde8a5077038d29b66fb2221028a49061641e7c7bc6c1c704ed2958d6cd1,4,418,True,,323.0283989568599,88.08602150537635,5.071999877691269e-05,0.000186,41000,50719.99877691269,43800,84800,186000,,,,,,
efc8908b-b014-4804-ab95-33de26614148,2006,AES-128,encrypt,cuda_optimized_v1,optimized,pipeline,pinned,CTR,16384,14,16384:CTR:14,8643fde8a5077038d29b66fb2221028a49061641e7c7bc6c1c704ed2958d6cd1,5,419,True,,322.62130272077354,89.53005464480874,5.078399926424027e-05,0.000183,41300,50783.999264240265,43600,84900,183000,,,,,,
efc8908b-b014-4804-ab95-33de26614148,2006,AES-128,encrypt,cuda_baseline,baseline,pipeline,pinned,ECB,16384,15,16384:ECB:15,0a6ce2363852de025fd63845f313a78867debd7f19002e9556ebe55348373d25,0,420,True,,242.9995278800057,70.55986218776917,6.742399930953979e-05,0.0002322,41100,67423.9993095398,74100,115200,232200,,,,,,
efc8908b-b014-4804-ab95-33de26614148,2006,AES-128,encrypt,cuda_baseline,baseline,resident,pinned,ECB,16384,15,16384:ECB:15,0a6ce2363852de025fd63845f313a78867debd7f19002e9556ebe55348373d25,1,421,True,1,194.08642443383673,,8.441600203514099e-05,,,84416.00203514099,,,,,,,,,84416.00203514099
efc8908b-b014-4804-ab95-33de26614148,2006,AES-128,encrypt,cuda_optimized_v1,optimized,pipeline,pinned,ECB,16384,15,16384:ECB:15,0a6ce2363852de025fd63845f313a78867debd7f19002e9556ebe55348373d25,2,422,True,,315.4651843668642,86.77966101694915,5.193600058555603e-05,0.0001888,41300,51936.00058555603,44100,85400,188800,,,,,,
efc8908b-b014-4804-ab95-33de26614148,2006,AES-128,encrypt,cpu_software,software,transform,bytes,ECB,16384,15,16384:ECB:15,0a6ce2363852de025fd63845f313a78867debd7f19002e9556ebe55348373d25,3,423,True,,,,,,,,,,,59500,5.95e-05,275.3613445378151,0,0.0,
efc8908b-b014-4804-ab95-33de26614148,2006,AES-128,encrypt,cuda_optimized_v1,optimized,resident,pinned,ECB,16384,15,16384:ECB:15,0a6ce2363852de025fd63845f313a78867debd7f19002e9556ebe55348373d25,4,424,True,1,279.62862247190867,,5.859199911355972e-05,,,58591.99911355972,,,,,,,,,58591.99911355972
efc8908b-b014-4804-ab95-33de26614148,2006,AES-128,encrypt,cpu_aesni,aesni,transform,bytes,ECB,16384,15,16384:ECB:15,0a6ce2363852de025fd63845f313a78867debd7f19002e9556ebe55348373d25,5,425,True,,,,,,,,,,,8900,8.9e-06,1840.8988764044943,0,0.0,
efc8908b-b014-4804-ab95-33de26614148,2006,AES-128,encrypt,cuda_optimized_v1,optimized,resident,pinned,CTR,16384,15,16384:CTR:15,cbbe5ff76b05bfeca23efc5fe13045741356798ecd74cbc1d5dac96d73392d32,0,426,True,1,333.55047844830136,,4.912000149488449e-05,,,49120.00149488449,,,,,,,,,49120.00149488449
efc8908b-b014-4804-ab95-33de26614148,2006,AES-128,encrypt,cuda_optimized_v1,optimized,pipeline,pinned,CTR,16384,15,16384:CTR:15,cbbe5ff76b05bfeca23efc5fe13045741356798ecd74cbc1d5dac96d73392d32,1,427,True,,335.95801341556756,88.9951113525258,4.876799881458282e-05,0.0001841,43700,48767.998814582825,43100,86800,184100,,,,,,
efc8908b-b014-4804-ab95-33de26614148,2006,AES-128,encrypt,cpu_software,software,transform,bytes,CTR,16384,15,16384:CTR:15,cbbe5ff76b05bfeca23efc5fe13045741356798ecd74cbc1d5dac96d73392d32,2,428,True,,,,,,,,,,,61800,6.18e-05,265.1132686084142,0,0.0,
efc8908b-b014-4804-ab95-33de26614148,2006,AES-128,encrypt,cuda_baseline,baseline,resident,pinned,CTR,16384,15,16384:CTR:15,cbbe5ff76b05bfeca23efc5fe13045741356798ecd74cbc1d5dac96d73392d32,3,429,True,1,317.61785596521986,,5.1584001630544664e-05,,,51584.00163054466,,,,,,,,,51584.00163054466
efc8908b-b014-4804-ab95-33de26614148,2006,AES-128,encrypt,cuda_baseline,baseline,pipeline,pinned,CTR,16384,15,16384:CTR:15,cbbe5ff76b05bfeca23efc5fe13045741356798ecd74cbc1d5dac96d73392d32,4,430,True,,313.5333783765345,87.75575790037493,5.225599929690361e-05,0.0001867,41500,52255.99929690361,44700,86200,186700,,,,,,
efc8908b-b014-4804-ab95-33de26614148,2006,AES-128,encrypt,cpu_aesni,aesni,transform,bytes,CTR,16384,15,16384:CTR:15,cbbe5ff76b05bfeca23efc5fe13045741356798ecd74cbc1d5dac96d73392d32,5,431,True,,,,,,,,,,,12500,1.25e-05,1310.72,0,0.0,
efc8908b-b014-4804-ab95-33de26614148,2006,AES-128,encrypt,cpu_aesni,aesni,transform,bytes,CTR,16384,16,16384:CTR:16,a4188ac27573868483d57d48e61cb170338accdbd738bce1e5d105160f1f02a2,0,432,True,,,,,,,,,,,10000,1e-05,1638.4,0,0.0,
efc8908b-b014-4804-ab95-33de26614148,2006,AES-128,encrypt,cpu_software,software,transform,bytes,CTR,16384,16,16384:CTR:16,a4188ac27573868483d57d48e61cb170338accdbd738bce1e5d105160f1f02a2,1,433,True,,,,,,,,,,,58800,5.88e-05,278.63945578231295,0,0.0,
efc8908b-b014-4804-ab95-33de26614148,2006,AES-128,encrypt,cuda_baseline,baseline,resident,pinned,CTR,16384,16,16384:CTR:16,a4188ac27573868483d57d48e61cb170338accdbd738bce1e5d105160f1f02a2,2,434,True,1,314.88314086411094,,5.2032001316547395e-05,,,52032.001316547394,,,,,,,,,52032.001316547394
efc8908b-b014-4804-ab95-33de26614148,2006,AES-128,encrypt,cuda_optimized_v1,optimized,resident,pinned,CTR,16384,16,16384:CTR:16,a4188ac27573868483d57d48e61cb170338accdbd738bce1e5d105160f1f02a2,3,435,True,1,295.4414240572089,,5.5456001311540604e-05,,,55456.0013115406,,,,,,,,,55456.0013115406
efc8908b-b014-4804-ab95-33de26614148,2006,AES-128,encrypt,cuda_optimized_v1,optimized,pipeline,pinned,CTR,16384,16,16384:CTR:16,a4188ac27573868483d57d48e61cb170338accdbd738bce1e5d105160f1f02a2,4,436,True,,331.8211295624074,89.23747276688454,4.9375999718904496e-05,0.0001836,40900,49375.999718904495,43100,84000,183600,,,,,,
efc8908b-b014-4804-ab95-33de26614148,2006,AES-128,encrypt,cuda_baseline,baseline,pipeline,pinned,CTR,16384,16,16384:CTR:16,a4188ac27573868483d57d48e61cb170338accdbd738bce1e5d105160f1f02a2,5,437,True,,329.68449206216894,90.46935394809498,4.9695998430252074e-05,0.0001811,41200,49695.998430252075,41700,82900,181100,,,,,,
efc8908b-b014-4804-ab95-33de26614148,2006,AES-128,encrypt,cpu_software,software,transform,bytes,ECB,16384,16,16384:ECB:16,bf1ea28858f3ea85b08ab136847686219255726acff70fe3d95dc00952aa1655,0,438,True,,,,,,,,,,,56300,5.63e-05,291.01243339253995,0,0.0,
efc8908b-b014-4804-ab95-33de26614148,2006,AES-128,encrypt,cuda_baseline,baseline,resident,pinned,ECB,16384,16,16384:ECB:16,bf1ea28858f3ea85b08ab136847686219255726acff70fe3d95dc00952aa1655,1,439,True,1,319.4011263966117,,5.1295999437570575e-05,,,51295.99943757057,,,,,,,,,51295.99943757057
efc8908b-b014-4804-ab95-33de26614148,2006,AES-128,encrypt,cuda_baseline,baseline,pipeline,pinned,ECB,16384,16,16384:ECB:16,bf1ea28858f3ea85b08ab136847686219255726acff70fe3d95dc00952aa1655,2,440,True,,330.5358216929162,90.46935394809498,4.956800118088722e-05,0.0001811,42600,49568.00118088722,42400,85000,181100,,,,,,
efc8908b-b014-4804-ab95-33de26614148,2006,AES-128,encrypt,cuda_optimized_v1,optimized,pipeline,pinned,ECB,16384,16,16384:ECB:16,bf1ea28858f3ea85b08ab136847686219255726acff70fe3d95dc00952aa1655,3,441,True,,327.57517026608235,89.82456140350877,5.001600086688995e-05,0.0001824,40600,50016.00086688995,45400,86000,182400,,,,,,
efc8908b-b014-4804-ab95-33de26614148,2006,AES-128,encrypt,cpu_aesni,aesni,transform,bytes,ECB,16384,16,16384:ECB:16,bf1ea28858f3ea85b08ab136847686219255726acff70fe3d95dc00952aa1655,4,442,True,,,,,,,,,,,9000,9e-06,1820.4444444444443,0,0.0,
efc8908b-b014-4804-ab95-33de26614148,2006,AES-128,encrypt,cuda_optimized_v1,optimized,resident,pinned,ECB,16384,16,16384:ECB:16,bf1ea28858f3ea85b08ab136847686219255726acff70fe3d95dc00952aa1655,5,443,True,1,336.8420944236986,,4.864000156521797e-05,,,48640.00156521797,,,,,,,,,48640.00156521797
efc8908b-b014-4804-ab95-33de26614148,2006,AES-128,encrypt,cuda_optimized_v1,optimized,pipeline,pinned,ECB,16384,17,16384:ECB:17,e2a70cf743adc4beab9aa82cfade67465d5a15c119e6fba4d2c75b075ecda43f,0,444,True,,333.55047844830136,89.9725425590335,4.912000149488449e-05,0.0001821,41800,49120.00149488449,43100,84900,182100,,,,,,
efc8908b-b014-4804-ab95-33de26614148,2006,AES-128,encrypt,cuda_baseline,baseline,pipeline,pinned,ECB,16384,17,16384:ECB:17,e2a70cf743adc4beab9aa82cfade67465d5a15c119e6fba4d2c75b075ecda43f,1,445,True,,336.3994859295022,91.68438724118634,4.8703998327255246e-05,0.0001787,40800,48703.99832725525,42600,83400,178700,,,,,,
efc8908b-b014-4804-ab95-33de26614148,2006,AES-128,encrypt,cpu_aesni,aesni,transform,bytes,ECB,16384,17,16384:ECB:17,e2a70cf743adc4beab9aa82cfade67465d5a15c119e6fba4d2c75b075ecda43f,2,446,True,,,,,,,,,,,8900,8.9e-06,1840.8988764044943,0,0.0,
efc8908b-b014-4804-ab95-33de26614148,2006,AES-128,encrypt,cuda_baseline,baseline,resident,pinned,ECB,16384,17,16384:ECB:17,e2a70cf743adc4beab9aa82cfade67465d5a15c119e6fba4d2c75b075ecda43f,3,447,True,1,303.49732535314484,,5.3984001278877256e-05,,,53984.00127887726,,,,,,,,,53984.00127887726
efc8908b-b014-4804-ab95-33de26614148,2006,AES-128,encrypt,cuda_optimized_v1,optimized,resident,pinned,ECB,16384,17,16384:ECB:17,e2a70cf743adc4beab9aa82cfade67465d5a15c119e6fba4d2c75b075ecda43f,4,448,True,1,347.1186310051164,,4.7200001776218416e-05,,,47200.001776218414,,,,,,,,,47200.001776218414
efc8908b-b014-4804-ab95-33de26614148,2006,AES-128,encrypt,cpu_software,software,transform,bytes,ECB,16384,17,16384:ECB:17,e2a70cf743adc4beab9aa82cfade67465d5a15c119e6fba4d2c75b075ecda43f,5,449,True,,,,,,,,,,,57900,5.79e-05,282.9706390328152,0,0.0,
efc8908b-b014-4804-ab95-33de26614148,2006,AES-128,encrypt,cuda_optimized_v1,optimized,pipeline,pinned,CTR,16384,17,16384:CTR:17,93ad0d512a1c80ff9d196ed61f704172414f3de18fedeacb14e8bb6bdeab7b9f,0,450,True,,328.83751195586115,89.43231441048034,4.982399940490723e-05,0.0001832,41100,49823.99940490723,43300,84400,183200,,,,,,
efc8908b-b014-4804-ab95-33de26614148,2006,AES-128,encrypt,cuda_baseline,baseline,pipeline,pinned,CTR,16384,17,16384:CTR:17,93ad0d512a1c80ff9d196ed61f704172414f3de18fedeacb14e8bb6bdeab7b9f,1,451,True,,323.84565752115486,87.84986595174263,5.0592001527547836e-05,0.0001865,41800,50592.001527547836,44400,86200,186500,,,,,,
efc8908b-b014-4804-ab95-33de26614148,2006,AES-128,encrypt,cpu_aesni,aesni,transform,bytes,CTR,16384,17,16384:CTR:17,93ad0d512a1c80ff9d196ed61f704172414f3de18fedeacb14e8bb6bdeab7b9f,2,452,True,,,,,,,,,,,12000,1.2e-05,1365.3333333333333,0,0.0,
efc8908b-b014-4804-ab95-33de26614148,2006,AES-128,encrypt,cpu_software,software,transform,bytes,CTR,16384,17,16384:CTR:17,93ad0d512a1c80ff9d196ed61f704172414f3de18fedeacb14e8bb6bdeab7b9f,3,453,True,,,,,,,,,,,59900,5.99e-05,273.5225375626043,0,0.0,
efc8908b-b014-4804-ab95-33de26614148,2006,AES-128,encrypt,cuda_optimized_v1,optimized,resident,pinned,CTR,16384,17,16384:CTR:17,93ad0d512a1c80ff9d196ed61f704172414f3de18fedeacb14e8bb6bdeab7b9f,4,454,True,1,312.76725555637813,,5.238400027155876e-05,,,52384.00027155876,,,,,,,,,52384.00027155876
efc8908b-b014-4804-ab95-33de26614148,2006,AES-128,encrypt,cuda_baseline,baseline,resident,pinned,CTR,16384,17,16384:CTR:17,93ad0d512a1c80ff9d196ed61f704172414f3de18fedeacb14e8bb6bdeab7b9f,5,455,True,1,299.76581374747747,,5.465599894523621e-05,,,54655.998945236206,,,,,,,,,54655.998945236206
efc8908b-b014-4804-ab95-33de26614148,2006,AES-128,encrypt,cuda_optimized_v1,optimized,pipeline,pinned,ECB,16384,18,16384:ECB:18,a61ae2f5b8f598a128cc4cae5c33a139ed67ff6b9b0769f198c8d2fd15142230,0,456,True,,328.2051273116464,90.31973539140022,4.992000013589859e-05,0.0001814,40700,49920.00013589859,43300,84000,181400,,,,,,
efc8908b-b014-4804-ab95-33de26614148,2006,AES-128,encrypt,cuda_baseline,baseline,pipeline,pinned,ECB,16384,18,16384:ECB:18,a61ae2f5b8f598a128cc4cae5c33a139ed67ff6b9b0769f198c8d2fd15142230,1,457,True,,333.55047844830136,90.87077093732668,4.912000149488449e-05,0.0001803,41600,49120.00149488449,42600,84200,180300,,,,,,
efc8908b-b014-4804-ab95-33de26614148,2006,AES-128,encrypt,cuda_baseline,baseline,resident,pinned,ECB,16384,18,16384:ECB:18,a61ae2f5b8f598a128cc4cae5c33a139ed67ff6b9b0769f198c8d2fd15142230,2,458,True,1,323.0283989568599,,5.071999877691269e-05,,,50719.99877691269,,,,,,,,,50719.99877691269
efc8908b-b014-4804-ab95-33de26614148,2006,AES-128,encrypt,cpu_aesni,aesni,transform,bytes,ECB,16384,18,16384:ECB:18,a61ae2f5b8f598a128cc4cae5c33a139ed67ff6b9b0769f198c8d2fd15142230,3,459,True,,,,,,,,,,,9300,9.3e-06,1761.720430107527,0,0.0,
efc8908b-b014-4804-ab95-33de26614148,2006,AES-128,encrypt,cpu_software,software,transform,bytes,ECB,16384,18,16384:ECB:18,a61ae2f5b8f598a128cc4cae5c33a139ed67ff6b9b0769f198c8d2fd15142230,4,460,True,,,,,,,,,,,56100,5.61e-05,292.0499108734403,0,0.0,
efc8908b-b014-4804-ab95-33de26614148,2006,AES-128,encrypt,cuda_optimized_v1,optimized,resident,pinned,ECB,16384,18,16384:ECB:18,a61ae2f5b8f598a128cc4cae5c33a139ed67ff6b9b0769f198c8d2fd15142230,5,461,True,1,329.68449206216894,,4.9695998430252074e-05,,,49695.998430252075,,,,,,,,,49695.998430252075
efc8908b-b014-4804-ab95-33de26614148,2006,AES-128,encrypt,cuda_optimized_v1,optimized,pipeline,pinned,CTR,16384,18,16384:CTR:18,3936c79b07616ebd5f4d0b7d40da382bcc30ba859ebdc4739708015adf8dca64,0,462,True,,323.84565752115486,88.51431658562939,5.0592001527547836e-05,0.0001851,42500,50592.001527547836,43000,85500,185100,,,,,,
efc8908b-b014-4804-ab95-33de26614148,2006,AES-128,encrypt,cuda_baseline,baseline,pipeline,pinned,CTR,16384,18,16384:CTR:18,3936c79b07616ebd5f4d0b7d40da382bcc30ba859ebdc4739708015adf8dca64,1,463,True,,334.6405209854975,90.56937534549475,4.896000027656555e-05,0.0001809,41900,48960.00027656555,42600,84500,180900,,,,,,
efc8908b-b014-4804-ab95-33de26614148,2006,AES-128,encrypt,cuda_baseline,baseline,resident,pinned,CTR,16384,18,16384:CTR:18,3936c79b07616ebd5f4d0b7d40da382bcc30ba859ebdc4739708015adf8dca64,2,464,True,1,325.9070714568522,,5.027199909090996e-05,,,50271.99909090996,,,,,,,,,50271.99909090996
efc8908b-b014-4804-ab95-33de26614148,2006,AES-128,encrypt,cpu_aesni,aesni,transform,bytes,CTR,16384,18,16384:CTR:18,3936c79b07616ebd5f4d0b7d40da382bcc30ba859ebdc4739708015adf8dca64,3,465,True,,,,,,,,,,,11800,1.18e-05,1388.4745762711864,0,0.0,
efc8908b-b014-4804-ab95-33de26614148,2006,AES-128,encrypt,cuda_optimized_v1,optimized,resident,pinned,CTR,16384,18,16384:CTR:18,3936c79b07616ebd5f4d0b7d40da382bcc30ba859ebdc4739708015adf8dca64,4,466,True,1,327.57517026608235,,5.001600086688995e-05,,,50016.00086688995,,,,,,,,,50016.00086688995
efc8908b-b014-4804-ab95-33de26614148,2006,AES-128,encrypt,cpu_software,software,transform,bytes,CTR,16384,18,16384:CTR:18,3936c79b07616ebd5f4d0b7d40da382bcc30ba859ebdc4739708015adf8dca64,5,467,True,,,,,,,,,,,99100,9.91e-05,165.3279515640767,0,0.0,
efc8908b-b014-4804-ab95-33de26614148,2006,AES-128,encrypt,cuda_baseline,baseline,pipeline,pinned,ECB,16384,19,16384:ECB:19,9b6ccb1fa1fd1e55a872852d8e6d964519e5210243221d20d2c62da0d83220cb,0,468,True,,278.5636522680719,66.0378879484079,5.8816000819206235e-05,0.0002481,43200,58816.00081920624,94200,137400,248100,,,,,,
efc8908b-b014-4804-ab95-33de26614148,2006,AES-128,encrypt,cuda_optimized_v1,optimized,pipeline,pinned,ECB,16384,19,16384:ECB:19,9b6ccb1fa1fd1e55a872852d8e6d964519e5210243221d20d2c62da0d83220cb,1,469,True,,243.46172737446298,64.35192458758837,6.729599833488465e-05,0.0002546,42300,67295.99833488464,66300,108600,254600,,,,,,
efc8908b-b014-4804-ab95-33de26614148,2006,AES-128,encrypt,cpu_software,software,transform,bytes,ECB,16384,19,16384:ECB:19,9b6ccb1fa1fd1e55a872852d8e6d964519e5210243221d20d2c62da0d83220cb,2,470,True,,,,,,,,,,,96700,9.67e-05,169.43123061013443,0,0.0,
efc8908b-b014-4804-ab95-33de26614148,2006,AES-128,encrypt,cuda_optimized_v1,optimized,resident,pinned,ECB,16384,19,16384:ECB:19,9b6ccb1fa1fd1e55a872852d8e6d964519e5210243221d20d2c62da0d83220cb,3,471,True,1,266.94472676566016,,6.137600168585777e-05,,,61376.00168585777,,,,,,,,,61376.00168585777
efc8908b-b014-4804-ab95-33de26614148,2006,AES-128,encrypt,cuda_baseline,baseline,resident,pinned,ECB,16384,19,16384:ECB:19,9b6ccb1fa1fd1e55a872852d8e6d964519e5210243221d20d2c62da0d83220cb,4,472,True,1,310.67961620693444,,5.273599922657013e-05,,,52735.99922657013,,,,,,,,,52735.99922657013
efc8908b-b014-4804-ab95-33de26614148,2006,AES-128,encrypt,cpu_aesni,aesni,transform,bytes,ECB,16384,19,16384:ECB:19,9b6ccb1fa1fd1e55a872852d8e6d964519e5210243221d20d2c62da0d83220cb,5,473,True,,,,,,,,,,,10200,1.02e-05,1606.2745098039215,0,0.0,
efc8908b-b014-4804-ab95-33de26614148,2006,AES-128,encrypt,cuda_baseline,baseline,pipeline,pinned,CTR,16384,19,16384:CTR:19,7c6b8e6f0a86ecc716b499f441c091d22dc86d5860ce77f4d89e8114bc1e5ce9,0,474,True,,286.99552154058716,81.83816183816184,5.708799883723259e-05,0.0002002,42500,57087.99883723259,46400,88900,200200,,,,,,
efc8908b-b014-4804-ab95-33de26614148,2006,AES-128,encrypt,cpu_software,software,transform,bytes,CTR,16384,19,16384:CTR:19,7c6b8e6f0a86ecc716b499f441c091d22dc86d5860ce77f4d89e8114bc1e5ce9,1,475,True,,,,,,,,,,,65200,6.52e-05,251.2883435582822,0,0.0,
efc8908b-b014-4804-ab95-33de26614148,2006,AES-128,encrypt,cuda_optimized_v1,optimized,pipeline,pinned,CTR,16384,19,16384:CTR:19,7c6b8e6f0a86ecc716b499f441c091d22dc86d5860ce77f4d89e8114bc1e5ce9,2,476,True,,317.61785596521986,84.75944128297982,5.1584001630544664e-05,0.0001933,45500,51584.00163054466,45100,90600,193300,,,,,,
efc8908b-b014-4804-ab95-33de26614148,2006,AES-128,encrypt,cpu_aesni,aesni,transform,bytes,CTR,16384,19,16384:CTR:19,7c6b8e6f0a86ecc716b499f441c091d22dc86d5860ce77f4d89e8114bc1e5ce9,3,477,True,,,,,,,,,,,12900,1.29e-05,1270.077519379845,0,0.0,
efc8908b-b014-4804-ab95-33de26614148,2006,AES-128,encrypt,cuda_optimized_v1,optimized,resident,pinned,CTR,16384,19,16384:CTR:19,7c6b8e6f0a86ecc716b499f441c091d22dc86d5860ce77f4d89e8114bc1e5ce9,4,478,True,1,289.10220523252366,,5.6671999394893644e-05,,,56671.999394893646,,,,,,,,,56671.999394893646
efc8908b-b014-4804-ab95-33de26614148,2006,AES-128,encrypt,cuda_baseline,baseline,resident,pinned,CTR,16384,19,16384:CTR:19,7c6b8e6f0a86ecc716b499f441c091d22dc86d5860ce77f4d89e8114bc1e5ce9,5,479,True,1,300.2932649605984,,5.455999821424484e-05,,,54559.99821424484,,,,,,,,,54559.99821424484
efc8908b-b014-4804-ab95-33de26614148,2006,AES-128,encrypt,cpu_aesni,aesni,transform,bytes,ECB,1048576,0,1048576:ECB:0,849329c85e0b38069511484a83bbdff7b6d278e9f829932d264f34e4e3472037,0,480,True,,,,,,,,,,,566400,0.0005664,1851.2994350282486,0,0.0,
efc8908b-b014-4804-ab95-33de26614148,2006,AES-128,encrypt,cpu_software,software,transform,bytes,ECB,1048576,0,1048576:ECB:0,849329c85e0b38069511484a83bbdff7b6d278e9f829932d264f34e4e3472037,1,481,True,,,,,,,,,,,3677000,0.003677,285.17160728855043,0,0.0,
efc8908b-b014-4804-ab95-33de26614148,2006,AES-128,encrypt,cuda_baseline,baseline,resident,pinned,ECB,1048576,0,1048576:ECB:0,849329c85e0b38069511484a83bbdff7b6d278e9f829932d264f34e4e3472037,2,482,True,1,4329.8097912464045,,0.00024217599630355836,,,242175.99630355835,,,,,,,,,242175.99630355835
efc8908b-b014-4804-ab95-33de26614148,2006,AES-128,encrypt,cuda_optimized_v1,optimized,pipeline,pinned,ECB,1048576,0,1048576:ECB:0,849329c85e0b38069511484a83bbdff7b6d278e9f829932d264f34e4e3472037,3,483,True,,4330.954343938812,1281.7210609949884,0.00024211199581623079,0.0008181,245000,242111.99581623077,240900,485900,818100,,,,,,
efc8908b-b014-4804-ab95-33de26614148,2006,AES-128,encrypt,cuda_optimized_v1,optimized,resident,pinned,ECB,1048576,0,1048576:ECB:0,849329c85e0b38069511484a83bbdff7b6d278e9f829932d264f34e4e3472037,4,484,True,1,4359.185732543912,,0.00024054400622844696,,,240544.00622844696,,,,,,,,,240544.00622844696
efc8908b-b014-4804-ab95-33de26614148,2006,AES-128,encrypt,cuda_baseline,baseline,pipeline,pinned,ECB,1048576,0,1048576:ECB:0,849329c85e0b38069511484a83bbdff7b6d278e9f829932d264f34e4e3472037,5,485,True,,6089.574170265698,1615.181762168823,0.00017219200730323792,0.0006492,212600,172192.00730323792,205800,418400,649200,,,,,,
efc8908b-b014-4804-ab95-33de26614148,2006,AES-128,encrypt,cpu_aesni,aesni,transform,bytes,CTR,1048576,0,1048576:CTR:0,ca2a93feab673238e8a354f91e36362ae092e4a12054e6f15d8d5ee0c0dcdeef,0,486,True,,,,,,,,,,,775300,0.0007753,1352.477750548175,0,0.0,
efc8908b-b014-4804-ab95-33de26614148,2006,AES-128,encrypt,cpu_software,software,transform,bytes,CTR,1048576,0,1048576:CTR:0,ca2a93feab673238e8a354f91e36362ae092e4a12054e6f15d8d5ee0c0dcdeef,1,487,True,,,,,,,,,,,4122200,0.0041222,254.3729076706613,0,0.0,
efc8908b-b014-4804-ab95-33de26614148,2006,AES-128,encrypt,cuda_optimized_v1,optimized,pipeline,pinned,CTR,1048576,0,1048576:CTR:0,ca2a93feab673238e8a354f91e36362ae092e4a12054e6f15d8d5ee0c0dcdeef,2,488,True,,4289.005254089484,1191.69905671099,0.0002444799989461899,0.0008799,251800,244479.99894618988,289500,541300,879900,,,,,,
efc8908b-b014-4804-ab95-33de26614148,2006,AES-128,encrypt,cuda_optimized_v1,optimized,resident,pinned,CTR,1048576,0,1048576:CTR:0,ca2a93feab673238e8a354f91e36362ae092e4a12054e6f15d8d5ee0c0dcdeef,3,489,True,1,4363.829992869287,,0.00024028800427913666,,,240288.00427913666,,,,,,,,,240288.00427913666
efc8908b-b014-4804-ab95-33de26614148,2006,AES-128,encrypt,cuda_baseline,baseline,resident,pinned,CTR,1048576,0,1048576:CTR:0,ca2a93feab673238e8a354f91e36362ae092e4a12054e6f15d8d5ee0c0dcdeef,4,490,True,1,5611.919858541049,,0.00018684799969196318,,,186847.9996919632,,,,,,,,,186847.9996919632
efc8908b-b014-4804-ab95-33de26614148,2006,AES-128,encrypt,cuda_baseline,baseline,pipeline,pinned,CTR,1048576,0,1048576:CTR:0,ca2a93feab673238e8a354f91e36362ae092e4a12054e6f15d8d5ee0c0dcdeef,5,491,True,,5965.410359879445,1526.5337021400494,0.00017577600479125977,0.0006869,207300,175776.00479125977,248900,456200,686900,,,,,,
efc8908b-b014-4804-ab95-33de26614148,2006,AES-128,encrypt,cuda_baseline,baseline,pipeline,pinned,ECB,1048576,1,1048576:ECB:1,06533bedea281d8bd6dc08c1a4d5821dec572ad15c62d1f8192d46133dd3d326,0,492,True,,4278.923942862181,1182.4267027514659,0.00024505600333213807,0.0008868,252900,245056.00333213806,289900,542800,886800,,,,,,
efc8908b-b014-4804-ab95-33de26614148,2006,AES-128,encrypt,cuda_optimized_v1,optimized,resident,pinned,ECB,1048576,1,1048576:ECB:1,06533bedea281d8bd6dc08c1a4d5821dec572ad15c62d1f8192d46133dd3d326,1,493,True,1,4398.9796446611235,,0.00023836800456047058,,,238368.00456047058,,,,,,,,,238368.00456047058
efc8908b-b014-4804-ab95-33de26614148,2006,AES-128,encrypt,cpu_software,software,transform,bytes,ECB,1048576,1,1048576:ECB:1,06533bedea281d8bd6dc08c1a4d5821dec572ad15c62d1f8192d46133dd3d326,2,494,True,,,,,,,,,,,3726200,0.0037262,281.40625838656,0,0.0,
efc8908b-b014-4804-ab95-33de26614148,2006,AES-128,encrypt,cpu_aesni,aesni,transform,bytes,ECB,1048576,1,1048576:ECB:1,06533bedea281d8bd6dc08c1a4d5821dec572ad15c62d1f8192d46133dd3d326,3,495,True,,,,,,,,,,,563600,0.0005636,1860.4968062455641,0,0.0,
efc8908b-b014-4804-ab95-33de26614148,2006,AES-128,encrypt,cuda_baseline,baseline,resident,pinned,ECB,1048576,1,1048576:ECB:1,06533bedea281d8bd6dc08c1a4d5821dec572ad15c62d1f8192d46133dd3d326,4,496,True,1,4461.26627905709,,0.00023503999412059784,,,235039.99412059784,,,,,,,,,235039.99412059784
efc8908b-b014-4804-ab95-33de26614148,2006,AES-128,encrypt,cuda_optimized_v1,optimized,pipeline,pinned,ECB,1048576,1,1048576:ECB:1,06533bedea281d8bd6dc08c1a4d5821dec572ad15c62d1f8192d46133dd3d326,5,497,True,,5232.83280653306,1376.8067226890757,0.0002003840059041977,0.0007616,241700,200384.0059041977,234200,475900,761600,,,,,,
efc8908b-b014-4804-ab95-33de26614148,2006,AES-128,encrypt,cuda_optimized_v1,optimized,pipeline,pinned,CTR,1048576,1,1048576:CTR:1,d95000b4e8e4479223d775ce59bdf87b6e1669539a1522f00cfbbad7abbc4c3c,0,498,True,,4273.343665835444,1188.726901711824,0.0002453760057687759,0.0008821,249200,245376.00576877594,287000,536200,882100,,,,,,
efc8908b-b014-4804-ab95-33de26614148,2006,AES-128,encrypt,cpu_software,software,transform,bytes,CTR,1048576,1,1048576:CTR:1,d95000b4e8e4479223d775ce59bdf87b6e1669539a1522f00cfbbad7abbc4c3c,1,499,True,,,,,,,,,,,3940300,0.0039403,266.1157779864477,0,0.0,
efc8908b-b014-4804-ab95-33de26614148,2006,AES-128,encrypt,cuda_optimized_v1,optimized,resident,pinned,CTR,1048576,1,1048576:CTR:1,d95000b4e8e4479223d775ce59bdf87b6e1669539a1522f00cfbbad7abbc4c3c,2,500,True,1,4216.16055426299,,0.00024870400130748747,,,248704.0013074875,,,,,,,,,248704.0013074875
efc8908b-b014-4804-ab95-33de26614148,2006,AES-128,encrypt,cuda_baseline,baseline,pipeline,pinned,CTR,1048576,1,1048576:CTR:1,d95000b4e8e4479223d775ce59bdf87b6e1669539a1522f00cfbbad7abbc4c3c,3,501,True,,4238.520264286965,1271.3094083414162,0.0002473919987678528,0.0008248,246000,247391.99876785278,239600,485600,824800,,,,,,
efc8908b-b014-4804-ab95-33de26614148,2006,AES-128,encrypt,cuda_baseline,baseline,resident,pinned,CTR,1048576,1,1048576:CTR:1,d95000b4e8e4479223d775ce59bdf87b6e1669539a1522f00cfbbad7abbc4c3c,4,502,True,1,5902.017396849691,,0.00017766399681568145,,,177663.99681568146,,,,,,,,,177663.99681568146
efc8908b-b014-4804-ab95-33de26614148,2006,AES-128,encrypt,cpu_aesni,aesni,transform,bytes,CTR,1048576,1,1048576:CTR:1,d95000b4e8e4479223d775ce59bdf87b6e1669539a1522f00cfbbad7abbc4c3c,5,503,True,,,,,,,,,,,755500,0.0007555,1387.923229649239,0,0.0,
efc8908b-b014-4804-ab95-33de26614148,2006,AES-128,encrypt,cpu_software,software,transform,bytes,ECB,1048576,2,1048576:ECB:2,1c4c67089956bd8be2ed07cfc94a37e77d2f9682e0e0d78bf74d1b75436efb1f,0,504,True,,,,,,,,,,,3691500,0.0036915,284.05146959230666,0,0.0,
efc8908b-b014-4804-ab95-33de26614148,2006,AES-128,encrypt,cuda_optimized_v1,optimized,pipeline,pinned,ECB,1048576,2,1048576:ECB:2,1c4c67089956bd8be2ed07cfc94a37e77d2f9682e0e0d78bf74d1b75436efb1f,1,505,True,,4440.710078090495,1216.3043730425704,0.00023612800240516661,0.0008621,248200,236128.00240516663,283100,531300,862100,,,,,,
efc8908b-b014-4804-ab95-33de26614148,2006,AES-128,encrypt,cuda_baseline,baseline,resident,pinned,ECB,1048576,2,1048576:ECB:2,1c4c67089956bd8be2ed07cfc94a37e77d2f9682e0e0d78bf74d1b75436efb1f,2,506,True,1,3664.9143048717306,,0.00028611201047897336,,,286112.0104789734,,,,,,,,,286112.0104789734
efc8908b-b014-4804-ab95-33de26614148,2006,AES-128,encrypt,cuda_optimized_v1,optimized,resident,pinned,ECB,1048576,2,1048576:ECB:2,1c4c67089956bd8be2ed07cfc94a37e77d2f9682e0e0d78bf74d1b75436efb1f,3,507,True,1,6142.080740315401,,0.00017071999609470369,,,170719.99609470367,,,,,,,,,170719.99609470367
efc8908b-b014-4804-ab95-33de26614148,2006,AES-128,encrypt,cuda_baseline,baseline,pipeline,pinned,ECB,1048576,2,1048576:ECB:2,1c4c67089956bd8be2ed07cfc94a37e77d2f9682e0e0d78bf74d1b75436efb1f,4,508,True,,6105.459149885233,1648.7044025157234,0.00017174400389194489,0.000636,208100,171744.00389194489,203000,411100,636000,,,,,,
efc8908b-b014-4804-ab95-33de26614148,2006,AES-128,encrypt,cpu_aesni,aesni,transform,bytes,ECB,1048576,2,1048576:ECB:2,1c4c67089956bd8be2ed07cfc94a37e77d2f9682e0e0d78bf74d1b75436efb1f,5,509,True,,,,,,,,,,,594900,0.0005949,1762.608841822155,0,0.0,
efc8908b-b014-4804-ab95-33de26614148,2006,AES-128,encrypt,cuda_baseline,baseline,resident,pinned,CTR,1048576,2,1048576:CTR:2,bcd2efb80ec99422cfe3766180852f56bf75fedb7f2d73aa07b168f229e810a3,0,510,True,1,4175.863433338097,,0.0002511039972305298,,,251103.99723052979,,,,,,,,,251103.99723052979
efc8908b-b014-4804-ab95-33de26614148,2006,AES-128,encrypt,cpu_aesni,aesni,transform,bytes,CTR,1048576,2,1048576:CTR:2,bcd2efb80ec99422cfe3766180852f56bf75fedb7f2d73aa07b168f229e810a3,1,511,True,,,,,,,,,,,725600,0.0007256,1445.1157662624034,0,0.0,
efc8908b-b014-4804-ab95-33de26614148,2006,AES-128,encrypt,cuda_optimized_v1,optimized,resident,pinned,CTR,1048576,2,1048576:CTR:2,bcd2efb80ec99422cfe3766180852f56bf75fedb7f2d73aa07b168f229e810a3,2,512,True,1,4262.2269208234065,,0.0002460159957408905,,,246015.9957408905,,,,,,,,,246015.9957408905
efc8908b-b014-4804-ab95-33de26614148,2006,AES-128,encrypt,cuda_baseline,baseline,pipeline,pinned,CTR,1048576,2,1048576:CTR:2,bcd2efb80ec99422cfe3766180852f56bf75fedb7f2d73aa07b168f229e810a3,3,513,True,,5936.231752334338,1552.2960769800147,0.00017664000391960145,0.0006755,242300,176640.00391960144,202900,445200,675500,,,,,,
efc8908b-b014-4804-ab95-33de26614148,2006,AES-128,encrypt,cpu_software,software,transform,bytes,CTR,1048576,2,1048576:CTR:2,bcd2efb80ec99422cfe3766180852f56bf75fedb7f2d73aa07b168f229e810a3,4,514,True,,,,,,,,,,,3917800,0.0039178,267.64408596661394,0,0.0,
efc8908b-b014-4804-ab95-33de26614148,2006,AES-128,encrypt,cuda_optimized_v1,optimized,pipeline,pinned,CTR,1048576,2,1048576:CTR:2,bcd2efb80ec99422cfe3766180852f56bf75fedb7f2d73aa07b168f229e810a3,5,515,True,,5110.418022345787,1356.6774485703195,0.0002051839977502823,0.0007729,241100,205183.9977502823,236800,477900,772900,,,,,,
efc8908b-b014-4804-ab95-33de26614148,2006,AES-128,encrypt,cpu_aesni,aesni,transform,bytes,ECB,1048576,3,1048576:ECB:3,3c43931e29a4c38fb719c12397f21f666805c7dacabdffdc685c12b22401aaae,0,516,True,,,,,,,,,,,560400,0.0005604,1871.1206281227694,0,0.0,
efc8908b-b014-4804-ab95-33de26614148,2006,AES-128,encrypt,cuda_baseline,baseline,resident,pinned,ECB,1048576,3,1048576:ECB:3,3c43931e29a4c38fb719c12397f21f666805c7dacabdffdc685c12b22401aaae,1,517,True,1,4198.334369123763,,0.0002497600018978119,,,249760.0018978119,,,,,,,,,249760.0018978119
efc8908b-b014-4804-ab95-33de26614148,2006,AES-128,encrypt,cuda_baseline,baseline,pipeline,pinned,ECB,1048576,3,1048576:ECB:3,3c43931e29a4c38fb719c12397f21f666805c7dacabdffdc685c12b22401aaae,2,518,True,,4370.232168467786,1233.9091550953165,0.0002399359941482544,0.0008498,240000,239935.9941482544,284700,524700,849800,,,,,,
efc8908b-b014-4804-ab95-33de26614148,2006,AES-128,encrypt,cuda_optimized_v1,optimized,pipeline,pinned,ECB,1048576,3,1048576:ECB:3,3c43931e29a4c38fb719c12397f21f666805c7dacabdffdc685c12b22401aaae,3,519,True,,6189.648894337105,1654.6883383304403,0.00016940799355506897,0.0006337,206900,169407.99355506897,203800,410700,633700,,,,,,
efc8908b-b014-4804-ab95-33de26614148,2006,AES-128,encrypt,cpu_software,software,transform,bytes,ECB,1048576,3,1048576:ECB:3,3c43931e29a4c38fb719c12397f21f666805c7dacabdffdc685c12b22401aaae,4,520,True,,,,,,,,,,,3820900,0.0038209,274.4316784003769,15625000,4.089350676542176,
efc8908b-b014-4804-ab95-33de26614148,2006,AES-128,encrypt,cuda_optimized_v1,optimized,resident,pinned,ECB,1048576,3,1048576:ECB:3,3c43931e29a4c38fb719c12397f21f666805c7dacabdffdc685c12b22401aaae,5,521,True,1,6064.778905057669,,0.00017289599776268004,,,172895.99776268005,,,,,,,,,172895.99776268005
efc8908b-b014-4804-ab95-33de26614148,2006,AES-128,encrypt,cuda_baseline,baseline,resident,pinned,CTR,1048576,3,1048576:CTR:3,ac09391a389884250df72c23070b585bd7894f8251110cd7cc3299f755c018f1,0,522,True,1,4344.736056597541,,0.00024134400486946106,,,241344.00486946106,,,,,,,,,241344.00486946106
efc8908b-b014-4804-ab95-33de26614148,2006,AES-128,encrypt,cuda_baseline,baseline,pipeline,pinned,CTR,1048576,3,1048576:CTR:3,ac09391a389884250df72c23070b585bd7894f8251110cd7cc3299f755c018f1,1,523,True,,4168.426645142977,1254.4275631056346,0.0002515519857406616,0.0008359,240700,251551.98574066162,252700,493400,835900,,,,,,
efc8908b-b014-4804-ab95-33de26614148,2006,AES-128,encrypt,cpu_aesni,aesni,transform,bytes,CTR,1048576,3,1048576:CTR:3,ac09391a389884250df72c23070b585bd7894f8251110cd7cc3299f755c018f1,2,524,True,,,,,,,,,,,758400,0.0007584,1382.6160337552742,0,0.0,
efc8908b-b014-4804-ab95-33de26614148,2006,AES-128,encrypt,cpu_software,software,transform,bytes,CTR,1048576,3,1048576:CTR:3,ac09391a389884250df72c23070b585bd7894f8251110cd7cc3299f755c018f1,3,525,True,,,,,,,,,,,3946400,0.0039464,265.70443948915465,0,0.0,
efc8908b-b014-4804-ab95-33de26614148,2006,AES-128,encrypt,cuda_optimized_v1,optimized,pipeline,pinned,CTR,1048576,3,1048576:CTR:3,ac09391a389884250df72c23070b585bd7894f8251110cd7cc3299f755c018f1,4,526,True,,4347.041585421849,1336.61695347355,0.0002412160038948059,0.0007845,213900,241216.0038948059,239100,453000,784500,,,,,,
efc8908b-b014-4804-ab95-33de26614148,2006,AES-128,encrypt,cuda_optimized_v1,optimized,resident,pinned,CTR,1048576,3,1048576:CTR:3,ac09391a389884250df72c23070b585bd7894f8251110cd7cc3299f755c018f1,5,527,True,1,4275.0163499459495,,0.00024527999758720397,,,245279.99758720398,,,,,,,,,245279.99758720398
efc8908b-b014-4804-ab95-33de26614148,2006,AES-128,encrypt,cpu_software,software,transform,bytes,ECB,1048576,4,1048576:ECB:4,c110bd496a7c1a04c6f023ec435f06680ad9e4a3f042233c9c7937c1dba8e6a4,0,528,True,,,,,,,,,,,3694800,0.0036948,283.7977698386922,0,0.0,
efc8908b-b014-4804-ab95-33de26614148,2006,AES-128,encrypt,cuda_baseline,baseline,resident,pinned,ECB,1048576,4,1048576:ECB:4,c110bd496a7c1a04c6f023ec435f06680ad9e4a3f042233c9c7937c1dba8e6a4,1,529,True,1,4298.0063831550815,,0.0002439679950475693,,,243967.99504756927,,,,,,,,,243967.99504756927
efc8908b-b014-4804-ab95-33de26614148,2006,AES-128,encrypt,cuda_optimized_v1,optimized,resident,pinned,ECB,1048576,4,1048576:ECB:4,c110bd496a7c1a04c6f023ec435f06680ad9e4a3f042233c9c7937c1dba8e6a4,2,530,True,1,4307.611439637392,,0.00024342399835586547,,,243423.99835586548,,,,,,,,,243423.99835586548
efc8908b-b014-4804-ab95-33de26614148,2006,AES-128,encrypt,cuda_baseline,baseline,pipeline,pinned,ECB,1048576,4,1048576:ECB:4,c110bd496a7c1a04c6f023ec435f06680ad9e4a3f042233c9c7937c1dba8e6a4,3,531,True,,6243.902541355746,1655.9949463044852,0.00016793599724769593,0.0006332,207000,167935.99724769592,205600,412600,633200,,,,,,
efc8908b-b014-4804-ab95-33de26614148,2006,AES-128,encrypt,cuda_optimized_v1,optimized,pipeline,pinned,ECB,1048576,4,1048576:ECB:4,c110bd496a7c1a04c6f023ec435f06680ad9e4a3f042233c9c7937c1dba8e6a4,4,532,True,,6182.6416910836315,1659.6644507755618,0.0001695999950170517,0.0006318,207500,169599.9950170517,203500,411000,631800,,,,,,
efc8908b-b014-4804-ab95-33de26614148,2006,AES-128,encrypt,cpu_aesni,aesni,transform,bytes,ECB,1048576,4,1048576:ECB:4,c110bd496a7c1a04c6f023ec435f06680ad9e4a3f042233c9c7937c1dba8e6a4,5,533,True,,,,,,,,,,,591600,0.0005916,1772.4408384043272,0,0.0,
efc8908b-b014-4804-ab95-33de26614148,2006,AES-128,encrypt,cuda_baseline,baseline,resident,pinned,CTR,1048576,4,1048576:CTR:4,fa0d40d87ef1d2ece8b48046ebb8bfa13886f8f2d3116dc7665cc75be676d803,0,534,True,1,4317.828543108707,,0.0002428479939699173,,,242847.9939699173,,,,,,,,,242847.9939699173
efc8908b-b014-4804-ab95-33de26614148,2006,AES-128,encrypt,cuda_baseline,baseline,pipeline,pinned,CTR,1048576,4,1048576:CTR:4,fa0d40d87ef1d2ece8b48046ebb8bfa13886f8f2d3116dc7665cc75be676d803,1,535,True,,4338.982919669299,1300.3174603174602,0.00024166400730609895,0.0008064,240000,241664.00730609894,237500,477500,806400,,,,,,
efc8908b-b014-4804-ab95-33de26614148,2006,AES-128,encrypt,cuda_optimized_v1,optimized,resident,pinned,CTR,1048576,4,1048576:CTR:4,fa0d40d87ef1d2ece8b48046ebb8bfa13886f8f2d3116dc7665cc75be676d803,2,536,True,1,6020.209698815947,,0.00017417599260807038,,,174175.99260807037,,,,,,,,,174175.99260807037
efc8908b-b014-4804-ab95-33de26614148,2006,AES-128,encrypt,cuda_optimized_v1,optimized,pipeline,pinned,CTR,1048576,4,1048576:CTR:4,fa0d40d87ef1d2ece8b48046ebb8bfa13886f8f2d3116dc7665cc75be676d803,3,537,True,,6058.051422958453,1638.9121600500157,0.00017308799922466277,0.0006398,207000,173087.99922466278,203700,410700,639800,,,,,,
efc8908b-b014-4804-ab95-33de26614148,2006,AES-128,encrypt,cpu_software,software,transform,bytes,CTR,1048576,4,1048576:CTR:4,fa0d40d87ef1d2ece8b48046ebb8bfa13886f8f2d3116dc7665cc75be676d803,4,538,True,,,,,,,,,,,3993700,0.0039937,262.55752810676813,15625000,3.912412048977139,
efc8908b-b014-4804-ab95-33de26614148,2006,AES-128,encrypt,cpu_aesni,aesni,transform,bytes,CTR,1048576,4,1048576:CTR:4,fa0d40d87ef1d2ece8b48046ebb8bfa13886f8f2d3116dc7665cc75be676d803,5,539,True,,,,,,,,,,,729700,0.0007297,1436.9960257640125,0,0.0,
efc8908b-b014-4804-ab95-33de26614148,2006,AES-128,encrypt,cuda_optimized_v1,optimized,pipeline,pinned,ECB,1048576,5,1048576:ECB:5,95ff44b79f6fdfff2f6668bb219d152c1993c88c927c7b76b101085b452a8340,0,540,True,,4443.721300491098,1176.0610139075818,0.0002359679937362671,0.0008916,248600,235967.9937362671,314200,562800,891600,,,,,,
efc8908b-b014-4804-ab95-33de26614148,2006,AES-128,encrypt,cuda_optimized_v1,optimized,resident,pinned,ECB,1048576,5,1048576:ECB:5,95ff44b79f6fdfff2f6668bb219d152c1993c88c927c7b76b101085b452a8340,1,541,True,1,4396.029008540892,,0.00023852799832820893,,,238527.99832820892,,,,,,,,,238527.99832820892
efc8908b-b014-4804-ab95-33de26614148,2006,AES-128,encrypt,cpu_software,software,transform,bytes,ECB,1048576,5,1048576:ECB:5,95ff44b79f6fdfff2f6668bb219d152c1993c88c927c7b76b101085b452a8340,2,542,True,,,,,,,,,,,3748100,0.0037481,279.76201275312826,0,0.0,
efc8908b-b014-4804-ab95-33de26614148,2006,AES-128,encrypt,cpu_aesni,aesni,transform,bytes,ECB,1048576,5,1048576:ECB:5,95ff44b79f6fdfff2f6668bb219d152c1993c88c927c7b76b101085b452a8340,3,543,True,,,,,,,,,,,577900,0.0005779,1814.4592490050181,0,0.0,
efc8908b-b014-4804-ab95-33de26614148,2006,AES-128,encrypt,cuda_baseline,baseline,pipeline,pinned,ECB,1048576,5,1048576:ECB:5,95ff44b79f6fdfff2f6668bb219d152c1993c88c927c7b76b101085b452a8340,4,544,True,,5097.697532253383,1314.993729621269,0.0002056960016489029,0.0007974,248800,205696.0016489029,243400,492200,797400,,,,,,
efc8908b-b014-4804-ab95-33de26614148,2006,AES-128,encrypt,cuda_baseline,baseline,resident,pinned,ECB,1048576,5,1048576:ECB:5,95ff44b79f6fdfff2f6668bb219d152c1993c88c927c7b76b101085b452a8340,5,545,True,1,4343.584209025125,,0.00024140800535678864,,,241408.00535678864,,,,,,,,,241408.00535678864
efc8908b-b014-4804-ab95-33de26614148,2006,AES-128,encrypt,cuda_baseline,baseline,resident,pinned,CTR,1048576,5,1048576:CTR:5,00eb6d47dd343879bf105ed8aa32bff304f859ec1a2edca78eba526e72da81e5,0,546,True,1,4101.126491072766,,0.00025567999482154847,,,255679.99482154846,,,,,,,,,255679.99482154846
efc8908b-b014-4804-ab95-33de26614148,2006,AES-128,encrypt,cpu_aesni,aesni,transform,bytes,CTR,1048576,5,1048576:CTR:5,00eb6d47dd343879bf105ed8aa32bff304f859ec1a2edca78eba526e72da81e5,1,547,True,,,,,,,,,,,722500,0.0007225,1451.3162629757785,0,0.0,
efc8908b-b014-4804-ab95-33de26614148,2006,AES-128,encrypt,cuda_optimized_v1,optimized,pipeline,pinned,CTR,1048576,5,1048576:CTR:5,00eb6d47dd343879bf105ed8aa32bff304f859ec1a2edca78eba526e72da81e5,2,548,True,,4244.009906304074,1264.8685162846803,0.0002470719963312149,0.000829,246900,247071.9963312149,240900,487800,829000,,,,,,
efc8908b-b014-4804-ab95-33de26614148,2006,AES-128,encrypt,cpu_software,software,transform,bytes,CTR,1048576,5,1048576:CTR:5,00eb6d47dd343879bf105ed8aa32bff304f859ec1a2edca78eba526e72da81e5,3,549,True,,,,,,,,,,,3969300,0.0039693,264.17151638828005,0,0.0,
efc8908b-b014-4804-ab95-33de26614148,2006,AES-128,encrypt,cuda_optimized_v1,optimized,resident,pinned,CTR,1048576,5,1048576:CTR:5,00eb6d47dd343879bf105ed8aa32bff304f859ec1a2edca78eba526e72da81e5,4,550,True,1,4253.374876416855,,0.0002465279996395111,,,246527.9996395111,,,,,,,,,246527.9996395111
efc8908b-b014-4804-ab95-33de26614148,2006,AES-128,encrypt,cuda_baseline,baseline,pipeline,pinned,CTR,1048576,5,1048576:CTR:5,00eb6d47dd343879bf105ed8aa32bff304f859ec1a2edca78eba526e72da81e5,5,551,True,,4945.366616026577,1331.8633303696176,0.00021203200519084932,0.0007873,242300,212032.0051908493,241100,483400,787300,,,,,,
efc8908b-b014-4804-ab95-33de26614148,2006,AES-128,encrypt,cuda_optimized_v1,optimized,pipeline,pinned,ECB,1048576,6,1048576:ECB:6,369575326031dcea0d3b9a8f23461ef06a8fabb1473f6af09c30d885036cd055,0,552,True,,4305.347535156112,1187.649790463246,0.00024355199933052062,0.0008829,249000,243551.99933052063,293100,542100,882900,,,,,,
efc8908b-b014-4804-ab95-33de26614148,2006,AES-128,encrypt,cuda_baseline,baseline,pipeline,pinned,ECB,1048576,6,1048576:ECB:6,369575326031dcea0d3b9a8f23461ef06a8fabb1473f6af09c30d885036cd055,1,553,True,,4311.578874667267,1277.971968312005,0.00024320000410079956,0.0008205,245600,243200.00410079956,239700,485300,820500,,,,,,
efc8908b-b014-4804-ab95-33de26614148,2006,AES-128,encrypt,cpu_aesni,aesni,transform,bytes,ECB,1048576,6,1048576:ECB:6,369575326031dcea0d3b9a8f23461ef06a8fabb1473f6af09c30d885036cd055,2,554,True,,,,,,,,,,,573500,0.0005735,1828.3801220575415,0,0.0,
efc8908b-b014-4804-ab95-33de26614148,2006,AES-128,encrypt,cuda_optimized_v1,optimized,resident,pinned,ECB,1048576,6,1048576:ECB:6,369575326031dcea0d3b9a8f23461ef06a8fabb1473f6af09c30d885036cd055,3,555,True,1,4989.797513400189,,0.0002101439982652664,,,210143.99826526642,,,,,,,,,210143.99826526642
efc8908b-b014-4804-ab95-33de26614148,2006,AES-128,encrypt,cuda_baseline,baseline,resident,pinned,ECB,1048576,6,1048576:ECB:6,369575326031dcea0d3b9a8f23461ef06a8fabb1473f6af09c30d885036cd055,4,556,True,1,6025.744799259052,,0.00017401599884033203,,,174015.99884033203,,,,,,,,,174015.99884033203
efc8908b-b014-4804-ab95-33de26614148,2006,AES-128,encrypt,cpu_software,software,transform,bytes,ECB,1048576,6,1048576:ECB:6,369575326031dcea0d3b9a8f23461ef06a8fabb1473f6af09c30d885036cd055,5,557,True,,,,,,,,,,,3995900,0.0039959,262.41297329763006,0,0.0,
efc8908b-b014-4804-ab95-33de26614148,2006,AES-128,encrypt,cuda_optimized_v1,optimized,resident,pinned,CTR,1048576,6,1048576:CTR:6,660b7bead70c0b216613debc6cd30dbc065ab9c2385b119b01ce66fa4f4c7b91,0,558,True,1,4338.982919669299,,0.00024166400730609895,,,241664.00730609894,,,,,,,,,241664.00730609894
efc8908b-b014-4804-ab95-33de26614148,2006,AES-128,encrypt,cuda_optimized_v1,optimized,pipeline,pinned,CTR,1048576,6,1048576:CTR:6,660b7bead70c0b216613debc6cd30dbc065ab9c2385b119b01ce66fa4f4c7b91,1,559,True,,5119.200061986129,1280.9381871487906,0.0002048320025205612,0.0008186,242700,204832.00252056122,281000,523700,818600,,,,,,
efc8908b-b014-4804-ab95-33de26614148,2006,AES-128,encrypt,cuda_baseline,baseline,resident,pinned,CTR,1048576,6,1048576:CTR:6,660b7bead70c0b216613debc6cd30dbc065ab9c2385b119b01ce66fa4f4c7b91,2,560,True,1,5949.164817519956,,0.000176256000995636,,,176256.000995636,,,,,,,,,176256.000995636
efc8908b-b014-4804-ab95-33de26614148,2006,AES-128,encrypt,cpu_aesni,aesni,transform,bytes,CTR,1048576,6,1048576:CTR:6,660b7bead70c0b216613debc6cd30dbc065ab9c2385b119b01ce66fa4f4c7b91,3,561,True,,,,,,,,,,,740700,0.0007407,1415.6554610503579,0,0.0,
efc8908b-b014-4804-ab95-33de26614148,2006,AES-128,encrypt,cuda_baseline,baseline,pipeline,pinned,CTR,1048576,6,1048576:CTR:6,660b7bead70c0b216613debc6cd30dbc065ab9c2385b119b01ce66fa4f4c7b91,4,562,True,,6067.0247207143575,1617.673557543968,0.00017283199727535247,0.0006482,214300,172831.99727535248,204400,418700,648200,,,,,,
efc8908b-b014-4804-ab95-33de26614148,2006,AES-128,encrypt,cpu_software,software,transform,bytes,CTR,1048576,6,1048576:CTR:6,660b7bead70c0b216613debc6cd30dbc065ab9c2385b119b01ce66fa4f4c7b91,5,563,True,,,,,,,,,,,3930300,0.0039303,266.79286568455336,0,0.0,
efc8908b-b014-4804-ab95-33de26614148,2006,AES-128,encrypt,cuda_baseline,baseline,pipeline,pinned,ECB,1048576,7,1048576:ECB:7,afc006b4a4862794a55ff58a7a85386596e167140cb7e9b69970594137e017ab,0,564,True,,6040.184223126687,1389.0263611074315,0.0001736000031232834,0.0007549,218300,173600.0031232834,252400,470700,754900,,,,,,
efc8908b-b014-4804-ab95-33de26614148,2006,AES-128,encrypt,cuda_baseline,baseline,resident,pinned,ECB,1048576,7,1048576:ECB:7,afc006b4a4862794a55ff58a7a85386596e167140cb7e9b69970594137e017ab,1,565,True,1,6064.778905057669,,0.00017289599776268004,,,172895.99776268005,,,,,,,,,172895.99776268005
efc8908b-b014-4804-ab95-33de26614148,2006,AES-128,encrypt,cpu_software,software,transform,bytes,ECB,1048576,7,1048576:ECB:7,afc006b4a4862794a55ff58a7a85386596e167140cb7e9b69970594137e017ab,2,566,True,,,,,,,,,,,3807200,0.0038072,275.41920571548644,0,0.0,
efc8908b-b014-4804-ab95-33de26614148,2006,AES-128,encrypt,cuda_optimized_v1,optimized,pipeline,pinned,ECB,1048576,7,1048576:ECB:7,afc006b4a4862794a55ff58a7a85386596e167140cb7e9b69970594137e017ab,3,567,True,,5914.801647841202,1434.8330596606459,0.000177279993891716,0.0007308,214200,177279.993891716,232600,446800,730800,,,,,,
efc8908b-b014-4804-ab95-33de26614148,2006,AES-128,encrypt,cpu_aesni,aesni,transform,bytes,ECB,1048576,7,1048576:ECB:7,afc006b4a4862794a55ff58a7a85386596e167140cb7e9b69970594137e017ab,4,568,True,,,,,,,,,,,604900,0.0006049,1733.4699950405025,0,0.0,
efc8908b-b014-4804-ab95-33de26614148,2006,AES-128,encrypt,cuda_optimized_v1,optimized,resident,pinned,ECB,1048576,7,1048576:ECB:7,afc006b4a4862794a55ff58a7a85386596e167140cb7e9b69970594137e017ab,5,569,True,1,5907.337198005523,,0.00017750400304794312,,,177504.00304794312,,,,,,,,,177504.00304794312
efc8908b-b014-4804-ab95-33de26614148,2006,AES-128,encrypt,cpu_aesni,aesni,transform,bytes,CTR,1048576,7,1048576:CTR:7,e3a46734b5a0a9f23d70d441fe2f137ca7f592f49fd955a0f01c728c2f444bb0,0,570,True,,,,,,,,,,,705400,0.0007054,1486.4984406010774,0,0.0,
efc8908b-b014-4804-ab95-33de26614148,2006,AES-128,encrypt,cuda_baseline,baseline,pipeline,pinned,CTR,1048576,7,1048576:CTR:7,e3a46734b5a0a9f23d70d441fe2f137ca7f592f49fd955a0f01c728c2f444bb0,1,571,True,,4988.278306355649,1199.8809932486554,0.000210207998752594,0.0008739,246100,210207.998752594,274800,520900,873900,,,,,,
efc8908b-b014-4804-ab95-33de26614148,2006,AES-128,encrypt,cpu_software,software,transform,bytes,CTR,1048576,7,1048576:CTR:7,e3a46734b5a0a9f23d70d441fe2f137ca7f592f49fd955a0f01c728c2f444bb0,2,572,True,,,,,,,,,,,4184300,0.0041843,250.59771048920967,15625000,3.7341968788088806,
efc8908b-b014-4804-ab95-33de26614148,2006,AES-128,encrypt,cuda_optimized_v1,optimized,resident,pinned,CTR,1048576,7,1048576:CTR:7,e3a46734b5a0a9f23d70d441fe2f137ca7f592f49fd955a0f01c728c2f444bb0,3,573,True,1,4341.857716299052,,0.0002415039986371994,,,241503.9986371994,,,,,,,,,241503.9986371994
efc8908b-b014-4804-ab95-33de26614148,2006,AES-128,encrypt,cuda_optimized_v1,optimized,pipeline,pinned,CTR,1048576,7,1048576:CTR:7,e3a46734b5a0a9f23d70d441fe2f137ca7f592f49fd955a0f01c728c2f444bb0,4,574,True,,5028.852218331119,1365.6889815056004,0.00020851199328899384,0.0007678,237700,208511.99328899384,235500,473200,767800,,,,,,
efc8908b-b014-4804-ab95-33de26614148,2006,AES-128,encrypt,cuda_baseline,baseline,resident,pinned,CTR,1048576,7,1048576:CTR:7,e3a46734b5a0a9f23d70d441fe2f137ca7f592f49fd955a0f01c728c2f444bb0,5,575,True,1,5986.116434693554,,0.0001751679927110672,,,175167.9927110672,,,,,,,,,175167.9927110672
efc8908b-b014-4804-ab95-33de26614148,2006,AES-128,encrypt,cpu_aesni,aesni,transform,bytes,CTR,1048576,8,1048576:CTR:8,320e187f10d80c3c0c40452975abae03ec9f90fe7407b377798c9da7e85c753a,0,576,True,,,,,,,,,,,853600,0.0008536,1228.4161199625116,15625000,18.304826616682288,
efc8908b-b014-4804-ab95-33de26614148,2006,AES-128,encrypt,cuda_optimized_v1,optimized,resident,pinned,CTR,1048576,8,1048576:CTR:8,320e187f10d80c3c0c40452975abae03ec9f90fe7407b377798c9da7e85c753a,1,577,True,1,4347.618484304551,,0.00024118399620056153,,,241183.99620056152,,,,,,,,,241183.99620056152
efc8908b-b014-4804-ab95-33de26614148,2006,AES-128,encrypt,cpu_software,software,transform,bytes,CTR,1048576,8,1048576:CTR:8,320e187f10d80c3c0c40452975abae03ec9f90fe7407b377798c9da7e85c753a,2,578,True,,,,,,,,,,,4035000,0.004035,259.87013630731104,0,0.0,
efc8908b-b014-4804-ab95-33de26614148,2006,AES-128,encrypt,cuda_baseline,baseline,pipeline,pinned,CTR,1048576,8,1048576:CTR:8,320e187f10d80c3c0c40452975abae03ec9f90fe7407b377798c9da7e85c753a,3,579,True,,4236.32838191185,1253.977517340349,0.00024751999974250794,0.0008362,248800,247519.99974250793,243600,492400,836200,,,,,,
efc8908b-b014-4804-ab95-33de26614148,2006,AES-128,encrypt,cuda_baseline,baseline,resident,pinned,CTR,1048576,8,1048576:CTR:8,320e187f10d80c3c0c40452975abae03ec9f90fe7407b377798c9da7e85c753a,4,580,True,1,4344.160190550354,,0.00024137599766254424,,,241375.99766254425,,,,,,,,,241375.99766254425
efc8908b-b014-4804-ab95-33de26614148,2006,AES-128,encrypt,cuda_optimized_v1,optimized,pipeline,pinned,CTR,1048576,8,1048576:CTR:8,320e187f10d80c3c0c40452975abae03ec9f90fe7407b377798c9da7e85c753a,5,581,True,,6059.171372445666,1567.846889952153,0.0001730560064315796,0.0006688,240900,173056.0064315796,201900,442800,668800,,,,,,
efc8908b-b014-4804-ab95-33de26614148,2006,AES-128,encrypt,cpu_software,software,transform,bytes,ECB,1048576,8,1048576:ECB:8,32301b3fe31d565c267af7e599094ddc0f073b27670a7773e60e276963a2fde6,0,582,True,,,,,,,,,,,3663700,0.0036637,286.20684007970084,0,0.0,
efc8908b-b014-4804-ab95-33de26614148,2006,AES-128,encrypt,cuda_optimized_v1,optimized,resident,pinned,ECB,1048576,8,1048576:ECB:8,32301b3fe31d565c267af7e599094ddc0f073b27670a7773e60e276963a2fde6,1,583,True,1,4379.57755881488,,0.00023942400515079498,,,239424.00515079498,,,,,,,,,239424.00515079498
efc8908b-b014-4804-ab95-33de26614148,2006,AES-128,encrypt,cuda_optimized_v1,optimized,pipeline,pinned,ECB,1048576,8,1048576:ECB:8,32301b3fe31d565c267af7e599094ddc0f073b27670a7773e60e276963a2fde6,2,584,True,,5274.951872994703,1383.1631710856088,0.0001987839937210083,0.0007581,239000,198783.9937210083,235700,474700,758100,,,,,,
efc8908b-b014-4804-ab95-33de26614148,2006,AES-128,encrypt,cuda_baseline,baseline,pipeline,pinned,ECB,1048576,8,1048576:ECB:8,32301b3fe31d565c267af7e599094ddc0f073b27670a7773e60e276963a2fde6,3,585,True,,6153.615252498961,1665.4637865311308,0.0001703999936580658,0.0006296,205700,170399.9936580658,201100,406800,629600,,,,,,
efc8908b-b014-4804-ab95-33de26614148,2006,AES-128,encrypt,cuda_baseline,baseline,resident,pinned,ECB,1048576,8,1048576:ECB:8,32301b3fe31d565c267af7e599094ddc0f073b27670a7773e60e276963a2fde6,4,586,True,1,6134.032009258134,,0.0001709440052509308,,,170944.0052509308,,,,,,,,,170944.0052509308
efc8908b-b014-4804-ab95-33de26614148,2006,AES-128,encrypt,cpu_aesni,aesni,transform,bytes,ECB,1048576,8,1048576:ECB:8,32301b3fe31d565c267af7e599094ddc0f073b27670a7773e60e276963a2fde6,5,587,True,,,,,,,,,,,610300,0.0006103,1718.1320661969523,15625000,25.60216287071932,
efc8908b-b014-4804-ab95-33de26614148,2006,AES-128,encrypt,cpu_software,software,transform,bytes,CTR,1048576,9,1048576:CTR:9,52028e18709d20e296c8966eb4a3b737aadc42a341d8a12001d35ad16fad7e7e,0,588,True,,,,,,,,,,,3940800,0.0039408,266.0820138043037,0,0.0,
efc8908b-b014-4804-ab95-33de26614148,2006,AES-128,encrypt,cpu_aesni,aesni,transform,bytes,CTR,1048576,9,1048576:CTR:9,52028e18709d20e296c8966eb4a3b737aadc42a341d8a12001d35ad16fad7e7e,1,589,True,,,,,,,,,,,754600,0.0007546,1389.5785846806255,0,0.0,
efc8908b-b014-4804-ab95-33de26614148,2006,AES-128,encrypt,cuda_baseline,baseline,resident,pinned,CTR,1048576,9,1048576:CTR:9,52028e18709d20e296c8966eb4a3b737aadc42a341d8a12001d35ad16fad7e7e,2,590,True,1,4148.89841907841,,0.0002527360022068024,,,252736.00220680237,,,,,,,,,252736.00220680237
efc8908b-b014-4804-ab95-33de26614148,2006,AES-128,encrypt,cuda_optimized_v1,optimized,pipeline,pinned,CTR,1048576,9,1048576:CTR:9,52028e18709d20e296c8966eb4a3b737aadc42a341d8a12001d35ad16fad7e7e,3,591,True,,4843.7545789278665,1297.5819824279174,0.00021648000180721284,0.0008081,244300,216480.00180721283,247300,491600,808100,,,,,,
efc8908b-b014-4804-ab95-33de26614148,2006,AES-128,encrypt,cuda_optimized_v1,optimized,resident,pinned,CTR,1048576,9,1048576:CTR:9,52028e18709d20e296c8966eb4a3b737aadc42a341d8a12001d35ad16fad7e7e,4,592,True,1,5754.829594276373,,0.00018220800161361696,,,182208.00161361694,,,,,,,,,182208.00161361694
efc8908b-b014-4804-ab95-33de26614148,2006,AES-128,encrypt,cuda_baseline,baseline,pipeline,pinned,CTR,1048576,9,1048576:CTR:9,52028e18709d20e296c8966eb4a3b737aadc42a341d8a12001d35ad16fad7e7e,5,593,True,,5736.694489574184,1569.254714157438,0.00018278400599956512,0.0006682,209300,182784.00599956512,211100,420400,668200,,,,,,
efc8908b-b014-4804-ab95-33de26614148,2006,AES-128,encrypt,cpu_software,software,transform,bytes,ECB,1048576,9,1048576:ECB:9,b6c9cfacb8107538dbbdc9ba78de30c4ce39f5649dc74017fb9ddc64c555be03,0,594,True,,,,,,,,,,,3834000,0.003834,273.4940010432968,15625000,4.075378195096505,
efc8908b-b014-4804-ab95-33de26614148,2006,AES-128,encrypt,cuda_optimized_v1,optimized,pipeline,pinned,ECB,1048576,9,1048576:ECB:9,b6c9cfacb8107538dbbdc9ba78de30c4ce39f5649dc74017fb9ddc64c555be03,1,595,True,,4763.4830691041625,1384.4415104304198,0.00022012799978256227,0.0007574,210900,220127.99978256226,251600,462500,757400,,,,,,
efc8908b-b014-4804-ab95-33de26614148,2006,AES-128,encrypt,cuda_baseline,baseline,resident,pinned,ECB,1048576,9,1048576:ECB:9,b6c9cfacb8107538dbbdc9ba78de30c4ce39f5649dc74017fb9ddc64c555be03,2,596,True,1,6096.371885985675,,0.0001720000058412552,,,172000.0058412552,,,,,,,,,172000.0058412552
efc8908b-b014-4804-ab95-33de26614148,2006,AES-128,encrypt,cuda_baseline,baseline,pipeline,pinned,ECB,1048576,9,1048576:ECB:9,b6c9cfacb8107538dbbdc9ba78de30c4ce39f5649dc74017fb9ddc64c555be03,3,597,True,,6040.184223126687,1638.656040006251,0.0001736000031232834,0.0006399,209400,173600.0031232834,201300,410700,639900,,,,,,
efc8908b-b014-4804-ab95-33de26614148,2006,AES-128,encrypt,cuda_optimized_v1,optimized,resident,pinned,ECB,1048576,9,1048576:ECB:9,b6c9cfacb8107538dbbdc9ba78de30c4ce39f5649dc74017fb9ddc64c555be03,4,598,True,1,6063.656359358146,,0.00017292800545692444,,,172928.00545692444,,,,,,,,,172928.00545692444
efc8908b-b014-4804-ab95-33de26614148,2006,AES-128,encrypt,cpu_aesni,aesni,transform,bytes,ECB,1048576,9,1048576:ECB:9,b6c9cfacb8107538dbbdc9ba78de30c4ce39f5649dc74017fb9ddc64c555be03,5,599,True,,,,,,,,,,,597200,0.0005972,1755.8204956463496,0,0.0,
efc8908b-b014-4804-ab95-33de26614148,2006,AES-128,encrypt,cpu_aesni,aesni,transform,bytes,ECB,1048576,10,1048576:ECB:10,0ab2ef4bf1bb0f7169fa99012894e806876be07f184445490af624473c45202c,0,600,True,,,,,,,,,,,669000,0.000669,1567.3781763826607,0,0.0,
efc8908b-b014-4804-ab95-33de26614148,2006,AES-128,encrypt,cpu_software,software,transform,bytes,ECB,1048576,10,1048576:ECB:10,0ab2ef4bf1bb0f7169fa99012894e806876be07f184445490af624473c45202c,1,601,True,,,,,,,,,,,3748900,0.0037489,279.7023126783857,0,0.0,
efc8908b-b014-4804-ab95-33de26614148,2006,AES-128,encrypt,cuda_optimized_v1,optimized,resident,pinned,ECB,1048576,10,1048576:ECB:10,0ab2ef4bf1bb0f7169fa99012894e806876be07f184445490af624473c45202c,2,602,True,1,5059.132164523585,,0.0002072640061378479,,,207264.0061378479,,,,,,,,,207264.0061378479
efc8908b-b014-4804-ab95-33de26614148,2006,AES-128,encrypt,cuda_baseline,baseline,resident,pinned,ECB,1048576,10,1048576:ECB:10,0ab2ef4bf1bb0f7169fa99012894e806876be07f184445490af624473c45202c,3,603,True,1,5085.829635446689,,0.0002061759978532791,,,206175.9978532791,,,,,,,,,206175.9978532791
efc8908b-b014-4804-ab95-33de26614148,2006,AES-128,encrypt,cuda_baseline,baseline,pipeline,pinned,ECB,1048576,10,1048576:ECB:10,0ab2ef4bf1bb0f7169fa99012894e806876be07f184445490af624473c45202c,4,604,True,,6001.465057167085,1631.77093059446,0.00017472000420093537,0.0006426,208900,174720.00420093536,205200,414100,642600,,,,,,
efc8908b-b014-4804-ab95-33de26614148,2006,AES-128,encrypt,cuda_optimized_v1,optimized,pipeline,pinned,ECB,1048576,10,1048576:ECB:10,0ab2ef4bf1bb0f7169fa99012894e806876be07f184445490af624473c45202c,5,605,True,,5945.926522150049,1631.0094882563385,0.00017635199427604674,0.0006429,209700,176351.99427604675,204400,414100,642900,,,,,,
efc8908b-b014-4804-ab95-33de26614148,2006,AES-128,encrypt,cpu_aesni,aesni,transform,bytes,CTR,1048576,10,1048576:CTR:10,da95dc7bb7184916907ddbcb5fc2cd269015824037d2c5daf1e4ff90bbb5bc28,0,606,True,,,,,,,,,,,711600,0.0007116,1473.5469364811693,0,0.0,
efc8908b-b014-4804-ab95-33de26614148,2006,AES-128,encrypt,cpu_software,software,transform,bytes,CTR,1048576,10,1048576:CTR:10,da95dc7bb7184916907ddbcb5fc2cd269015824037d2c5daf1e4ff90bbb5bc28,1,607,True,,,,,,,,,,,4050600,0.0040506,258.8693033130894,0,0.0,
efc8908b-b014-4804-ab95-33de26614148,2006,AES-128,encrypt,cuda_baseline,baseline,resident,pinned,CTR,1048576,10,1048576:CTR:10,da95dc7bb7184916907ddbcb5fc2cd269015824037d2c5daf1e4ff90bbb5bc28,2,608,True,1,4964.096195112426,,0.00021123200654983522,,,211232.0065498352,,,,,,,,,211232.0065498352
efc8908b-b014-4804-ab95-33de26614148,2006,AES-128,encrypt,cuda_baseline,baseline,pipeline,pinned,CTR,1048576,10,1048576:CTR:10,da95dc7bb7184916907ddbcb5fc2cd269015824037d2c5daf1e4ff90bbb5bc28,3,609,True,,5074.802508820592,1346.7454405342924,0.00020662400126457214,0.0007786,242700,206624.00126457214,237900,480600,778600,,,,,,
efc8908b-b014-4804-ab95-33de26614148,2006,AES-128,encrypt,cuda_optimized_v1,optimized,pipeline,pinned,CTR,1048576,10,1048576:CTR:10,da95dc7bb7184916907ddbcb5fc2cd269015824037d2c5daf1e4ff90bbb5bc28,4,610,True,,5967.58317198556,1641.9918571875978,0.0001757120043039322,0.0006386,207800,175712.0043039322,202900,410700,638600,,,,,,
efc8908b-b014-4804-ab95-33de26614148,2006,AES-128,encrypt,cuda_optimized_v1,optimized,resident,pinned,CTR,1048576,10,1048576:CTR:10,da95dc7bb7184916907ddbcb5fc2cd269015824037d2c5daf1e4ff90bbb5bc28,5,611,True,1,6054.693015275789,,0.00017318400740623475,,,173184.00740623474,,,,,,,,,173184.00740623474
efc8908b-b014-4804-ab95-33de26614148,2006,AES-128,encrypt,cuda_baseline,baseline,resident,pinned,ECB,1048576,11,1048576:ECB:11,7d90bed76196dc99caf57286e277f162b11464b73d1cce9fd6cec39c688c0f1f,0,612,True,1,5298.835656857936,,0.00019788800179958345,,,197888.00179958344,,,,,,,,,197888.00179958344
efc8908b-b014-4804-ab95-33de26614148,2006,AES-128,encrypt,cpu_aesni,aesni,transform,bytes,ECB,1048576,11,1048576:ECB:11,7d90bed76196dc99caf57286e277f162b11464b73d1cce9fd6cec39c688c0f1f,1,613,True,,,,,,,,,,,656400,0.0006564,1597.4649603900061,0,0.0,
efc8908b-b014-4804-ab95-33de26614148,2006,AES-128,encrypt,cuda_optimized_v1,optimized,pipeline,pinned,ECB,1048576,11,1048576:ECB:11,7d90bed76196dc99caf57286e277f162b11464b73d1cce9fd6cec39c688c0f1f,2,614,True,,4116.065657575831,956.0320933625092,0.0002547520101070404,0.0010968,436100,254752.0101070404,284600,720700,1096800,,,,,,
efc8908b-b014-4804-ab95-33de26614148,2006,AES-128,encrypt,cuda_baseline,baseline,pipeline,pinned,ECB,1048576,11,1048576:ECB:11,7d90bed76196dc99caf57286e277f162b11464b73d1cce9fd6cec39c688c0f1f,3,615,True,,3453.2617283274394,1175.138406365572,0.0003036479949951172,0.0008923,243400,303647.9949951172,242400,485800,892300,,,,,,
efc8908b-b014-4804-ab95-33de26614148,2006,AES-128,encrypt,cuda_optimized_v1,optimized,resident,pinned,ECB,1048576,11,1048576:ECB:11,7d90bed76196dc99caf57286e277f162b11464b73d1cce9fd6cec39c688c0f1f,4,616,True,1,6213.120838895236,,0.0001687680035829544,,,168768.0035829544,,,,,,,,,168768.0035829544
efc8908b-b014-4804-ab95-33de26614148,2006,AES-128,encrypt,cpu_software,software,transform,bytes,ECB,1048576,11,1048576:ECB:11,7d90bed76196dc99caf57286e277f162b11464b73d1cce9fd6cec39c688c0f1f,5,617,True,,,,,,,,,,,3829500,0.0038295,273.8153805979893,0,0.0,
efc8908b-b014-4804-ab95-33de26614148,2006,AES-128,encrypt,cpu_aesni,aesni,transform,bytes,CTR,1048576,11,1048576:CTR:11,82871731407172175e6bdd9d0d916db25d34a806b77fa4932ddec82f786de9ce,0,618,True,,,,,,,,,,,715800,0.0007158,1464.9008102822017,0,0.0,
efc8908b-b014-4804-ab95-33de26614148,2006,AES-128,encrypt,cuda_optimized_v1,optimized,resident,pinned,CTR,1048576,11,1048576:CTR:11,82871731407172175e6bdd9d0d916db25d34a806b77fa4932ddec82f786de9ce,1,619,True,1,3902.8110156998187,,0.000268671989440918,,,268671.98944091797,,,,,,,,,268671.98944091797
efc8908b-b014-4804-ab95-33de26614148,2006,AES-128,encrypt,cuda_baseline,baseline,resident,pinned,CTR,1048576,11,1048576:CTR:11,82871731407172175e6bdd9d0d916db25d34a806b77fa4932ddec82f786de9ce,2,620,True,1,4681.142712651471,,0.0002240000069141388,,,224000.0069141388,,,,,,,,,224000.0069141388
efc8908b-b014-4804-ab95-33de26614148,2006,AES-128,encrypt,cuda_optimized_v1,optimized,pipeline,pinned,CTR,1048576,11,1048576:CTR:11,82871731407172175e6bdd9d0d916db25d34a806b77fa4932ddec82f786de9ce,3,621,True,,4534.735630097133,1233.038570084666,0.00023123200237751008,0.0008504,262700,231232.00237751007,258100,520800,850400,,,,,,
efc8908b-b014-4804-ab95-33de26614148,2006,AES-128,encrypt,cuda_baseline,baseline,pipeline,pinned,CTR,1048576,11,1048576:CTR:11,82871731407172175e6bdd9d0d916db25d34a806b77fa4932ddec82f786de9ce,4,622,True,,5863.994090207122,1636.8654386512644,0.0001788160055875778,0.0006406,207600,178816.00558757782,200800,408400,640600,,,,,,
efc8908b-b014-4804-ab95-33de26614148,2006,AES-128,encrypt,cpu_software,software,transform,bytes,CTR,1048576,11,1048576:CTR:11,82871731407172175e6bdd9d0d916db25d34a806b77fa4932ddec82f786de9ce,5,623,True,,,,,,,,,,,4080000,0.00408,257.00392156862745,15625000,3.829656862745098,
efc8908b-b014-4804-ab95-33de26614148,2006,AES-128,encrypt,cuda_baseline,baseline,pipeline,pinned,CTR,1048576,12,1048576:CTR:12,d24522584e0481f2539cb795e608041d08a37407469424cd368d854bf1b6d5d1,0,624,True,,4356.2882212868,1216.445475638051,0.0002407039999961853,0.000862,244700,240703.9999961853,283200,527900,862000,,,,,,
efc8908b-b014-4804-ab95-33de26614148,2006,AES-128,encrypt,cpu_software,software,transform,bytes,CTR,1048576,12,1048576:CTR:12,d24522584e0481f2539cb795e608041d08a37407469424cd368d854bf1b6d5d1,1,625,True,,,,,,,,,,,4172000,0.004172,251.3365292425695,15625000,3.7452061361457334,
efc8908b-b014-4804-ab95-33de26614148,2006,AES-128,encrypt,cuda_optimized_v1,optimized,pipeline,pinned,CTR,1048576,12,1048576:CTR:12,d24522584e0481f2539cb795e608041d08a37407469424cd368d854bf1b6d5d1,2,626,True,,4825.920461325904,1212.9277038750722,0.00021728000044822694,0.0008645,248900,217280.00044822693,294000,542900,864500,,,,,,
efc8908b-b014-4804-ab95-33de26614148,2006,AES-128,encrypt,cuda_optimized_v1,optimized,resident,pinned,CTR,1048576,12,1048576:CTR:12,d24522584e0481f2539cb795e608041d08a37407469424cd368d854bf1b6d5d1,3,627,True,1,4856.677099655796,,0.00021590399742126465,,,215903.99742126465,,,,,,,,,215903.99742126465
efc8908b-b014-4804-ab95-33de26614148,2006,AES-128,encrypt,cpu_aesni,aesni,transform,bytes,CTR,1048576,12,1048576:CTR:12,d24522584e0481f2539cb795e608041d08a37407469424cd368d854bf1b6d5d1,4,628,True,,,,,,,,,,,722800,0.0007228,1450.7138904261205,0,0.0,
efc8908b-b014-4804-ab95-33de26614148,2006,AES-128,encrypt,cuda_baseline,baseline,resident,pinned,CTR,1048576,12,1048576:CTR:12,d24522584e0481f2539cb795e608041d08a37407469424cd368d854bf1b6d5d1,5,629,True,1,4827.342369755231,,0.00021721599996089936,,,217215.99996089935,,,,,,,,,217215.99996089935
efc8908b-b014-4804-ab95-33de26614148,2006,AES-128,encrypt,cuda_baseline,baseline,resident,pinned,ECB,1048576,12,1048576:ECB:12,045fcda27c9a793034429341cf320402ef516c6c497a221039fc5a3b29c2fbfb,0,630,True,1,5100.871714278238,,0.00020556800067424773,,,205568.00067424774,,,,,,,,,205568.00067424774
efc8908b-b014-4804-ab95-33de26614148,2006,AES-128,encrypt,cpu_aesni,aesni,transform,bytes,ECB,1048576,12,1048576:ECB:12,045fcda27c9a793034429341cf320402ef516c6c497a221039fc5a3b29c2fbfb,1,631,True,,,,,,,,,,,513900,0.0005139,2040.4280988519167,0,0.0,
efc8908b-b014-4804-ab95-33de26614148,2006,AES-128,encrypt,cuda_baseline,baseline,pipeline,pinned,ECB,1048576,12,1048576:ECB:12,045fcda27c9a793034429341cf320402ef516c6c497a221039fc5a3b29c2fbfb,2,632,True,,5117.601049346133,1236.0910055404927,0.0002048960030078888,0.0008483,244100,204896.0030078888,263800,507900,848300,,,,,,
efc8908b-b014-4804-ab95-33de26614148,2006,AES-128,encrypt,cuda_optimized_v1,optimized,resident,pinned,ECB,1048576,12,1048576:ECB:12,045fcda27c9a793034429341cf320402ef516c6c497a221039fc5a3b29c2fbfb,3,633,True,1,6020.209698815947,,0.00017417599260807038,,,174175.99260807037,,,,,,,,,174175.99260807037
efc8908b-b014-4804-ab95-33de26614148,2006,AES-128,encrypt,cpu_software,software,transform,bytes,ECB,1048576,12,1048576:ECB:12,045fcda27c9a793034429341cf320402ef516c6c497a221039fc5a3b29c2fbfb,4,634,True,,,,,,,,,,,3628300,0.0036283,288.99925584984703,0,0.0,
efc8908b-b014-4804-ab95-33de26614148,2006,AES-128,encrypt,cuda_optimized_v1,optimized,pipeline,pinned,ECB,1048576,12,1048576:ECB:12,045fcda27c9a793034429341cf320402ef516c6c497a221039fc5a3b29c2fbfb,5,635,True,,5100.07798305993,1237.9881936245572,0.00020559999346733094,0.000847,240600,205599.99346733093,262700,503300,847000,,,,,,
efc8908b-b014-4804-ab95-33de26614148,2006,AES-128,encrypt,cuda_optimized_v1,optimized,resident,pinned,ECB,1048576,13,1048576:ECB:13,0262646593e0ef3e5a0b9fcbbf614a0a2d87bd3e9bf5bf1cba8ed49f015dd5bf,0,636,True,1,4961.090256417155,,0.00021135999262332917,,,211359.99262332916,,,,,,,,,211359.99262332916
efc8908b-b014-4804-ab95-33de26614148,2006,AES-128,encrypt,cpu_aesni,aesni,transform,bytes,ECB,1048576,13,1048576:ECB:13,0262646593e0ef3e5a0b9fcbbf614a0a2d87bd3e9bf5bf1cba8ed49f015dd5bf,1,637,True,,,,,,,,,,,690000,0.00069,1519.6753623188406,0,0.0,
efc8908b-b014-4804-ab95-33de26614148,2006,AES-128,encrypt,cuda_optimized_v1,optimized,pipeline,pinned,ECB,1048576,13,1048576:ECB:13,0262646593e0ef3e5a0b9fcbbf614a0a2d87bd3e9bf5bf1cba8ed49f015dd5bf,2,638,True,,4892.937132852046,1264.8685162846803,0.00021430400013923645,0.000829,251700,214304.00013923645,256900,508600,829000,,,,,,
efc8908b-b014-4804-ab95-33de26614148,2006,AES-128,encrypt,cuda_baseline,baseline,resident,pinned,ECB,1048576,13,1048576:ECB:13,0262646593e0ef3e5a0b9fcbbf614a0a2d87bd3e9bf5bf1cba8ed49f015dd5bf,3,639,True,1,4875.464824848312,,0.00021507200598716735,,,215072.00598716736,,,,,,,,,215072.00598716736
efc8908b-b014-4804-ab95-33de26614148,2006,AES-128,encrypt,cuda_baseline,baseline,pipeline,pinned,ECB,1048576,13,1048576:ECB:13,0262646593e0ef3e5a0b9fcbbf614a0a2d87bd3e9bf5bf1cba8ed49f015dd5bf,4,640,True,,5887.172108918894,1592.6123936816525,0.0001781120002269745,0.0006584,206900,178112.0002269745,213000,419900,658400,,,,,,
efc8908b-b014-4804-ab95-33de26614148,2006,AES-128,encrypt,cpu_software,software,transform,bytes,ECB,1048576,13,1048576:ECB:13,0262646593e0ef3e5a0b9fcbbf614a0a2d87bd3e9bf5bf1cba8ed49f015dd5bf,5,641,True,,,,,,,,,,,4015700,0.0040157,261.11910750305054,0,0.0,
efc8908b-b014-4804-ab95-33de26614148,2006,AES-128,encrypt,cuda_optimized_v1,optimized,pipeline,pinned,CTR,1048576,13,1048576:CTR:13,2a0db57fe0f1869810887bb30570d7d7b4479b2d2a3d504d660beee49067c26a,0,642,True,,4531.600130809158,1188.726901711824,0.0002313919961452484,0.0008821,295300,231391.9961452484,250400,545700,882100,,,,,,
efc8908b-b014-4804-ab95-33de26614148,2006,AES-128,encrypt,cpu_aesni,aesni,transform,bytes,CTR,1048576,13,1048576:CTR:13,2a0db57fe0f1869810887bb30570d7d7b4479b2d2a3d504d660beee49067c26a,1,643,True,,,,,,,,,,,751200,0.0007512,1395.8679446219382,0,0.0,
efc8908b-b014-4804-ab95-33de26614148,2006,AES-128,encrypt,cuda_optimized_v1,optimized,resident,pinned,CTR,1048576,13,1048576:CTR:13,2a0db57fe0f1869810887bb30570d7d7b4479b2d2a3d504d660beee49067c26a,2,644,True,1,2398.8287485807386,,0.0004371199905872345,,,437119.9905872345,,,,,,,,,437119.9905872345
efc8908b-b014-4804-ab95-33de26614148,2006,AES-128,encrypt,cuda_baseline,baseline,pipeline,pinned,CTR,1048576,13,1048576:CTR:13,2a0db57fe0f1869810887bb30570d7d7b4479b2d2a3d504d660beee49067c26a,3,645,True,,3991.7162427156545,1234.0543721313404,0.000262688010931015,0.0008497,208500,262688.010931015,322200,530700,849700,,,,,,
efc8908b-b014-4804-ab95-33de26614148,2006,AES-128,encrypt,cpu_software,software,transform,bytes,CTR,1048576,13,1048576:CTR:13,2a0db57fe0f1869810887bb30570d7d7b4479b2d2a3d504d660beee49067c26a,4,646,True,,,,,,,,,,,4038500,0.0040385,259.6449176674508,0,0.0,
efc8908b-b014-4804-ab95-33de26614148,2006,AES-128,encrypt,cuda_baseline,baseline,resident,pinned,CTR,1048576,13,1048576:CTR:13,2a0db57fe0f1869810887bb30570d7d7b4479b2d2a3d504d660beee49067c26a,5,647,True,1,5725.6683173243655,,0.0001831360012292862,,,183136.0012292862,,,,,,,,,183136.0012292862
efc8908b-b014-4804-ab95-33de26614148,2006,AES-128,encrypt,cuda_optimized_v1,optimized,pipeline,pinned,CTR,1048576,14,1048576:CTR:14,9aa5085e587729c8a72fc5929ccbaf7b78d5ad4a8ef35808d9afda2a19b055d7,0,648,True,,4362.087371228815,1066.9271469271469,0.00024038399755954744,0.0009828,257600,240383.99755954742,391600,649200,982800,,,,,,
efc8908b-b014-4804-ab95-33de26614148,2006,AES-128,encrypt,cpu_software,software,transform,bytes,CTR,1048576,14,1048576:CTR:14,9aa5085e587729c8a72fc5929ccbaf7b78d5ad4a8ef35808d9afda2a19b055d7,1,649,True,,,,,,,,,,,3944700,0.0039447,265.81894694146575,0,0.0,
efc8908b-b014-4804-ab95-33de26614148,2006,AES-128,encrypt,cuda_optimized_v1,optimized,resident,pinned,CTR,1048576,14,1048576:CTR:14,9aa5085e587729c8a72fc5929ccbaf7b78d5ad4a8ef35808d9afda2a19b055d7,2,650,True,1,4329.237608553648,,0.00024220800399780274,,,242208.00399780273,,,,,,,,,242208.00399780273
efc8908b-b014-4804-ab95-33de26614148,2006,AES-128,encrypt,cuda_baseline,baseline,resident,pinned,CTR,1048576,14,1048576:CTR:14,9aa5085e587729c8a72fc5929ccbaf7b78d5ad4a8ef35808d9afda2a19b055d7,3,651,True,1,4305.347535156112,,0.00024355199933052062,,,243551.99933052063,,,,,,,,,243551.99933052063
efc8908b-b014-4804-ab95-33de26614148,2006,AES-128,encrypt,cuda_baseline,baseline,pipeline,pinned,CTR,1048576,14,1048576:CTR:14,9aa5085e587729c8a72fc5929ccbaf7b78d5ad4a8ef35808d9afda2a19b055d7,4,652,True,,6011.374247372166,1566.9097429766887,0.0001744319945573807,0.0006692,236700,174431.99455738068,202300,439000,669200,,,,,,
efc8908b-b014-4804-ab95-33de26614148,2006,AES-128,encrypt,cpu_aesni,aesni,transform,bytes,CTR,1048576,14,1048576:CTR:14,9aa5085e587729c8a72fc5929ccbaf7b78d5ad4a8ef35808d9afda2a19b055d7,5,653,True,,,,,,,,,,,851100,0.0008511,1232.0244389613442,0,0.0,
efc8908b-b014-4804-ab95-33de26614148,2006,AES-128,encrypt,cuda_baseline,baseline,pipeline,pinned,ECB,1048576,14,1048576:ECB:14,e095016041839a46c209e84ef3fdc25d3a7dbdbbed811aaeabd043e81e0525c0,0,654,True,,5144.920842891844,1363.2033281331253,0.00020380799472332,0.0007692,213100,203807.99472332,286700,499800,769200,,,,,,
efc8908b-b014-4804-ab95-33de26614148,2006,AES-128,encrypt,cpu_aesni,aesni,transform,bytes,ECB,1048576,14,1048576:ECB:14,e095016041839a46c209e84ef3fdc25d3a7dbdbbed811aaeabd043e81e0525c0,1,655,True,,,,,,,,,,,517100,0.0005171,2027.8011989943918,0,0.0,
efc8908b-b014-4804-ab95-33de26614148,2006,AES-128,encrypt,cuda_optimized_v1,optimized,pipeline,pinned,ECB,1048576,14,1048576:ECB:14,e095016041839a46c209e84ef3fdc25d3a7dbdbbed811aaeabd043e81e0525c0,2,656,True,,4432.900468090642,1290.237480004922,0.00023654399812221528,0.0008127,246400,236543.99812221527,241000,487400,812700,,,,,,
efc8908b-b014-4804-ab95-33de26614148,2006,AES-128,encrypt,cuda_baseline,baseline,resident,pinned,ECB,1048576,14,1048576:ECB:14,e095016041839a46c209e84ef3fdc25d3a7dbdbbed811aaeabd043e81e0525c0,3,657,True,1,4393.671238363947,,0.0002386559993028641,,,238655.99930286407,,,,,,,,,238655.99930286407
efc8908b-b014-4804-ab95-33de26614148,2006,AES-128,encrypt,cpu_software,software,transform,bytes,ECB,1048576,14,1048576:ECB:14,e095016041839a46c209e84ef3fdc25d3a7dbdbbed811aaeabd043e81e0525c0,4,658,True,,,,,,,,,,,3708000,0.003708,282.78748651564183,15625000,4.2138619201726,
efc8908b-b014-4804-ab95-33de26614148,2006,AES-128,encrypt,cuda_optimized_v1,optimized,resident,pinned,ECB,1048576,14,1048576:ECB:14,e095016041839a46c209e84ef3fdc25d3a7dbdbbed811aaeabd043e81e0525c0,5,659,True,1,4212.908155745678,,0.0002488960027694702,,,248896.00276947021,,,,,,,,,248896.00276947021
efc8908b-b014-4804-ab95-33de26614148,2006,AES-128,encrypt,cuda_baseline,baseline,pipeline,pinned,ECB,1048576,15,1048576:ECB:15,b506843c5d1d2242bae785b1e7e12a685cd7ba20ee40788df5092ace3470641e,0,660,True,,4462.4813955953505,1216.0222660327033,0.00023497599363327026,0.0008623,248900,234975.99363327026,285800,534700,862300,,,,,,
efc8908b-b014-4804-ab95-33de26614148,2006,AES-128,encrypt,cuda_optimized_v1,optimized,pipeline,pinned,ECB,1048576,15,1048576:ECB:15,b506843c5d1d2242bae785b1e7e12a685cd7ba20ee40788df5092ace3470641e,1,661,True,,4266.111157650807,1296.7796190947317,0.0002457920014858246,0.0008086,242200,245792.00148582458,239900,482100,808600,,,,,,
efc8908b-b014-4804-ab95-33de26614148,2006,AES-128,encrypt,cpu_software,software,transform,bytes,ECB,1048576,15,1048576:ECB:15,b506843c5d1d2242bae785b1e7e12a685cd7ba20ee40788df5092ace3470641e,2,662,True,,,,,,,,,,,3676700,0.0036767,285.1948758397476,0,0.0,
efc8908b-b014-4804-ab95-33de26614148,2006,AES-128,encrypt,cuda_baseline,baseline,resident,pinned,ECB,1048576,15,1048576:ECB:15,b506843c5d1d2242bae785b1e7e12a685cd7ba20ee40788df5092ace3470641e,3,663,True,1,4373.732114206356,,0.00023974399268627167,,,239743.99268627167,,,,,,,,,239743.99268627167
efc8908b-b014-4804-ab95-33de26614148,2006,AES-128,encrypt,cpu_aesni,aesni,transform,bytes,ECB,1048576,15,1048576:ECB:15,b506843c5d1d2242bae785b1e7e12a685cd7ba20ee40788df5092ace3470641e,4,664,True,,,,,,,,,,,554700,0.0005547,1890.3479358211646,0,0.0,
efc8908b-b014-4804-ab95-33de26614148,2006,AES-128,encrypt,cuda_optimized_v1,optimized,resident,pinned,ECB,1048576,15,1048576:ECB:15,b506843c5d1d2242bae785b1e7e12a685cd7ba20ee40788df5092ace3470641e,5,665,True,1,4403.117526520325,,0.00023814399540424347,,,238143.99540424347,,,,,,,,,238143.99540424347
efc8908b-b014-4804-ab95-33de26614148,2006,AES-128,encrypt,cuda_baseline,baseline,resident,pinned,CTR,1048576,15,1048576:CTR:15,ed5aa4cef71f055474fc85eabbb88eaf518f9a4801607ee0e1b0fdcd3480f994,0,666,True,1,4334.964914474489,,0.00024188800156116485,,,241888.00156116486,,,,,,,,,241888.00156116486
efc8908b-b014-4804-ab95-33de26614148,2006,AES-128,encrypt,cpu_software,software,transform,bytes,CTR,1048576,15,1048576:CTR:15,ed5aa4cef71f055474fc85eabbb88eaf518f9a4801607ee0e1b0fdcd3480f994,1,667,True,,,,,,,,,,,3949300,0.0039493,265.50933076747776,0,0.0,
efc8908b-b014-4804-ab95-33de26614148,2006,AES-128,encrypt,cuda_baseline,baseline,pipeline,pinned,CTR,1048576,15,1048576:CTR:15,ed5aa4cef71f055474fc85eabbb88eaf518f9a4801607ee0e1b0fdcd3480f994,2,668,True,,4246.759935173383,1235.799646434885,0.00024691200256347657,0.0008485,258400,246912.00256347656,240900,499300,848500,,,,,,
efc8908b-b014-4804-ab95-33de26614148,2006,AES-128,encrypt,cuda_optimized_v1,optimized,pipeline,pinned,CTR,1048576,15,1048576:CTR:15,ed5aa4cef71f055474fc85eabbb88eaf518f9a4801607ee0e1b0fdcd3480f994,3,669,True,,4892.937132852046,1406.540576794098,0.00021430400013923645,0.0007455,243600,214304.00013923645,202400,446000,745500,,,,,,
efc8908b-b014-4804-ab95-33de26614148,2006,AES-128,encrypt,cpu_aesni,aesni,transform,bytes,CTR,1048576,15,1048576:CTR:15,ed5aa4cef71f055474fc85eabbb88eaf518f9a4801607ee0e1b0fdcd3480f994,4,670,True,,,,,,,,,,,687400,0.0006874,1525.4233343031713,0,0.0,
efc8908b-b014-4804-ab95-33de26614148,2006,AES-128,encrypt,cuda_optimized_v1,optimized,resident,pinned,CTR,1048576,15,1048576:CTR:15,ed5aa4cef71f055474fc85eabbb88eaf518f9a4801607ee0e1b0fdcd3480f994,5,671,True,1,5817.149130876948,,0.00018025599420070648,,,180255.99420070648,,,,,,,,,180255.99420070648
efc8908b-b014-4804-ab95-33de26614148,2006,AES-128,encrypt,cuda_optimized_v1,optimized,pipeline,pinned,CTR,1048576,16,1048576:CTR:16,0c7713e06169d984ad6e137b02dc2fd6d6fb9a20ad70051fa248b88507902b7d,0,672,True,,4375.484054111222,1176.9850712762375,0.0002396479994058609,0.0008909,243300,239647.9994058609,317300,560600,890900,,,,,,
efc8908b-b014-4804-ab95-33de26614148,2006,AES-128,encrypt,cuda_baseline,baseline,pipeline,pinned,CTR,1048576,16,1048576:CTR:16,0c7713e06169d984ad6e137b02dc2fd6d6fb9a20ad70051fa248b88507902b7d,1,673,True,,4303.086009056149,1300.1562306261624,0.00024368000030517578,0.0008065,240100,243680.00030517578,234800,474900,806500,,,,,,
efc8908b-b014-4804-ab95-33de26614148,2006,AES-128,encrypt,cpu_software,software,transform,bytes,CTR,1048576,16,1048576:CTR:16,0c7713e06169d984ad6e137b02dc2fd6d6fb9a20ad70051fa248b88507902b7d,2,674,True,,,,,,,,,,,4443400,0.0044434,235.98505648827475,15625000,3.516451366071027,
efc8908b-b014-4804-ab95-33de26614148,2006,AES-128,encrypt,cuda_optimized_v1,optimized,resident,pinned,CTR,1048576,16,1048576:CTR:16,0c7713e06169d984ad6e137b02dc2fd6d6fb9a20ad70051fa248b88507902b7d,3,675,True,1,4937.914575406781,,0.00021235199272632598,,,212351.992726326,,,,,,,,,212351.992726326
efc8908b-b014-4804-ab95-33de26614148,2006,AES-128,encrypt,cpu_aesni,aesni,transform,bytes,CTR,1048576,16,1048576:CTR:16,0c7713e06169d984ad6e137b02dc2fd6d6fb9a20ad70051fa248b88507902b7d,4,676,True,,,,,,,,,,,732900,0.0007329,1430.7217901487243,0,0.0,
efc8908b-b014-4804-ab95-33de26614148,2006,AES-128,encrypt,cuda_baseline,baseline,resident,pinned,CTR,1048576,16,1048576:CTR:16,0c7713e06169d984ad6e137b02dc2fd6d6fb9a20ad70051fa248b88507902b7d,5,677,True,1,5083.462463747193,,0.00020627200603485108,,,206272.00603485107,,,,,,,,,206272.00603485107
efc8908b-b014-4804-ab95-33de26614148,2006,AES-128,encrypt,cuda_optimized_v1,optimized,pipeline,pinned,ECB,1048576,16,1048576:ECB:16,0ef1a59f02d6e87ee0400663c490cbf118d66ae1cdfa1874e8aca3796f265f48,0,678,True,,4468.5666369136225,1140.3762914627514,0.00023465600609779357,0.0009195,297400,234656.00609779358,287000,584400,919500,,,,,,
efc8908b-b014-4804-ab95-33de26614148,2006,AES-128,encrypt,cuda_optimized_v1,optimized,resident,pinned,ECB,1048576,16,1048576:ECB:16,0ef1a59f02d6e87ee0400663c490cbf118d66ae1cdfa1874e8aca3796f265f48,1,679,True,1,6089.574170265698,,0.00017219200730323792,,,172192.00730323792,,,,,,,,,172192.00730323792
efc8908b-b014-4804-ab95-33de26614148,2006,AES-128,encrypt,cpu_software,software,transform,bytes,ECB,1048576,16,1048576:ECB:16,0ef1a59f02d6e87ee0400663c490cbf118d66ae1cdfa1874e8aca3796f265f48,2,680,True,,,,,,,,,,,3766000,0.003766,278.43228890069037,0,0.0,
efc8908b-b014-4804-ab95-33de26614148,2006,AES-128,encrypt,cpu_aesni,aesni,transform,bytes,ECB,1048576,16,1048576:ECB:16,0ef1a59f02d6e87ee0400663c490cbf118d66ae1cdfa1874e8aca3796f265f48,3,681,True,,,,,,,,,,,595100,0.0005951,1762.0164678205344,0,0.0,
efc8908b-b014-4804-ab95-33de26614148,2006,AES-128,encrypt,cuda_baseline,baseline,pipeline,pinned,ECB,1048576,16,1048576:ECB:16,0ef1a59f02d6e87ee0400663c490cbf118d66ae1cdfa1874e8aca3796f265f48,4,682,True,,4813.160880271085,1435.8154183212378,0.0002178560048341751,0.0007303,213100,217856.0048341751,228800,441900,730300,,,,,,
efc8908b-b014-4804-ab95-33de26614148,2006,AES-128,encrypt,cuda_baseline,baseline,resident,pinned,ECB,1048576,16,1048576:ECB:16,0ef1a59f02d6e87ee0400663c490cbf118d66ae1cdfa1874e8aca3796f265f48,5,683,True,1,6120.284140167706,,0.00017132799327373505,,,171327.99327373505,,,,,,,,,171327.99327373505
efc8908b-b014-4804-ab95-33de26614148,2006,AES-128,encrypt,cuda_baseline,baseline,resident,pinned,ECB,1048576,17,1048576:ECB:17,caa0d42a0d02896821e4f3ef9b7d9cb846c7357f624b32b158d765abe29753db,0,684,True,1,2794.4737363493064,,0.0003752320110797882,,,375232.0110797882,,,,,,,,,375232.0110797882
efc8908b-b014-4804-ab95-33de26614148,2006,AES-128,encrypt,cpu_aesni,aesni,transform,bytes,ECB,1048576,17,1048576:ECB:17,caa0d42a0d02896821e4f3ef9b7d9cb846c7357f624b32b158d765abe29753db,1,685,True,,,,,,,,,,,571700,0.0005717,1834.1367850271122,0,0.0,
efc8908b-b014-4804-ab95-33de26614148,2006,AES-128,encrypt,cuda_baseline,baseline,pipeline,pinned,ECB,1048576,17,1048576:ECB:17,caa0d42a0d02896821e4f3ef9b7d9cb846c7357f624b32b158d765abe29753db,2,686,True,,4332.672174621195,1283.1326480665687,0.00024201600253582,0.0008172,247800,242016.00253582,237800,485600,817200,,,,,,
efc8908b-b014-4804-ab95-33de26614148,2006,AES-128,encrypt,cpu_software,software,transform,bytes,ECB,1048576,17,1048576:ECB:17,caa0d42a0d02896821e4f3ef9b7d9cb846c7357f624b32b158d765abe29753db,3,687,True,,,,,,,,,,,3738300,0.0037383,280.4954123532087,0,0.0,
efc8908b-b014-4804-ab95-33de26614148,2006,AES-128,encrypt,cuda_optimized_v1,optimized,resident,pinned,ECB,1048576,17,1048576:ECB:17,caa0d42a0d02896821e4f3ef9b7d9cb846c7357f624b32b158d765abe29753db,4,688,True,1,4286.200258459626,,0.0002446399927139282,,,244639.99271392822,,,,,,,,,244639.99271392822
efc8908b-b014-4804-ab95-33de26614148,2006,AES-128,encrypt,cuda_optimized_v1,optimized,pipeline,pinned,ECB,1048576,17,1048576:ECB:17,caa0d42a0d02896821e4f3ef9b7d9cb846c7357f624b32b158d765abe29753db,5,689,True,,4327.5224997465675,1171.0699128880947,0.0002423039972782135,0.0008954,245100,242303.9972782135,321100,566200,895400,,,,,,
efc8908b-b014-4804-ab95-33de26614148,2006,AES-128,encrypt,cuda_optimized_v1,optimized,resident,pinned,CTR,1048576,17,1048576:CTR:17,c87cc06f28ed5c26dec1fb7542cbbe0a32bfb88ca40abb9b77889e349d4fc2fb,0,690,True,1,4262.78126802614,,0.0002459840029478073,,,245984.0029478073,,,,,,,,,245984.0029478073
efc8908b-b014-4804-ab95-33de26614148,2006,AES-128,encrypt,cuda_optimized_v1,optimized,pipeline,pinned,CTR,1048576,17,1048576:CTR:17,c87cc06f28ed5c26dec1fb7542cbbe0a32bfb88ca40abb9b77889e349d4fc2fb,1,691,True,,4255.584438643743,1291.0317655749816,0.00024639999866485595,0.0008122,239600,246399.99866485596,240200,479800,812200,,,,,,
efc8908b-b014-4804-ab95-33de26614148,2006,AES-128,encrypt,cuda_baseline,baseline,pipeline,pinned,CTR,1048576,17,1048576:CTR:17,c87cc06f28ed5c26dec1fb7542cbbe0a32bfb88ca40abb9b77889e349d4fc2fb,2,692,True,,5961.069478971374,1637.8881599500157,0.00017590400576591493,0.0006402,209000,175904.00576591492,202700,411700,640200,,,,,,
efc8908b-b014-4804-ab95-33de26614148,2006,AES-128,encrypt,cpu_aesni,aesni,transform,bytes,CTR,1048576,17,1048576:CTR:17,c87cc06f28ed5c26dec1fb7542cbbe0a32bfb88ca40abb9b77889e349d4fc2fb,3,693,True,,,,,,,,,,,853800,0.0008538,1228.1283672991333,15625000,18.300538767861326,
efc8908b-b014-4804-ab95-33de26614148,2006,AES-128,encrypt,cuda_baseline,baseline,resident,pinned,CTR,1048576,17,1048576:CTR:17,c87cc06f28ed5c26dec1fb7542cbbe0a32bfb88ca40abb9b77889e349d4fc2fb,4,694,True,1,5937.307610137798,,0.00017660799622535705,,,176607.99622535706,,,,,,,,,176607.99622535706
efc8908b-b014-4804-ab95-33de26614148,2006,AES-128,encrypt,cpu_software,software,transform,bytes,CTR,1048576,17,1048576:CTR:17,c87cc06f28ed5c26dec1fb7542cbbe0a32bfb88ca40abb9b77889e349d4fc2fb,5,695,True,,,,,,,,,,,3947700,0.0039477,265.6169415102465,0,0.0,
efc8908b-b014-4804-ab95-33de26614148,2006,AES-128,encrypt,cpu_software,software,transform,bytes,CTR,1048576,18,1048576:CTR:18,d0eb8bf126ef9910f3eaf9534437022aef3ea1c636ffd837c4bead9b2c81b188,0,696,True,,,,,,,,,,,3927100,0.0039271,267.01026202541317,0,0.0,
efc8908b-b014-4804-ab95-33de26614148,2006,AES-128,encrypt,cuda_optimized_v1,optimized,resident,pinned,CTR,1048576,18,1048576:CTR:18,d0eb8bf126ef9910f3eaf9534437022aef3ea1c636ffd837c4bead9b2c81b188,1,697,True,1,4165.776853262938,,0.00025171199440956115,,,251711.99440956116,,,,,,,,,251711.99440956116
efc8908b-b014-4804-ab95-33de26614148,2006,AES-128,encrypt,cuda_baseline,baseline,pipeline,pinned,CTR,1048576,18,1048576:CTR:18,d0eb8bf126ef9910f3eaf9534437022aef3ea1c636ffd837c4bead9b2c81b188,2,698,True,,4974.646957961044,1325.8009862182323,0.00021078400313854218,0.0007909,245700,210784.00313854218,239600,485300,790900,,,,,,
efc8908b-b014-4804-ab95-33de26614148,2006,AES-128,encrypt,cuda_baseline,baseline,resident,pinned,CTR,1048576,18,1048576:CTR:18,d0eb8bf126ef9910f3eaf9534437022aef3ea1c636ffd837c4bead9b2c81b188,3,699,True,1,6064.778905057669,,0.00017289599776268004,,,172895.99776268005,,,,,,,,,172895.99776268005
efc8908b-b014-4804-ab95-33de26614148,2006,AES-128,encrypt,cpu_aesni,aesni,transform,bytes,CTR,1048576,18,1048576:CTR:18,d0eb8bf126ef9910f3eaf9534437022aef3ea1c636ffd837c4bead9b2c81b188,4,700,True,,,,,,,,,,,713500,0.0007135,1469.622985283812,0,0.0,
efc8908b-b014-4804-ab95-33de26614148,2006,AES-128,encrypt,cuda_optimized_v1,optimized,pipeline,pinned,CTR,1048576,18,1048576:CTR:18,d0eb8bf126ef9910f3eaf9534437022aef3ea1c636ffd837c4bead9b2c81b188,5,701,True,,6020.209698815947,1620.1730531520395,0.00017417599260807038,0.0006472,211500,174175.99260807037,204600,416100,647200,,,,,,
efc8908b-b014-4804-ab95-33de26614148,2006,AES-128,encrypt,cuda_baseline,baseline,pipeline,pinned,ECB,1048576,18,1048576:ECB:18,0081e893e7c9633e40055f49755b1b1e727a070250cd186c828f5903e26ee14b,0,702,True,,4460.051824081819,1169.5025652464867,0.0002351039946079254,0.0008966,245100,235103.99460792542,323700,568800,896600,,,,,,
efc8908b-b014-4804-ab95-33de26614148,2006,AES-128,encrypt,cuda_baseline,baseline,resident,pinned,ECB,1048576,18,1048576:ECB:18,0081e893e7c9633e40055f49755b1b1e727a070250cd186c828f5903e26ee14b,1,703,True,1,2506.348407724948,,0.00041836801171302797,,,418368.01171302795,,,,,,,,,418368.01171302795
efc8908b-b014-4804-ab95-33de26614148,2006,AES-128,encrypt,cpu_software,software,transform,bytes,ECB,1048576,18,1048576:ECB:18,0081e893e7c9633e40055f49755b1b1e727a070250cd186c828f5903e26ee14b,2,704,True,,,,,,,,,,,3675300,0.0036753,285.3035126384241,0,0.0,
efc8908b-b014-4804-ab95-33de26614148,2006,AES-128,encrypt,cpu_aesni,aesni,transform,bytes,ECB,1048576,18,1048576:ECB:18,0081e893e7c9633e40055f49755b1b1e727a070250cd186c828f5903e26ee14b,3,705,True,,,,,,,,,,,535400,0.0005354,1958.490847964139,0,0.0,
efc8908b-b014-4804-ab95-33de26614148,2006,AES-128,encrypt,cuda_optimized_v1,optimized,pipeline,pinned,ECB,1048576,18,1048576:ECB:18,0081e893e7c9633e40055f49755b1b1e727a070250cd186c828f5903e26ee14b,4,706,True,,4399.570412305562,1289.7613776137762,0.0002383359968662262,0.000813,242900,238335.9968662262,239000,481900,813000,,,,,,
efc8908b-b014-4804-ab95-33de26614148,2006,AES-128,encrypt,cuda_optimized_v1,optimized,resident,pinned,ECB,1048576,18,1048576:ECB:18,0081e893e7c9633e40055f49755b1b1e727a070250cd186c828f5903e26ee14b,5,707,True,1,5031.940857705156,,0.0002083840072154999,,,208384.00721549988,,,,,,,,,208384.00721549988
efc8908b-b014-4804-ab95-33de26614148,2006,AES-128,encrypt,cpu_software,software,transform,bytes,ECB,1048576,19,1048576:ECB:19,c74bb53b693a082cd0f1c1bc68ed14e57af99a7c626d0d90f160ec2349b3de7c,0,708,True,,,,,,,,,,,3702900,0.0037029,283.1769694023603,0,0.0,
efc8908b-b014-4804-ab95-33de26614148,2006,AES-128,encrypt,cuda_optimized_v1,optimized,resident,pinned,ECB,1048576,19,1048576:ECB:19,c74bb53b693a082cd0f1c1bc68ed14e57af99a7c626d0d90f160ec2349b3de7c,1,709,True,1,5085.829635446689,,0.0002061759978532791,,,206175.9978532791,,,,,,,,,206175.9978532791
efc8908b-b014-4804-ab95-33de26614148,2006,AES-128,encrypt,cuda_baseline,baseline,pipeline,pinned,ECB,1048576,19,1048576:ECB:19,c74bb53b693a082cd0f1c1bc68ed14e57af99a7c626d0d90f160ec2349b3de7c,2,710,True,,4075.115038645312,1153.8028169014085,0.00025731199979782106,0.0009088,261200,257311.99979782104,289800,551000,908800,,,,,,
efc8908b-b014-4804-ab95-33de26614148,2006,AES-128,encrypt,cuda_baseline,baseline,resident,pinned,ECB,1048576,19,1048576:ECB:19,c74bb53b693a082cd0f1c1bc68ed14e57af99a7c626d0d90f160ec2349b3de7c,3,711,True,1,6176.814191992013,,0.00016976000368595123,,,169760.00368595123,,,,,,,,,169760.00368595123
efc8908b-b014-4804-ab95-33de26614148,2006,AES-128,encrypt,cpu_aesni,aesni,transform,bytes,ECB,1048576,19,1048576:ECB:19,c74bb53b693a082cd0f1c1bc68ed14e57af99a7c626d0d90f160ec2349b3de7c,4,712,True,,,,,,,,,,,592400,0.0005924,1770.0472653612424,0,0.0,
efc8908b-b014-4804-ab95-33de26614148,2006,AES-128,encrypt,cuda_optimized_v1,optimized,pipeline,pinned,ECB,1048576,19,1048576:ECB:19,c74bb53b693a082cd0f1c1bc68ed14e57af99a7c626d0d90f160ec2349b3de7c,5,713,True,,6195.500102320814,1624.4399690162666,0.00016924799978733062,0.0006455,210500,169247.99978733063,206700,417200,645500,,,,,,
efc8908b-b014-4804-ab95-33de26614148,2006,AES-128,encrypt,cuda_optimized_v1,optimized,resident,pinned,CTR,1048576,19,1048576:CTR:19,b5e293ca51126b2be1f89edae853364ae0b7178e37f592ec200d0a6073890c30,0,714,True,1,4241.26318111409,,0.0002472320050001144,,,247232.00500011444,,,,,,,,,247232.00500011444
efc8908b-b014-4804-ab95-33de26614148,2006,AES-128,encrypt,cuda_baseline,baseline,resident,pinned,CTR,1048576,19,1048576:CTR:19,b5e293ca51126b2be1f89edae853364ae0b7178e37f592ec200d0a6073890c30,1,715,True,1,5942.691248385534,,0.00017644800245761872,,,176448.0024576187,,,,,,,,,176448.0024576187
efc8908b-b014-4804-ab95-33de26614148,2006,AES-128,encrypt,cpu_software,software,transform,bytes,CTR,1048576,19,1048576:CTR:19,b5e293ca51126b2be1f89edae853364ae0b7178e37f592ec200d0a6073890c30,2,716,True,,,,,,,,,,,3950700,0.0039507,265.41524286835244,0,0.0,
efc8908b-b014-4804-ab95-33de26614148,2006,AES-128,encrypt,cpu_aesni,aesni,transform,bytes,CTR,1048576,19,1048576:CTR:19,b5e293ca51126b2be1f89edae853364ae0b7178e37f592ec200d0a6073890c30,3,717,True,,,,,,,,,,,752400,0.0007524,1393.6416799574695,0,0.0,
efc8908b-b014-4804-ab95-33de26614148,2006,AES-128,encrypt,cuda_baseline,baseline,pipeline,pinned,CTR,1048576,19,1048576:CTR:19,b5e293ca51126b2be1f89edae853364ae0b7178e37f592ec200d0a6073890c30,4,718,True,,4310.444538538923,1280.1562690758149,0.00024326400458812714,0.0008191,243500,243264.00458812714,240800,484300,819100,,,,,,
efc8908b-b014-4804-ab95-33de26614148,2006,AES-128,encrypt,cuda_optimized_v1,optimized,pipeline,pinned,CTR,1048576,19,1048576:CTR:19,b5e293ca51126b2be1f89edae853364ae0b7178e37f592ec200d0a6073890c30,5,719,True,,6059.171372445666,1501.3974799541809,0.0001730560064315796,0.0006984,237300,173056.0064315796,203400,440700,698400,,,,,,
efc8908b-b014-4804-ab95-33de26614148,2006,AES-128,encrypt,cuda_optimized_v1,optimized,resident,pinned,CTR,16777216,0,16777216:CTR:0,bae9e9f76b9617281e945e2c7308d4c97a6907d4d428de81cce671e830f5f39f,0,720,True,1,7889.012403769484,,0.0021266560554504396,,,2126656.0554504395,,,,,,,,,2126656.0554504395
efc8908b-b014-4804-ab95-33de26614148,2006,AES-128,encrypt,cpu_software,software,transform,bytes,CTR,16777216,0,16777216:CTR:0,bae9e9f76b9617281e945e2c7308d4c97a6907d4d428de81cce671e830f5f39f,1,721,True,,,,,,,,,,,83970700,0.0839707,199.79845350818798,78125000,0.9303840506271831,
efc8908b-b014-4804-ab95-33de26614148,2006,AES-128,encrypt,cuda_baseline,baseline,pipeline,pinned,CTR,16777216,0,16777216:CTR:0,bae9e9f76b9617281e945e2c7308d4c97a6907d4d428de81cce671e830f5f39f,2,722,True,,7921.5535142363115,1984.5534013887082,0.002117919921875,0.0084539,3125500,2117919.921875,3025800,6151300,8453900,,,,,,
efc8908b-b014-4804-ab95-33de26614148,2006,AES-128,encrypt,cuda_baseline,baseline,resident,pinned,CTR,16777216,0,16777216:CTR:0,bae9e9f76b9617281e945e2c7308d4c97a6907d4d428de81cce671e830f5f39f,3,723,True,1,8106.877694751311,,0.002069504022598267,,,2069504.0225982666,,,,,,,,,2069504.0225982666
efc8908b-b014-4804-ab95-33de26614148,2006,AES-128,encrypt,cpu_aesni,aesni,transform,bytes,CTR,16777216,0,16777216:CTR:0,bae9e9f76b9617281e945e2c7308d4c97a6907d4d428de81cce671e830f5f39f,4,724,True,,,,,,,,,,,12273100,0.0122731,1366.9908987949254,0,0.0,
efc8908b-b014-4804-ab95-33de26614148,2006,AES-128,encrypt,cuda_optimized_v1,optimized,pipeline,pinned,CTR,16777216,0,16777216:CTR:0,bae9e9f76b9617281e945e2c7308d4c97a6907d4d428de81cce671e830f5f39f,5,725,True,,8058.282701747981,2191.1238229570713,0.002081984043121338,0.0076569,2757500,2081984.043121338,2634600,5392100,7656900,,,,,,
efc8908b-b014-4804-ab95-33de26614148,2006,AES-128,encrypt,cuda_optimized_v1,optimized,pipeline,pinned,ECB,16777216,0,16777216:ECB:0,f6d5c2908228ed272c2d1692bf98ac7c34dea285328619f4b8c36d4b91c0a4f2,0,726,True,,8328.112440834257,2184.3058014790126,0.0020145280361175536,0.0076808,2904400,2014528.0361175537,2638100,5542500,7680800,,,,,,
efc8908b-b014-4804-ab95-33de26614148,2006,AES-128,encrypt,cpu_software,software,transform,bytes,ECB,16777216,0,16777216:ECB:0,f6d5c2908228ed272c2d1692bf98ac7c34dea285328619f4b8c36d4b91c0a4f2,1,727,True,,,,,,,,,,,64422200,0.0644222,260.4260022166272,62500000,0.9701624595248222,
efc8908b-b014-4804-ab95-33de26614148,2006,AES-128,encrypt,cuda_optimized_v1,optimized,resident,pinned,ECB,16777216,0,16777216:ECB:0,f6d5c2908228ed272c2d1692bf98ac7c34dea285328619f4b8c36d4b91c0a4f2,2,728,True,1,8078.0243141350265,,0.0020768959522247314,,,2076895.9522247314,,,,,,,,,2076895.9522247314
efc8908b-b014-4804-ab95-33de26614148,2006,AES-128,encrypt,cuda_baseline,baseline,pipeline,pinned,ECB,16777216,0,16777216:ECB:0,f6d5c2908228ed272c2d1692bf98ac7c34dea285328619f4b8c36d4b91c0a4f2,3,729,True,,8157.965725923398,1928.0832040452794,0.002056544065475464,0.0087015,2937700,2056544.0654754639,3460500,6398200,8701500,,,,,,
efc8908b-b014-4804-ab95-33de26614148,2006,AES-128,encrypt,cpu_aesni,aesni,transform,bytes,ECB,16777216,0,16777216:ECB:0,f6d5c2908228ed272c2d1692bf98ac7c34dea285328619f4b8c36d4b91c0a4f2,4,730,True,,,,,,,,,,,10333400,0.0103334,1623.5910736059768,15625000,1.5120870187934272,
efc8908b-b014-4804-ab95-33de26614148,2006,AES-128,encrypt,cuda_baseline,baseline,resident,pinned,ECB,16777216,0,16777216:ECB:0,f6d5c2908228ed272c2d1692bf98ac7c34dea285328619f4b8c36d4b91c0a4f2,5,731,True,1,8374.13700671371,,0.002003456115722656,,,2003456.1157226562,,,,,,,,,2003456.1157226562
efc8908b-b014-4804-ab95-33de26614148,2006,AES-128,encrypt,cuda_baseline,baseline,pipeline,pinned,CTR,16777216,1,16777216:CTR:1,37c3ad08774f51360f1d0073cd752da619b7296d3d738c3d501638805e079b0e,0,732,True,,7802.833307090271,2195.7120234527347,0.002150144100189209,0.0076409,2711400,2150144.100189209,2676100,5387500,7640900,,,,,,
efc8908b-b014-4804-ab95-33de26614148,2006,AES-128,encrypt,cuda_optimized_v1,optimized,pipeline,pinned,CTR,16777216,1,16777216:CTR:1,37c3ad08774f51360f1d0073cd752da619b7296d3d738c3d501638805e079b0e,1,733,True,,7889.962400374581,2200.9256441202706,0.0021263999938964844,0.0076228,2703600,2126399.9938964844,2696500,5400100,7622800,,,,,,
efc8908b-b014-4804-ab95-33de26614148,2006,AES-128,encrypt,cuda_optimized_v1,optimized,resident,pinned,CTR,16777216,1,16777216:CTR:1,37c3ad08774f51360f1d0073cd752da619b7296d3d738c3d501638805e079b0e,2,734,True,1,7897.687618339932,,0.0021243200302124023,,,2124320.0302124023,,,,,,,,,2124320.0302124023
efc8908b-b014-4804-ab95-33de26614148,2006,AES-128,encrypt,cpu_aesni,aesni,transform,bytes,CTR,16777216,1,16777216:CTR:1,37c3ad08774f51360f1d0073cd752da619b7296d3d738c3d501638805e079b0e,3,735,True,,,,,,,,,,,11169400,0.0111694,1502.069582967751,0,0.0,
efc8908b-b014-4804-ab95-33de26614148,2006,AES-128,encrypt,cpu_software,software,transform,bytes,CTR,16777216,1,16777216:CTR:1,37c3ad08774f51360f1d0073cd752da619b7296d3d738c3d501638805e079b0e,4,736,True,,,,,,,,,,,64635500,0.0646355,259.56658492624024,46875000,0.7252206604729599,
efc8908b-b014-4804-ab95-33de26614148,2006,AES-128,encrypt,cuda_baseline,baseline,resident,pinned,CTR,16777216,1,16777216:CTR:1,37c3ad08774f51360f1d0073cd752da619b7296d3d738c3d501638805e079b0e,5,737,True,1,7839.117121381153,,0.0021401920318603516,,,2140192.0318603516,,,,,,,,,2140192.0318603516
efc8908b-b014-4804-ab95-33de26614148,2006,AES-128,encrypt,cpu_aesni,aesni,transform,bytes,ECB,16777216,1,16777216:ECB:1,609f1bc130c26f98a18a02c58293a2d33418c7ec6149c24c3b8e8d9e15912bb4,0,738,True,,,,,,,,,,,8737300,0.0087373,1920.1831229327138,0,0.0,
efc8908b-b014-4804-ab95-33de26614148,2006,AES-128,encrypt,cuda_baseline,baseline,resident,pinned,ECB,16777216,1,16777216:ECB:1,609f1bc130c26f98a18a02c58293a2d33418c7ec6149c24c3b8e8d9e15912bb4,1,739,True,1,7875.266641642337,,0.0021303679943084717,,,2130367.9943084717,,,,,,,,,2130367.9943084717
efc8908b-b014-4804-ab95-33de26614148,2006,AES-128,encrypt,cuda_optimized_v1,optimized,resident,pinned,ECB,16777216,1,16777216:ECB:1,609f1bc130c26f98a18a02c58293a2d33418c7ec6149c24c3b8e8d9e15912bb4,2,740,True,1,8135.306795404655,,0.002062272071838379,,,2062272.071838379,,,,,,,,,2062272.071838379
efc8908b-b014-4804-ab95-33de26614148,2006,AES-128,encrypt,cuda_baseline,baseline,pipeline,pinned,ECB,16777216,1,16777216:ECB:1,609f1bc130c26f98a18a02c58293a2d33418c7ec6149c24c3b8e8d9e15912bb4,3,741,True,,8154.92054896609,2143.587463426476,0.00205731201171875,0.0078267,2702900,2057312.01171875,2968900,5671800,7826700,,,,,,
efc8908b-b014-4804-ab95-33de26614148,2006,AES-128,encrypt,cuda_optimized_v1,optimized,pipeline,pinned,ECB,16777216,1,16777216:ECB:1,609f1bc130c26f98a18a02c58293a2d33418c7ec6149c24c3b8e8d9e15912bb4,4,742,True,,7965.3606665422285,2157.8690401162717,0.002106271982192993,0.0077749,2705500,2106271.982192993,2846200,5551700,7774900,,,,,,
efc8908b-b014-4804-ab95-33de26614148,2006,AES-128,encrypt,cpu_software,software,transform,bytes,ECB,16777216,1,16777216:ECB:1,609f1bc130c26f98a18a02c58293a2d33418c7ec6149c24c3b8e8d9e15912bb4,5,743,True,,,,,,,,,,,61293000,0.061293,273.7215668999723,78125000,1.2746153720653255,
efc8908b-b014-4804-ab95-33de26614148,2006,AES-128,encrypt,cuda_baseline,baseline,pipeline,pinned,ECB,16777216,2,16777216:ECB:2,788f192642942b6379acf4c950ebb32c809561a927d44ad19cccc2f4f56c673c,0,744,True,,8392.770564508157,2265.721694036301,0.001999008059501648,0.0074048,2670900,1999008.059501648,2666600,5337500,7404800,,,,,,
efc8908b-b014-4804-ab95-33de26614148,2006,AES-128,encrypt,cuda_baseline,baseline,resident,pinned,ECB,16777216,2,16777216:ECB:2,788f192642942b6379acf4c950ebb32c809561a927d44ad19cccc2f4f56c673c,1,745,True,1,8125.599058866784,,0.0020647358894348143,,,2064735.8894348145,,,,,,,,,2064735.8894348145
efc8908b-b014-4804-ab95-33de26614148,2006,AES-128,encrypt,cuda_optimized_v1,optimized,pipeline,pinned,ECB,16777216,2,16777216:ECB:2,788f192642942b6379acf4c950ebb32c809561a927d44ad19cccc2f4f56c673c,2,746,True,,8070.68752172415,2222.559944890443,0.0020787839889526366,0.0075486,2707500,2078783.9889526367,2671600,5379100,7548600,,,,,,
efc8908b-b014-4804-ab95-33de26614148,2006,AES-128,encrypt,cuda_optimized_v1,optimized,resident,pinned,ECB,16777216,2,16777216:ECB:2,788f192642942b6379acf4c950ebb32c809561a927d44ad19cccc2f4f56c673c,3,747,True,1,8235.493701047297,,0.0020371840000152587,,,2037184.0000152588,,,,,,,,,2037184.0000152588
efc8908b-b014-4804-ab95-33de26614148,2006,AES-128,encrypt,cpu_aesni,aesni,transform,bytes,ECB,16777216,2,16777216:ECB:2,788f192642942b6379acf4c950ebb32c809561a927d44ad19cccc2f4f56c673c,4,748,True,,,,,,,,,,,9004700,0.0090047,1863.1621264450787,15625000,1.7352049485268803,
efc8908b-b014-4804-ab95-33de26614148,2006,AES-128,encrypt,cpu_software,software,transform,bytes,ECB,16777216,2,16777216:ECB:2,788f192642942b6379acf4c950ebb32c809561a927d44ad19cccc2f4f56c673c,5,749,True,,,,,,,,,,,62776900,0.0627769,267.2514252854155,62500000,0.9955891418658774,
efc8908b-b014-4804-ab95-33de26614148,2006,AES-128,encrypt,cuda_optimized_v1,optimized,pipeline,pinned,CTR,16777216,2,16777216:CTR:2,78866b49e911ee4225e4aa2944ccd6164dfb622ea52213ff40045072e4abcd7c,0,750,True,,7863.219353280738,2159.8970080848653,0.002133631944656372,0.0077676,2705000,2133631.944656372,2799000,5504000,7767600,,,,,,
efc8908b-b014-4804-ab95-33de26614148,2006,AES-128,encrypt,cpu_software,software,transform,bytes,CTR,16777216,2,16777216:CTR:2,78866b49e911ee4225e4aa2944ccd6164dfb622ea52213ff40045072e4abcd7c,1,751,True,,,,,,,,,,,66567100,0.0665671,252.03465375538366,62500000,0.9389022505111384,
efc8908b-b014-4804-ab95-33de26614148,2006,AES-128,encrypt,cuda_baseline,baseline,resident,pinned,CTR,16777216,2,16777216:CTR:2,78866b49e911ee4225e4aa2944ccd6164dfb622ea52213ff40045072e4abcd7c,2,752,True,1,8002.319904237007,,0.002096544027328491,,,2096544.0273284912,,,,,,,,,2096544.0273284912
efc8908b-b014-4804-ab95-33de26614148,2006,AES-128,encrypt,cpu_aesni,aesni,transform,bytes,CTR,16777216,2,16777216:CTR:2,78866b49e911ee4225e4aa2944ccd6164dfb622ea52213ff40045072e4abcd7c,3,753,True,,,,,,,,,,,15095800,0.0150958,1111.3830336914903,15625000,1.03505610832152,
efc8908b-b014-4804-ab95-33de26614148,2006,AES-128,encrypt,cuda_optimized_v1,optimized,resident,pinned,CTR,16777216,2,16777216:CTR:2,78866b49e911ee4225e4aa2944ccd6164dfb622ea52213ff40045072e4abcd7c,4,754,True,1,8091.613856473573,,0.0020734078884124757,,,2073407.8884124756,,,,,,,,,2073407.8884124756
efc8908b-b014-4804-ab95-33de26614148,2006,AES-128,encrypt,cuda_baseline,baseline,pipeline,pinned,CTR,16777216,2,16777216:CTR:2,78866b49e911ee4225e4aa2944ccd6164dfb622ea52213ff40045072e4abcd7c,5,755,True,,7816.677065131844,2120.2896609248423,0.002146336078643799,0.0079127,2851400,2146336.078643799,2732900,5584300,7912700,,,,,,
efc8908b-b014-4804-ab95-33de26614148,2006,AES-128,encrypt,cpu_aesni,aesni,transform,bytes,CTR,16777216,3,16777216:CTR:3,e022bb925b4442d2b0d6c38bf8a22f10aab92527cc09d57ad56556628b65b93a,0,756,True,,,,,,,,,,,11581800,0.0115818,1448.5845032723755,15625000,1.349099449135713,
efc8908b-b014-4804-ab95-33de26614148,2006,AES-128,encrypt,cuda_baseline,baseline,resident,pinned,CTR,16777216,3,16777216:CTR:3,e022bb925b4442d2b0d6c38bf8a22f10aab92527cc09d57ad56556628b65b93a,1,757,True,1,7894.120662914247,,0.002125279903411865,,,2125279.9034118652,,,,,,,,,2125279.9034118652
efc8908b-b014-4804-ab95-33de26614148,2006,AES-128,encrypt,cuda_optimized_v1,optimized,pipeline,pinned,CTR,16777216,3,16777216:CTR:3,e022bb925b4442d2b0d6c38bf8a22f10aab92527cc09d57ad56556628b65b93a,2,758,True,,7860.507864408567,2229.3526097586905,0.0021343679428100586,0.0075256,2673900,2134367.9428100586,2636000,5309900,7525600,,,,,,
efc8908b-b014-4804-ab95-33de26614148,2006,AES-128,encrypt,cuda_optimized_v1,optimized,resident,pinned,CTR,16777216,3,16777216:CTR:3,e022bb925b4442d2b0d6c38bf8a22f10aab92527cc09d57ad56556628b65b93a,3,759,True,1,7958.469121240625,,0.0021080958843231203,,,2108095.88432312,,,,,,,,,2108095.88432312
efc8908b-b014-4804-ab95-33de26614148,2006,AES-128,encrypt,cuda_baseline,baseline,pipeline,pinned,CTR,16777216,3,16777216:CTR:3,e022bb925b4442d2b0d6c38bf8a22f10aab92527cc09d57ad56556628b65b93a,4,760,True,,7883.555684603747,2208.8072041708356,0.0021281280517578124,0.0075956,2704000,2128128.0517578125,2670400,5374400,7595600,,,,,,
efc8908b-b014-4804-ab95-33de26614148,2006,AES-128,encrypt,cpu_software,software,transform,bytes,CTR,16777216,3,16777216:CTR:3,e022bb925b4442d2b0d6c38bf8a22f10aab92527cc09d57ad56556628b65b93a,5,761,True,,,,,,,,,,,63922800,0.0639228,262.46059309041533,62500000,0.9777419011682842,
efc8908b-b014-4804-ab95-33de26614148,2006,AES-128,encrypt,cuda_baseline,baseline,pipeline,pinned,ECB,16777216,3,16777216:ECB:3,e3e6138dc65eb00168af3c5edb8c08b447214f48c54d0619371920ec8e4b6bb3,0,762,True,,4214.974115671568,1154.0250378318888,0.003980384111404419,0.014538,5283800,3980384.111404419,5151900,10435700,14538000,,,,,,
efc8908b-b014-4804-ab95-33de26614148,2006,AES-128,encrypt,cuda_optimized_v1,optimized,pipeline,pinned,ECB,16777216,3,16777216:ECB:3,e3e6138dc65eb00168af3c5edb8c08b447214f48c54d0619371920ec8e4b6bb3,1,763,True,,3491.4126277208525,819.884571590537,0.004805280208587647,0.0204629,5323800,4805280.2085876465,10231100,15554900,20462900,,,,,,
efc8908b-b014-4804-ab95-33de26614148,2006,AES-128,encrypt,cuda_baseline,baseline,resident,pinned,ECB,16777216,3,16777216:ECB:3,e3e6138dc65eb00168af3c5edb8c08b447214f48c54d0619371920ec8e4b6bb3,2,764,True,1,3435.0707888933885,,0.004884096145629882,,,4884096.145629883,,,,,,,,,4884096.145629883
efc8908b-b014-4804-ab95-33de26614148,2006,AES-128,encrypt,cpu_software,software,transform,bytes,ECB,16777216,3,16777216:ECB:3,e3e6138dc65eb00168af3c5edb8c08b447214f48c54d0619371920ec8e4b6bb3,3,765,True,,,,,,,,,,,60561900,0.0605619,277.0259189358326,62500000,1.032001968234154,
efc8908b-b014-4804-ab95-33de26614148,2006,AES-128,encrypt,cuda_optimized_v1,optimized,resident,pinned,ECB,16777216,3,16777216:ECB:3,e3e6138dc65eb00168af3c5edb8c08b447214f48c54d0619371920ec8e4b6bb3,4,766,True,1,3401.0223537555553,,0.004932991981506348,,,4932991.981506348,,,,,,,,,4932991.981506348
efc8908b-b014-4804-ab95-33de26614148,2006,AES-128,encrypt,cpu_aesni,aesni,transform,bytes,ECB,16777216,3,16777216:ECB:3,e3e6138dc65eb00168af3c5edb8c08b447214f48c54d0619371920ec8e4b6bb3,5,767,True,,,,,,,,,,,8471700,0.0084717,1980.3836302040913,0,0.0,
efc8908b-b014-4804-ab95-33de26614148,2006,AES-128,encrypt,cuda_baseline,baseline,resident,pinned,ECB,16777216,4,16777216:ECB:4,8f9433bb79e4aa1d9e2f21c20627ba424630585298fccda27f0ea0fe6d1b58d3,0,768,True,1,3414.4448285189305,,0.004913599967956543,,,4913599.967956543,,,,,,,,,4913599.967956543
efc8908b-b014-4804-ab95-33de26614148,2006,AES-128,encrypt,cpu_aesni,aesni,transform,bytes,ECB,16777216,4,16777216:ECB:4,8f9433bb79e4aa1d9e2f21c20627ba424630585298fccda27f0ea0fe6d1b58d3,1,769,True,,,,,,,,,,,10049800,0.0100498,1669.407948416884,31250000,3.1095146172063126,
efc8908b-b014-4804-ab95-33de26614148,2006,AES-128,encrypt,cuda_optimized_v1,optimized,pipeline,pinned,ECB,16777216,4,16777216:ECB:4,8f9433bb79e4aa1d9e2f21c20627ba424630585298fccda27f0ea0fe6d1b58d3,2,770,True,,3455.6059983782866,623.2180176298184,0.004855072021484375,0.0269203,11623000,4855072.021484375,10254100,21877100,26920300,,,,,,
efc8908b-b014-4804-ab95-33de26614148,2006,AES-128,encrypt,cuda_optimized_v1,optimized,resident,pinned,ECB,16777216,4,16777216:ECB:4,8f9433bb79e4aa1d9e2f21c20627ba424630585298fccda27f0ea0fe6d1b58d3,3,771,True,1,3325.28692051879,,0.005045343875885009,,,5045343.87588501,,,,,,,,,5045343.87588501
efc8908b-b014-4804-ab95-33de26614148,2006,AES-128,encrypt,cuda_baseline,baseline,pipeline,pinned,ECB,16777216,4,16777216:ECB:4,8f9433bb79e4aa1d9e2f21c20627ba424630585298fccda27f0ea0fe6d1b58d3,4,772,True,,3461.332151055093,656.0981103741709,0.004847040176391601,0.0255712,10397500,4847040.176391602,10147800,20545300,25571200,,,,,,
efc8908b-b014-4804-ab95-33de26614148,2006,AES-128,encrypt,cpu_software,software,transform,bytes,ECB,16777216,4,16777216:ECB:4,8f9433bb79e4aa1d9e2f21c20627ba424630585298fccda27f0ea0fe6d1b58d3,5,773,True,,,,,,,,,,,61438000,0.061438,273.07555584491683,62500000,1.0172857189361633,
efc8908b-b014-4804-ab95-33de26614148,2006,AES-128,encrypt,cuda_baseline,baseline,resident,pinned,CTR,16777216,4,16777216:CTR:4,0d12aa4a63a6a15b92c3575e0e723656841759101775de967b2695f4f28b667b,0,774,True,1,3175.9053377222417,,0.005282656192779541,,,5282656.192779541,,,,,,,,,5282656.192779541
efc8908b-b014-4804-ab95-33de26614148,2006,AES-128,encrypt,cuda_baseline,baseline,pipeline,pinned,CTR,16777216,4,16777216:CTR:4,0d12aa4a63a6a15b92c3575e0e723656841759101775de967b2695f4f28b667b,1,775,True,,3168.994698657947,647.0419721471243,0.00529417610168457,0.0259291,10346600,5294176.10168457,10160500,20507100,25929100,,,,,,
efc8908b-b014-4804-ab95-33de26614148,2006,AES-128,encrypt,cuda_optimized_v1,optimized,pipeline,pinned,CTR,16777216,4,16777216:CTR:4,0d12aa4a63a6a15b92c3575e0e723656841759101775de967b2695f4f28b667b,2,776,True,,3173.4447330323655,648.6881411111498,0.005286752223968506,0.0258633,10299000,5286752.223968506,10161200,20460200,25863300,,,,,,
efc8908b-b014-4804-ab95-33de26614148,2006,AES-128,encrypt,cuda_optimized_v1,optimized,resident,pinned,CTR,16777216,4,16777216:CTR:4,0d12aa4a63a6a15b92c3575e0e723656841759101775de967b2695f4f28b667b,3,777,True,1,3275.407842689738,,0.005122176170349121,,,5122176.170349121,,,,,,,,,5122176.170349121
efc8908b-b014-4804-ab95-33de26614148,2006,AES-128,encrypt,cpu_aesni,aesni,transform,bytes,CTR,16777216,4,16777216:CTR:4,0d12aa4a63a6a15b92c3575e0e723656841759101775de967b2695f4f28b667b,4,778,True,,,,,,,,,,,11707100,0.0117071,1433.0804383664613,15625000,1.3346601634905313,
efc8908b-b014-4804-ab95-33de26614148,2006,AES-128,encrypt,cpu_software,software,transform,bytes,CTR,16777216,4,16777216:CTR:4,0d12aa4a63a6a15b92c3575e0e723656841759101775de967b2695f4f28b667b,5,779,True,,,,,,,,,,,65640600,0.0656406,255.5920573547469,78125000,1.1901932645344497,
efc8908b-b014-4804-ab95-33de26614148,2006,AES-128,encrypt,cuda_optimized_v1,optimized,resident,pinned,CTR,16777216,5,16777216:CTR:5,33f83b5a27286bf681ee7f711a19cb04afc8d9dce4207ac3ebf1c7e6f19e70ae,0,780,True,1,3999.725361556957,,0.004194591999053955,,,4194591.999053955,,,,,,,,,4194591.999053955
efc8908b-b014-4804-ab95-33de26614148,2006,AES-128,encrypt,cuda_optimized_v1,optimized,pipeline,pinned,CTR,16777216,5,16777216:CTR:5,33f83b5a27286bf681ee7f711a19cb04afc8d9dce4207ac3ebf1c7e6f19e70ae,1,781,True,,3934.146686841702,1126.063225719847,0.004264512062072754,0.014899,5395800,4264512.062072754,5138000,10533800,14899000,,,,,,
efc8908b-b014-4804-ab95-33de26614148,2006,AES-128,encrypt,cuda_baseline,baseline,pipeline,pinned,CTR,16777216,5,16777216:CTR:5,33f83b5a27286bf681ee7f711a19cb04afc8d9dce4207ac3ebf1c7e6f19e70ae,2,782,True,,3956.5619532452765,1126.8573731403433,0.004240352153778076,0.0148885,5368100,4240352.153778076,5172900,10541000,14888500,,,,,,
efc8908b-b014-4804-ab95-33de26614148,2006,AES-128,encrypt,cuda_baseline,baseline,resident,pinned,CTR,16777216,5,16777216:CTR:5,33f83b5a27286bf681ee7f711a19cb04afc8d9dce4207ac3ebf1c7e6f19e70ae,3,783,True,1,3920.99476234815,,0.004278816223144531,,,4278816.223144531,,,,,,,,,4278816.223144531
efc8908b-b014-4804-ab95-33de26614148,2006,AES-128,encrypt,cpu_aesni,aesni,transform,bytes,CTR,16777216,5,16777216:CTR:5,33f83b5a27286bf681ee7f711a19cb04afc8d9dce4207ac3ebf1c7e6f19e70ae,4,784,True,,,,,,,,,,,11508200,0.0115082,1457.8488382197042,0,0.0,
efc8908b-b014-4804-ab95-33de26614148,2006,AES-128,encrypt,cpu_software,software,transform,bytes,CTR,16777216,5,16777216:CTR:5,33f83b5a27286bf681ee7f711a19cb04afc8d9dce4207ac3ebf1c7e6f19e70ae,5,785,True,,,,,,,,,,,64622400,0.0646224,259.61920324840924,46875000,0.7253676743667831,
efc8908b-b014-4804-ab95-33de26614148,2006,AES-128,encrypt,cuda_baseline,baseline,resident,pinned,ECB,16777216,5,16777216:ECB:5,a0e4db64f1423d04ac27082440da47b40fe32819e52d4ffae6f491feccf2d081,0,786,True,1,3983.739586026986,,0.004211423873901367,,,4211423.873901367,,,,,,,,,4211423.873901367
efc8908b-b014-4804-ab95-33de26614148,2006,AES-128,encrypt,cuda_optimized_v1,optimized,pipeline,pinned,ECB,16777216,5,16777216:ECB:5,a0e4db64f1423d04ac27082440da47b40fe32819e52d4ffae6f491feccf2d081,1,787,True,,4066.9279158789177,1132.0276643837926,0.004125279903411865,0.0148205,5389200,4125279.9034118652,5127500,10516700,14820500,,,,,,
efc8908b-b014-4804-ab95-33de26614148,2006,AES-128,encrypt,cuda_baseline,baseline,pipeline,pinned,ECB,16777216,5,16777216:ECB:5,a0e4db64f1423d04ac27082440da47b40fe32819e52d4ffae6f491feccf2d081,2,788,True,,3974.79988260456,1127.9938145023027,0.004220895767211914,0.0148735,5202700,4220895.767211914,5335500,10538200,14873500,,,,,,
efc8908b-b014-4804-ab95-33de26614148,2006,AES-128,encrypt,cpu_aesni,aesni,transform,bytes,ECB,16777216,5,16777216:ECB:5,a0e4db64f1423d04ac27082440da47b40fe32819e52d4ffae6f491feccf2d081,3,789,True,,,,,,,,,,,10842300,0.0108423,1547.385333370226,15625000,1.4411148925965893,
efc8908b-b014-4804-ab95-33de26614148,2006,AES-128,encrypt,cuda_optimized_v1,optimized,resident,pinned,ECB,16777216,5,16777216:ECB:5,a0e4db64f1423d04ac27082440da47b40fe32819e52d4ffae6f491feccf2d081,4,790,True,1,3995.9450500711014,,0.004198560237884522,,,4198560.2378845215,,,,,,,,,4198560.2378845215
efc8908b-b014-4804-ab95-33de26614148,2006,AES-128,encrypt,cpu_software,software,transform,bytes,ECB,16777216,5,16777216:ECB:5,a0e4db64f1423d04ac27082440da47b40fe32819e52d4ffae6f491feccf2d081,5,791,True,,,,,,,,,,,62589300,0.0625893,268.052462641378,62500000,0.9985732385567501,
efc8908b-b014-4804-ab95-33de26614148,2006,AES-128,encrypt,cuda_baseline,baseline,pipeline,pinned,CTR,16777216,6,16777216:CTR:6,2772b59b9f2daa25dc81c8026483f79f6e5e7576de592d61d20d71f78d2255a5,0,792,True,,3978.5699653746856,1124.154298694076,0.004216896057128906,0.0149243,5212700,4216896.057128906,5330500,10543200,14924300,,,,,,
efc8908b-b014-4804-ab95-33de26614148,2006,AES-128,encrypt,cuda_baseline,baseline,resident,pinned,CTR,16777216,6,16777216:CTR:6,2772b59b9f2daa25dc81c8026483f79f6e5e7576de592d61d20d71f78d2255a5,1,793,True,1,3859.3154952480268,,0.004347199916839599,,,4347199.9168396,,,,,,,,,4347199.9168396
efc8908b-b014-4804-ab95-33de26614148,2006,AES-128,encrypt,cuda_optimized_v1,optimized,pipeline,pinned,CTR,16777216,6,16777216:CTR:6,2772b59b9f2daa25dc81c8026483f79f6e5e7576de592d61d20d71f78d2255a5,2,794,True,,3938.5796825026105,1122.8001044015982,0.004259712219238281,0.0149423,5369800,4259712.219238281,5185900,10555700,14942300,,,,,,
efc8908b-b014-4804-ab95-33de26614148,2006,AES-128,encrypt,cpu_software,software,transform,bytes,CTR,16777216,6,16777216:CTR:6,2772b59b9f2daa25dc81c8026483f79f6e5e7576de592d61d20d71f78d2255a5,3,795,True,,,,,,,,,,,65533100,0.0655331,256.01132862629726,62500000,0.95371651882789,
efc8908b-b014-4804-ab95-33de26614148,2006,AES-128,encrypt,cuda_optimized_v1,optimized,resident,pinned,CTR,16777216,6,16777216:CTR:6,2772b59b9f2daa25dc81c8026483f79f6e5e7576de592d61d20d71f78d2255a5,4,796,True,1,3914.78795833038,,0.004285600185394287,,,4285600.185394287,,,,,,,,,4285600.185394287
efc8908b-b014-4804-ab95-33de26614148,2006,AES-128,encrypt,cpu_aesni,aesni,transform,bytes,CTR,16777216,6,16777216:CTR:6,2772b59b9f2daa25dc81c8026483f79f6e5e7576de592d61d20d71f78d2255a5,5,797,True,,,,,,,,,,,11614500,0.0116145,1444.5060915235267,0,0.0,
efc8908b-b014-4804-ab95-33de26614148,2006,AES-128,encrypt,cuda_baseline,baseline,pipeline,pinned,ECB,16777216,6,16777216:ECB:6,a9b9759ba653bd64fd327fb84c32db60f8d668900fc626edeaef090551d472f8,0,798,True,,4001.587708307995,1125.5117634825544,0.004192639827728271,0.0149063,5295200,4192639.8277282715,5286000,10581200,14906300,,,,,,
efc8908b-b014-4804-ab95-33de26614148,2006,AES-128,encrypt,cuda_optimized_v1,optimized,pipeline,pinned,ECB,16777216,6,16777216:ECB:6,a9b9759ba653bd64fd327fb84c32db60f8d668900fc626edeaef090551d472f8,1,799,True,,3994.453427750872,1105.6190319285643,0.004200128078460694,0.0151745,5633100,4200128.078460693,5137300,10770400,15174500,,,,,,
efc8908b-b014-4804-ab95-33de26614148,2006,AES-128,encrypt,cpu_aesni,aesni,transform,bytes,ECB,16777216,6,16777216:ECB:6,a9b9759ba653bd64fd327fb84c32db60f8d668900fc626edeaef090551d472f8,2,800,True,,,,,,,,,,,9646200,0.0096462,1739.2564947855114,15625000,1.6198088366403351,
efc8908b-b014-4804-ab95-33de26614148,2006,AES-128,encrypt,cuda_baseline,baseline,resident,pinned,ECB,16777216,6,16777216:ECB:6,a9b9759ba653bd64fd327fb84c32db60f8d668900fc626edeaef090551d472f8,3,801,True,1,3980.261362396114,,0.004215104103088379,,,4215104.103088379,,,,,,,,,4215104.103088379
efc8908b-b014-4804-ab95-33de26614148,2006,AES-128,encrypt,cuda_optimized_v1,optimized,resident,pinned,ECB,16777216,6,16777216:ECB:6,a9b9759ba653bd64fd327fb84c32db60f8d668900fc626edeaef090551d472f8,4,802,True,1,4066.5810173478576,,0.004125631809234619,,,4125631.809234619,,,,,,,,,4125631.809234619
efc8908b-b014-4804-ab95-33de26614148,2006,AES-128,encrypt,cpu_software,software,transform,bytes,ECB,16777216,6,16777216:ECB:6,a9b9759ba653bd64fd327fb84c32db60f8d668900fc626edeaef090551d472f8,5,803,True,,,,,,,,,,,60341300,0.0603413,278.03868991884497,62500000,1.0357748341517337,
efc8908b-b014-4804-ab95-33de26614148,2006,AES-128,encrypt,cuda_baseline,baseline,pipeline,pinned,CTR,16777216,7,16777216:CTR:7,db4b210ec750233c0b48d8072254ee65da12ffb6186571226fbe7f92769802da,0,804,True,,3828.988050518079,1130.5020720326136,0.004381631851196289,0.0148405,5180500,4381631.851196289,5157000,10337500,14840500,,,,,,
efc8908b-b014-4804-ab95-33de26614148,2006,AES-128,encrypt,cpu_aesni,aesni,transform,bytes,CTR,16777216,7,16777216:CTR:7,db4b210ec750233c0b48d8072254ee65da12ffb6186571226fbe7f92769802da,1,805,True,,,,,,,,,,,15403100,0.0154031,1089.2103537599573,15625000,1.0144061909615596,
efc8908b-b014-4804-ab95-33de26614148,2006,AES-128,encrypt,cuda_optimized_v1,optimized,resident,pinned,CTR,16777216,7,16777216:CTR:7,db4b210ec750233c0b48d8072254ee65da12ffb6186571226fbe7f92769802da,2,806,True,1,3880.711311599271,,0.004323232173919678,,,4323232.173919678,,,,,,,,,4323232.173919678
efc8908b-b014-4804-ab95-33de26614148,2006,AES-128,encrypt,cuda_baseline,baseline,resident,pinned,CTR,16777216,7,16777216:CTR:7,db4b210ec750233c0b48d8072254ee65da12ffb6186571226fbe7f92769802da,3,807,True,1,3960.118312554525,,0.004236544132232666,,,4236544.132232666,,,,,,,,,4236544.132232666
efc8908b-b014-4804-ab95-33de26614148,2006,AES-128,encrypt,cpu_software,software,transform,bytes,CTR,16777216,7,16777216:CTR:7,db4b210ec750233c0b48d8072254ee65da12ffb6186571226fbe7f92769802da,4,808,True,,,,,,,,,,,68282200,0.0682822,245.70409272108984,62500000,0.9153190729062626,
efc8908b-b014-4804-ab95-33de26614148,2006,AES-128,encrypt,cuda_optimized_v1,optimized,pipeline,pinned,CTR,16777216,7,16777216:CTR:7,db4b210ec750233c0b48d8072254ee65da12ffb6186571226fbe7f92769802da,5,809,True,,3855.8528681582734,1133.1133368903777,0.004351103782653808,0.0148063,5205300,4351103.782653809,5145300,10350600,14806300,,,,,,
efc8908b-b014-4804-ab95-33de26614148,2006,AES-128,encrypt,cuda_baseline,baseline,pipeline,pinned,ECB,16777216,7,16777216:ECB:7,1eafcce3116ddecef4082cfc1b1b2b03f0a129620a8aefa080c37167cc4f9923,0,810,True,,2861.1156337313055,632.5916429751069,0.005863872051239014,0.0265214,10360900,5863872.051239014,10153400,20514300,26521400,,,,,,
efc8908b-b014-4804-ab95-33de26614148,2006,AES-128,encrypt,cpu_software,software,transform,bytes,ECB,16777216,7,16777216:ECB:7,1eafcce3116ddecef4082cfc1b1b2b03f0a129620a8aefa080c37167cc4f9923,1,811,True,,,,,,,,,,,60988500,0.0609885,275.0881887568968,62500000,1.0247833607975274,
efc8908b-b014-4804-ab95-33de26614148,2006,AES-128,encrypt,cuda_optimized_v1,optimized,resident,pinned,ECB,16777216,7,16777216:ECB:7,1eafcce3116ddecef4082cfc1b1b2b03f0a129620a8aefa080c37167cc4f9923,2,812,True,1,2764.8236868980302,,0.0060680961608886716,,,6068096.160888672,,,,,,,,,6068096.160888672
efc8908b-b014-4804-ab95-33de26614148,2006,AES-128,encrypt,cuda_optimized_v1,optimized,pipeline,pinned,ECB,16777216,7,16777216:ECB:7,1eafcce3116ddecef4082cfc1b1b2b03f0a129620a8aefa080c37167cc4f9923,3,813,True,,2745.3801601120863,624.191857371932,0.006111072063446045,0.0268783,10391600,6111072.063446045,10179200,20570800,26878300,,,,,,
efc8908b-b014-4804-ab95-33de26614148,2006,AES-128,encrypt,cpu_aesni,aesni,transform,bytes,ECB,16777216,7,16777216:ECB:7,1eafcce3116ddecef4082cfc1b1b2b03f0a129620a8aefa080c37167cc4f9923,4,814,True,,,,,,,,,,,9078400,0.0090784,1848.0366584420162,15625000,1.7211182587240041,
efc8908b-b014-4804-ab95-33de26614148,2006,AES-128,encrypt,cuda_baseline,baseline,resident,pinned,ECB,16777216,7,16777216:ECB:7,1eafcce3116ddecef4082cfc1b1b2b03f0a129620a8aefa080c37167cc4f9923,5,815,True,1,2748.459990412988,,0.00610422420501709,,,6104224.20501709,,,,,,,,,6104224.20501709
efc8908b-b014-4804-ab95-33de26614148,2006,AES-128,encrypt,cuda_baseline,baseline,resident,pinned,ECB,16777216,8,16777216:ECB:8,f83aa33d11897001bef02c1175e2641d8c18bc52c9958435ff966efbbaadfdbf,0,816,True,1,2697.7595880924127,,0.006218944072723389,,,6218944.072723389,,,,,,,,,6218944.072723389
efc8908b-b014-4804-ab95-33de26614148,2006,AES-128,encrypt,cpu_aesni,aesni,transform,bytes,ECB,16777216,8,16777216:ECB:8,f83aa33d11897001bef02c1175e2641d8c18bc52c9958435ff966efbbaadfdbf,1,817,True,,,,,,,,,,,8488500,0.0084885,1976.4641573894091,0,0.0,
efc8908b-b014-4804-ab95-33de26614148,2006,AES-128,encrypt,cuda_baseline,baseline,pipeline,pinned,ECB,16777216,8,16777216:ECB:8,f83aa33d11897001bef02c1175e2641d8c18bc52c9958435ff966efbbaadfdbf,2,818,True,,2706.645272273834,623.570103809315,0.006198527812957763,0.0269051,10335300,6198527.812957764,10230000,20565300,26905100,,,,,,
efc8908b-b014-4804-ab95-33de26614148,2006,AES-128,encrypt,cuda_optimized_v1,optimized,pipeline,pinned,ECB,16777216,8,16777216:ECB:8,f83aa33d11897001bef02c1175e2641d8c18bc52c9958435ff966efbbaadfdbf,3,819,True,,2754.06191962066,623.8576267909135,0.006091807842254639,0.0268927,10526400,6091807.842254639,10163100,20689500,26892700,,,,,,
efc8908b-b014-4804-ab95-33de26614148,2006,AES-128,encrypt,cuda_optimized_v1,optimized,resident,pinned,ECB,16777216,8,16777216:ECB:8,f83aa33d11897001bef02c1175e2641d8c18bc52c9958435ff966efbbaadfdbf,4,820,True,1,2761.910876787689,,0.006074495792388916,,,6074495.792388916,,,,,,,,,6074495.792388916
efc8908b-b014-4804-ab95-33de26614148,2006,AES-128,encrypt,cpu_software,software,transform,bytes,ECB,16777216,8,16777216:ECB:8,f83aa33d11897001bef02c1175e2641d8c18bc52c9958435ff966efbbaadfdbf,5,821,True,,,,,,,,,,,59515700,0.0595157,281.89563426121174,62500000,1.05014307149206,
efc8908b-b014-4804-ab95-33de26614148,2006,AES-128,encrypt,cuda_baseline,baseline,pipeline,pinned,CTR,16777216,8,16777216:CTR:8,ab3da01ca14e1b74f99aadfdabb2a8f216c908f983403ebdfb74207cf43cf227,0,822,True,,2724.805464610817,625.0965371804139,0.00615721607208252,0.0268394,10348400,6157216.0720825195,10196500,20544900,26839400,,,,,,
efc8908b-b014-4804-ab95-33de26614148,2006,AES-128,encrypt,cuda_optimized_v1,optimized,resident,pinned,CTR,16777216,8,16777216:CTR:8,ab3da01ca14e1b74f99aadfdabb2a8f216c908f983403ebdfb74207cf43cf227,1,823,True,1,2719.9991410286552,,0.00616809606552124,,,6168096.06552124,,,,,,,,,6168096.06552124
efc8908b-b014-4804-ab95-33de26614148,2006,AES-128,encrypt,cuda_baseline,baseline,resident,pinned,CTR,16777216,8,16777216:CTR:8,ab3da01ca14e1b74f99aadfdabb2a8f216c908f983403ebdfb74207cf43cf227,2,824,True,1,2745.408865572442,,0.006111008167266846,,,6111008.167266846,,,,,,,,,6111008.167266846
efc8908b-b014-4804-ab95-33de26614148,2006,AES-128,encrypt,cpu_software,software,transform,bytes,CTR,16777216,8,16777216:CTR:8,ab3da01ca14e1b74f99aadfdabb2a8f216c908f983403ebdfb74207cf43cf227,3,825,True,,,,,,,,,,,64319800,0.0643198,260.8406120665798,62500000,0.9717070015764975,
efc8908b-b014-4804-ab95-33de26614148,2006,AES-128,encrypt,cuda_optimized_v1,optimized,pipeline,pinned,CTR,16777216,8,16777216:CTR:8,ab3da01ca14e1b74f99aadfdabb2a8f216c908f983403ebdfb74207cf43cf227,4,826,True,,2726.321633961872,625.411113886207,0.006153791904449463,0.0268259,10389100,6153791.904449463,10170800,20559900,26825900,,,,,,
efc8908b-b014-4804-ab95-33de26614148,2006,AES-128,encrypt,cpu_aesni,aesni,transform,bytes,CTR,16777216,8,16777216:CTR:8,ab3da01ca14e1b74f99aadfdabb2a8f216c908f983403ebdfb74207cf43cf227,5,827,True,,,,,,,,,,,11117500,0.0111175,1509.081718012143,0,0.0,
efc8908b-b014-4804-ab95-33de26614148,2006,AES-128,encrypt,cpu_software,software,transform,bytes,ECB,16777216,9,16777216:ECB:9,759f1a7e6a2c703a0d4afcda5e36236d5f7cba1554b3c605917a8cc058d1d51a,0,828,True,,,,,,,,,,,57398100,0.0573981,292.29566832351594,46875000,0.8166646631160265,
efc8908b-b014-4804-ab95-33de26614148,2006,AES-128,encrypt,cuda_baseline,baseline,resident,pinned,ECB,16777216,9,16777216:ECB:9,759f1a7e6a2c703a0d4afcda5e36236d5f7cba1554b3c605917a8cc058d1d51a,1,829,True,1,2781.162227122052,,0.006032447814941406,,,6032447.814941406,,,,,,,,,6032447.814941406
efc8908b-b014-4804-ab95-33de26614148,2006,AES-128,encrypt,cuda_optimized_v1,optimized,pipeline,pinned,ECB,16777216,9,16777216:ECB:9,759f1a7e6a2c703a0d4afcda5e36236d5f7cba1554b3c605917a8cc058d1d51a,2,830,True,,2796.0535635066735,611.2274668104516,0.0060003199577331546,0.0274484,10931100,6000319.957733154,10228000,21159100,27448400,,,,,,
efc8908b-b014-4804-ab95-33de26614148,2006,AES-128,encrypt,cpu_aesni,aesni,transform,bytes,ECB,16777216,9,16777216:ECB:9,759f1a7e6a2c703a0d4afcda5e36236d5f7cba1554b3c605917a8cc058d1d51a,3,831,True,,,,,,,,,,,8726900,0.0087269,1922.471438884369,15625000,1.7904410500865142,
efc8908b-b014-4804-ab95-33de26614148,2006,AES-128,encrypt,cuda_baseline,baseline,pipeline,pinned,ECB,16777216,9,16777216:ECB:9,759f1a7e6a2c703a0d4afcda5e36236d5f7cba1554b3c605917a8cc058d1d51a,4,832,True,,2784.4264718120558,626.9184721277661,0.006025375843048096,0.0267614,10358500,6025375.843048096,10262000,20620500,26761400,,,,,,
efc8908b-b014-4804-ab95-33de26614148,2006,AES-128,encrypt,cuda_optimized_v1,optimized,resident,pinned,ECB,16777216,9,16777216:ECB:9,759f1a7e6a2c703a0d4afcda5e36236d5f7cba1554b3c605917a8cc058d1d51a,5,833,True,1,2788.439612449668,,0.006016704082489013,,,6016704.082489014,,,,,,,,,6016704.082489014
efc8908b-b014-4804-ab95-33de26614148,2006,AES-128,encrypt,cuda_baseline,baseline,pipeline,pinned,CTR,16777216,9,16777216:CTR:9,ece03a4559d0a2d1713b12de143b15108131d1809c8eb79d399c16a96e54310e,0,834,True,,3237.1249041732285,645.4811132741864,0.005182752132415772,0.0259918,10421900,5182752.1324157715,10230200,20652100,25991800,,,,,,
efc8908b-b014-4804-ab95-33de26614148,2006,AES-128,encrypt,cuda_baseline,baseline,resident,pinned,CTR,16777216,9,16777216:CTR:9,ece03a4559d0a2d1713b12de143b15108131d1809c8eb79d399c16a96e54310e,1,835,True,1,3086.5344331568053,,0.0054356160163879395,,,5435616.016387939,,,,,,,,,5435616.016387939
efc8908b-b014-4804-ab95-33de26614148,2006,AES-128,encrypt,cpu_software,software,transform,bytes,CTR,16777216,9,16777216:CTR:9,ece03a4559d0a2d1713b12de143b15108131d1809c8eb79d399c16a96e54310e,2,836,True,,,,,,,,,,,62889900,0.0628899,266.77123035654375,62500000,0.9938002763559809,
efc8908b-b014-4804-ab95-33de26614148,2006,AES-128,encrypt,cuda_optimized_v1,optimized,pipeline,pinned,CTR,16777216,9,16777216:CTR:9,ece03a4559d0a2d1713b12de143b15108131d1809c8eb79d399c16a96e54310e,3,837,True,,3167.2525615804193,646.9696128335647,0.005297088146209717,0.025932,10335500,5297088.146209717,10170300,20505800,25932000,,,,,,
efc8908b-b014-4804-ab95-33de26614148,2006,AES-128,encrypt,cuda_optimized_v1,optimized,resident,pinned,CTR,16777216,9,16777216:CTR:9,ece03a4559d0a2d1713b12de143b15108131d1809c8eb79d399c16a96e54310e,4,838,True,1,3184.50896220463,,0.005268383979797364,,,5268383.979797363,,,,,,,,,5268383.979797363
efc8908b-b014-4804-ab95-33de26614148,2006,AES-128,encrypt,cpu_aesni,aesni,transform,bytes,CTR,16777216,9,16777216:CTR:9,ece03a4559d0a2d1713b12de143b15108131d1809c8eb79d399c16a96e54310e,5,839,True,,,,,,,,,,,11262000,0.011262,1489.719055229977,15625000,1.3874089859705203,
efc8908b-b014-4804-ab95-33de26614148,2006,AES-128,encrypt,cuda_optimized_v1,optimized,resident,pinned,CTR,16777216,10,16777216:CTR:10,8301765f20e08380ce673e2c9716e97e39a90f03c46f4a21d26231002b7a408b,0,840,True,1,3140.652795135539,,0.005341951847076416,,,5341951.847076416,,,,,,,,,5341951.847076416
efc8908b-b014-4804-ab95-33de26614148,2006,AES-128,encrypt,cuda_baseline,baseline,resident,pinned,CTR,16777216,10,16777216:CTR:10,8301765f20e08380ce673e2c9716e97e39a90f03c46f4a21d26231002b7a408b,1,841,True,1,3217.0433549091667,,0.005215104103088379,,,5215104.103088379,,,,,,,,,5215104.103088379
efc8908b-b014-4804-ab95-33de26614148,2006,AES-128,encrypt,cpu_aesni,aesni,transform,bytes,CTR,16777216,10,16777216:CTR:10,8301765f20e08380ce673e2c9716e97e39a90f03c46f4a21d26231002b7a408b,2,842,True,,,,,,,,,,,10739500,0.0107395,1562.1971227710787,0,0.0,
efc8908b-b014-4804-ab95-33de26614148,2006,AES-128,encrypt,cuda_optimized_v1,optimized,pipeline,pinned,CTR,16777216,10,16777216:CTR:10,8301765f20e08380ce673e2c9716e97e39a90f03c46f4a21d26231002b7a408b,3,843,True,,3164.5571271291437,647.9691024254596,0.005301599979400635,0.025892,10334400,5301599.979400635,10144500,20478900,25892000,,,,,,
efc8908b-b014-4804-ab95-33de26614148,2006,AES-128,encrypt,cpu_software,software,transform,bytes,CTR,16777216,10,16777216:CTR:10,8301765f20e08380ce673e2c9716e97e39a90f03c46f4a21d26231002b7a408b,4,844,True,,,,,,,,,,,63198500,0.0631985,265.4685791593155,62500000,0.9889475224886667,
efc8908b-b014-4804-ab95-33de26614148,2006,AES-128,encrypt,cuda_baseline,baseline,pipeline,pinned,CTR,16777216,10,16777216:CTR:10,8301765f20e08380ce673e2c9716e97e39a90f03c46f4a21d26231002b7a408b,5,845,True,,3207.3016835176754,642.6722440567852,0.005230944156646728,0.0261054,10413100,5230944.1566467285,10320500,20733600,26105400,,,,,,
efc8908b-b014-4804-ab95-33de26614148,2006,AES-128,encrypt,cuda_baseline,baseline,resident,pinned,ECB,16777216,10,16777216:ECB:10,837b3ddad2c25c68694a069167c8f6aa0fcaf92003b594172960d2e7ac0f0db5,0,846,True,1,3174.1364105367875,,0.005285600185394287,,,5285600.185394287,,,,,,,,,5285600.185394287
efc8908b-b014-4804-ab95-33de26614148,2006,AES-128,encrypt,cuda_optimized_v1,optimized,resident,pinned,ECB,16777216,10,16777216:ECB:10,837b3ddad2c25c68694a069167c8f6aa0fcaf92003b594172960d2e7ac0f0db5,1,847,True,1,3238.5247167155685,,0.005180511951446533,,,5180511.951446533,,,,,,,,,5180511.951446533
efc8908b-b014-4804-ab95-33de26614148,2006,AES-128,encrypt,cpu_aesni,aesni,transform,bytes,ECB,16777216,10,16777216:ECB:10,837b3ddad2c25c68694a069167c8f6aa0fcaf92003b594172960d2e7ac0f0db5,2,848,True,,,,,,,,,,,8423400,0.0084234,1991.7392026972482,0,0.0,
efc8908b-b014-4804-ab95-33de26614148,2006,AES-128,encrypt,cpu_software,software,transform,bytes,ECB,16777216,10,16777216:ECB:10,837b3ddad2c25c68694a069167c8f6aa0fcaf92003b594172960d2e7ac0f0db5,3,849,True,,,,,,,,,,,58343600,0.0583436,287.5588067928616,62500000,1.0712400331827312,
efc8908b-b014-4804-ab95-33de26614148,2006,AES-128,encrypt,cuda_optimized_v1,optimized,pipeline,pinned,ECB,16777216,10,16777216:ECB:10,837b3ddad2c25c68694a069167c8f6aa0fcaf92003b594172960d2e7ac0f0db5,4,850,True,,3157.6005154229347,634.8176961147856,0.00531328010559082,0.0264284,10463100,5313280.10559082,10484900,20948000,26428400,,,,,,
efc8908b-b014-4804-ab95-33de26614148,2006,AES-128,encrypt,cuda_baseline,baseline,pipeline,pinned,ECB,16777216,10,16777216:ECB:10,837b3ddad2c25c68694a069167c8f6aa0fcaf92003b594172960d2e7ac0f0db5,5,851,True,,3223.9671427886033,643.7572808828382,0.005203904151916504,0.0260614,10500200,5203904.151916504,10225700,20725900,26061400,,,,,,
efc8908b-b014-4804-ab95-33de26614148,2006,AES-128,encrypt,cuda_baseline,baseline,resident,pinned,CTR,16777216,11,16777216:CTR:11,2b689b0769dcd54f3f9122fa707affaccba844ea11d765ce05b877a8ca09fc59,0,852,True,1,3138.8663435379012,,0.005344992160797119,,,5344992.160797119,,,,,,,,,5344992.160797119
efc8908b-b014-4804-ab95-33de26614148,2006,AES-128,encrypt,cuda_optimized_v1,optimized,resident,pinned,CTR,16777216,11,16777216:CTR:11,2b689b0769dcd54f3f9122fa707affaccba844ea11d765ce05b877a8ca09fc59,1,853,True,1,3231.8170501560135,,0.005191264152526856,,,5191264.1525268555,,,,,,,,,5191264.1525268555
efc8908b-b014-4804-ab95-33de26614148,2006,AES-128,encrypt,cpu_software,software,transform,bytes,CTR,16777216,11,16777216:CTR:11,2b689b0769dcd54f3f9122fa707affaccba844ea11d765ce05b877a8ca09fc59,2,854,True,,,,,,,,,,,62503200,0.0625032,268.4217128083042,62500000,0.9999488026213058,
efc8908b-b014-4804-ab95-33de26614148,2006,AES-128,encrypt,cpu_aesni,aesni,transform,bytes,CTR,16777216,11,16777216:CTR:11,2b689b0769dcd54f3f9122fa707affaccba844ea11d765ce05b877a8ca09fc59,3,855,True,,,,,,,,,,,11773200,0.0117732,1425.0344851017564,15625000,1.3271667855808107,
efc8908b-b014-4804-ab95-33de26614148,2006,AES-128,encrypt,cuda_baseline,baseline,pipeline,pinned,CTR,16777216,11,16777216:CTR:11,2b689b0769dcd54f3f9122fa707affaccba844ea11d765ce05b877a8ca09fc59,4,856,True,,3088.443422966825,638.244574211097,0.00543225622177124,0.0262865,10408800,5432256.22177124,10272800,20681600,26286500,,,,,,
efc8908b-b014-4804-ab95-33de26614148,2006,AES-128,encrypt,cuda_optimized_v1,optimized,pipeline,pinned,CTR,16777216,11,16777216:CTR:11,2b689b0769dcd54f3f9122fa707affaccba844ea11d765ce05b877a8ca09fc59,5,857,True,,3144.2124180450005,631.1447509987887,0.0053359041213989255,0.0265822,10764800,5335904.121398926,10314500,21079300,26582200,,,,,,
efc8908b-b014-4804-ab95-33de26614148,2006,AES-128,encrypt,cuda_baseline,baseline,resident,pinned,ECB,16777216,11,16777216:ECB:11,3b5f0f8c94a7b781ec5d6df75dce237fa0b0c5bf70b9ebe6d4f85ddba7a32975,0,858,True,1,3162.037908359927,,0.005305823802947998,,,5305823.802947998,,,,,,,,,5305823.802947998
efc8908b-b014-4804-ab95-33de26614148,2006,AES-128,encrypt,cpu_software,software,transform,bytes,ECB,16777216,11,16777216:ECB:11,3b5f0f8c94a7b781ec5d6df75dce237fa0b0c5bf70b9ebe6d4f85ddba7a32975,1,859,True,,,,,,,,,,,58050400,0.0580504,289.0112040571641,46875000,0.8074879759657125,
efc8908b-b014-4804-ab95-33de26614148,2006,AES-128,encrypt,cuda_optimized_v1,optimized,pipeline,pinned,ECB,16777216,11,16777216:ECB:11,3b5f0f8c94a7b781ec5d6df75dce237fa0b0c5bf70b9ebe6d4f85ddba7a32975,2,860,True,,3171.9473227224835,644.1205987706696,0.005289247989654541,0.0260467,10384000,5289247.989654541,10242100,20626100,26046700,,,,,,
efc8908b-b014-4804-ab95-33de26614148,2006,AES-128,encrypt,cpu_aesni,aesni,transform,bytes,ECB,16777216,11,16777216:ECB:11,3b5f0f8c94a7b781ec5d6df75dce237fa0b0c5bf70b9ebe6d4f85ddba7a32975,3,861,True,,,,,,,,,,,9068000,0.009068,1850.1561535068372,15625000,1.723092192324658,
efc8908b-b014-4804-ab95-33de26614148,2006,AES-128,encrypt,cuda_optimized_v1,optimized,resident,pinned,ECB,16777216,11,16777216:ECB:11,3b5f0f8c94a7b781ec5d6df75dce237fa0b0c5bf70b9ebe6d4f85ddba7a32975,4,862,True,1,3182.266692440487,,0.005272096157073975,,,5272096.157073975,,,,,,,,,5272096.157073975
efc8908b-b014-4804-ab95-33de26614148,2006,AES-128,encrypt,cuda_baseline,baseline,pipeline,pinned,ECB,16777216,11,16777216:ECB:11,3b5f0f8c94a7b781ec5d6df75dce237fa0b0c5bf70b9ebe6d4f85ddba7a32975,5,863,True,,3126.363412341239,690.3351849565897,0.005366367816925049,0.024303,10357700,5366367.816925049,8466800,18824500,24303000,,,,,,
efc8908b-b014-4804-ab95-33de26614148,2006,AES-128,encrypt,cuda_baseline,baseline,resident,pinned,CTR,16777216,12,16777216:CTR:12,48e88efc2f6851c306b05a7caed21109b5ce5ffefe7cefb249d052b2b51c3342,0,864,True,1,3583.5765974096344,,0.004681695938110351,,,4681695.938110352,,,,,,,,,4681695.938110352
efc8908b-b014-4804-ab95-33de26614148,2006,AES-128,encrypt,cpu_software,software,transform,bytes,CTR,16777216,12,16777216:CTR:12,48e88efc2f6851c306b05a7caed21109b5ce5ffefe7cefb249d052b2b51c3342,1,865,True,,,,,,,,,,,60674800,0.0606748,276.5104458523143,62500000,1.0300816813570048,
efc8908b-b014-4804-ab95-33de26614148,2006,AES-128,encrypt,cpu_aesni,aesni,transform,bytes,CTR,16777216,12,16777216:CTR:12,48e88efc2f6851c306b05a7caed21109b5ce5ffefe7cefb249d052b2b51c3342,2,866,True,,,,,,,,,,,11338100,0.0113381,1479.720235312795,15625000,1.3780968592621339,
efc8908b-b014-4804-ab95-33de26614148,2006,AES-128,encrypt,cuda_optimized_v1,optimized,resident,pinned,CTR,16777216,12,16777216:CTR:12,48e88efc2f6851c306b05a7caed21109b5ce5ffefe7cefb249d052b2b51c3342,3,867,True,1,3603.8989883225854,,0.004655295848846435,,,4655295.848846436,,,,,,,,,4655295.848846436
efc8908b-b014-4804-ab95-33de26614148,2006,AES-128,encrypt,cuda_baseline,baseline,pipeline,pinned,CTR,16777216,12,16777216:CTR:12,48e88efc2f6851c306b05a7caed21109b5ce5ffefe7cefb249d052b2b51c3342,4,868,True,,3593.8938861377715,1092.9711207093114,0.004668255805969238,0.0153501,5260000,4668255.805969238,5279800,10539800,15350100,,,,,,
efc8908b-b014-4804-ab95-33de26614148,2006,AES-128,encrypt,cuda_optimized_v1,optimized,pipeline,pinned,CTR,16777216,12,16777216:CTR:12,48e88efc2f6851c306b05a7caed21109b5ce5ffefe7cefb249d052b2b51c3342,5,869,True,,3627.6127540451157,1088.1224503032072,0.004624864101409912,0.0154185,5206500,4624864.101409912,5471300,10677800,15418500,,,,,,
efc8908b-b014-4804-ab95-33de26614148,2006,AES-128,encrypt,cuda_optimized_v1,optimized,resident,pinned,ECB,16777216,12,16777216:ECB:12,729fb416fcdca6edc7e7d3f06132d7f7d9c64f90de1e90162ede600ec5247359,0,870,True,1,3719.964028128653,,0.004510047912597656,,,4510047.912597656,,,,,,,,,4510047.912597656
efc8908b-b014-4804-ab95-33de26614148,2006,AES-128,encrypt,cuda_baseline,baseline,resident,pinned,ECB,16777216,12,16777216:ECB:12,729fb416fcdca6edc7e7d3f06132d7f7d9c64f90de1e90162ede600ec5247359,1,871,True,1,3744.7002354495817,,0.0044802560806274415,,,4480256.080627441,,,,,,,,,4480256.080627441
efc8908b-b014-4804-ab95-33de26614148,2006,AES-128,encrypt,cuda_baseline,baseline,pipeline,pinned,ECB,16777216,12,16777216:ECB:12,729fb416fcdca6edc7e7d3f06132d7f7d9c64f90de1e90162ede600ec5247359,2,872,True,,3711.432046441355,1112.6655348047539,0.004520415782928467,0.0150784,5206400,4520415.782928467,5233600,10440000,15078400,,,,,,
efc8908b-b014-4804-ab95-33de26614148,2006,AES-128,encrypt,cuda_optimized_v1,optimized,pipeline,pinned,ECB,16777216,12,16777216:ECB:12,729fb416fcdca6edc7e7d3f06132d7f7d9c64f90de1e90162ede600ec5247359,3,873,True,,3700.821462268881,1112.200839260973,0.004533376216888428,0.0150847,5246000,4533376.216888428,5209300,10455300,15084700,,,,,,
efc8908b-b014-4804-ab95-33de26614148,2006,AES-128,encrypt,cpu_aesni,aesni,transform,bytes,ECB,16777216,12,16777216:ECB:12,729fb416fcdca6edc7e7d3f06132d7f7d9c64f90de1e90162ede600ec5247359,4,874,True,,,,,,,,,,,9232100,0.0092321,1817.2697436119627,0,0.0,
efc8908b-b014-4804-ab95-33de26614148,2006,AES-128,encrypt,cpu_software,software,transform,bytes,ECB,16777216,12,16777216:ECB:12,729fb416fcdca6edc7e7d3f06132d7f7d9c64f90de1e90162ede600ec5247359,5,875,True,,,,,,,,,,,59465400,0.0594654,282.1340813313288,62500000,1.0510313560490638,
efc8908b-b014-4804-ab95-33de26614148,2006,AES-128,encrypt,cpu_aesni,aesni,transform,bytes,CTR,16777216,13,16777216:CTR:13,7af0254ff8c9305bded518b665168cd88ee67402e9b50354f5495010c080edf1,0,876,True,,,,,,,,,,,11078900,0.0110789,1514.3395102401862,0,0.0,
efc8908b-b014-4804-ab95-33de26614148,2006,AES-128,encrypt,cpu_software,software,transform,bytes,CTR,16777216,13,16777216:CTR:13,7af0254ff8c9305bded518b665168cd88ee67402e9b50354f5495010c080edf1,1,877,True,,,,,,,,,,,65275600,0.0652756,257.0212453045242,78125000,1.1968484395394297,
efc8908b-b014-4804-ab95-33de26614148,2006,AES-128,encrypt,cuda_baseline,baseline,pipeline,pinned,CTR,16777216,13,16777216:CTR:13,7af0254ff8c9305bded518b665168cd88ee67402e9b50354f5495010c080edf1,2,878,True,,3597.420004039898,1100.5133520062448,0.004663680076599121,0.0152449,5246600,4663680.076599121,5229500,10476100,15244900,,,,,,
efc8908b-b014-4804-ab95-33de26614148,2006,AES-128,encrypt,cuda_optimized_v1,optimized,resident,pinned,CTR,16777216,13,16777216:CTR:13,7af0254ff8c9305bded518b665168cd88ee67402e9b50354f5495010c080edf1,3,879,True,1,3633.244088846666,,0.004617695808410645,,,4617695.8084106445,,,,,,,,,4617695.8084106445
efc8908b-b014-4804-ab95-33de26614148,2006,AES-128,encrypt,cuda_baseline,baseline,resident,pinned,CTR,16777216,13,16777216:CTR:13,7af0254ff8c9305bded518b665168cd88ee67402e9b50354f5495010c080edf1,4,880,True,1,3635.1081872168365,,0.004615327835083008,,,4615327.835083008,,,,,,,,,4615327.835083008
efc8908b-b014-4804-ab95-33de26614148,2006,AES-128,encrypt,cuda_optimized_v1,optimized,pipeline,pinned,CTR,16777216,13,16777216:CTR:13,7af0254ff8c9305bded518b665168cd88ee67402e9b50354f5495010c080edf1,5,881,True,,3712.9563953670004,1094.7040937504078,0.00451855993270874,0.0153258,5552600,4518559.93270874,5151300,10703900,15325800,,,,,,
efc8908b-b014-4804-ab95-33de26614148,2006,AES-128,encrypt,cpu_software,software,transform,bytes,ECB,16777216,13,16777216:ECB:13,e35a52d4a85987a33020cf1d99a3835b127073ce737fc5c1e83bc19f4c958fcc,0,882,True,,,,,,,,,,,57214700,0.0572147,293.2326132969324,62500000,1.0923766095076965,
efc8908b-b014-4804-ab95-33de26614148,2006,AES-128,encrypt,cuda_optimized_v1,optimized,resident,pinned,ECB,16777216,13,16777216:ECB:13,e35a52d4a85987a33020cf1d99a3835b127073ce737fc5c1e83bc19f4c958fcc,1,883,True,1,3677.562391514102,,0.004562047958374024,,,4562047.958374023,,,,,,,,,4562047.958374023
efc8908b-b014-4804-ab95-33de26614148,2006,AES-128,encrypt,cuda_baseline,baseline,pipeline,pinned,ECB,16777216,13,16777216:ECB:13,e35a52d4a85987a33020cf1d99a3835b127073ce737fc5c1e83bc19f4c958fcc,2,884,True,,3659.363696054702,1087.2339625820582,0.0045847358703613285,0.0154311,5479400,4584735.870361328,5209000,10688400,15431100,,,,,,
efc8908b-b014-4804-ab95-33de26614148,2006,AES-128,encrypt,cpu_aesni,aesni,transform,bytes,ECB,16777216,13,16777216:ECB:13,e35a52d4a85987a33020cf1d99a3835b127073ce737fc5c1e83bc19f4c958fcc,3,885,True,,,,,,,,,,,8240900,0.0082409,2035.8475409239281,0,0.0,
efc8908b-b014-4804-ab95-33de26614148,2006,AES-128,encrypt,cuda_baseline,baseline,resident,pinned,ECB,16777216,13,16777216:ECB:13,e35a52d4a85987a33020cf1d99a3835b127073ce737fc5c1e83bc19f4c958fcc,4,886,True,1,3703.9853940077005,,0.004529503822326661,,,4529503.82232666,,,,,,,,,4529503.82232666
efc8908b-b014-4804-ab95-33de26614148,2006,AES-128,encrypt,cuda_optimized_v1,optimized,pipeline,pinned,ECB,16777216,13,16777216:ECB:13,e35a52d4a85987a33020cf1d99a3835b127073ce737fc5c1e83bc19f4c958fcc,5,887,True,,3717.273813436539,1101.6117192065503,0.004513311862945557,0.0152297,5356500,4513311.862945557,5227000,10583500,15229700,,,,,,
efc8908b-b014-4804-ab95-33de26614148,2006,AES-128,encrypt,cuda_optimized_v1,optimized,resident,pinned,ECB,16777216,14,16777216:ECB:14,6baa3621db0ef41566cd62c79a06fb28c686eeb78c34cd39b4fb1cd1d5b57711,0,888,True,1,3734.5111703342163,,0.004492479801177979,,,4492479.8011779785,,,,,,,,,4492479.8011779785
efc8908b-b014-4804-ab95-33de26614148,2006,AES-128,encrypt,cpu_aesni,aesni,transform,bytes,ECB,16777216,14,16777216:ECB:14,6baa3621db0ef41566cd62c79a06fb28c686eeb78c34cd39b4fb1cd1d5b57711,1,889,True,,,,,,,,,,,9486100,0.0094861,1768.6104932480155,15625000,1.647146878063693,
efc8908b-b014-4804-ab95-33de26614148,2006,AES-128,encrypt,cuda_baseline,baseline,pipeline,pinned,ECB,16777216,14,16777216:ECB:14,6baa3621db0ef41566cd62c79a06fb28c686eeb78c34cd39b4fb1cd1d5b57711,2,890,True,,3721.6012837645485,1113.7735172670182,0.004508063793182373,0.0150634,5203900,4508063.793182373,5247400,10451300,15063400,,,,,,
efc8908b-b014-4804-ab95-33de26614148,2006,AES-128,encrypt,cpu_software,software,transform,bytes,ECB,16777216,14,16777216:ECB:14,6baa3621db0ef41566cd62c79a06fb28c686eeb78c34cd39b4fb1cd1d5b57711,3,891,True,,,,,,,,,,,59675300,0.0596753,281.1417118975522,62500000,1.0473344918249259,
efc8908b-b014-4804-ab95-33de26614148,2006,AES-128,encrypt,cuda_optimized_v1,optimized,pipeline,pinned,ECB,16777216,14,16777216:ECB:14,6baa3621db0ef41566cd62c79a06fb28c686eeb78c34cd39b4fb1cd1d5b57711,4,892,True,,3709.934766703519,1116.820726519907,0.004522240161895752,0.0150223,5236000,4522240.161895752,5146500,10382500,15022300,,,,,,
efc8908b-b014-4804-ab95-33de26614148,2006,AES-128,encrypt,cuda_baseline,baseline,resident,pinned,ECB,16777216,14,16777216:ECB:14,6baa3621db0ef41566cd62c79a06fb28c686eeb78c34cd39b4fb1cd1d5b57711,5,893,True,1,3795.447979680156,,0.004420351982116699,,,4420351.982116699,,,,,,,,,4420351.982116699
efc8908b-b014-4804-ab95-33de26614148,2006,AES-128,encrypt,cuda_baseline,baseline,resident,pinned,CTR,16777216,14,16777216:CTR:14,97188ce3a1d429be6b726c1c8e3ce6a5b011e7cdb4c98eb8b5869dbcc0e47dfb,0,894,True,1,3570.471112595499,,0.004698880195617676,,,4698880.195617676,,,,,,,,,4698880.195617676
efc8908b-b014-4804-ab95-33de26614148,2006,AES-128,encrypt,cpu_aesni,aesni,transform,bytes,CTR,16777216,14,16777216:CTR:14,97188ce3a1d429be6b726c1c8e3ce6a5b011e7cdb4c98eb8b5869dbcc0e47dfb,1,895,True,,,,,,,,,,,11297100,0.0112971,1485.090509953882,15625000,1.3830983172672633,
efc8908b-b014-4804-ab95-33de26614148,2006,AES-128,encrypt,cuda_optimized_v1,optimized,pipeline,pinned,CTR,16777216,14,16777216:CTR:14,97188ce3a1d429be6b726c1c8e3ce6a5b011e7cdb4c98eb8b5869dbcc0e47dfb,2,896,True,,3672.2302100814095,1059.8233755732713,0.004568672180175782,0.0158302,5847800,4568672.180175781,5267100,11114900,15830200,,,,,,
efc8908b-b014-4804-ab95-33de26614148,2006,AES-128,encrypt,cuda_baseline,baseline,pipeline,pinned,CTR,16777216,14,16777216:CTR:14,97188ce3a1d429be6b726c1c8e3ce6a5b011e7cdb4c98eb8b5869dbcc0e47dfb,3,897,True,,2821.938712415212,623.3916946583039,0.005945280075073243,0.0269128,10484200,5945280.075073242,10326500,20810700,26912800,,,,,,
efc8908b-b014-4804-ab95-33de26614148,2006,AES-128,encrypt,cuda_optimized_v1,optimized,resident,pinned,CTR,16777216,14,16777216:CTR:14,97188ce3a1d429be6b726c1c8e3ce6a5b011e7cdb4c98eb8b5869dbcc0e47dfb,4,898,True,1,2836.6571568627246,,0.005914432048797607,,,5914432.048797607,,,,,,,,,5914432.048797607
efc8908b-b014-4804-ab95-33de26614148,2006,AES-128,encrypt,cpu_software,software,transform,bytes,CTR,16777216,14,16777216:CTR:14,97188ce3a1d429be6b726c1c8e3ce6a5b011e7cdb4c98eb8b5869dbcc0e47dfb,5,899,True,,,,,,,,,,,65035300,0.0650353,257.9709173325871,78125000,1.2012706945305087,
efc8908b-b014-4804-ab95-33de26614148,2006,AES-128,encrypt,cuda_baseline,baseline,resident,pinned,CTR,16777216,15,16777216:CTR:15,cf12bb905c620d035929fabff2144aa0639b6e37e43fcd8d75d042f3f6d773dd,0,900,True,1,2747.9991100051056,,0.006105247974395752,,,6105247.974395752,,,,,,,,,6105247.974395752
efc8908b-b014-4804-ab95-33de26614148,2006,AES-128,encrypt,cuda_optimized_v1,optimized,pipeline,pinned,CTR,16777216,15,16777216:CTR:15,cf12bb905c620d035929fabff2144aa0639b6e37e43fcd8d75d042f3f6d773dd,1,901,True,,2792.8214269648884,626.0295379747308,0.006007264137268067,0.0267994,10378200,6007264.137268066,10268800,20647000,26799400,,,,,,
efc8908b-b014-4804-ab95-33de26614148,2006,AES-128,encrypt,cuda_optimized_v1,optimized,resident,pinned,CTR,16777216,15,16777216:CTR:15,cf12bb905c620d035929fabff2144aa0639b6e37e43fcd8d75d042f3f6d773dd,2,902,True,1,2776.3609136984155,,0.006042880058288574,,,6042880.058288574,,,,,,,,,6042880.058288574
efc8908b-b014-4804-ab95-33de26614148,2006,AES-128,encrypt,cpu_software,software,transform,bytes,CTR,16777216,15,16777216:CTR:15,cf12bb905c620d035929fabff2144aa0639b6e37e43fcd8d75d042f3f6d773dd,3,903,True,,,,,,,,,,,62058000,0.062058,270.34735247671534,46875000,0.7553417770472783,
efc8908b-b014-4804-ab95-33de26614148,2006,AES-128,encrypt,cpu_aesni,aesni,transform,bytes,CTR,16777216,15,16777216:CTR:15,cf12bb905c620d035929fabff2144aa0639b6e37e43fcd8d75d042f3f6d773dd,4,904,True,,,,,,,,,,,26772900,0.0267729,626.6491863040612,31250000,1.1672250671387858,
efc8908b-b014-4804-ab95-33de26614148,2006,AES-128,encrypt,cuda_baseline,baseline,pipeline,pinned,CTR,16777216,15,16777216:CTR:15,cf12bb905c620d035929fabff2144aa0639b6e37e43fcd8d75d042f3f6d773dd,5,905,True,,2702.1534123105807,619.110591204809,0.006208831787109375,0.0270989,10466600,6208831.787109375,10265200,20731800,27098900,,,,,,
efc8908b-b014-4804-ab95-33de26614148,2006,AES-128,encrypt,cuda_optimized_v1,optimized,resident,pinned,ECB,16777216,15,16777216:ECB:15,250aedc167b6c8a5f6fa268edab5854462bdefe84f8a3486e7f2220098861b2e,0,906,True,1,2622.8956516058506,,0.006396448135375977,,,6396448.135375977,,,,,,,,,6396448.135375977
efc8908b-b014-4804-ab95-33de26614148,2006,AES-128,encrypt,cpu_software,software,transform,bytes,ECB,16777216,15,16777216:ECB:15,250aedc167b6c8a5f6fa268edab5854462bdefe84f8a3486e7f2220098861b2e,1,907,True,,,,,,,,,,,58675700,0.0586757,285.9312458138548,62500000,1.0651768960574821,
efc8908b-b014-4804-ab95-33de26614148,2006,AES-128,encrypt,cuda_baseline,baseline,pipeline,pinned,ECB,16777216,15,16777216:ECB:15,250aedc167b6c8a5f6fa268edab5854462bdefe84f8a3486e7f2220098861b2e,2,908,True,,2478.6335710989197,598.1502041107368,0.006768735885620117,0.0280485,10530200,6768735.885620117,10622100,21152300,28048500,,,,,,
efc8908b-b014-4804-ab95-33de26614148,2006,AES-128,encrypt,cuda_baseline,baseline,resident,pinned,ECB,16777216,15,16777216:ECB:15,250aedc167b6c8a5f6fa268edab5854462bdefe84f8a3486e7f2220098861b2e,3,909,True,1,2476.982315630977,,0.006773248195648194,,,6773248.195648193,,,,,,,,,6773248.195648193
efc8908b-b014-4804-ab95-33de26614148,2006,AES-128,encrypt,cuda_optimized_v1,optimized,pipeline,pinned,ECB,16777216,15,16777216:ECB:15,250aedc167b6c8a5f6fa268edab5854462bdefe84f8a3486e7f2220098861b2e,4,910,True,,2456.1991243273606,607.4035885479269,0.006830560207366943,0.0276212,10394300,6830560.207366943,10244800,20639100,27621200,,,,,,
efc8908b-b014-4804-ab95-33de26614148,2006,AES-128,encrypt,cpu_aesni,aesni,transform,bytes,ECB,16777216,15,16777216:ECB:15,250aedc167b6c8a5f6fa268edab5854462bdefe84f8a3486e7f2220098861b2e,5,911,True,,,,,,,,,,,8584600,0.0085846,1954.3386995317196,15625000,1.8201197493185473,
efc8908b-b014-4804-ab95-33de26614148,2006,AES-128,encrypt,cuda_optimized_v1,optimized,pipeline,pinned,CTR,16777216,16,16777216:CTR:16,ac0c4684a61660755f3475a5f256e7b2b6a6b1a4430b3dcbd12bc021e2a37c26,0,912,True,,2553.790018958119,587.3943442533987,0.006569536209106446,0.0285621,11487800,6569536.209106445,10350200,21838000,28562100,,,,,,
efc8908b-b014-4804-ab95-33de26614148,2006,AES-128,encrypt,cpu_aesni,aesni,transform,bytes,CTR,16777216,16,16777216:CTR:16,ac0c4684a61660755f3475a5f256e7b2b6a6b1a4430b3dcbd12bc021e2a37c26,1,913,True,,,,,,,,,,,54264700,0.0542647,309.17366169904193,31250000,0.5758808212336933,
efc8908b-b014-4804-ab95-33de26614148,2006,AES-128,encrypt,cuda_baseline,baseline,resident,pinned,CTR,16777216,16,16777216:CTR:16,ac0c4684a61660755f3475a5f256e7b2b6a6b1a4430b3dcbd12bc021e2a37c26,2,914,True,1,2526.5308126527993,,0.006640416145324707,,,6640416.145324707,,,,,,,,,6640416.145324707
efc8908b-b014-4804-ab95-33de26614148,2006,AES-128,encrypt,cpu_software,software,transform,bytes,CTR,16777216,16,16777216:CTR:16,ac0c4684a61660755f3475a5f256e7b2b6a6b1a4430b3dcbd12bc021e2a37c26,3,915,True,,,,,,,,,,,63237200,0.0632372,265.3061172853953,46875000,0.7412567286344114,
efc8908b-b014-4804-ab95-33de26614148,2006,AES-128,encrypt,cuda_baseline,baseline,pipeline,pinned,CTR,16777216,16,16777216:CTR:16,ac0c4684a61660755f3475a5f256e7b2b6a6b1a4430b3dcbd12bc021e2a37c26,4,916,True,,2486.5449326604617,611.6976880699158,0.0067472000122070315,0.0274273,10333600,6747200.012207031,10228000,20561600,27427300,,,,,,
efc8908b-b014-4804-ab95-33de26614148,2006,AES-128,encrypt,cuda_optimized_v1,optimized,resident,pinned,CTR,16777216,16,16777216:CTR:16,ac0c4684a61660755f3475a5f256e7b2b6a6b1a4430b3dcbd12bc021e2a37c26,5,917,True,1,2488.6577558726403,,0.006741471767425537,,,6741471.767425537,,,,,,,,,6741471.767425537
efc8908b-b014-4804-ab95-33de26614148,2006,AES-128,encrypt,cuda_baseline,baseline,resident,pinned,ECB,16777216,16,16777216:ECB:16,ebf496a75d4099c35ac7061fd586391acfca05b81ee5813fc78c9262655c8736,0,918,True,1,2528.9195458481136,,0.0066341438293457036,,,6634143.829345703,,,,,,,,,6634143.829345703
efc8908b-b014-4804-ab95-33de26614148,2006,AES-128,encrypt,cpu_aesni,aesni,transform,bytes,ECB,16777216,16,16777216:ECB:16,ebf496a75d4099c35ac7061fd586391acfca05b81ee5813fc78c9262655c8736,1,919,True,,,,,,,,,,,8765300,0.0087653,1914.0492624325466,15625000,1.782597287029537,
efc8908b-b014-4804-ab95-33de26614148,2006,AES-128,encrypt,cpu_software,software,transform,bytes,ECB,16777216,16,16777216:ECB:16,ebf496a75d4099c35ac7061fd586391acfca05b81ee5813fc78c9262655c8736,2,920,True,,,,,,,,,,,58287400,0.0582874,287.83606748628347,62500000,1.0722729097540806,
efc8908b-b014-4804-ab95-33de26614148,2006,AES-128,encrypt,cuda_optimized_v1,optimized,pipeline,pinned,ECB,16777216,16,16777216:ECB:16,ebf496a75d4099c35ac7061fd586391acfca05b81ee5813fc78c9262655c8736,3,921,True,,2650.7439949486925,591.870345479625,0.006329247951507569,0.0283461,11416600,6329247.951507568,10446200,21862800,28346100,,,,,,
efc8908b-b014-4804-ab95-33de26614148,2006,AES-128,encrypt,cuda_baseline,baseline,pipeline,pinned,ECB,16777216,16,16777216:ECB:16,ebf496a75d4099c35ac7061fd586391acfca05b81ee5813fc78c9262655c8736,4,922,True,,2673.901878690465,619.101452805054,0.006274432182312012,0.0270993,10433600,6274432.182312012,10258800,20692400,27099300,,,,,,
efc8908b-b014-4804-ab95-33de26614148,2006,AES-128,encrypt,cuda_optimized_v1,optimized,resident,pinned,ECB,16777216,16,16777216:ECB:16,ebf496a75d4099c35ac7061fd586391acfca05b81ee5813fc78c9262655c8736,5,923,True,1,2627.298924885165,,0.006385727882385254,,,6385727.882385254,,,,,,,,,6385727.882385254
efc8908b-b014-4804-ab95-33de26614148,2006,AES-128,encrypt,cpu_aesni,aesni,transform,bytes,CTR,16777216,17,16777216:CTR:17,a1b9540d6238e12f8dd72e733d8c58282492b3c1f7d11fd226d1601959c557b4,0,924,True,,,,,,,,,,,11986300,0.0119863,1399.6993233942085,15625000,1.3035715775510375,
efc8908b-b014-4804-ab95-33de26614148,2006,AES-128,encrypt,cuda_optimized_v1,optimized,resident,pinned,CTR,16777216,17,16777216:CTR:17,a1b9540d6238e12f8dd72e733d8c58282492b3c1f7d11fd226d1601959c557b4,1,925,True,1,2572.2206390473643,,0.006522463798522949,,,6522463.798522949,,,,,,,,,6522463.798522949
efc8908b-b014-4804-ab95-33de26614148,2006,AES-128,encrypt,cpu_software,software,transform,bytes,CTR,16777216,17,16777216:CTR:17,a1b9540d6238e12f8dd72e733d8c58282492b3c1f7d11fd226d1601959c557b4,2,926,True,,,,,,,,,,,61095900,0.0610959,274.6046134028634,62500000,1.0229819022225715,
efc8908b-b014-4804-ab95-33de26614148,2006,AES-128,encrypt,cuda_baseline,baseline,pipeline,pinned,CTR,16777216,17,16777216:CTR:17,a1b9540d6238e12f8dd72e733d8c58282492b3c1f7d11fd226d1601959c557b4,3,927,True,,2594.3549551502238,615.4630862635045,0.006466815948486328,0.0272595,10404800,6466815.948486328,10210300,20615100,27259500,,,,,,
efc8908b-b014-4804-ab95-33de26614148,2006,AES-128,encrypt,cuda_optimized_v1,optimized,pipeline,pinned,CTR,16777216,17,16777216:CTR:17,a1b9540d6238e12f8dd72e733d8c58282492b3c1f7d11fd226d1601959c557b4,4,928,True,,2611.906593616011,613.1978567408133,0.006423359870910645,0.0273602,10542800,6423359.8709106445,10254600,20797400,27360200,,,,,,
efc8908b-b014-4804-ab95-33de26614148,2006,AES-128,encrypt,cuda_baseline,baseline,resident,pinned,CTR,16777216,17,16777216:CTR:17,a1b9540d6238e12f8dd72e733d8c58282492b3c1f7d11fd226d1601959c557b4,5,929,True,1,2603.049383345721,,0.006445216178894043,,,6445216.178894043,,,,,,,,,6445216.178894043
efc8908b-b014-4804-ab95-33de26614148,2006,AES-128,encrypt,cuda_optimized_v1,optimized,pipeline,pinned,ECB,16777216,17,16777216:ECB:17,3fc03eeeb55870a6203268ae697167037c17daafd67fe41fbcac5cf20590be45,0,930,True,,2619.9205296818054,619.2019900424065,0.006403711795806885,0.0270949,10392100,6403711.795806885,10154100,20546200,27094900,,,,,,
efc8908b-b014-4804-ab95-33de26614148,2006,AES-128,encrypt,cpu_aesni,aesni,transform,bytes,ECB,16777216,17,16777216:ECB:17,3fc03eeeb55870a6203268ae697167037c17daafd67fe41fbcac5cf20590be45,1,931,True,,,,,,,,,,,8673900,0.0086739,1934.218287045043,0,0.0,
efc8908b-b014-4804-ab95-33de26614148,2006,AES-128,encrypt,cuda_baseline,baseline,pipeline,pinned,ECB,16777216,17,16777216:ECB:17,3fc03eeeb55870a6203268ae697167037c17daafd67fe41fbcac5cf20590be45,2,932,True,,2620.8240900551637,620.2481404255949,0.006401504039764404,0.0270492,10386800,6401504.039764404,10148500,20535300,27049200,,,,,,
efc8908b-b014-4804-ab95-33de26614148,2006,AES-128,encrypt,cpu_software,software,transform,bytes,ECB,16777216,17,16777216:ECB:17,3fc03eeeb55870a6203268ae697167037c17daafd67fe41fbcac5cf20590be45,3,933,True,,,,,,,,,,,59257900,0.0592579,283.12201411119867,46875000,0.7910337693370841,
efc8908b-b014-4804-ab95-33de26614148,2006,AES-128,encrypt,cuda_optimized_v1,optimized,resident,pinned,ECB,16777216,17,16777216:ECB:17,3fc03eeeb55870a6203268ae697167037c17daafd67fe41fbcac5cf20590be45,4,934,True,1,2603.527651557797,,0.0064440321922302245,,,6444032.192230225,,,,,,,,,6444032.192230225
efc8908b-b014-4804-ab95-33de26614148,2006,AES-128,encrypt,cuda_baseline,baseline,resident,pinned,ECB,16777216,17,16777216:ECB:17,3fc03eeeb55870a6203268ae697167037c17daafd67fe41fbcac5cf20590be45,5,935,True,1,2618.611960466403,,0.006406911849975586,,,6406911.849975586,,,,,,,,,6406911.849975586
efc8908b-b014-4804-ab95-33de26614148,2006,AES-128,encrypt,cpu_aesni,aesni,transform,bytes,CTR,16777216,18,16777216:CTR:18,71d232d287e505f20d21f7fbc3565c1293fa5fad5a08f2aeddc134b153f6373a,0,936,True,,,,,,,,,,,10925500,0.0109255,1535.601665827651,0,0.0,
efc8908b-b014-4804-ab95-33de26614148,2006,AES-128,encrypt,cpu_software,software,transform,bytes,CTR,16777216,18,16777216:CTR:18,71d232d287e505f20d21f7fbc3565c1293fa5fad5a08f2aeddc134b153f6373a,1,937,True,,,,,,,,,,,63528800,0.0635288,264.08835048041203,62500000,0.9838057699814887,
efc8908b-b014-4804-ab95-33de26614148,2006,AES-128,encrypt,cuda_optimized_v1,optimized,pipeline,pinned,CTR,16777216,18,16777216:CTR:18,71d232d287e505f20d21f7fbc3565c1293fa5fad5a08f2aeddc134b153f6373a,2,938,True,,2613.2604847264697,617.0067631926388,0.006420032024383545,0.0271913,10413400,6420032.024383545,10216500,20629900,27191300,,,,,,
efc8908b-b014-4804-ab95-33de26614148,2006,AES-128,encrypt,cuda_optimized_v1,optimized,resident,pinned,CTR,16777216,18,16777216:CTR:18,71d232d287e505f20d21f7fbc3565c1293fa5fad5a08f2aeddc134b153f6373a,3,939,True,1,2566.7301258031707,,0.006536416053771973,,,6536416.053771973,,,,,,,,,6536416.053771973
efc8908b-b014-4804-ab95-33de26614148,2006,AES-128,encrypt,cuda_baseline,baseline,pipeline,pinned,CTR,16777216,18,16777216:CTR:18,71d232d287e505f20d21f7fbc3565c1293fa5fad5a08f2aeddc134b153f6373a,4,940,True,,2604.9247459704757,611.5438394412813,0.0064405760765075684,0.0274342,10433600,6440576.076507568,10405700,20839300,27434200,,,,,,
efc8908b-b014-4804-ab95-33de26614148,2006,AES-128,encrypt,cuda_baseline,baseline,resident,pinned,CTR,16777216,18,16777216:CTR:18,71d232d287e505f20d21f7fbc3565c1293fa5fad5a08f2aeddc134b153f6373a,5,941,True,1,2595.2281388110773,,0.0064646401405334475,,,6464640.140533447,,,,,,,,,6464640.140533447
efc8908b-b014-4804-ab95-33de26614148,2006,AES-128,encrypt,cuda_baseline,baseline,resident,pinned,ECB,16777216,18,16777216:ECB:18,52cec0aa1bb65aeb4289607e97706eb57c2feb0c6a7c604bd6ca7f0c41d7620e,0,942,True,1,2684.815029374545,,0.006248928070068359,,,6248928.070068359,,,,,,,,,6248928.070068359
efc8908b-b014-4804-ab95-33de26614148,2006,AES-128,encrypt,cpu_aesni,aesni,transform,bytes,ECB,16777216,18,16777216:ECB:18,52cec0aa1bb65aeb4289607e97706eb57c2feb0c6a7c604bd6ca7f0c41d7620e,1,943,True,,,,,,,,,,,8850800,0.0088508,1895.5592714782845,15625000,1.7653771410493966,
efc8908b-b014-4804-ab95-33de26614148,2006,AES-128,encrypt,cuda_optimized_v1,optimized,resident,pinned,ECB,16777216,18,16777216:ECB:18,52cec0aa1bb65aeb4289607e97706eb57c2feb0c6a7c604bd6ca7f0c41d7620e,2,944,True,1,2710.044905735739,,0.0061907520294189455,,,6190752.029418945,,,,,,,,,6190752.029418945
efc8908b-b014-4804-ab95-33de26614148,2006,AES-128,encrypt,cuda_optimized_v1,optimized,pipeline,pinned,ECB,16777216,18,16777216:ECB:18,52cec0aa1bb65aeb4289607e97706eb57c2feb0c6a7c604bd6ca7f0c41d7620e,3,945,True,,2709.9188333694815,624.0432662443694,0.0061910400390625,0.0268847,10335000,6191040.0390625,10247500,20582500,26884700,,,,,,
efc8908b-b014-4804-ab95-33de26614148,2006,AES-128,encrypt,cuda_baseline,baseline,pipeline,pinned,ECB,16777216,18,16777216:ECB:18,52cec0aa1bb65aeb4289607e97706eb57c2feb0c6a7c604bd6ca7f0c41d7620e,4,946,True,,2722.59809818134,620.3261134815757,0.006162208080291748,0.0270458,10552700,6162208.080291748,10188100,20740800,27045800,,,,,,
efc8908b-b014-4804-ab95-33de26614148,2006,AES-128,encrypt,cpu_software,software,transform,bytes,ECB,16777216,18,16777216:ECB:18,52cec0aa1bb65aeb4289607e97706eb57c2feb0c6a7c604bd6ca7f0c41d7620e,5,947,True,,,,,,,,,,,60502800,0.0605028,277.2965218138665,46875000,0.7747575318828219,
efc8908b-b014-4804-ab95-33de26614148,2006,AES-128,encrypt,cpu_aesni,aesni,transform,bytes,ECB,16777216,19,16777216:ECB:19,a1fc14e98a59525ffee125575a0a0390e433dc485f8d0fa00ac2975f1aa916d2,0,948,True,,,,,,,,,,,8311200,0.0083112,2018.6273943594185,0,0.0,
efc8908b-b014-4804-ab95-33de26614148,2006,AES-128,encrypt,cpu_software,software,transform,bytes,ECB,16777216,19,16777216:ECB:19,a1fc14e98a59525ffee125575a0a0390e433dc485f8d0fa00ac2975f1aa916d2,1,949,True,,,,,,,,,,,59495200,0.0594952,281.99276580295555,62500000,1.0505049146821928,
efc8908b-b014-4804-ab95-33de26614148,2006,AES-128,encrypt,cuda_baseline,baseline,resident,pinned,ECB,16777216,19,16777216:ECB:19,a1fc14e98a59525ffee125575a0a0390e433dc485f8d0fa00ac2975f1aa916d2,2,950,True,1,3160.3224285965916,,0.005308703899383545,,,5308703.899383545,,,,,,,,,5308703.899383545
efc8908b-b014-4804-ab95-33de26614148,2006,AES-128,encrypt,cuda_optimized_v1,optimized,resident,pinned,ECB,16777216,19,16777216:ECB:19,a1fc14e98a59525ffee125575a0a0390e433dc485f8d0fa00ac2975f1aa916d2,3,951,True,1,3196.3909153498635,,0.005248799800872803,,,5248799.800872803,,,,,,,,,5248799.800872803
efc8908b-b014-4804-ab95-33de26614148,2006,AES-128,encrypt,cuda_optimized_v1,optimized,pipeline,pinned,ECB,16777216,19,16777216:ECB:19,a1fc14e98a59525ffee125575a0a0390e433dc485f8d0fa00ac2975f1aa916d2,4,952,True,,3242.9517045346834,646.4236974019319,0.0051734399795532226,0.0259539,10397000,5173439.979553223,10250700,20647700,25953900,,,,,,
efc8908b-b014-4804-ab95-33de26614148,2006,AES-128,encrypt,cuda_baseline,baseline,pipeline,pinned,ECB,16777216,19,16777216:ECB:19,a1fc14e98a59525ffee125575a0a0390e433dc485f8d0fa00ac2975f1aa916d2,5,953,True,,3183.21361927959,639.7071652990879,0.0052705278396606445,0.0262264,10514000,5270527.8396606445,10307700,20821700,26226400,,,,,,
efc8908b-b014-4804-ab95-33de26614148,2006,AES-128,encrypt,cuda_baseline,baseline,pipeline,pinned,CTR,16777216,19,16777216:CTR:19,11fcc9aa54bacc24253a065266a6f6c7d44f7fb99af0be21613bf1bf225f19ba,0,954,True,,4054.8183059594503,1148.7624447092012,0.004137599945068359,0.0146046,5216100,4137599.9450683594,5150500,10366600,14604600,,,,,,
efc8908b-b014-4804-ab95-33de26614148,2006,AES-128,encrypt,cuda_optimized_v1,optimized,resident,pinned,CTR,16777216,19,16777216:CTR:19,11fcc9aa54bacc24253a065266a6f6c7d44f7fb99af0be21613bf1bf225f19ba,1,955,True,1,4189.913101524889,,0.004004191875457763,,,4004191.8754577637,,,,,,,,,4004191.8754577637
efc8908b-b014-4804-ab95-33de26614148,2006,AES-128,encrypt,cpu_aesni,aesni,transform,bytes,CTR,16777216,19,16777216:CTR:19,11fcc9aa54bacc24253a065266a6f6c7d44f7fb99af0be21613bf1bf225f19ba,2,956,True,,,,,,,,,,,12581600,0.0125816,1333.4723723532777,15625000,1.2418929229986648,
efc8908b-b014-4804-ab95-33de26614148,2006,AES-128,encrypt,cuda_optimized_v1,optimized,pipeline,pinned,CTR,16777216,19,16777216:CTR:19,11fcc9aa54bacc24253a065266a6f6c7d44f7fb99af0be21613bf1bf225f19ba,3,957,True,,4149.391135279051,1157.400590524021,0.004043295860290528,0.0144956,5211400,4043295.8602905273,5119200,10330600,14495600,,,,,,
efc8908b-b014-4804-ab95-33de26614148,2006,AES-128,encrypt,cuda_baseline,baseline,resident,pinned,CTR,16777216,19,16777216:CTR:19,11fcc9aa54bacc24253a065266a6f6c7d44f7fb99af0be21613bf1bf225f19ba,4,958,True,1,4105.558324920046,,0.004086463928222656,,,4086463.9282226562,,,,,,,,,4086463.9282226562
efc8908b-b014-4804-ab95-33de26614148,2006,AES-128,encrypt,cpu_software,software,transform,bytes,CTR,16777216,19,16777216:CTR:19,11fcc9aa54bacc24253a065266a6f6c7d44f7fb99af0be21613bf1bf225f19ba,5,959,True,,,,,,,,,,,65224200,0.0652242,257.2237911695352,62500000,0.9582332937774629,
efc8908b-b014-4804-ab95-33de26614148,2006,AES-128,encrypt,cuda_optimized_v1,optimized,resident,pinned,CTR,33554432,0,33554432:CTR:0,c40c0f8a2c0098f8497081ff0202d9a2fc765fe6dce264c40eeed6f6f086f5ce,0,960,True,1,4175.614154834797,,0.008035807609558106,,,8035807.6095581055,,,,,,,,,8035807.6095581055
efc8908b-b014-4804-ab95-33de26614148,2006,AES-128,encrypt,cpu_software,software,transform,bytes,CTR,33554432,0,33554432:CTR:0,c40c0f8a2c0098f8497081ff0202d9a2fc765fe6dce264c40eeed6f6f086f5ce,1,961,True,,,,,,,,,,,127783000,0.127783,262.5891707034582,125000000,0.9782208901027524,
efc8908b-b014-4804-ab95-33de26614148,2006,AES-128,encrypt,cuda_baseline,baseline,pipeline,pinned,CTR,33554432,0,33554432:CTR:0,c40c0f8a2c0098f8497081ff0202d9a2fc765fe6dce264c40eeed6f6f086f5ce,2,962,True,,3998.0632698221,1151.897616521969,0.008392671585083007,0.0291297,10455300,8392671.585083008,10161600,20616900,29129700,,,,,,
efc8908b-b014-4804-ab95-33de26614148,2006,AES-128,encrypt,cuda_optimized_v1,optimized,pipeline,pinned,CTR,33554432,0,33554432:CTR:0,c40c0f8a2c0098f8497081ff0202d9a2fc765fe6dce264c40eeed6f6f086f5ce,3,963,True,,4022.186735547334,1152.5821299514982,0.00834233570098877,0.0291124,10383400,8342335.7009887695,10267600,20651000,29112400,,,,,,
efc8908b-b014-4804-ab95-33de26614148,2006,AES-128,encrypt,cuda_baseline,baseline,resident,pinned,CTR,33554432,0,33554432:CTR:0,c40c0f8a2c0098f8497081ff0202d9a2fc765fe6dce264c40eeed6f6f086f5ce,4,964,True,1,4011.722635918357,,0.00836409568786621,,,8364095.687866211,,,,,,,,,8364095.687866211
efc8908b-b014-4804-ab95-33de26614148,2006,AES-128,encrypt,cpu_aesni,aesni,transform,bytes,CTR,33554432,0,33554432:CTR:0,c40c0f8a2c0098f8497081ff0202d9a2fc765fe6dce264c40eeed6f6f086f5ce,5,965,True,,,,,,,,,,,22255100,0.0222551,1507.7187700796671,15625000,0.7020862633733391,
efc8908b-b014-4804-ab95-33de26614148,2006,AES-128,encrypt,cuda_baseline,baseline,resident,pinned,ECB,33554432,0,33554432:ECB:0,25062cb483ba0193660fbff1056d298d92bcc96fefae617931fc80a310f5523c,0,966,True,1,4424.296692938836,,0.007584127902984619,,,7584127.902984619,,,,,,,,,7584127.902984619
efc8908b-b014-4804-ab95-33de26614148,2006,AES-128,encrypt,cuda_optimized_v1,optimized,resident,pinned,ECB,33554432,0,33554432:ECB:0,25062cb483ba0193660fbff1056d298d92bcc96fefae617931fc80a310f5523c,1,967,True,1,4458.117696639728,,0.007526591777801513,,,7526591.777801514,,,,,,,,,7526591.777801514
efc8908b-b014-4804-ab95-33de26614148,2006,AES-128,encrypt,cuda_optimized_v1,optimized,pipeline,pinned,ECB,33554432,0,33554432:ECB:0,25062cb483ba0193660fbff1056d298d92bcc96fefae617931fc80a310f5523c,2,968,True,,4398.149317844304,1181.7520726355754,0.007629216194152832,0.0283938,10411300,7629216.194152832,10235200,20646500,28393800,,,,,,
efc8908b-b014-4804-ab95-33de26614148,2006,AES-128,encrypt,cpu_software,software,transform,bytes,ECB,33554432,0,33554432:ECB:0,25062cb483ba0193660fbff1056d298d92bcc96fefae617931fc80a310f5523c,3,969,True,,,,,,,,,,,116937700,0.1169377,286.94280800802477,109375000,0.9353271015250001,
efc8908b-b014-4804-ab95-33de26614148,2006,AES-128,encrypt,cuda_baseline,baseline,pipeline,pinned,ECB,33554432,0,33554432:ECB:0,25062cb483ba0193660fbff1056d298d92bcc96fefae617931fc80a310f5523c,4,970,True,,4417.233038885464,1182.0018458633638,0.007596255779266358,0.0283878,10345800,7596255.779266357,10327000,20672800,28387800,,,,,,
efc8908b-b014-4804-ab95-33de26614148,2006,AES-128,encrypt,cpu_aesni,aesni,transform,bytes,ECB,33554432,0,33554432:ECB:0,25062cb483ba0193660fbff1056d298d92bcc96fefae617931fc80a310f5523c,5,971,True,,,,,,,,,,,17845300,0.0178453,1880.2952037791463,31250000,1.7511613702207305,
efc8908b-b014-4804-ab95-33de26614148,2006,AES-128,encrypt,cpu_aesni,aesni,transform,bytes,CTR,33554432,1,33554432:CTR:1,60e7df0af8a8d59b9057503c4b5162af44949fced94db0649920f89c4ede8ae4,0,972,True,,,,,,,,,,,23065300,0.0230653,1454.7580998296141,15625000,0.6774245294880188,
efc8908b-b014-4804-ab95-33de26614148,2006,AES-128,encrypt,cuda_baseline,baseline,pipeline,pinned,CTR,33554432,1,33554432:CTR:1,60e7df0af8a8d59b9057503c4b5162af44949fced94db0649920f89c4ede8ae4,1,973,True,,4323.971209080243,1178.3614686309284,0.007760096073150635,0.0284755,10385200,7760096.073150635,10215200,20600400,28475500,,,,,,
efc8908b-b014-4804-ab95-33de26614148,2006,AES-128,encrypt,cuda_optimized_v1,optimized,resident,pinned,CTR,33554432,1,33554432:CTR:1,60e7df0af8a8d59b9057503c4b5162af44949fced94db0649920f89c4ede8ae4,2,974,True,1,4293.676886759863,,0.007814847946166992,,,7814847.946166992,,,,,,,,,7814847.946166992
efc8908b-b014-4804-ab95-33de26614148,2006,AES-128,encrypt,cpu_software,software,transform,bytes,CTR,33554432,1,33554432:CTR:1,60e7df0af8a8d59b9057503c4b5162af44949fced94db0649920f89c4ede8ae4,3,975,True,,,,,,,,,,,125155600,0.1251556,268.1017229752404,125000000,0.9987567476005867,
efc8908b-b014-4804-ab95-33de26614148,2006,AES-128,encrypt,cuda_baseline,baseline,resident,pinned,CTR,33554432,1,33554432:CTR:1,60e7df0af8a8d59b9057503c4b5162af44949fced94db0649920f89c4ede8ae4,4,976,True,1,4401.047475351255,,0.007624192237854004,,,7624192.237854004,,,,,,,,,7624192.237854004
efc8908b-b014-4804-ab95-33de26614148,2006,AES-128,encrypt,cuda_optimized_v1,optimized,pipeline,pinned,CTR,33554432,1,33554432:CTR:1,60e7df0af8a8d59b9057503c4b5162af44949fced94db0649920f89c4ede8ae4,5,977,True,,4390.470205954849,1178.3780214994856,0.0076425600051879886,0.0284751,10482900,7642560.005187988,10230200,20713100,28475100,,,,,,
efc8908b-b014-4804-ab95-33de26614148,2006,AES-128,encrypt,cuda_optimized_v1,optimized,resident,pinned,ECB,33554432,1,33554432:ECB:1,042a28e3c0d6ad6128ef1d1114cb574bf78a0d195f34ac417e1a1b88b2313f69,0,978,True,1,4330.059968903498,,0.007749184131622315,,,7749184.131622314,,,,,,,,,7749184.131622314
efc8908b-b014-4804-ab95-33de26614148,2006,AES-128,encrypt,cuda_optimized_v1,optimized,pipeline,pinned,ECB,33554432,1,33554432:ECB:1,042a28e3c0d6ad6128ef1d1114cb574bf78a0d195f34ac417e1a1b88b2313f69,1,979,True,,4469.023826835795,1183.2105730848978,0.00750822401046753,0.0283588,10272000,7508224.010467529,10401400,20673400,28358800,,,,,,
efc8908b-b014-4804-ab95-33de26614148,2006,AES-128,encrypt,cuda_baseline,baseline,resident,pinned,ECB,33554432,1,33554432:ECB:1,042a28e3c0d6ad6128ef1d1114cb574bf78a0d195f34ac417e1a1b88b2313f69,2,980,True,1,4482.894821757252,,0.0074849920272827145,,,7484992.027282715,,,,,,,,,7484992.027282715
efc8908b-b014-4804-ab95-33de26614148,2006,AES-128,encrypt,cpu_aesni,aesni,transform,bytes,ECB,33554432,1,33554432:ECB:1,042a28e3c0d6ad6128ef1d1114cb574bf78a0d195f34ac417e1a1b88b2313f69,3,981,True,,,,,,,,,,,17628700,0.0176287,1903.3979817002955,15625000,0.8863387544175123,
efc8908b-b014-4804-ab95-33de26614148,2006,AES-128,encrypt,cpu_software,software,transform,bytes,ECB,33554432,1,33554432:ECB:1,042a28e3c0d6ad6128ef1d1114cb574bf78a0d195f34ac417e1a1b88b2313f69,4,982,True,,,,,,,,,,,127359600,0.1273596,263.4621339891143,125000000,0.9814729317617203,
efc8908b-b014-4804-ab95-33de26614148,2006,AES-128,encrypt,cuda_baseline,baseline,pipeline,pinned,ECB,33554432,1,33554432:ECB:1,042a28e3c0d6ad6128ef1d1114cb574bf78a0d195f34ac417e1a1b88b2313f69,5,983,True,,3409.7926893197496,658.250129474725,0.009840607643127441,0.0509752,20812700,9840607.643127441,20186000,40998700,50975200,,,,,,
efc8908b-b014-4804-ab95-33de26614148,2006,AES-128,encrypt,cuda_baseline,baseline,pipeline,pinned,CTR,33554432,2,33554432:CTR:2,b39d7e03bccd4d62f21ecf260e0787c36187704ee756ca77045777904ffff1e7,0,984,True,,2910.463502693209,619.0740392243686,0.01152889633178711,0.054201,21321900,11528896.33178711,21165100,42487000,54201000,,,,,,
efc8908b-b014-4804-ab95-33de26614148,2006,AES-128,encrypt,cpu_software,software,transform,bytes,CTR,33554432,2,33554432:CTR:2,b39d7e03bccd4d62f21ecf260e0787c36187704ee756ca77045777904ffff1e7,1,985,True,,,,,,,,,,,155881800,0.1558818,215.25561034065555,140625000,0.9021258415029849,
efc8908b-b014-4804-ab95-33de26614148,2006,AES-128,encrypt,cuda_optimized_v1,optimized,pipeline,pinned,CTR,33554432,2,33554432:CTR:2,b39d7e03bccd4d62f21ecf260e0787c36187704ee756ca77045777904ffff1e7,2,986,True,,2902.608474714682,628.9879598925519,0.011560095787048339,0.0533467,21338800,11560095.78704834,20245400,41584200,53346700,,,,,,
efc8908b-b014-4804-ab95-33de26614148,2006,AES-128,encrypt,cuda_baseline,baseline,resident,pinned,CTR,33554432,2,33554432:CTR:2,b39d7e03bccd4d62f21ecf260e0787c36187704ee756ca77045777904ffff1e7,3,987,True,1,2887.7798718874765,,0.01161945629119873,,,11619456.29119873,,,,,,,,,11619456.29119873
efc8908b-b014-4804-ab95-33de26614148,2006,AES-128,encrypt,cuda_optimized_v1,optimized,resident,pinned,CTR,33554432,2,33554432:CTR:2,b39d7e03bccd4d62f21ecf260e0787c36187704ee756ca77045777904ffff1e7,4,988,True,1,2954.0098251718873,,0.011358943939208985,,,11358943.939208984,,,,,,,,,11358943.939208984
efc8908b-b014-4804-ab95-33de26614148,2006,AES-128,encrypt,cpu_aesni,aesni,transform,bytes,CTR,33554432,2,33554432:CTR:2,b39d7e03bccd4d62f21ecf260e0787c36187704ee756ca77045777904ffff1e7,5,989,True,,,,,,,,,,,23098400,0.0230984,1452.6734319260208,15625000,0.6764537803484224,
efc8908b-b014-4804-ab95-33de26614148,2006,AES-128,encrypt,cuda_baseline,baseline,resident,pinned,ECB,33554432,2,33554432:ECB:2,9e93f11aeea942db433599544cf6d7b1056790f21623bdf4ac70daf4181c6868,0,990,True,1,4676.904299184189,,0.007174496173858643,,,7174496.173858643,,,,,,,,,7174496.173858643
efc8908b-b014-4804-ab95-33de26614148,2006,AES-128,encrypt,cuda_optimized_v1,optimized,pipeline,pinned,ECB,33554432,2,33554432:ECB:2,9e93f11aeea942db433599544cf6d7b1056790f21623bdf4ac70daf4181c6868,1,991,True,,4719.8496984201665,1201.3071932864568,0.007109216213226318,0.0279316,10434300,7109216.213226318,10250300,20684600,27931600,,,,,,
efc8908b-b014-4804-ab95-33de26614148,2006,AES-128,encrypt,cuda_optimized_v1,optimized,resident,pinned,ECB,33554432,2,33554432:ECB:2,9e93f11aeea942db433599544cf6d7b1056790f21623bdf4ac70daf4181c6868,2,992,True,1,4722.060426519248,,0.007105887889862061,,,7105887.889862061,,,,,,,,,7105887.889862061
efc8908b-b014-4804-ab95-33de26614148,2006,AES-128,encrypt,cpu_aesni,aesni,transform,bytes,ECB,33554432,2,33554432:ECB:2,9e93f11aeea942db433599544cf6d7b1056790f21623bdf4ac70daf4181c6868,3,993,True,,,,,,,,,,,16933800,0.0169338,1981.5063364395469,15625000,0.9227107914348817,
efc8908b-b014-4804-ab95-33de26614148,2006,AES-128,encrypt,cuda_baseline,baseline,pipeline,pinned,ECB,33554432,2,33554432:ECB:2,9e93f11aeea942db433599544cf6d7b1056790f21623bdf4ac70daf4181c6868,4,994,True,,4766.861247155904,1189.506499767802,0.007039103984832764,0.0282087,10742000,7039103.984832764,10276400,21018400,28208700,,,,,,
efc8908b-b014-4804-ab95-33de26614148,2006,AES-128,encrypt,cpu_software,software,transform,bytes,ECB,33554432,2,33554432:ECB:2,9e93f11aeea942db433599544cf6d7b1056790f21623bdf4ac70daf4181c6868,5,995,True,,,,,,,,,,,119771800,0.1197718,280.15302433460965,125000000,1.0436513436384858,
efc8908b-b014-4804-ab95-33de26614148,2006,AES-128,encrypt,cuda_optimized_v1,optimized,pipeline,pinned,ECB,33554432,3,33554432:ECB:3,c25447be19c9c609c59fd830099f7e0f382f880d472105a2e28997a39f126bc4,0,996,True,,4828.409268245462,1222.650925521061,0.006949376106262207,0.027444,10278800,6949376.106262207,10089800,20368600,27444000,,,,,,
efc8908b-b014-4804-ab95-33de26614148,2006,AES-128,encrypt,cpu_software,software,transform,bytes,ECB,33554432,3,33554432:ECB:3,c25447be19c9c609c59fd830099f7e0f382f880d472105a2e28997a39f126bc4,1,997,True,,,,,,,,,,,114948300,0.1149483,291.90890165404795,109375000,0.9515147244456856,
efc8908b-b014-4804-ab95-33de26614148,2006,AES-128,encrypt,cuda_baseline,baseline,resident,pinned,ECB,33554432,3,33554432:ECB:3,c25447be19c9c609c59fd830099f7e0f382f880d472105a2e28997a39f126bc4,2,998,True,1,4755.0153182652675,,0.007056640148162842,,,7056640.148162842,,,,,,,,,7056640.148162842
efc8908b-b014-4804-ab95-33de26614148,2006,AES-128,encrypt,cpu_aesni,aesni,transform,bytes,ECB,33554432,3,33554432:ECB:3,c25447be19c9c609c59fd830099f7e0f382f880d472105a2e28997a39f126bc4,3,999,True,,,,,,,,,,,17258900,0.0172589,1944.1813788827794,15625000,0.9053300036502906,
efc8908b-b014-4804-ab95-33de26614148,2006,AES-128,encrypt,cuda_baseline,baseline,pipeline,pinned,ECB,33554432,3,33554432:ECB:3,c25447be19c9c609c59fd830099f7e0f382f880d472105a2e28997a39f126bc4,4,1000,True,,4765.669674051634,1204.4637165092038,0.007040863990783692,0.0278584,10523200,7040863.990783691,10146100,20669300,27858400,,,,,,
efc8908b-b014-4804-ab95-33de26614148,2006,AES-128,encrypt,cuda_optimized_v1,optimized,resident,pinned,ECB,33554432,3,33554432:ECB:3,c25447be19c9c609c59fd830099f7e0f382f880d472105a2e28997a39f126bc4,5,1001,True,1,4825.676222389124,,0.006953311920166016,,,6953311.920166016,,,,,,,,,6953311.920166016
efc8908b-b014-4804-ab95-33de26614148,2006,AES-128,encrypt,cpu_aesni,aesni,transform,bytes,CTR,33554432,3,33554432:CTR:3,bf3e94f84f7996dcc81d21b9df8f6585c0ffcb2d3908a24e4ccc337ae7d130e0,0,1002,True,,,,,,,,,,,27492700,0.0274927,1220.4851469662856,31250000,1.1366653693525919,
efc8908b-b014-4804-ab95-33de26614148,2006,AES-128,encrypt,cpu_software,software,transform,bytes,CTR,33554432,3,33554432:CTR:3,bf3e94f84f7996dcc81d21b9df8f6585c0ffcb2d3908a24e4ccc337ae7d130e0,1,1003,True,,,,,,,,,,,126801100,0.1268011,264.62256242256575,140625000,1.109020347615281,
efc8908b-b014-4804-ab95-33de26614148,2006,AES-128,encrypt,cuda_baseline,baseline,resident,pinned,CTR,33554432,3,33554432:CTR:3,bf3e94f84f7996dcc81d21b9df8f6585c0ffcb2d3908a24e4ccc337ae7d130e0,2,1004,True,1,4698.405283090413,,0.007141664028167725,,,7141664.028167725,,,,,,,,,7141664.028167725
efc8908b-b014-4804-ab95-33de26614148,2006,AES-128,encrypt,cuda_baseline,baseline,pipeline,pinned,CTR,33554432,3,33554432:CTR:3,bf3e94f84f7996dcc81d21b9df8f6585c0ffcb2d3908a24e4ccc337ae7d130e0,3,1005,True,,4663.69556570298,1207.0807971796532,0.00719481611251831,0.027798,10337400,7194816.112518311,10169200,20506600,27798000,,,,,,
efc8908b-b014-4804-ab95-33de26614148,2006,AES-128,encrypt,cuda_optimized_v1,optimized,resident,pinned,CTR,33554432,3,33554432:CTR:3,bf3e94f84f7996dcc81d21b9df8f6585c0ffcb2d3908a24e4ccc337ae7d130e0,4,1006,True,1,4740.912247945579,,0.007077631950378418,,,7077631.950378418,,,,,,,,,7077631.950378418
efc8908b-b014-4804-ab95-33de26614148,2006,AES-128,encrypt,cuda_optimized_v1,optimized,pipeline,pinned,CTR,33554432,3,33554432:CTR:3,bf3e94f84f7996dcc81d21b9df8f6585c0ffcb2d3908a24e4ccc337ae7d130e0,5,1007,True,,4740.033403629973,1207.6021017778737,0.007078944206237793,0.027786,10349700,7078944.206237793,10260600,20610300,27786000,,,,,,
efc8908b-b014-4804-ab95-33de26614148,2006,AES-128,encrypt,cuda_optimized_v1,optimized,resident,pinned,ECB,33554432,4,33554432:ECB:4,565738a59dfb2ba9d4d494e19c2652a23767c9da3058b530063c04ad532fe272,0,1008,True,1,5211.584260102466,,0.006438432216644287,,,6438432.216644287,,,,,,,,,6438432.216644287
efc8908b-b014-4804-ab95-33de26614148,2006,AES-128,encrypt,cuda_baseline,baseline,resident,pinned,ECB,33554432,4,33554432:ECB:4,565738a59dfb2ba9d4d494e19c2652a23767c9da3058b530063c04ad532fe272,1,1009,True,1,5187.400619009697,,0.006468448162078857,,,6468448.162078857,,,,,,,,,6468448.162078857
efc8908b-b014-4804-ab95-33de26614148,2006,AES-128,encrypt,cuda_baseline,baseline,pipeline,pinned,ECB,33554432,4,33554432:ECB:4,565738a59dfb2ba9d4d494e19c2652a23767c9da3058b530063c04ad532fe272,2,1010,True,,5114.356209577659,1223.4221397397428,0.006560832023620605,0.0274267,10350100,6560832.0236206055,10361400,20711500,27426700,,,,,,
efc8908b-b014-4804-ab95-33de26614148,2006,AES-128,encrypt,cuda_optimized_v1,optimized,pipeline,pinned,ECB,33554432,4,33554432:ECB:4,565738a59dfb2ba9d4d494e19c2652a23767c9da3058b530063c04ad532fe272,3,1011,True,,5242.01522078828,1242.3104292161704,0.006401055812835693,0.0270097,10341900,6401055.812835693,10169100,20511000,27009700,,,,,,
efc8908b-b014-4804-ab95-33de26614148,2006,AES-128,encrypt,cpu_aesni,aesni,transform,bytes,ECB,33554432,4,33554432:ECB:4,565738a59dfb2ba9d4d494e19c2652a23767c9da3058b530063c04ad532fe272,4,1012,True,,,,,,,,,,,17686600,0.0176866,1897.1668947112503,15625000,0.883437178428867,
efc8908b-b014-4804-ab95-33de26614148,2006,AES-128,encrypt,cpu_software,software,transform,bytes,ECB,33554432,4,33554432:ECB:4,565738a59dfb2ba9d4d494e19c2652a23767c9da3058b530063c04ad532fe272,5,1013,True,,,,,,,,,,,119871000,0.119871,279.92118193724923,125000000,1.0427876634048268,
efc8908b-b014-4804-ab95-33de26614148,2006,AES-128,encrypt,cuda_baseline,baseline,resident,pinned,CTR,33554432,4,33554432:CTR:4,dbeec2f041341075d113012de72b1609fbaa36d6a520e9ee0d708eeda8c4dc05,0,1014,True,1,7392.45909257852,,0.004539008140563965,,,4539008.140563965,,,,,,,,,4539008.140563965
efc8908b-b014-4804-ab95-33de26614148,2006,AES-128,encrypt,cpu_aesni,aesni,transform,bytes,CTR,33554432,4,33554432:CTR:4,dbeec2f041341075d113012de72b1609fbaa36d6a520e9ee0d708eeda8c4dc05,1,1015,True,,,,,,,,,,,22359500,0.0223595,1500.6789955052661,15625000,0.6988081128826673,
efc8908b-b014-4804-ab95-33de26614148,2006,AES-128,encrypt,cuda_optimized_v1,optimized,resident,pinned,CTR,33554432,4,33554432:CTR:4,dbeec2f041341075d113012de72b1609fbaa36d6a520e9ee0d708eeda8c4dc05,2,1016,True,1,7421.7077781628095,,0.004521120071411133,,,4521120.071411133,,,,,,,,,4521120.071411133
efc8908b-b014-4804-ab95-33de26614148,2006,AES-128,encrypt,cpu_software,software,transform,bytes,CTR,33554432,4,33554432:CTR:4,dbeec2f041341075d113012de72b1609fbaa36d6a520e9ee0d708eeda8c4dc05,3,1017,True,,,,,,,,,,,124627600,0.1246276,269.23756856426667,125000000,1.002988102153937,
efc8908b-b014-4804-ab95-33de26614148,2006,AES-128,encrypt,cuda_baseline,baseline,pipeline,pinned,CTR,33554432,4,33554432:CTR:4,dbeec2f041341075d113012de72b1609fbaa36d6a520e9ee0d708eeda8c4dc05,4,1018,True,,7304.299428440462,2190.079824555678,0.0045937919616699215,0.0153211,5379800,4593791.961669922,5230800,10610600,15321100,,,,,,
efc8908b-b014-4804-ab95-33de26614148,2006,AES-128,encrypt,cuda_optimized_v1,optimized,pipeline,pinned,CTR,33554432,4,33554432:CTR:4,dbeec2f041341075d113012de72b1609fbaa36d6a520e9ee0d708eeda8c4dc05,5,1019,True,,7332.802112791701,2203.7588335741493,0.00457593584060669,0.015226,5322300,4575935.840606689,5226100,10548400,15226000,,,,,,
efc8908b-b014-4804-ab95-33de26614148,2006,AES-128,encrypt,cuda_optimized_v1,optimized,pipeline,pinned,CTR,33554432,5,33554432:CTR:5,0a1f96066aecb21f47fe7dac8f822fd5c2b2cdb23aa86551cce772ea792f154a,0,1020,True,,7389.489786125636,2201.5754768356614,0.004540832042694092,0.0152411,5380800,4540832.042694092,5217100,10597900,15241100,,,,,,
efc8908b-b014-4804-ab95-33de26614148,2006,AES-128,encrypt,cpu_software,software,transform,bytes,CTR,33554432,5,33554432:CTR:5,0a1f96066aecb21f47fe7dac8f822fd5c2b2cdb23aa86551cce772ea792f154a,1,1021,True,,,,,,,,,,,125447400,0.1254474,267.47809839024166,125000000,0.9964335649842085,
efc8908b-b014-4804-ab95-33de26614148,2006,AES-128,encrypt,cuda_baseline,baseline,pipeline,pinned,CTR,33554432,5,33554432:CTR:5,0a1f96066aecb21f47fe7dac8f822fd5c2b2cdb23aa86551cce772ea792f154a,2,1022,True,,7271.628020981765,2174.7920771544127,0.0046144318580627446,0.0154288,5386200,4614431.858062744,5273200,10659400,15428800,,,,,,
efc8908b-b014-4804-ab95-33de26614148,2006,AES-128,encrypt,cpu_aesni,aesni,transform,bytes,CTR,33554432,5,33554432:CTR:5,0a1f96066aecb21f47fe7dac8f822fd5c2b2cdb23aa86551cce772ea792f154a,3,1023,True,,,,,,,,,,,21924900,0.0219249,1530.425771611273,31250000,1.4253200698748911,
efc8908b-b014-4804-ab95-33de26614148,2006,AES-128,encrypt,cuda_optimized_v1,optimized,resident,pinned,CTR,33554432,5,33554432:CTR:5,0a1f96066aecb21f47fe7dac8f822fd5c2b2cdb23aa86551cce772ea792f154a,4,1024,True,1,7286.837727052575,,0.004604800224304199,,,4604800.224304199,,,,,,,,,4604800.224304199
efc8908b-b014-4804-ab95-33de26614148,2006,AES-128,encrypt,cuda_baseline,baseline,resident,pinned,CTR,33554432,5,33554432:CTR:5,0a1f96066aecb21f47fe7dac8f822fd5c2b2cdb23aa86551cce772ea792f154a,5,1025,True,1,7353.990243448279,,0.004562751770019531,,,4562751.770019531,,,,,,,,,4562751.770019531
efc8908b-b014-4804-ab95-33de26614148,2006,AES-128,encrypt,cuda_baseline,baseline,pipeline,pinned,ECB,33554432,5,33554432:ECB:5,98bf1146e731f88cac600f6e9c02575e611bcbf606e982fd6db190f7c30ee19f,0,1026,True,,7507.901380633921,2180.459168090872,0.0044692158699035645,0.0153887,5411000,4469215.869903564,5402300,10813300,15388700,,,,,,
efc8908b-b014-4804-ab95-33de26614148,2006,AES-128,encrypt,cuda_baseline,baseline,resident,pinned,ECB,33554432,5,33554432:ECB:5,98bf1146e731f88cac600f6e9c02575e611bcbf606e982fd6db190f7c30ee19f,1,1027,True,1,7519.422852108468,,0.004462368011474609,,,4462368.011474609,,,,,,,,,4462368.011474609
efc8908b-b014-4804-ab95-33de26614148,2006,AES-128,encrypt,cuda_optimized_v1,optimized,pipeline,pinned,ECB,33554432,5,33554432:ECB:5,98bf1146e731f88cac600f6e9c02575e611bcbf606e982fd6db190f7c30ee19f,2,1028,True,,7482.3996907954,2194.362247567228,0.004484447956085205,0.0152912,5478100,4484447.956085205,5227300,10705400,15291200,,,,,,
efc8908b-b014-4804-ab95-33de26614148,2006,AES-128,encrypt,cpu_software,software,transform,bytes,ECB,33554432,5,33554432:ECB:5,98bf1146e731f88cac600f6e9c02575e611bcbf606e982fd6db190f7c30ee19f,3,1029,True,,,,,,,,,,,116397200,0.1163972,288.27525060740294,109375000,0.9396703700776308,
efc8908b-b014-4804-ab95-33de26614148,2006,AES-128,encrypt,cpu_aesni,aesni,transform,bytes,ECB,33554432,5,33554432:ECB:5,98bf1146e731f88cac600f6e9c02575e611bcbf606e982fd6db190f7c30ee19f,4,1030,True,,,,,,,,,,,17175900,0.0171759,1953.5763482554044,15625000,0.909704877182564,
efc8908b-b014-4804-ab95-33de26614148,2006,AES-128,encrypt,cuda_optimized_v1,optimized,resident,pinned,ECB,33554432,5,33554432:ECB:5,98bf1146e731f88cac600f6e9c02575e611bcbf606e982fd6db190f7c30ee19f,5,1031,True,1,3480.888860742372,,0.009639616012573243,,,9639616.012573242,,,,,,,,,9639616.012573242
efc8908b-b014-4804-ab95-33de26614148,2006,AES-128,encrypt,cpu_software,software,transform,bytes,CTR,33554432,6,33554432:CTR:6,1114e899edacf342060cb78566a0c81936874a194a413b73361495451823bc44,0,1032,True,,,,,,,,,,,122639900,0.1226399,273.6012667981627,125000000,1.0192441448500855,
efc8908b-b014-4804-ab95-33de26614148,2006,AES-128,encrypt,cuda_baseline,baseline,pipeline,pinned,CTR,33554432,6,33554432:CTR:6,1114e899edacf342060cb78566a0c81936874a194a413b73361495451823bc44,1,1033,True,,3305.75641151384,649.5923305959199,0.010150303840637207,0.0516546,20760400,10150303.840637207,20584700,41345100,51654600,,,,,,
efc8908b-b014-4804-ab95-33de26614148,2006,AES-128,encrypt,cuda_optimized_v1,optimized,resident,pinned,CTR,33554432,6,33554432:CTR:6,1114e899edacf342060cb78566a0c81936874a194a413b73361495451823bc44,2,1034,True,1,3315.5294584496482,,0.010120384216308594,,,10120384.216308594,,,,,,,,,10120384.216308594
efc8908b-b014-4804-ab95-33de26614148,2006,AES-128,encrypt,cuda_optimized_v1,optimized,pipeline,pinned,CTR,33554432,6,33554432:CTR:6,1114e899edacf342060cb78566a0c81936874a194a413b73361495451823bc44,3,1035,True,,3423.0161828648056,660.4943112475887,0.009802592277526856,0.050802,20607400,9802592.277526855,20226000,40833400,50802000,,,,,,
efc8908b-b014-4804-ab95-33de26614148,2006,AES-128,encrypt,cuda_baseline,baseline,resident,pinned,CTR,33554432,6,33554432:CTR:6,1114e899edacf342060cb78566a0c81936874a194a413b73361495451823bc44,4,1036,True,1,3481.4320234760658,,0.00963811206817627,,,9638112.06817627,,,,,,,,,9638112.06817627
efc8908b-b014-4804-ab95-33de26614148,2006,AES-128,encrypt,cpu_aesni,aesni,transform,bytes,CTR,33554432,6,33554432:CTR:6,1114e899edacf342060cb78566a0c81936874a194a413b73361495451823bc44,5,1037,True,,,,,,,,,,,23371300,0.0233713,1435.7109788501282,31250000,1.3371100452264102,
efc8908b-b014-4804-ab95-33de26614148,2006,AES-128,encrypt,cpu_software,software,transform,bytes,ECB,33554432,6,33554432:ECB:6,dedb4323ce25ca1bb2e0ddf1e260b4abec0be0972471a5e4ad2b05b92d5e688c,0,1038,True,,,,,,,,,,,116446000,0.116446,288.1544406849527,109375000,0.9392765745495766,
efc8908b-b014-4804-ab95-33de26614148,2006,AES-128,encrypt,cuda_baseline,baseline,resident,pinned,ECB,33554432,6,33554432:ECB:6,dedb4323ce25ca1bb2e0ddf1e260b4abec0be0972471a5e4ad2b05b92d5e688c,1,1039,True,1,5033.511263847607,,0.006666207790374756,,,6666207.790374756,,,,,,,,,6666207.790374756
efc8908b-b014-4804-ab95-33de26614148,2006,AES-128,encrypt,cuda_optimized_v1,optimized,pipeline,pinned,ECB,33554432,6,33554432:ECB:6,dedb4323ce25ca1bb2e0ddf1e260b4abec0be0972471a5e4ad2b05b92d5e688c,2,1040,True,,5119.8000890589,1232.0515814441924,0.006553855895996094,0.0272346,10406100,6553855.895996094,10173300,20579400,27234600,,,,,,
efc8908b-b014-4804-ab95-33de26614148,2006,AES-128,encrypt,cpu_aesni,aesni,transform,bytes,ECB,33554432,6,33554432:ECB:6,dedb4323ce25ca1bb2e0ddf1e260b4abec0be0972471a5e4ad2b05b92d5e688c,3,1041,True,,,,,,,,,,,17669200,0.0176692,1899.0351572227378,15625000,0.8843071559549951,
efc8908b-b014-4804-ab95-33de26614148,2006,AES-128,encrypt,cuda_optimized_v1,optimized,resident,pinned,ECB,33554432,6,33554432:ECB:6,dedb4323ce25ca1bb2e0ddf1e260b4abec0be0972471a5e4ad2b05b92d5e688c,4,1042,True,1,5167.384474560733,,0.006493504047393799,,,6493504.047393799,,,,,,,,,6493504.047393799
efc8908b-b014-4804-ab95-33de26614148,2006,AES-128,encrypt,cuda_baseline,baseline,pipeline,pinned,ECB,33554432,6,33554432:ECB:6,dedb4323ce25ca1bb2e0ddf1e260b4abec0be0972471a5e4ad2b05b92d5e688c,5,1043,True,,5178.3321659247595,1231.133924542009,0.006479775905609131,0.0272549,10472300,6479775.905609131,10184100,20656400,27254900,,,,,,
efc8908b-b014-4804-ab95-33de26614148,2006,AES-128,encrypt,cuda_optimized_v1,optimized,pipeline,pinned,CTR,33554432,7,33554432:CTR:7,60404e95aa3190a2359d310f6683a90f2c6f9cc86a8f1e90e78a9ffbf07cf0e8,0,1044,True,,6846.099636087265,2082.5481312297516,0.004901247978210449,0.0161122,5326500,4901247.978210449,5744500,11071000,16112200,,,,,,
efc8908b-b014-4804-ab95-33de26614148,2006,AES-128,encrypt,cuda_optimized_v1,optimized,resident,pinned,CTR,33554432,7,33554432:CTR:7,60404e95aa3190a2359d310f6683a90f2c6f9cc86a8f1e90e78a9ffbf07cf0e8,1,1045,True,1,6860.6570688222855,,0.004890848159790039,,,4890848.159790039,,,,,,,,,4890848.159790039
efc8908b-b014-4804-ab95-33de26614148,2006,AES-128,encrypt,cpu_software,software,transform,bytes,CTR,33554432,7,33554432:CTR:7,60404e95aa3190a2359d310f6683a90f2c6f9cc86a8f1e90e78a9ffbf07cf0e8,2,1046,True,,,,,,,,,,,125964200,0.1259642,266.3807018184532,125000000,0.9923454441817596,
efc8908b-b014-4804-ab95-33de26614148,2006,AES-128,encrypt,cuda_baseline,baseline,resident,pinned,CTR,33554432,7,33554432:CTR:7,60404e95aa3190a2359d310f6683a90f2c6f9cc86a8f1e90e78a9ffbf07cf0e8,3,1047,True,1,6883.445851460277,,0.004874656200408936,,,4874656.200408936,,,,,,,,,4874656.200408936
efc8908b-b014-4804-ab95-33de26614148,2006,AES-128,encrypt,cuda_baseline,baseline,pipeline,pinned,CTR,33554432,7,33554432:CTR:7,60404e95aa3190a2359d310f6683a90f2c6f9cc86a8f1e90e78a9ffbf07cf0e8,4,1048,True,,6840.873806001139,2157.6192803312842,0.00490499210357666,0.0155516,5320700,4904992.10357666,5214400,10535100,15551600,,,,,,
efc8908b-b014-4804-ab95-33de26614148,2006,AES-128,encrypt,cpu_aesni,aesni,transform,bytes,CTR,33554432,7,33554432:CTR:7,60404e95aa3190a2359d310f6683a90f2c6f9cc86a8f1e90e78a9ffbf07cf0e8,5,1049,True,,,,,,,,,,,22214400,0.0222144,1510.4811293575337,15625000,0.7033725871506771,
efc8908b-b014-4804-ab95-33de26614148,2006,AES-128,encrypt,cuda_optimized_v1,optimized,resident,pinned,ECB,33554432,7,33554432:ECB:7,6b15df402609c14fab67a0f3c2b917e1cc120347e4afafd937f68df5b2fe395b,0,1050,True,1,7078.08586490623,,0.004740608215332031,,,4740608.215332031,,,,,,,,,4740608.215332031
efc8908b-b014-4804-ab95-33de26614148,2006,AES-128,encrypt,cuda_optimized_v1,optimized,pipeline,pinned,ECB,33554432,7,33554432:ECB:7,6b15df402609c14fab67a0f3c2b917e1cc120347e4afafd937f68df5b2fe395b,1,1051,True,,7066.5425901769995,2181.66421763046,0.00474835205078125,0.0153802,5318600,4748352.05078125,5225300,10543900,15380200,,,,,,
efc8908b-b014-4804-ab95-33de26614148,2006,AES-128,encrypt,cuda_baseline,baseline,pipeline,pinned,ECB,33554432,7,33554432:ECB:7,6b15df402609c14fab67a0f3c2b917e1cc120347e4afafd937f68df5b2fe395b,2,1052,True,,7135.0144003387395,2176.5978204462895,0.0047027840614318845,0.015416,5339800,4702784.061431885,5263300,10603100,15416000,,,,,,
efc8908b-b014-4804-ab95-33de26614148,2006,AES-128,encrypt,cuda_baseline,baseline,resident,pinned,ECB,33554432,7,33554432:ECB:7,6b15df402609c14fab67a0f3c2b917e1cc120347e4afafd937f68df5b2fe395b,3,1053,True,1,7160.154375730541,,0.004686272144317627,,,4686272.144317627,,,,,,,,,4686272.144317627
efc8908b-b014-4804-ab95-33de26614148,2006,AES-128,encrypt,cpu_aesni,aesni,transform,bytes,ECB,33554432,7,33554432:ECB:7,6b15df402609c14fab67a0f3c2b917e1cc120347e4afafd937f68df5b2fe395b,4,1054,True,,,,,,,,,,,20005600,0.0200056,1677.2519694485543,15625000,0.7810313112328549,
efc8908b-b014-4804-ab95-33de26614148,2006,AES-128,encrypt,cpu_software,software,transform,bytes,ECB,33554432,7,33554432:ECB:7,6b15df402609c14fab67a0f3c2b917e1cc120347e4afafd937f68df5b2fe395b,5,1055,True,,,,,,,,,,,116700300,0.1167003,287.5265273525432,125000000,1.0711197828968735,
efc8908b-b014-4804-ab95-33de26614148,2006,AES-128,encrypt,cuda_baseline,baseline,resident,pinned,CTR,33554432,8,33554432:CTR:8,c717be95fefd731b8c75f4c943a2d7f6ac48ae2e883b0c9c4703e29fc9aa4978,0,1056,True,1,6855.140529251622,,0.0048947839736938475,,,4894783.973693848,,,,,,,,,4894783.973693848
efc8908b-b014-4804-ab95-33de26614148,2006,AES-128,encrypt,cuda_optimized_v1,optimized,resident,pinned,CTR,33554432,8,33554432:CTR:8,c717be95fefd731b8c75f4c943a2d7f6ac48ae2e883b0c9c4703e29fc9aa4978,1,1057,True,1,6758.6836206006665,,0.004964640140533447,,,4964640.140533447,,,,,,,,,4964640.140533447
efc8908b-b014-4804-ab95-33de26614148,2006,AES-128,encrypt,cpu_software,software,transform,bytes,CTR,33554432,8,33554432:CTR:8,c717be95fefd731b8c75f4c943a2d7f6ac48ae2e883b0c9c4703e29fc9aa4978,2,1058,True,,,,,,,,,,,124223800,0.1242238,270.1127481207305,125000000,1.0062484000650438,
efc8908b-b014-4804-ab95-33de26614148,2006,AES-128,encrypt,cuda_baseline,baseline,pipeline,pinned,CTR,33554432,8,33554432:CTR:8,c717be95fefd731b8c75f4c943a2d7f6ac48ae2e883b0c9c4703e29fc9aa4978,3,1059,True,,6771.122094898051,2131.5905091636755,0.004955520153045654,0.0157415,5436200,4955520.153045654,5232300,10668500,15741500,,,,,,
efc8908b-b014-4804-ab95-33de26614148,2006,AES-128,encrypt,cpu_aesni,aesni,transform,bytes,CTR,33554432,8,33554432:CTR:8,c717be95fefd731b8c75f4c943a2d7f6ac48ae2e883b0c9c4703e29fc9aa4978,4,1060,True,,,,,,,,,,,22054600,0.0220546,1521.4255529458708,15625000,0.7084689815276631,
efc8908b-b014-4804-ab95-33de26614148,2006,AES-128,encrypt,cuda_optimized_v1,optimized,pipeline,pinned,CTR,33554432,8,33554432:CTR:8,c717be95fefd731b8c75f4c943a2d7f6ac48ae2e883b0c9c4703e29fc9aa4978,5,1061,True,,6842.391748617107,2138.6689102196387,0.004903903961181641,0.0156894,5327700,4903903.961181641,5318300,10646000,15689400,,,,,,
efc8908b-b014-4804-ab95-33de26614148,2006,AES-128,encrypt,cuda_optimized_v1,optimized,resident,pinned,ECB,33554432,8,33554432:ECB:8,bf3deaea39873de415870a474c51e170cefbb590f383be66051f702a3a1eaeb5,0,1062,True,1,4362.922260083912,,0.007690815925598144,,,7690815.9255981445,,,,,,,,,7690815.9255981445
efc8908b-b014-4804-ab95-33de26614148,2006,AES-128,encrypt,cpu_software,software,transform,bytes,ECB,33554432,8,33554432:ECB:8,bf3deaea39873de415870a474c51e170cefbb590f383be66051f702a3a1eaeb5,1,1063,True,,,,,,,,,,,118903100,0.1189031,282.1998080790156,109375000,0.9198666813564995,
efc8908b-b014-4804-ab95-33de26614148,2006,AES-128,encrypt,cuda_baseline,baseline,resident,pinned,ECB,33554432,8,33554432:ECB:8,bf3deaea39873de415870a474c51e170cefbb590f383be66051f702a3a1eaeb5,2,1064,True,1,4148.324138965031,,0.008088671684265136,,,8088671.684265137,,,,,,,,,8088671.684265137
efc8908b-b014-4804-ab95-33de26614148,2006,AES-128,encrypt,cuda_optimized_v1,optimized,pipeline,pinned,ECB,33554432,8,33554432:ECB:8,bf3deaea39873de415870a474c51e170cefbb590f383be66051f702a3a1eaeb5,3,1065,True,,4142.162360220216,1164.777072716922,0.008100704193115234,0.0288076,10354300,8100704.193115234,10213900,20568200,28807600,,,,,,
efc8908b-b014-4804-ab95-33de26614148,2006,AES-128,encrypt,cpu_aesni,aesni,transform,bytes,ECB,33554432,8,33554432:ECB:8,bf3deaea39873de415870a474c51e170cefbb590f383be66051f702a3a1eaeb5,4,1066,True,,,,,,,,,,,16876800,0.0168768,1988.1987106560484,15625000,0.925827171027683,
efc8908b-b014-4804-ab95-33de26614148,2006,AES-128,encrypt,cuda_baseline,baseline,pipeline,pinned,ECB,33554432,8,33554432:ECB:8,bf3deaea39873de415870a474c51e170cefbb590f383be66051f702a3a1eaeb5,5,1067,True,,3464.2026908165826,661.3665516901548,0.009686047554016114,0.050735,20573700,9686047.554016113,20334000,40907700,50735000,,,,,,
efc8908b-b014-4804-ab95-33de26614148,2006,AES-128,encrypt,cuda_baseline,baseline,resident,pinned,ECB,33554432,9,33554432:ECB:9,ccb34f64bc76b9e6d2f93aeb8739d839cc71db6e9a35195cb1c16d45463755e3,0,1068,True,1,3512.1585230914693,,0.009553791999816895,,,9553791.999816895,,,,,,,,,9553791.999816895
efc8908b-b014-4804-ab95-33de26614148,2006,AES-128,encrypt,cuda_optimized_v1,optimized,resident,pinned,ECB,33554432,9,33554432:ECB:9,ccb34f64bc76b9e6d2f93aeb8739d839cc71db6e9a35195cb1c16d45463755e3,1,1069,True,1,3397.628086764909,,0.009875840187072753,,,9875840.187072754,,,,,,,,,9875840.187072754
efc8908b-b014-4804-ab95-33de26614148,2006,AES-128,encrypt,cuda_baseline,baseline,pipeline,pinned,ECB,33554432,9,33554432:ECB:9,ccb34f64bc76b9e6d2f93aeb8739d839cc71db6e9a35195cb1c16d45463755e3,2,1070,True,,3367.2745308276444,656.2033238028561,0.009964863777160644,0.0511342,20601700,9964863.777160645,20423400,41025100,51134200,,,,,,
efc8908b-b014-4804-ab95-33de26614148,2006,AES-128,encrypt,cpu_aesni,aesni,transform,bytes,ECB,33554432,9,33554432:ECB:9,ccb34f64bc76b9e6d2f93aeb8739d839cc71db6e9a35195cb1c16d45463755e3,3,1071,True,,,,,,,,,,,17197900,0.0171979,1951.0772826914913,15625000,0.9085411590950058,
efc8908b-b014-4804-ab95-33de26614148,2006,AES-128,encrypt,cpu_software,software,transform,bytes,ECB,33554432,9,33554432:ECB:9,ccb34f64bc76b9e6d2f93aeb8739d839cc71db6e9a35195cb1c16d45463755e3,4,1072,True,,,,,,,,,,,119592800,0.1195928,280.57234214768783,125000000,1.0452134242195181,
efc8908b-b014-4804-ab95-33de26614148,2006,AES-128,encrypt,cuda_optimized_v1,optimized,pipeline,pinned,ECB,33554432,9,33554432:ECB:9,ccb34f64bc76b9e6d2f93aeb8739d839cc71db6e9a35195cb1c16d45463755e3,5,1073,True,,8286.780256698581,2250.510204766025,0.00404915189743042,0.0149097,5381700,4049151.89743042,5340100,10721800,14909700,,,,,,
efc8908b-b014-4804-ab95-33de26614148,2006,AES-128,encrypt,cuda_optimized_v1,optimized,resident,pinned,CTR,33554432,9,33554432:CTR:9,f4b1569bfd3182cc9db8544653c77e6489fe04df659f5ff9bc68f2b5ebd2ef2a,0,1074,True,1,7943.9979555060445,,0.004223872184753418,,,4223872.184753418,,,,,,,,,4223872.184753418
efc8908b-b014-4804-ab95-33de26614148,2006,AES-128,encrypt,cuda_optimized_v1,optimized,pipeline,pinned,CTR,33554432,9,33554432:CTR:9,f4b1569bfd3182cc9db8544653c77e6489fe04df659f5ff9bc68f2b5ebd2ef2a,1,1075,True,,7939.907937134485,2229.663700819318,0.004226047992706299,0.0150491,5399400,4226047.992706299,5286600,10686000,15049100,,,,,,
efc8908b-b014-4804-ab95-33de26614148,2006,AES-128,encrypt,cpu_aesni,aesni,transform,bytes,CTR,33554432,9,33554432:CTR:9,f4b1569bfd3182cc9db8544653c77e6489fe04df659f5ff9bc68f2b5ebd2ef2a,2,1076,True,,,,,,,,,,,22553500,0.0225535,1487.770501252577,31250000,1.3855942536635113,
efc8908b-b014-4804-ab95-33de26614148,2006,AES-128,encrypt,cpu_software,software,transform,bytes,CTR,33554432,9,33554432:CTR:9,f4b1569bfd3182cc9db8544653c77e6489fe04df659f5ff9bc68f2b5ebd2ef2a,3,1077,True,,,,,,,,,,,125758700,0.1257587,266.8159896691044,125000000,0.9939670177888289,
efc8908b-b014-4804-ab95-33de26614148,2006,AES-128,encrypt,cuda_baseline,baseline,pipeline,pinned,CTR,33554432,9,33554432:CTR:9,f4b1569bfd3182cc9db8544653c77e6489fe04df659f5ff9bc68f2b5ebd2ef2a,4,1078,True,,7805.099101977652,2151.352640588835,0.004299039840698242,0.0155969,5805000,4299039.840698242,5373400,11178400,15596900,,,,,,
efc8908b-b014-4804-ab95-33de26614148,2006,AES-128,encrypt,cuda_baseline,baseline,resident,pinned,CTR,33554432,9,33554432:CTR:9,f4b1569bfd3182cc9db8544653c77e6489fe04df659f5ff9bc68f2b5ebd2ef2a,5,1079,True,1,7855.502631385152,,0.004271455764770508,,,4271455.764770508,,,,,,,,,4271455.764770508
efc8908b-b014-4804-ab95-33de26614148,2006,AES-128,encrypt,cpu_aesni,aesni,transform,bytes,ECB,33554432,10,33554432:ECB:10,5be255da5c25f6b93912d59b83a8e20fb34a8aab53284ac9b69e1f9873d17e13,0,1080,True,,,,,,,,,,,16896400,0.0168964,1985.8923794417747,15625000,0.9247532018654862,
efc8908b-b014-4804-ab95-33de26614148,2006,AES-128,encrypt,cuda_optimized_v1,optimized,pipeline,pinned,ECB,33554432,10,33554432:ECB:10,5be255da5c25f6b93912d59b83a8e20fb34a8aab53284ac9b69e1f9873d17e13,1,1081,True,,8290.055593686015,2256.306198474925,0.004047552108764649,0.0148714,5327700,4047552.1087646484,5362800,10690500,14871400,,,,,,
efc8908b-b014-4804-ab95-33de26614148,2006,AES-128,encrypt,cpu_software,software,transform,bytes,ECB,33554432,10,33554432:ECB:10,5be255da5c25f6b93912d59b83a8e20fb34a8aab53284ac9b69e1f9873d17e13,2,1082,True,,,,,,,,,,,119112500,0.1191125,281.7037002833456,125000000,1.04942806170637,
efc8908b-b014-4804-ab95-33de26614148,2006,AES-128,encrypt,cuda_optimized_v1,optimized,resident,pinned,ECB,33554432,10,33554432:ECB:10,5be255da5c25f6b93912d59b83a8e20fb34a8aab53284ac9b69e1f9873d17e13,3,1083,True,1,8400.234090740381,,0.0039944639205932615,,,3994463.9205932617,,,,,,,,,3994463.9205932617
efc8908b-b014-4804-ab95-33de26614148,2006,AES-128,encrypt,cuda_baseline,baseline,pipeline,pinned,ECB,33554432,10,33554432:ECB:10,5be255da5c25f6b93912d59b83a8e20fb34a8aab53284ac9b69e1f9873d17e13,4,1084,True,,8173.418502137009,2220.7800493735645,0.004105311870574951,0.0151093,5432300,4105311.870574951,5443600,10875900,15109300,,,,,,
efc8908b-b014-4804-ab95-33de26614148,2006,AES-128,encrypt,cuda_baseline,baseline,resident,pinned,ECB,33554432,10,33554432:ECB:10,5be255da5c25f6b93912d59b83a8e20fb34a8aab53284ac9b69e1f9873d17e13,5,1085,True,1,8269.33144107911,,0.004057695865631103,,,4057695.8656311035,,,,,,,,,4057695.8656311035
efc8908b-b014-4804-ab95-33de26614148,2006,AES-128,encrypt,cuda_baseline,baseline,pipeline,pinned,CTR,33554432,10,33554432:CTR:10,e23957558789f3d91baa53bf2c05572f88eba64c6b8527b2d1b9eb02e0996da5,0,1086,True,,7910.080015834381,2235.084662217071,0.004241983890533447,0.0150126,5400300,4241983.890533447,5278200,10678500,15012600,,,,,,
efc8908b-b014-4804-ab95-33de26614148,2006,AES-128,encrypt,cpu_aesni,aesni,transform,bytes,CTR,33554432,10,33554432:CTR:10,e23957558789f3d91baa53bf2c05572f88eba64c6b8527b2d1b9eb02e0996da5,1,1087,True,,,,,,,,,,,23854900,0.0238549,1406.6054353612885,31250000,1.3100033955288013,
efc8908b-b014-4804-ab95-33de26614148,2006,AES-128,encrypt,cuda_baseline,baseline,resident,pinned,CTR,33554432,10,33554432:CTR:10,e23957558789f3d91baa53bf2c05572f88eba64c6b8527b2d1b9eb02e0996da5,2,1088,True,1,8075.784525646668,,0.004154943943023682,,,4154943.9430236816,,,,,,,,,4154943.9430236816
efc8908b-b014-4804-ab95-33de26614148,2006,AES-128,encrypt,cuda_optimized_v1,optimized,pipeline,pinned,CTR,33554432,10,33554432:CTR:10,e23957558789f3d91baa53bf2c05572f88eba64c6b8527b2d1b9eb02e0996da5,3,1089,True,,8120.249713693372,2272.534879310812,0.004132192134857177,0.0147652,5326600,4132192.1348571777,5210300,10536900,14765200,,,,,,
efc8908b-b014-4804-ab95-33de26614148,2006,AES-128,encrypt,cuda_optimized_v1,optimized,resident,pinned,CTR,33554432,10,33554432:CTR:10,e23957558789f3d91baa53bf2c05572f88eba64c6b8527b2d1b9eb02e0996da5,4,1090,True,1,8116.5416591979,,0.004134079933166504,,,4134079.933166504,,,,,,,,,4134079.933166504
efc8908b-b014-4804-ab95-33de26614148,2006,AES-128,encrypt,cpu_software,software,transform,bytes,CTR,33554432,10,33554432:CTR:10,e23957558789f3d91baa53bf2c05572f88eba64c6b8527b2d1b9eb02e0996da5,5,1091,True,,,,,,,,,,,126422000,0.126422,265.41608264384365,125000000,0.9887519577288763,
efc8908b-b014-4804-ab95-33de26614148,2006,AES-128,encrypt,cuda_optimized_v1,optimized,pipeline,pinned,ECB,33554432,11,33554432:ECB:11,ff6e4a6b0cb055a418aa1a4a0185cdf542f902685ac850a977d6e9c50ba4edca,0,1092,True,,4966.753438369233,1209.412782399331,0.006755807876586914,0.0277444,10501000,6755807.876586914,10321900,20822900,27744400,,,,,,
efc8908b-b014-4804-ab95-33de26614148,2006,AES-128,encrypt,cpu_software,software,transform,bytes,ECB,33554432,11,33554432:ECB:11,ff6e4a6b0cb055a418aa1a4a0185cdf542f902685ac850a977d6e9c50ba4edca,1,1093,True,,,,,,,,,,,119144900,0.1191449,281.6270944035372,125000000,1.0491426825655148,
efc8908b-b014-4804-ab95-33de26614148,2006,AES-128,encrypt,cuda_baseline,baseline,resident,pinned,ECB,33554432,11,33554432:ECB:11,ff6e4a6b0cb055a418aa1a4a0185cdf542f902685ac850a977d6e9c50ba4edca,2,1094,True,1,4738.084630802827,,0.007081855773925781,,,7081855.773925781,,,,,,,,,7081855.773925781
efc8908b-b014-4804-ab95-33de26614148,2006,AES-128,encrypt,cpu_aesni,aesni,transform,bytes,ECB,33554432,11,33554432:ECB:11,ff6e4a6b0cb055a418aa1a4a0185cdf542f902685ac850a977d6e9c50ba4edca,3,1095,True,,,,,,,,,,,17617400,0.0176174,1904.6188427350232,31250000,1.773814524277135,
efc8908b-b014-4804-ab95-33de26614148,2006,AES-128,encrypt,cuda_optimized_v1,optimized,resident,pinned,ECB,33554432,11,33554432:ECB:11,ff6e4a6b0cb055a418aa1a4a0185cdf542f902685ac850a977d6e9c50ba4edca,4,1096,True,1,4759.547854341303,,0.0070499200820922855,,,7049920.082092285,,,,,,,,,7049920.082092285
efc8908b-b014-4804-ab95-33de26614148,2006,AES-128,encrypt,cuda_baseline,baseline,pipeline,pinned,ECB,33554432,11,33554432:ECB:11,ff6e4a6b0cb055a418aa1a4a0185cdf542f902685ac850a977d6e9c50ba4edca,5,1097,True,,4504.753709232772,1185.782106420047,0.007448671817779541,0.0282973,10503400,7448671.817779541,10230800,20734200,28297300,,,,,,
efc8908b-b014-4804-ab95-33de26614148,2006,AES-128,encrypt,cuda_optimized_v1,optimized,pipeline,pinned,CTR,33554432,11,33554432:CTR:11,98432d1a8411a3fbf352864e2ac6a6d7ca18ac12e739a67f6d1f8e2ca39190a0,0,1098,True,,4228.521134580119,1164.2274436872858,0.007935264110565186,0.0288212,10372400,7935264.110565186,10392500,20764900,28821200,,,,,,
efc8908b-b014-4804-ab95-33de26614148,2006,AES-128,encrypt,cuda_baseline,baseline,pipeline,pinned,CTR,33554432,11,33554432:CTR:11,98432d1a8411a3fbf352864e2ac6a6d7ca18ac12e739a67f6d1f8e2ca39190a0,1,1099,True,,3975.1012083045566,1154.3545584962003,0.00844115161895752,0.0290677,10336000,8441151.61895752,10188300,20524300,29067700,,,,,,
efc8908b-b014-4804-ab95-33de26614148,2006,AES-128,encrypt,cuda_optimized_v1,optimized,resident,pinned,CTR,33554432,11,33554432:CTR:11,98432d1a8411a3fbf352864e2ac6a6d7ca18ac12e739a67f6d1f8e2ca39190a0,2,1100,True,1,3869.7697331897657,,0.00867091178894043,,,8670911.78894043,,,,,,,,,8670911.78894043
efc8908b-b014-4804-ab95-33de26614148,2006,AES-128,encrypt,cpu_software,software,transform,bytes,CTR,33554432,11,33554432:CTR:11,98432d1a8411a3fbf352864e2ac6a6d7ca18ac12e739a67f6d1f8e2ca39190a0,3,1101,True,,,,,,,,,,,124246600,0.1242466,270.0631808033379,125000000,1.0060637474184404,
efc8908b-b014-4804-ab95-33de26614148,2006,AES-128,encrypt,cuda_baseline,baseline,resident,pinned,CTR,33554432,11,33554432:CTR:11,98432d1a8411a3fbf352864e2ac6a6d7ca18ac12e739a67f6d1f8e2ca39190a0,4,1102,True,1,3293.6594439361133,,0.010187583923339844,,,10187583.923339844,,,,,,,,,10187583.923339844
efc8908b-b014-4804-ab95-33de26614148,2006,AES-128,encrypt,cpu_aesni,aesni,transform,bytes,CTR,33554432,11,33554432:CTR:11,98432d1a8411a3fbf352864e2ac6a6d7ca18ac12e739a67f6d1f8e2ca39190a0,5,1103,True,,,,,,,,,,,24332100,0.0243321,1379.019155765429,31250000,1.2843116705915232,
efc8908b-b014-4804-ab95-33de26614148,2006,AES-128,encrypt,cuda_baseline,baseline,resident,pinned,CTR,33554432,12,33554432:CTR:12,54f2bb68982ea1c3ec951b6bbbca8d366d2ea34ec0488abdf10a27bb95af0191,0,1104,True,1,3251.7008393698584,,0.010319040298461915,,,10319040.298461914,,,,,,,,,10319040.298461914
efc8908b-b014-4804-ab95-33de26614148,2006,AES-128,encrypt,cpu_software,software,transform,bytes,CTR,33554432,12,33554432:CTR:12,54f2bb68982ea1c3ec951b6bbbca8d366d2ea34ec0488abdf10a27bb95af0191,1,1105,True,,,,,,,,,,,122545900,0.1225459,273.8111352562591,125000000,1.020025965780985,
efc8908b-b014-4804-ab95-33de26614148,2006,AES-128,encrypt,cuda_optimized_v1,optimized,resident,pinned,CTR,33554432,12,33554432:CTR:12,54f2bb68982ea1c3ec951b6bbbca8d366d2ea34ec0488abdf10a27bb95af0191,2,1106,True,1,3187.2578511648576,,0.010527680397033692,,,10527680.397033691,,,,,,,,,10527680.397033691
efc8908b-b014-4804-ab95-33de26614148,2006,AES-128,encrypt,cpu_aesni,aesni,transform,bytes,CTR,33554432,12,33554432:CTR:12,54f2bb68982ea1c3ec951b6bbbca8d366d2ea34ec0488abdf10a27bb95af0191,3,1107,True,,,,,,,,,,,23736600,0.0237366,1413.6157663692356,15625000,0.6582661375260147,
efc8908b-b014-4804-ab95-33de26614148,2006,AES-128,encrypt,cuda_optimized_v1,optimized,pipeline,pinned,CTR,33554432,12,33554432:CTR:12,54f2bb68982ea1c3ec951b6bbbca8d366d2ea34ec0488abdf10a27bb95af0191,4,1108,True,,3215.445167646808,653.8798306178007,0.010435392379760742,0.0513159,20552000,10435392.379760742,20209000,40761000,51315900,,,,,,
efc8908b-b014-4804-ab95-33de26614148,2006,AES-128,encrypt,cuda_baseline,baseline,pipeline,pinned,CTR,33554432,12,33554432:CTR:12,54f2bb68982ea1c3ec951b6bbbca8d366d2ea34ec0488abdf10a27bb95af0191,5,1109,True,,3197.2582318334835,724.7287108012432,0.010494751930236816,0.0462993,20724100,10494751.930236816,14942200,35666300,46299300,,,,,,
efc8908b-b014-4804-ab95-33de26614148,2006,AES-128,encrypt,cpu_aesni,aesni,transform,bytes,ECB,33554432,12,33554432:ECB:12,bd938cec1b54ff71a7a663229fbee6573fa12d13d88d3fc026e6e6cf2eac1adb,0,1110,True,,,,,,,,,,,18959100,0.0189591,1769.832534244769,15625000,0.8241424962155377,
efc8908b-b014-4804-ab95-33de26614148,2006,AES-128,encrypt,cuda_optimized_v1,optimized,resident,pinned,ECB,33554432,12,33554432:ECB:12,bd938cec1b54ff71a7a663229fbee6573fa12d13d88d3fc026e6e6cf2eac1adb,1,1111,True,1,8318.862743486712,,0.004033535957336426,,,4033535.957336426,,,,,,,,,4033535.957336426
efc8908b-b014-4804-ab95-33de26614148,2006,AES-128,encrypt,cuda_baseline,baseline,resident,pinned,ECB,33554432,12,33554432:ECB:12,bd938cec1b54ff71a7a663229fbee6573fa12d13d88d3fc026e6e6cf2eac1adb,2,1112,True,1,8464.039749781825,,0.0039643518924713135,,,3964351.8924713135,,,,,,,,,3964351.8924713135
efc8908b-b014-4804-ab95-33de26614148,2006,AES-128,encrypt,cuda_optimized_v1,optimized,pipeline,pinned,ECB,33554432,12,33554432:ECB:12,bd938cec1b54ff71a7a663229fbee6573fa12d13d88d3fc026e6e6cf2eac1adb,3,1113,True,,8375.609173992609,2284.9148802876366,0.004006207942962647,0.0146852,5337900,4006207.9429626465,5233700,10571600,14685200,,,,,,
efc8908b-b014-4804-ab95-33de26614148,2006,AES-128,encrypt,cpu_software,software,transform,bytes,ECB,33554432,12,33554432:ECB:12,bd938cec1b54ff71a7a663229fbee6573fa12d13d88d3fc026e6e6cf2eac1adb,4,1114,True,,,,,,,,,,,118378000,0.118378,283.45158728817853,109375000,0.9239470171822467,
efc8908b-b014-4804-ab95-33de26614148,2006,AES-128,encrypt,cuda_baseline,baseline,pipeline,pinned,ECB,33554432,12,33554432:ECB:12,bd938cec1b54ff71a7a663229fbee6573fa12d13d88d3fc026e6e6cf2eac1adb,5,1115,True,,8312.268105807836,2268.831655318372,0.004036736011505127,0.0147893,5321500,4036736.011505127,5314700,10636200,14789300,,,,,,
efc8908b-b014-4804-ab95-33de26614148,2006,AES-128,encrypt,cuda_baseline,baseline,resident,pinned,ECB,33554432,13,33554432:ECB:13,9d1a2247ec7683cfca74dd09b7cf4945613ac16344f76fbc8cea543fe98fff2c,0,1116,True,1,8282.721651524838,,0.004051136016845703,,,4051136.016845703,,,,,,,,,4051136.016845703
efc8908b-b014-4804-ab95-33de26614148,2006,AES-128,encrypt,cpu_software,software,transform,bytes,ECB,33554432,13,33554432:ECB:13,9d1a2247ec7683cfca74dd09b7cf4945613ac16344f76fbc8cea543fe98fff2c,1,1117,True,,,,,,,,,,,120095200,0.1200952,279.39861043572097,109375000,0.9107358162524397,
efc8908b-b014-4804-ab95-33de26614148,2006,AES-128,encrypt,cuda_baseline,baseline,pipeline,pinned,ECB,33554432,13,33554432:ECB:13,9d1a2247ec7683cfca74dd09b7cf4945613ac16344f76fbc8cea543fe98fff2c,2,1118,True,,8324.740984691643,2267.4824470709077,0.004030687808990479,0.0147981,5328100,4030687.8089904785,5300400,10628500,14798100,,,,,,
efc8908b-b014-4804-ab95-33de26614148,2006,AES-128,encrypt,cpu_aesni,aesni,transform,bytes,ECB,33554432,13,33554432:ECB:13,9d1a2247ec7683cfca74dd09b7cf4945613ac16344f76fbc8cea543fe98fff2c,3,1119,True,,,,,,,,,,,17260000,0.01726,1944.0574739281576,15625000,0.9052723059096176,
efc8908b-b014-4804-ab95-33de26614148,2006,AES-128,encrypt,cuda_optimized_v1,optimized,resident,pinned,ECB,33554432,13,33554432:ECB:13,9d1a2247ec7683cfca74dd09b7cf4945613ac16344f76fbc8cea543fe98fff2c,4,1120,True,1,8161.712681670243,,0.004111199855804443,,,4111199.8558044434,,,,,,,,,4111199.8558044434
efc8908b-b014-4804-ab95-33de26614148,2006,AES-128,encrypt,cuda_optimized_v1,optimized,pipeline,pinned,ECB,33554432,13,33554432:ECB:13,9d1a2247ec7683cfca74dd09b7cf4945613ac16344f76fbc8cea543fe98fff2c,5,1121,True,,8266.397753649902,2273.135292962002,0.004059135913848877,0.0147613,5318500,4059135.913848877,5280900,10599400,14761300,,,,,,
efc8908b-b014-4804-ab95-33de26614148,2006,AES-128,encrypt,cpu_software,software,transform,bytes,CTR,33554432,13,33554432:CTR:13,e8d1c06e69d6f47b33d0daf7ed55b29a143e9601e92e70e827cbf544439bbac9,0,1122,True,,,,,,,,,,,123937100,0.1239371,270.7375918913707,125000000,1.0085761245018643,
efc8908b-b014-4804-ab95-33de26614148,2006,AES-128,encrypt,cuda_baseline,baseline,pipeline,pinned,CTR,33554432,13,33554432:CTR:13,e8d1c06e69d6f47b33d0daf7ed55b29a143e9601e92e70e827cbf544439bbac9,1,1123,True,,7917.2469425924655,2236.0826075077134,0.004238143920898437,0.0150059,5425700,4238143.9208984375,5224700,10650400,15005900,,,,,,
efc8908b-b014-4804-ab95-33de26614148,2006,AES-128,encrypt,cuda_baseline,baseline,resident,pinned,CTR,33554432,13,33554432:CTR:13,e8d1c06e69d6f47b33d0daf7ed55b29a143e9601e92e70e827cbf544439bbac9,2,1124,True,1,8007.881272496778,,0.004190176010131836,,,4190176.010131836,,,,,,,,,4190176.010131836
efc8908b-b014-4804-ab95-33de26614148,2006,AES-128,encrypt,cuda_optimized_v1,optimized,resident,pinned,CTR,33554432,13,33554432:CTR:13,e8d1c06e69d6f47b33d0daf7ed55b29a143e9601e92e70e827cbf544439bbac9,3,1125,True,1,8089.802686417005,,0.004147744178771973,,,4147744.1787719727,,,,,,,,,4147744.1787719727
efc8908b-b014-4804-ab95-33de26614148,2006,AES-128,encrypt,cpu_aesni,aesni,transform,bytes,CTR,33554432,13,33554432:CTR:13,e8d1c06e69d6f47b33d0daf7ed55b29a143e9601e92e70e827cbf544439bbac9,4,1126,True,,,,,,,,,,,23319100,0.0233191,1438.9248298605007,15625000,0.6700515886119104,
efc8908b-b014-4804-ab95-33de26614148,2006,AES-128,encrypt,cuda_optimized_v1,optimized,pipeline,pinned,CTR,33554432,13,33554432:CTR:13,e8d1c06e69d6f47b33d0daf7ed55b29a143e9601e92e70e827cbf544439bbac9,5,1127,True,,8104.6218796060375,2252.322976029857,0.004140160083770752,0.0148977,5453500,4140160.083770752,5206300,10659800,14897700,,,,,,
efc8908b-b014-4804-ab95-33de26614148,2006,AES-128,encrypt,cpu_software,software,transform,bytes,ECB,33554432,14,33554432:ECB:14,a7e17fbb185b8d62173c2d368a25bd4a836a504200f886b19649512e6bf2e86b,0,1128,True,,,,,,,,,,,117233600,0.1172336,286.21855850199944,109375000,0.9329663168238457,
efc8908b-b014-4804-ab95-33de26614148,2006,AES-128,encrypt,cuda_optimized_v1,optimized,resident,pinned,ECB,33554432,14,33554432:ECB:14,a7e17fbb185b8d62173c2d368a25bd4a836a504200f886b19649512e6bf2e86b,1,1129,True,1,4316.744142533988,,0.007773087978363037,,,7773087.978363037,,,,,,,,,7773087.978363037
efc8908b-b014-4804-ab95-33de26614148,2006,AES-128,encrypt,cuda_baseline,baseline,resident,pinned,ECB,33554432,14,33554432:ECB:14,a7e17fbb185b8d62173c2d368a25bd4a836a504200f886b19649512e6bf2e86b,2,1130,True,1,4331.59843744902,,0.007746431827545166,,,7746431.827545166,,,,,,,,,7746431.827545166
efc8908b-b014-4804-ab95-33de26614148,2006,AES-128,encrypt,cuda_optimized_v1,optimized,pipeline,pinned,ECB,33554432,14,33554432:ECB:14,a7e17fbb185b8d62173c2d368a25bd4a836a504200f886b19649512e6bf2e86b,3,1131,True,,4350.4143679906665,1183.7156353296857,0.00771292781829834,0.0283467,10336800,7712927.81829834,10167600,20504400,28346700,,,,,,
efc8908b-b014-4804-ab95-33de26614148,2006,AES-128,encrypt,cuda_baseline,baseline,pipeline,pinned,ECB,33554432,14,33554432:ECB:14,a7e17fbb185b8d62173c2d368a25bd4a836a504200f886b19649512e6bf2e86b,4,1132,True,,4360.436654846782,1162.38029583954,0.0076951999664306645,0.028867,10607200,7695199.966430664,10460500,21067700,28867000,,,,,,
efc8908b-b014-4804-ab95-33de26614148,2006,AES-128,encrypt,cpu_aesni,aesni,transform,bytes,ECB,33554432,14,33554432:ECB:14,a7e17fbb185b8d62173c2d368a25bd4a836a504200f886b19649512e6bf2e86b,5,1133,True,,,,,,,,,,,21686700,0.0216867,1547.2354945657937,15625000,0.7204876721677341,
efc8908b-b014-4804-ab95-33de26614148,2006,AES-128,encrypt,cuda_baseline,baseline,resident,pinned,CTR,33554432,14,33554432:CTR:14,6dd28cb4e2c74508dedf89d9cb92385e105480e1dc6e2471efdf4785c626fa79,0,1134,True,1,3328.971146367496,,0.010079520225524902,,,10079520.225524902,,,,,,,,,10079520.225524902
efc8908b-b014-4804-ab95-33de26614148,2006,AES-128,encrypt,cuda_baseline,baseline,pipeline,pinned,CTR,33554432,14,33554432:CTR:14,6dd28cb4e2c74508dedf89d9cb92385e105480e1dc6e2471efdf4785c626fa79,1,1135,True,,3349.558817468206,650.0088529004388,0.01001756763458252,0.0516215,20634300,10017567.63458252,20850100,41484400,51621500,,,,,,
efc8908b-b014-4804-ab95-33de26614148,2006,AES-128,encrypt,cpu_aesni,aesni,transform,bytes,CTR,33554432,14,33554432:CTR:14,6dd28cb4e2c74508dedf89d9cb92385e105480e1dc6e2471efdf4785c626fa79,2,1136,True,,,,,,,,,,,22738500,0.0227385,1475.666028981683,15625000,0.6871605426919102,
efc8908b-b014-4804-ab95-33de26614148,2006,AES-128,encrypt,cpu_software,software,transform,bytes,CTR,33554432,14,33554432:CTR:14,6dd28cb4e2c74508dedf89d9cb92385e105480e1dc6e2471efdf4785c626fa79,3,1137,True,,,,,,,,,,,131379700,0.1313797,255.40043096460107,140625000,1.0703708411573478,
efc8908b-b014-4804-ab95-33de26614148,2006,AES-128,encrypt,cuda_optimized_v1,optimized,pipeline,pinned,CTR,33554432,14,33554432:CTR:14,6dd28cb4e2c74508dedf89d9cb92385e105480e1dc6e2471efdf4785c626fa79,4,1138,True,,4465.559915986323,1194.5797806250869,0.0075140480995178225,0.0280889,10304900,7514048.099517822,10153500,20458400,28088900,,,,,,
efc8908b-b014-4804-ab95-33de26614148,2006,AES-128,encrypt,cuda_optimized_v1,optimized,resident,pinned,CTR,33554432,14,33554432:CTR:14,6dd28cb4e2c74508dedf89d9cb92385e105480e1dc6e2471efdf4785c626fa79,5,1139,True,1,4527.510678969122,,0.007411231994628906,,,7411231.994628906,,,,,,,,,7411231.994628906
efc8908b-b014-4804-ab95-33de26614148,2006,AES-128,encrypt,cuda_baseline,baseline,pipeline,pinned,ECB,33554432,15,33554432:ECB:15,1f8931b8e247419a5c9189279d33f58c7c0c607a5a6db0f570e6f5972d2ed87d,0,1140,True,,4530.347086511473,1199.5035319015071,0.0074065918922424315,0.0279736,10290300,7406591.892242432,10142500,20432800,27973600,,,,,,
efc8908b-b014-4804-ab95-33de26614148,2006,AES-128,encrypt,cuda_optimized_v1,optimized,resident,pinned,ECB,33554432,15,33554432:ECB:15,1f8931b8e247419a5c9189279d33f58c7c0c607a5a6db0f570e6f5972d2ed87d,1,1141,True,1,4608.072067791798,,0.00728166389465332,,,7281663.89465332,,,,,,,,,7281663.89465332
efc8908b-b014-4804-ab95-33de26614148,2006,AES-128,encrypt,cpu_aesni,aesni,transform,bytes,ECB,33554432,15,33554432:ECB:15,1f8931b8e247419a5c9189279d33f58c7c0c607a5a6db0f570e6f5972d2ed87d,2,1142,True,,,,,,,,,,,18164200,0.0181642,1847.2837779808635,15625000,0.8602085420772729,
efc8908b-b014-4804-ab95-33de26614148,2006,AES-128,encrypt,cpu_software,software,transform,bytes,ECB,33554432,15,33554432:ECB:15,1f8931b8e247419a5c9189279d33f58c7c0c607a5a6db0f570e6f5972d2ed87d,3,1143,True,,,,,,,,,,,121684800,0.1216848,275.7487541582843,109375000,0.8988386388439641,
efc8908b-b014-4804-ab95-33de26614148,2006,AES-128,encrypt,cuda_optimized_v1,optimized,pipeline,pinned,ECB,33554432,15,33554432:ECB:15,1f8931b8e247419a5c9189279d33f58c7c0c607a5a6db0f570e6f5972d2ed87d,4,1144,True,,4544.030887412313,1199.4306406008157,0.0073842878341674805,0.0279753,10319700,7384287.8341674805,10145700,20465400,27975300,,,,,,
efc8908b-b014-4804-ab95-33de26614148,2006,AES-128,encrypt,cuda_baseline,baseline,resident,pinned,ECB,33554432,15,33554432:ECB:15,1f8931b8e247419a5c9189279d33f58c7c0c607a5a6db0f570e6f5972d2ed87d,5,1145,True,1,4598.06972879033,,0.00729750394821167,,,7297503.94821167,,,,,,,,,7297503.94821167
efc8908b-b014-4804-ab95-33de26614148,2006,AES-128,encrypt,cuda_optimized_v1,optimized,resident,pinned,CTR,33554432,15,33554432:CTR:15,c1094e446e1ce83b22c51a71d7cb72a2eb89ffadbe598243a576716fa0aaa7f1,0,1146,True,1,4470.719736947991,,0.007505375862121582,,,7505375.862121582,,,,,,,,,7505375.862121582
efc8908b-b014-4804-ab95-33de26614148,2006,AES-128,encrypt,cuda_optimized_v1,optimized,pipeline,pinned,CTR,33554432,15,33554432:CTR:15,c1094e446e1ce83b22c51a71d7cb72a2eb89ffadbe598243a576716fa0aaa7f1,1,1147,True,,4462.899129808817,1184.1375464946395,0.00751852798461914,0.0283366,10465300,7518527.984619141,10155200,20620500,28336600,,,,,,
efc8908b-b014-4804-ab95-33de26614148,2006,AES-128,encrypt,cuda_baseline,baseline,pipeline,pinned,CTR,33554432,15,33554432:CTR:15,c1094e446e1ce83b22c51a71d7cb72a2eb89ffadbe598243a576716fa0aaa7f1,2,1148,True,,4392.530042436954,1187.6329760876645,0.007638976097106933,0.0282532,10323200,7638976.097106934,10187000,20510200,28253200,,,,,,
efc8908b-b014-4804-ab95-33de26614148,2006,AES-128,encrypt,cpu_software,software,transform,bytes,CTR,33554432,15,33554432:CTR:15,c1094e446e1ce83b22c51a71d7cb72a2eb89ffadbe598243a576716fa0aaa7f1,3,1149,True,,,,,,,,,,,124602500,0.1246025,269.29180393651814,125000000,1.0031901446600189,
efc8908b-b014-4804-ab95-33de26614148,2006,AES-128,encrypt,cuda_baseline,baseline,resident,pinned,CTR,33554432,15,33554432:CTR:15,c1094e446e1ce83b22c51a71d7cb72a2eb89ffadbe598243a576716fa0aaa7f1,4,1150,True,1,4371.470972974608,,0.00767577600479126,,,7675776.00479126,,,,,,,,,7675776.00479126
efc8908b-b014-4804-ab95-33de26614148,2006,AES-128,encrypt,cpu_aesni,aesni,transform,bytes,CTR,33554432,15,33554432:CTR:15,c1094e446e1ce83b22c51a71d7cb72a2eb89ffadbe598243a576716fa0aaa7f1,5,1151,True,,,,,,,,,,,22568100,0.0225681,1486.8080166252364,15625000,0.6923489350011742,
efc8908b-b014-4804-ab95-33de26614148,2006,AES-128,encrypt,cuda_baseline,baseline,resident,pinned,CTR,33554432,16,33554432:CTR:16,dc6e588b08c6dbecab966cc4ddd167dc52246b587da62161b6877287da416972,0,1152,True,1,4389.6430881171855,,0.007644000053405761,,,7644000.053405762,,,,,,,,,7644000.053405762
efc8908b-b014-4804-ab95-33de26614148,2006,AES-128,encrypt,cuda_optimized_v1,optimized,resident,pinned,CTR,33554432,16,33554432:CTR:16,dc6e588b08c6dbecab966cc4ddd167dc52246b587da62161b6877287da416972,1,1153,True,1,3621.386341950812,,0.009265631675720214,,,9265631.675720215,,,,,,,,,9265631.675720215
efc8908b-b014-4804-ab95-33de26614148,2006,AES-128,encrypt,cuda_baseline,baseline,pipeline,pinned,CTR,33554432,16,33554432:CTR:16,dc6e588b08c6dbecab966cc4ddd167dc52246b587da62161b6877287da416972,2,1154,True,,3025.0932102862057,643.6362659832811,0.011092032432556152,0.0521326,20674100,11092032.432556152,20218600,40892700,52132600,,,,,,
efc8908b-b014-4804-ab95-33de26614148,2006,AES-128,encrypt,cuda_optimized_v1,optimized,pipeline,pinned,CTR,33554432,16,33554432:CTR:16,dc6e588b08c6dbecab966cc4ddd167dc52246b587da62161b6877287da416972,3,1155,True,,3062.886183332135,645.8998381132591,0.010955167770385741,0.0519499,20579000,10955167.770385742,20271700,40850700,51949900,,,,,,
efc8908b-b014-4804-ab95-33de26614148,2006,AES-128,encrypt,cpu_aesni,aesni,transform,bytes,CTR,33554432,16,33554432:CTR:16,dc6e588b08c6dbecab966cc4ddd167dc52246b587da62161b6877287da416972,4,1156,True,,,,,,,,,,,22544100,0.0225441,1488.3908428369284,15625000,0.6930859958924952,
efc8908b-b014-4804-ab95-33de26614148,2006,AES-128,encrypt,cpu_software,software,transform,bytes,CTR,33554432,16,33554432:CTR:16,dc6e588b08c6dbecab966cc4ddd167dc52246b587da62161b6877287da416972,5,1157,True,,,,,,,,,,,125393100,0.1253931,267.5939266195668,125000000,0.9968650587632015,
efc8908b-b014-4804-ab95-33de26614148,2006,AES-128,encrypt,cpu_software,software,transform,bytes,ECB,33554432,16,33554432:ECB:16,1ff1e5b6464feac60702fe932998e43684cd14c3a40cac904cabae1066b0b5c1,0,1158,True,,,,,,,,,,,121417500,0.1214175,276.3558136183005,140625000,1.1581938353202792,
efc8908b-b014-4804-ab95-33de26614148,2006,AES-128,encrypt,cuda_baseline,baseline,resident,pinned,ECB,33554432,16,33554432:ECB:16,1ff1e5b6464feac60702fe932998e43684cd14c3a40cac904cabae1066b0b5c1,1,1159,True,1,8480.673965615479,,0.003956576108932495,,,3956576.108932495,,,,,,,,,3956576.108932495
efc8908b-b014-4804-ab95-33de26614148,2006,AES-128,encrypt,cpu_aesni,aesni,transform,bytes,ECB,33554432,16,33554432:ECB:16,1ff1e5b6464feac60702fe932998e43684cd14c3a40cac904cabae1066b0b5c1,2,1160,True,,,,,,,,,,,18861900,0.0188619,1778.9529156659721,15625000,0.8283895047688727,
efc8908b-b014-4804-ab95-33de26614148,2006,AES-128,encrypt,cuda_optimized_v1,optimized,pipeline,pinned,ECB,33554432,16,33554432:ECB:16,1ff1e5b6464feac60702fe932998e43684cd14c3a40cac904cabae1066b0b5c1,3,1161,True,,8335.792636754572,2235.590970871199,0.004025343894958496,0.0150092,5616300,4025343.894958496,5232300,10848600,15009200,,,,,,
efc8908b-b014-4804-ab95-33de26614148,2006,AES-128,encrypt,cuda_baseline,baseline,pipeline,pinned,ECB,33554432,16,33554432:ECB:16,1ff1e5b6464feac60702fe932998e43684cd14c3a40cac904cabae1066b0b5c1,4,1162,True,,8266.136542715556,2223.6351466875194,0.004059264183044434,0.0150899,5645300,4059264.1830444336,5234200,10879500,15089900,,,,,,
efc8908b-b014-4804-ab95-33de26614148,2006,AES-128,encrypt,cuda_optimized_v1,optimized,resident,pinned,ECB,33554432,16,33554432:ECB:16,1ff1e5b6464feac60702fe932998e43684cd14c3a40cac904cabae1066b0b5c1,5,1163,True,1,8368.256494631412,,0.004009727954864502,,,4009727.954864502,,,,,,,,,4009727.954864502
efc8908b-b014-4804-ab95-33de26614148,2006,AES-128,encrypt,cpu_aesni,aesni,transform,bytes,CTR,33554432,17,33554432:CTR:17,5d9b2fd6852092f5cbcef0ec495493afdcadde64d70506793569ef0d03977142,0,1164,True,,,,,,,,,,,24099700,0.0240997,1392.3174147396026,31250000,1.2966966393772537,
efc8908b-b014-4804-ab95-33de26614148,2006,AES-128,encrypt,cuda_optimized_v1,optimized,resident,pinned,CTR,33554432,17,33554432:CTR:17,5d9b2fd6852092f5cbcef0ec495493afdcadde64d70506793569ef0d03977142,1,1165,True,1,8111.89521988666,,0.004136447906494141,,,4136447.9064941406,,,,,,,,,4136447.9064941406
efc8908b-b014-4804-ab95-33de26614148,2006,AES-128,encrypt,cuda_baseline,baseline,resident,pinned,CTR,33554432,17,33554432:CTR:17,5d9b2fd6852092f5cbcef0ec495493afdcadde64d70506793569ef0d03977142,2,1166,True,1,8158.854843377685,,0.004112639904022217,,,4112639.904022217,,,,,,,,,4112639.904022217
efc8908b-b014-4804-ab95-33de26614148,2006,AES-128,encrypt,cpu_software,software,transform,bytes,CTR,33554432,17,33554432:CTR:17,5d9b2fd6852092f5cbcef0ec495493afdcadde64d70506793569ef0d03977142,3,1167,True,,,,,,,,,,,129530300,0.1295303,259.0469720212182,125000000,0.9650251717165791,
efc8908b-b014-4804-ab95-33de26614148,2006,AES-128,encrypt,cuda_optimized_v1,optimized,pipeline,pinned,CTR,33554432,17,33554432:CTR:17,5d9b2fd6852092f5cbcef0ec495493afdcadde64d70506793569ef0d03977142,4,1168,True,,8123.017741401072,2258.5995167033516,0.004130784034729004,0.0148563,5312900,4130784.034729004,5314800,10627700,14856300,,,,,,
efc8908b-b014-4804-ab95-33de26614148,2006,AES-128,encrypt,cuda_baseline,baseline,pipeline,pinned,CTR,33554432,17,33554432:CTR:17,5d9b2fd6852092f5cbcef0ec495493afdcadde64d70506793569ef0d03977142,5,1169,True,,8113.338358496507,2266.517521817838,0.0041357121467590335,0.0148044,5318700,4135712.146759033,5258200,10576900,14804400,,,,,,
efc8908b-b014-4804-ab95-33de26614148,2006,AES-128,encrypt,cuda_baseline,baseline,resident,pinned,ECB,33554432,17,33554432:ECB:17,e425aa4541b0d7ac4b16a9d03307694b9833bfd189a3bf9102e638f3e4895349,0,1170,True,1,8312.729615955433,,0.0040365118980407715,,,4036511.8980407715,,,,,,,,,4036511.8980407715
efc8908b-b014-4804-ab95-33de26614148,2006,AES-128,encrypt,cuda_baseline,baseline,pipeline,pinned,ECB,33554432,17,33554432:ECB:17,e425aa4541b0d7ac4b16a9d03307694b9833bfd189a3bf9102e638f3e4895349,1,1171,True,,8437.070366885904,2290.4205489457268,0.003977024078369141,0.0146499,5342600,3977024.0783691406,5208500,10551100,14649900,,,,,,
efc8908b-b014-4804-ab95-33de26614148,2006,AES-128,encrypt,cpu_aesni,aesni,transform,bytes,ECB,33554432,17,33554432:ECB:17,e425aa4541b0d7ac4b16a9d03307694b9833bfd189a3bf9102e638f3e4895349,2,1172,True,,,,,,,,,,,18284000,0.018284,1835.1800481295122,31250000,1.709144607306935,
efc8908b-b014-4804-ab95-33de26614148,2006,AES-128,encrypt,cuda_optimized_v1,optimized,resident,pinned,ECB,33554432,17,33554432:ECB:17,e425aa4541b0d7ac4b16a9d03307694b9833bfd189a3bf9102e638f3e4895349,3,1173,True,1,8320.182730135608,,0.004032896041870117,,,4032896.041870117,,,,,,,,,4032896.041870117
efc8908b-b014-4804-ab95-33de26614148,2006,AES-128,encrypt,cpu_software,software,transform,bytes,ECB,33554432,17,33554432:ECB:17,e425aa4541b0d7ac4b16a9d03307694b9833bfd189a3bf9102e638f3e4895349,4,1174,True,,,,,,,,,,,121773700,0.1217737,275.5474457949459,109375000,0.898182448262638,
efc8908b-b014-4804-ab95-33de26614148,2006,AES-128,encrypt,cuda_optimized_v1,optimized,pipeline,pinned,ECB,33554432,17,33554432:ECB:17,e425aa4541b0d7ac4b16a9d03307694b9833bfd189a3bf9102e638f3e4895349,5,1175,True,,5335.341660744309,1246.0518556478985,0.006289087772369385,0.0269286,10306100,6289087.772369385,10161200,20467300,26928600,,,,,,
efc8908b-b014-4804-ab95-33de26614148,2006,AES-128,encrypt,cuda_optimized_v1,optimized,pipeline,pinned,CTR,33554432,18,33554432:CTR:18,33aa66341d2de1e624a6aff58b3f5c4d02c9d3eaa40ca9e11f00708ebfbdef85,0,1176,True,,4975.921764248825,1197.7523068411,0.006743360042572022,0.0280145,10520100,6743360.0425720215,10588800,21108900,28014500,,,,,,
efc8908b-b014-4804-ab95-33de26614148,2006,AES-128,encrypt,cpu_aesni,aesni,transform,bytes,CTR,33554432,18,33554432:CTR:18,33aa66341d2de1e624a6aff58b3f5c4d02c9d3eaa40ca9e11f00708ebfbdef85,1,1177,True,,,,,,,,,,,25926800,0.0259268,1294.1987441566255,31250000,1.2053165064720675,
efc8908b-b014-4804-ab95-33de26614148,2006,AES-128,encrypt,cuda_baseline,baseline,pipeline,pinned,CTR,33554432,18,33554432:CTR:18,33aa66341d2de1e624a6aff58b3f5c4d02c9d3eaa40ca9e11f00708ebfbdef85,2,1178,True,,4655.062090167721,1205.1515488910838,0.007208159923553467,0.0278425,10365600,7208159.923553467,10153600,20519200,27842500,,,,,,
efc8908b-b014-4804-ab95-33de26614148,2006,AES-128,encrypt,cuda_optimized_v1,optimized,resident,pinned,CTR,33554432,18,33554432:CTR:18,33aa66341d2de1e624a6aff58b3f5c4d02c9d3eaa40ca9e11f00708ebfbdef85,3,1179,True,1,4634.672007798138,,0.007239871978759765,,,7239871.978759766,,,,,,,,,7239871.978759766
efc8908b-b014-4804-ab95-33de26614148,2006,AES-128,encrypt,cpu_software,software,transform,bytes,CTR,33554432,18,33554432:CTR:18,33aa66341d2de1e624a6aff58b3f5c4d02c9d3eaa40ca9e11f00708ebfbdef85,4,1180,True,,,,,,,,,,,142332000,0.142332,235.74763229632129,140625000,0.9880069134137088,
efc8908b-b014-4804-ab95-33de26614148,2006,AES-128,encrypt,cuda_baseline,baseline,resident,pinned,CTR,33554432,18,33554432:CTR:18,33aa66341d2de1e624a6aff58b3f5c4d02c9d3eaa40ca9e11f00708ebfbdef85,5,1181,True,1,4639.059878935583,,0.007233024120330811,,,7233024.120330811,,,,,,,,,7233024.120330811
efc8908b-b014-4804-ab95-33de26614148,2006,AES-128,encrypt,cpu_aesni,aesni,transform,bytes,ECB,33554432,18,33554432:ECB:18,15291329492b8e79dc12cde7eb829adb9dff433e40c93dbb583b5acc3409c677,0,1182,True,,,,,,,,,,,19340300,0.0193403,1734.948889107201,15625000,0.8078985331147914,
efc8908b-b014-4804-ab95-33de26614148,2006,AES-128,encrypt,cuda_optimized_v1,optimized,resident,pinned,ECB,33554432,18,33554432:ECB:18,15291329492b8e79dc12cde7eb829adb9dff433e40c93dbb583b5acc3409c677,1,1183,True,1,3981.878940439376,,0.008426783561706543,,,8426783.561706543,,,,,,,,,8426783.561706543
efc8908b-b014-4804-ab95-33de26614148,2006,AES-128,encrypt,cpu_software,software,transform,bytes,ECB,33554432,18,33554432:ECB:18,15291329492b8e79dc12cde7eb829adb9dff433e40c93dbb583b5acc3409c677,2,1184,True,,,,,,,,,,,124383300,0.1243833,269.7663753896222,109375000,0.8793383034539203,
efc8908b-b014-4804-ab95-33de26614148,2006,AES-128,encrypt,cuda_optimized_v1,optimized,pipeline,pinned,ECB,33554432,18,33554432:ECB:18,15291329492b8e79dc12cde7eb829adb9dff433e40c93dbb583b5acc3409c677,3,1185,True,,3393.0873990271593,655.7109077904972,0.009889056205749511,0.0511726,20593000,9889056.205749512,20233900,40826900,51172600,,,,,,
efc8908b-b014-4804-ab95-33de26614148,2006,AES-128,encrypt,cuda_baseline,baseline,pipeline,pinned,ECB,33554432,18,33554432:ECB:18,15291329492b8e79dc12cde7eb829adb9dff433e40c93dbb583b5acc3409c677,4,1186,True,,3376.2841661232465,654.4396941800593,0.009938272476196289,0.051272,20530500,9938272.476196289,20587400,41117900,51272000,,,,,,
efc8908b-b014-4804-ab95-33de26614148,2006,AES-128,encrypt,cuda_baseline,baseline,resident,pinned,ECB,33554432,18,33554432:ECB:18,15291329492b8e79dc12cde7eb829adb9dff433e40c93dbb583b5acc3409c677,5,1187,True,1,4700.174302810443,,0.007138976097106934,,,7138976.097106934,,,,,,,,,7138976.097106934
efc8908b-b014-4804-ab95-33de26614148,2006,AES-128,encrypt,cuda_optimized_v1,optimized,resident,pinned,CTR,33554432,19,33554432:CTR:19,2087396d47da040baeff4d21799a32d15af0d4d1e7a3b3dd8154e95d95fb8877,0,1188,True,1,4529.251277501693,,0.007408383846282959,,,7408383.846282959,,,,,,,,,7408383.846282959
efc8908b-b014-4804-ab95-33de26614148,2006,AES-128,encrypt,cuda_optimized_v1,optimized,pipeline,pinned,CTR,33554432,19,33554432:CTR:19,2087396d47da040baeff4d21799a32d15af0d4d1e7a3b3dd8154e95d95fb8877,1,1189,True,,4575.178552026957,1205.5455675555268,0.0073340158462524415,0.0278334,10288600,7334015.846252441,10110500,20399100,27833400,,,,,,
efc8908b-b014-4804-ab95-33de26614148,2006,AES-128,encrypt,cuda_baseline,baseline,pipeline,pinned,CTR,33554432,19,33554432:CTR:19,2087396d47da040baeff4d21799a32d15af0d4d1e7a3b3dd8154e95d95fb8877,2,1190,True,,4499.553628747526,1176.71265351354,0.007457280158996582,0.0285154,10428200,7457280.158996582,10523000,20951200,28515400,,,,,,
efc8908b-b014-4804-ab95-33de26614148,2006,AES-128,encrypt,cuda_baseline,baseline,resident,pinned,CTR,33554432,19,33554432:CTR:19,2087396d47da040baeff4d21799a32d15af0d4d1e7a3b3dd8154e95d95fb8877,3,1191,True,1,4493.114065049346,,0.007467967987060547,,,7467967.987060547,,,,,,,,,7467967.987060547
efc8908b-b014-4804-ab95-33de26614148,2006,AES-128,encrypt,cpu_aesni,aesni,transform,bytes,CTR,33554432,19,33554432:CTR:19,2087396d47da040baeff4d21799a32d15af0d4d1e7a3b3dd8154e95d95fb8877,4,1192,True,,,,,,,,,,,23030900,0.0230309,1456.9309927097943,15625000,0.6784363615837853,
efc8908b-b014-4804-ab95-33de26614148,2006,AES-128,encrypt,cpu_software,software,transform,bytes,CTR,33554432,19,33554432:CTR:19,2087396d47da040baeff4d21799a32d15af0d4d1e7a3b3dd8154e95d95fb8877,5,1193,True,,,,,,,,,,,126776800,0.1267768,264.6732840709026,125000000,0.9859848174113875,
efc8908b-b014-4804-ab95-33de26614148,2006,AES-128,encrypt,cpu_aesni,aesni,transform,bytes,ECB,33554432,19,33554432:ECB:19,d1cc9543ed667ffe694074b07deeb82ebcbfc3cd727cb8dddc8730cb98e8d856,0,1194,True,,,,,,,,,,,16742400,0.0167424,2004.1590214067278,15625000,0.9332592698776758,
efc8908b-b014-4804-ab95-33de26614148,2006,AES-128,encrypt,cuda_baseline,baseline,resident,pinned,ECB,33554432,19,33554432:ECB:19,d1cc9543ed667ffe694074b07deeb82ebcbfc3cd727cb8dddc8730cb98e8d856,1,1195,True,1,4752.020027968605,,0.00706108808517456,,,7061088.085174561,,,,,,,,,7061088.085174561
efc8908b-b014-4804-ab95-33de26614148,2006,AES-128,encrypt,cuda_baseline,baseline,pipeline,pinned,ECB,33554432,19,33554432:ECB:19,d1cc9543ed667ffe694074b07deeb82ebcbfc3cd727cb8dddc8730cb98e8d856,2,1196,True,,4845.9931576181725,1193.44959186214,0.006924160003662109,0.0281155,10694300,6924160.003662109,10374800,21069100,28115500,,,,,,
efc8908b-b014-4804-ab95-33de26614148,2006,AES-128,encrypt,cuda_optimized_v1,optimized,resident,pinned,ECB,33554432,19,33554432:ECB:19,d1cc9543ed667ffe694074b07deeb82ebcbfc3cd727cb8dddc8730cb98e8d856,3,1197,True,1,4888.557325881827,,0.006863872051239014,,,6863872.051239014,,,,,,,,,6863872.051239014
efc8908b-b014-4804-ab95-33de26614148,2006,AES-128,encrypt,cpu_software,software,transform,bytes,ECB,33554432,19,33554432:ECB:19,d1cc9543ed667ffe694074b07deeb82ebcbfc3cd727cb8dddc8730cb98e8d856,4,1198,True,,,,,,,,,,,119522900,0.1195229,280.7364279146507,125000000,1.0458246913353006,
efc8908b-b014-4804-ab95-33de26614148,2006,AES-128,encrypt,cuda_optimized_v1,optimized,pipeline,pinned,ECB,33554432,19,33554432:ECB:19,d1cc9543ed667ffe694074b07deeb82ebcbfc3cd727cb8dddc8730cb98e8d856,5,1199,True,,5016.821958577721,1218.0749334775712,0.006688384056091309,0.0275471,10489800,6688384.056091309,10279900,20769700,27547100,,,,,,
