session_id,seed,algorithm,operation,backend,profile,measurement,host_memory,mode,bytes,repeat,pair_id,pair_sha256,job_order,global_order,validation_checked,resident_iterations,kernel_throughput_MB_s,end_to_end_throughput_MB_s,kernel_seconds,end_to_end_seconds,h2d_ns,kernel_ns,d2h_ns,transfer_ns,end_to_end_ns,wall_elapsed_ns,seconds,throughput_MB_s,process_cpu_ns,process_to_wall_ratio,resident_batch_ns
a77637c2-be04-4d14-b785-2074d94a3bd0,2003,AES-128,encrypt,cuda_baseline,baseline,pipeline,pinned,ECB,1024,0,1024:ECB:0,050b8d3132396fb40c2c6d670228250d511729c0a67f0440b6059e453d961741,0,0,True,,21.519838160315402,5.7657657657657655,4.758400097489357e-05,0.0001776,40000,47584.00097489357,41100,81100,177600,,,,,,
a77637c2-be04-4d14-b785-2074d94a3bd0,2003,AES-128,encrypt,cuda_ttable,ttable,pipeline,pinned,ECB,1024,0,1024:ECB:0,050b8d3132396fb40c2c6d670228250d511729c0a67f0440b6059e453d961741,1,1,True,,16.326530418610485,5.3222453222453225,6.272000074386597e-05,0.0001924,40800,62720.00074386597,41600,82400,192400,,,,,,
a77637c2-be04-4d14-b785-2074d94a3bd0,2003,AES-128,encrypt,cuda_baseline,baseline,resident,pinned,ECB,1024,0,1024:ECB:0,050b8d3132396fb40c2c6d670228250d511729c0a67f0440b6059e453d961741,2,2,True,1,21.932829952967094,,4.668800160288811e-05,,,46688.00160288811,,,,,,,,,46688.00160288811
a77637c2-be04-4d14-b785-2074d94a3bd0,2003,AES-128,encrypt,cuda_optimized_v1,optimized,resident,pinned,ECB,1024,0,1024:ECB:0,050b8d3132396fb40c2c6d670228250d511729c0a67f0440b6059e453d961741,3,3,True,1,21.636241148637495,,4.732799902558327e-05,,,47327.99902558327,,,,,,,,,47327.99902558327
a77637c2-be04-4d14-b785-2074d94a3bd0,2003,AES-128,encrypt,cpu_aesni,aesni,transform,bytes,ECB,1024,0,1024:ECB:0,050b8d3132396fb40c2c6d670228250d511729c0a67f0440b6059e453d961741,4,4,True,,,,,,,,,,,5800,5.8e-06,176.55172413793105,0,0.0,
a77637c2-be04-4d14-b785-2074d94a3bd0,2003,AES-128,encrypt,cuda_ttable,ttable,resident,pinned,ECB,1024,0,1024:ECB:0,050b8d3132396fb40c2c6d670228250d511729c0a67f0440b6059e453d961741,5,5,True,1,16.401845588288822,,6.243199855089187e-05,,,62431.998550891876,,,,,,,,,62431.998550891876
a77637c2-be04-4d14-b785-2074d94a3bd0,2003,AES-128,encrypt,cuda_optimized_v1,optimized,pipeline,pinned,ECB,1024,0,1024:ECB:0,050b8d3132396fb40c2c6d670228250d511729c0a67f0440b6059e453d961741,6,6,True,,21.094264634199966,5.759280089988751,4.854400083422661e-05,0.0001778,40500,48544.00083422661,40400,80900,177800,,,,,,
a77637c2-be04-4d14-b785-2074d94a3bd0,2003,AES-128,encrypt,cpu_software,software,transform,bytes,ECB,1024,0,1024:ECB:0,050b8d3132396fb40c2c6d670228250d511729c0a67f0440b6059e453d961741,7,7,True,,,,,,,,,,,8700,8.7e-06,117.70114942528735,0,0.0,
a77637c2-be04-4d14-b785-2074d94a3bd0,2003,AES-128,encrypt,cuda_optimized_v1,optimized,resident,pinned,CTR,1024,0,1024:CTR:0,8abfad2f2851c83e1ede5db7b27360ea6a3cf39807834b83a26d91183b28f103,0,8,True,1,21.13606336315252,,4.8448000103235245e-05,,,48448.000103235245,,,,,,,,,48448.000103235245
a77637c2-be04-4d14-b785-2074d94a3bd0,2003,AES-128,encrypt,cuda_baseline,baseline,pipeline,pinned,CTR,1024,0,1024:CTR:0,8abfad2f2851c83e1ede5db7b27360ea6a3cf39807834b83a26d91183b28f103,1,9,True,,20.69857678460131,4.45993031358885,4.947200044989586e-05,0.0002296,40500,49472.00044989586,91500,132000,229600,,,,,,
a77637c2-be04-4d14-b785-2074d94a3bd0,2003,AES-128,encrypt,cuda_ttable,ttable,pipeline,pinned,CTR,1024,0,1024:CTR:0,8abfad2f2851c83e1ede5db7b27360ea6a3cf39807834b83a26d91183b28f103,2,10,True,,16.26842844671901,5.347258485639687,6.294400244951248e-05,0.0001915,39300,62944.00244951248,40700,80000,191500,,,,,,
a77637c2-be04-4d14-b785-2074d94a3bd0,2003,AES-128,encrypt,cuda_ttable,ttable,resident,pinned,CTR,1024,0,1024:CTR:0,8abfad2f2851c83e1ede5db7b27360ea6a3cf39807834b83a26d91183b28f103,3,11,True,1,16.62337671345212,,6.159999966621399e-05,,,61599.99966621399,,,,,,,,,61599.99966621399
a77637c2-be04-4d14-b785-2074d94a3bd0,2003,AES-128,encrypt,cuda_optimized_v1,optimized,pipeline,pinned,CTR,1024,0,1024:CTR:0,8abfad2f2851c83e1ede5db7b27360ea6a3cf39807834b83a26d91183b28f103,4,12,True,,20.725388616737913,5.79841449603624,4.9407999962568284e-05,0.0001766,39500,49407.99996256828,40100,79600,176600,,,,,,
a77637c2-be04-4d14-b785-2074d94a3bd0,2003,AES-128,encrypt,cpu_software,software,transform,bytes,CTR,1024,0,1024:CTR:0,8abfad2f2851c83e1ede5db7b27360ea6a3cf39807834b83a26d91183b28f103,5,13,True,,,,,,,,,,,8900,8.9e-06,115.0561797752809,0,0.0,
a77637c2-be04-4d14-b785-2074d94a3bd0,2003,AES-128,encrypt,cpu_aesni,aesni,transform,bytes,CTR,1024,0,1024:CTR:0,8abfad2f2851c83e1ede5db7b27360ea6a3cf39807834b83a26d91183b28f103,6,14,True,,,,,,,,,,,4300,4.3e-06,238.13953488372093,0,0.0,
a77637c2-be04-4d14-b785-2074d94a3bd0,2003,AES-128,encrypt,cuda_baseline,baseline,resident,pinned,CTR,1024,0,1024:CTR:0,8abfad2f2851c83e1ede5db7b27360ea6a3cf39807834b83a26d91183b28f103,7,15,True,1,20.779221205973556,,4.927999898791313e-05,,,49279.99898791313,,,,,,,,,49279.99898791313
a77637c2-be04-4d14-b785-2074d94a3bd0,2003,AES-128,encrypt,cuda_optimized_v1,optimized,resident,pinned,ECB,1024,1,1024:ECB:1,f6230ca8732f612c51f84c70bcd1045a4ae82885c867ff3984a0e56e3dc02761,0,16,True,1,21.694914437819776,,4.7200001776218416e-05,,,47200.001776218414,,,,,,,,,47200.001776218414
a77637c2-be04-4d14-b785-2074d94a3bd0,2003,AES-128,encrypt,cpu_software,software,transform,bytes,ECB,1024,1,1024:ECB:1,f6230ca8732f612c51f84c70bcd1045a4ae82885c867ff3984a0e56e3dc02761,1,17,True,,,,,,,,,,,8600,8.6e-06,119.06976744186046,0,0.0,
a77637c2-be04-4d14-b785-2074d94a3bd0,2003,AES-128,encrypt,cuda_baseline,baseline,pipeline,pinned,ECB,1024,1,1024:ECB:1,f6230ca8732f612c51f84c70bcd1045a4ae82885c867ff3984a0e56e3dc02761,2,18,True,,20.11313629782888,5.666851134477033,5.0912000238895414e-05,0.0001807,40800,50912.000238895416,42200,83000,180700,,,,,,
a77637c2-be04-4d14-b785-2074d94a3bd0,2003,AES-128,encrypt,cuda_optimized_v1,optimized,pipeline,pinned,ECB,1024,1,1024:ECB:1,f6230ca8732f612c51f84c70bcd1045a4ae82885c867ff3984a0e56e3dc02761,3,19,True,,20.80624250644466,5.657458563535911,4.9215998500585554e-05,0.000181,39300,49215.998500585556,41900,81200,181000,,,,,,
a77637c2-be04-4d14-b785-2074d94a3bd0,2003,AES-128,encrypt,cuda_ttable,ttable,pipeline,pinned,ECB,1024,1,1024:ECB:1,f6230ca8732f612c51f84c70bcd1045a4ae82885c867ff3984a0e56e3dc02761,4,20,True,,16.243654002807677,5.369690613529103,6.304000318050384e-05,0.0001907,38700,63040.003180503845,42200,80900,190700,,,,,,
a77637c2-be04-4d14-b785-2074d94a3bd0,2003,AES-128,encrypt,cpu_aesni,aesni,transform,bytes,ECB,1024,1,1024:ECB:1,f6230ca8732f612c51f84c70bcd1045a4ae82885c867ff3984a0e56e3dc02761,5,21,True,,,,,,,,,,,5300,5.3e-06,193.20754716981133,0,0.0,
a77637c2-be04-4d14-b785-2074d94a3bd0,2003,AES-128,encrypt,cuda_baseline,baseline,resident,pinned,ECB,1024,1,1024:ECB:1,f6230ca8732f612c51f84c70bcd1045a4ae82885c867ff3984a0e56e3dc02761,6,22,True,1,21.01116279601635,,4.8735998570919034e-05,,,48735.99857091904,,,,,,,,,48735.99857091904
a77637c2-be04-4d14-b785-2074d94a3bd0,2003,AES-128,encrypt,cuda_ttable,ttable,resident,pinned,ECB,1024,1,1024:ECB:1,f6230ca8732f612c51f84c70bcd1045a4ae82885c867ff3984a0e56e3dc02761,7,23,True,1,16.477857856412673,,6.214400008320808e-05,,,62144.000083208084,,,,,,,,,62144.000083208084
a77637c2-be04-4d14-b785-2074d94a3bd0,2003,AES-128,encrypt,cpu_software,software,transform,bytes,CTR,1024,1,1024:CTR:1,0f39582d7772fd4fc96a0b47982f28deaa98da2255288f02c66353db42d3ff4f,0,24,True,,,,,,,,,,,7600,7.6e-06,134.73684210526315,0,0.0,
a77637c2-be04-4d14-b785-2074d94a3bd0,2003,AES-128,encrypt,cuda_optimized_v1,optimized,resident,pinned,CTR,1024,1,1024:CTR:1,0f39582d7772fd4fc96a0b47982f28deaa98da2255288f02c66353db42d3ff4f,1,25,True,1,21.234240917924414,,4.822399839758873e-05,,,48223.99839758873,,,,,,,,,48223.99839758873
a77637c2-be04-4d14-b785-2074d94a3bd0,2003,AES-128,encrypt,cuda_ttable,ttable,resident,pinned,CTR,1024,1,1024:CTR:1,0f39582d7772fd4fc96a0b47982f28deaa98da2255288f02c66353db42d3ff4f,2,26,True,1,16.692748694669703,,6.134400144219398e-05,,,61344.001442193985,,,,,,,,,61344.001442193985
a77637c2-be04-4d14-b785-2074d94a3bd0,2003,AES-128,encrypt,cuda_baseline,baseline,pipeline,pinned,CTR,1024,1,1024:CTR:1,0f39582d7772fd4fc96a0b47982f28deaa98da2255288f02c66353db42d3ff4f,3,27,True,,20.779221205973556,5.791855203619909,4.927999898791313e-05,0.0001768,38800,49279.99898791313,40200,79000,176800,,,,,,
a77637c2-be04-4d14-b785-2074d94a3bd0,2003,AES-128,encrypt,cuda_ttable,ttable,pipeline,pinned,CTR,1024,1,1024:CTR:1,0f39582d7772fd4fc96a0b47982f28deaa98da2255288f02c66353db42d3ff4f,4,28,True,,16.21074046069567,5.333333333333333,6.31679967045784e-05,0.000192,40500,63167.9967045784,40500,81000,192000,,,,,,
a77637c2-be04-4d14-b785-2074d94a3bd0,2003,AES-128,encrypt,cuda_optimized_v1,optimized,pipeline,pinned,CTR,1024,1,1024:CTR:1,0f39582d7772fd4fc96a0b47982f28deaa98da2255288f02c66353db42d3ff4f,5,29,True,,19.09307925785925,5.701559020044543,5.363199859857559e-05,0.0001796,38300,53631.99859857559,40500,78800,179600,,,,,,
a77637c2-be04-4d14-b785-2074d94a3bd0,2003,AES-128,encrypt,cuda_baseline,baseline,resident,pinned,CTR,1024,1,1024:CTR:1,0f39582d7772fd4fc96a0b47982f28deaa98da2255288f02c66353db42d3ff4f,6,30,True,1,21.19205336231741,,4.831999912858009e-05,,,48319.99912858009,,,,,,,,,48319.99912858009
a77637c2-be04-4d14-b785-2074d94a3bd0,2003,AES-128,encrypt,cpu_aesni,aesni,transform,bytes,CTR,1024,1,1024:CTR:1,0f39582d7772fd4fc96a0b47982f28deaa98da2255288f02c66353db42d3ff4f,7,31,True,,,,,,,,,,,6100,6.1e-06,167.86885245901638,0,0.0,
a77637c2-be04-4d14-b785-2074d94a3bd0,2003,AES-128,encrypt,cpu_software,software,transform,bytes,ECB,1024,2,1024:ECB:2,a9edaba06b211f7e5fdcff34440b8a0839f66b4db277976bfc8a0c819523f0ce,0,32,True,,,,,,,,,,,6900,6.9e-06,148.40579710144928,0,0.0,
a77637c2-be04-4d14-b785-2074d94a3bd0,2003,AES-128,encrypt,cuda_optimized_v1,optimized,pipeline,pinned,ECB,1024,2,1024:ECB:2,a9edaba06b211f7e5fdcff34440b8a0839f66b4db277976bfc8a0c819523f0ce,1,33,True,,20.253164042667834,5.598687807545106,5.056000128388405e-05,0.0001829,42200,50560.00128388405,40900,83100,182900,,,,,,
a77637c2-be04-4d14-b785-2074d94a3bd0,2003,AES-128,encrypt,cuda_optimized_v1,optimized,resident,pinned,ECB,1024,2,1024:ECB:2,a9edaba06b211f7e5fdcff34440b8a0839f66b4db277976bfc8a0c819523f0ce,2,34,True,1,21.038789487658562,,4.867200180888176e-05,,,48672.00180888176,,,,,,,,,48672.00180888176
a77637c2-be04-4d14-b785-2074d94a3bd0,2003,AES-128,encrypt,cpu_aesni,aesni,transform,bytes,ECB,1024,2,1024:ECB:2,a9edaba06b211f7e5fdcff34440b8a0839f66b4db277976bfc8a0c819523f0ce,3,35,True,,,,,,,,,,,5500,5.5e-06,186.1818181818182,0,0.0,
a77637c2-be04-4d14-b785-2074d94a3bd0,2003,AES-128,encrypt,cuda_baseline,baseline,pipeline,pinned,ECB,1024,2,1024:ECB:2,a9edaba06b211f7e5fdcff34440b8a0839f66b4db277976bfc8a0c819523f0ce,4,36,True,,19.12731562934448,5.701559020044543,5.3536001592874524e-05,0.0001796,39000,53536.00159287453,40700,79700,179600,,,,,,
a77637c2-be04-4d14-b785-2074d94a3bd0,2003,AES-128,encrypt,cuda_ttable,ttable,pipeline,pinned,ECB,1024,2,1024:ECB:2,a9edaba06b211f7e5fdcff34440b8a0839f66b4db277976bfc8a0c819523f0ce,5,37,True,,16.597510266587463,5.415124272871497,6.169600039720535e-05,0.0001891,38900,61696.00039720535,41600,80500,189100,,,,,,
a77637c2-be04-4d14-b785-2074d94a3bd0,2003,AES-128,encrypt,cuda_ttable,ttable,resident,pinned,ECB,1024,2,1024:ECB:2,a9edaba06b211f7e5fdcff34440b8a0839f66b4db277976bfc8a0c819523f0ce,6,38,True,1,16.41867577330324,,6.23680017888546e-05,,,62368.0017888546,,,,,,,,,62368.0017888546
a77637c2-be04-4d14-b785-2074d94a3bd0,2003,AES-128,encrypt,cuda_baseline,baseline,resident,pinned,ECB,1024,2,1024:ECB:2,a9edaba06b211f7e5fdcff34440b8a0839f66b4db277976bfc8a0c819523f0ce,7,39,True,1,22.206800378992053,,4.611200094223022e-05,,,46112.000942230225,,,,,,,,,46112.000942230225
a77637c2-be04-4d14-b785-2074d94a3bd0,2003,AES-128,encrypt,cuda_ttable,ttable,pipeline,pinned,CTR,1024,2,1024:CTR:2,9fa0da227a2eac13180dbbe3e0bf29afba21b692723da70b9ce2f8ba5b230b5c,0,40,True,,17.158176958779862,5.272914521112256,5.967999994754791e-05,0.0001942,40200,59679.99994754791,42600,82800,194200,,,,,,
a77637c2-be04-4d14-b785-2074d94a3bd0,2003,AES-128,encrypt,cpu_aesni,aesni,transform,bytes,CTR,1024,2,1024:CTR:2,9fa0da227a2eac13180dbbe3e0bf29afba21b692723da70b9ce2f8ba5b230b5c,1,41,True,,,,,,,,,,,6100,6.1e-06,167.86885245901638,0,0.0,
a77637c2-be04-4d14-b785-2074d94a3bd0,2003,AES-128,encrypt,cuda_optimized_v1,optimized,pipeline,pinned,CTR,1024,2,1024:CTR:2,9fa0da227a2eac13180dbbe3e0bf29afba21b692723da70b9ce2f8ba5b230b5c,2,42,True,,21.490932852911005,5.795132993774759,4.764800146222115e-05,0.0001767,39100,47648.001462221146,41600,80700,176700,,,,,,
a77637c2-be04-4d14-b785-2074d94a3bd0,2003,AES-128,encrypt,cpu_software,software,transform,bytes,CTR,1024,2,1024:CTR:2,9fa0da227a2eac13180dbbe3e0bf29afba21b692723da70b9ce2f8ba5b230b5c,3,43,True,,,,,,,,,,,8800,8.8e-06,116.36363636363636,0,0.0,
a77637c2-be04-4d14-b785-2074d94a3bd0,2003,AES-128,encrypt,cuda_baseline,baseline,pipeline,pinned,CTR,1024,2,1024:CTR:2,9fa0da227a2eac13180dbbe3e0bf29afba21b692723da70b9ce2f8ba5b230b5c,4,44,True,,20.214782741939064,5.679423183582918,5.0655998289585113e-05,0.0001803,39000,50655.99828958511,42000,81000,180300,,,,,,
a77637c2-be04-4d14-b785-2074d94a3bd0,2003,AES-128,encrypt,cuda_baseline,baseline,resident,pinned,CTR,1024,2,1024:CTR:2,9fa0da227a2eac13180dbbe3e0bf29afba21b692723da70b9ce2f8ba5b230b5c,5,45,True,1,20.163831420048346,,5.078399926424027e-05,,,50783.999264240265,,,,,,,,,50783.999264240265
a77637c2-be04-4d14-b785-2074d94a3bd0,2003,AES-128,encrypt,cuda_optimized_v1,optimized,resident,pinned,CTR,1024,2,1024:CTR:2,9fa0da227a2eac13180dbbe3e0bf29afba21b692723da70b9ce2f8ba5b230b5c,6,46,True,1,21.505375793734586,,4.761600121855736e-05,,,47616.00121855736,,,,,,,,,47616.00121855736
a77637c2-be04-4d14-b785-2074d94a3bd0,2003,AES-128,encrypt,cuda_ttable,ttable,resident,pinned,CTR,1024,2,1024:CTR:2,9fa0da227a2eac13180dbbe3e0bf29afba21b692723da70b9ce2f8ba5b230b5c,7,47,True,1,16.92226367929308,,6.05119988322258e-05,,,60511.9988322258,,,,,,,,,60511.9988322258
a77637c2-be04-4d14-b785-2074d94a3bd0,2003,AES-128,encrypt,cuda_ttable,ttable,resident,pinned,CTR,1024,3,1024:CTR:3,33d13c5bfe20c8f2c7cdf3f8e214744505cd24954423b06d91fafa261fa4be4f,0,48,True,1,16.657990984448222,,6.147199869155883e-05,,,61471.99869155884,,,,,,,,,61471.99869155884
a77637c2-be04-4d14-b785-2074d94a3bd0,2003,AES-128,encrypt,cuda_baseline,baseline,resident,pinned,CTR,1024,3,1024:CTR:3,33d13c5bfe20c8f2c7cdf3f8e214744505cd24954423b06d91fafa261fa4be4f,1,49,True,1,21.447721867869856,,4.774399846792221e-05,,,47743.99846792221,,,,,,,,,47743.99846792221
a77637c2-be04-4d14-b785-2074d94a3bd0,2003,AES-128,encrypt,cpu_software,software,transform,bytes,CTR,1024,3,1024:CTR:3,33d13c5bfe20c8f2c7cdf3f8e214744505cd24954423b06d91fafa261fa4be4f,2,50,True,,,,,,,,,,,8800,8.8e-06,116.36363636363636,0,0.0,
a77637c2-be04-4d14-b785-2074d94a3bd0,2003,AES-128,encrypt,cuda_optimized_v1,optimized,pipeline,pinned,CTR,1024,3,1024:CTR:3,33d13c5bfe20c8f2c7cdf3f8e214744505cd24954423b06d91fafa261fa4be4f,3,51,True,,20.037569777679547,5.752808988764045,5.1104001700878144e-05,0.000178,39100,51104.00170087814,40600,79700,178000,,,,,,
a77637c2-be04-4d14-b785-2074d94a3bd0,2003,AES-128,encrypt,cuda_ttable,ttable,pipeline,pinned,CTR,1024,3,1024:CTR:3,33d13c5bfe20c8f2c7cdf3f8e214744505cd24954423b06d91fafa261fa4be4f,4,52,True,,15.444015855857153,5.248590466427473,6.630399823188782e-05,0.0001951,38600,66303.99823188782,43300,81900,195100,,,,,,
a77637c2-be04-4d14-b785-2074d94a3bd0,2003,AES-128,encrypt,cpu_aesni,aesni,transform,bytes,CTR,1024,3,1024:CTR:3,33d13c5bfe20c8f2c7cdf3f8e214744505cd24954423b06d91fafa261fa4be4f,5,53,True,,,,,,,,,,,5900,5.9e-06,173.5593220338983,0,0.0,
a77637c2-be04-4d14-b785-2074d94a3bd0,2003,AES-128,encrypt,cuda_optimized_v1,optimized,resident,pinned,CTR,1024,3,1024:CTR:3,33d13c5bfe20c8f2c7cdf3f8e214744505cd24954423b06d91fafa261fa4be4f,6,54,True,1,19.173157357451743,,5.340800061821938e-05,,,53408.000618219376,,,,,,,,,53408.000618219376
a77637c2-be04-4d14-b785-2074d94a3bd0,2003,AES-128,encrypt,cuda_baseline,baseline,pipeline,pinned,CTR,1024,3,1024:CTR:3,33d13c5bfe20c8f2c7cdf3f8e214744505cd24954423b06d91fafa261fa4be4f,7,55,True,,21.739129952396258,5.417989417989418,4.710400104522705e-05,0.000189,39600,47104.00104522705,55300,94900,189000,,,,,,
a77637c2-be04-4d14-b785-2074d94a3bd0,2003,AES-128,encrypt,cpu_aesni,aesni,transform,bytes,ECB,1024,3,1024:ECB:3,ca4c90593eb58911d9837765387288f0b319908f86fad1a12710944e2a6b629c,0,56,True,,,,,,,,,,,4300,4.3e-06,238.13953488372093,0,0.0,
a77637c2-be04-4d14-b785-2074d94a3bd0,2003,AES-128,encrypt,cpu_software,software,transform,bytes,ECB,1024,3,1024:ECB:3,ca4c90593eb58911d9837765387288f0b319908f86fad1a12710944e2a6b629c,1,57,True,,,,,,,,,,,7100,7.1e-06,144.22535211267606,0,0.0,
a77637c2-be04-4d14-b785-2074d94a3bd0,2003,AES-128,encrypt,cuda_ttable,ttable,resident,pinned,ECB,1024,3,1024:ECB:3,ca4c90593eb58911d9837765387288f0b319908f86fad1a12710944e2a6b629c,2,58,True,1,15.952144302079088,,6.419199705123901e-05,,,64191.997051239014,,,,,,,,,64191.997051239014
a77637c2-be04-4d14-b785-2074d94a3bd0,2003,AES-128,encrypt,cuda_optimized_v1,optimized,pipeline,pinned,ECB,1024,3,1024:ECB:3,ca4c90593eb58911d9837765387288f0b319908f86fad1a12710944e2a6b629c,3,59,True,,20.752270000201577,5.746352413019079,4.934399947524071e-05,0.0001782,38800,49343.99947524071,41600,80400,178200,,,,,,
a77637c2-be04-4d14-b785-2074d94a3bd0,2003,AES-128,encrypt,cuda_baseline,baseline,resident,pinned,ECB,1024,3,1024:ECB:3,ca4c90593eb58911d9837765387288f0b319908f86fad1a12710944e2a6b629c,4,60,True,1,20.631849725613375,,4.9632001668214796e-05,,,49632.0016682148,,,,,,,,,49632.0016682148
a77637c2-be04-4d14-b785-2074d94a3bd0,2003,AES-128,encrypt,cuda_baseline,baseline,pipeline,pinned,ECB,1024,3,1024:ECB:3,ca4c90593eb58911d9837765387288f0b319908f86fad1a12710944e2a6b629c,5,61,True,,19.801980626933982,5.720670391061453,5.171199887990952e-05,0.000179,40600,51711.998879909515,39800,80400,179000,,,,,,
a77637c2-be04-4d14-b785-2074d94a3bd0,2003,AES-128,encrypt,cuda_ttable,ttable,pipeline,pinned,ECB,1024,3,1024:ECB:3,ca4c90593eb58911d9837765387288f0b319908f86fad1a12710944e2a6b629c,6,62,True,,15.421686987863744,5.140562248995984,6.639999896287919e-05,0.0001992,39700,66399.99896287918,41900,81600,199200,,,,,,
a77637c2-be04-4d14-b785-2074d94a3bd0,2003,AES-128,encrypt,cuda_optimized_v1,optimized,resident,pinned,ECB,1024,3,1024:ECB:3,ca4c90593eb58911d9837765387288f0b319908f86fad1a12710944e2a6b629c,7,63,True,1,19.863438323474885,,5.1552001386880875e-05,,,51552.001386880875,,,,,,,,,51552.001386880875
a77637c2-be04-4d14-b785-2074d94a3bd0,2003,AES-128,encrypt,cpu_software,software,transform,bytes,CTR,1024,4,1024:CTR:4,e9ab408ee8b963be7be1e134e491fe32844b1896d29f3a8d5458fc05a0f2d342,0,64,True,,,,,,,,,,,7600,7.6e-06,134.73684210526315,0,0.0,
a77637c2-be04-4d14-b785-2074d94a3bd0,2003,AES-128,encrypt,cuda_optimized_v1,optimized,resident,pinned,CTR,1024,4,1024:CTR:4,e9ab408ee8b963be7be1e134e491fe32844b1896d29f3a8d5458fc05a0f2d342,1,65,True,1,20.138451954905584,,5.0847999751567844e-05,,,50847.99975156784,,,,,,,,,50847.99975156784
a77637c2-be04-4d14-b785-2074d94a3bd0,2003,AES-128,encrypt,cpu_aesni,aesni,transform,bytes,CTR,1024,4,1024:CTR:4,e9ab408ee8b963be7be1e134e491fe32844b1896d29f3a8d5458fc05a0f2d342,2,66,True,,,,,,,,,,,5800,5.8e-06,176.55172413793105,0,0.0,
a77637c2-be04-4d14-b785-2074d94a3bd0,2003,AES-128,encrypt,cuda_baseline,baseline,resident,pinned,CTR,1024,4,1024:CTR:4,e9ab408ee8b963be7be1e134e491fe32844b1896d29f3a8d5458fc05a0f2d342,3,67,True,1,20.253164042667834,,5.056000128388405e-05,,,50560.00128388405,,,,,,,,,50560.00128388405
a77637c2-be04-4d14-b785-2074d94a3bd0,2003,AES-128,encrypt,cuda_optimized_v1,optimized,pipeline,pinned,CTR,1024,4,1024:CTR:4,e9ab408ee8b963be7be1e134e491fe32844b1896d29f3a8d5458fc05a0f2d342,4,68,True,,20.738820597650463,5.801699716713881,4.9375999718904496e-05,0.0001765,39000,49375.999718904495,40400,79400,176500,,,,,,
a77637c2-be04-4d14-b785-2074d94a3bd0,2003,AES-128,encrypt,cuda_baseline,baseline,pipeline,pinned,CTR,1024,4,1024:CTR:4,e9ab408ee8b963be7be1e134e491fe32844b1896d29f3a8d5458fc05a0f2d342,5,69,True,,19.680196304006934,5.679423183582918,5.2032001316547395e-05,0.0001803,40100,52032.001316547394,39900,80000,180300,,,,,,
a77637c2-be04-4d14-b785-2074d94a3bd0,2003,AES-128,encrypt,cuda_ttable,ttable,resident,pinned,CTR,1024,4,1024:CTR:4,e9ab408ee8b963be7be1e134e491fe32844b1896d29f3a8d5458fc05a0f2d342,6,70,True,1,15.037594652772688,,6.809599697589875e-05,,,68095.99697589874,,,,,,,,,68095.99697589874
a77637c2-be04-4d14-b785-2074d94a3bd0,2003,AES-128,encrypt,cuda_ttable,ttable,pipeline,pinned,CTR,1024,4,1024:CTR:4,e9ab408ee8b963be7be1e134e491fe32844b1896d29f3a8d5458fc05a0f2d342,7,71,True,,15.22359700669726,5.171717171717172,6.726399809122086e-05,0.000198,41400,67263.99809122086,40600,82000,198000,,,,,,
a77637c2-be04-4d14-b785-2074d94a3bd0,2003,AES-128,encrypt,cuda_optimized_v1,optimized,pipeline,pinned,ECB,1024,4,1024:ECB:4,1af338861fea3996beb1c6c2abdb9949918e2329f4039a78b6274afbf8117997,0,72,True,,18.637157447346308,5.571273122959739,5.4944001138210295e-05,0.0001838,39700,54944.0011382103,41200,80900,183800,,,,,,
a77637c2-be04-4d14-b785-2074d94a3bd0,2003,AES-128,encrypt,cuda_baseline,baseline,pipeline,pinned,ECB,1024,4,1024:ECB:4,1af338861fea3996beb1c6c2abdb9949918e2329f4039a78b6274afbf8117997,1,73,True,,21.150033108271405,5.673130193905817,4.8415999859571457e-05,0.0001805,39300,48415.99985957146,43800,83100,180500,,,,,,
a77637c2-be04-4d14-b785-2074d94a3bd0,2003,AES-128,encrypt,cuda_ttable,ttable,resident,pinned,ECB,1024,4,1024:ECB:4,1af338861fea3996beb1c6c2abdb9949918e2329f4039a78b6274afbf8117997,2,74,True,1,15.466409476984031,,6.620799750089646e-05,,,66207.99750089645,,,,,,,,,66207.99750089645
a77637c2-be04-4d14-b785-2074d94a3bd0,2003,AES-128,encrypt,cuda_baseline,baseline,resident,pinned,ECB,1024,4,1024:ECB:4,1af338861fea3996beb1c6c2abdb9949918e2329f4039a78b6274afbf8117997,3,75,True,1,20.618557453888805,,4.9663998186588286e-05,,,49663.99818658829,,,,,,,,,49663.99818658829
a77637c2-be04-4d14-b785-2074d94a3bd0,2003,AES-128,encrypt,cpu_aesni,aesni,transform,bytes,ECB,1024,4,1024:ECB:4,1af338861fea3996beb1c6c2abdb9949918e2329f4039a78b6274afbf8117997,4,76,True,,,,,,,,,,,5600,5.6e-06,182.85714285714286,0,0.0,
a77637c2-be04-4d14-b785-2074d94a3bd0,2003,AES-128,encrypt,cuda_optimized_v1,optimized,resident,pinned,ECB,1024,4,1024:ECB:4,1af338861fea3996beb1c6c2abdb9949918e2329f4039a78b6274afbf8117997,5,77,True,1,20.08788420848471,,5.097600072622299e-05,,,50976.00072622299,,,,,,,,,50976.00072622299
a77637c2-be04-4d14-b785-2074d94a3bd0,2003,AES-128,encrypt,cpu_software,software,transform,bytes,ECB,1024,4,1024:ECB:4,1af338861fea3996beb1c6c2abdb9949918e2329f4039a78b6274afbf8117997,6,78,True,,,,,,,,,,,8700,8.7e-06,117.70114942528735,0,0.0,
a77637c2-be04-4d14-b785-2074d94a3bd0,2003,AES-128,encrypt,cuda_ttable,ttable,pipeline,pinned,ECB,1024,4,1024:ECB:4,1af338861fea3996beb1c6c2abdb9949918e2329f4039a78b6274afbf8117997,7,79,True,,14.69237796857727,5.12256128064032,6.969600170850754e-05,0.0001999,39600,69696.00170850754,41300,80900,199900,,,,,,
a77637c2-be04-4d14-b785-2074d94a3bd0,2003,AES-128,encrypt,cpu_aesni,aesni,transform,bytes,CTR,1024,5,1024:CTR:5,658bb079978fb31ed9b457583e3451421b2ebc2e58a6a2f2c873901f00fac06a,0,80,True,,,,,,,,,,,4700,4.7e-06,217.87234042553192,0,0.0,
a77637c2-be04-4d14-b785-2074d94a3bd0,2003,AES-128,encrypt,cuda_optimized_v1,optimized,resident,pinned,CTR,1024,5,1024:CTR:5,658bb079978fb31ed9b457583e3451421b2ebc2e58a6a2f2c873901f00fac06a,1,81,True,1,18.244014015236868,,5.6127998977899554e-05,,,56127.99897789955,,,,,,,,,56127.99897789955
a77637c2-be04-4d14-b785-2074d94a3bd0,2003,AES-128,encrypt,cuda_optimized_v1,optimized,pipeline,pinned,CTR,1024,5,1024:CTR:5,658bb079978fb31ed9b457583e3451421b2ebc2e58a6a2f2c873901f00fac06a,2,82,True,,20.421186231522505,5.688888888888889,5.0144001841545105e-05,0.00018,41200,50144.001841545105,40200,81400,180000,,,,,,
a77637c2-be04-4d14-b785-2074d94a3bd0,2003,AES-128,encrypt,cpu_software,software,transform,bytes,CTR,1024,5,1024:CTR:5,658bb079978fb31ed9b457583e3451421b2ebc2e58a6a2f2c873901f00fac06a,3,83,True,,,,,,,,,,,8600,8.6e-06,119.06976744186046,0,0.0,
a77637c2-be04-4d14-b785-2074d94a3bd0,2003,AES-128,encrypt,cuda_ttable,ttable,pipeline,pinned,CTR,1024,5,1024:CTR:5,658bb079978fb31ed9b457583e3451421b2ebc2e58a6a2f2c873901f00fac06a,4,84,True,,16.048144036458897,5.190065889508363,6.380800157785416e-05,0.0001973,39600,63808.00157785416,42900,82500,197300,,,,,,
a77637c2-be04-4d14-b785-2074d94a3bd0,2003,AES-128,encrypt,cuda_ttable,ttable,resident,pinned,CTR,1024,5,1024:CTR:5,658bb079978fb31ed9b457583e3451421b2ebc2e58a6a2f2c873901f00fac06a,5,85,True,1,16.08040185773112,,6.368000060319901e-05,,,63680.000603199005,,,,,,,,,63680.000603199005
a77637c2-be04-4d14-b785-2074d94a3bd0,2003,AES-128,encrypt,cuda_baseline,baseline,resident,pinned,CTR,1024,5,1024:CTR:5,658bb079978fb31ed9b457583e3451421b2ebc2e58a6a2f2c873901f00fac06a,6,86,True,1,20.163831420048346,,5.078399926424027e-05,,,50783.999264240265,,,,,,,,,50783.999264240265
a77637c2-be04-4d14-b785-2074d94a3bd0,2003,AES-128,encrypt,cuda_baseline,baseline,pipeline,pinned,CTR,1024,5,1024:CTR:5,658bb079978fb31ed9b457583e3451421b2ebc2e58a6a2f2c873901f00fac06a,7,87,True,,20.34329324102109,5.704735376044568,5.0335999578237536e-05,0.0001795,40600,50335.99957823753,41300,81900,179500,,,,,,
a77637c2-be04-4d14-b785-2074d94a3bd0,2003,AES-128,encrypt,cuda_baseline,baseline,pipeline,pinned,ECB,1024,5,1024:ECB:5,cfd237c6d1c384eaf1d4d3af5b01b47ba0687f9e01d419b4d418510da2d9b32f,0,88,True,,19.753086475169688,5.692051139521957,5.1839999854564665e-05,0.0001799,39800,51839.99985456467,40400,80200,179900,,,,,,
a77637c2-be04-4d14-b785-2074d94a3bd0,2003,AES-128,encrypt,cuda_ttable,ttable,pipeline,pinned,ECB,1024,5,1024:ECB:5,cfd237c6d1c384eaf1d4d3af5b01b47ba0687f9e01d419b4d418510da2d9b32f,1,89,True,,16.048144036458897,5.316718587746625,6.380800157785416e-05,0.0001926,39600,63808.00157785416,40700,80300,192600,,,,,,
a77637c2-be04-4d14-b785-2074d94a3bd0,2003,AES-128,encrypt,cuda_ttable,ttable,resident,pinned,ECB,1024,5,1024:ECB:5,cfd237c6d1c384eaf1d4d3af5b01b47ba0687f9e01d419b4d418510da2d9b32f,2,90,True,1,15.865146322805318,,6.454399973154068e-05,,,64543.99973154068,,,,,,,,,64543.99973154068
a77637c2-be04-4d14-b785-2074d94a3bd0,2003,AES-128,encrypt,cpu_software,software,transform,bytes,ECB,1024,5,1024:ECB:5,cfd237c6d1c384eaf1d4d3af5b01b47ba0687f9e01d419b4d418510da2d9b32f,3,91,True,,,,,,,,,,,9000,9e-06,113.77777777777777,0,0.0,
a77637c2-be04-4d14-b785-2074d94a3bd0,2003,AES-128,encrypt,cuda_optimized_v1,optimized,resident,pinned,ECB,1024,5,1024:ECB:5,cfd237c6d1c384eaf1d4d3af5b01b47ba0687f9e01d419b4d418510da2d9b32f,4,92,True,1,20.779221205973556,,4.927999898791313e-05,,,49279.99898791313,,,,,,,,,49279.99898791313
a77637c2-be04-4d14-b785-2074d94a3bd0,2003,AES-128,encrypt,cuda_baseline,baseline,resident,pinned,ECB,1024,5,1024:ECB:5,cfd237c6d1c384eaf1d4d3af5b01b47ba0687f9e01d419b4d418510da2d9b32f,5,93,True,1,20.671834234210927,,4.953600093722343e-05,,,49536.000937223434,,,,,,,,,49536.000937223434
a77637c2-be04-4d14-b785-2074d94a3bd0,2003,AES-128,encrypt,cpu_aesni,aesni,transform,bytes,ECB,1024,5,1024:ECB:5,cfd237c6d1c384eaf1d4d3af5b01b47ba0687f9e01d419b4d418510da2d9b32f,6,94,True,,,,,,,,,,,5800,5.8e-06,176.55172413793105,0,0.0,
a77637c2-be04-4d14-b785-2074d94a3bd0,2003,AES-128,encrypt,cuda_optimized_v1,optimized,pipeline,pinned,ECB,1024,5,1024:ECB:5,cfd237c6d1c384eaf1d4d3af5b01b47ba0687f9e01d419b4d418510da2d9b32f,7,95,True,,21.419009838887114,5.704735376044568,4.780799895524978e-05,0.0001795,39600,47807.99895524979,43400,83000,179500,,,,,,
a77637c2-be04-4d14-b785-2074d94a3bd0,2003,AES-128,encrypt,cuda_optimized_v1,optimized,resident,pinned,CTR,1024,6,1024:CTR:6,6ea8ef87cd354bf99a8713a4d67fb48d888817b46221a66f671d059a181c2c6d,0,96,True,1,19.680196304006934,,5.2032001316547395e-05,,,52032.001316547394,,,,,,,,,52032.001316547394
a77637c2-be04-4d14-b785-2074d94a3bd0,2003,AES-128,encrypt,cuda_ttable,ttable,pipeline,pinned,CTR,1024,6,1024:CTR:6,6ea8ef87cd354bf99a8713a4d67fb48d888817b46221a66f671d059a181c2c6d,1,97,True,,16.20253242794628,5.355648535564853,6.319999694824218e-05,0.0001912,39800,63199.99694824219,40600,80400,191200,,,,,,
a77637c2-be04-4d14-b785-2074d94a3bd0,2003,AES-128,encrypt,cuda_baseline,baseline,pipeline,pinned,CTR,1024,6,1024:CTR:6,6ea8ef87cd354bf99a8713a4d67fb48d888817b46221a66f671d059a181c2c6d,2,98,True,,19.937694733204008,5.769014084507043,5.1359999924898145e-05,0.0001775,39000,51359.99992489815,40800,79800,177500,,,,,,
a77637c2-be04-4d14-b785-2074d94a3bd0,2003,AES-128,encrypt,cuda_baseline,baseline,resident,pinned,CTR,1024,6,1024:CTR:6,6ea8ef87cd354bf99a8713a4d67fb48d888817b46221a66f671d059a181c2c6d,3,99,True,1,20.050124741202037,,5.1072001457214356e-05,,,51072.001457214355,,,,,,,,,51072.001457214355
a77637c2-be04-4d14-b785-2074d94a3bd0,2003,AES-128,encrypt,cuda_optimized_v1,optimized,pipeline,pinned,CTR,1024,6,1024:CTR:6,6ea8ef87cd354bf99a8713a4d67fb48d888817b46221a66f671d059a181c2c6d,4,100,True,,16.34320728752777,4.5837063563115485,6.265600025653839e-05,0.0002234,39500,62656.00025653839,69800,109300,223400,,,,,,
a77637c2-be04-4d14-b785-2074d94a3bd0,2003,AES-128,encrypt,cpu_aesni,aesni,transform,bytes,CTR,1024,6,1024:CTR:6,6ea8ef87cd354bf99a8713a4d67fb48d888817b46221a66f671d059a181c2c6d,5,101,True,,,,,,,,,,,8500,8.5e-06,120.47058823529412,0,0.0,
a77637c2-be04-4d14-b785-2074d94a3bd0,2003,AES-128,encrypt,cpu_software,software,transform,bytes,CTR,1024,6,1024:CTR:6,6ea8ef87cd354bf99a8713a4d67fb48d888817b46221a66f671d059a181c2c6d,6,102,True,,,,,,,,,,,7400,7.4e-06,138.3783783783784,0,0.0,
a77637c2-be04-4d14-b785-2074d94a3bd0,2003,AES-128,encrypt,cuda_ttable,ttable,resident,pinned,CTR,1024,6,1024:CTR:6,6ea8ef87cd354bf99a8713a4d67fb48d888817b46221a66f671d059a181c2c6d,7,103,True,1,9.288824593296559,,0.00011023999750614166,,,110239.99750614166,,,,,,,,,110239.99750614166
a77637c2-be04-4d14-b785-2074d94a3bd0,2003,AES-128,encrypt,cuda_ttable,ttable,pipeline,pinned,ECB,1024,6,1024:ECB:6,3fd868d871ad5bf0660cce8560552b061f2edb76a889435f18d40919af1a445f,0,104,True,,14.807959799272181,4.970873786407767,6.915199756622315e-05,0.000206,42800,69151.99756622314,43000,85800,206000,,,,,,
a77637c2-be04-4d14-b785-2074d94a3bd0,2003,AES-128,encrypt,cuda_optimized_v1,optimized,resident,pinned,ECB,1024,6,1024:ECB:6,3fd868d871ad5bf0660cce8560552b061f2edb76a889435f18d40919af1a445f,1,105,True,1,19.28872881018274,,5.3087998181581494e-05,,,53087.9981815815,,,,,,,,,53087.9981815815
a77637c2-be04-4d14-b785-2074d94a3bd0,2003,AES-128,encrypt,cuda_baseline,baseline,resident,pinned,ECB,1024,6,1024:ECB:6,3fd868d871ad5bf0660cce8560552b061f2edb76a889435f18d40919af1a445f,2,106,True,1,21.534319991871296,,4.755200073122978e-05,,,47552.00073122978,,,,,,,,,47552.00073122978
a77637c2-be04-4d14-b785-2074d94a3bd0,2003,AES-128,encrypt,cuda_baseline,baseline,pipeline,pinned,ECB,1024,6,1024:ECB:6,3fd868d871ad5bf0660cce8560552b061f2edb76a889435f18d40919af1a445f,3,107,True,,21.333333147896663,5.6983861992209235,4.8000000417232514e-05,0.0001797,41500,48000.00041723251,41200,82700,179700,,,,,,
a77637c2-be04-4d14-b785-2074d94a3bd0,2003,AES-128,encrypt,cuda_optimized_v1,optimized,pipeline,pinned,ECB,1024,6,1024:ECB:6,3fd868d871ad5bf0660cce8560552b061f2edb76a889435f18d40919af1a445f,4,108,True,,20.725388616737913,5.692051139521957,4.9407999962568284e-05,0.0001799,41000,49407.99996256828,40900,81900,179900,,,,,,
a77637c2-be04-4d14-b785-2074d94a3bd0,2003,AES-128,encrypt,cuda_ttable,ttable,resident,pinned,ECB,1024,6,1024:ECB:6,3fd868d871ad5bf0660cce8560552b061f2edb76a889435f18d40919af1a445f,5,109,True,1,14.925372944080465,,6.860800087451935e-05,,,68608.00087451935,,,,,,,,,68608.00087451935
a77637c2-be04-4d14-b785-2074d94a3bd0,2003,AES-128,encrypt,cpu_aesni,aesni,transform,bytes,ECB,1024,6,1024:ECB:6,3fd868d871ad5bf0660cce8560552b061f2edb76a889435f18d40919af1a445f,6,110,True,,,,,,,,,,,6400,6.4e-06,160.0,0,0.0,
a77637c2-be04-4d14-b785-2074d94a3bd0,2003,AES-128,encrypt,cpu_software,software,transform,bytes,ECB,1024,6,1024:ECB:6,3fd868d871ad5bf0660cce8560552b061f2edb76a889435f18d40919af1a445f,7,111,True,,,,,,,,,,,7400,7.4e-06,138.3783783783784,0,0.0,
a77637c2-be04-4d14-b785-2074d94a3bd0,2003,AES-128,encrypt,cuda_optimized_v1,optimized,pipeline,pinned,ECB,1024,7,1024:ECB:7,716ebb73f3e6d63bd19ae3310c78289a4c2d6ec77d1d10c9fa5eed0e3cffc26b,0,112,True,,19.50030422947992,5.5083378160301235,5.2512001246213915e-05,0.0001859,41700,52512.00124621391,40800,82500,185900,,,,,,
a77637c2-be04-4d14-b785-2074d94a3bd0,2003,AES-128,encrypt,cuda_ttable,ttable,pipeline,pinned,ECB,1024,7,1024:ECB:7,716ebb73f3e6d63bd19ae3310c78289a4c2d6ec77d1d10c9fa5eed0e3cffc26b,1,113,True,,16.326530418610485,5.26478149100257,6.272000074386597e-05,0.0001945,42000,62720.00074386597,40100,82100,194500,,,,,,
a77637c2-be04-4d14-b785-2074d94a3bd0,2003,AES-128,encrypt,cuda_ttable,ttable,resident,pinned,ECB,1024,7,1024:ECB:7,716ebb73f3e6d63bd19ae3310c78289a4c2d6ec77d1d10c9fa5eed0e3cffc26b,2,114,True,1,16.460905198824374,,6.220800057053566e-05,,,62208.00057053566,,,,,,,,,62208.00057053566
a77637c2-be04-4d14-b785-2074d94a3bd0,2003,AES-128,encrypt,cpu_software,software,transform,bytes,ECB,1024,7,1024:ECB:7,716ebb73f3e6d63bd19ae3310c78289a4c2d6ec77d1d10c9fa5eed0e3cffc26b,3,115,True,,,,,,,,,,,9000,9e-06,113.77777777777777,0,0.0,
a77637c2-be04-4d14-b785-2074d94a3bd0,2003,AES-128,encrypt,cuda_baseline,baseline,pipeline,pinned,ECB,1024,7,1024:ECB:7,716ebb73f3e6d63bd19ae3310c78289a4c2d6ec77d1d10c9fa5eed0e3cffc26b,4,116,True,,21.76870722481398,5.720670391061453,4.7040000557899474e-05,0.000179,41700,47040.000557899475,40000,81700,179000,,,,,,
a77637c2-be04-4d14-b785-2074d94a3bd0,2003,AES-128,encrypt,cpu_aesni,aesni,transform,bytes,ECB,1024,7,1024:ECB:7,716ebb73f3e6d63bd19ae3310c78289a4c2d6ec77d1d10c9fa5eed0e3cffc26b,5,117,True,,,,,,,,,,,6100,6.1e-06,167.86885245901638,0,0.0,
a77637c2-be04-4d14-b785-2074d94a3bd0,2003,AES-128,encrypt,cuda_optimized_v1,optimized,resident,pinned,ECB,1024,7,1024:ECB:7,716ebb73f3e6d63bd19ae3310c78289a4c2d6ec77d1d10c9fa5eed0e3cffc26b,6,118,True,1,21.347564966117627,,4.7968000173568725e-05,,,47968.000173568726,,,,,,,,,47968.000173568726
a77637c2-be04-4d14-b785-2074d94a3bd0,2003,AES-128,encrypt,cuda_baseline,baseline,resident,pinned,ECB,1024,7,1024:ECB:7,716ebb73f3e6d63bd19ae3310c78289a4c2d6ec77d1d10c9fa5eed0e3cffc26b,7,119,True,1,19.72872983305526,,5.190400034189224e-05,,,51904.00034189224,,,,,,,,,51904.00034189224
a77637c2-be04-4d14-b785-2074d94a3bd0,2003,AES-128,encrypt,cuda_baseline,baseline,pipeline,pinned,CTR,1024,7,1024:CTR:7,0ab6a040f7cddf39e3a9e08f993f742fce644220414befe7d7343f88de12a02a,0,120,True,,18.92371429352317,5.5773420479302835,5.411199852824211e-05,0.0001836,40900,54111.99852824211,39000,79900,183600,,,,,,
a77637c2-be04-4d14-b785-2074d94a3bd0,2003,AES-128,encrypt,cuda_ttable,ttable,resident,pinned,CTR,1024,7,1024:CTR:7,0ab6a040f7cddf39e3a9e08f993f742fce644220414befe7d7343f88de12a02a,1,121,True,1,16.90438476463503,,6.057599931955337e-05,,,60575.999319553375,,,,,,,,,60575.999319553375
a77637c2-be04-4d14-b785-2074d94a3bd0,2003,AES-128,encrypt,cpu_aesni,aesni,transform,bytes,CTR,1024,7,1024:CTR:7,0ab6a040f7cddf39e3a9e08f993f742fce644220414befe7d7343f88de12a02a,2,122,True,,,,,,,,,,,6000,6e-06,170.66666666666666,0,0.0,
a77637c2-be04-4d14-b785-2074d94a3bd0,2003,AES-128,encrypt,cuda_baseline,baseline,resident,pinned,CTR,1024,7,1024:CTR:7,0ab6a040f7cddf39e3a9e08f993f742fce644220414befe7d7343f88de12a02a,3,123,True,1,20.860494905046384,,4.90880012512207e-05,,,49088.0012512207,,,,,,,,,49088.0012512207
a77637c2-be04-4d14-b785-2074d94a3bd0,2003,AES-128,encrypt,cuda_ttable,ttable,pipeline,pinned,CTR,1024,7,1024:CTR:7,0ab6a040f7cddf39e3a9e08f993f742fce644220414befe7d7343f88de12a02a,4,124,True,,16.52892598769473,5.289256198347108,6.195199862122536e-05,0.0001936,42000,61951.99862122536,39600,81600,193600,,,,,,
a77637c2-be04-4d14-b785-2074d94a3bd0,2003,AES-128,encrypt,cpu_software,software,transform,bytes,CTR,1024,7,1024:CTR:7,0ab6a040f7cddf39e3a9e08f993f742fce644220414befe7d7343f88de12a02a,5,125,True,,,,,,,,,,,8700,8.7e-06,117.70114942528735,0,0.0,
a77637c2-be04-4d14-b785-2074d94a3bd0,2003,AES-128,encrypt,cuda_optimized_v1,optimized,pipeline,pinned,CTR,1024,7,1024:CTR:7,0ab6a040f7cddf39e3a9e08f993f742fce644220414befe7d7343f88de12a02a,6,126,True,,20.969856132020773,5.66998892580288,4.88319993019104e-05,0.0001806,40700,48831.9993019104,41400,82100,180600,,,,,,
a77637c2-be04-4d14-b785-2074d94a3bd0,2003,AES-128,encrypt,cuda_optimized_v1,optimized,resident,pinned,CTR,1024,7,1024:CTR:7,0ab6a040f7cddf39e3a9e08f993f742fce644220414befe7d7343f88de12a02a,7,127,True,1,20.80624250644466,,4.9215998500585554e-05,,,49215.998500585556,,,,,,,,,49215.998500585556
a77637c2-be04-4d14-b785-2074d94a3bd0,2003,AES-128,encrypt,cpu_software,software,transform,bytes,ECB,1024,8,1024:ECB:8,eda5043334e016e8797344c893227a6b23a9a05c0e2ecb05ea3250f957e43784,0,128,True,,,,,,,,,,,7200,7.2e-06,142.22222222222223,0,0.0,
a77637c2-be04-4d14-b785-2074d94a3bd0,2003,AES-128,encrypt,cuda_ttable,ttable,pipeline,pinned,ECB,1024,8,1024:ECB:8,eda5043334e016e8797344c893227a6b23a9a05c0e2ecb05ea3250f957e43784,1,129,True,,15.518912912649105,5.1457286432160805,6.598400324583054e-05,0.000199,40700,65984.00324583054,39800,80500,199000,,,,,,
a77637c2-be04-4d14-b785-2074d94a3bd0,2003,AES-128,encrypt,cuda_optimized_v1,optimized,resident,pinned,ECB,1024,8,1024:ECB:8,eda5043334e016e8797344c893227a6b23a9a05c0e2ecb05ea3250f957e43784,2,130,True,1,20.100502322163898,,5.09440004825592e-05,,,50944.000482559204,,,,,,,,,50944.000482559204
a77637c2-be04-4d14-b785-2074d94a3bd0,2003,AES-128,encrypt,cuda_baseline,baseline,pipeline,pinned,ECB,1024,8,1024:ECB:8,eda5043334e016e8797344c893227a6b23a9a05c0e2ecb05ea3250f957e43784,3,131,True,,21.505375793734586,5.79841449603624,4.761600121855736e-05,0.0001766,40600,47616.00121855736,40100,80700,176600,,,,,,
a77637c2-be04-4d14-b785-2074d94a3bd0,2003,AES-128,encrypt,cpu_aesni,aesni,transform,bytes,ECB,1024,8,1024:ECB:8,eda5043334e016e8797344c893227a6b23a9a05c0e2ecb05ea3250f957e43784,4,132,True,,,,,,,,,,,5700,5.7e-06,179.64912280701753,0,0.0,
a77637c2-be04-4d14-b785-2074d94a3bd0,2003,AES-128,encrypt,cuda_optimized_v1,optimized,pipeline,pinned,ECB,1024,8,1024:ECB:8,eda5043334e016e8797344c893227a6b23a9a05c0e2ecb05ea3250f957e43784,5,133,True,,22.284122696561518,5.878300803673938,4.595199972391129e-05,0.0001742,40500,45951.999723911285,40200,80700,174200,,,,,,
a77637c2-be04-4d14-b785-2074d94a3bd0,2003,AES-128,encrypt,cuda_baseline,baseline,resident,pinned,ECB,1024,8,1024:ECB:8,eda5043334e016e8797344c893227a6b23a9a05c0e2ecb05ea3250f957e43784,6,134,True,1,21.024967870593887,,4.8703998327255246e-05,,,48703.99832725525,,,,,,,,,48703.99832725525
a77637c2-be04-4d14-b785-2074d94a3bd0,2003,AES-128,encrypt,cuda_ttable,ttable,resident,pinned,ECB,1024,8,1024:ECB:8,eda5043334e016e8797344c893227a6b23a9a05c0e2ecb05ea3250f957e43784,7,135,True,1,15.841584045061259,,6.464000046253205e-05,,,64640.00046253204,,,,,,,,,64640.00046253204
a77637c2-be04-4d14-b785-2074d94a3bd0,2003,AES-128,encrypt,cpu_software,software,transform,bytes,CTR,1024,8,1024:CTR:8,b80250d93f1d156092aae42f1d16db6b1d87848ac1396b4831b8cf80c830ed1a,0,136,True,,,,,,,,,,,7500,7.5e-06,136.53333333333333,0,0.0,
a77637c2-be04-4d14-b785-2074d94a3bd0,2003,AES-128,encrypt,cuda_ttable,ttable,pipeline,pinned,CTR,1024,8,1024:CTR:8,b80250d93f1d156092aae42f1d16db6b1d87848ac1396b4831b8cf80c830ed1a,1,137,True,,16.21074046069567,5.272914521112256,6.31679967045784e-05,0.0001942,41300,63167.9967045784,39700,81000,194200,,,,,,
a77637c2-be04-4d14-b785-2074d94a3bd0,2003,AES-128,encrypt,cuda_baseline,baseline,resident,pinned,CTR,1024,8,1024:CTR:8,b80250d93f1d156092aae42f1d16db6b1d87848ac1396b4831b8cf80c830ed1a,2,138,True,1,20.278833647155494,,5.049600079655647e-05,,,50496.00079655647,,,,,,,,,50496.00079655647
a77637c2-be04-4d14-b785-2074d94a3bd0,2003,AES-128,encrypt,cuda_baseline,baseline,pipeline,pinned,CTR,1024,8,1024:CTR:8,b80250d93f1d156092aae42f1d16db6b1d87848ac1396b4831b8cf80c830ed1a,3,139,True,,21.206097242515185,5.79841449603624,4.82879988849163e-05,0.0001766,40200,48287.998884916306,39400,79600,176600,,,,,,
a77637c2-be04-4d14-b785-2074d94a3bd0,2003,AES-128,encrypt,cuda_ttable,ttable,resident,pinned,CTR,1024,8,1024:CTR:8,b80250d93f1d156092aae42f1d16db6b1d87848ac1396b4831b8cf80c830ed1a,4,140,True,1,17.07577419725763,,5.9967998415231706e-05,,,59967.998415231705,,,,,,,,,59967.998415231705
a77637c2-be04-4d14-b785-2074d94a3bd0,2003,AES-128,encrypt,cpu_aesni,aesni,transform,bytes,CTR,1024,8,1024:CTR:8,b80250d93f1d156092aae42f1d16db6b1d87848ac1396b4831b8cf80c830ed1a,5,141,True,,,,,,,,,,,6000,6e-06,170.66666666666666,0,0.0,
a77637c2-be04-4d14-b785-2074d94a3bd0,2003,AES-128,encrypt,cuda_optimized_v1,optimized,resident,pinned,CTR,1024,8,1024:CTR:8,b80250d93f1d156092aae42f1d16db6b1d87848ac1396b4831b8cf80c830ed1a,6,142,True,1,21.476509298732097,,4.7680001705884936e-05,,,47680.00170588493,,,,,,,,,47680.00170588493
a77637c2-be04-4d14-b785-2074d94a3bd0,2003,AES-128,encrypt,cuda_optimized_v1,optimized,pipeline,pinned,CTR,1024,8,1024:CTR:8,b80250d93f1d156092aae42f1d16db6b1d87848ac1396b4831b8cf80c830ed1a,7,143,True,,21.361815785575722,5.811577752553916,4.793599992990494e-05,0.0001762,40900,47935.99992990494,39500,80400,176200,,,,,,
a77637c2-be04-4d14-b785-2074d94a3bd0,2003,AES-128,encrypt,cpu_software,software,transform,bytes,CTR,1024,9,1024:CTR:9,927182fb133650df88a2e202a471a0ccc5040b7504991ccb8ca87b7a609611d9,0,144,True,,,,,,,,,,,7000,7e-06,146.28571428571428,0,0.0,
a77637c2-be04-4d14-b785-2074d94a3bd0,2003,AES-128,encrypt,cuda_optimized_v1,optimized,pipeline,pinned,CTR,1024,9,1024:CTR:9,927182fb133650df88a2e202a471a0ccc5040b7504991ccb8ca87b7a609611d9,1,145,True,,20.253164042667834,5.629466739967015,5.056000128388405e-05,0.0001819,41400,50560.00128388405,40300,81700,181900,,,,,,
a77637c2-be04-4d14-b785-2074d94a3bd0,2003,AES-128,encrypt,cuda_ttable,ttable,pipeline,pinned,CTR,1024,9,1024:CTR:9,927182fb133650df88a2e202a471a0ccc5040b7504991ccb8ca87b7a609611d9,2,146,True,,17.204301442586154,5.361256544502618,5.9519998729228974e-05,0.000191,41900,59519.99872922897,39100,81000,191000,,,,,,
a77637c2-be04-4d14-b785-2074d94a3bd0,2003,AES-128,encrypt,cuda_baseline,baseline,resident,pinned,CTR,1024,9,1024:CTR:9,927182fb133650df88a2e202a471a0ccc5040b7504991ccb8ca87b7a609611d9,3,147,True,1,20.60528075388556,,4.9695998430252074e-05,,,49695.998430252075,,,,,,,,,49695.998430252075
a77637c2-be04-4d14-b785-2074d94a3bd0,2003,AES-128,encrypt,cuda_baseline,baseline,pipeline,pinned,CTR,1024,9,1024:CTR:9,927182fb133650df88a2e202a471a0ccc5040b7504991ccb8ca87b7a609611d9,4,148,True,,20.539152904726688,5.804988662131519,4.9855999648571016e-05,0.0001764,37100,49855.999648571014,40500,77600,176400,,,,,,
a77637c2-be04-4d14-b785-2074d94a3bd0,2003,AES-128,encrypt,cpu_aesni,aesni,transform,bytes,CTR,1024,9,1024:CTR:9,927182fb133650df88a2e202a471a0ccc5040b7504991ccb8ca87b7a609611d9,5,149,True,,,,,,,,,,,6200,6.2e-06,165.16129032258064,0,0.0,
a77637c2-be04-4d14-b785-2074d94a3bd0,2003,AES-128,encrypt,cuda_optimized_v1,optimized,resident,pinned,CTR,1024,9,1024:CTR:9,927182fb133650df88a2e202a471a0ccc5040b7504991ccb8ca87b7a609611d9,6,150,True,1,21.43335623775612,,4.7775998711586e-05,,,47775.998711586,,,,,,,,,47775.998711586
a77637c2-be04-4d14-b785-2074d94a3bd0,2003,AES-128,encrypt,cuda_ttable,ttable,resident,pinned,CTR,1024,9,1024:CTR:9,927182fb133650df88a2e202a471a0ccc5040b7504991ccb8ca87b7a609611d9,7,151,True,1,16.276703396745535,,6.29120022058487e-05,,,62912.002205848694,,,,,,,,,62912.002205848694
a77637c2-be04-4d14-b785-2074d94a3bd0,2003,AES-128,encrypt,cpu_software,software,transform,bytes,ECB,1024,9,1024:ECB:9,912c997d31d5133b88182b041131af22d0808b272bfa47de43d1c01daab9bddf,0,152,True,,,,,,,,,,,7500,7.5e-06,136.53333333333333,0,0.0,
a77637c2-be04-4d14-b785-2074d94a3bd0,2003,AES-128,encrypt,cuda_ttable,ttable,pipeline,pinned,ECB,1024,9,1024:ECB:9,912c997d31d5133b88182b041131af22d0808b272bfa47de43d1c01daab9bddf,1,153,True,,16.21074046069567,5.34446764091858,6.31679967045784e-05,0.0001916,38200,63167.9967045784,39300,77500,191600,,,,,,
a77637c2-be04-4d14-b785-2074d94a3bd0,2003,AES-128,encrypt,cuda_optimized_v1,optimized,resident,pinned,ECB,1024,9,1024:ECB:9,912c997d31d5133b88182b041131af22d0808b272bfa47de43d1c01daab9bddf,2,154,True,1,21.419009838887114,,4.780799895524978e-05,,,47807.99895524979,,,,,,,,,47807.99895524979
a77637c2-be04-4d14-b785-2074d94a3bd0,2003,AES-128,encrypt,cuda_baseline,baseline,pipeline,pinned,ECB,1024,9,1024:ECB:9,912c997d31d5133b88182b041131af22d0808b272bfa47de43d1c01daab9bddf,3,155,True,,20.01250841856078,5.723868082727781,5.116799846291542e-05,0.0001789,37600,51167.99846291542,39600,77200,178900,,,,,,
a77637c2-be04-4d14-b785-2074d94a3bd0,2003,AES-128,encrypt,cuda_optimized_v1,optimized,pipeline,pinned,ECB,1024,9,1024:ECB:9,912c997d31d5133b88182b041131af22d0808b272bfa47de43d1c01daab9bddf,4,156,True,,21.13606336315252,5.841414717626925,4.8448000103235245e-05,0.0001753,39300,48448.000103235245,38900,78200,175300,,,,,,
a77637c2-be04-4d14-b785-2074d94a3bd0,2003,AES-128,encrypt,cuda_baseline,baseline,resident,pinned,ECB,1024,9,1024:ECB:9,912c997d31d5133b88182b041131af22d0808b272bfa47de43d1c01daab9bddf,5,157,True,1,20.4603576022553,,5.004800111055374e-05,,,50048.00111055374,,,,,,,,,50048.00111055374
a77637c2-be04-4d14-b785-2074d94a3bd0,2003,AES-128,encrypt,cuda_ttable,ttable,resident,pinned,ECB,1024,9,1024:ECB:9,912c997d31d5133b88182b041131af22d0808b272bfa47de43d1c01daab9bddf,6,158,True,1,16.032063609889704,,6.387200206518173e-05,,,63872.00206518173,,,,,,,,,63872.00206518173
a77637c2-be04-4d14-b785-2074d94a3bd0,2003,AES-128,encrypt,cpu_aesni,aesni,transform,bytes,ECB,1024,9,1024:ECB:9,912c997d31d5133b88182b041131af22d0808b272bfa47de43d1c01daab9bddf,7,159,True,,,,,,,,,,,5600,5.6e-06,182.85714285714286,0,0.0,
a77637c2-be04-4d14-b785-2074d94a3bd0,2003,AES-128,encrypt,cuda_optimized_v1,optimized,resident,pinned,ECB,16384,0,16384:ECB:0,9e724805c37af85b39638865bfd430147174cdf25bf43a909a5634a1c9acb14c,0,160,True,1,297.15612910493235,,5.5135998874902726e-05,,,55135.998874902725,,,,,,,,,55135.998874902725
a77637c2-be04-4d14-b785-2074d94a3bd0,2003,AES-128,encrypt,cuda_baseline,baseline,resident,pinned,ECB,16384,0,16384:ECB:0,9e724805c37af85b39638865bfd430147174cdf25bf43a909a5634a1c9acb14c,1,161,True,1,333.9856421944402,,4.905600100755692e-05,,,49056.001007556915,,,,,,,,,49056.001007556915
a77637c2-be04-4d14-b785-2074d94a3bd0,2003,AES-128,encrypt,cuda_baseline,baseline,pipeline,pinned,ECB,16384,0,16384:ECB:0,9e724805c37af85b39638865bfd430147174cdf25bf43a909a5634a1c9acb14c,2,162,True,,319.20199699482987,86.91777188328912,5.132799968123436e-05,0.0001885,44100,51327.99968123436,43700,87800,188500,,,,,,
a77637c2-be04-4d14-b785-2074d94a3bd0,2003,AES-128,encrypt,cpu_aesni,aesni,transform,bytes,ECB,16384,0,16384:ECB:0,9e724805c37af85b39638865bfd430147174cdf25bf43a909a5634a1c9acb14c,3,163,True,,,,,,,,,,,10100,1.01e-05,1622.1782178217823,0,0.0,
a77637c2-be04-4d14-b785-2074d94a3bd0,2003,AES-128,encrypt,cuda_ttable,ttable,resident,pinned,ECB,16384,0,16384:ECB:0,9e724805c37af85b39638865bfd430147174cdf25bf43a909a5634a1c9acb14c,4,164,True,1,206.78513780235895,,7.923199981451035e-05,,,79231.99981451035,,,,,,,,,79231.99981451035
a77637c2-be04-4d14-b785-2074d94a3bd0,2003,AES-128,encrypt,cuda_ttable,ttable,pipeline,pinned,ECB,16384,0,16384:ECB:0,9e724805c37af85b39638865bfd430147174cdf25bf43a909a5634a1c9acb14c,5,165,True,,212.53632656368637,76.70411985018727,7.708799839019775e-05,0.0002136,42300,77087.99839019775,43900,86200,213600,,,,,,
a77637c2-be04-4d14-b785-2074d94a3bd0,2003,AES-128,encrypt,cuda_optimized_v1,optimized,pipeline,pinned,ECB,16384,0,16384:ECB:0,9e724805c37af85b39638865bfd430147174cdf25bf43a909a5634a1c9acb14c,6,166,True,,291.7378957816858,86.59619450317125,5.6159999221563336e-05,0.0001892,43000,56159.99922156334,42500,85500,189200,,,,,,
a77637c2-be04-4d14-b785-2074d94a3bd0,2003,AES-128,encrypt,cpu_software,software,transform,bytes,ECB,16384,0,16384:ECB:0,9e724805c37af85b39638865bfd430147174cdf25bf43a909a5634a1c9acb14c,7,167,True,,,,,,,,,,,60800,6.08e-05,269.4736842105263,0,0.0,
a77637c2-be04-4d14-b785-2074d94a3bd0,2003,AES-128,encrypt,cuda_ttable,ttable,resident,pinned,CTR,16384,0,16384:CTR:0,f30827ca0f8eeda65bd5cb6ec021723e919c61a88eff8bcbc044d99d5e509614,0,168,True,1,229.69941924495183,,7.132799923419952e-05,,,71327.99923419952,,,,,,,,,71327.99923419952
a77637c2-be04-4d14-b785-2074d94a3bd0,2003,AES-128,encrypt,cuda_baseline,baseline,pipeline,pinned,CTR,16384,0,16384:CTR:0,f30827ca0f8eeda65bd5cb6ec021723e919c61a88eff8bcbc044d99d5e509614,1,169,True,,336.1786047362616,88.94679695982627,4.8735998570919034e-05,0.0001842,42500,48735.99857091904,43900,86400,184200,,,,,,
a77637c2-be04-4d14-b785-2074d94a3bd0,2003,AES-128,encrypt,cuda_ttable,ttable,pipeline,pinned,CTR,16384,0,16384:CTR:0,f30827ca0f8eeda65bd5cb6ec021723e919c61a88eff8bcbc044d99d5e509614,2,170,True,,229.18531636483624,80.31372549019608,7.148800045251847e-05,0.000204,41800,71488.00045251846,41900,83700,204000,,,,,,
a77637c2-be04-4d14-b785-2074d94a3bd0,2003,AES-128,encrypt,cpu_software,software,transform,bytes,CTR,16384,0,16384:CTR:0,f30827ca0f8eeda65bd5cb6ec021723e919c61a88eff8bcbc044d99d5e509614,3,171,True,,,,,,,,,,,63300,6.33e-05,258.83096366508687,0,0.0,
a77637c2-be04-4d14-b785-2074d94a3bd0,2003,AES-128,encrypt,cuda_optimized_v1,optimized,pipeline,pinned,CTR,16384,0,16384:CTR:0,f30827ca0f8eeda65bd5cb6ec021723e919c61a88eff8bcbc044d99d5e509614,4,172,True,,335.73771139717473,89.3835242771413,4.879999905824661e-05,0.0001833,44100,48799.99905824661,42100,86200,183300,,,,,,
a77637c2-be04-4d14-b785-2074d94a3bd0,2003,AES-128,encrypt,cuda_baseline,baseline,resident,pinned,CTR,16384,0,16384:CTR:0,f30827ca0f8eeda65bd5cb6ec021723e919c61a88eff8bcbc044d99d5e509614,5,173,True,1,331.6062178678066,,4.9407999962568284e-05,,,49407.99996256828,,,,,,,,,49407.99996256828
a77637c2-be04-4d14-b785-2074d94a3bd0,2003,AES-128,encrypt,cpu_aesni,aesni,transform,bytes,CTR,16384,0,16384:CTR:0,f30827ca0f8eeda65bd5cb6ec021723e919c61a88eff8bcbc044d99d5e509614,6,174,True,,,,,,,,,,,12200,1.22e-05,1342.950819672131,0,0.0,
a77637c2-be04-4d14-b785-2074d94a3bd0,2003,AES-128,encrypt,cuda_optimized_v1,optimized,resident,pinned,CTR,16384,0,16384:CTR:0,f30827ca0f8eeda65bd5cb6ec021723e919c61a88eff8bcbc044d99d5e509614,7,175,True,1,332.0363200032252,,4.934399947524071e-05,,,49343.99947524071,,,,,,,,,49343.99947524071
a77637c2-be04-4d14-b785-2074d94a3bd0,2003,AES-128,encrypt,cuda_optimized_v1,optimized,resident,pinned,CTR,16384,1,16384:CTR:1,8c10351a095f62987070bc0276f46b591b6a0d27cb09d23a0d4d708f880e4f15,0,176,True,1,321.8101807652621,,5.0912000238895414e-05,,,50912.000238895416,,,,,,,,,50912.000238895416
a77637c2-be04-4d14-b785-2074d94a3bd0,2003,AES-128,encrypt,cuda_ttable,ttable,pipeline,pinned,CTR,16384,1,16384:CTR:1,8c10351a095f62987070bc0276f46b591b6a0d27cb09d23a0d4d708f880e4f15,1,177,True,,226.34836482812116,78.69356388088377,7.238399982452393e-05,0.0002082,43100,72383.99982452393,44900,88000,208200,,,,,,
a77637c2-be04-4d14-b785-2074d94a3bd0,2003,AES-128,encrypt,cuda_baseline,baseline,pipeline,pinned,CTR,16384,1,16384:CTR:1,8c10351a095f62987070bc0276f46b591b6a0d27cb09d23a0d4d708f880e4f15,2,178,True,,304.9434225067776,88.37108953613809,5.3727999329566956e-05,0.0001854,41500,53727.999329566956,41700,83200,185400,,,,,,
a77637c2-be04-4d14-b785-2074d94a3bd0,2003,AES-128,encrypt,cuda_optimized_v1,optimized,pipeline,pinned,CTR,16384,1,16384:CTR:1,8c10351a095f62987070bc0276f46b591b6a0d27cb09d23a0d4d708f880e4f15,3,179,True,,216.4904789057413,72.2080211546937,7.568000257015228e-05,0.0002269,41700,75680.00257015228,41300,83000,226900,,,,,,
a77637c2-be04-4d14-b785-2074d94a3bd0,2003,AES-128,encrypt,cpu_aesni,aesni,transform,bytes,CTR,16384,1,16384:CTR:1,8c10351a095f62987070bc0276f46b591b6a0d27cb09d23a0d4d708f880e4f15,4,180,True,,,,,,,,,,,12900,1.29e-05,1270.077519379845,0,0.0,
a77637c2-be04-4d14-b785-2074d94a3bd0,2003,AES-128,encrypt,cpu_software,software,transform,bytes,CTR,16384,1,16384:CTR:1,8c10351a095f62987070bc0276f46b591b6a0d27cb09d23a0d4d708f880e4f15,5,181,True,,,,,,,,,,,60100,6.01e-05,272.61231281198,0,0.0,
a77637c2-be04-4d14-b785-2074d94a3bd0,2003,AES-128,encrypt,cuda_ttable,ttable,resident,pinned,CTR,16384,1,16384:CTR:1,8c10351a095f62987070bc0276f46b591b6a0d27cb09d23a0d4d708f880e4f15,6,182,True,1,213.95737025257307,,7.657600194215775e-05,,,76576.00194215775,,,,,,,,,76576.00194215775
a77637c2-be04-4d14-b785-2074d94a3bd0,2003,AES-128,encrypt,cuda_baseline,baseline,resident,pinned,CTR,16384,1,16384:CTR:1,8c10351a095f62987070bc0276f46b591b6a0d27cb09d23a0d4d708f880e4f15,7,183,True,1,332.8998801031146,,4.9215998500585554e-05,,,49215.998500585556,,,,,,,,,49215.998500585556
a77637c2-be04-4d14-b785-2074d94a3bd0,2003,AES-128,encrypt,cpu_software,software,transform,bytes,ECB,16384,1,16384:ECB:1,68091ffa834abc4a9619f359d6db0f3e072eba52611c860c22ae398e6a2c7a0c,0,184,True,,,,,,,,,,,56800,5.68e-05,288.4507042253521,0,0.0,
a77637c2-be04-4d14-b785-2074d94a3bd0,2003,AES-128,encrypt,cuda_optimized_v1,optimized,resident,pinned,ECB,16384,1,16384:ECB:1,68091ffa834abc4a9619f359d6db0f3e072eba52611c860c22ae398e6a2c7a0c,1,185,True,1,325.07936465647094,,5.040000006556511e-05,,,50400.00006556511,,,,,,,,,50400.00006556511
a77637c2-be04-4d14-b785-2074d94a3bd0,2003,AES-128,encrypt,cuda_ttable,ttable,pipeline,pinned,ECB,16384,1,16384:ECB:1,68091ffa834abc4a9619f359d6db0f3e072eba52611c860c22ae398e6a2c7a0c,2,186,True,,200.86307691138515,77.50236518448439,8.156800270080566e-05,0.0002114,41400,81568.00270080566,41300,82700,211400,,,,,,
a77637c2-be04-4d14-b785-2074d94a3bd0,2003,AES-128,encrypt,cuda_optimized_v1,optimized,pipeline,pinned,ECB,16384,1,16384:ECB:1,68091ffa834abc4a9619f359d6db0f3e072eba52611c860c22ae398e6a2c7a0c,3,187,True,,302.60047967682226,87.10260499734184,5.41439987719059e-05,0.0001881,40800,54143.9987719059,44900,85700,188100,,,,,,
a77637c2-be04-4d14-b785-2074d94a3bd0,2003,AES-128,encrypt,cpu_aesni,aesni,transform,bytes,ECB,16384,1,16384:ECB:1,68091ffa834abc4a9619f359d6db0f3e072eba52611c860c22ae398e6a2c7a0c,4,188,True,,,,,,,,,,,8900,8.9e-06,1840.8988764044943,0,0.0,
a77637c2-be04-4d14-b785-2074d94a3bd0,2003,AES-128,encrypt,cuda_ttable,ttable,resident,pinned,ECB,16384,1,16384:ECB:1,68091ffa834abc4a9619f359d6db0f3e072eba52611c860c22ae398e6a2c7a0c,5,189,True,1,216.4904789057413,,7.568000257015228e-05,,,75680.00257015228,,,,,,,,,75680.00257015228
a77637c2-be04-4d14-b785-2074d94a3bd0,2003,AES-128,encrypt,cuda_baseline,baseline,resident,pinned,ECB,16384,1,16384:ECB:1,68091ffa834abc4a9619f359d6db0f3e072eba52611c860c22ae398e6a2c7a0c,6,190,True,1,337.9537929613069,,4.848000034689903e-05,,,48480.00034689903,,,,,,,,,48480.00034689903
a77637c2-be04-4d14-b785-2074d94a3bd0,2003,AES-128,encrypt,cuda_baseline,baseline,pipeline,pinned,ECB,16384,1,16384:ECB:1,68091ffa834abc4a9619f359d6db0f3e072eba52611c860c22ae398e6a2c7a0c,7,191,True,,341.1059246869661,92.46049661399549,4.80320006608963e-05,0.0001772,41300,48032.0006608963,41400,82700,177200,,,,,,
a77637c2-be04-4d14-b785-2074d94a3bd0,2003,AES-128,encrypt,cuda_optimized_v1,optimized,pipeline,pinned,ECB,16384,2,16384:ECB:2,a6466d7a08a7c4a1d61ace8df718934129e7fe5e91f65e5dea8f20826afd0804,0,192,True,,343.1635498859177,90.66961815163253,4.774399846792221e-05,0.0001807,41800,47743.99846792221,43200,85000,180700,,,,,,
a77637c2-be04-4d14-b785-2074d94a3bd0,2003,AES-128,encrypt,cuda_baseline,baseline,pipeline,pinned,ECB,16384,2,16384:ECB:2,a6466d7a08a7c4a1d61ace8df718934129e7fe5e91f65e5dea8f20826afd0804,1,193,True,,321.40614733575535,90.17061089708311,5.097600072622299e-05,0.0001817,43100,50976.00072622299,40700,83800,181700,,,,,,
a77637c2-be04-4d14-b785-2074d94a3bd0,2003,AES-128,encrypt,cuda_baseline,baseline,resident,pinned,ECB,16384,2,16384:ECB:2,a6466d7a08a7c4a1d61ace8df718934129e7fe5e91f65e5dea8f20826afd0804,2,194,True,1,341.1059246869661,,4.80320006608963e-05,,,48032.0006608963,,,,,,,,,48032.0006608963
a77637c2-be04-4d14-b785-2074d94a3bd0,2003,AES-128,encrypt,cpu_aesni,aesni,transform,bytes,ECB,16384,2,16384:ECB:2,a6466d7a08a7c4a1d61ace8df718934129e7fe5e91f65e5dea8f20826afd0804,3,195,True,,,,,,,,,,,8900,8.9e-06,1840.8988764044943,0,0.0,
a77637c2-be04-4d14-b785-2074d94a3bd0,2003,AES-128,encrypt,cuda_ttable,ttable,pipeline,pinned,ECB,16384,2,16384:ECB:2,a6466d7a08a7c4a1d61ace8df718934129e7fe5e91f65e5dea8f20826afd0804,4,196,True,,180.79096613391036,41.76395615600306,9.062399715185165e-05,0.0003923,119900,90623.99715185165,105500,225400,392300,,,,,,
a77637c2-be04-4d14-b785-2074d94a3bd0,2003,AES-128,encrypt,cuda_ttable,ttable,resident,pinned,ECB,16384,2,16384:ECB:2,a6466d7a08a7c4a1d61ace8df718934129e7fe5e91f65e5dea8f20826afd0804,5,197,True,1,140.50493807030807,,0.00011660800129175187,,,116608.00129175186,,,,,,,,,116608.00129175186
a77637c2-be04-4d14-b785-2074d94a3bd0,2003,AES-128,encrypt,cuda_optimized_v1,optimized,resident,pinned,ECB,16384,2,16384:ECB:2,a6466d7a08a7c4a1d61ace8df718934129e7fe5e91f65e5dea8f20826afd0804,6,198,True,1,261.22448669776776,,6.272000074386597e-05,,,62720.00074386597,,,,,,,,,62720.00074386597
a77637c2-be04-4d14-b785-2074d94a3bd0,2003,AES-128,encrypt,cpu_software,software,transform,bytes,ECB,16384,2,16384:ECB:2,a6466d7a08a7c4a1d61ace8df718934129e7fe5e91f65e5dea8f20826afd0804,7,199,True,,,,,,,,,,,63900,6.39e-05,256.4006259780908,0,0.0,
a77637c2-be04-4d14-b785-2074d94a3bd0,2003,AES-128,encrypt,cpu_aesni,aesni,transform,bytes,CTR,16384,2,16384:CTR:2,dcc0d83e72bee9937ca79a2faeffb1812b060f628de45610b908c7790fe9bf1c,0,200,True,,,,,,,,,,,11400,1.14e-05,1437.1929824561403,0,0.0,
a77637c2-be04-4d14-b785-2074d94a3bd0,2003,AES-128,encrypt,cuda_ttable,ttable,pipeline,pinned,CTR,16384,2,16384:CTR:2,dcc0d83e72bee9937ca79a2faeffb1812b060f628de45610b908c7790fe9bf1c,1,201,True,,207.62368897526093,74.47272727272727,7.891199737787246e-05,0.00022,44700,78911.99737787247,45000,89700,220000,,,,,,
a77637c2-be04-4d14-b785-2074d94a3bd0,2003,AES-128,encrypt,cuda_baseline,baseline,resident,pinned,CTR,16384,2,16384:CTR:2,dcc0d83e72bee9937ca79a2faeffb1812b060f628de45610b908c7790fe9bf1c,2,202,True,1,281.9383299506434,,5.8111999183893203e-05,,,58111.999183893204,,,,,,,,,58111.999183893204
a77637c2-be04-4d14-b785-2074d94a3bd0,2003,AES-128,encrypt,cuda_optimized_v1,optimized,pipeline,pinned,CTR,16384,2,16384:CTR:2,dcc0d83e72bee9937ca79a2faeffb1812b060f628de45610b908c7790fe9bf1c,3,203,True,,338.1770138104403,89.18889493739793,4.8448000103235245e-05,0.0001837,40900,48448.000103235245,44100,85000,183700,,,,,,
a77637c2-be04-4d14-b785-2074d94a3bd0,2003,AES-128,encrypt,cuda_ttable,ttable,resident,pinned,CTR,16384,2,16384:CTR:2,dcc0d83e72bee9937ca79a2faeffb1812b060f628de45610b908c7790fe9bf1c,4,204,True,1,226.34836482812116,,7.238399982452393e-05,,,72383.99982452393,,,,,,,,,72383.99982452393
a77637c2-be04-4d14-b785-2074d94a3bd0,2003,AES-128,encrypt,cuda_baseline,baseline,pipeline,pinned,CTR,16384,2,16384:CTR:2,dcc0d83e72bee9937ca79a2faeffb1812b060f628de45610b908c7790fe9bf1c,5,205,True,,328.4156517677954,88.3234501347709,4.9887999892234804e-05,0.0001855,42500,49887.9998922348,43400,85900,185500,,,,,,
a77637c2-be04-4d14-b785-2074d94a3bd0,2003,AES-128,encrypt,cpu_software,software,transform,bytes,CTR,16384,2,16384:CTR:2,dcc0d83e72bee9937ca79a2faeffb1812b060f628de45610b908c7790fe9bf1c,6,206,True,,,,,,,,,,,64000,6.4e-05,256.0,0,0.0,
a77637c2-be04-4d14-b785-2074d94a3bd0,2003,AES-128,encrypt,cuda_optimized_v1,optimized,resident,pinned,CTR,16384,2,16384:CTR:2,dcc0d83e72bee9937ca79a2faeffb1812b060f628de45610b908c7790fe9bf1c,7,207,True,1,332.68356923667176,,4.924799874424934e-05,,,49247.998744249344,,,,,,,,,49247.998744249344
a77637c2-be04-4d14-b785-2074d94a3bd0,2003,AES-128,encrypt,cuda_ttable,ttable,resident,pinned,CTR,16384,3,16384:CTR:3,b08d54f4edb790ea8a19daba03f2af3cce93d28f3df59a79d35d2b3f6638c953,0,208,True,1,214.85522590014742,,7.625599950551986e-05,,,76255.99950551987,,,,,,,,,76255.99950551987
a77637c2-be04-4d14-b785-2074d94a3bd0,2003,AES-128,encrypt,cuda_baseline,baseline,pipeline,pinned,CTR,16384,3,16384:CTR:3,b08d54f4edb790ea8a19daba03f2af3cce93d28f3df59a79d35d2b3f6638c953,1,209,True,,305.12515418120415,86.36794939377965,5.369599908590317e-05,0.0001897,43500,53695.99908590317,43500,87000,189700,,,,,,
a77637c2-be04-4d14-b785-2074d94a3bd0,2003,AES-128,encrypt,cuda_optimized_v1,optimized,resident,pinned,CTR,16384,3,16384:CTR:3,b08d54f4edb790ea8a19daba03f2af3cce93d28f3df59a79d35d2b3f6638c953,2,210,True,1,320.40051178333636,,5.113599821925163e-05,,,51135.99821925163,,,,,,,,,51135.99821925163
a77637c2-be04-4d14-b785-2074d94a3bd0,2003,AES-128,encrypt,cpu_software,software,transform,bytes,CTR,16384,3,16384:CTR:3,b08d54f4edb790ea8a19daba03f2af3cce93d28f3df59a79d35d2b3f6638c953,3,211,True,,,,,,,,,,,63300,6.33e-05,258.83096366508687,0,0.0,
a77637c2-be04-4d14-b785-2074d94a3bd0,2003,AES-128,encrypt,cuda_ttable,ttable,pipeline,pinned,CTR,16384,3,16384:CTR:3,b08d54f4edb790ea8a19daba03f2af3cce93d28f3df59a79d35d2b3f6638c953,4,212,True,,221.1663131514921,78.35485413677667,7.407999783754349e-05,0.0002091,42100,74079.99783754349,44000,86100,209100,,,,,,
a77637c2-be04-4d14-b785-2074d94a3bd0,2003,AES-128,encrypt,cpu_aesni,aesni,transform,bytes,CTR,16384,3,16384:CTR:3,b08d54f4edb790ea8a19daba03f2af3cce93d28f3df59a79d35d2b3f6638c953,5,213,True,,,,,,,,,,,12900,1.29e-05,1270.077519379845,0,0.0,
a77637c2-be04-4d14-b785-2074d94a3bd0,2003,AES-128,encrypt,cuda_baseline,baseline,resident,pinned,CTR,16384,3,16384:CTR:3,b08d54f4edb790ea8a19daba03f2af3cce93d28f3df59a79d35d2b3f6638c953,6,214,True,1,330.96314985571496,,4.950400069355965e-05,,,49504.00069355965,,,,,,,,,49504.00069355965
a77637c2-be04-4d14-b785-2074d94a3bd0,2003,AES-128,encrypt,cuda_optimized_v1,optimized,pipeline,pinned,CTR,16384,3,16384:CTR:3,b08d54f4edb790ea8a19daba03f2af3cce93d28f3df59a79d35d2b3f6638c953,7,215,True,,316.2445978044027,87.14893617021276,5.1807999610900877e-05,0.000188,43500,51807.99961090088,44400,87900,188000,,,,,,
a77637c2-be04-4d14-b785-2074d94a3bd0,2003,AES-128,encrypt,cpu_aesni,aesni,transform,bytes,ECB,16384,3,16384:ECB:3,0d59e81042973791c0332e9c57bd67c89e0dfeafae04a74042f478a95bb77dd5,0,216,True,,,,,,,,,,,7600,7.6e-06,2155.7894736842104,0,0.0,
a77637c2-be04-4d14-b785-2074d94a3bd0,2003,AES-128,encrypt,cuda_baseline,baseline,pipeline,pinned,ECB,16384,3,16384:ECB:3,0d59e81042973791c0332e9c57bd67c89e0dfeafae04a74042f478a95bb77dd5,1,217,True,,343.8549256465761,89.5790049207217,4.764800146222115e-05,0.0001829,42400,47648.001462221146,44800,87200,182900,,,,,,
a77637c2-be04-4d14-b785-2074d94a3bd0,2003,AES-128,encrypt,cuda_optimized_v1,optimized,pipeline,pinned,ECB,16384,3,16384:ECB:3,0d59e81042973791c0332e9c57bd67c89e0dfeafae04a74042f478a95bb77dd5,2,218,True,,312.95843504106875,88.46652267818574,5.235200002789497e-05,0.0001852,41700,52352.000027894974,43100,84800,185200,,,,,,
a77637c2-be04-4d14-b785-2074d94a3bd0,2003,AES-128,encrypt,cuda_baseline,baseline,resident,pinned,ECB,16384,3,16384:ECB:3,0d59e81042973791c0332e9c57bd67c89e0dfeafae04a74042f478a95bb77dd5,3,219,True,1,301.5312118940533,,5.433600023388863e-05,,,54336.000233888626,,,,,,,,,54336.000233888626
a77637c2-be04-4d14-b785-2074d94a3bd0,2003,AES-128,encrypt,cuda_optimized_v1,optimized,resident,pinned,ECB,16384,3,16384:ECB:3,0d59e81042973791c0332e9c57bd67c89e0dfeafae04a74042f478a95bb77dd5,4,220,True,1,333.9856421944402,,4.905600100755692e-05,,,49056.001007556915,,,,,,,,,49056.001007556915
a77637c2-be04-4d14-b785-2074d94a3bd0,2003,AES-128,encrypt,cpu_software,software,transform,bytes,ECB,16384,3,16384:ECB:3,0d59e81042973791c0332e9c57bd67c89e0dfeafae04a74042f478a95bb77dd5,5,221,True,,,,,,,,,,,58400,5.84e-05,280.54794520547944,0,0.0,
a77637c2-be04-4d14-b785-2074d94a3bd0,2003,AES-128,encrypt,cuda_ttable,ttable,pipeline,pinned,ECB,16384,3,16384:ECB:3,0d59e81042973791c0332e9c57bd67c89e0dfeafae04a74042f478a95bb77dd5,6,222,True,,215.39756548981563,78.35485413677667,7.606399804353714e-05,0.0002091,41100,76063.99804353714,44500,85600,209100,,,,,,
a77637c2-be04-4d14-b785-2074d94a3bd0,2003,AES-128,encrypt,cuda_ttable,ttable,resident,pinned,ECB,16384,3,16384:ECB:3,0d59e81042973791c0332e9c57bd67c89e0dfeafae04a74042f478a95bb77dd5,7,223,True,1,171.06582180326362,,9.577599912881851e-05,,,95775.99912881851,,,,,,,,,95775.99912881851
a77637c2-be04-4d14-b785-2074d94a3bd0,2003,AES-128,encrypt,cuda_ttable,ttable,pipeline,pinned,ECB,16384,4,16384:ECB:4,5c1d9088d17246d4948d7d14d5d1053d522cff9ece9fa9272a53c48ff4ad394a,0,224,True,,210.5263251388176,77.5390440132513,7.782399654388428e-05,0.0002113,41200,77823.99654388428,42900,84100,211300,,,,,,
a77637c2-be04-4d14-b785-2074d94a3bd0,2003,AES-128,encrypt,cuda_optimized_v1,optimized,pipeline,pinned,ECB,16384,4,16384:ECB:4,5c1d9088d17246d4948d7d14d5d1053d522cff9ece9fa9272a53c48ff4ad394a,1,225,True,,323.0283989568599,88.80216802168022,5.071999877691269e-05,0.0001845,42800,50719.99877691269,42400,85200,184500,,,,,,
a77637c2-be04-4d14-b785-2074d94a3bd0,2003,AES-128,encrypt,cuda_ttable,ttable,resident,pinned,ECB,16384,4,16384:ECB:4,5c1d9088d17246d4948d7d14d5d1053d522cff9ece9fa9272a53c48ff4ad394a,2,226,True,1,217.50212436222554,,7.532799988985061e-05,,,75327.99988985062,,,,,,,,,75327.99988985062
a77637c2-be04-4d14-b785-2074d94a3bd0,2003,AES-128,encrypt,cuda_baseline,baseline,pipeline,pinned,ECB,16384,4,16384:ECB:4,5c1d9088d17246d4948d7d14d5d1053d522cff9ece9fa9272a53c48ff4ad394a,3,227,True,,326.7389797043601,90.41942604856513,5.0144001841545105e-05,0.0001812,41500,50144.001841545105,42900,84400,181200,,,,,,
a77637c2-be04-4d14-b785-2074d94a3bd0,2003,AES-128,encrypt,cpu_aesni,aesni,transform,bytes,ECB,16384,4,16384:ECB:4,5c1d9088d17246d4948d7d14d5d1053d522cff9ece9fa9272a53c48ff4ad394a,4,228,True,,,,,,,,,,,9100,9.1e-06,1800.4395604395604,0,0.0,
a77637c2-be04-4d14-b785-2074d94a3bd0,2003,AES-128,encrypt,cuda_baseline,baseline,resident,pinned,ECB,16384,4,16384:ECB:4,5c1d9088d17246d4948d7d14d5d1053d522cff9ece9fa9272a53c48ff4ad394a,5,229,True,1,340.4255220696043,,4.812800139188767e-05,,,48128.001391887665,,,,,,,,,48128.001391887665
a77637c2-be04-4d14-b785-2074d94a3bd0,2003,AES-128,encrypt,cpu_software,software,transform,bytes,ECB,16384,4,16384:ECB:4,5c1d9088d17246d4948d7d14d5d1053d522cff9ece9fa9272a53c48ff4ad394a,6,230,True,,,,,,,,,,,57800,5.78e-05,283.46020761245677,0,0.0,
a77637c2-be04-4d14-b785-2074d94a3bd0,2003,AES-128,encrypt,cuda_optimized_v1,optimized,resident,pinned,ECB,16384,4,16384:ECB:4,5c1d9088d17246d4948d7d14d5d1053d522cff9ece9fa9272a53c48ff4ad394a,7,231,True,1,321.60803715462237,,5.09440004825592e-05,,,50944.000482559204,,,,,,,,,50944.000482559204
a77637c2-be04-4d14-b785-2074d94a3bd0,2003,AES-128,encrypt,cuda_ttable,ttable,resident,pinned,CTR,16384,4,16384:CTR:4,888bb66b77e0912e87df9aceffff854f36b2f5c85537f5135d702ff2d38533b4,0,232,True,1,224.7585486609888,,7.289600372314453e-05,,,72896.00372314453,,,,,,,,,72896.00372314453
a77637c2-be04-4d14-b785-2074d94a3bd0,2003,AES-128,encrypt,cuda_ttable,ttable,pipeline,pinned,CTR,16384,4,16384:CTR:4,888bb66b77e0912e87df9aceffff854f36b2f5c85537f5135d702ff2d38533b4,1,233,True,,216.67371387942546,78.95903614457832,7.56160020828247e-05,0.0002075,40800,75616.0020828247,43500,84300,207500,,,,,,
a77637c2-be04-4d14-b785-2074d94a3bd0,2003,AES-128,encrypt,cuda_optimized_v1,optimized,resident,pinned,CTR,16384,4,16384:CTR:4,888bb66b77e0912e87df9aceffff854f36b2f5c85537f5135d702ff2d38533b4,2,234,True,1,325.28589695705585,,5.0367999821901324e-05,,,50367.99982190132,,,,,,,,,50367.99982190132
a77637c2-be04-4d14-b785-2074d94a3bd0,2003,AES-128,encrypt,cpu_aesni,aesni,transform,bytes,CTR,16384,4,16384:CTR:4,888bb66b77e0912e87df9aceffff854f36b2f5c85537f5135d702ff2d38533b4,3,235,True,,,,,,,,,,,16500,1.65e-05,992.969696969697,0,0.0,
a77637c2-be04-4d14-b785-2074d94a3bd0,2003,AES-128,encrypt,cuda_optimized_v1,optimized,pipeline,pinned,CTR,16384,4,16384:CTR:4,888bb66b77e0912e87df9aceffff854f36b2f5c85537f5135d702ff2d38533b4,4,236,True,,331.6062178678066,90.17061089708311,4.9407999962568284e-05,0.0001817,42500,49407.99996256828,42900,85400,181700,,,,,,
a77637c2-be04-4d14-b785-2074d94a3bd0,2003,AES-128,encrypt,cpu_software,software,transform,bytes,CTR,16384,4,16384:CTR:4,888bb66b77e0912e87df9aceffff854f36b2f5c85537f5135d702ff2d38533b4,5,237,True,,,,,,,,,,,61900,6.19e-05,264.6849757673667,0,0.0,
a77637c2-be04-4d14-b785-2074d94a3bd0,2003,AES-128,encrypt,cuda_baseline,baseline,resident,pinned,CTR,16384,4,16384:CTR:4,888bb66b77e0912e87df9aceffff854f36b2f5c85537f5135d702ff2d38533b4,6,238,True,1,317.61785596521986,,5.1584001630544664e-05,,,51584.00163054466,,,,,,,,,51584.00163054466
a77637c2-be04-4d14-b785-2074d94a3bd0,2003,AES-128,encrypt,cuda_baseline,baseline,pipeline,pinned,CTR,16384,4,16384:CTR:4,888bb66b77e0912e87df9aceffff854f36b2f5c85537f5135d702ff2d38533b4,7,239,True,,332.2517897329239,90.51933701657458,4.931199923157692e-05,0.000181,41700,49311.99923157692,42700,84400,181000,,,,,,
a77637c2-be04-4d14-b785-2074d94a3bd0,2003,AES-128,encrypt,cuda_ttable,ttable,pipeline,pinned,ECB,16384,5,16384:ECB:5,aab37d759beb854db380093614991c4ebeb256263c37ea8685970b5f5a9a2c5a,0,240,True,,201.972388356741,75.67667436489607,8.111999928951264e-05,0.0002165,42200,81119.99928951263,42200,84400,216500,,,,,,
a77637c2-be04-4d14-b785-2074d94a3bd0,2003,AES-128,encrypt,cuda_baseline,baseline,pipeline,pinned,ECB,16384,5,16384:ECB:5,aab37d759beb854db380093614991c4ebeb256263c37ea8685970b5f5a9a2c5a,1,241,True,,313.7254958835556,87.66185125735687,5.222399905323982e-05,0.0001869,43900,52223.99905323982,43000,86900,186900,,,,,,
a77637c2-be04-4d14-b785-2074d94a3bd0,2003,AES-128,encrypt,cuda_optimized_v1,optimized,resident,pinned,ECB,16384,5,16384:ECB:5,aab37d759beb854db380093614991c4ebeb256263c37ea8685970b5f5a9a2c5a,2,242,True,1,157.58694694765052,,0.00010396800190210343,,,103968.00190210342,,,,,,,,,103968.00190210342
a77637c2-be04-4d14-b785-2074d94a3bd0,2003,AES-128,encrypt,cpu_aesni,aesni,transform,bytes,ECB,16384,5,16384:ECB:5,aab37d759beb854db380093614991c4ebeb256263c37ea8685970b5f5a9a2c5a,3,243,True,,,,,,,,,,,9100,9.1e-06,1800.4395604395604,0,0.0,
a77637c2-be04-4d14-b785-2074d94a3bd0,2003,AES-128,encrypt,cuda_optimized_v1,optimized,pipeline,pinned,ECB,16384,5,16384:ECB:5,aab37d759beb854db380093614991c4ebeb256263c37ea8685970b5f5a9a2c5a,4,244,True,,342.9336998040979,90.22026431718062,4.7775998711586e-05,0.0001816,42000,47775.998711586,44000,86000,181600,,,,,,
a77637c2-be04-4d14-b785-2074d94a3bd0,2003,AES-128,encrypt,cuda_ttable,ttable,resident,pinned,ECB,16384,5,16384:ECB:5,aab37d759beb854db380093614991c4ebeb256263c37ea8685970b5f5a9a2c5a,5,245,True,1,212.00828197902385,,7.727999985218048e-05,,,77279.99985218048,,,,,,,,,77279.99985218048
a77637c2-be04-4d14-b785-2074d94a3bd0,2003,AES-128,encrypt,cuda_baseline,baseline,resident,pinned,ECB,16384,5,16384:ECB:5,aab37d759beb854db380093614991c4ebeb256263c37ea8685970b5f5a9a2c5a,6,246,True,1,160.10006734848625,,0.00010233599692583084,,,102335.99692583084,,,,,,,,,102335.99692583084
a77637c2-be04-4d14-b785-2074d94a3bd0,2003,AES-128,encrypt,cpu_software,software,transform,bytes,ECB,16384,5,16384:ECB:5,aab37d759beb854db380093614991c4ebeb256263c37ea8685970b5f5a9a2c5a,7,247,True,,,,,,,,,,,60600,6.06e-05,270.36303630363034,0,0.0,
a77637c2-be04-4d14-b785-2074d94a3bd0,2003,AES-128,encrypt,cuda_ttable,ttable,pipeline,pinned,CTR,16384,5,16384:CTR:5,a91668cd2b770d1e25029b860654e9fd9550f17f4ee94865430ac8474f2bb603,0,248,True,,223.19093234787982,77.13747645951035,7.340800017118454e-05,0.0002124,42200,73408.00017118454,43800,86000,212400,,,,,,
a77637c2-be04-4d14-b785-2074d94a3bd0,2003,AES-128,encrypt,cpu_software,software,transform,bytes,CTR,16384,5,16384:CTR:5,a91668cd2b770d1e25029b860654e9fd9550f17f4ee94865430ac8474f2bb603,1,249,True,,,,,,,,,,,61700,6.17e-05,265.54294975688816,0,0.0,
a77637c2-be04-4d14-b785-2074d94a3bd0,2003,AES-128,encrypt,cpu_aesni,aesni,transform,bytes,CTR,16384,5,16384:CTR:5,a91668cd2b770d1e25029b860654e9fd9550f17f4ee94865430ac8474f2bb603,2,250,True,,,,,,,,,,,10400,1.04e-05,1575.3846153846155,0,0.0,
a77637c2-be04-4d14-b785-2074d94a3bd0,2003,AES-128,encrypt,cuda_optimized_v1,optimized,resident,pinned,CTR,16384,5,16384:CTR:5,a91668cd2b770d1e25029b860654e9fd9550f17f4ee94865430ac8474f2bb603,3,251,True,1,326.947626867347,,5.0112001597881316e-05,,,50112.00159788132,,,,,,,,,50112.00159788132
a77637c2-be04-4d14-b785-2074d94a3bd0,2003,AES-128,encrypt,cuda_baseline,baseline,pipeline,pinned,CTR,16384,5,16384:CTR:5,a91668cd2b770d1e25029b860654e9fd9550f17f4ee94865430ac8474f2bb603,4,252,True,,321.60803715462237,87.42796157950907,5.09440004825592e-05,0.0001874,42100,50944.000482559204,42800,84900,187400,,,,,,
a77637c2-be04-4d14-b785-2074d94a3bd0,2003,AES-128,encrypt,cuda_ttable,ttable,resident,pinned,CTR,16384,5,16384:CTR:5,a91668cd2b770d1e25029b860654e9fd9550f17f4ee94865430ac8474f2bb603,5,253,True,1,215.57895430039193,,7.599999755620957e-05,,,75999.99755620956,,,,,,,,,75999.99755620956
a77637c2-be04-4d14-b785-2074d94a3bd0,2003,AES-128,encrypt,cuda_baseline,baseline,resident,pinned,CTR,16384,5,16384:CTR:5,a91668cd2b770d1e25029b860654e9fd9550f17f4ee94865430ac8474f2bb603,6,254,True,1,309.3655534668482,,5.2960000932216646e-05,,,52960.000932216644,,,,,,,,,52960.000932216644
a77637c2-be04-4d14-b785-2074d94a3bd0,2003,AES-128,encrypt,cuda_optimized_v1,optimized,pipeline,pinned,CTR,16384,5,16384:CTR:5,a91668cd2b770d1e25029b860654e9fd9550f17f4ee94865430ac8474f2bb603,7,255,True,,318.2100628059565,88.65800865800865,5.14880008995533e-05,0.0001848,41400,51488.0008995533,42100,83500,184800,,,,,,
a77637c2-be04-4d14-b785-2074d94a3bd0,2003,AES-128,encrypt,cuda_optimized_v1,optimized,resident,pinned,ECB,16384,6,16384:ECB:6,74bddb471f3c86a1633d92f13e92df4e625f02cbc29c994c9e738ca4dc4c1b24,0,256,True,1,302.60047967682226,,5.41439987719059e-05,,,54143.9987719059,,,,,,,,,54143.9987719059
a77637c2-be04-4d14-b785-2074d94a3bd0,2003,AES-128,encrypt,cpu_software,software,transform,bytes,ECB,16384,6,16384:ECB:6,74bddb471f3c86a1633d92f13e92df4e625f02cbc29c994c9e738ca4dc4c1b24,1,257,True,,,,,,,,,,,58600,5.86e-05,279.59044368600684,0,0.0,
a77637c2-be04-4d14-b785-2074d94a3bd0,2003,AES-128,encrypt,cuda_optimized_v1,optimized,pipeline,pinned,ECB,16384,6,16384:ECB:6,74bddb471f3c86a1633d92f13e92df4e625f02cbc29c994c9e738ca4dc4c1b24,2,258,True,,342.2459932899328,89.3835242771413,4.787199944257736e-05,0.0001833,43800,47871.99944257736,42200,86000,183300,,,,,,
a77637c2-be04-4d14-b785-2074d94a3bd0,2003,AES-128,encrypt,cuda_ttable,ttable,pipeline,pinned,ECB,16384,6,16384:ECB:6,74bddb471f3c86a1633d92f13e92df4e625f02cbc29c994c9e738ca4dc4c1b24,3,259,True,,214.22593803003068,77.79677113010446,7.648000121116638e-05,0.0002106,42100,76480.00121116638,42300,84400,210600,,,,,,
a77637c2-be04-4d14-b785-2074d94a3bd0,2003,AES-128,encrypt,cuda_baseline,baseline,pipeline,pinned,ECB,16384,6,16384:ECB:6,74bddb471f3c86a1633d92f13e92df4e625f02cbc29c994c9e738ca4dc4c1b24,4,260,True,,335.078535475741,89.53005464480874,4.8895999789237976e-05,0.000183,41800,48895.999789237976,42400,84200,183000,,,,,,
a77637c2-be04-4d14-b785-2074d94a3bd0,2003,AES-128,encrypt,cuda_baseline,baseline,resident,pinned,ECB,16384,6,16384:ECB:6,74bddb471f3c86a1633d92f13e92df4e625f02cbc29c994c9e738ca4dc4c1b24,5,261,True,1,321.8101807652621,,5.0912000238895414e-05,,,50912.000238895416,,,,,,,,,50912.000238895416
a77637c2-be04-4d14-b785-2074d94a3bd0,2003,AES-128,encrypt,cpu_aesni,aesni,transform,bytes,ECB,16384,6,16384:ECB:6,74bddb471f3c86a1633d92f13e92df4e625f02cbc29c994c9e738ca4dc4c1b24,6,262,True,,,,,,,,,,,8900,8.9e-06,1840.8988764044943,0,0.0,
a77637c2-be04-4d14-b785-2074d94a3bd0,2003,AES-128,encrypt,cuda_ttable,ttable,resident,pinned,ECB,16384,6,16384:ECB:6,74bddb471f3c86a1633d92f13e92df4e625f02cbc29c994c9e738ca4dc4c1b24,7,263,True,1,198.91219567181048,,8.236800134181976e-05,,,82368.00134181976,,,,,,,,,82368.00134181976
a77637c2-be04-4d14-b785-2074d94a3bd0,2003,AES-128,encrypt,cpu_aesni,aesni,transform,bytes,CTR,16384,6,16384:CTR:6,101aa4a6e2692b1e0f65946f3755a33171494e481d354cd3ed1499b38abedff1,0,264,True,,,,,,,,,,,10800,1.08e-05,1517.037037037037,0,0.0,
a77637c2-be04-4d14-b785-2074d94a3bd0,2003,AES-128,encrypt,cuda_baseline,baseline,resident,pinned,CTR,16384,6,16384:CTR:6,101aa4a6e2692b1e0f65946f3755a33171494e481d354cd3ed1499b38abedff1,1,265,True,1,294.2528773053412,,5.567999929189682e-05,,,55679.99929189682,,,,,,,,,55679.99929189682
a77637c2-be04-4d14-b785-2074d94a3bd0,2003,AES-128,encrypt,cuda_ttable,ttable,resident,pinned,CTR,16384,6,16384:CTR:6,101aa4a6e2692b1e0f65946f3755a33171494e481d354cd3ed1499b38abedff1,2,266,True,1,222.41528464880452,,7.366400212049484e-05,,,73664.00212049484,,,,,,,,,73664.00212049484
a77637c2-be04-4d14-b785-2074d94a3bd0,2003,AES-128,encrypt,cpu_software,software,transform,bytes,CTR,16384,6,16384:CTR:6,101aa4a6e2692b1e0f65946f3755a33171494e481d354cd3ed1499b38abedff1,3,267,True,,,,,,,,,,,91100,9.11e-05,179.84632272228322,0,0.0,
a77637c2-be04-4d14-b785-2074d94a3bd0,2003,AES-128,encrypt,cuda_ttable,ttable,pipeline,pinned,CTR,16384,6,16384:CTR:6,101aa4a6e2692b1e0f65946f3755a33171494e481d354cd3ed1499b38abedff1,4,268,True,,227.05100370164595,78.05621724630777,7.215999811887741e-05,0.0002099,44100,72159.99811887741,42200,86300,209900,,,,,,
a77637c2-be04-4d14-b785-2074d94a3bd0,2003,AES-128,encrypt,cuda_optimized_v1,optimized,resident,pinned,CTR,16384,6,16384:CTR:6,101aa4a6e2692b1e0f65946f3755a33171494e481d354cd3ed1499b38abedff1,5,269,True,1,322.62130272077354,,5.078399926424027e-05,,,50783.999264240265,,,,,,,,,50783.999264240265
a77637c2-be04-4d14-b785-2074d94a3bd0,2003,AES-128,encrypt,cuda_optimized_v1,optimized,pipeline,pinned,CTR,16384,6,16384:CTR:6,101aa4a6e2692b1e0f65946f3755a33171494e481d354cd3ed1499b38abedff1,6,270,True,,334.85938499392034,89.62800875273523,4.8928000032901765e-05,0.0001828,43400,48928.000032901764,41700,85100,182800,,,,,,
a77637c2-be04-4d14-b785-2074d94a3bd0,2003,AES-128,encrypt,cuda_baseline,baseline,pipeline,pinned,CTR,16384,6,16384:CTR:6,101aa4a6e2692b1e0f65946f3755a33171494e481d354cd3ed1499b38abedff1,7,271,True,,335.95801341556756,90.66961815163253,4.876799881458282e-05,0.0001807,41700,48767.998814582825,41500,83200,180700,,,,,,
a77637c2-be04-4d14-b785-2074d94a3bd0,2003,AES-128,encrypt,cpu_software,software,transform,bytes,CTR,16384,7,16384:CTR:7,64fcaed5462afed29efef4144f7b590e8b9b0cec6f310d821bdf83e41eefdbff,0,272,True,,,,,,,,,,,60600,6.06e-05,270.36303630363034,0,0.0,
a77637c2-be04-4d14-b785-2074d94a3bd0,2003,AES-128,encrypt,cuda_baseline,baseline,pipeline,pinned,CTR,16384,7,16384:CTR:7,64fcaed5462afed29efef4144f7b590e8b9b0cec6f310d821bdf83e41eefdbff,1,273,True,,331.177228553621,87.28822589238146,4.947200044989586e-05,0.0001877,43900,49472.00044989586,42500,86400,187700,,,,,,
a77637c2-be04-4d14-b785-2074d94a3bd0,2003,AES-128,encrypt,cuda_optimized_v1,optimized,pipeline,pinned,CTR,16384,7,16384:CTR:7,64fcaed5462afed29efef4144f7b590e8b9b0cec6f310d821bdf83e41eefdbff,2,274,True,,324.87309445470834,88.6100594916171,5.0432000309228894e-05,0.0001849,44400,50432.0003092289,41500,85900,184900,,,,,,
a77637c2-be04-4d14-b785-2074d94a3bd0,2003,AES-128,encrypt,cuda_baseline,baseline,resident,pinned,CTR,16384,7,16384:CTR:7,64fcaed5462afed29efef4144f7b590e8b9b0cec6f310d821bdf83e41eefdbff,3,275,True,1,298.71645052430364,,5.484800040721893e-05,,,54848.00040721893,,,,,,,,,54848.00040721893
a77637c2-be04-4d14-b785-2074d94a3bd0,2003,AES-128,encrypt,cpu_aesni,aesni,transform,bytes,CTR,16384,7,16384:CTR:7,64fcaed5462afed29efef4144f7b590e8b9b0cec6f310d821bdf83e41eefdbff,4,276,True,,,,,,,,,,,12200,1.22e-05,1342.950819672131,0,0.0,
a77637c2-be04-4d14-b785-2074d94a3bd0,2003,AES-128,encrypt,cuda_ttable,ttable,pipeline,pinned,CTR,16384,7,16384:CTR:7,64fcaed5462afed29efef4144f7b590e8b9b0cec6f310d821bdf83e41eefdbff,5,277,True,,109.12191262697384,47.22974920726434,0.00015014399588108063,0.0003469,43000,150143.99588108063,82100,125100,346900,,,,,,
a77637c2-be04-4d14-b785-2074d94a3bd0,2003,AES-128,encrypt,cuda_ttable,ttable,resident,pinned,CTR,16384,7,16384:CTR:7,64fcaed5462afed29efef4144f7b590e8b9b0cec6f310d821bdf83e41eefdbff,6,278,True,1,209.75010580889096,,7.811199873685836e-05,,,78111.99873685837,,,,,,,,,78111.99873685837
a77637c2-be04-4d14-b785-2074d94a3bd0,2003,AES-128,encrypt,cuda_optimized_v1,optimized,resident,pinned,CTR,16384,7,16384:CTR:7,64fcaed5462afed29efef4144f7b590e8b9b0cec6f310d821bdf83e41eefdbff,7,279,True,1,294.9308845099619,,5.555199831724167e-05,,,55551.99831724167,,,,,,,,,55551.99831724167
a77637c2-be04-4d14-b785-2074d94a3bd0,2003,AES-128,encrypt,cuda_baseline,baseline,resident,pinned,ECB,16384,7,16384:ECB:7,9a531206d37a2327ff0ad30865b81d4d2aa8d458b4a9aaa49533503cc4c7c925,0,280,True,1,333.9856421944402,,4.905600100755692e-05,,,49056.001007556915,,,,,,,,,49056.001007556915
a77637c2-be04-4d14-b785-2074d94a3bd0,2003,AES-128,encrypt,cuda_ttable,ttable,resident,pinned,ECB,16384,7,16384:ECB:7,9a531206d37a2327ff0ad30865b81d4d2aa8d458b4a9aaa49533503cc4c7c925,1,281,True,1,212.36001968022532,,7.715199887752532e-05,,,77151.99887752533,,,,,,,,,77151.99887752533
a77637c2-be04-4d14-b785-2074d94a3bd0,2003,AES-128,encrypt,cuda_baseline,baseline,pipeline,pinned,ECB,16384,7,16384:ECB:7,9a531206d37a2327ff0ad30865b81d4d2aa8d458b4a9aaa49533503cc4c7c925,2,282,True,,339.97345259828415,91.02222222222223,4.8191998153924945e-05,0.00018,42000,48191.99815392494,40400,82400,180000,,,,,,
a77637c2-be04-4d14-b785-2074d94a3bd0,2003,AES-128,encrypt,cuda_ttable,ttable,pipeline,pinned,ECB,16384,7,16384:ECB:7,9a531206d37a2327ff0ad30865b81d4d2aa8d458b4a9aaa49533503cc4c7c925,3,283,True,,204.71811670559435,75.85185185185185,8.003199845552444e-05,0.000216,43900,80031.99845552444,43000,86900,216000,,,,,,
a77637c2-be04-4d14-b785-2074d94a3bd0,2003,AES-128,encrypt,cuda_optimized_v1,optimized,pipeline,pinned,ECB,16384,7,16384:ECB:7,9a531206d37a2327ff0ad30865b81d4d2aa8d458b4a9aaa49533503cc4c7c925,4,284,True,,306.2200879718258,88.6100594916171,5.3504001349210736e-05,0.0001849,42200,53504.00134921074,41900,84100,184900,,,,,,
a77637c2-be04-4d14-b785-2074d94a3bd0,2003,AES-128,encrypt,cpu_aesni,aesni,transform,bytes,ECB,16384,7,16384:ECB:7,9a531206d37a2327ff0ad30865b81d4d2aa8d458b4a9aaa49533503cc4c7c925,5,285,True,,,,,,,,,,,9000,9e-06,1820.4444444444443,0,0.0,
a77637c2-be04-4d14-b785-2074d94a3bd0,2003,AES-128,encrypt,cpu_software,software,transform,bytes,ECB,16384,7,16384:ECB:7,9a531206d37a2327ff0ad30865b81d4d2aa8d458b4a9aaa49533503cc4c7c925,6,286,True,,,,,,,,,,,56500,5.65e-05,289.98230088495575,0,0.0,
a77637c2-be04-4d14-b785-2074d94a3bd0,2003,AES-128,encrypt,cuda_optimized_v1,optimized,resident,pinned,ECB,16384,7,16384:ECB:7,9a531206d37a2327ff0ad30865b81d4d2aa8d458b4a9aaa49533503cc4c7c925,7,287,True,1,315.4651843668642,,5.193600058555603e-05,,,51936.00058555603,,,,,,,,,51936.00058555603
a77637c2-be04-4d14-b785-2074d94a3bd0,2003,AES-128,encrypt,cuda_optimized_v1,optimized,pipeline,pinned,ECB,16384,8,16384:ECB:8,15648fa0049e6322049bc5f8587f8d78b48a67158c9f4ed763f503647f32dee4,0,288,True,,331.177228553621,87.66185125735687,4.947200044989586e-05,0.0001869,42700,49472.00044989586,43200,85900,186900,,,,,,
a77637c2-be04-4d14-b785-2074d94a3bd0,2003,AES-128,encrypt,cuda_optimized_v1,optimized,resident,pinned,ECB,16384,8,16384:ECB:8,15648fa0049e6322049bc5f8587f8d78b48a67158c9f4ed763f503647f32dee4,1,289,True,1,334.6405209854975,,4.896000027656555e-05,,,48960.00027656555,,,,,,,,,48960.00027656555
a77637c2-be04-4d14-b785-2074d94a3bd0,2003,AES-128,encrypt,cuda_baseline,baseline,pipeline,pinned,ECB,16384,8,16384:ECB:8,15648fa0049e6322049bc5f8587f8d78b48a67158c9f4ed763f503647f32dee4,2,290,True,,315.8544102593713,88.94679695982627,5.187200009822845e-05,0.0001842,42000,51872.000098228455,42800,84800,184200,,,,,,
a77637c2-be04-4d14-b785-2074d94a3bd0,2003,AES-128,encrypt,cpu_software,software,transform,bytes,ECB,16384,8,16384:ECB:8,15648fa0049e6322049bc5f8587f8d78b48a67158c9f4ed763f503647f32dee4,3,291,True,,,,,,,,,,,58000,5.8e-05,282.48275862068965,0,0.0,
a77637c2-be04-4d14-b785-2074d94a3bd0,2003,AES-128,encrypt,cuda_ttable,ttable,resident,pinned,ECB,16384,8,16384:ECB:8,15648fa0049e6322049bc5f8587f8d78b48a67158c9f4ed763f503647f32dee4,4,292,True,1,204.63629429198267,,8.006399869918823e-05,,,80063.99869918823,,,,,,,,,80063.99869918823
a77637c2-be04-4d14-b785-2074d94a3bd0,2003,AES-128,encrypt,cuda_ttable,ttable,pipeline,pinned,ECB,16384,8,16384:ECB:8,15648fa0049e6322049bc5f8587f8d78b48a67158c9f4ed763f503647f32dee4,5,293,True,,206.20217084349017,77.3194903256253,7.945600152015686e-05,0.0002119,41700,79456.00152015686,42200,83900,211900,,,,,,
a77637c2-be04-4d14-b785-2074d94a3bd0,2003,AES-128,encrypt,cuda_baseline,baseline,resident,pinned,ECB,16384,8,16384:ECB:8,15648fa0049e6322049bc5f8587f8d78b48a67158c9f4ed763f503647f32dee4,6,294,True,1,317.81501317559815,,5.1552001386880875e-05,,,51552.001386880875,,,,,,,,,51552.001386880875
a77637c2-be04-4d14-b785-2074d94a3bd0,2003,AES-128,encrypt,cpu_aesni,aesni,transform,bytes,ECB,16384,8,16384:ECB:8,15648fa0049e6322049bc5f8587f8d78b48a67158c9f4ed763f503647f32dee4,7,295,True,,,,,,,,,,,8600,8.6e-06,1905.1162790697674,0,0.0,
a77637c2-be04-4d14-b785-2074d94a3bd0,2003,AES-128,encrypt,cuda_baseline,baseline,pipeline,pinned,CTR,16384,8,16384:CTR:8,b921e948bf083151d8aacfeed29bad9b38ae094b56189d296b8b0cc64ec2f09f,0,296,True,,296.46786415390227,86.68783068783068,5.526399984955787e-05,0.000189,42300,55263.99984955788,42600,84900,189000,,,,,,
a77637c2-be04-4d14-b785-2074d94a3bd0,2003,AES-128,encrypt,cpu_aesni,aesni,transform,bytes,CTR,16384,8,16384:CTR:8,b921e948bf083151d8aacfeed29bad9b38ae094b56189d296b8b0cc64ec2f09f,1,297,True,,,,,,,,,,,11900,1.19e-05,1376.8067226890757,0,0.0,
a77637c2-be04-4d14-b785-2074d94a3bd0,2003,AES-128,encrypt,cuda_ttable,ttable,pipeline,pinned,CTR,16384,8,16384:CTR:8,b921e948bf083151d8aacfeed29bad9b38ae094b56189d296b8b0cc64ec2f09f,2,298,True,,224.07002807744038,77.72296015180265,7.311999797821045e-05,0.0002108,43900,73119.99797821045,43800,87700,210800,,,,,,
a77637c2-be04-4d14-b785-2074d94a3bd0,2003,AES-128,encrypt,cuda_ttable,ttable,resident,pinned,CTR,16384,8,16384:CTR:8,b921e948bf083151d8aacfeed29bad9b38ae094b56189d296b8b0cc64ec2f09f,3,299,True,1,225.2529618865571,,7.273600250482559e-05,,,72736.00250482559,,,,,,,,,72736.00250482559
a77637c2-be04-4d14-b785-2074d94a3bd0,2003,AES-128,encrypt,cuda_baseline,baseline,resident,pinned,CTR,16384,8,16384:CTR:8,b921e948bf083151d8aacfeed29bad9b38ae094b56189d296b8b0cc64ec2f09f,4,300,True,1,324.66708585316155,,5.046400055289268e-05,,,50464.000552892685,,,,,,,,,50464.000552892685
a77637c2-be04-4d14-b785-2074d94a3bd0,2003,AES-128,encrypt,cpu_software,software,transform,bytes,CTR,16384,8,16384:CTR:8,b921e948bf083151d8aacfeed29bad9b38ae094b56189d296b8b0cc64ec2f09f,5,301,True,,,,,,,,,,,62000,6.2e-05,264.258064516129,0,0.0,
a77637c2-be04-4d14-b785-2074d94a3bd0,2003,AES-128,encrypt,cuda_optimized_v1,optimized,pipeline,pinned,CTR,16384,8,16384:CTR:8,b921e948bf083151d8aacfeed29bad9b38ae094b56189d296b8b0cc64ec2f09f,6,302,True,,333.33332154304867,89.92316136114161,4.915200173854828e-05,0.0001822,41700,49152.00173854828,43300,85000,182200,,,,,,
a77637c2-be04-4d14-b785-2074d94a3bd0,2003,AES-128,encrypt,cuda_optimized_v1,optimized,resident,pinned,CTR,16384,8,16384:CTR:8,b921e948bf083151d8aacfeed29bad9b38ae094b56189d296b8b0cc64ec2f09f,7,303,True,1,337.50823414719946,,4.854400083422661e-05,,,48544.00083422661,,,,,,,,,48544.00083422661
a77637c2-be04-4d14-b785-2074d94a3bd0,2003,AES-128,encrypt,cuda_baseline,baseline,pipeline,pinned,CTR,16384,9,16384:CTR:9,f3fcfc29ae3aae9eac452f6fb3efb9d5c7fb2eb1ab1b2c6f598847b74556af9a,0,304,True,,312.57630950384686,87.8969957081545,5.241600051522255e-05,0.0001864,42700,52416.00051522255,41900,84600,186400,,,,,,
a77637c2-be04-4d14-b785-2074d94a3bd0,2003,AES-128,encrypt,cuda_optimized_v1,optimized,pipeline,pinned,CTR,16384,9,16384:CTR:9,f3fcfc29ae3aae9eac452f6fb3efb9d5c7fb2eb1ab1b2c6f598847b74556af9a,1,305,True,,300.9994067749062,85.60083594566353,5.443200096487999e-05,0.0001914,44800,54432.00096487999,43600,88400,191400,,,,,,
a77637c2-be04-4d14-b785-2074d94a3bd0,2003,AES-128,encrypt,cuda_ttable,ttable,pipeline,pinned,CTR,16384,9,16384:CTR:9,f3fcfc29ae3aae9eac452f6fb3efb9d5c7fb2eb1ab1b2c6f598847b74556af9a,2,306,True,,231.04691994828974,79.96095656417765,7.091200351715087e-05,0.0002049,42400,70912.00351715088,42700,85100,204900,,,,,,
a77637c2-be04-4d14-b785-2074d94a3bd0,2003,AES-128,encrypt,cpu_aesni,aesni,transform,bytes,CTR,16384,9,16384:CTR:9,f3fcfc29ae3aae9eac452f6fb3efb9d5c7fb2eb1ab1b2c6f598847b74556af9a,3,307,True,,,,,,,,,,,12300,1.23e-05,1332.0325203252032,0,0.0,
a77637c2-be04-4d14-b785-2074d94a3bd0,2003,AES-128,encrypt,cuda_baseline,baseline,resident,pinned,CTR,16384,9,16384:CTR:9,f3fcfc29ae3aae9eac452f6fb3efb9d5c7fb2eb1ab1b2c6f598847b74556af9a,4,308,True,1,331.391584378164,,4.944000020623207e-05,,,49440.00020623207,,,,,,,,,49440.00020623207
a77637c2-be04-4d14-b785-2074d94a3bd0,2003,AES-128,encrypt,cuda_optimized_v1,optimized,resident,pinned,CTR,16384,9,16384:CTR:9,f3fcfc29ae3aae9eac452f6fb3efb9d5c7fb2eb1ab1b2c6f598847b74556af9a,5,309,True,1,336.620631802537,,4.867200180888176e-05,,,48672.00180888176,,,,,,,,,48672.00180888176
a77637c2-be04-4d14-b785-2074d94a3bd0,2003,AES-128,encrypt,cpu_software,software,transform,bytes,CTR,16384,9,16384:CTR:9,f3fcfc29ae3aae9eac452f6fb3efb9d5c7fb2eb1ab1b2c6f598847b74556af9a,6,310,True,,,,,,,,,,,62000,6.2e-05,264.258064516129,0,0.0,
a77637c2-be04-4d14-b785-2074d94a3bd0,2003,AES-128,encrypt,cuda_ttable,ttable,resident,pinned,CTR,16384,9,16384:CTR:9,f3fcfc29ae3aae9eac452f6fb3efb9d5c7fb2eb1ab1b2c6f598847b74556af9a,7,311,True,1,171.86974923945118,,9.532800316810608e-05,,,95328.00316810608,,,,,,,,,95328.00316810608
a77637c2-be04-4d14-b785-2074d94a3bd0,2003,AES-128,encrypt,cuda_baseline,baseline,resident,pinned,ECB,16384,9,16384:ECB:9,01027b9a1d57eea5602fff802faa47bd553be20edb1bf036a529cad3a6b3e515,0,312,True,1,335.95801341556756,,4.876799881458282e-05,,,48767.998814582825,,,,,,,,,48767.998814582825
a77637c2-be04-4d14-b785-2074d94a3bd0,2003,AES-128,encrypt,cpu_aesni,aesni,transform,bytes,ECB,16384,9,16384:ECB:9,01027b9a1d57eea5602fff802faa47bd553be20edb1bf036a529cad3a6b3e515,1,313,True,,,,,,,,,,,8700,8.7e-06,1883.2183908045977,0,0.0,
a77637c2-be04-4d14-b785-2074d94a3bd0,2003,AES-128,encrypt,cuda_optimized_v1,optimized,pipeline,pinned,ECB,16384,9,16384:ECB:9,01027b9a1d57eea5602fff802faa47bd553be20edb1bf036a529cad3a6b3e515,2,314,True,,334.6405209854975,88.89853499728703,4.896000027656555e-05,0.0001843,43400,48960.00027656555,42500,85900,184300,,,,,,
a77637c2-be04-4d14-b785-2074d94a3bd0,2003,AES-128,encrypt,cpu_software,software,transform,bytes,ECB,16384,9,16384:ECB:9,01027b9a1d57eea5602fff802faa47bd553be20edb1bf036a529cad3a6b3e515,3,315,True,,,,,,,,,,,57700,5.77e-05,283.95147313691507,0,0.0,
a77637c2-be04-4d14-b785-2074d94a3bd0,2003,AES-128,encrypt,cuda_ttable,ttable,pipeline,pinned,ECB,16384,9,16384:ECB:9,01027b9a1d57eea5602fff802faa47bd553be20edb1bf036a529cad3a6b3e515,4,316,True,,210.35333587323453,77.06491063029162,7.788799703121186e-05,0.0002126,42600,77887.99703121185,42400,85000,212600,,,,,,
a77637c2-be04-4d14-b785-2074d94a3bd0,2003,AES-128,encrypt,cuda_optimized_v1,optimized,resident,pinned,ECB,16384,9,16384:ECB:9,01027b9a1d57eea5602fff802faa47bd553be20edb1bf036a529cad3a6b3e515,5,317,True,1,321.60803715462237,,5.09440004825592e-05,,,50944.000482559204,,,,,,,,,50944.000482559204
a77637c2-be04-4d14-b785-2074d94a3bd0,2003,AES-128,encrypt,cuda_ttable,ttable,resident,pinned,ECB,16384,9,16384:ECB:9,01027b9a1d57eea5602fff802faa47bd553be20edb1bf036a529cad3a6b3e515,6,318,True,1,210.9600254216134,,7.766400277614594e-05,,,77664.00277614594,,,,,,,,,77664.00277614594
a77637c2-be04-4d14-b785-2074d94a3bd0,2003,AES-128,encrypt,cuda_baseline,baseline,pipeline,pinned,ECB,16384,9,16384:ECB:9,01027b9a1d57eea5602fff802faa47bd553be20edb1bf036a529cad3a6b3e515,7,319,True,,187.1344953095605,60.213156927600146,8.755200356245042e-05,0.0002721,43700,87552.00356245041,92500,136200,272100,,,,,,
a77637c2-be04-4d14-b785-2074d94a3bd0,2003,AES-128,encrypt,cuda_optimized_v1,optimized,pipeline,pinned,CTR,1048576,0,1048576:CTR:0,f32ee310add3f2ec53195cfc848f66da72675b218ba2e7d6e0ad15ca747650b8,0,320,True,,4291.813923440773,1216.5866109757512,0.00024432000517845155,0.0008619,245000,244320.00517845154,281700,526700,861900,,,,,,
a77637c2-be04-4d14-b785-2074d94a3bd0,2003,AES-128,encrypt,cpu_software,software,transform,bytes,CTR,1048576,0,1048576:CTR:0,f32ee310add3f2ec53195cfc848f66da72675b218ba2e7d6e0ad15ca747650b8,1,321,True,,,,,,,,,,,3958400,0.0039584,264.89894907033147,0,0.0,
a77637c2-be04-4d14-b785-2074d94a3bd0,2003,AES-128,encrypt,cuda_ttable,ttable,pipeline,pinned,CTR,1048576,0,1048576:CTR:0,f32ee310add3f2ec53195cfc848f66da72675b218ba2e7d6e0ad15ca747650b8,2,322,True,,1171.0385138203317,715.6049955640483,0.0008954240083694458,0.0014653,244100,895424.0083694458,237600,481700,1465300,,,,,,
a77637c2-be04-4d14-b785-2074d94a3bd0,2003,AES-128,encrypt,cpu_aesni,aesni,transform,bytes,CTR,1048576,0,1048576:CTR:0,f32ee310add3f2ec53195cfc848f66da72675b218ba2e7d6e0ad15ca747650b8,3,323,True,,,,,,,,,,,737700,0.0007377,1421.4124983055442,0,0.0,
a77637c2-be04-4d14-b785-2074d94a3bd0,2003,AES-128,encrypt,cuda_baseline,baseline,resident,pinned,CTR,1048576,0,1048576:CTR:0,f32ee310add3f2ec53195cfc848f66da72675b218ba2e7d6e0ad15ca747650b8,4,324,True,1,4241.26318111409,,0.0002472320050001144,,,247232.00500011444,,,,,,,,,247232.00500011444
a77637c2-be04-4d14-b785-2074d94a3bd0,2003,AES-128,encrypt,cuda_ttable,ttable,resident,pinned,CTR,1048576,0,1048576:CTR:0,f32ee310add3f2ec53195cfc848f66da72675b218ba2e7d6e0ad15ca747650b8,5,325,True,1,1226.3013800635283,,0.000855072021484375,,,855072.021484375,,,,,,,,,855072.021484375
a77637c2-be04-4d14-b785-2074d94a3bd0,2003,AES-128,encrypt,cuda_optimized_v1,optimized,resident,pinned,CTR,1048576,0,1048576:CTR:0,f32ee310add3f2ec53195cfc848f66da72675b218ba2e7d6e0ad15ca747650b8,6,326,True,1,6068.1479907461035,,0.0001728000044822693,,,172800.0044822693,,,,,,,,,172800.0044822693
a77637c2-be04-4d14-b785-2074d94a3bd0,2003,AES-128,encrypt,cuda_baseline,baseline,pipeline,pinned,CTR,1048576,0,1048576:CTR:0,f32ee310add3f2ec53195cfc848f66da72675b218ba2e7d6e0ad15ca747650b8,7,327,True,,6064.778905057669,1562.9393352213444,0.00017289599776268004,0.0006709,208700,172895.99776268005,235100,443800,670900,,,,,,
a77637c2-be04-4d14-b785-2074d94a3bd0,2003,AES-128,encrypt,cuda_ttable,ttable,resident,pinned,ECB,1048576,0,1048576:ECB:0,41cc5e283dc38e584daf2db19a3fc26a3bbf5f4e118eeef0a635f7f3b9a40894,0,328,True,1,1016.6293916755623,,0.001031424045562744,,,1031424.0455627441,,,,,,,,,1031424.0455627441
a77637c2-be04-4d14-b785-2074d94a3bd0,2003,AES-128,encrypt,cuda_optimized_v1,optimized,pipeline,pinned,ECB,1048576,0,1048576:ECB:0,41cc5e283dc38e584daf2db19a3fc26a3bbf5f4e118eeef0a635f7f3b9a40894,1,329,True,,4432.300716132244,1310.72,0.00023657600581645965,0.0008,239200,236576.00581645966,237100,476300,800000,,,,,,
a77637c2-be04-4d14-b785-2074d94a3bd0,2003,AES-128,encrypt,cuda_ttable,ttable,pipeline,pinned,ECB,1048576,0,1048576:ECB:0,41cc5e283dc38e584daf2db19a3fc26a3bbf5f4e118eeef0a635f7f3b9a40894,2,330,True,,1085.752162064201,677.4622044191756,0.0009657599925994873,0.0015478,239600,965759.9925994873,287900,527500,1547800,,,,,,
a77637c2-be04-4d14-b785-2074d94a3bd0,2003,AES-128,encrypt,cpu_aesni,aesni,transform,bytes,ECB,1048576,0,1048576:ECB:0,41cc5e283dc38e584daf2db19a3fc26a3bbf5f4e118eeef0a635f7f3b9a40894,3,331,True,,,,,,,,,,,610500,0.0006105,1717.5692055692057,0,0.0,
a77637c2-be04-4d14-b785-2074d94a3bd0,2003,AES-128,encrypt,cuda_baseline,baseline,resident,pinned,ECB,1048576,0,1048576:ECB:0,41cc5e283dc38e584daf2db19a3fc26a3bbf5f4e118eeef0a635f7f3b9a40894,4,332,True,1,4913.480435777982,,0.00021340799331665038,,,213407.9933166504,,,,,,,,,213407.9933166504
a77637c2-be04-4d14-b785-2074d94a3bd0,2003,AES-128,encrypt,cpu_software,software,transform,bytes,ECB,1048576,0,1048576:ECB:0,41cc5e283dc38e584daf2db19a3fc26a3bbf5f4e118eeef0a635f7f3b9a40894,5,333,True,,,,,,,,,,,3798500,0.0037985,276.050019744636,0,0.0,
a77637c2-be04-4d14-b785-2074d94a3bd0,2003,AES-128,encrypt,cuda_baseline,baseline,pipeline,pinned,ECB,1048576,0,1048576:ECB:0,41cc5e283dc38e584daf2db19a3fc26a3bbf5f4e118eeef0a635f7f3b9a40894,6,334,True,,4364.992604605624,1156.2200904179072,0.00024022400379180908,0.0009069,293300,240224.00379180908,276600,569900,906900,,,,,,
a77637c2-be04-4d14-b785-2074d94a3bd0,2003,AES-128,encrypt,cuda_optimized_v1,optimized,resident,pinned,ECB,1048576,0,1048576:ECB:0,41cc5e283dc38e584daf2db19a3fc26a3bbf5f4e118eeef0a635f7f3b9a40894,7,335,True,1,5085.04021080957,,0.0002062080055475235,,,206208.0055475235,,,,,,,,,206208.0055475235
a77637c2-be04-4d14-b785-2074d94a3bd0,2003,AES-128,encrypt,cpu_aesni,aesni,transform,bytes,ECB,1048576,1,1048576:ECB:1,c0534086ecccd8178038bf28675ec029e5282743eb8f6f557d3f01a073e1f0de,0,336,True,,,,,,,,,,,672400,0.0006724,1559.452706722189,0,0.0,
a77637c2-be04-4d14-b785-2074d94a3bd0,2003,AES-128,encrypt,cuda_baseline,baseline,pipeline,pinned,ECB,1048576,1,1048576:ECB:1,c0534086ecccd8178038bf28675ec029e5282743eb8f6f557d3f01a073e1f0de,1,337,True,,4584.860670892606,1083.9115154021088,0.00022870400547981263,0.0009674,278300,228704.00547981262,305700,584000,967400,,,,,,
a77637c2-be04-4d14-b785-2074d94a3bd0,2003,AES-128,encrypt,cuda_ttable,ttable,pipeline,pinned,ECB,1048576,1,1048576:ECB:1,c0534086ecccd8178038bf28675ec029e5282743eb8f6f557d3f01a073e1f0de,2,338,True,,1086.3641098300525,691.0346645577962,0.0009652159810066224,0.0015174,213000,965215.9810066223,232300,445300,1517400,,,,,,
a77637c2-be04-4d14-b785-2074d94a3bd0,2003,AES-128,encrypt,cuda_optimized_v1,optimized,resident,pinned,ECB,1048576,1,1048576:ECB:1,c0534086ecccd8178038bf28675ec029e5282743eb8f6f557d3f01a073e1f0de,3,339,True,1,5963.23912945019,,0.00017584000527858735,,,175840.00527858734,,,,,,,,,175840.00527858734
a77637c2-be04-4d14-b785-2074d94a3bd0,2003,AES-128,encrypt,cuda_optimized_v1,optimized,pipeline,pinned,ECB,1048576,1,1048576:ECB:1,c0534086ecccd8178038bf28675ec029e5282743eb8f6f557d3f01a073e1f0de,4,340,True,,6099.77670255148,1472.9259727489816,0.00017190399765968322,0.0007119,210300,171903.99765968323,229800,440100,711900,,,,,,
a77637c2-be04-4d14-b785-2074d94a3bd0,2003,AES-128,encrypt,cuda_baseline,baseline,resident,pinned,ECB,1048576,1,1048576:ECB:1,c0534086ecccd8178038bf28675ec029e5282743eb8f6f557d3f01a073e1f0de,5,341,True,1,6050.2217933500715,,0.0001733119934797287,,,173311.9934797287,,,,,,,,,173311.9934797287
a77637c2-be04-4d14-b785-2074d94a3bd0,2003,AES-128,encrypt,cpu_software,software,transform,bytes,ECB,1048576,1,1048576:ECB:1,c0534086ecccd8178038bf28675ec029e5282743eb8f6f557d3f01a073e1f0de,6,342,True,,,,,,,,,,,3879000,0.003879,270.3212168084558,0,0.0,
a77637c2-be04-4d14-b785-2074d94a3bd0,2003,AES-128,encrypt,cuda_ttable,ttable,resident,pinned,ECB,1048576,1,1048576:ECB:1,c0534086ecccd8178038bf28675ec029e5282743eb8f6f557d3f01a073e1f0de,7,343,True,1,1079.5282111768524,,0.0009713280200958252,,,971328.0200958252,,,,,,,,,971328.0200958252
a77637c2-be04-4d14-b785-2074d94a3bd0,2003,AES-128,encrypt,cpu_software,software,transform,bytes,CTR,1048576,1,1048576:CTR:1,16e43973d35ca654e924e33d5a78106fbe95aa9e7732d44294516bc8ef933905,0,344,True,,,,,,,,,,,4395500,0.0043955,238.5567057217609,0,0.0,
a77637c2-be04-4d14-b785-2074d94a3bd0,2003,AES-128,encrypt,cuda_ttable,ttable,resident,pinned,CTR,1048576,1,1048576:CTR:1,16e43973d35ca654e924e33d5a78106fbe95aa9e7732d44294516bc8ef933905,1,345,True,1,1186.9453613790065,,0.0008834239840507508,,,883423.9840507507,,,,,,,,,883423.9840507507
a77637c2-be04-4d14-b785-2074d94a3bd0,2003,AES-128,encrypt,cpu_aesni,aesni,transform,bytes,CTR,1048576,1,1048576:CTR:1,16e43973d35ca654e924e33d5a78106fbe95aa9e7732d44294516bc8ef933905,2,346,True,,,,,,,,,,,799500,0.0007995,1311.5397123202001,0,0.0,
a77637c2-be04-4d14-b785-2074d94a3bd0,2003,AES-128,encrypt,cuda_ttable,ttable,pipeline,pinned,CTR,1048576,1,1048576:CTR:1,16e43973d35ca654e924e33d5a78106fbe95aa9e7732d44294516bc8ef933905,3,347,True,,1181.6805213805203,686.2408376963351,0.0008873599767684937,0.001528,262700,887359.9767684937,270300,533000,1528000,,,,,,
a77637c2-be04-4d14-b785-2074d94a3bd0,2003,AES-128,encrypt,cuda_baseline,baseline,pipeline,pinned,CTR,1048576,1,1048576:CTR:1,16e43973d35ca654e924e33d5a78106fbe95aa9e7732d44294516bc8ef933905,4,348,True,,4398.9796446611235,1226.6916237716425,0.00023836800456047058,0.0008548,259600,238368.00456047058,250700,510300,854800,,,,,,
a77637c2-be04-4d14-b785-2074d94a3bd0,2003,AES-128,encrypt,cuda_optimized_v1,optimized,resident,pinned,CTR,1048576,1,1048576:CTR:1,16e43973d35ca654e924e33d5a78106fbe95aa9e7732d44294516bc8ef933905,5,349,True,1,5422.472150301251,,0.00019337600469589234,,,193376.00469589233,,,,,,,,,193376.00469589233
a77637c2-be04-4d14-b785-2074d94a3bd0,2003,AES-128,encrypt,cuda_optimized_v1,optimized,pipeline,pinned,CTR,1048576,1,1048576:CTR:1,16e43973d35ca654e924e33d5a78106fbe95aa9e7732d44294516bc8ef933905,6,350,True,,5729.673011786629,1547.9421316799528,0.00018300800025463105,0.0006774,207300,183008.00025463104,223300,430600,677400,,,,,,
a77637c2-be04-4d14-b785-2074d94a3bd0,2003,AES-128,encrypt,cuda_baseline,baseline,resident,pinned,CTR,1048576,1,1048576:CTR:1,16e43973d35ca654e924e33d5a78106fbe95aa9e7732d44294516bc8ef933905,7,351,True,1,4568.878891751088,,0.00022950400412082673,,,229504.00412082672,,,,,,,,,229504.00412082672
a77637c2-be04-4d14-b785-2074d94a3bd0,2003,AES-128,encrypt,cuda_baseline,baseline,resident,pinned,ECB,1048576,2,1048576:ECB:2,8ea72f8f224f3d5815140d87dcbce24558742e3f611317167267231c3a9c2d6f,0,352,True,1,4943.874339581166,,0.0002120960056781769,,,212096.00567817688,,,,,,,,,212096.00567817688
a77637c2-be04-4d14-b785-2074d94a3bd0,2003,AES-128,encrypt,cuda_ttable,ttable,resident,pinned,ECB,1048576,2,1048576:ECB:2,8ea72f8f224f3d5815140d87dcbce24558742e3f611317167267231c3a9c2d6f,1,353,True,1,658.9711859136884,,0.0015912319421768188,,,1591231.9421768188,,,,,,,,,1591231.9421768188
a77637c2-be04-4d14-b785-2074d94a3bd0,2003,AES-128,encrypt,cpu_aesni,aesni,transform,bytes,ECB,1048576,2,1048576:ECB:2,8ea72f8f224f3d5815140d87dcbce24558742e3f611317167267231c3a9c2d6f,2,354,True,,,,,,,,,,,639400,0.0006394,1639.937441351267,0,0.0,
a77637c2-be04-4d14-b785-2074d94a3bd0,2003,AES-128,encrypt,cuda_optimized_v1,optimized,pipeline,pinned,ECB,1048576,2,1048576:ECB:2,8ea72f8f224f3d5815140d87dcbce24558742e3f611317167267231c3a9c2d6f,3,355,True,,4782.951547548227,1363.3805746976986,0.0002192319929599762,0.0007691,247800,219231.9929599762,229600,477400,769100,,,,,,
a77637c2-be04-4d14-b785-2074d94a3bd0,2003,AES-128,encrypt,cuda_baseline,baseline,pipeline,pinned,ECB,1048576,2,1048576:ECB:2,8ea72f8f224f3d5815140d87dcbce24558742e3f611317167267231c3a9c2d6f,4,356,True,,6245.092268084933,1646.3746271000157,0.00016790400445461273,0.0006369,207900,167904.00445461273,206000,413900,636900,,,,,,
a77637c2-be04-4d14-b785-2074d94a3bd0,2003,AES-128,encrypt,cpu_software,software,transform,bytes,ECB,1048576,2,1048576:ECB:2,8ea72f8f224f3d5815140d87dcbce24558742e3f611317167267231c3a9c2d6f,5,357,True,,,,,,,,,,,3846100,0.0038461,272.6335768700762,0,0.0,
a77637c2-be04-4d14-b785-2074d94a3bd0,2003,AES-128,encrypt,cuda_optimized_v1,optimized,resident,pinned,ECB,1048576,2,1048576:ECB:2,8ea72f8f224f3d5815140d87dcbce24558742e3f611317167267231c3a9c2d6f,6,358,True,1,4890.746418763231,,0.0002143999934196472,,,214399.99341964722,,,,,,,,,214399.99341964722
a77637c2-be04-4d14-b785-2074d94a3bd0,2003,AES-128,encrypt,cuda_ttable,ttable,pipeline,pinned,ECB,1048576,2,1048576:ECB:2,8ea72f8f224f3d5815140d87dcbce24558742e3f611317167267231c3a9c2d6f,7,359,True,,1090.7396270106733,734.760002802887,0.0009613440036773681,0.0014271,209900,961344.0036773682,202300,412200,1427100,,,,,,
a77637c2-be04-4d14-b785-2074d94a3bd0,2003,AES-128,encrypt,cuda_optimized_v1,optimized,pipeline,pinned,CTR,1048576,2,1048576:CTR:2,89a58d36ccfa3896c6476fe4b5e962267fd65c2372d5ea627d48b23e8f43f29e,0,360,True,,4325.808483424149,1255.3286244463068,0.00024240000545978547,0.0008353,244500,242400.00545978546,251800,496300,835300,,,,,,
a77637c2-be04-4d14-b785-2074d94a3bd0,2003,AES-128,encrypt,cuda_baseline,baseline,resident,pinned,CTR,1048576,2,1048576:CTR:2,89a58d36ccfa3896c6476fe4b5e962267fd65c2372d5ea627d48b23e8f43f29e,1,361,True,1,4318.9667694266445,,0.00024278399348258973,,,242783.99348258972,,,,,,,,,242783.99348258972
a77637c2-be04-4d14-b785-2074d94a3bd0,2003,AES-128,encrypt,cuda_baseline,baseline,pipeline,pinned,CTR,1048576,2,1048576:CTR:2,89a58d36ccfa3896c6476fe4b5e962267fd65c2372d5ea627d48b23e8f43f29e,2,362,True,,6059.171372445666,1640.450563204005,0.0001730560064315796,0.0006392,206500,173056.0064315796,205900,412400,639200,,,,,,
a77637c2-be04-4d14-b785-2074d94a3bd0,2003,AES-128,encrypt,cpu_software,software,transform,bytes,CTR,1048576,2,1048576:CTR:2,89a58d36ccfa3896c6476fe4b5e962267fd65c2372d5ea627d48b23e8f43f29e,3,363,True,,,,,,,,,,,4157500,0.0041575,252.2131088394468,15625000,3.7582681900180397,
a77637c2-be04-4d14-b785-2074d94a3bd0,2003,AES-128,encrypt,cuda_optimized_v1,optimized,resident,pinned,CTR,1048576,2,1048576:CTR:2,89a58d36ccfa3896c6476fe4b5e962267fd65c2372d5ea627d48b23e8f43f29e,4,364,True,1,5661.368509828648,,0.00018521599471569062,,,185215.9947156906,,,,,,,,,185215.9947156906
a77637c2-be04-4d14-b785-2074d94a3bd0,2003,AES-128,encrypt,cpu_aesni,aesni,transform,bytes,CTR,1048576,2,1048576:CTR:2,89a58d36ccfa3896c6476fe4b5e962267fd65c2372d5ea627d48b23e8f43f29e,5,365,True,,,,,,,,,,,862700,0.0008627,1215.4584444186855,0,0.0,
a77637c2-be04-4d14-b785-2074d94a3bd0,2003,AES-128,encrypt,cuda_ttable,ttable,pipeline,pinned,CTR,1048576,2,1048576:CTR:2,89a58d36ccfa3896c6476fe4b5e962267fd65c2372d5ea627d48b23e8f43f29e,6,366,True,,1171.7504065093003,713.365535070413,0.0008948799967765808,0.0014699,241100,894879.9967765808,243100,484200,1469900,,,,,,
a77637c2-be04-4d14-b785-2074d94a3bd0,2003,AES-128,encrypt,cuda_ttable,ttable,resident,pinned,CTR,1048576,2,1048576:CTR:2,89a58d36ccfa3896c6476fe4b5e962267fd65c2372d5ea627d48b23e8f43f29e,7,367,True,1,1269.0937210186087,,0.0008262400031089782,,,826240.0031089783,,,,,,,,,826240.0031089783
a77637c2-be04-4d14-b785-2074d94a3bd0,2003,AES-128,encrypt,cpu_aesni,aesni,transform,bytes,ECB,1048576,3,1048576:ECB:3,86efcd33b88fb204d8c9d9be2553586df49ba93087378fceaa44f19fab489671,0,368,True,,,,,,,,,,,639800,0.0006398,1638.9121600500157,0,0.0,
a77637c2-be04-4d14-b785-2074d94a3bd0,2003,AES-128,encrypt,cuda_optimized_v1,optimized,resident,pinned,ECB,1048576,3,1048576:ECB:3,86efcd33b88fb204d8c9d9be2553586df49ba93087378fceaa44f19fab489671,1,369,True,1,6082.792122956022,,0.00017238399386405946,,,172383.99386405945,,,,,,,,,172383.99386405945
a77637c2-be04-4d14-b785-2074d94a3bd0,2003,AES-128,encrypt,cuda_baseline,baseline,pipeline,pinned,ECB,1048576,3,1048576:ECB:3,86efcd33b88fb204d8c9d9be2553586df49ba93087378fceaa44f19fab489671,2,370,True,,6157.083789428001,1627.7180999689538,0.00017030400037765502,0.0006442,209100,170304.00037765503,207700,416800,644200,,,,,,
a77637c2-be04-4d14-b785-2074d94a3bd0,2003,AES-128,encrypt,cuda_ttable,ttable,resident,pinned,ECB,1048576,3,1048576:ECB:3,86efcd33b88fb204d8c9d9be2553586df49ba93087378fceaa44f19fab489671,3,371,True,1,1090.7759441071285,,0.0009613119959831237,,,961311.9959831238,,,,,,,,,961311.9959831238
a77637c2-be04-4d14-b785-2074d94a3bd0,2003,AES-128,encrypt,cuda_ttable,ttable,pipeline,pinned,ECB,1048576,3,1048576:ECB:3,86efcd33b88fb204d8c9d9be2553586df49ba93087378fceaa44f19fab489671,4,372,True,,1090.449244867297,734.4512152412972,0.0009616000056266784,0.0014277,208100,961600.0056266785,203600,411700,1427700,,,,,,
a77637c2-be04-4d14-b785-2074d94a3bd0,2003,AES-128,encrypt,cpu_software,software,transform,bytes,ECB,1048576,3,1048576:ECB:3,86efcd33b88fb204d8c9d9be2553586df49ba93087378fceaa44f19fab489671,5,373,True,,,,,,,,,,,3970400,0.0039704,264.09832762442073,15625000,3.9353717509570822,
a77637c2-be04-4d14-b785-2074d94a3bd0,2003,AES-128,encrypt,cuda_optimized_v1,optimized,pipeline,pinned,ECB,1048576,3,1048576:ECB:3,86efcd33b88fb204d8c9d9be2553586df49ba93087378fceaa44f19fab489671,6,374,True,,6165.19262848694,1580.8472787577266,0.00017008000612258911,0.0006633,212100,170080.0061225891,219800,431900,663300,,,,,,
a77637c2-be04-4d14-b785-2074d94a3bd0,2003,AES-128,encrypt,cuda_baseline,baseline,resident,pinned,ECB,1048576,3,1048576:ECB:3,86efcd33b88fb204d8c9d9be2553586df49ba93087378fceaa44f19fab489671,7,375,True,1,6144.3841821557335,,0.0001706559956073761,,,170655.9956073761,,,,,,,,,170655.9956073761
a77637c2-be04-4d14-b785-2074d94a3bd0,2003,AES-128,encrypt,cuda_baseline,baseline,pipeline,pinned,CTR,1048576,3,1048576:CTR:3,c1ff363673794d86098d934e33abc03354ca86906aae56d3947eb3999dc23b1a,0,376,True,,4287.882763138784,1277.0381195956643,0.00024454399943351745,0.0008211,243400,244543.99943351746,241400,484800,821100,,,,,,
a77637c2-be04-4d14-b785-2074d94a3bd0,2003,AES-128,encrypt,cuda_ttable,ttable,pipeline,pinned,CTR,1048576,3,1048576:CTR:3,c1ff363673794d86098d934e33abc03354ca86906aae56d3947eb3999dc23b1a,1,377,True,,1195.083663423653,732.6551145891559,0.0008774080276489258,0.0014312,222000,877408.0276489258,235600,457600,1431200,,,,,,
a77637c2-be04-4d14-b785-2074d94a3bd0,2003,AES-128,encrypt,cuda_optimized_v1,optimized,resident,pinned,CTR,1048576,3,1048576:CTR:3,c1ff363673794d86098d934e33abc03354ca86906aae56d3947eb3999dc23b1a,2,378,True,1,5967.58317198556,,0.0001757120043039322,,,175712.0043039322,,,,,,,,,175712.0043039322
a77637c2-be04-4d14-b785-2074d94a3bd0,2003,AES-128,encrypt,cuda_baseline,baseline,resident,pinned,CTR,1048576,3,1048576:CTR:3,c1ff363673794d86098d934e33abc03354ca86906aae56d3947eb3999dc23b1a,3,379,True,1,6033.511164695416,,0.00017379200458526612,,,173792.0045852661,,,,,,,,,173792.0045852661
a77637c2-be04-4d14-b785-2074d94a3bd0,2003,AES-128,encrypt,cuda_optimized_v1,optimized,pipeline,pinned,CTR,1048576,3,1048576:CTR:3,c1ff363673794d86098d934e33abc03354ca86906aae56d3947eb3999dc23b1a,4,380,True,,5982.837289229306,1634.8238228874338,0.00017526400089263916,0.0006414,208200,175264.00089263916,203100,411300,641400,,,,,,
a77637c2-be04-4d14-b785-2074d94a3bd0,2003,AES-128,encrypt,cpu_software,software,transform,bytes,CTR,1048576,3,1048576:CTR:3,c1ff363673794d86098d934e33abc03354ca86906aae56d3947eb3999dc23b1a,5,381,True,,,,,,,,,,,4079400,0.0040794,257.0417218218365,0,0.0,
a77637c2-be04-4d14-b785-2074d94a3bd0,2003,AES-128,encrypt,cuda_ttable,ttable,resident,pinned,CTR,1048576,3,1048576:CTR:3,c1ff363673794d86098d934e33abc03354ca86906aae56d3947eb3999dc23b1a,6,382,True,1,1272.346086366882,,0.0008241279721260071,,,824127.9721260071,,,,,,,,,824127.9721260071
a77637c2-be04-4d14-b785-2074d94a3bd0,2003,AES-128,encrypt,cpu_aesni,aesni,transform,bytes,CTR,1048576,3,1048576:CTR:3,c1ff363673794d86098d934e33abc03354ca86906aae56d3947eb3999dc23b1a,7,383,True,,,,,,,,,,,794900,0.0007949,1319.1294502453138,0,0.0,
a77637c2-be04-4d14-b785-2074d94a3bd0,2003,AES-128,encrypt,cuda_baseline,baseline,pipeline,pinned,ECB,1048576,4,1048576:ECB:4,e0587401b3ff4c86168878a3693c06dafa0c54db716364e6e1a5192a4f131104,0,384,True,,5178.2551917709825,1255.178357672971,0.0002024960070848465,0.0008354,245900,202496.0070848465,295400,541300,835400,,,,,,
a77637c2-be04-4d14-b785-2074d94a3bd0,2003,AES-128,encrypt,cuda_optimized_v1,optimized,resident,pinned,ECB,1048576,4,1048576:ECB:4,e0587401b3ff4c86168878a3693c06dafa0c54db716364e6e1a5192a4f131104,1,385,True,1,4400.75214853432,,0.00023827199637889863,,,238271.99637889862,,,,,,,,,238271.99637889862
a77637c2-be04-4d14-b785-2074d94a3bd0,2003,AES-128,encrypt,cpu_aesni,aesni,transform,bytes,ECB,1048576,4,1048576:ECB:4,e0587401b3ff4c86168878a3693c06dafa0c54db716364e6e1a5192a4f131104,2,386,True,,,,,,,,,,,622600,0.0006226,1684.1888853196274,0,0.0,
a77637c2-be04-4d14-b785-2074d94a3bd0,2003,AES-128,encrypt,cuda_baseline,baseline,resident,pinned,ECB,1048576,4,1048576:ECB:4,e0587401b3ff4c86168878a3693c06dafa0c54db716364e6e1a5192a4f131104,3,387,True,1,4897.324794863987,,0.00021411199867725372,,,214111.99867725372,,,,,,,,,214111.99867725372
a77637c2-be04-4d14-b785-2074d94a3bd0,2003,AES-128,encrypt,cpu_software,software,transform,bytes,ECB,1048576,4,1048576:ECB:4,e0587401b3ff4c86168878a3693c06dafa0c54db716364e6e1a5192a4f131104,4,388,True,,,,,,,,,,,3878100,0.0038781,270.3839509037931,15625000,4.029034836646812,
a77637c2-be04-4d14-b785-2074d94a3bd0,2003,AES-128,encrypt,cuda_optimized_v1,optimized,pipeline,pinned,ECB,1048576,4,1048576:ECB:4,e0587401b3ff4c86168878a3693c06dafa0c54db716364e6e1a5192a4f131104,5,389,True,,5988.303849905936,1491.7854602361645,0.00017510400712490083,0.0007029,214100,175104.00712490082,255400,469500,702900,,,,,,
a77637c2-be04-4d14-b785-2074d94a3bd0,2003,AES-128,encrypt,cuda_ttable,ttable,resident,pinned,ECB,1048576,4,1048576:ECB:4,e0587401b3ff4c86168878a3693c06dafa0c54db716364e6e1a5192a4f131104,6,390,True,1,1086.148002178447,,0.0009654080271720886,,,965408.0271720886,,,,,,,,,965408.0271720886
a77637c2-be04-4d14-b785-2074d94a3bd0,2003,AES-128,encrypt,cuda_ttable,ttable,pipeline,pinned,ECB,1048576,4,1048576:ECB:4,e0587401b3ff4c86168878a3693c06dafa0c54db716364e6e1a5192a4f131104,7,391,True,,1017.1974658460713,655.8929129918058,0.0010308480262756347,0.0015987,238600,1030848.0262756348,243500,482100,1598700,,,,,,
a77637c2-be04-4d14-b785-2074d94a3bd0,2003,AES-128,encrypt,cuda_ttable,ttable,pipeline,pinned,CTR,1048576,4,1048576:CTR:4,70f364b9f37f85730f60f8e74fd4bc14fff847d8be4c347ea29b4b01f74fe418,0,392,True,,1169.6173981019183,686.6452753585227,0.000896511971950531,0.0015271,246500,896511.971950531,291500,538000,1527100,,,,,,
a77637c2-be04-4d14-b785-2074d94a3bd0,2003,AES-128,encrypt,cpu_aesni,aesni,transform,bytes,CTR,1048576,4,1048576:CTR:4,70f364b9f37f85730f60f8e74fd4bc14fff847d8be4c347ea29b4b01f74fe418,1,393,True,,,,,,,,,,,791200,0.0007912,1325.298281092012,0,0.0,
a77637c2-be04-4d14-b785-2074d94a3bd0,2003,AES-128,encrypt,cuda_baseline,baseline,pipeline,pinned,CTR,1048576,4,1048576:CTR:4,70f364b9f37f85730f60f8e74fd4bc14fff847d8be4c347ea29b4b01f74fe418,2,394,True,,4254.479370646494,1257.4361434224727,0.00024646399915218356,0.0008339,249900,246463.99915218353,243700,493600,833900,,,,,,
a77637c2-be04-4d14-b785-2074d94a3bd0,2003,AES-128,encrypt,cuda_ttable,ttable,resident,pinned,CTR,1048576,4,1048576:CTR:4,70f364b9f37f85730f60f8e74fd4bc14fff847d8be4c347ea29b4b01f74fe418,3,395,True,1,1173.17679167256,,0.0008937919735908509,,,893791.9735908508,,,,,,,,,893791.9735908508
a77637c2-be04-4d14-b785-2074d94a3bd0,2003,AES-128,encrypt,cuda_optimized_v1,optimized,resident,pinned,CTR,1048576,4,1048576:CTR:4,70f364b9f37f85730f60f8e74fd4bc14fff847d8be4c347ea29b4b01f74fe418,4,396,True,1,6009.169435271799,,0.00017449599504470824,,,174495.99504470825,,,,,,,,,174495.99504470825
a77637c2-be04-4d14-b785-2074d94a3bd0,2003,AES-128,encrypt,cuda_optimized_v1,optimized,pipeline,pinned,CTR,1048576,4,1048576:CTR:4,70f364b9f37f85730f60f8e74fd4bc14fff847d8be4c347ea29b4b01f74fe418,5,397,True,,6051.338849520287,1647.4092694422625,0.0001732800006866455,0.0006365,206600,173280.0006866455,203000,409600,636500,,,,,,
a77637c2-be04-4d14-b785-2074d94a3bd0,2003,AES-128,encrypt,cpu_software,software,transform,bytes,CTR,1048576,4,1048576:CTR:4,70f364b9f37f85730f60f8e74fd4bc14fff847d8be4c347ea29b4b01f74fe418,6,398,True,,,,,,,,,,,4665900,0.0046659,224.731777363424,15625000,3.348764439872265,
a77637c2-be04-4d14-b785-2074d94a3bd0,2003,AES-128,encrypt,cuda_baseline,baseline,resident,pinned,CTR,1048576,4,1048576:CTR:4,70f364b9f37f85730f60f8e74fd4bc14fff847d8be4c347ea29b4b01f74fe418,7,399,True,1,6030.18041998501,,0.00017388799786567687,,,173887.99786567688,,,,,,,,,173887.99786567688
a77637c2-be04-4d14-b785-2074d94a3bd0,2003,AES-128,encrypt,cuda_ttable,ttable,pipeline,pinned,CTR,1048576,5,1048576:CTR:5,0c5b054d41392beb3908af99417b4b2f84e385e5cf6ff86b3d4000eb1d5d085f,0,400,True,,1146.9774994378945,704.830274921019,0.0009142079949378967,0.0014877,243300,914207.9949378967,238500,481800,1487700,,,,,,
a77637c2-be04-4d14-b785-2074d94a3bd0,2003,AES-128,encrypt,cpu_aesni,aesni,transform,bytes,CTR,1048576,5,1048576:CTR:5,0c5b054d41392beb3908af99417b4b2f84e385e5cf6ff86b3d4000eb1d5d085f,1,401,True,,,,,,,,,,,793600,0.0007936,1321.2903225806451,0,0.0,
a77637c2-be04-4d14-b785-2074d94a3bd0,2003,AES-128,encrypt,cpu_software,software,transform,bytes,CTR,1048576,5,1048576:CTR:5,0c5b054d41392beb3908af99417b4b2f84e385e5cf6ff86b3d4000eb1d5d085f,2,402,True,,,,,,,,,,,3990900,0.0039909,262.7417374527049,0,0.0,
a77637c2-be04-4d14-b785-2074d94a3bd0,2003,AES-128,encrypt,cuda_optimized_v1,optimized,resident,pinned,CTR,1048576,5,1048576:CTR:5,0c5b054d41392beb3908af99417b4b2f84e385e5cf6ff86b3d4000eb1d5d085f,3,403,True,1,4163.659542640374,,0.0002518399953842163,,,251839.9953842163,,,,,,,,,251839.9953842163
a77637c2-be04-4d14-b785-2074d94a3bd0,2003,AES-128,encrypt,cuda_ttable,ttable,resident,pinned,CTR,1048576,5,1048576:CTR:5,0c5b054d41392beb3908af99417b4b2f84e385e5cf6ff86b3d4000eb1d5d085f,4,404,True,1,1169.2417724364004,,0.0008967999815940857,,,896799.9815940857,,,,,,,,,896799.9815940857
a77637c2-be04-4d14-b785-2074d94a3bd0,2003,AES-128,encrypt,cuda_optimized_v1,optimized,pipeline,pinned,CTR,1048576,5,1048576:CTR:5,0c5b054d41392beb3908af99417b4b2f84e385e5cf6ff86b3d4000eb1d5d085f,5,405,True,,4978.426141049812,1402.027008958417,0.00021062399446964263,0.0007479,242600,210623.99446964264,203300,445900,747900,,,,,,
a77637c2-be04-4d14-b785-2074d94a3bd0,2003,AES-128,encrypt,cuda_baseline,baseline,pipeline,pinned,CTR,1048576,5,1048576:CTR:5,0c5b054d41392beb3908af99417b4b2f84e385e5cf6ff86b3d4000eb1d5d085f,6,406,True,,6090.706333535697,1652.8625472887768,0.00017215999960899352,0.0006344,206300,172159.99960899353,203100,409400,634400,,,,,,
a77637c2-be04-4d14-b785-2074d94a3bd0,2003,AES-128,encrypt,cuda_baseline,baseline,resident,pinned,CTR,1048576,5,1048576:CTR:5,0c5b054d41392beb3908af99417b4b2f84e385e5cf6ff86b3d4000eb1d5d085f,7,407,True,1,6058.051422958453,,0.00017308799922466277,,,173087.99922466278,,,,,,,,,173087.99922466278
a77637c2-be04-4d14-b785-2074d94a3bd0,2003,AES-128,encrypt,cpu_aesni,aesni,transform,bytes,ECB,1048576,5,1048576:ECB:5,11265b85045e7d2416857aa00b1287969a6cb91b5bff8fde86f70ed95e5fadbb,0,408,True,,,,,,,,,,,589800,0.0005898,1777.8501186842998,0,0.0,
a77637c2-be04-4d14-b785-2074d94a3bd0,2003,AES-128,encrypt,cuda_ttable,ttable,pipeline,pinned,ECB,1048576,5,1048576:ECB:5,11265b85045e7d2416857aa00b1287969a6cb91b5bff8fde86f70ed95e5fadbb,1,409,True,,1019.4126782731221,634.9234029669997,0.001028607964515686,0.0016515,242400,1028607.964515686,288300,530700,1651500,,,,,,
a77637c2-be04-4d14-b785-2074d94a3bd0,2003,AES-128,encrypt,cuda_baseline,baseline,resident,pinned,ECB,1048576,5,1048576:ECB:5,11265b85045e7d2416857aa00b1287969a6cb91b5bff8fde86f70ed95e5fadbb,2,410,True,1,4429.903888045889,,0.0002367040067911148,,,236704.0067911148,,,,,,,,,236704.0067911148
a77637c2-be04-4d14-b785-2074d94a3bd0,2003,AES-128,encrypt,cuda_baseline,baseline,pipeline,pinned,ECB,1048576,5,1048576:ECB:5,11265b85045e7d2416857aa00b1287969a6cb91b5bff8fde86f70ed95e5fadbb,3,411,True,,5202.921568211172,1436.9960257640125,0.00020153599977493287,0.0007297,239600,201535.99977493286,202900,442500,729700,,,,,,
a77637c2-be04-4d14-b785-2074d94a3bd0,2003,AES-128,encrypt,cpu_software,software,transform,bytes,ECB,1048576,5,1048576:ECB:5,11265b85045e7d2416857aa00b1287969a6cb91b5bff8fde86f70ed95e5fadbb,4,412,True,,,,,,,,,,,3906900,0.0039069,268.3907957715836,15625000,3.9993345107374134,
a77637c2-be04-4d14-b785-2074d94a3bd0,2003,AES-128,encrypt,cuda_optimized_v1,optimized,resident,pinned,ECB,1048576,5,1048576:ECB:5,11265b85045e7d2416857aa00b1287969a6cb91b5bff8fde86f70ed95e5fadbb,5,413,True,1,5182.350190816847,,0.00020233599841594697,,,202335.99841594696,,,,,,,,,202335.99841594696
a77637c2-be04-4d14-b785-2074d94a3bd0,2003,AES-128,encrypt,cuda_ttable,ttable,resident,pinned,ECB,1048576,5,1048576:ECB:5,11265b85045e7d2416857aa00b1287969a6cb91b5bff8fde86f70ed95e5fadbb,6,414,True,1,1089.108261454785,,0.0009627839922904968,,,962783.9922904968,,,,,,,,,962783.9922904968
a77637c2-be04-4d14-b785-2074d94a3bd0,2003,AES-128,encrypt,cuda_optimized_v1,optimized,pipeline,pinned,ECB,1048576,5,1048576:ECB:5,11265b85045e7d2416857aa00b1287969a6cb91b5bff8fde86f70ed95e5fadbb,7,415,True,,6177.979029760269,1652.8625472887768,0.00016972799599170686,0.0006344,207800,169727.99599170685,203700,411500,634400,,,,,,
a77637c2-be04-4d14-b785-2074d94a3bd0,2003,AES-128,encrypt,cuda_baseline,baseline,resident,pinned,ECB,1048576,6,1048576:ECB:6,705d090a7d0abcaa379dea907c79303c30352d91d0be40cdfab13bd2b775d6d2,0,416,True,1,4190.817400716829,,0.0002502079904079437,,,250207.99040794373,,,,,,,,,250207.99040794373
a77637c2-be04-4d14-b785-2074d94a3bd0,2003,AES-128,encrypt,cuda_ttable,ttable,resident,pinned,ECB,1048576,6,1048576:ECB:6,705d090a7d0abcaa379dea907c79303c30352d91d0be40cdfab13bd2b775d6d2,1,417,True,1,1089.144469995291,,0.0009627519845962525,,,962751.9845962524,,,,,,,,,962751.9845962524
a77637c2-be04-4d14-b785-2074d94a3bd0,2003,AES-128,encrypt,cpu_aesni,aesni,transform,bytes,ECB,1048576,6,1048576:ECB:6,705d090a7d0abcaa379dea907c79303c30352d91d0be40cdfab13bd2b775d6d2,2,418,True,,,,,,,,,,,633600,0.0006336,1654.949494949495,0,0.0,
a77637c2-be04-4d14-b785-2074d94a3bd0,2003,AES-128,encrypt,cuda_baseline,baseline,pipeline,pinned,ECB,1048576,6,1048576:ECB:6,705d090a7d0abcaa379dea907c79303c30352d91d0be40cdfab13bd2b775d6d2,3,419,True,,6179.143764350631,1649.2230261088393,0.00016969600319862365,0.0006358,207800,169696.00319862366,204500,412300,635800,,,,,,
a77637c2-be04-4d14-b785-2074d94a3bd0,2003,AES-128,encrypt,cuda_ttable,ttable,pipeline,pinned,ECB,1048576,6,1048576:ECB:6,705d090a7d0abcaa379dea907c79303c30352d91d0be40cdfab13bd2b775d6d2,4,420,True,,1088.13174199353,733.6803806325217,0.0009636480212211609,0.0014292,207400,963648.0212211609,205300,412700,1429200,,,,,,
a77637c2-be04-4d14-b785-2074d94a3bd0,2003,AES-128,encrypt,cpu_software,software,transform,bytes,ECB,1048576,6,1048576:ECB:6,705d090a7d0abcaa379dea907c79303c30352d91d0be40cdfab13bd2b775d6d2,5,421,True,,,,,,,,,,,3759100,0.0037591,278.9433641031098,0,0.0,
a77637c2-be04-4d14-b785-2074d94a3bd0,2003,AES-128,encrypt,cuda_optimized_v1,optimized,resident,pinned,ECB,1048576,6,1048576:ECB:6,705d090a7d0abcaa379dea907c79303c30352d91d0be40cdfab13bd2b775d6d2,6,422,True,1,6172.160312876661,,0.00016988800466060638,,,169888.00466060638,,,,,,,,,169888.00466060638
a77637c2-be04-4d14-b785-2074d94a3bd0,2003,AES-128,encrypt,cuda_optimized_v1,optimized,pipeline,pinned,ECB,1048576,6,1048576:ECB:6,705d090a7d0abcaa379dea907c79303c30352d91d0be40cdfab13bd2b775d6d2,7,423,True,,5138.466447279175,1246.9687239862053,0.00020406399667263032,0.0008409,296800,204063.9966726303,281000,577800,840900,,,,,,
a77637c2-be04-4d14-b785-2074d94a3bd0,2003,AES-128,encrypt,cuda_baseline,baseline,pipeline,pinned,CTR,1048576,6,1048576:CTR:6,53e1d80cd5f348830679cae418e6bf90145b5774a34c621019a4c77182df8b51,0,424,True,,4073.08886285595,1292.30465861474,0.0002574400007724762,0.0008114,242500,257440.0007724762,238800,481300,811400,,,,,,
a77637c2-be04-4d14-b785-2074d94a3bd0,2003,AES-128,encrypt,cuda_baseline,baseline,resident,pinned,CTR,1048576,6,1048576:CTR:6,53e1d80cd5f348830679cae418e6bf90145b5774a34c621019a4c77182df8b51,1,425,True,1,5050.554837262147,,0.00020761600136756897,,,207616.00136756897,,,,,,,,,207616.00136756897
a77637c2-be04-4d14-b785-2074d94a3bd0,2003,AES-128,encrypt,cuda_optimized_v1,optimized,resident,pinned,CTR,1048576,6,1048576:CTR:6,53e1d80cd5f348830679cae418e6bf90145b5774a34c621019a4c77182df8b51,2,426,True,1,5053.670564149941,,0.0002074880003929138,,,207488.00039291382,,,,,,,,,207488.00039291382
a77637c2-be04-4d14-b785-2074d94a3bd0,2003,AES-128,encrypt,cuda_ttable,ttable,pipeline,pinned,CTR,1048576,6,1048576:CTR:6,53e1d80cd5f348830679cae418e6bf90145b5774a34c621019a4c77182df8b51,3,427,True,,1263.3689183089677,782.1108376221376,0.0008299840092658997,0.0013407,208100,829984.0092658997,248500,456600,1340700,,,,,,
a77637c2-be04-4d14-b785-2074d94a3bd0,2003,AES-128,encrypt,cuda_optimized_v1,optimized,pipeline,pinned,CTR,1048576,6,1048576:CTR:6,53e1d80cd5f348830679cae418e6bf90145b5774a34c621019a4c77182df8b51,4,428,True,,5927.640903192829,1643.2784829963955,0.00017689600586891176,0.0006381,206500,176896.00586891174,202100,408600,638100,,,,,,
a77637c2-be04-4d14-b785-2074d94a3bd0,2003,AES-128,encrypt,cpu_software,software,transform,bytes,CTR,1048576,6,1048576:CTR:6,53e1d80cd5f348830679cae418e6bf90145b5774a34c621019a4c77182df8b51,5,429,True,,,,,,,,,,,3978300,0.0039783,263.57388834426763,0,0.0,
a77637c2-be04-4d14-b785-2074d94a3bd0,2003,AES-128,encrypt,cuda_ttable,ttable,resident,pinned,CTR,1048576,6,1048576:CTR:6,53e1d80cd5f348830679cae418e6bf90145b5774a34c621019a4c77182df8b51,6,430,True,1,1261.520687473889,,0.0008312000036239624,,,831200.0036239624,,,,,,,,,831200.0036239624
a77637c2-be04-4d14-b785-2074d94a3bd0,2003,AES-128,encrypt,cpu_aesni,aesni,transform,bytes,CTR,1048576,6,1048576:CTR:6,53e1d80cd5f348830679cae418e6bf90145b5774a34c621019a4c77182df8b51,7,431,True,,,,,,,,,,,775300,0.0007753,1352.477750548175,0,0.0,
a77637c2-be04-4d14-b785-2074d94a3bd0,2003,AES-128,encrypt,cuda_optimized_v1,optimized,resident,pinned,ECB,1048576,7,1048576:ECB:7,792f999995dd5c51b69c3cb34112c3c7a89dab751e9cdbe667720d7e24e58d33,0,432,True,1,4423.326096201674,,0.00023705600202083587,,,237056.00202083588,,,,,,,,,237056.00202083588
a77637c2-be04-4d14-b785-2074d94a3bd0,2003,AES-128,encrypt,cpu_aesni,aesni,transform,bytes,ECB,1048576,7,1048576:ECB:7,792f999995dd5c51b69c3cb34112c3c7a89dab751e9cdbe667720d7e24e58d33,1,433,True,,,,,,,,,,,634600,0.0006346,1652.3416325244248,0,0.0,
a77637c2-be04-4d14-b785-2074d94a3bd0,2003,AES-128,encrypt,cuda_baseline,baseline,resident,pinned,ECB,1048576,7,1048576:ECB:7,792f999995dd5c51b69c3cb34112c3c7a89dab751e9cdbe667720d7e24e58d33,2,434,True,1,4303.651299415446,,0.0002436479926109314,,,243647.9926109314,,,,,,,,,243647.9926109314
a77637c2-be04-4d14-b785-2074d94a3bd0,2003,AES-128,encrypt,cuda_optimized_v1,optimized,pipeline,pinned,ECB,1048576,7,1048576:ECB:7,792f999995dd5c51b69c3cb34112c3c7a89dab751e9cdbe667720d7e24e58d33,3,435,True,,5216.173300252059,1379.1608575562277,0.00020102399587631226,0.0007603,238700,201023.99587631226,235300,474000,760300,,,,,,
a77637c2-be04-4d14-b785-2074d94a3bd0,2003,AES-128,encrypt,cuda_ttable,ttable,pipeline,pinned,ECB,1048576,7,1048576:ECB:7,792f999995dd5c51b69c3cb34112c3c7a89dab751e9cdbe667720d7e24e58d33,4,436,True,,1091.3935695572409,735.9977539131045,0.0009607679843902588,0.0014247,207300,960767.9843902588,204100,411400,1424700,,,,,,
a77637c2-be04-4d14-b785-2074d94a3bd0,2003,AES-128,encrypt,cuda_ttable,ttable,resident,pinned,ECB,1048576,7,1048576:ECB:7,792f999995dd5c51b69c3cb34112c3c7a89dab751e9cdbe667720d7e24e58d33,5,437,True,1,1092.6672964146705,,0.0009596480131149292,,,959648.0131149292,,,,,,,,,959648.0131149292
a77637c2-be04-4d14-b785-2074d94a3bd0,2003,AES-128,encrypt,cpu_software,software,transform,bytes,ECB,1048576,7,1048576:ECB:7,792f999995dd5c51b69c3cb34112c3c7a89dab751e9cdbe667720d7e24e58d33,6,438,True,,,,,,,,,,,4009700,0.0040097,261.50983864129483,15625000,3.8968002593710254,
a77637c2-be04-4d14-b785-2074d94a3bd0,2003,AES-128,encrypt,cuda_baseline,baseline,pipeline,pinned,ECB,1048576,7,1048576:ECB:7,792f999995dd5c51b69c3cb34112c3c7a89dab751e9cdbe667720d7e24e58d33,7,439,True,,4596.437065910896,1210.2677746999077,0.00022812800109386444,0.0008664,265100,228128.00109386444,272500,537600,866400,,,,,,
a77637c2-be04-4d14-b785-2074d94a3bd0,2003,AES-128,encrypt,cuda_ttable,ttable,resident,pinned,CTR,1048576,7,1048576:CTR:7,c2f7251bc0b3f69bb33fb4137cec08c0dbcf07e8c5e7b107ce5cd34fca0d82b3,0,440,True,1,1192.8649397441416,,0.0008790400028228759,,,879040.002822876,,,,,,,,,879040.002822876
a77637c2-be04-4d14-b785-2074d94a3bd0,2003,AES-128,encrypt,cuda_optimized_v1,optimized,pipeline,pinned,CTR,1048576,7,1048576:CTR:7,c2f7251bc0b3f69bb33fb4137cec08c0dbcf07e8c5e7b107ce5cd34fca0d82b3,1,441,True,,4982.968535406262,1241.2121212121212,0.00021043199300765992,0.0008448,241100,210431.9930076599,260400,501500,844800,,,,,,
a77637c2-be04-4d14-b785-2074d94a3bd0,2003,AES-128,encrypt,cpu_aesni,aesni,transform,bytes,CTR,1048576,7,1048576:CTR:7,c2f7251bc0b3f69bb33fb4137cec08c0dbcf07e8c5e7b107ce5cd34fca0d82b3,2,442,True,,,,,,,,,,,776100,0.0007761,1351.0836232444274,0,0.0,
a77637c2-be04-4d14-b785-2074d94a3bd0,2003,AES-128,encrypt,cuda_baseline,baseline,pipeline,pinned,CTR,1048576,7,1048576:CTR:7,c2f7251bc0b3f69bb33fb4137cec08c0dbcf07e8c5e7b107ce5cd34fca0d82b3,3,443,True,,4859.558140237597,1210.5472177326253,0.0002157759964466095,0.0008662,241700,215775.9964466095,265900,507600,866200,,,,,,
a77637c2-be04-4d14-b785-2074d94a3bd0,2003,AES-128,encrypt,cuda_optimized_v1,optimized,resident,pinned,CTR,1048576,7,1048576:CTR:7,c2f7251bc0b3f69bb33fb4137cec08c0dbcf07e8c5e7b107ce5cd34fca0d82b3,4,444,True,1,5967.58317198556,,0.0001757120043039322,,,175712.0043039322,,,,,,,,,175712.0043039322
a77637c2-be04-4d14-b785-2074d94a3bd0,2003,AES-128,encrypt,cuda_ttable,ttable,pipeline,pinned,CTR,1048576,7,1048576:CTR:7,c2f7251bc0b3f69bb33fb4137cec08c0dbcf07e8c5e7b107ce5cd34fca0d82b3,5,445,True,,1266.249365742314,767.7375896910236,0.0008280959725379944,0.0013658,210000,828095.9725379944,227300,437300,1365800,,,,,,
a77637c2-be04-4d14-b785-2074d94a3bd0,2003,AES-128,encrypt,cuda_baseline,baseline,resident,pinned,CTR,1048576,7,1048576:CTR:7,c2f7251bc0b3f69bb33fb4137cec08c0dbcf07e8c5e7b107ce5cd34fca0d82b3,6,446,True,1,5871.34933789188,,0.0001785919964313507,,,178591.9964313507,,,,,,,,,178591.9964313507
a77637c2-be04-4d14-b785-2074d94a3bd0,2003,AES-128,encrypt,cpu_software,software,transform,bytes,CTR,1048576,7,1048576:CTR:7,c2f7251bc0b3f69bb33fb4137cec08c0dbcf07e8c5e7b107ce5cd34fca0d82b3,7,447,True,,,,,,,,,,,4084800,0.0040848,256.701919310615,15625000,3.825156678417548,
a77637c2-be04-4d14-b785-2074d94a3bd0,2003,AES-128,encrypt,cuda_ttable,ttable,resident,pinned,CTR,1048576,8,1048576:CTR:8,689b6a346c779654448b65ae00be646187d58c7f98d044758ae7e17ac7a6f9ba,0,448,True,1,1170.6201435974801,,0.0008957440257072449,,,895744.0257072449,,,,,,,,,895744.0257072449
a77637c2-be04-4d14-b785-2074d94a3bd0,2003,AES-128,encrypt,cpu_aesni,aesni,transform,bytes,CTR,1048576,8,1048576:CTR:8,689b6a346c779654448b65ae00be646187d58c7f98d044758ae7e17ac7a6f9ba,1,449,True,,,,,,,,,,,802100,0.0008021,1307.288368033911,0,0.0,
a77637c2-be04-4d14-b785-2074d94a3bd0,2003,AES-128,encrypt,cuda_baseline,baseline,pipeline,pinned,CTR,1048576,8,1048576:CTR:8,689b6a346c779654448b65ae00be646187d58c7f98d044758ae7e17ac7a6f9ba,2,450,True,,4274.458556551118,1293.739666872301,0.0002453120052814484,0.0008105,241000,245312.00528144836,236500,477500,810500,,,,,,
a77637c2-be04-4d14-b785-2074d94a3bd0,2003,AES-128,encrypt,cuda_ttable,ttable,pipeline,pinned,CTR,1048576,8,1048576:CTR:8,689b6a346c779654448b65ae00be646187d58c7f98d044758ae7e17ac7a6f9ba,3,451,True,,1165.8305546573715,691.1713136905939,0.0008994240164756775,0.0015171,278600,899424.0164756775,246300,524900,1517100,,,,,,
a77637c2-be04-4d14-b785-2074d94a3bd0,2003,AES-128,encrypt,cuda_optimized_v1,optimized,pipeline,pinned,CTR,1048576,8,1048576:CTR:8,689b6a346c779654448b65ae00be646187d58c7f98d044758ae7e17ac7a6f9ba,4,452,True,,4953.590440622166,1485.6559931992065,0.00021167999505996703,0.0007058,206800,211679.99505996704,234900,441700,705800,,,,,,
a77637c2-be04-4d14-b785-2074d94a3bd0,2003,AES-128,encrypt,cuda_baseline,baseline,resident,pinned,CTR,1048576,8,1048576:CTR:8,689b6a346c779654448b65ae00be646187d58c7f98d044758ae7e17ac7a6f9ba,5,453,True,1,5059.132164523585,,0.0002072640061378479,,,207264.0061378479,,,,,,,,,207264.0061378479
a77637c2-be04-4d14-b785-2074d94a3bd0,2003,AES-128,encrypt,cpu_software,software,transform,bytes,CTR,1048576,8,1048576:CTR:8,689b6a346c779654448b65ae00be646187d58c7f98d044758ae7e17ac7a6f9ba,6,454,True,,,,,,,,,,,4008200,0.0040082,261.6077042063769,0,0.0,
a77637c2-be04-4d14-b785-2074d94a3bd0,2003,AES-128,encrypt,cuda_optimized_v1,optimized,resident,pinned,CTR,1048576,8,1048576:CTR:8,689b6a346c779654448b65ae00be646187d58c7f98d044758ae7e17ac7a6f9ba,7,455,True,1,5050.554837262147,,0.00020761600136756897,,,207616.00136756897,,,,,,,,,207616.00136756897
a77637c2-be04-4d14-b785-2074d94a3bd0,2003,AES-128,encrypt,cuda_optimized_v1,optimized,resident,pinned,ECB,1048576,8,1048576:ECB:8,12622055e4e59c2d066c6c7cc9c442277112f3b6fe147e78fab41b700abc86cc,0,456,True,1,4390.727716840991,,0.00023881599307060242,,,238815.99307060242,,,,,,,,,238815.99307060242
a77637c2-be04-4d14-b785-2074d94a3bd0,2003,AES-128,encrypt,cuda_ttable,ttable,resident,pinned,ECB,1048576,8,1048576:ECB:8,12622055e4e59c2d066c6c7cc9c442277112f3b6fe147e78fab41b700abc86cc,1,457,True,1,1016.0620690237995,,0.001031999945640564,,,1031999.945640564,,,,,,,,,1031999.945640564
a77637c2-be04-4d14-b785-2074d94a3bd0,2003,AES-128,encrypt,cuda_baseline,baseline,resident,pinned,ECB,1048576,8,1048576:ECB:8,12622055e4e59c2d066c6c7cc9c442277112f3b6fe147e78fab41b700abc86cc,2,458,True,1,5177.437196990102,,0.0002025279998779297,,,202527.9998779297,,,,,,,,,202527.9998779297
a77637c2-be04-4d14-b785-2074d94a3bd0,2003,AES-128,encrypt,cuda_ttable,ttable,pipeline,pinned,ECB,1048576,8,1048576:ECB:8,12622055e4e59c2d066c6c7cc9c442277112f3b6fe147e78fab41b700abc86cc,3,459,True,,1052.8886017944044,688.6746354919217,0.00099590402841568,0.0015226,238500,995904.0284156799,203500,442000,1522600,,,,,,
a77637c2-be04-4d14-b785-2074d94a3bd0,2003,AES-128,encrypt,cuda_baseline,baseline,pipeline,pinned,ECB,1048576,8,1048576:ECB:8,12622055e4e59c2d066c6c7cc9c442277112f3b6fe147e78fab41b700abc86cc,4,460,True,,6224.923969796417,1660.1899936668779,0.00016844800114631652,0.0006316,206000,168448.00114631653,205800,411800,631600,,,,,,
a77637c2-be04-4d14-b785-2074d94a3bd0,2003,AES-128,encrypt,cpu_software,software,transform,bytes,ECB,1048576,8,1048576:ECB:8,12622055e4e59c2d066c6c7cc9c442277112f3b6fe147e78fab41b700abc86cc,5,461,True,,,,,,,,,,,3790000,0.00379,276.66912928759893,15625000,4.12269129287599,
a77637c2-be04-4d14-b785-2074d94a3bd0,2003,AES-128,encrypt,cuda_optimized_v1,optimized,pipeline,pinned,ECB,1048576,8,1048576:ECB:8,12622055e4e59c2d066c6c7cc9c442277112f3b6fe147e78fab41b700abc86cc,6,462,True,,5955.652505778576,1514.4078567302138,0.00017606399953365326,0.0006924,208100,176063.99953365326,250800,458900,692400,,,,,,
a77637c2-be04-4d14-b785-2074d94a3bd0,2003,AES-128,encrypt,cpu_aesni,aesni,transform,bytes,ECB,1048576,8,1048576:ECB:8,12622055e4e59c2d066c6c7cc9c442277112f3b6fe147e78fab41b700abc86cc,7,463,True,,,,,,,,,,,609400,0.0006094,1720.6695109944208,0,0.0,
a77637c2-be04-4d14-b785-2074d94a3bd0,2003,AES-128,encrypt,cpu_software,software,transform,bytes,CTR,1048576,9,1048576:CTR:9,9b62dfacdcc096b700f47210b27b6e26016aa7e6a279cb642551c1e6493c7312,0,464,True,,,,,,,,,,,4274100,0.0042741,245.3325846377015,15625000,3.6557403897896634,
a77637c2-be04-4d14-b785-2074d94a3bd0,2003,AES-128,encrypt,cuda_optimized_v1,optimized,resident,pinned,CTR,1048576,9,1048576:CTR:9,9b62dfacdcc096b700f47210b27b6e26016aa7e6a279cb642551c1e6493c7312,1,465,True,1,4590.641719994432,,0.00022841599583625793,,,228415.99583625793,,,,,,,,,228415.99583625793
a77637c2-be04-4d14-b785-2074d94a3bd0,2003,AES-128,encrypt,cuda_baseline,baseline,resident,pinned,CTR,1048576,9,1048576:CTR:9,9b62dfacdcc096b700f47210b27b6e26016aa7e6a279cb642551c1e6493c7312,2,466,True,1,4550.479026338154,,0.00023043200373649598,,,230432.00373649597,,,,,,,,,230432.00373649597
a77637c2-be04-4d14-b785-2074d94a3bd0,2003,AES-128,encrypt,cuda_baseline,baseline,pipeline,pinned,CTR,1048576,9,1048576:CTR:9,9b62dfacdcc096b700f47210b27b6e26016aa7e6a279cb642551c1e6493c7312,3,467,True,,5853.519338683087,1621.1750154607298,0.0001791359931230545,0.0006468,208100,179135.9931230545,204300,412400,646800,,,,,,
a77637c2-be04-4d14-b785-2074d94a3bd0,2003,AES-128,encrypt,cuda_ttable,ttable,resident,pinned,CTR,1048576,9,1048576:CTR:9,9b62dfacdcc096b700f47210b27b6e26016aa7e6a279cb642551c1e6493c7312,4,468,True,1,1266.4450779142003,,0.0008279680013656616,,,827968.0013656616,,,,,,,,,827968.0013656616
a77637c2-be04-4d14-b785-2074d94a3bd0,2003,AES-128,encrypt,cpu_aesni,aesni,transform,bytes,CTR,1048576,9,1048576:CTR:9,9b62dfacdcc096b700f47210b27b6e26016aa7e6a279cb642551c1e6493c7312,5,469,True,,,,,,,,,,,817400,0.0008174,1282.8186934181551,0,0.0,
a77637c2-be04-4d14-b785-2074d94a3bd0,2003,AES-128,encrypt,cuda_ttable,ttable,pipeline,pinned,CTR,1048576,9,1048576:CTR:9,9b62dfacdcc096b700f47210b27b6e26016aa7e6a279cb642551c1e6493c7312,6,470,True,,1268.0624031486136,807.6530848032041,0.0008269119858741761,0.0012983,210300,826911.985874176,204400,414700,1298300,,,,,,
a77637c2-be04-4d14-b785-2074d94a3bd0,2003,AES-128,encrypt,cuda_optimized_v1,optimized,pipeline,pinned,CTR,1048576,9,1048576:CTR:9,9b62dfacdcc096b700f47210b27b6e26016aa7e6a279cb642551c1e6493c7312,7,471,True,,6034.622575745341,1645.341283539934,0.00017375999689102172,0.0006373,209200,173759.99689102173,201700,410900,637300,,,,,,
a77637c2-be04-4d14-b785-2074d94a3bd0,2003,AES-128,encrypt,cuda_baseline,baseline,pipeline,pinned,ECB,1048576,9,1048576:ECB:9,eb1d7046a25c00d4ced5ba0c1355a6561cf20081229eeb91336b89bbbebc92e9,0,472,True,,3852.792564928351,1203.7378027780967,0.0002721599936485291,0.0008711,245200,272159.99364852905,272600,517800,871100,,,,,,
a77637c2-be04-4d14-b785-2074d94a3bd0,2003,AES-128,encrypt,cuda_optimized_v1,optimized,pipeline,pinned,ECB,1048576,9,1048576:ECB:9,eb1d7046a25c00d4ced5ba0c1355a6561cf20081229eeb91336b89bbbebc92e9,1,473,True,,4649.26212558808,1253.0783938814532,0.00022553600370883942,0.0008368,259900,225536.00370883942,256400,516300,836800,,,,,,
a77637c2-be04-4d14-b785-2074d94a3bd0,2003,AES-128,encrypt,cuda_baseline,baseline,resident,pinned,ECB,1048576,9,1048576:ECB:9,eb1d7046a25c00d4ced5ba0c1355a6561cf20081229eeb91336b89bbbebc92e9,2,474,True,1,4773.197456849274,,0.00021967999637126923,,,219679.99637126923,,,,,,,,,219679.99637126923
a77637c2-be04-4d14-b785-2074d94a3bd0,2003,AES-128,encrypt,cuda_ttable,ttable,pipeline,pinned,ECB,1048576,9,1048576:ECB:9,eb1d7046a25c00d4ced5ba0c1355a6561cf20081229eeb91336b89bbbebc92e9,3,475,True,,1046.2324993069199,674.4121430409056,0.001002239942550659,0.0015548,208800,1002239.9425506592,289700,498500,1554800,,,,,,
a77637c2-be04-4d14-b785-2074d94a3bd0,2003,AES-128,encrypt,cuda_ttable,ttable,resident,pinned,ECB,1048576,9,1048576:ECB:9,eb1d7046a25c00d4ced5ba0c1355a6561cf20081229eeb91336b89bbbebc92e9,4,476,True,1,1028.209177126679,,0.001019808053970337,,,1019808.0539703369,,,,,,,,,1019808.0539703369
a77637c2-be04-4d14-b785-2074d94a3bd0,2003,AES-128,encrypt,cpu_software,software,transform,bytes,ECB,1048576,9,1048576:ECB:9,eb1d7046a25c00d4ced5ba0c1355a6561cf20081229eeb91336b89bbbebc92e9,5,477,True,,,,,,,,,,,3712100,0.0037121,282.4751488375852,0,0.0,
a77637c2-be04-4d14-b785-2074d94a3bd0,2003,AES-128,encrypt,cuda_optimized_v1,optimized,resident,pinned,ECB,1048576,9,1048576:ECB:9,eb1d7046a25c00d4ced5ba0c1355a6561cf20081229eeb91336b89bbbebc92e9,6,478,True,1,4551.743233481298,,0.0002303680032491684,,,230368.0032491684,,,,,,,,,230368.0032491684
a77637c2-be04-4d14-b785-2074d94a3bd0,2003,AES-128,encrypt,cpu_aesni,aesni,transform,bytes,ECB,1048576,9,1048576:ECB:9,eb1d7046a25c00d4ced5ba0c1355a6561cf20081229eeb91336b89bbbebc92e9,7,479,True,,,,,,,,,,,556700,0.0005567,1883.5566732530986,0,0.0,
a77637c2-be04-4d14-b785-2074d94a3bd0,2003,AES-128,encrypt,cuda_optimized_v1,optimized,resident,pinned,ECB,16777216,0,16777216:ECB:0,6131f00d8f031b3e00c39c538ce0cf0990b12788526b6215584a2b9de2a5b6fe,0,480,True,1,8019.824166766085,,0.002091968059539795,,,2091968.059539795,,,,,,,,,2091968.059539795
a77637c2-be04-4d14-b785-2074d94a3bd0,2003,AES-128,encrypt,cpu_software,software,transform,bytes,ECB,16777216,0,16777216:ECB:0,6131f00d8f031b3e00c39c538ce0cf0990b12788526b6215584a2b9de2a5b6fe,1,481,True,,,,,,,,,,,61274600,0.0612746,273.8037620808622,62500000,1.0199984985622101,
a77637c2-be04-4d14-b785-2074d94a3bd0,2003,AES-128,encrypt,cuda_baseline,baseline,pipeline,pinned,ECB,16777216,0,16777216:ECB:0,6131f00d8f031b3e00c39c538ce0cf0990b12788526b6215584a2b9de2a5b6fe,2,482,True,,7964.271639552612,1934.5082212946522,0.002106559991836548,0.0086726,2705100,2106559.991836548,3721600,6426700,8672600,,,,,,
a77637c2-be04-4d14-b785-2074d94a3bd0,2003,AES-128,encrypt,cuda_ttable,ttable,resident,pinned,ECB,16777216,0,16777216:ECB:0,6131f00d8f031b3e00c39c538ce0cf0990b12788526b6215584a2b9de2a5b6fe,3,483,True,1,1141.9610314733127,,0.014691583633422852,,,14691583.633422852,,,,,,,,,14691583.633422852
a77637c2-be04-4d14-b785-2074d94a3bd0,2003,AES-128,encrypt,cuda_ttable,ttable,pipeline,pinned,ECB,16777216,0,16777216:ECB:0,6131f00d8f031b3e00c39c538ce0cf0990b12788526b6215584a2b9de2a5b6fe,4,484,True,,1143.9294056595295,832.3105162372132,0.014666303634643555,0.0201574,2704100,14666303.634643555,2688400,5392500,20157400,,,,,,
a77637c2-be04-4d14-b785-2074d94a3bd0,2003,AES-128,encrypt,cuda_baseline,baseline,resident,pinned,ECB,16777216,0,16777216:ECB:0,6131f00d8f031b3e00c39c538ce0cf0990b12788526b6215584a2b9de2a5b6fe,5,485,True,1,7841.110457629948,,0.002139647960662842,,,2139647.960662842,,,,,,,,,2139647.960662842
a77637c2-be04-4d14-b785-2074d94a3bd0,2003,AES-128,encrypt,cuda_optimized_v1,optimized,pipeline,pinned,ECB,16777216,0,16777216:ECB:0,6131f00d8f031b3e00c39c538ce0cf0990b12788526b6215584a2b9de2a5b6fe,6,486,True,,7705.018992183049,2126.578530414612,0.0021774399280548094,0.0078893,2889500,2177439.9280548096,2724200,5613700,7889300,,,,,,
a77637c2-be04-4d14-b785-2074d94a3bd0,2003,AES-128,encrypt,cpu_aesni,aesni,transform,bytes,ECB,16777216,0,16777216:ECB:0,6131f00d8f031b3e00c39c538ce0cf0990b12788526b6215584a2b9de2a5b6fe,7,487,True,,,,,,,,,,,10570800,0.0105708,1587.1283157376924,15625000,1.478128429257956,
a77637c2-be04-4d14-b785-2074d94a3bd0,2003,AES-128,encrypt,cuda_baseline,baseline,resident,pinned,CTR,16777216,0,16777216:CTR:0,f139c2015f27b3b8433417c1385095b3697b5320074161fe84aa8cbbc8319daa,0,488,True,1,7720.449163019474,,0.002173088073730469,,,2173088.0737304688,,,,,,,,,2173088.0737304688
a77637c2-be04-4d14-b785-2074d94a3bd0,2003,AES-128,encrypt,cuda_ttable,ttable,pipeline,pinned,CTR,16777216,0,16777216:CTR:0,f139c2015f27b3b8433417c1385095b3697b5320074161fe84aa8cbbc8319daa,1,489,True,,1340.725386678885,927.9792912336208,0.01251353645324707,0.0180793,2707200,12513536.45324707,2725000,5432200,18079300,,,,,,
a77637c2-be04-4d14-b785-2074d94a3bd0,2003,AES-128,encrypt,cuda_optimized_v1,optimized,pipeline,pinned,CTR,16777216,0,16777216:CTR:0,f139c2015f27b3b8433417c1385095b3697b5320074161fe84aa8cbbc8319daa,2,490,True,,7780.946919290889,2184.248925921104,0.0021561920642852784,0.007681,2733200,2156192.0642852783,2701900,5435100,7681000,,,,,,
a77637c2-be04-4d14-b785-2074d94a3bd0,2003,AES-128,encrypt,cpu_software,software,transform,bytes,CTR,16777216,0,16777216:CTR:0,f139c2015f27b3b8433417c1385095b3697b5320074161fe84aa8cbbc8319daa,3,491,True,,,,,,,,,,,63147500,0.0631475,265.68298032384496,62500000,0.9897462290668673,
a77637c2-be04-4d14-b785-2074d94a3bd0,2003,AES-128,encrypt,cuda_baseline,baseline,pipeline,pinned,CTR,16777216,0,16777216:CTR:0,f139c2015f27b3b8433417c1385095b3697b5320074161fe84aa8cbbc8319daa,4,492,True,,7870.064798917654,2201.7343832020997,0.0021317760944366453,0.00762,2706700,2131776.0944366455,2682000,5388700,7620000,,,,,,
a77637c2-be04-4d14-b785-2074d94a3bd0,2003,AES-128,encrypt,cuda_optimized_v1,optimized,resident,pinned,CTR,16777216,0,16777216:CTR:0,f139c2015f27b3b8433417c1385095b3697b5320074161fe84aa8cbbc8319daa,5,493,True,1,7496.896746879389,,0.0022378880977630615,,,2237888.0977630615,,,,,,,,,2237888.0977630615
a77637c2-be04-4d14-b785-2074d94a3bd0,2003,AES-128,encrypt,cuda_ttable,ttable,resident,pinned,CTR,16777216,0,16777216:CTR:0,f139c2015f27b3b8433417c1385095b3697b5320074161fe84aa8cbbc8319daa,6,494,True,1,1337.469422734018,,0.012543999671936035,,,12543999.671936035,,,,,,,,,12543999.671936035
a77637c2-be04-4d14-b785-2074d94a3bd0,2003,AES-128,encrypt,cpu_aesni,aesni,transform,bytes,CTR,16777216,0,16777216:CTR:0,f139c2015f27b3b8433417c1385095b3697b5320074161fe84aa8cbbc8319daa,7,495,True,,,,,,,,,,,12532200,0.0125322,1338.7287148305963,15625000,1.2467882734077018,
a77637c2-be04-4d14-b785-2074d94a3bd0,2003,AES-128,encrypt,cuda_baseline,baseline,resident,pinned,CTR,16777216,1,16777216:CTR:1,969dfb95d63d540b20a4c952a475ae5c8285c5fe05869c2452364a375fb7d950,0,496,True,1,7878.580166254108,,0.002129472017288208,,,2129472.017288208,,,,,,,,,2129472.017288208
a77637c2-be04-4d14-b785-2074d94a3bd0,2003,AES-128,encrypt,cuda_baseline,baseline,pipeline,pinned,CTR,16777216,1,16777216:CTR:1,969dfb95d63d540b20a4c952a475ae5c8285c5fe05869c2452364a375fb7d950,1,497,True,,7868.647946881821,2178.8875180197147,0.002132159948348999,0.0076999,2701200,2132159.948348999,2754500,5455700,7699900,,,,,,
a77637c2-be04-4d14-b785-2074d94a3bd0,2003,AES-128,encrypt,cuda_ttable,ttable,pipeline,pinned,CTR,16777216,1,16777216:CTR:1,969dfb95d63d540b20a4c952a475ae5c8285c5fe05869c2452364a375fb7d950,2,498,True,,1344.7695153037769,934.7107097291786,0.012475904464721679,0.0179491,2700700,12475904.46472168,2678100,5378800,17949100,,,,,,
a77637c2-be04-4d14-b785-2074d94a3bd0,2003,AES-128,encrypt,cpu_aesni,aesni,transform,bytes,CTR,16777216,1,16777216:CTR:1,969dfb95d63d540b20a4c952a475ae5c8285c5fe05869c2452364a375fb7d950,3,499,True,,,,,,,,,,,12716800,0.0127168,1319.2954202315047,15625000,1.2286896074484146,
a77637c2-be04-4d14-b785-2074d94a3bd0,2003,AES-128,encrypt,cpu_software,software,transform,bytes,CTR,16777216,1,16777216:CTR:1,969dfb95d63d540b20a4c952a475ae5c8285c5fe05869c2452364a375fb7d950,4,500,True,,,,,,,,,,,65023700,0.0650237,258.016938439369,62500000,0.9611879976070263,
a77637c2-be04-4d14-b785-2074d94a3bd0,2003,AES-128,encrypt,cuda_ttable,ttable,resident,pinned,CTR,16777216,1,16777216:CTR:1,969dfb95d63d540b20a4c952a475ae5c8285c5fe05869c2452364a375fb7d950,5,501,True,1,1344.9282509478694,,0.012474431991577148,,,12474431.991577148,,,,,,,,,12474431.991577148
a77637c2-be04-4d14-b785-2074d94a3bd0,2003,AES-128,encrypt,cuda_optimized_v1,optimized,resident,pinned,CTR,16777216,1,16777216:CTR:1,969dfb95d63d540b20a4c952a475ae5c8285c5fe05869c2452364a375fb7d950,6,502,True,1,7909.363414440393,,0.0021211841106414794,,,2121184.1106414795,,,,,,,,,2121184.1106414795
a77637c2-be04-4d14-b785-2074d94a3bd0,2003,AES-128,encrypt,cuda_optimized_v1,optimized,pipeline,pinned,CTR,16777216,1,16777216:CTR:1,969dfb95d63d540b20a4c952a475ae5c8285c5fe05869c2452364a375fb7d950,7,503,True,,7908.766938366262,2206.802499177902,0.0021213440895080566,0.0076025,2702800,2121344.0895080566,2689900,5392700,7602500,,,,,,
a77637c2-be04-4d14-b785-2074d94a3bd0,2003,AES-128,encrypt,cuda_baseline,baseline,pipeline,pinned,ECB,16777216,1,16777216:ECB:1,912f96eb1776b77bfd00b49d750c4ca653b74280fe181c140f1b4e0ffa5d3a8e,0,504,True,,8389.547605233087,2233.5671113241206,0.001999776005744934,0.0075114,2777500,1999776.005744934,2639500,5417000,7511400,,,,,,
a77637c2-be04-4d14-b785-2074d94a3bd0,2003,AES-128,encrypt,cuda_optimized_v1,optimized,pipeline,pinned,ECB,16777216,1,16777216:ECB:1,912f96eb1776b77bfd00b49d750c4ca653b74280fe181c140f1b4e0ffa5d3a8e,1,505,True,,8405.823257115035,2268.7549527376977,0.001995903968811035,0.0073949,2685200,1995903.9688110352,2633700,5318900,7394900,,,,,,
a77637c2-be04-4d14-b785-2074d94a3bd0,2003,AES-128,encrypt,cuda_ttable,ttable,pipeline,pinned,ECB,16777216,1,16777216:ECB:1,912f96eb1776b77bfd00b49d750c4ca653b74280fe181c140f1b4e0ffa5d3a8e,2,506,True,,1149.0941798143544,831.3866341589114,0.014600383758544921,0.0201798,2785200,14600383.758544922,2684400,5469600,20179800,,,,,,
a77637c2-be04-4d14-b785-2074d94a3bd0,2003,AES-128,encrypt,cpu_software,software,transform,bytes,ECB,16777216,1,16777216:ECB:1,912f96eb1776b77bfd00b49d750c4ca653b74280fe181c140f1b4e0ffa5d3a8e,3,507,True,,,,,,,,,,,68583000,0.068583,244.6264526194538,62500000,0.9113045506904043,
a77637c2-be04-4d14-b785-2074d94a3bd0,2003,AES-128,encrypt,cuda_ttable,ttable,resident,pinned,ECB,16777216,1,16777216:ECB:1,912f96eb1776b77bfd00b49d750c4ca653b74280fe181c140f1b4e0ffa5d3a8e,4,508,True,1,1148.8952380465253,,0.014602911949157716,,,14602911.949157715,,,,,,,,,14602911.949157715
a77637c2-be04-4d14-b785-2074d94a3bd0,2003,AES-128,encrypt,cuda_baseline,baseline,resident,pinned,ECB,16777216,1,16777216:ECB:1,912f96eb1776b77bfd00b49d750c4ca653b74280fe181c140f1b4e0ffa5d3a8e,5,509,True,1,8110.389029890954,,0.0020686080455780027,,,2068608.045578003,,,,,,,,,2068608.045578003
a77637c2-be04-4d14-b785-2074d94a3bd0,2003,AES-128,encrypt,cpu_aesni,aesni,transform,bytes,ECB,16777216,1,16777216:ECB:1,912f96eb1776b77bfd00b49d750c4ca653b74280fe181c140f1b4e0ffa5d3a8e,6,510,True,,,,,,,,,,,10207800,0.0102078,1643.56825172907,15625000,1.5306922157565783,
a77637c2-be04-4d14-b785-2074d94a3bd0,2003,AES-128,encrypt,cuda_optimized_v1,optimized,resident,pinned,ECB,16777216,1,16777216:ECB:1,912f96eb1776b77bfd00b49d750c4ca653b74280fe181c140f1b4e0ffa5d3a8e,7,511,True,1,7891.149775469289,,0.00212608003616333,,,2126080.03616333,,,,,,,,,2126080.03616333
a77637c2-be04-4d14-b785-2074d94a3bd0,2003,AES-128,encrypt,cuda_optimized_v1,optimized,pipeline,pinned,CTR,16777216,2,16777216:CTR:2,bd741d3c3f209320134faa9c5347cfb4c17139b9abb95f03d5707f95bb18dbbf,0,512,True,,7905.666890085677,2218.269515548974,0.002122175931930542,0.0075632,2709000,2122175.931930542,2634900,5343900,7563200,,,,,,
a77637c2-be04-4d14-b785-2074d94a3bd0,2003,AES-128,encrypt,cuda_baseline,baseline,resident,pinned,CTR,16777216,2,16777216:CTR:2,bd741d3c3f209320134faa9c5347cfb4c17139b9abb95f03d5707f95bb18dbbf,1,513,True,1,7891.149775469289,,0.00212608003616333,,,2126080.03616333,,,,,,,,,2126080.03616333
a77637c2-be04-4d14-b785-2074d94a3bd0,2003,AES-128,encrypt,cpu_software,software,transform,bytes,CTR,16777216,2,16777216:CTR:2,bd741d3c3f209320134faa9c5347cfb4c17139b9abb95f03d5707f95bb18dbbf,2,514,True,,,,,,,,,,,63367700,0.0633677,264.7597435286431,62500000,0.9863069039905188,
a77637c2-be04-4d14-b785-2074d94a3bd0,2003,AES-128,encrypt,cuda_ttable,ttable,resident,pinned,CTR,16777216,2,16777216:CTR:2,bd741d3c3f209320134faa9c5347cfb4c17139b9abb95f03d5707f95bb18dbbf,3,515,True,1,1340.7700402048417,,0.012513119697570801,,,12513119.6975708,,,,,,,,,12513119.6975708
a77637c2-be04-4d14-b785-2074d94a3bd0,2003,AES-128,encrypt,cuda_optimized_v1,optimized,resident,pinned,CTR,16777216,2,16777216:CTR:2,bd741d3c3f209320134faa9c5347cfb4c17139b9abb95f03d5707f95bb18dbbf,4,516,True,1,7710.231274652499,,0.0021759679317474366,,,2175967.9317474365,,,,,,,,,2175967.9317474365
a77637c2-be04-4d14-b785-2074d94a3bd0,2003,AES-128,encrypt,cuda_ttable,ttable,pipeline,pinned,CTR,16777216,2,16777216:CTR:2,bd741d3c3f209320134faa9c5347cfb4c17139b9abb95f03d5707f95bb18dbbf,5,517,True,,1339.9578521306034,930.7283408872788,0.01252070426940918,0.0180259,2716900,12520704.26940918,2685400,5402300,18025900,,,,,,
a77637c2-be04-4d14-b785-2074d94a3bd0,2003,AES-128,encrypt,cpu_aesni,aesni,transform,bytes,CTR,16777216,2,16777216:CTR:2,bd741d3c3f209320134faa9c5347cfb4c17139b9abb95f03d5707f95bb18dbbf,6,518,True,,,,,,,,,,,12632600,0.0126326,1328.088912812881,15625000,1.236879185599164,
a77637c2-be04-4d14-b785-2074d94a3bd0,2003,AES-128,encrypt,cuda_baseline,baseline,pipeline,pinned,CTR,16777216,2,16777216:CTR:2,bd741d3c3f209320134faa9c5347cfb4c17139b9abb95f03d5707f95bb18dbbf,7,519,True,,7584.307454543084,2033.0105181522952,0.0022120959758758544,0.0082524,3147600,2212095.9758758545,2741000,5888600,8252400,,,,,,
a77637c2-be04-4d14-b785-2074d94a3bd0,2003,AES-128,encrypt,cpu_aesni,aesni,transform,bytes,ECB,16777216,2,16777216:ECB:2,80f8ef6da716b986ffd8c0417824aac312b5b20db5449dd757d8878367c2802e,0,520,True,,,,,,,,,,,10249600,0.0102496,1636.8654386512644,15625000,1.5244497346237902,
a77637c2-be04-4d14-b785-2074d94a3bd0,2003,AES-128,encrypt,cuda_baseline,baseline,resident,pinned,ECB,16777216,2,16777216:ECB:2,80f8ef6da716b986ffd8c0417824aac312b5b20db5449dd757d8878367c2802e,1,521,True,1,7925.864773533154,,0.0021167678833007813,,,2116767.8833007812,,,,,,,,,2116767.8833007812
a77637c2-be04-4d14-b785-2074d94a3bd0,2003,AES-128,encrypt,cuda_baseline,baseline,pipeline,pinned,ECB,16777216,2,16777216:ECB:2,80f8ef6da716b986ffd8c0417824aac312b5b20db5449dd757d8878367c2802e,2,522,True,,8235.622856006747,1683.512884322068,0.002037152051925659,0.0099656,2800900,2037152.0519256592,5037700,7838600,9965600,,,,,,
a77637c2-be04-4d14-b785-2074d94a3bd0,2003,AES-128,encrypt,cuda_optimized_v1,optimized,pipeline,pinned,ECB,16777216,2,16777216:ECB:2,80f8ef6da716b986ffd8c0417824aac312b5b20db5449dd757d8878367c2802e,3,523,True,,5512.38041302496,1234.9354826837437,0.0030435519218444825,0.0135855,5241700,3043551.9218444824,5199900,10441600,13585500,,,,,,
a77637c2-be04-4d14-b785-2074d94a3bd0,2003,AES-128,encrypt,cuda_optimized_v1,optimized,resident,pinned,ECB,16777216,2,16777216:ECB:2,80f8ef6da716b986ffd8c0417824aac312b5b20db5449dd757d8878367c2802e,4,524,True,1,5545.908495657808,,0.003025151968002319,,,3025151.9680023193,,,,,,,,,3025151.9680023193
a77637c2-be04-4d14-b785-2074d94a3bd0,2003,AES-128,encrypt,cuda_ttable,ttable,pipeline,pinned,ECB,16777216,2,16777216:ECB:2,80f8ef6da716b986ffd8c0417824aac312b5b20db5449dd757d8878367c2802e,5,525,True,,793.268813935699,530.5249843472321,0.021149471282958986,0.0316238,5210500,21149471.282958984,5167800,10378300,31623800,,,,,,
a77637c2-be04-4d14-b785-2074d94a3bd0,2003,AES-128,encrypt,cuda_ttable,ttable,resident,pinned,ECB,16777216,2,16777216:ECB:2,80f8ef6da716b986ffd8c0417824aac312b5b20db5449dd757d8878367c2802e,6,526,True,1,930.4712817040773,,0.018030879974365234,,,18030879.974365234,,,,,,,,,18030879.974365234
a77637c2-be04-4d14-b785-2074d94a3bd0,2003,AES-128,encrypt,cpu_software,software,transform,bytes,ECB,16777216,2,16777216:ECB:2,80f8ef6da716b986ffd8c0417824aac312b5b20db5449dd757d8878367c2802e,7,527,True,,,,,,,,,,,60550700,0.0605507,277.0771601319225,62500000,1.032192856564829,
a77637c2-be04-4d14-b785-2074d94a3bd0,2003,AES-128,encrypt,cuda_ttable,ttable,pipeline,pinned,ECB,16777216,3,16777216:ECB:3,3dbf22c1bc284a199da57bab986dfcbb674286c139270df0b052b325bbec8eae,0,528,True,,863.8701920311273,664.1233146756814,0.019420991897583006,0.0252622,3018200,19420991.897583008,2674800,5693000,25262200,,,,,,
a77637c2-be04-4d14-b785-2074d94a3bd0,2003,AES-128,encrypt,cuda_baseline,baseline,resident,pinned,ECB,16777216,3,16777216:ECB:3,3dbf22c1bc284a199da57bab986dfcbb674286c139270df0b052b325bbec8eae,1,529,True,1,6216.804540571447,,0.00269868803024292,,,2698688.03024292,,,,,,,,,2698688.03024292
a77637c2-be04-4d14-b785-2074d94a3bd0,2003,AES-128,encrypt,cpu_software,software,transform,bytes,ECB,16777216,3,16777216:ECB:3,3dbf22c1bc284a199da57bab986dfcbb674286c139270df0b052b325bbec8eae,2,530,True,,,,,,,,,,,62451500,0.0624515,268.6439236847794,62500000,1.0007766026436515,
a77637c2-be04-4d14-b785-2074d94a3bd0,2003,AES-128,encrypt,cuda_optimized_v1,optimized,resident,pinned,ECB,16777216,3,16777216:ECB:3,3dbf22c1bc284a199da57bab986dfcbb674286c139270df0b052b325bbec8eae,3,531,True,1,6599.632280127268,,0.0025421440601348876,,,2542144.0601348877,,,,,,,,,2542144.0601348877
a77637c2-be04-4d14-b785-2074d94a3bd0,2003,AES-128,encrypt,cpu_aesni,aesni,transform,bytes,ECB,16777216,3,16777216:ECB:3,3dbf22c1bc284a199da57bab986dfcbb674286c139270df0b052b325bbec8eae,4,532,True,,,,,,,,,,,8727200,0.0087272,1922.4053533779447,15625000,1.7903795031625263,
a77637c2-be04-4d14-b785-2074d94a3bd0,2003,AES-128,encrypt,cuda_baseline,baseline,pipeline,pinned,ECB,16777216,3,16777216:ECB:3,3dbf22c1bc284a199da57bab986dfcbb674286c139270df0b052b325bbec8eae,5,533,True,,6511.5191892133935,2082.3155020479085,0.0025765440464019774,0.008057,2713600,2576544.0464019775,2672600,5386200,8057000,,,,,,
a77637c2-be04-4d14-b785-2074d94a3bd0,2003,AES-128,encrypt,cuda_ttable,ttable,resident,pinned,ECB,16777216,3,16777216:ECB:3,3dbf22c1bc284a199da57bab986dfcbb674286c139270df0b052b325bbec8eae,6,534,True,1,846.3533699833695,,0.019822944641113283,,,19822944.64111328,,,,,,,,,19822944.64111328
a77637c2-be04-4d14-b785-2074d94a3bd0,2003,AES-128,encrypt,cuda_optimized_v1,optimized,pipeline,pinned,ECB,16777216,3,16777216:ECB:3,3dbf22c1bc284a199da57bab986dfcbb674286c139270df0b052b325bbec8eae,7,535,True,,5966.0213191496,2018.5302468838731,0.0028121280670166016,0.0083116,2711200,2812128.0670166016,2685800,5397000,8311600,,,,,,
a77637c2-be04-4d14-b785-2074d94a3bd0,2003,AES-128,encrypt,cuda_optimized_v1,optimized,pipeline,pinned,CTR,16777216,3,16777216:CTR:3,6b1baa5afe7db8972e86abf48c748a3598df15c253576d1f99532513e5351666,0,536,True,,5570.7759791376775,1236.5009618006677,0.003011647939682007,0.0135683,5262300,3011647.939682007,5181600,10443900,13568300,,,,,,
a77637c2-be04-4d14-b785-2074d94a3bd0,2003,AES-128,encrypt,cuda_optimized_v1,optimized,resident,pinned,CTR,16777216,3,16777216:CTR:3,6b1baa5afe7db8972e86abf48c748a3598df15c253576d1f99532513e5351666,1,537,True,1,5396.630192377464,,0.0031088318824768067,,,3108831.8824768066,,,,,,,,,3108831.8824768066
a77637c2-be04-4d14-b785-2074d94a3bd0,2003,AES-128,encrypt,cpu_aesni,aesni,transform,bytes,CTR,16777216,3,16777216:CTR:3,6b1baa5afe7db8972e86abf48c748a3598df15c253576d1f99532513e5351666,2,538,True,,,,,,,,,,,12957400,0.0129574,1294.7980304690757,15625000,1.2058746353435104,
a77637c2-be04-4d14-b785-2074d94a3bd0,2003,AES-128,encrypt,cuda_baseline,baseline,pipeline,pinned,CTR,16777216,3,16777216:CTR:3,6b1baa5afe7db8972e86abf48c748a3598df15c253576d1f99532513e5351666,3,539,True,,5401.411329277815,1220.7560047441298,0.003106080055236816,0.0137433,5204200,3106080.0552368164,5329500,10533700,13743300,,,,,,
a77637c2-be04-4d14-b785-2074d94a3bd0,2003,AES-128,encrypt,cuda_baseline,baseline,resident,pinned,CTR,16777216,3,16777216:CTR:3,6b1baa5afe7db8972e86abf48c748a3598df15c253576d1f99532513e5351666,4,540,True,1,5326.722652704051,,0.0031496319770812986,,,3149631.977081299,,,,,,,,,3149631.977081299
a77637c2-be04-4d14-b785-2074d94a3bd0,2003,AES-128,encrypt,cuda_ttable,ttable,pipeline,pinned,CTR,16777216,3,16777216:CTR:3,6b1baa5afe7db8972e86abf48c748a3598df15c253576d1f99532513e5351666,5,541,True,,962.985870795945,599.5588687255652,0.01742207908630371,0.0279826,5228700,17422079.08630371,5228600,10457300,27982600,,,,,,
a77637c2-be04-4d14-b785-2074d94a3bd0,2003,AES-128,encrypt,cuda_ttable,ttable,resident,pinned,CTR,16777216,3,16777216:CTR:3,6b1baa5afe7db8972e86abf48c748a3598df15c253576d1f99532513e5351666,6,542,True,1,965.5502241299821,,0.017375808715820312,,,17375808.715820312,,,,,,,,,17375808.715820312
a77637c2-be04-4d14-b785-2074d94a3bd0,2003,AES-128,encrypt,cpu_software,software,transform,bytes,CTR,16777216,3,16777216:CTR:3,6b1baa5afe7db8972e86abf48c748a3598df15c253576d1f99532513e5351666,7,543,True,,,,,,,,,,,64670300,0.0646703,259.42690848813135,62500000,0.9664405453508025,
a77637c2-be04-4d14-b785-2074d94a3bd0,2003,AES-128,encrypt,cpu_aesni,aesni,transform,bytes,CTR,16777216,4,16777216:CTR:4,f706ece013d8a6576cce85c02d346d6cac9c8d26830998bd1cdd8c61c93978b3,0,544,True,,,,,,,,,,,12795900,0.0127959,1311.1399745230894,0,0.0,
a77637c2-be04-4d14-b785-2074d94a3bd0,2003,AES-128,encrypt,cuda_optimized_v1,optimized,resident,pinned,CTR,16777216,4,16777216:CTR:4,f706ece013d8a6576cce85c02d346d6cac9c8d26830998bd1cdd8c61c93978b3,1,545,True,1,7640.788594886781,,0.002195744037628174,,,2195744.037628174,,,,,,,,,2195744.037628174
a77637c2-be04-4d14-b785-2074d94a3bd0,2003,AES-128,encrypt,cuda_optimized_v1,optimized,pipeline,pinned,CTR,16777216,4,16777216:CTR:4,f706ece013d8a6576cce85c02d346d6cac9c8d26830998bd1cdd8c61c93978b3,2,546,True,,7625.231153375967,2179.2837565759564,0.002200223922729492,0.0076985,2708100,2200223.922729492,2698100,5406200,7698500,,,,,,
a77637c2-be04-4d14-b785-2074d94a3bd0,2003,AES-128,encrypt,cpu_software,software,transform,bytes,CTR,16777216,4,16777216:CTR:4,f706ece013d8a6576cce85c02d346d6cac9c8d26830998bd1cdd8c61c93978b3,3,547,True,,,,,,,,,,,66853300,0.0668533,250.95568954711285,62500000,0.9348827956136795,
a77637c2-be04-4d14-b785-2074d94a3bd0,2003,AES-128,encrypt,cuda_baseline,baseline,resident,pinned,CTR,16777216,4,16777216:CTR:4,f706ece013d8a6576cce85c02d346d6cac9c8d26830998bd1cdd8c61c93978b3,4,548,True,1,7440.403197079359,,0.002254879951477051,,,2254879.951477051,,,,,,,,,2254879.951477051
a77637c2-be04-4d14-b785-2074d94a3bd0,2003,AES-128,encrypt,cuda_ttable,ttable,pipeline,pinned,CTR,16777216,4,16777216:CTR:4,f706ece013d8a6576cce85c02d346d6cac9c8d26830998bd1cdd8c61c93978b3,5,549,True,,1294.330539360196,908.4823444683306,0.012962080001831055,0.0184673,2700700,12962080.001831055,2702800,5403500,18467300,,,,,,
a77637c2-be04-4d14-b785-2074d94a3bd0,2003,AES-128,encrypt,cuda_ttable,ttable,resident,pinned,CTR,16777216,4,16777216:CTR:4,f706ece013d8a6576cce85c02d346d6cac9c8d26830998bd1cdd8c61c93978b3,6,550,True,1,1301.5441427149663,,0.012890239715576172,,,12890239.715576172,,,,,,,,,12890239.715576172
a77637c2-be04-4d14-b785-2074d94a3bd0,2003,AES-128,encrypt,cuda_baseline,baseline,pipeline,pinned,CTR,16777216,4,16777216:CTR:4,f706ece013d8a6576cce85c02d346d6cac9c8d26830998bd1cdd8c61c93978b3,7,551,True,,7522.6052793514855,2154.1287042267986,0.0022302401065826417,0.0077884,2764900,2230240.1065826416,2702400,5467300,7788400,,,,,,
a77637c2-be04-4d14-b785-2074d94a3bd0,2003,AES-128,encrypt,cpu_aesni,aesni,transform,bytes,ECB,16777216,4,16777216:ECB:4,4da1e5c53ca81ceaa6c2dbbbe1e3d12ed0ee77188111abca7cd326eb6c201dc3,0,552,True,,,,,,,,,,,10694800,0.0106948,1568.726483898717,15625000,1.4609903878520403,
a77637c2-be04-4d14-b785-2074d94a3bd0,2003,AES-128,encrypt,cuda_ttable,ttable,resident,pinned,ECB,16777216,4,16777216:ECB:4,4da1e5c53ca81ceaa6c2dbbbe1e3d12ed0ee77188111abca7cd326eb6c201dc3,1,553,True,1,1108.7524558220202,,0.01513161563873291,,,15131615.63873291,,,,,,,,,15131615.63873291
a77637c2-be04-4d14-b785-2074d94a3bd0,2003,AES-128,encrypt,cuda_baseline,baseline,resident,pinned,ECB,16777216,4,16777216:ECB:4,4da1e5c53ca81ceaa6c2dbbbe1e3d12ed0ee77188111abca7cd326eb6c201dc3,2,554,True,1,7974.325791150528,,0.0021039040088653566,,,2103904.0088653564,,,,,,,,,2103904.0088653564
a77637c2-be04-4d14-b785-2074d94a3bd0,2003,AES-128,encrypt,cuda_baseline,baseline,pipeline,pinned,ECB,16777216,4,16777216:ECB:4,4da1e5c53ca81ceaa6c2dbbbe1e3d12ed0ee77188111abca7cd326eb6c201dc3,3,555,True,,7968.386803480017,2223.8856855025783,0.0021054720878601074,0.0075441,2702600,2105472.0878601074,2628700,5331300,7544100,,,,,,
a77637c2-be04-4d14-b785-2074d94a3bd0,2003,AES-128,encrypt,cpu_software,software,transform,bytes,ECB,16777216,4,16777216:ECB:4,4da1e5c53ca81ceaa6c2dbbbe1e3d12ed0ee77188111abca7cd326eb6c201dc3,4,556,True,,,,,,,,,,,59029300,0.0590293,284.21844744897874,46875000,0.7940971686941909,
a77637c2-be04-4d14-b785-2074d94a3bd0,2003,AES-128,encrypt,cuda_ttable,ttable,pipeline,pinned,ECB,16777216,4,16777216:ECB:4,4da1e5c53ca81ceaa6c2dbbbe1e3d12ed0ee77188111abca7cd326eb6c201dc3,5,557,True,,1108.5906386721504,800.3900521437124,0.015133824348449707,0.0209613,2724800,15133824.348449707,2931900,5656700,20961300,,,,,,
a77637c2-be04-4d14-b785-2074d94a3bd0,2003,AES-128,encrypt,cuda_optimized_v1,optimized,pipeline,pinned,ECB,16777216,4,16777216:ECB:4,4da1e5c53ca81ceaa6c2dbbbe1e3d12ed0ee77188111abca7cd326eb6c201dc3,6,558,True,,7733.887978251088,2126.120390318084,0.0021693120002746584,0.007891,2777600,2169312.000274658,2818600,5596200,7891000,,,,,,
a77637c2-be04-4d14-b785-2074d94a3bd0,2003,AES-128,encrypt,cuda_optimized_v1,optimized,resident,pinned,ECB,16777216,4,16777216:ECB:4,4da1e5c53ca81ceaa6c2dbbbe1e3d12ed0ee77188111abca7cd326eb6c201dc3,7,559,True,1,7737.083576250501,,0.0021684160232543943,,,2168416.0232543945,,,,,,,,,2168416.0232543945
a77637c2-be04-4d14-b785-2074d94a3bd0,2003,AES-128,encrypt,cuda_optimized_v1,optimized,resident,pinned,CTR,16777216,5,16777216:CTR:5,3d843782cc7bc2aba587bfe0c06764c3eec1818d3e73bb9e8350e5e0d8d03c0b,0,560,True,1,7558.612157075855,,0.002219615936279297,,,2219615.936279297,,,,,,,,,2219615.936279297
a77637c2-be04-4d14-b785-2074d94a3bd0,2003,AES-128,encrypt,cuda_ttable,ttable,pipeline,pinned,CTR,16777216,5,16777216:CTR:5,3d843782cc7bc2aba587bfe0c06764c3eec1818d3e73bb9e8350e5e0d8d03c0b,1,561,True,,1298.941818434043,903.8912564449305,0.012916064262390137,0.0185611,2710000,12916064.262390137,2808000,5518000,18561100,,,,,,
a77637c2-be04-4d14-b785-2074d94a3bd0,2003,AES-128,encrypt,cpu_software,software,transform,bytes,CTR,16777216,5,16777216:CTR:5,3d843782cc7bc2aba587bfe0c06764c3eec1818d3e73bb9e8350e5e0d8d03c0b,2,562,True,,,,,,,,,,,65660500,0.0656605,255.5145940100974,62500000,0.9518660381812505,
a77637c2-be04-4d14-b785-2074d94a3bd0,2003,AES-128,encrypt,cuda_optimized_v1,optimized,pipeline,pinned,CTR,16777216,5,16777216:CTR:5,3d843782cc7bc2aba587bfe0c06764c3eec1818d3e73bb9e8350e5e0d8d03c0b,3,563,True,,7444.100196992792,2155.734073445892,0.0022537600994110107,0.0077826,2701600,2253760.0994110107,2729400,5431000,7782600,,,,,,
a77637c2-be04-4d14-b785-2074d94a3bd0,2003,AES-128,encrypt,cuda_baseline,baseline,resident,pinned,CTR,16777216,5,16777216:CTR:5,3d843782cc7bc2aba587bfe0c06764c3eec1818d3e73bb9e8350e5e0d8d03c0b,4,564,True,1,7127.3518733879355,,0.0023539199829101564,,,2353919.9829101562,,,,,,,,,2353919.9829101562
a77637c2-be04-4d14-b785-2074d94a3bd0,2003,AES-128,encrypt,cpu_aesni,aesni,transform,bytes,CTR,16777216,5,16777216:CTR:5,3d843782cc7bc2aba587bfe0c06764c3eec1818d3e73bb9e8350e5e0d8d03c0b,5,565,True,,,,,,,,,,,12916200,0.0129162,1298.9281677273502,0,0.0,
a77637c2-be04-4d14-b785-2074d94a3bd0,2003,AES-128,encrypt,cuda_ttable,ttable,resident,pinned,CTR,16777216,5,16777216:CTR:5,3d843782cc7bc2aba587bfe0c06764c3eec1818d3e73bb9e8350e5e0d8d03c0b,6,566,True,1,1298.8356557932907,,0.012917119979858399,,,12917119.979858398,,,,,,,,,12917119.979858398
a77637c2-be04-4d14-b785-2074d94a3bd0,2003,AES-128,encrypt,cuda_baseline,baseline,pipeline,pinned,CTR,16777216,5,16777216:CTR:5,3d843782cc7bc2aba587bfe0c06764c3eec1818d3e73bb9e8350e5e0d8d03c0b,7,567,True,,7619.136443949462,2102.566107727398,0.00220198392868042,0.0079794,2731900,2201983.92868042,2953700,5685600,7979400,,,,,,
a77637c2-be04-4d14-b785-2074d94a3bd0,2003,AES-128,encrypt,cuda_optimized_v1,optimized,pipeline,pinned,ECB,16777216,5,16777216:ECB:5,2c10fa4d47a53ec24674ae2a04a89b3c1e0517bbb6ff49a8947913af471f6a7b,0,568,True,,7673.106125701831,2183.4245630474106,0.0021864960193634033,0.0076839,2708000,2186496.0193634033,2689500,5397500,7683900,,,,,,
a77637c2-be04-4d14-b785-2074d94a3bd0,2003,AES-128,encrypt,cpu_aesni,aesni,transform,bytes,ECB,16777216,5,16777216:ECB:5,2c10fa4d47a53ec24674ae2a04a89b3c1e0517bbb6ff49a8947913af471f6a7b,1,569,True,,,,,,,,,,,9771500,0.0097715,1716.9539988742772,0,0.0,
a77637c2-be04-4d14-b785-2074d94a3bd0,2003,AES-128,encrypt,cuda_baseline,baseline,pipeline,pinned,ECB,16777216,5,16777216:ECB:5,2c10fa4d47a53ec24674ae2a04a89b3c1e0517bbb6ff49a8947913af471f6a7b,2,570,True,,7606.534643066856,2154.3776565008025,0.002205631971359253,0.0077875,2793000,2205631.971359253,2688000,5481000,7787500,,,,,,
a77637c2-be04-4d14-b785-2074d94a3bd0,2003,AES-128,encrypt,cuda_ttable,ttable,pipeline,pinned,ECB,16777216,5,16777216:ECB:5,2c10fa4d47a53ec24674ae2a04a89b3c1e0517bbb6ff49a8947913af471f6a7b,3,571,True,,1104.4105860587717,798.4663855547835,0.0151911039352417,0.0210118,2908700,15191103.9352417,2772700,5681400,21011800,,,,,,
a77637c2-be04-4d14-b785-2074d94a3bd0,2003,AES-128,encrypt,cuda_ttable,ttable,resident,pinned,ECB,16777216,5,16777216:ECB:5,2c10fa4d47a53ec24674ae2a04a89b3c1e0517bbb6ff49a8947913af471f6a7b,4,572,True,1,1103.8664499125582,,0.015198592185974122,,,15198592.185974121,,,,,,,,,15198592.185974121
a77637c2-be04-4d14-b785-2074d94a3bd0,2003,AES-128,encrypt,cpu_software,software,transform,bytes,ECB,16777216,5,16777216:ECB:5,2c10fa4d47a53ec24674ae2a04a89b3c1e0517bbb6ff49a8947913af471f6a7b,5,573,True,,,,,,,,,,,61041800,0.0610418,274.8479894105351,62500000,1.0238885485028293,
a77637c2-be04-4d14-b785-2074d94a3bd0,2003,AES-128,encrypt,cuda_baseline,baseline,resident,pinned,ECB,16777216,5,16777216:ECB:5,2c10fa4d47a53ec24674ae2a04a89b3c1e0517bbb6ff49a8947913af471f6a7b,6,574,True,1,7911.511829271992,,0.00212060809135437,,,2120608.09135437,,,,,,,,,2120608.09135437
a77637c2-be04-4d14-b785-2074d94a3bd0,2003,AES-128,encrypt,cuda_optimized_v1,optimized,resident,pinned,ECB,16777216,5,16777216:ECB:5,2c10fa4d47a53ec24674ae2a04a89b3c1e0517bbb6ff49a8947913af471f6a7b,7,575,True,1,7795.176738616203,,0.0021522560119628907,,,2152256.0119628906,,,,,,,,,2152256.0119628906
a77637c2-be04-4d14-b785-2074d94a3bd0,2003,AES-128,encrypt,cuda_optimized_v1,optimized,resident,pinned,ECB,16777216,6,16777216:ECB:6,132f975bed4eef37efaa80d3cfe07208e75c4d806014b3e8fdeff733ef8d45d2,0,576,True,1,7874.43825535322,,0.0021305921077728273,,,2130592.107772827,,,,,,,,,2130592.107772827
a77637c2-be04-4d14-b785-2074d94a3bd0,2003,AES-128,encrypt,cuda_baseline,baseline,pipeline,pinned,ECB,16777216,6,16777216:ECB:6,132f975bed4eef37efaa80d3cfe07208e75c4d806014b3e8fdeff733ef8d45d2,1,577,True,,7878.343771475811,2205.468049585256,0.0021295359134674073,0.0076071,2706400,2129535.913467407,2679800,5386200,7607100,,,,,,
a77637c2-be04-4d14-b785-2074d94a3bd0,2003,AES-128,encrypt,cpu_software,software,transform,bytes,ECB,16777216,6,16777216:ECB:6,132f975bed4eef37efaa80d3cfe07208e75c4d806014b3e8fdeff733ef8d45d2,2,578,True,,,,,,,,,,,59838400,0.0598384,280.37541110724885,62500000,1.044479798925105,
a77637c2-be04-4d14-b785-2074d94a3bd0,2003,AES-128,encrypt,cuda_baseline,baseline,resident,pinned,ECB,16777216,6,16777216:ECB:6,132f975bed4eef37efaa80d3cfe07208e75c4d806014b3e8fdeff733ef8d45d2,3,579,True,1,7874.320180436044,,0.002130624055862427,,,2130624.0558624268,,,,,,,,,2130624.0558624268
a77637c2-be04-4d14-b785-2074d94a3bd0,2003,AES-128,encrypt,cuda_ttable,ttable,resident,pinned,ECB,16777216,6,16777216:ECB:6,132f975bed4eef37efaa80d3cfe07208e75c4d806014b3e8fdeff733ef8d45d2,4,580,True,1,1106.5737120454169,,0.01516140842437744,,,15161408.424377441,,,,,,,,,15161408.424377441
a77637c2-be04-4d14-b785-2074d94a3bd0,2003,AES-128,encrypt,cpu_aesni,aesni,transform,bytes,ECB,16777216,6,16777216:ECB:6,132f975bed4eef37efaa80d3cfe07208e75c4d806014b3e8fdeff733ef8d45d2,5,581,True,,,,,,,,,,,9237700,0.0092377,1816.1680937895796,0,0.0,
a77637c2-be04-4d14-b785-2074d94a3bd0,2003,AES-128,encrypt,cuda_ttable,ttable,pipeline,pinned,ECB,16777216,6,16777216:ECB:6,132f975bed4eef37efaa80d3cfe07208e75c4d806014b3e8fdeff733ef8d45d2,6,582,True,,1098.1900247181284,796.1437092786538,0.015277152061462402,0.0210731,2912200,15277152.061462402,2777400,5689600,21073100,,,,,,
a77637c2-be04-4d14-b785-2074d94a3bd0,2003,AES-128,encrypt,cuda_optimized_v1,optimized,pipeline,pinned,ECB,16777216,6,16777216:ECB:6,132f975bed4eef37efaa80d3cfe07208e75c4d806014b3e8fdeff733ef8d45d2,7,583,True,,7469.980130757664,2149.960402383546,0.0022459518909454346,0.0078035,2748200,2245951.8909454346,2710200,5458400,7803500,,,,,,
a77637c2-be04-4d14-b785-2074d94a3bd0,2003,AES-128,encrypt,cuda_ttable,ttable,pipeline,pinned,CTR,16777216,6,16777216:CTR:6,ec8328587abf1b40e8c4253231d6dcc680caf908d052399c3c370b00131c5e37,0,584,True,,1184.1197997528668,853.0946848161576,0.014168512344360352,0.0196663,2708800,14168512.344360352,2685300,5394100,19666300,,,,,,
a77637c2-be04-4d14-b785-2074d94a3bd0,2003,AES-128,encrypt,cuda_optimized_v1,optimized,pipeline,pinned,CTR,16777216,6,16777216:CTR:6,ec8328587abf1b40e8c4253231d6dcc680caf908d052399c3c370b00131c5e37,1,585,True,,6985.663219272237,2115.2106105878943,0.0024016640186309813,0.0079317,2739900,2401664.0186309814,2688500,5428400,7931700,,,,,,
a77637c2-be04-4d14-b785-2074d94a3bd0,2003,AES-128,encrypt,cpu_aesni,aesni,transform,bytes,CTR,16777216,6,16777216:CTR:6,ec8328587abf1b40e8c4253231d6dcc680caf908d052399c3c370b00131c5e37,2,586,True,,,,,,,,,,,12789900,0.0127899,1311.7550567244466,15625000,1.2216670966934846,
a77637c2-be04-4d14-b785-2074d94a3bd0,2003,AES-128,encrypt,cuda_optimized_v1,optimized,resident,pinned,CTR,16777216,6,16777216:CTR:6,ec8328587abf1b40e8c4253231d6dcc680caf908d052399c3c370b00131c5e37,3,587,True,1,6446.507159961428,,0.0026025280952453613,,,2602528.0952453613,,,,,,,,,2602528.0952453613
a77637c2-be04-4d14-b785-2074d94a3bd0,2003,AES-128,encrypt,cuda_baseline,baseline,resident,pinned,CTR,16777216,6,16777216:CTR:6,ec8328587abf1b40e8c4253231d6dcc680caf908d052399c3c370b00131c5e37,4,588,True,1,6328.846716200257,,0.002650912046432495,,,2650912.046432495,,,,,,,,,2650912.046432495
a77637c2-be04-4d14-b785-2074d94a3bd0,2003,AES-128,encrypt,cuda_baseline,baseline,pipeline,pinned,CTR,16777216,6,16777216:CTR:6,ec8328587abf1b40e8c4253231d6dcc680caf908d052399c3c370b00131c5e37,5,589,True,,6294.502662143942,2011.8978294759563,0.0026653759479522707,0.008339,2745400,2665375.9479522705,2823600,5569000,8339000,,,,,,
a77637c2-be04-4d14-b785-2074d94a3bd0,2003,AES-128,encrypt,cuda_ttable,ttable,resident,pinned,CTR,16777216,6,16777216:CTR:6,ec8328587abf1b40e8c4253231d6dcc680caf908d052399c3c370b00131c5e37,6,590,True,1,1094.9355499454186,,0.01532256031036377,,,15322560.31036377,,,,,,,,,15322560.31036377
a77637c2-be04-4d14-b785-2074d94a3bd0,2003,AES-128,encrypt,cpu_software,software,transform,bytes,CTR,16777216,6,16777216:CTR:6,ec8328587abf1b40e8c4253231d6dcc680caf908d052399c3c370b00131c5e37,7,591,True,,,,,,,,,,,65308900,0.0653089,256.89019413893055,46875000,0.7177429109968166,
a77637c2-be04-4d14-b785-2074d94a3bd0,2003,AES-128,encrypt,cuda_optimized_v1,optimized,pipeline,pinned,ECB,16777216,7,16777216:ECB:7,4cf24888a746529a1290cd447fee59bc8c145fc6188a8a3f55321dc230a42df0,0,592,True,,6554.419340703624,2064.913537397383,0.0025596799850463865,0.0081249,2773800,2559679.9850463867,2684600,5458400,8124900,,,,,,
a77637c2-be04-4d14-b785-2074d94a3bd0,2003,AES-128,encrypt,cuda_baseline,baseline,resident,pinned,ECB,16777216,7,16777216:ECB:7,4cf24888a746529a1290cd447fee59bc8c145fc6188a8a3f55321dc230a42df0,1,593,True,1,6622.975535462963,,0.0025331840515136718,,,2533184.051513672,,,,,,,,,2533184.051513672
a77637c2-be04-4d14-b785-2074d94a3bd0,2003,AES-128,encrypt,cpu_aesni,aesni,transform,bytes,ECB,16777216,7,16777216:ECB:7,4cf24888a746529a1290cd447fee59bc8c145fc6188a8a3f55321dc230a42df0,2,594,True,,,,,,,,,,,10171300,0.0101713,1649.466243253075,15625000,1.5361851484077749,
a77637c2-be04-4d14-b785-2074d94a3bd0,2003,AES-128,encrypt,cuda_ttable,ttable,resident,pinned,ECB,16777216,7,16777216:ECB:7,4cf24888a746529a1290cd447fee59bc8c145fc6188a8a3f55321dc230a42df0,3,595,True,1,920.6643976382423,,0.018222944259643555,,,18222944.259643555,,,,,,,,,18222944.259643555
a77637c2-be04-4d14-b785-2074d94a3bd0,2003,AES-128,encrypt,cpu_software,software,transform,bytes,ECB,16777216,7,16777216:ECB:7,4cf24888a746529a1290cd447fee59bc8c145fc6188a8a3f55321dc230a42df0,4,596,True,,,,,,,,,,,60194200,0.0601942,278.7181489246472,78125000,1.2978825202428141,
a77637c2-be04-4d14-b785-2074d94a3bd0,2003,AES-128,encrypt,cuda_ttable,ttable,pipeline,pinned,ECB,16777216,7,16777216:ECB:7,4cf24888a746529a1290cd447fee59bc8c145fc6188a8a3f55321dc230a42df0,5,597,True,,844.5809816707894,658.1933165423033,0.019864543914794922,0.0254898,2708100,19864543.914794922,2807400,5515500,25489800,,,,,,
a77637c2-be04-4d14-b785-2074d94a3bd0,2003,AES-128,encrypt,cuda_optimized_v1,optimized,resident,pinned,ECB,16777216,7,16777216:ECB:7,4cf24888a746529a1290cd447fee59bc8c145fc6188a8a3f55321dc230a42df0,6,598,True,1,6072.716505455101,,0.0027627201080322266,,,2762720.1080322266,,,,,,,,,2762720.1080322266
a77637c2-be04-4d14-b785-2074d94a3bd0,2003,AES-128,encrypt,cuda_baseline,baseline,pipeline,pinned,ECB,16777216,7,16777216:ECB:7,4cf24888a746529a1290cd447fee59bc8c145fc6188a8a3f55321dc230a42df0,7,599,True,,6079.970376153926,2031.8287070677711,0.0027594239711761473,0.0082572,2704100,2759423.9711761475,2689400,5393500,8257200,,,,,,
a77637c2-be04-4d14-b785-2074d94a3bd0,2003,AES-128,encrypt,cuda_ttable,ttable,resident,pinned,CTR,16777216,7,16777216:CTR:7,55beae5b32b49dce2ef111beffe85d17e73e2e3aa2ecd72c890227a3e861d500,0,600,True,1,961.3471726307048,,0.0174517765045166,,,17451776.5045166,,,,,,,,,17451776.5045166
a77637c2-be04-4d14-b785-2074d94a3bd0,2003,AES-128,encrypt,cuda_optimized_v1,optimized,pipeline,pinned,CTR,16777216,7,16777216:CTR:7,55beae5b32b49dce2ef111beffe85d17e73e2e3aa2ecd72c890227a3e861d500,1,601,True,,5753.3771076638195,1244.8868805140648,0.0029160640239715577,0.0134769,5313700,2916064.0239715576,5147000,10460700,13476900,,,,,,
a77637c2-be04-4d14-b785-2074d94a3bd0,2003,AES-128,encrypt,cpu_software,software,transform,bytes,CTR,16777216,7,16777216:CTR:7,55beae5b32b49dce2ef111beffe85d17e73e2e3aa2ecd72c890227a3e861d500,2,602,True,,,,,,,,,,,63561700,0.0635617,263.9516564220277,62500000,0.9832965449319323,
a77637c2-be04-4d14-b785-2074d94a3bd0,2003,AES-128,encrypt,cuda_optimized_v1,optimized,resident,pinned,CTR,16777216,7,16777216:CTR:7,55beae5b32b49dce2ef111beffe85d17e73e2e3aa2ecd72c890227a3e861d500,3,603,True,1,5931.262227296903,,0.0028286080360412596,,,2828608.0360412598,,,,,,,,,2828608.0360412598
a77637c2-be04-4d14-b785-2074d94a3bd0,2003,AES-128,encrypt,cuda_baseline,baseline,resident,pinned,CTR,16777216,7,16777216:CTR:7,55beae5b32b49dce2ef111beffe85d17e73e2e3aa2ecd72c890227a3e861d500,4,604,True,1,5429.997515881425,,0.0030897281169891357,,,3089728.1169891357,,,,,,,,,3089728.1169891357
a77637c2-be04-4d14-b785-2074d94a3bd0,2003,AES-128,encrypt,cpu_aesni,aesni,transform,bytes,CTR,16777216,7,16777216:CTR:7,55beae5b32b49dce2ef111beffe85d17e73e2e3aa2ecd72c890227a3e861d500,5,605,True,,,,,,,,,,,12691600,0.0126916,1321.9149673799993,15625000,1.2311292508430773,
a77637c2-be04-4d14-b785-2074d94a3bd0,2003,AES-128,encrypt,cuda_ttable,ttable,pipeline,pinned,CTR,16777216,7,16777216:CTR:7,55beae5b32b49dce2ef111beffe85d17e73e2e3aa2ecd72c890227a3e861d500,6,606,True,,925.3964373043179,582.5118830616461,0.0181297607421875,0.0288015,5205200,18129760.7421875,5346500,10551700,28801500,,,,,,
a77637c2-be04-4d14-b785-2074d94a3bd0,2003,AES-128,encrypt,cuda_baseline,baseline,pipeline,pinned,CTR,16777216,7,16777216:CTR:7,55beae5b32b49dce2ef111beffe85d17e73e2e3aa2ecd72c890227a3e861d500,7,607,True,,5290.547687666413,1223.7478573564701,0.003171168088912964,0.0137097,5283700,3171168.088912964,5152900,10436600,13709700,,,,,,
a77637c2-be04-4d14-b785-2074d94a3bd0,2003,AES-128,encrypt,cuda_optimized_v1,optimized,resident,pinned,ECB,16777216,8,16777216:ECB:8,872a0b14dcfc78c06a5c372b383fd16428df833b94a8ce5d9485e4f86eb7ce1f,0,608,True,1,5440.7040566529895,,0.0030836479663848876,,,3083647.9663848877,,,,,,,,,3083647.9663848877
a77637c2-be04-4d14-b785-2074d94a3bd0,2003,AES-128,encrypt,cuda_ttable,ttable,resident,pinned,ECB,16777216,8,16777216:ECB:8,872a0b14dcfc78c06a5c372b383fd16428df833b94a8ce5d9485e4f86eb7ce1f,1,609,True,1,769.3666744956507,,0.021806528091430664,,,21806528.091430664,,,,,,,,,21806528.091430664
a77637c2-be04-4d14-b785-2074d94a3bd0,2003,AES-128,encrypt,cuda_optimized_v1,optimized,pipeline,pinned,ECB,16777216,8,16777216:ECB:8,872a0b14dcfc78c06a5c372b383fd16428df833b94a8ce5d9485e4f86eb7ce1f,2,610,True,,5728.23319458969,1231.0571384545394,0.0029288640022277833,0.0136283,5421500,2928864.002227783,5173000,10594500,13628300,,,,,,
a77637c2-be04-4d14-b785-2074d94a3bd0,2003,AES-128,encrypt,cuda_baseline,baseline,pipeline,pinned,ECB,16777216,8,16777216:ECB:8,872a0b14dcfc78c06a5c372b383fd16428df833b94a8ce5d9485e4f86eb7ce1f,3,611,True,,5806.84044129012,1247.9890503890385,0.0028892159461975098,0.0134434,5208500,2889215.9461975098,5249400,10457900,13443400,,,,,,
a77637c2-be04-4d14-b785-2074d94a3bd0,2003,AES-128,encrypt,cpu_software,software,transform,bytes,ECB,16777216,8,16777216:ECB:8,872a0b14dcfc78c06a5c372b383fd16428df833b94a8ce5d9485e4f86eb7ce1f,4,612,True,,,,,,,,,,,61286400,0.0612864,273.75104427736005,62500000,1.0198021094402674,
a77637c2-be04-4d14-b785-2074d94a3bd0,2003,AES-128,encrypt,cuda_ttable,ttable,pipeline,pinned,ECB,16777216,8,16777216:ECB:8,872a0b14dcfc78c06a5c372b383fd16428df833b94a8ce5d9485e4f86eb7ce1f,5,613,True,,763.4602735103091,516.2808073534526,0.021975231170654298,0.0324963,5262900,21975231.170654297,5154700,10417600,32496300,,,,,,
a77637c2-be04-4d14-b785-2074d94a3bd0,2003,AES-128,encrypt,cpu_aesni,aesni,transform,bytes,ECB,16777216,8,16777216:ECB:8,872a0b14dcfc78c06a5c372b383fd16428df833b94a8ce5d9485e4f86eb7ce1f,6,614,True,,,,,,,,,,,9855900,0.0098559,1702.2510374496494,0,0.0,
a77637c2-be04-4d14-b785-2074d94a3bd0,2003,AES-128,encrypt,cuda_baseline,baseline,resident,pinned,ECB,16777216,8,16777216:ECB:8,872a0b14dcfc78c06a5c372b383fd16428df833b94a8ce5d9485e4f86eb7ce1f,7,615,True,1,5291.8295819728955,,0.0031703999042510984,,,3170399.9042510986,,,,,,,,,3170399.9042510986
a77637c2-be04-4d14-b785-2074d94a3bd0,2003,AES-128,encrypt,cuda_optimized_v1,optimized,pipeline,pinned,CTR,16777216,8,16777216:CTR:8,323668320128c8bae36d7a36f06e544ccf69933b120f0d77f4ce40eda66da4a3,0,616,True,,5203.592944850913,1211.666281488329,0.0032241599559783935,0.0138464,5204600,3224159.9559783936,5259200,10463800,13846400,,,,,,
a77637c2-be04-4d14-b785-2074d94a3bd0,2003,AES-128,encrypt,cpu_aesni,aesni,transform,bytes,CTR,16777216,8,16777216:CTR:8,323668320128c8bae36d7a36f06e544ccf69933b120f0d77f4ce40eda66da4a3,1,617,True,,,,,,,,,,,12838000,0.012838,1306.8403178065118,15625000,1.2170898893908708,
a77637c2-be04-4d14-b785-2074d94a3bd0,2003,AES-128,encrypt,cpu_software,software,transform,bytes,CTR,16777216,8,16777216:CTR:8,323668320128c8bae36d7a36f06e544ccf69933b120f0d77f4ce40eda66da4a3,2,618,True,,,,,,,,,,,64037000,0.064037,261.9925355653763,62500000,0.9759982510111342,
a77637c2-be04-4d14-b785-2074d94a3bd0,2003,AES-128,encrypt,cuda_baseline,baseline,pipeline,pinned,CTR,16777216,8,16777216:CTR:8,323668320128c8bae36d7a36f06e544ccf69933b120f0d77f4ce40eda66da4a3,3,619,True,,5217.055410659279,1219.575767268075,0.0032158401012420653,0.0137566,5268300,3215840.1012420654,5156300,10424600,13756600,,,,,,
a77637c2-be04-4d14-b785-2074d94a3bd0,2003,AES-128,encrypt,cuda_ttable,ttable,resident,pinned,CTR,16777216,8,16777216:CTR:8,323668320128c8bae36d7a36f06e544ccf69933b120f0d77f4ce40eda66da4a3,4,620,True,1,871.1172160402318,,0.019259424209594728,,,19259424.209594727,,,,,,,,,19259424.209594727
a77637c2-be04-4d14-b785-2074d94a3bd0,2003,AES-128,encrypt,cuda_ttable,ttable,pipeline,pinned,CTR,16777216,8,16777216:CTR:8,323668320128c8bae36d7a36f06e544ccf69933b120f0d77f4ce40eda66da4a3,5,621,True,,830.511850125732,544.7784806016288,0.0202010555267334,0.0307964,5280200,20201055.5267334,5162400,10442600,30796400,,,,,,
a77637c2-be04-4d14-b785-2074d94a3bd0,2003,AES-128,encrypt,cuda_optimized_v1,optimized,resident,pinned,CTR,16777216,8,16777216:CTR:8,323668320128c8bae36d7a36f06e544ccf69933b120f0d77f4ce40eda66da4a3,6,622,True,1,4693.4211013404865,,0.0035746240615844725,,,3574624.0615844727,,,,,,,,,3574624.0615844727
a77637c2-be04-4d14-b785-2074d94a3bd0,2003,AES-128,encrypt,cuda_baseline,baseline,resident,pinned,CTR,16777216,8,16777216:CTR:8,323668320128c8bae36d7a36f06e544ccf69933b120f0d77f4ce40eda66da4a3,7,623,True,1,4721.911501576806,,0.003553056001663208,,,3553056.001663208,,,,,,,,,3553056.001663208
a77637c2-be04-4d14-b785-2074d94a3bd0,2003,AES-128,encrypt,cpu_aesni,aesni,transform,bytes,ECB,16777216,9,16777216:ECB:9,43e539468e93e8247219cc914493400890d2c28b69b7ef2a0099ec8e116f33a3,0,624,True,,,,,,,,,,,9406500,0.0094065,1783.576888321905,0,0.0,
a77637c2-be04-4d14-b785-2074d94a3bd0,2003,AES-128,encrypt,cuda_ttable,ttable,pipeline,pinned,ECB,16777216,9,16777216:ECB:9,43e539468e93e8247219cc914493400890d2c28b69b7ef2a0099ec8e116f33a3,1,625,True,,697.2350611840283,479.65326578572694,0.024062496185302734,0.0349778,5403500,24062496.185302734,5363400,10766900,34977800,,,,,,
a77637c2-be04-4d14-b785-2074d94a3bd0,2003,AES-128,encrypt,cuda_baseline,baseline,pipeline,pinned,ECB,16777216,9,16777216:ECB:9,43e539468e93e8247219cc914493400890d2c28b69b7ef2a0099ec8e116f33a3,2,626,True,,4774.457909397667,1170.5224968778562,0.0035139520168304445,0.0143331,5443800,3513952.0168304443,5222100,10665900,14333100,,,,,,
a77637c2-be04-4d14-b785-2074d94a3bd0,2003,AES-128,encrypt,cuda_ttable,ttable,resident,pinned,ECB,16777216,9,16777216:ECB:9,43e539468e93e8247219cc914493400890d2c28b69b7ef2a0099ec8e116f33a3,3,627,True,1,700.8335913260729,,0.02393894386291504,,,23938943.86291504,,,,,,,,,23938943.86291504
a77637c2-be04-4d14-b785-2074d94a3bd0,2003,AES-128,encrypt,cpu_software,software,transform,bytes,ECB,16777216,9,16777216:ECB:9,43e539468e93e8247219cc914493400890d2c28b69b7ef2a0099ec8e116f33a3,4,628,True,,,,,,,,,,,59967600,0.0599676,279.77134319199035,62500000,1.0422294705807802,
a77637c2-be04-4d14-b785-2074d94a3bd0,2003,AES-128,encrypt,cuda_baseline,baseline,resident,pinned,ECB,16777216,9,16777216:ECB:9,43e539468e93e8247219cc914493400890d2c28b69b7ef2a0099ec8e116f33a3,5,629,True,1,4932.247096578444,,0.0034015359878540037,,,3401535.987854004,,,,,,,,,3401535.987854004
a77637c2-be04-4d14-b785-2074d94a3bd0,2003,AES-128,encrypt,cuda_optimized_v1,optimized,resident,pinned,ECB,16777216,9,16777216:ECB:9,43e539468e93e8247219cc914493400890d2c28b69b7ef2a0099ec8e116f33a3,6,630,True,1,4757.647659760393,,0.0035263679027557372,,,3526367.9027557373,,,,,,,,,3526367.9027557373
a77637c2-be04-4d14-b785-2074d94a3bd0,2003,AES-128,encrypt,cuda_optimized_v1,optimized,pipeline,pinned,ECB,16777216,9,16777216:ECB:9,43e539468e93e8247219cc914493400890d2c28b69b7ef2a0099ec8e116f33a3,7,631,True,,4802.88761128855,1197.4659186615847,0.003493151903152466,0.0140106,5244000,3493151.903152466,5173400,10417400,14010600,,,,,,
a77637c2-be04-4d14-b785-2074d94a3bd0,2003,AES-128,encrypt,cuda_optimized_v1,optimized,resident,pinned,CTR,16777216,9,16777216:CTR:9,f953044a37ee1dacdd4f3a0839b87b02f07d1ac51642918b65186f79e263f1b7,0,632,True,1,4822.103167827056,,0.0034792320728302003,,,3479232.0728302,,,,,,,,,3479232.0728302
a77637c2-be04-4d14-b785-2074d94a3bd0,2003,AES-128,encrypt,cuda_ttable,ttable,pipeline,pinned,CTR,16777216,9,16777216:CTR:9,f953044a37ee1dacdd4f3a0839b87b02f07d1ac51642918b65186f79e263f1b7,1,633,True,,833.4149453148761,547.5163825287837,0.020130687713623047,0.0306424,5239200,20130687.713623047,5160100,10399300,30642400,,,,,,
a77637c2-be04-4d14-b785-2074d94a3bd0,2003,AES-128,encrypt,cpu_software,software,transform,bytes,CTR,16777216,9,16777216:CTR:9,f953044a37ee1dacdd4f3a0839b87b02f07d1ac51642918b65186f79e263f1b7,2,634,True,,,,,,,,,,,112168000,0.112168,149.57221310890807,78125000,0.6964998930176164,
a77637c2-be04-4d14-b785-2074d94a3bd0,2003,AES-128,encrypt,cuda_baseline,baseline,resident,pinned,CTR,16777216,9,16777216:CTR:9,f953044a37ee1dacdd4f3a0839b87b02f07d1ac51642918b65186f79e263f1b7,3,635,True,1,4591.485808203618,,0.0036539840698242188,,,3653984.0698242188,,,,,,,,,3653984.0698242188
a77637c2-be04-4d14-b785-2074d94a3bd0,2003,AES-128,encrypt,cuda_ttable,ttable,resident,pinned,CTR,16777216,9,16777216:CTR:9,f953044a37ee1dacdd4f3a0839b87b02f07d1ac51642918b65186f79e263f1b7,4,636,True,1,832.2903498968022,,0.020157888412475587,,,20157888.412475586,,,,,,,,,20157888.412475586
a77637c2-be04-4d14-b785-2074d94a3bd0,2003,AES-128,encrypt,cuda_optimized_v1,optimized,pipeline,pinned,CTR,16777216,9,16777216:CTR:9,f953044a37ee1dacdd4f3a0839b87b02f07d1ac51642918b65186f79e263f1b7,5,637,True,,4619.033486763249,1183.577848324515,0.0036321918964385986,0.014175,5204100,3632191.8964385986,5236300,10440400,14175000,,,,,,
a77637c2-be04-4d14-b785-2074d94a3bd0,2003,AES-128,encrypt,cuda_baseline,baseline,pipeline,pinned,CTR,16777216,9,16777216:CTR:9,f953044a37ee1dacdd4f3a0839b87b02f07d1ac51642918b65186f79e263f1b7,6,638,True,,4584.6202093733145,1175.7725434680533,0.0036594560146331785,0.0142691,5318000,3659456.0146331787,5196600,10514600,14269100,,,,,,
a77637c2-be04-4d14-b785-2074d94a3bd0,2003,AES-128,encrypt,cpu_aesni,aesni,transform,bytes,CTR,16777216,9,16777216:CTR:9,f953044a37ee1dacdd4f3a0839b87b02f07d1ac51642918b65186f79e263f1b7,7,639,True,,,,,,,,,,,13542000,0.013542,1238.9023777876237,15625000,1.1538177521784079,
a77637c2-be04-4d14-b785-2074d94a3bd0,2003,AES-128,encrypt,cpu_software,software,transform,bytes,ECB,33554432,0,33554432:ECB:0,d41e289392c0c4c529a55d9c9e2b1edc45d66120c078557d3fc2b7ebcdb54138,0,640,True,,,,,,,,,,,120606500,0.1206065,278.21412610431446,109375000,0.9068748367625293,
a77637c2-be04-4d14-b785-2074d94a3bd0,2003,AES-128,encrypt,cuda_optimized_v1,optimized,resident,pinned,ECB,33554432,0,33554432:ECB:0,d41e289392c0c4c529a55d9c9e2b1edc45d66120c078557d3fc2b7ebcdb54138,1,641,True,1,10120.022149921664,,0.003315648078918457,,,3315648.078918457,,,,,,,,,3315648.078918457
a77637c2-be04-4d14-b785-2074d94a3bd0,2003,AES-128,encrypt,cuda_ttable,ttable,pipeline,pinned,ECB,33554432,0,33554432:ECB:0,d41e289392c0c4c529a55d9c9e2b1edc45d66120c078557d3fc2b7ebcdb54138,2,642,True,,1401.2269721882647,969.4338445181496,0.023946464538574217,0.0346124,5324100,23946464.53857422,5243200,10567300,34612400,,,,,,
a77637c2-be04-4d14-b785-2074d94a3bd0,2003,AES-128,encrypt,cuda_ttable,ttable,resident,pinned,ECB,33554432,0,33554432:ECB:0,d41e289392c0c4c529a55d9c9e2b1edc45d66120c078557d3fc2b7ebcdb54138,3,643,True,1,1401.4947720875095,,0.0239418888092041,,,23941888.8092041,,,,,,,,,23941888.8092041
a77637c2-be04-4d14-b785-2074d94a3bd0,2003,AES-128,encrypt,cuda_baseline,baseline,pipeline,pinned,ECB,33554432,0,33554432:ECB:0,d41e289392c0c4c529a55d9c9e2b1edc45d66120c078557d3fc2b7ebcdb54138,4,644,True,,10131.65835871174,2353.953628678663,0.0033118400573730468,0.0142545,5577900,3311840.057373047,5231800,10809700,14254500,,,,,,
a77637c2-be04-4d14-b785-2074d94a3bd0,2003,AES-128,encrypt,cpu_aesni,aesni,transform,bytes,ECB,33554432,0,33554432:ECB:0,d41e289392c0c4c529a55d9c9e2b1edc45d66120c078557d3fc2b7ebcdb54138,5,645,True,,,,,,,,,,,20500600,0.0205006,1636.7536559905564,15625000,0.7621728144542111,
a77637c2-be04-4d14-b785-2074d94a3bd0,2003,AES-128,encrypt,cuda_optimized_v1,optimized,pipeline,pinned,ECB,33554432,0,33554432:ECB:0,d41e289392c0c4c529a55d9c9e2b1edc45d66120c078557d3fc2b7ebcdb54138,6,646,True,,11583.914907599716,2461.3737859804583,0.002896640062332153,0.0136324,5319800,2896640.0623321533,5333400,10653200,13632400,,,,,,
a77637c2-be04-4d14-b785-2074d94a3bd0,2003,AES-128,encrypt,cuda_baseline,baseline,resident,pinned,ECB,33554432,0,33554432:ECB:0,d41e289392c0c4c529a55d9c9e2b1edc45d66120c078557d3fc2b7ebcdb54138,7,647,True,1,11590.189188083288,,0.0028950719833374023,,,2895071.9833374023,,,,,,,,,2895071.9833374023
a77637c2-be04-4d14-b785-2074d94a3bd0,2003,AES-128,encrypt,cuda_optimized_v1,optimized,resident,pinned,CTR,33554432,0,33554432:CTR:0,88583288400da163ea18cf019bf5372f73e1532a556c7408f79b814a69ea9aab,0,648,True,1,11318.337034898883,,0.0029646079540252687,,,2964607.9540252686,,,,,,,,,2964607.9540252686
a77637c2-be04-4d14-b785-2074d94a3bd0,2003,AES-128,encrypt,cuda_baseline,baseline,pipeline,pinned,CTR,33554432,0,33554432:CTR:0,88583288400da163ea18cf019bf5372f73e1532a556c7408f79b814a69ea9aab,1,649,True,,11332.036308844,2462.6925306970224,0.0029610240459442137,0.0136251,5338100,2961024.045944214,5231700,10569800,13625100,,,,,,
a77637c2-be04-4d14-b785-2074d94a3bd0,2003,AES-128,encrypt,cuda_baseline,baseline,resident,pinned,CTR,33554432,0,33554432:CTR:0,88583288400da163ea18cf019bf5372f73e1532a556c7408f79b814a69ea9aab,2,650,True,1,11344.9099875947,,0.0029576640129089357,,,2957664.0129089355,,,,,,,,,2957664.0129089355
a77637c2-be04-4d14-b785-2074d94a3bd0,2003,AES-128,encrypt,cuda_ttable,ttable,pipeline,pinned,CTR,33554432,0,33554432:CTR:0,88583288400da163ea18cf019bf5372f73e1532a556c7408f79b814a69ea9aab,3,651,True,,1887.8736035646866,1177.2493544403278,0.017773664474487305,0.0285024,5326900,17773664.474487305,5297400,10624300,28502400,,,,,,
a77637c2-be04-4d14-b785-2074d94a3bd0,2003,AES-128,encrypt,cuda_optimized_v1,optimized,pipeline,pinned,CTR,33554432,0,33554432:CTR:0,88583288400da163ea18cf019bf5372f73e1532a556c7408f79b814a69ea9aab,4,652,True,,11316.992771544163,2453.921514136524,0.0029649600982666014,0.0136738,5404000,2964960.0982666016,5211800,10615800,13673800,,,,,,
a77637c2-be04-4d14-b785-2074d94a3bd0,2003,AES-128,encrypt,cpu_aesni,aesni,transform,bytes,CTR,33554432,0,33554432:CTR:0,88583288400da163ea18cf019bf5372f73e1532a556c7408f79b814a69ea9aab,5,653,True,,,,,,,,,,,23001400,0.0230014,1458.799551331658,31250000,1.3586129539941048,
a77637c2-be04-4d14-b785-2074d94a3bd0,2003,AES-128,encrypt,cpu_software,software,transform,bytes,CTR,33554432,0,33554432:CTR:0,88583288400da163ea18cf019bf5372f73e1532a556c7408f79b814a69ea9aab,6,654,True,,,,,,,,,,,126228100,0.1262281,265.82379042384383,125000000,0.9902707875663185,
a77637c2-be04-4d14-b785-2074d94a3bd0,2003,AES-128,encrypt,cuda_ttable,ttable,resident,pinned,CTR,33554432,0,33554432:CTR:0,88583288400da163ea18cf019bf5372f73e1532a556c7408f79b814a69ea9aab,7,655,True,1,1876.1088136313774,,0.017885120391845703,,,17885120.391845703,,,,,,,,,17885120.391845703
a77637c2-be04-4d14-b785-2074d94a3bd0,2003,AES-128,encrypt,cuda_baseline,baseline,pipeline,pinned,ECB,33554432,1,33554432:ECB:1,0526ec4801156c74f68136719644e5f79aed026b966c7775e8246160cc2e31ab,0,656,True,,11322.369919973535,2408.944727225736,0.002963551998138428,0.0139291,5544900,2963551.9981384277,5282900,10827800,13929100,,,,,,
a77637c2-be04-4d14-b785-2074d94a3bd0,2003,AES-128,encrypt,cuda_baseline,baseline,resident,pinned,ECB,33554432,1,33554432:ECB:1,0526ec4801156c74f68136719644e5f79aed026b966c7775e8246160cc2e31ab,1,657,True,1,11281.561288478293,,0.0029742720127105713,,,2974272.0127105713,,,,,,,,,2974272.0127105713
a77637c2-be04-4d14-b785-2074d94a3bd0,2003,AES-128,encrypt,cuda_optimized_v1,optimized,pipeline,pinned,ECB,33554432,1,33554432:ECB:1,0526ec4801156c74f68136719644e5f79aed026b966c7775e8246160cc2e31ab,2,658,True,,11295.294010765152,2361.857138834924,0.002970655918121338,0.0142068,5884100,2970655.918121338,5215700,11099800,14206800,,,,,,
a77637c2-be04-4d14-b785-2074d94a3bd0,2003,AES-128,encrypt,cuda_ttable,ttable,resident,pinned,ECB,33554432,1,33554432:ECB:1,0526ec4801156c74f68136719644e5f79aed026b966c7775e8246160cc2e31ab,3,659,True,1,1604.1268118878472,,0.02091756820678711,,,20917568.20678711,,,,,,,,,20917568.20678711
a77637c2-be04-4d14-b785-2074d94a3bd0,2003,AES-128,encrypt,cpu_aesni,aesni,transform,bytes,ECB,33554432,1,33554432:ECB:1,0526ec4801156c74f68136719644e5f79aed026b966c7775e8246160cc2e31ab,4,660,True,,,,,,,,,,,20899200,0.0208992,1605.536671260144,31250000,1.4952725463175625,
a77637c2-be04-4d14-b785-2074d94a3bd0,2003,AES-128,encrypt,cuda_optimized_v1,optimized,resident,pinned,ECB,33554432,1,33554432:ECB:1,0526ec4801156c74f68136719644e5f79aed026b966c7775e8246160cc2e31ab,5,661,True,1,11645.022239652943,,0.0028814399242401124,,,2881439.9242401123,,,,,,,,,2881439.9242401123
a77637c2-be04-4d14-b785-2074d94a3bd0,2003,AES-128,encrypt,cuda_ttable,ttable,pipeline,pinned,ECB,33554432,1,33554432:ECB:1,0526ec4801156c74f68136719644e5f79aed026b966c7775e8246160cc2e31ab,6,662,True,,1602.151374055768,1062.7638980388183,0.020943359375,0.0315728,5323000,20943359.375,5214700,10537700,31572800,,,,,,
a77637c2-be04-4d14-b785-2074d94a3bd0,2003,AES-128,encrypt,cpu_software,software,transform,bytes,ECB,33554432,1,33554432:ECB:1,0526ec4801156c74f68136719644e5f79aed026b966c7775e8246160cc2e31ab,7,663,True,,,,,,,,,,,121987300,0.1219873,275.06496168043725,125000000,1.0246968331949309,
a77637c2-be04-4d14-b785-2074d94a3bd0,2003,AES-128,encrypt,cuda_optimized_v1,optimized,resident,pinned,CTR,33554432,1,33554432:CTR:1,e819469f0b399bbad94868233231086d6eb8235665d604eacac92e14dd801ac7,0,664,True,1,11093.576973514144,,0.003024672031402588,,,3024672.031402588,,,,,,,,,3024672.031402588
a77637c2-be04-4d14-b785-2074d94a3bd0,2003,AES-128,encrypt,cuda_ttable,ttable,resident,pinned,CTR,33554432,1,33554432:CTR:1,e819469f0b399bbad94868233231086d6eb8235665d604eacac92e14dd801ac7,1,665,True,1,1879.8253811586685,,0.017849760055541994,,,17849760.055541992,,,,,,,,,17849760.055541992
a77637c2-be04-4d14-b785-2074d94a3bd0,2003,AES-128,encrypt,cpu_software,software,transform,bytes,CTR,33554432,1,33554432:CTR:1,e819469f0b399bbad94868233231086d6eb8235665d604eacac92e14dd801ac7,2,666,True,,,,,,,,,,,130038600,0.1300386,258.0343990169073,125000000,0.9612530433271351,
a77637c2-be04-4d14-b785-2074d94a3bd0,2003,AES-128,encrypt,cuda_baseline,baseline,pipeline,pinned,CTR,33554432,1,33554432:CTR:1,e819469f0b399bbad94868233231086d6eb8235665d604eacac92e14dd801ac7,3,667,True,,11148.659448029954,2460.092525385828,0.003009727954864502,0.0136395,5316500,3009727.954864502,5214200,10530700,13639500,,,,,,
a77637c2-be04-4d14-b785-2074d94a3bd0,2003,AES-128,encrypt,cuda_optimized_v1,optimized,pipeline,pinned,CTR,33554432,1,33554432:CTR:1,e819469f0b399bbad94868233231086d6eb8235665d604eacac92e14dd801ac7,4,668,True,,11367.786970891759,2454.549790421571,0.002951711893081665,0.0136703,5355300,2951711.893081665,5262800,10618100,13670300,,,,,,
a77637c2-be04-4d14-b785-2074d94a3bd0,2003,AES-128,encrypt,cuda_baseline,baseline,resident,pinned,CTR,33554432,1,33554432:CTR:1,e819469f0b399bbad94868233231086d6eb8235665d604eacac92e14dd801ac7,5,669,True,1,11136.345144816454,,0.003013056039810181,,,3013056.0398101807,,,,,,,,,3013056.0398101807
a77637c2-be04-4d14-b785-2074d94a3bd0,2003,AES-128,encrypt,cpu_aesni,aesni,transform,bytes,CTR,33554432,1,33554432:CTR:1,e819469f0b399bbad94868233231086d6eb8235665d604eacac92e14dd801ac7,6,670,True,,,,,,,,,,,26320100,0.0263201,1274.859593998503,15625000,0.5936527596779647,
a77637c2-be04-4d14-b785-2074d94a3bd0,2003,AES-128,encrypt,cuda_ttable,ttable,pipeline,pinned,CTR,33554432,1,33554432:CTR:1,e819469f0b399bbad94868233231086d6eb8235665d604eacac92e14dd801ac7,7,671,True,,1887.3775818580216,1175.81374486635,0.017778335571289064,0.0285372,5321100,17778335.571289062,5281200,10602300,28537200,,,,,,
a77637c2-be04-4d14-b785-2074d94a3bd0,2003,AES-128,encrypt,cuda_optimized_v1,optimized,pipeline,pinned,CTR,33554432,2,33554432:CTR:2,70e73b4fe0cd9eb40991f9aa89fec35857d5e54d1c7caf661055eac4046e990a,0,672,True,,6837.528330547779,2140.9887445445497,0.004907392024993897,0.0156724,5316500,4907392.0249938965,5331000,10647500,15672400,,,,,,
a77637c2-be04-4d14-b785-2074d94a3bd0,2003,AES-128,encrypt,cuda_ttable,ttable,resident,pinned,CTR,33554432,2,33554432:CTR:2,70e73b4fe0cd9eb40991f9aa89fec35857d5e54d1c7caf661055eac4046e990a,1,673,True,1,1146.264086132573,,0.029272863388061524,,,29272863.388061523,,,,,,,,,29272863.388061523
a77637c2-be04-4d14-b785-2074d94a3bd0,2003,AES-128,encrypt,cpu_software,software,transform,bytes,CTR,33554432,2,33554432:CTR:2,70e73b4fe0cd9eb40991f9aa89fec35857d5e54d1c7caf661055eac4046e990a,2,674,True,,,,,,,,,,,127665300,0.1276653,262.83126268453526,140625000,1.1015130971375935,
a77637c2-be04-4d14-b785-2074d94a3bd0,2003,AES-128,encrypt,cuda_ttable,ttable,pipeline,pinned,CTR,33554432,2,33554432:CTR:2,70e73b4fe0cd9eb40991f9aa89fec35857d5e54d1c7caf661055eac4046e990a,3,675,True,,1116.4625294663472,817.9219968798752,0.030054239273071288,0.041024,5402000,30054239.27307129,5426300,10828300,41024000,,,,,,
a77637c2-be04-4d14-b785-2074d94a3bd0,2003,AES-128,encrypt,cpu_aesni,aesni,transform,bytes,CTR,33554432,2,33554432:CTR:2,70e73b4fe0cd9eb40991f9aa89fec35857d5e54d1c7caf661055eac4046e990a,4,676,True,,,,,,,,,,,23187000,0.023187,1447.122611808341,31250000,1.3477379566136196,
a77637c2-be04-4d14-b785-2074d94a3bd0,2003,AES-128,encrypt,cuda_baseline,baseline,pipeline,pinned,CTR,33554432,2,33554432:CTR:2,70e73b4fe0cd9eb40991f9aa89fec35857d5e54d1c7caf661055eac4046e990a,5,677,True,,6784.572451277281,2120.584458263815,0.004945695877075195,0.0158232,5467800,4945695.877075195,5308600,10776400,15823200,,,,,,
a77637c2-be04-4d14-b785-2074d94a3bd0,2003,AES-128,encrypt,cuda_optimized_v1,optimized,resident,pinned,CTR,33554432,2,33554432:CTR:2,70e73b4fe0cd9eb40991f9aa89fec35857d5e54d1c7caf661055eac4046e990a,6,678,True,1,6821.470788244759,,0.004918943881988525,,,4918943.881988525,,,,,,,,,4918943.881988525
a77637c2-be04-4d14-b785-2074d94a3bd0,2003,AES-128,encrypt,cuda_baseline,baseline,resident,pinned,CTR,33554432,2,33554432:CTR:2,70e73b4fe0cd9eb40991f9aa89fec35857d5e54d1c7caf661055eac4046e990a,7,679,True,1,6852.004593044229,,0.004897024154663086,,,4897024.154663086,,,,,,,,,4897024.154663086
a77637c2-be04-4d14-b785-2074d94a3bd0,2003,AES-128,encrypt,cuda_baseline,baseline,resident,pinned,ECB,33554432,2,33554432:ECB:2,162f19c4036b6ac89584af30750ee412f455a538aefbc8704e43c07183178b21,0,680,True,1,7616.535415482982,,0.004405471801757812,,,4405471.8017578125,,,,,,,,,4405471.8017578125
a77637c2-be04-4d14-b785-2074d94a3bd0,2003,AES-128,encrypt,cpu_software,software,transform,bytes,ECB,33554432,2,33554432:ECB:2,162f19c4036b6ac89584af30750ee412f455a538aefbc8704e43c07183178b21,1,681,True,,,,,,,,,,,121254200,0.1212542,276.7279978755375,125000000,1.030892125798529,
a77637c2-be04-4d14-b785-2074d94a3bd0,2003,AES-128,encrypt,cuda_ttable,ttable,resident,pinned,ECB,33554432,2,33554432:ECB:2,162f19c4036b6ac89584af30750ee412f455a538aefbc8704e43c07183178b21,2,682,True,1,1041.4421171276108,,0.03221920013427734,,,32219200.134277344,,,,,,,,,32219200.134277344
a77637c2-be04-4d14-b785-2074d94a3bd0,2003,AES-128,encrypt,cpu_aesni,aesni,transform,bytes,ECB,33554432,2,33554432:ECB:2,162f19c4036b6ac89584af30750ee412f455a538aefbc8704e43c07183178b21,3,683,True,,,,,,,,,,,20445600,0.0204456,1641.156630277419,31250000,1.528446218257229,
a77637c2-be04-4d14-b785-2074d94a3bd0,2003,AES-128,encrypt,cuda_baseline,baseline,pipeline,pinned,ECB,33554432,2,33554432:ECB:2,162f19c4036b6ac89584af30750ee412f455a538aefbc8704e43c07183178b21,4,684,True,,7478.557261792116,2210.2184896090635,0.0044867520332336425,0.0151815,5378000,4486752.033233643,5213200,10591200,15181500,,,,,,
a77637c2-be04-4d14-b785-2074d94a3bd0,2003,AES-128,encrypt,cuda_optimized_v1,optimized,pipeline,pinned,ECB,33554432,2,33554432:ECB:2,162f19c4036b6ac89584af30750ee412f455a538aefbc8704e43c07183178b21,5,685,True,,7512.527063800077,2200.3627659923277,0.004466464042663574,0.0152495,5456000,4466464.042663574,5214900,10670900,15249500,,,,,,
a77637c2-be04-4d14-b785-2074d94a3bd0,2003,AES-128,encrypt,cuda_ttable,ttable,pipeline,pinned,ECB,33554432,2,33554432:ECB:2,162f19c4036b6ac89584af30750ee412f455a538aefbc8704e43c07183178b21,6,686,True,,1039.6372302740199,778.2741064946572,0.032275135040283204,0.0431139,5380700,32275135.040283203,5243100,10623800,43113900,,,,,,
a77637c2-be04-4d14-b785-2074d94a3bd0,2003,AES-128,encrypt,cuda_optimized_v1,optimized,resident,pinned,ECB,33554432,2,33554432:ECB:2,162f19c4036b6ac89584af30750ee412f455a538aefbc8704e43c07183178b21,7,687,True,1,7626.50631364651,,0.004399712085723877,,,4399712.085723877,,,,,,,,,4399712.085723877
a77637c2-be04-4d14-b785-2074d94a3bd0,2003,AES-128,encrypt,cuda_optimized_v1,optimized,pipeline,pinned,ECB,33554432,3,33554432:ECB:3,522f88bbc64fe7cf4d9cc323cf8a7fd57d097d90adaa273652de78354fa65d6d,0,688,True,,7506.772076023185,2157.369578355858,0.004469888210296631,0.0155534,5727800,4469888.210296631,5229700,10957500,15553400,,,,,,
a77637c2-be04-4d14-b785-2074d94a3bd0,2003,AES-128,encrypt,cuda_baseline,baseline,resident,pinned,ECB,33554432,3,33554432:ECB:3,522f88bbc64fe7cf4d9cc323cf8a7fd57d097d90adaa273652de78354fa65d6d,1,689,True,1,7554.691075327959,,0.004441535949707031,,,4441535.949707031,,,,,,,,,4441535.949707031
a77637c2-be04-4d14-b785-2074d94a3bd0,2003,AES-128,encrypt,cuda_ttable,ttable,pipeline,pinned,ECB,33554432,3,33554432:ECB:3,522f88bbc64fe7cf4d9cc323cf8a7fd57d097d90adaa273652de78354fa65d6d,2,690,True,,1039.6680735456916,771.0613734339526,0.03227417755126953,0.0435172,5380300,32274177.55126953,5656500,11036800,43517200,,,,,,
a77637c2-be04-4d14-b785-2074d94a3bd0,2003,AES-128,encrypt,cpu_software,software,transform,bytes,ECB,33554432,3,33554432:ECB:3,522f88bbc64fe7cf4d9cc323cf8a7fd57d097d90adaa273652de78354fa65d6d,3,691,True,,,,,,,,,,,122415300,0.1224153,274.1032534331901,125000000,1.0211141907915104,
a77637c2-be04-4d14-b785-2074d94a3bd0,2003,AES-128,encrypt,cuda_baseline,baseline,pipeline,pinned,ECB,33554432,3,33554432:ECB:3,522f88bbc64fe7cf4d9cc323cf8a7fd57d097d90adaa273652de78354fa65d6d,4,692,True,,7493.200592701128,2183.310906653827,0.004477983951568604,0.0153686,5473000,4477983.9515686035,5275500,10748500,15368600,,,,,,
a77637c2-be04-4d14-b785-2074d94a3bd0,2003,AES-128,encrypt,cpu_aesni,aesni,transform,bytes,ECB,33554432,3,33554432:ECB:3,522f88bbc64fe7cf4d9cc323cf8a7fd57d097d90adaa273652de78354fa65d6d,5,693,True,,,,,,,,,,,20081300,0.0200813,1670.929272507258,15625000,0.778087076035914,
a77637c2-be04-4d14-b785-2074d94a3bd0,2003,AES-128,encrypt,cuda_ttable,ttable,resident,pinned,ECB,33554432,3,33554432:ECB:3,522f88bbc64fe7cf4d9cc323cf8a7fd57d097d90adaa273652de78354fa65d6d,6,694,True,1,1042.5562581169424,,0.03218476867675781,,,32184768.676757812,,,,,,,,,32184768.676757812
a77637c2-be04-4d14-b785-2074d94a3bd0,2003,AES-128,encrypt,cuda_optimized_v1,optimized,resident,pinned,ECB,33554432,3,33554432:ECB:3,522f88bbc64fe7cf4d9cc323cf8a7fd57d097d90adaa273652de78354fa65d6d,7,695,True,1,7579.975901091668,,0.004426720142364502,,,4426720.142364502,,,,,,,,,4426720.142364502
a77637c2-be04-4d14-b785-2074d94a3bd0,2003,AES-128,encrypt,cuda_baseline,baseline,resident,pinned,CTR,33554432,3,33554432:CTR:3,496d77dc98cbaa70c9f3d08d7470185e18335bee9b7ccb9053873ef2c21d6ebb,0,696,True,1,7357.756478659825,,0.0045604162216186525,,,4560416.221618652,,,,,,,,,4560416.221618652
a77637c2-be04-4d14-b785-2074d94a3bd0,2003,AES-128,encrypt,cuda_baseline,baseline,pipeline,pinned,CTR,33554432,3,33554432:CTR:3,496d77dc98cbaa70c9f3d08d7470185e18335bee9b7ccb9053873ef2c21d6ebb,1,697,True,,7231.758001929805,2174.7075064487276,0.004639872074127197,0.0154294,5411200,4639872.074127197,5274800,10686000,15429400,,,,,,
a77637c2-be04-4d14-b785-2074d94a3bd0,2003,AES-128,encrypt,cuda_ttable,ttable,resident,pinned,CTR,33554432,3,33554432:CTR:3,496d77dc98cbaa70c9f3d08d7470185e18335bee9b7ccb9053873ef2c21d6ebb,2,698,True,1,1223.5925544162203,,0.02742288017272949,,,27422880.172729492,,,,,,,,,27422880.172729492
a77637c2-be04-4d14-b785-2074d94a3bd0,2003,AES-128,encrypt,cpu_aesni,aesni,transform,bytes,CTR,33554432,3,33554432:CTR:3,496d77dc98cbaa70c9f3d08d7470185e18335bee9b7ccb9053873ef2c21d6ebb,3,699,True,,,,,,,,,,,22966900,0.0229669,1460.9909043014077,15625000,0.6803269052418915,
a77637c2-be04-4d14-b785-2074d94a3bd0,2003,AES-128,encrypt,cuda_optimized_v1,optimized,resident,pinned,CTR,33554432,3,33554432:CTR:3,496d77dc98cbaa70c9f3d08d7470185e18335bee9b7ccb9053873ef2c21d6ebb,4,700,True,1,6461.244710964461,,0.0051931838989257816,,,5193183.898925781,,,,,,,,,5193183.898925781
a77637c2-be04-4d14-b785-2074d94a3bd0,2003,AES-128,encrypt,cuda_optimized_v1,optimized,pipeline,pinned,CTR,33554432,3,33554432:CTR:3,496d77dc98cbaa70c9f3d08d7470185e18335bee9b7ccb9053873ef2c21d6ebb,5,701,True,,6447.02276614407,2106.790566843308,0.0052046399116516115,0.0159268,5385000,5204639.911651611,5244000,10629000,15926800,,,,,,
a77637c2-be04-4d14-b785-2074d94a3bd0,2003,AES-128,encrypt,cuda_ttable,ttable,pipeline,pinned,CTR,33554432,3,33554432:CTR:3,496d77dc98cbaa70c9f3d08d7470185e18335bee9b7ccb9053873ef2c21d6ebb,6,702,True,,1096.325363667506,809.2639926295556,0.030606271743774414,0.0414629,5448800,30606271.743774414,5299000,10747800,41462900,,,,,,
a77637c2-be04-4d14-b785-2074d94a3bd0,2003,AES-128,encrypt,cpu_software,software,transform,bytes,CTR,33554432,3,33554432:CTR:3,496d77dc98cbaa70c9f3d08d7470185e18335bee9b7ccb9053873ef2c21d6ebb,7,703,True,,,,,,,,,,,128481500,0.1284815,261.1615835742889,125000000,0.9729027136202488,
a77637c2-be04-4d14-b785-2074d94a3bd0,2003,AES-128,encrypt,cpu_aesni,aesni,transform,bytes,ECB,33554432,4,33554432:ECB:4,a6f69dc7dcdf722aa280870b96e126cd43fbec6b80aafb696b093d87f10be082,0,704,True,,,,,,,,,,,20774100,0.0207741,1615.205087103653,15625000,0.7521384801266963,
a77637c2-be04-4d14-b785-2074d94a3bd0,2003,AES-128,encrypt,cuda_baseline,baseline,resident,pinned,ECB,33554432,4,33554432:ECB:4,a6f69dc7dcdf722aa280870b96e126cd43fbec6b80aafb696b093d87f10be082,1,705,True,1,5371.253121722691,,0.006247039794921875,,,6247039.794921875,,,,,,,,,6247039.794921875
a77637c2-be04-4d14-b785-2074d94a3bd0,2003,AES-128,encrypt,cuda_ttable,ttable,pipeline,pinned,ECB,33554432,4,33554432:ECB:4,a6f69dc7dcdf722aa280870b96e126cd43fbec6b80aafb696b093d87f10be082,2,706,True,,760.6214808621323,515.474988555048,0.04411449432373047,0.0650942,10324700,44114494.32373047,10536500,20861200,65094200,,,,,,
a77637c2-be04-4d14-b785-2074d94a3bd0,2003,AES-128,encrypt,cuda_ttable,ttable,resident,pinned,ECB,33554432,4,33554432:ECB:4,a6f69dc7dcdf722aa280870b96e126cd43fbec6b80aafb696b093d87f10be082,3,707,True,1,908.5321506779885,,0.03693257522583008,,,36932575.22583008,,,,,,,,,36932575.22583008
a77637c2-be04-4d14-b785-2074d94a3bd0,2003,AES-128,encrypt,cuda_optimized_v1,optimized,resident,pinned,ECB,33554432,4,33554432:ECB:4,a6f69dc7dcdf722aa280870b96e126cd43fbec6b80aafb696b093d87f10be082,4,708,True,1,6913.2625186283185,,0.004853631973266602,,,4853631.973266602,,,,,,,,,4853631.973266602
a77637c2-be04-4d14-b785-2074d94a3bd0,2003,AES-128,encrypt,cuda_baseline,baseline,pipeline,pinned,ECB,33554432,4,33554432:ECB:4,a6f69dc7dcdf722aa280870b96e126cd43fbec6b80aafb696b093d87f10be082,5,709,True,,7024.504966970062,2171.9484756294905,0.004776768207550049,0.015449,5324500,4776768.207550049,5248000,10572500,15449000,,,,,,
a77637c2-be04-4d14-b785-2074d94a3bd0,2003,AES-128,encrypt,cpu_software,software,transform,bytes,ECB,33554432,4,33554432:ECB:4,a6f69dc7dcdf722aa280870b96e126cd43fbec6b80aafb696b093d87f10be082,6,710,True,,,,,,,,,,,117526000,0.117526,285.5064581454316,125000000,1.063594438677399,
a77637c2-be04-4d14-b785-2074d94a3bd0,2003,AES-128,encrypt,cuda_optimized_v1,optimized,pipeline,pinned,ECB,33554432,4,33554432:ECB:4,a6f69dc7dcdf722aa280870b96e126cd43fbec6b80aafb696b093d87f10be082,7,711,True,,7160.643272473801,2178.222727125191,0.004685952186584473,0.0154045,5320700,4685952.186584473,5294700,10615400,15404500,,,,,,
a77637c2-be04-4d14-b785-2074d94a3bd0,2003,AES-128,encrypt,cuda_ttable,ttable,pipeline,pinned,CTR,33554432,4,33554432:CTR:4,718337e8cdc84098665458ffd578df176458efe5f2579bfd017a2737f20c2097,0,712,True,,1149.9006328515006,842.6633182234834,0.029180288314819336,0.0398195,5324200,29180288.314819336,5212600,10536800,39819500,,,,,,
a77637c2-be04-4d14-b785-2074d94a3bd0,2003,AES-128,encrypt,cpu_software,software,transform,bytes,CTR,33554432,4,33554432:CTR:4,718337e8cdc84098665458ffd578df176458efe5f2579bfd017a2737f20c2097,1,713,True,,,,,,,,,,,130234700,0.1302347,257.64586550281916,140625000,1.0797813485960348,
a77637c2-be04-4d14-b785-2074d94a3bd0,2003,AES-128,encrypt,cuda_ttable,ttable,resident,pinned,CTR,33554432,4,33554432:CTR:4,718337e8cdc84098665458ffd578df176458efe5f2579bfd017a2737f20c2097,2,714,True,1,1149.4531396273503,,0.029191648483276367,,,29191648.483276367,,,,,,,,,29191648.483276367
a77637c2-be04-4d14-b785-2074d94a3bd0,2003,AES-128,encrypt,cuda_baseline,baseline,pipeline,pinned,CTR,33554432,4,33554432:CTR:4,718337e8cdc84098665458ffd578df176458efe5f2579bfd017a2737f20c2097,3,715,True,,7052.2843643309,2180.544186741703,0.004757952213287353,0.0153881,5322500,4757952.2132873535,5212500,10535000,15388100,,,,,,
a77637c2-be04-4d14-b785-2074d94a3bd0,2003,AES-128,encrypt,cuda_optimized_v1,optimized,pipeline,pinned,CTR,33554432,4,33554432:CTR:4,718337e8cdc84098665458ffd578df176458efe5f2579bfd017a2737f20c2097,4,716,True,,7062.259001521469,2177.37464715616,0.004751232147216797,0.0154105,5319500,4751232.147216797,5245100,10564600,15410500,,,,,,
a77637c2-be04-4d14-b785-2074d94a3bd0,2003,AES-128,encrypt,cuda_optimized_v1,optimized,resident,pinned,CTR,33554432,4,33554432:CTR:4,718337e8cdc84098665458ffd578df176458efe5f2579bfd017a2737f20c2097,5,717,True,1,7004.702519564293,,0.004790272235870361,,,4790272.235870361,,,,,,,,,4790272.235870361
a77637c2-be04-4d14-b785-2074d94a3bd0,2003,AES-128,encrypt,cpu_aesni,aesni,transform,bytes,CTR,33554432,4,33554432:CTR:4,718337e8cdc84098665458ffd578df176458efe5f2579bfd017a2737f20c2097,6,718,True,,,,,,,,,,,25428100,0.0254281,1319.5807787447745,15625000,0.6144776841368408,
a77637c2-be04-4d14-b785-2074d94a3bd0,2003,AES-128,encrypt,cuda_baseline,baseline,resident,pinned,CTR,33554432,4,33554432:CTR:4,718337e8cdc84098665458ffd578df176458efe5f2579bfd017a2737f20c2097,7,719,True,1,7002.55071518087,,0.004791744232177734,,,4791744.232177734,,,,,,,,,4791744.232177734
a77637c2-be04-4d14-b785-2074d94a3bd0,2003,AES-128,encrypt,cuda_ttable,ttable,resident,pinned,ECB,33554432,5,33554432:ECB:5,7e618d1bc83762537c4473eb684b5c4e5c23897f2dfa79ee14c7d061c42388ea,0,720,True,1,975.3822837374355,,0.03440131378173828,,,34401313.78173828,,,,,,,,,34401313.78173828
a77637c2-be04-4d14-b785-2074d94a3bd0,2003,AES-128,encrypt,cuda_ttable,ttable,pipeline,pinned,ECB,33554432,5,33554432:ECB:5,7e618d1bc83762537c4473eb684b5c4e5c23897f2dfa79ee14c7d061c42388ea,1,721,True,,973.65610889779,738.5784627710973,0.03446230316162109,0.0454311,5412000,34462303.161621094,5434700,10846700,45431100,,,,,,
a77637c2-be04-4d14-b785-2074d94a3bd0,2003,AES-128,encrypt,cuda_baseline,baseline,resident,pinned,ECB,33554432,5,33554432:ECB:5,7e618d1bc83762537c4473eb684b5c4e5c23897f2dfa79ee14c7d061c42388ea,2,722,True,1,7370.168934331638,,0.004552735805511475,,,4552735.805511475,,,,,,,,,4552735.805511475
a77637c2-be04-4d14-b785-2074d94a3bd0,2003,AES-128,encrypt,cpu_aesni,aesni,transform,bytes,ECB,33554432,5,33554432:ECB:5,7e618d1bc83762537c4473eb684b5c4e5c23897f2dfa79ee14c7d061c42388ea,3,723,True,,,,,,,,,,,18974200,0.0189742,1768.4240705800507,15625000,0.8234866292122988,
a77637c2-be04-4d14-b785-2074d94a3bd0,2003,AES-128,encrypt,cuda_optimized_v1,optimized,pipeline,pinned,ECB,33554432,5,33554432:ECB:5,7e618d1bc83762537c4473eb684b5c4e5c23897f2dfa79ee14c7d061c42388ea,4,724,True,,8135.937933335916,2272.1193940912385,0.0041242241859436035,0.0147679,5316500,4124224.1859436035,5222500,10539000,14767900,,,,,,
a77637c2-be04-4d14-b785-2074d94a3bd0,2003,AES-128,encrypt,cuda_baseline,baseline,pipeline,pinned,ECB,33554432,5,33554432:ECB:5,7e618d1bc83762537c4473eb684b5c4e5c23897f2dfa79ee14c7d061c42388ea,5,725,True,,8201.483423624377,2240.532047729382,0.004091263771057129,0.0149761,5431400,4091263.771057129,5348300,10779700,14976100,,,,,,
a77637c2-be04-4d14-b785-2074d94a3bd0,2003,AES-128,encrypt,cuda_optimized_v1,optimized,resident,pinned,ECB,33554432,5,33554432:ECB:5,7e618d1bc83762537c4473eb684b5c4e5c23897f2dfa79ee14c7d061c42388ea,6,726,True,1,8304.237204692656,,0.004040639877319336,,,4040639.877319336,,,,,,,,,4040639.877319336
a77637c2-be04-4d14-b785-2074d94a3bd0,2003,AES-128,encrypt,cpu_software,software,transform,bytes,ECB,33554432,5,33554432:ECB:5,7e618d1bc83762537c4473eb684b5c4e5c23897f2dfa79ee14c7d061c42388ea,7,727,True,,,,,,,,,,,139617500,0.1396175,240.3311332748402,156250000,1.1191290490088994,
a77637c2-be04-4d14-b785-2074d94a3bd0,2003,AES-128,encrypt,cuda_optimized_v1,optimized,pipeline,pinned,CTR,33554432,5,33554432:CTR:5,daca4114cbb2414119c7271e8ea0eb96e52cdf83545e33061efe9cf1e5230133,0,728,True,,7912.4672527038865,2152.1529590599766,0.00424070405960083,0.0155911,5907600,4240704.05960083,5282700,11190300,15591100,,,,,,
a77637c2-be04-4d14-b785-2074d94a3bd0,2003,AES-128,encrypt,cuda_baseline,baseline,resident,pinned,CTR,33554432,5,33554432:CTR:5,daca4114cbb2414119c7271e8ea0eb96e52cdf83545e33061efe9cf1e5230133,1,729,True,1,7942.373275594323,,0.004224736213684082,,,4224736.213684082,,,,,,,,,4224736.213684082
a77637c2-be04-4d14-b785-2074d94a3bd0,2003,AES-128,encrypt,cuda_ttable,ttable,pipeline,pinned,CTR,33554432,5,33554432:CTR:5,daca4114cbb2414119c7271e8ea0eb96e52cdf83545e33061efe9cf1e5230133,2,730,True,,1347.3857144477788,915.0900924241639,0.024903360366821288,0.0366679,5608400,24903360.36682129,6036800,11645200,36667900,,,,,,
a77637c2-be04-4d14-b785-2074d94a3bd0,2003,AES-128,encrypt,cuda_ttable,ttable,resident,pinned,CTR,33554432,5,33554432:CTR:5,daca4114cbb2414119c7271e8ea0eb96e52cdf83545e33061efe9cf1e5230133,3,731,True,1,1351.233405621815,,0.024832447052001952,,,24832447.052001953,,,,,,,,,24832447.052001953
a77637c2-be04-4d14-b785-2074d94a3bd0,2003,AES-128,encrypt,cuda_optimized_v1,optimized,resident,pinned,CTR,33554432,5,33554432:CTR:5,daca4114cbb2414119c7271e8ea0eb96e52cdf83545e33061efe9cf1e5230133,4,732,True,1,8098.613126900063,,0.004143231868743896,,,4143231.8687438965,,,,,,,,,4143231.8687438965
a77637c2-be04-4d14-b785-2074d94a3bd0,2003,AES-128,encrypt,cuda_baseline,baseline,pipeline,pinned,CTR,33554432,5,33554432:CTR:5,daca4114cbb2414119c7271e8ea0eb96e52cdf83545e33061efe9cf1e5230133,5,733,True,,8087.744128225616,2260.2121826522157,0.004148799896240235,0.0148457,5348100,4148799.8962402344,5250200,10598300,14845700,,,,,,
a77637c2-be04-4d14-b785-2074d94a3bd0,2003,AES-128,encrypt,cpu_aesni,aesni,transform,bytes,CTR,33554432,5,33554432:CTR:5,daca4114cbb2414119c7271e8ea0eb96e52cdf83545e33061efe9cf1e5230133,6,734,True,,,,,,,,,,,22808300,0.0228083,1471.1500637925667,31250000,1.3701152650570187,
a77637c2-be04-4d14-b785-2074d94a3bd0,2003,AES-128,encrypt,cpu_software,software,transform,bytes,CTR,33554432,5,33554432:CTR:5,daca4114cbb2414119c7271e8ea0eb96e52cdf83545e33061efe9cf1e5230133,7,735,True,,,,,,,,,,,127677600,0.1276776,262.8059424675902,125000000,0.9790284278526539,
a77637c2-be04-4d14-b785-2074d94a3bd0,2003,AES-128,encrypt,cuda_optimized_v1,optimized,resident,pinned,CTR,33554432,6,33554432:CTR:6,dea275ed14a37d56b22b19a703d57b30af5d961699f0f640081d1d6d6c77fa0a,0,736,True,1,11228.526643679557,,0.0029883201122283937,,,2988320.1122283936,,,,,,,,,2988320.1122283936
a77637c2-be04-4d14-b785-2074d94a3bd0,2003,AES-128,encrypt,cuda_ttable,ttable,pipeline,pinned,CTR,33554432,6,33554432:CTR:6,dea275ed14a37d56b22b19a703d57b30af5d961699f0f640081d1d6d6c77fa0a,1,737,True,,1883.1609112955168,1177.1956623175238,0.017818143844604492,0.0285037,5351700,17818143.844604492,5236100,10587800,28503700,,,,,,
a77637c2-be04-4d14-b785-2074d94a3bd0,2003,AES-128,encrypt,cuda_ttable,ttable,resident,pinned,CTR,33554432,6,33554432:CTR:6,dea275ed14a37d56b22b19a703d57b30af5d961699f0f640081d1d6d6c77fa0a,2,738,True,1,1885.3381086885067,,0.01779756736755371,,,17797567.36755371,,,,,,,,,17797567.36755371
a77637c2-be04-4d14-b785-2074d94a3bd0,2003,AES-128,encrypt,cuda_optimized_v1,optimized,pipeline,pinned,CTR,33554432,6,33554432:CTR:6,dea275ed14a37d56b22b19a703d57b30af5d961699f0f640081d1d6d6c77fa0a,3,739,True,,11300.162395989359,2461.3918414354143,0.002969376087188721,0.0136323,5385500,2969376.0871887207,5181000,10566500,13632300,,,,,,
a77637c2-be04-4d14-b785-2074d94a3bd0,2003,AES-128,encrypt,cuda_baseline,baseline,resident,pinned,CTR,33554432,6,33554432:CTR:6,dea275ed14a37d56b22b19a703d57b30af5d961699f0f640081d1d6d6c77fa0a,4,740,True,1,11441.341094408765,,0.0029327359199523926,,,2932735.9199523926,,,,,,,,,2932735.9199523926
a77637c2-be04-4d14-b785-2074d94a3bd0,2003,AES-128,encrypt,cpu_software,software,transform,bytes,CTR,33554432,6,33554432:CTR:6,dea275ed14a37d56b22b19a703d57b30af5d961699f0f640081d1d6d6c77fa0a,5,741,True,,,,,,,,,,,136871000,0.136871,245.15369946884292,156250000,1.1415858728291604,
a77637c2-be04-4d14-b785-2074d94a3bd0,2003,AES-128,encrypt,cpu_aesni,aesni,transform,bytes,CTR,33554432,6,33554432:CTR:6,dea275ed14a37d56b22b19a703d57b30af5d961699f0f640081d1d6d6c77fa0a,6,742,True,,,,,,,,,,,27143500,0.0271435,1236.1866376848968,15625000,0.575644261056975,
a77637c2-be04-4d14-b785-2074d94a3bd0,2003,AES-128,encrypt,cuda_baseline,baseline,pipeline,pinned,CTR,33554432,6,33554432:CTR:6,dea275ed14a37d56b22b19a703d57b30af5d961699f0f640081d1d6d6c77fa0a,7,743,True,,11293.955215091573,2465.7328248201466,0.002971008062362671,0.0136083,5358000,2971008.062362671,5180700,10538700,13608300,,,,,,
a77637c2-be04-4d14-b785-2074d94a3bd0,2003,AES-128,encrypt,cuda_optimized_v1,optimized,resident,pinned,ECB,33554432,6,33554432:ECB:6,29feac7949b9bfe17de9ce604a94455125526c03bcd23f279fcf19f0293755f5,0,744,True,1,11433.9801266931,,0.002934623956680298,,,2934623.956680298,,,,,,,,,2934623.956680298
a77637c2-be04-4d14-b785-2074d94a3bd0,2003,AES-128,encrypt,cuda_baseline,baseline,resident,pinned,ECB,33554432,6,33554432:ECB:6,29feac7949b9bfe17de9ce604a94455125526c03bcd23f279fcf19f0293755f5,1,745,True,1,11338.040631362093,,0.002959455966949463,,,2959455.966949463,,,,,,,,,2959455.966949463
a77637c2-be04-4d14-b785-2074d94a3bd0,2003,AES-128,encrypt,cpu_aesni,aesni,transform,bytes,ECB,33554432,6,33554432:ECB:6,29feac7949b9bfe17de9ce604a94455125526c03bcd23f279fcf19f0293755f5,2,746,True,,,,,,,,,,,20857300,0.0208573,1608.7620161765904,15625000,0.7491381914245852,
a77637c2-be04-4d14-b785-2074d94a3bd0,2003,AES-128,encrypt,cuda_optimized_v1,optimized,pipeline,pinned,ECB,33554432,6,33554432:ECB:6,29feac7949b9bfe17de9ce604a94455125526c03bcd23f279fcf19f0293755f5,3,747,True,,11536.1244647687,2422.300412205915,0.002908639907836914,0.0138523,5393600,2908639.907836914,5408200,10801800,13852300,,,,,,
a77637c2-be04-4d14-b785-2074d94a3bd0,2003,AES-128,encrypt,cuda_baseline,baseline,pipeline,pinned,ECB,33554432,6,33554432:ECB:6,29feac7949b9bfe17de9ce604a94455125526c03bcd23f279fcf19f0293755f5,4,748,True,,11699.331973623579,2447.156568161265,0.002868063926696777,0.0137116,5314600,2868063.9266967773,5439400,10754000,13711600,,,,,,
a77637c2-be04-4d14-b785-2074d94a3bd0,2003,AES-128,encrypt,cpu_software,software,transform,bytes,ECB,33554432,6,33554432:ECB:6,29feac7949b9bfe17de9ce604a94455125526c03bcd23f279fcf19f0293755f5,5,749,True,,,,,,,,,,,123055900,0.1230559,272.676336526733,125000000,1.0157985110831744,
a77637c2-be04-4d14-b785-2074d94a3bd0,2003,AES-128,encrypt,cuda_ttable,ttable,resident,pinned,ECB,33554432,6,33554432:ECB:6,29feac7949b9bfe17de9ce604a94455125526c03bcd23f279fcf19f0293755f5,6,750,True,1,1606.4123266202043,,0.020887807846069337,,,20887807.846069336,,,,,,,,,20887807.846069336
a77637c2-be04-4d14-b785-2074d94a3bd0,2003,AES-128,encrypt,cuda_ttable,ttable,pipeline,pinned,ECB,33554432,6,33554432:ECB:6,29feac7949b9bfe17de9ce604a94455125526c03bcd23f279fcf19f0293755f5,7,751,True,,1607.4835686905499,1064.3618161863133,0.02087388801574707,0.0315254,5305500,20873888.01574707,5217900,10523400,31525400,,,,,,
a77637c2-be04-4d14-b785-2074d94a3bd0,2003,AES-128,encrypt,cuda_optimized_v1,optimized,pipeline,pinned,CTR,33554432,7,33554432:CTR:7,569d7595e06fad6bbd38b22516070ddc3545a297832a26141d1f3bb352c71286,0,752,True,,8351.393827959879,2259.207799465403,0.0040178241729736325,0.0148523,5342600,4017824.172973633,5396000,10738600,14852300,,,,,,
a77637c2-be04-4d14-b785-2074d94a3bd0,2003,AES-128,encrypt,cuda_ttable,ttable,resident,pinned,CTR,33554432,7,33554432:CTR:7,569d7595e06fad6bbd38b22516070ddc3545a297832a26141d1f3bb352c71286,1,753,True,1,1419.6247688991198,,0.02363612747192383,,,23636127.471923828,,,,,,,,,23636127.471923828
a77637c2-be04-4d14-b785-2074d94a3bd0,2003,AES-128,encrypt,cuda_baseline,baseline,pipeline,pinned,CTR,33554432,7,33554432:CTR:7,569d7595e06fad6bbd38b22516070ddc3545a297832a26141d1f3bb352c71286,2,754,True,,8587.845812363632,2293.018799587243,0.00390720009803772,0.0146333,5312200,3907200.0980377197,5333600,10645800,14633300,,,,,,
a77637c2-be04-4d14-b785-2074d94a3bd0,2003,AES-128,encrypt,cuda_ttable,ttable,pipeline,pinned,CTR,33554432,7,33554432:CTR:7,569d7595e06fad6bbd38b22516070ddc3545a297832a26141d1f3bb352c71286,3,755,True,,1437.1299110541015,964.3685441826511,0.023348224639892577,0.0347942,6027700,23348224.639892578,5314300,11342000,34794200,,,,,,
a77637c2-be04-4d14-b785-2074d94a3bd0,2003,AES-128,encrypt,cuda_optimized_v1,optimized,resident,pinned,CTR,33554432,7,33554432:CTR:7,569d7595e06fad6bbd38b22516070ddc3545a297832a26141d1f3bb352c71286,4,756,True,1,8699.709484560399,,0.0038569600582122805,,,3856960.0582122803,,,,,,,,,3856960.0582122803
a77637c2-be04-4d14-b785-2074d94a3bd0,2003,AES-128,encrypt,cpu_software,software,transform,bytes,CTR,33554432,7,33554432:CTR:7,569d7595e06fad6bbd38b22516070ddc3545a297832a26141d1f3bb352c71286,5,757,True,,,,,,,,,,,126870400,0.1268704,264.47801851338056,109375000,0.8621002219587863,
a77637c2-be04-4d14-b785-2074d94a3bd0,2003,AES-128,encrypt,cuda_baseline,baseline,resident,pinned,CTR,33554432,7,33554432:CTR:7,569d7595e06fad6bbd38b22516070ddc3545a297832a26141d1f3bb352c71286,6,758,True,1,11011.79312226587,,0.003047136068344116,,,3047136.068344116,,,,,,,,,3047136.068344116
a77637c2-be04-4d14-b785-2074d94a3bd0,2003,AES-128,encrypt,cpu_aesni,aesni,transform,bytes,CTR,33554432,7,33554432:CTR:7,569d7595e06fad6bbd38b22516070ddc3545a297832a26141d1f3bb352c71286,7,759,True,,,,,,,,,,,26627000,0.026627,1260.1656964735043,15625000,0.5868103804409058,
a77637c2-be04-4d14-b785-2074d94a3bd0,2003,AES-128,encrypt,cuda_ttable,ttable,pipeline,pinned,ECB,33554432,7,33554432:ECB:7,49047f213af2f8075a46864b32b48c801f53c8faaa4f3253c89a95b2904d8454,0,760,True,,1562.2872919695092,1038.93339938694,0.021477760314941405,0.032297,5355200,21477760.314941406,5331700,10686900,32297000,,,,,,
a77637c2-be04-4d14-b785-2074d94a3bd0,2003,AES-128,encrypt,cuda_optimized_v1,optimized,resident,pinned,ECB,33554432,7,33554432:ECB:7,49047f213af2f8075a46864b32b48c801f53c8faaa4f3253c89a95b2904d8454,1,761,True,1,11329.832273413036,,0.0029616000652313234,,,2961600.0652313232,,,,,,,,,2961600.0652313232
a77637c2-be04-4d14-b785-2074d94a3bd0,2003,AES-128,encrypt,cuda_ttable,ttable,resident,pinned,ECB,33554432,7,33554432:ECB:7,49047f213af2f8075a46864b32b48c801f53c8faaa4f3253c89a95b2904d8454,2,762,True,1,1564.1913201651132,,0.021451616287231447,,,21451616.287231445,,,,,,,,,21451616.287231445
a77637c2-be04-4d14-b785-2074d94a3bd0,2003,AES-128,encrypt,cuda_optimized_v1,optimized,pipeline,pinned,ECB,33554432,7,33554432:ECB:7,49047f213af2f8075a46864b32b48c801f53c8faaa4f3253c89a95b2904d8454,3,763,True,,11248.280806611236,2439.807749638258,0.00298307204246521,0.0137529,5415800,2983072.04246521,5244100,10659900,13752900,,,,,,
a77637c2-be04-4d14-b785-2074d94a3bd0,2003,AES-128,encrypt,cuda_baseline,baseline,resident,pinned,ECB,33554432,7,33554432:ECB:7,49047f213af2f8075a46864b32b48c801f53c8faaa4f3253c89a95b2904d8454,4,764,True,1,11336.202233219177,,0.002959935903549194,,,2959935.9035491943,,,,,,,,,2959935.9035491943
a77637c2-be04-4d14-b785-2074d94a3bd0,2003,AES-128,encrypt,cpu_aesni,aesni,transform,bytes,ECB,33554432,7,33554432:ECB:7,49047f213af2f8075a46864b32b48c801f53c8faaa4f3253c89a95b2904d8454,5,765,True,,,,,,,,,,,21562300,0.0215623,1556.1620049809158,31250000,1.4492888049976116,
a77637c2-be04-4d14-b785-2074d94a3bd0,2003,AES-128,encrypt,cuda_baseline,baseline,pipeline,pinned,ECB,33554432,7,33554432:ECB:7,49047f213af2f8075a46864b32b48c801f53c8faaa4f3253c89a95b2904d8454,6,766,True,,11543.61663315464,2429.0691125476883,0.002906752109527588,0.0138137,5627000,2906752.109527588,5168300,10795300,13813700,,,,,,
a77637c2-be04-4d14-b785-2074d94a3bd0,2003,AES-128,encrypt,cpu_software,software,transform,bytes,ECB,33554432,7,33554432:ECB:7,49047f213af2f8075a46864b32b48c801f53c8faaa4f3253c89a95b2904d8454,7,767,True,,,,,,,,,,,121483000,0.121483,276.20681082949875,125000000,1.028950552752237,
a77637c2-be04-4d14-b785-2074d94a3bd0,2003,AES-128,encrypt,cuda_optimized_v1,optimized,pipeline,pinned,CTR,33554432,8,33554432:CTR:8,79cfaabd51de9866b87115b534537053a7ade688964e52010f42ae0022df155a,0,768,True,,10662.762146786139,2417.431449114566,0.0031468799114227294,0.0138802,5376000,3146879.9114227295,5254800,10630800,13880200,,,,,,
a77637c2-be04-4d14-b785-2074d94a3bd0,2003,AES-128,encrypt,cuda_ttable,ttable,resident,pinned,CTR,33554432,8,33554432:CTR:8,79cfaabd51de9866b87115b534537053a7ade688964e52010f42ae0022df155a,1,769,True,1,1832.892831541093,,0.01830681610107422,,,18306816.10107422,,,,,,,,,18306816.10107422
a77637c2-be04-4d14-b785-2074d94a3bd0,2003,AES-128,encrypt,cuda_baseline,baseline,pipeline,pinned,CTR,33554432,8,33554432:CTR:8,79cfaabd51de9866b87115b534537053a7ade688964e52010f42ae0022df155a,2,770,True,,10768.98443124209,2344.6110416244505,0.003115839958190918,0.0143113,5805800,3115839.958190918,5271700,11077500,14311300,,,,,,
a77637c2-be04-4d14-b785-2074d94a3bd0,2003,AES-128,encrypt,cpu_software,software,transform,bytes,CTR,33554432,8,33554432:CTR:8,79cfaabd51de9866b87115b534537053a7ade688964e52010f42ae0022df155a,3,771,True,,,,,,,,,,,127271000,0.127271,263.64554376095106,125000000,0.9821561864053869,
a77637c2-be04-4d14-b785-2074d94a3bd0,2003,AES-128,encrypt,cpu_aesni,aesni,transform,bytes,CTR,33554432,8,33554432:CTR:8,79cfaabd51de9866b87115b534537053a7ade688964e52010f42ae0022df155a,4,772,True,,,,,,,,,,,30655000,0.030655,1094.5826781927908,31250000,1.0194095579840157,
a77637c2-be04-4d14-b785-2074d94a3bd0,2003,AES-128,encrypt,cuda_baseline,baseline,resident,pinned,CTR,33554432,8,33554432:CTR:8,79cfaabd51de9866b87115b534537053a7ade688964e52010f42ae0022df155a,5,773,True,1,11258.667613251706,,0.0029803199768066407,,,2980319.9768066406,,,,,,,,,2980319.9768066406
a77637c2-be04-4d14-b785-2074d94a3bd0,2003,AES-128,encrypt,cuda_optimized_v1,optimized,resident,pinned,CTR,33554432,8,33554432:CTR:8,79cfaabd51de9866b87115b534537053a7ade688964e52010f42ae0022df155a,6,774,True,1,11310.645284498505,,0.0029666240215301515,,,2966624.0215301514,,,,,,,,,2966624.0215301514
a77637c2-be04-4d14-b785-2074d94a3bd0,2003,AES-128,encrypt,cuda_ttable,ttable,pipeline,pinned,CTR,33554432,8,33554432:CTR:8,79cfaabd51de9866b87115b534537053a7ade688964e52010f42ae0022df155a,7,775,True,,1846.3607382988703,1166.7251516890071,0.018173280715942382,0.0287595,5325600,18173280.715942383,5187000,10512600,28759500,,,,,,
a77637c2-be04-4d14-b785-2074d94a3bd0,2003,AES-128,encrypt,cuda_ttable,ttable,pipeline,pinned,ECB,33554432,8,33554432:ECB:8,2388027d8624a81d97d8ed3e041b9262631f85d3c8116f7e1d90aa86f36780e5,0,776,True,,1078.5899488898954,799.0672509049343,0.031109535217285156,0.041992,5321200,31109535.217285156,5463000,10784200,41992000,,,,,,
a77637c2-be04-4d14-b785-2074d94a3bd0,2003,AES-128,encrypt,cuda_optimized_v1,optimized,pipeline,pinned,ECB,33554432,8,33554432:ECB:8,2388027d8624a81d97d8ed3e041b9262631f85d3c8116f7e1d90aa86f36780e5,1,777,True,,8072.179000427304,2212.273164814009,0.0041567997932434085,0.0151674,5573200,4156799.793243408,5330700,10903900,15167400,,,,,,
a77637c2-be04-4d14-b785-2074d94a3bd0,2003,AES-128,encrypt,cuda_baseline,baseline,resident,pinned,ECB,33554432,8,33554432:ECB:8,2388027d8624a81d97d8ed3e041b9262631f85d3c8116f7e1d90aa86f36780e5,2,778,True,1,8095.236768062438,,0.004144959926605225,,,4144959.9266052246,,,,,,,,,4144959.9266052246
a77637c2-be04-4d14-b785-2074d94a3bd0,2003,AES-128,encrypt,cuda_ttable,ttable,resident,pinned,ECB,33554432,8,33554432:ECB:8,2388027d8624a81d97d8ed3e041b9262631f85d3c8116f7e1d90aa86f36780e5,3,779,True,1,1067.8496195926723,,0.03142243194580078,,,31422431.94580078,,,,,,,,,31422431.94580078
a77637c2-be04-4d14-b785-2074d94a3bd0,2003,AES-128,encrypt,cpu_aesni,aesni,transform,bytes,ECB,33554432,8,33554432:ECB:8,2388027d8624a81d97d8ed3e041b9262631f85d3c8116f7e1d90aa86f36780e5,4,780,True,,,,,,,,,,,18437800,0.0184378,1819.8717851370554,15625000,0.8474438382019547,
a77637c2-be04-4d14-b785-2074d94a3bd0,2003,AES-128,encrypt,cuda_baseline,baseline,pipeline,pinned,ECB,33554432,8,33554432:ECB:8,2388027d8624a81d97d8ed3e041b9262631f85d3c8116f7e1d90aa86f36780e5,5,781,True,,7754.592165602343,2229.5007375317273,0.004327040195465088,0.0150502,5408500,4327040.195465088,5217000,10625500,15050200,,,,,,
a77637c2-be04-4d14-b785-2074d94a3bd0,2003,AES-128,encrypt,cuda_optimized_v1,optimized,resident,pinned,ECB,33554432,8,33554432:ECB:8,2388027d8624a81d97d8ed3e041b9262631f85d3c8116f7e1d90aa86f36780e5,6,782,True,1,7920.1171727416595,,0.004236608028411865,,,4236608.028411865,,,,,,,,,4236608.028411865
a77637c2-be04-4d14-b785-2074d94a3bd0,2003,AES-128,encrypt,cpu_software,software,transform,bytes,ECB,33554432,8,33554432:ECB:8,2388027d8624a81d97d8ed3e041b9262631f85d3c8116f7e1d90aa86f36780e5,7,783,True,,,,,,,,,,,122962700,0.1229627,272.8830124907797,125000000,1.016568439046963,
a77637c2-be04-4d14-b785-2074d94a3bd0,2003,AES-128,encrypt,cpu_software,software,transform,bytes,ECB,33554432,9,33554432:ECB:9,2fef2b28a0fb277b54da78f5df6dc68c34259f5d1294d208fee4b23348fcc17d,0,784,True,,,,,,,,,,,123545700,0.1235457,271.59530440962334,125000000,1.01177135262498,
a77637c2-be04-4d14-b785-2074d94a3bd0,2003,AES-128,encrypt,cuda_optimized_v1,optimized,pipeline,pinned,ECB,33554432,9,33554432:ECB:9,2fef2b28a0fb277b54da78f5df6dc68c34259f5d1294d208fee4b23348fcc17d,1,785,True,,6288.236585756697,2081.8503995632104,0.005336063861846924,0.0161176,5325700,5336063.861846924,5320900,10646600,16117600,,,,,,
a77637c2-be04-4d14-b785-2074d94a3bd0,2003,AES-128,encrypt,cpu_aesni,aesni,transform,bytes,ECB,33554432,9,33554432:ECB:9,2fef2b28a0fb277b54da78f5df6dc68c34259f5d1294d208fee4b23348fcc17d,2,786,True,,,,,,,,,,,20330300,0.0203303,1650.4641840012198,15625000,0.7685572765773254,
a77637c2-be04-4d14-b785-2074d94a3bd0,2003,AES-128,encrypt,cuda_baseline,baseline,pipeline,pinned,ECB,33554432,9,33554432:ECB:9,2fef2b28a0fb277b54da78f5df6dc68c34259f5d1294d208fee4b23348fcc17d,3,787,True,,6665.115598075654,2137.1160705187,0.005034336090087891,0.0157008,5354900,5034336.090087891,5216600,10571500,15700800,,,,,,
a77637c2-be04-4d14-b785-2074d94a3bd0,2003,AES-128,encrypt,cuda_ttable,ttable,resident,pinned,ECB,33554432,9,33554432:ECB:9,2fef2b28a0fb277b54da78f5df6dc68c34259f5d1294d208fee4b23348fcc17d,4,788,True,1,870.6969354591339,,0.03853744125366211,,,38537441.25366211,,,,,,,,,38537441.25366211
a77637c2-be04-4d14-b785-2074d94a3bd0,2003,AES-128,encrypt,cuda_baseline,baseline,resident,pinned,ECB,33554432,9,33554432:ECB:9,2fef2b28a0fb277b54da78f5df6dc68c34259f5d1294d208fee4b23348fcc17d,5,789,True,1,6162.040851256345,,0.005445343971252441,,,5445343.971252441,,,,,,,,,5445343.971252441
a77637c2-be04-4d14-b785-2074d94a3bd0,2003,AES-128,encrypt,cuda_optimized_v1,optimized,resident,pinned,ECB,33554432,9,33554432:ECB:9,2fef2b28a0fb277b54da78f5df6dc68c34259f5d1294d208fee4b23348fcc17d,6,790,True,1,6080.569824252583,,0.005518303871154785,,,5518303.871154785,,,,,,,,,5518303.871154785
a77637c2-be04-4d14-b785-2074d94a3bd0,2003,AES-128,encrypt,cuda_ttable,ttable,pipeline,pinned,ECB,33554432,9,33554432:ECB:9,2fef2b28a0fb277b54da78f5df6dc68c34259f5d1294d208fee4b23348fcc17d,7,791,True,,873.3002320245618,682.4875470101638,0.038422561645507815,0.0491649,5355900,38422561.64550781,5283600,10639500,49164900,,,,,,
a77637c2-be04-4d14-b785-2074d94a3bd0,2003,AES-128,encrypt,cpu_aesni,aesni,transform,bytes,CTR,33554432,9,33554432:CTR:9,3e65f7bf1d566718e589cca21c881cfea2c419c2583d41d113e34af26c5c9021,0,792,True,,,,,,,,,,,26481800,0.0264818,1267.0751988157904,31250000,1.1800557363925412,
a77637c2-be04-4d14-b785-2074d94a3bd0,2003,AES-128,encrypt,cuda_ttable,ttable,pipeline,pinned,CTR,33554432,9,33554432:CTR:9,3e65f7bf1d566718e589cca21c881cfea2c419c2583d41d113e34af26c5c9021,1,793,True,,1413.67251185911,963.3192371404538,0.023735647201538087,0.0348321,5705500,23735647.201538086,5286100,10991600,34832100,,,,,,
a77637c2-be04-4d14-b785-2074d94a3bd0,2003,AES-128,encrypt,cpu_software,software,transform,bytes,CTR,33554432,9,33554432:CTR:9,3e65f7bf1d566718e589cca21c881cfea2c419c2583d41d113e34af26c5c9021,2,794,True,,,,,,,,,,,128321100,0.1283211,261.4880327553302,125000000,0.9741188315873227,
a77637c2-be04-4d14-b785-2074d94a3bd0,2003,AES-128,encrypt,cuda_baseline,baseline,resident,pinned,CTR,33554432,9,33554432:CTR:9,3e65f7bf1d566718e589cca21c881cfea2c419c2583d41d113e34af26c5c9021,3,795,True,1,8458.372414908301,,0.003967008113861084,,,3967008.113861084,,,,,,,,,3967008.113861084
a77637c2-be04-4d14-b785-2074d94a3bd0,2003,AES-128,encrypt,cuda_baseline,baseline,pipeline,pinned,CTR,33554432,9,33554432:CTR:9,3e65f7bf1d566718e589cca21c881cfea2c419c2583d41d113e34af26c5c9021,4,796,True,,8460.898149043478,2236.7235494880547,0.003965823888778686,0.0150016,5651500,3965823.8887786865,5263500,10915000,15001600,,,,,,
a77637c2-be04-4d14-b785-2074d94a3bd0,2003,AES-128,encrypt,cuda_optimized_v1,optimized,resident,pinned,CTR,33554432,9,33554432:CTR:9,3e65f7bf1d566718e589cca21c881cfea2c419c2583d41d113e34af26c5c9021,5,797,True,1,8540.074919974235,,0.00392905592918396,,,3929055.92918396,,,,,,,,,3929055.92918396
a77637c2-be04-4d14-b785-2074d94a3bd0,2003,AES-128,encrypt,cuda_optimized_v1,optimized,pipeline,pinned,CTR,33554432,9,33554432:CTR:9,3e65f7bf1d566718e589cca21c881cfea2c419c2583d41d113e34af26c5c9021,6,798,True,,8504.334807951604,2291.3746431937066,0.003945568084716797,0.0146438,5352700,3945568.084716797,5261100,10613800,14643800,,,,,,
a77637c2-be04-4d14-b785-2074d94a3bd0,2003,AES-128,encrypt,cuda_ttable,ttable,resident,pinned,CTR,33554432,9,33554432:CTR:9,3e65f7bf1d566718e589cca21c881cfea2c419c2583d41d113e34af26c5c9021,7,799,True,1,1419.784252248896,,0.02363347244262695,,,23633472.442626953,,,,,,,,,23633472.442626953
