session_id,pair_id,variant_order,job_order,algorithm,backend,mode,bytes,repeat,operation,wall_elapsed_ns,process_cpu_ns,process_to_wall_ratio,seconds,throughput_MB_s
322287b2-9a69-4be0-bcde-7ec1b031aa08,1024:0:AES-192:encrypt,0,0,AES-192,aesni,CBC,1024,0,encrypt,3800,0,0.0,3.8e-06,269.4736842105263
322287b2-9a69-4be0-bcde-7ec1b031aa08,1024:0:AES-192:decrypt,0,1,AES-192,software,CBC,1024,0,decrypt,7300,0,0.0,7.3e-06,140.27397260273972
322287b2-9a69-4be0-bcde-7ec1b031aa08,1024:0:AES-192:encrypt,0,2,AES-192,software,CBC,1024,0,encrypt,7100,0,0.0,7.1e-06,144.22535211267606
322287b2-9a69-4be0-bcde-7ec1b031aa08,1024:0:AES-192:decrypt,0,3,AES-192,aesni,CBC,1024,0,decrypt,4100,0,0.0,4.1e-06,249.7560975609756
322287b2-9a69-4be0-bcde-7ec1b031aa08,1024:0:AES-256:encrypt,1,0,AES-256,aesni,CBC,1024,0,encrypt,4200,0,0.0,4.2e-06,243.8095238095238
322287b2-9a69-4be0-bcde-7ec1b031aa08,1024:0:AES-256:decrypt,1,1,AES-256,software,CBC,1024,0,decrypt,8000,0,0.0,8e-06,128.0
322287b2-9a69-4be0-bcde-7ec1b031aa08,1024:0:AES-256:encrypt,1,2,AES-256,software,CBC,1024,0,encrypt,7800,0,0.0,7.8e-06,131.28205128205127
322287b2-9a69-4be0-bcde-7ec1b031aa08,1024:0:AES-256:decrypt,1,3,AES-256,aesni,CBC,1024,0,decrypt,4200,0,0.0,4.2e-06,243.8095238095238
322287b2-9a69-4be0-bcde-7ec1b031aa08,1024:0:AES-128:encrypt,2,0,AES-128,aesni,CBC,1024,0,encrypt,3800,0,0.0,3.8e-06,269.4736842105263
322287b2-9a69-4be0-bcde-7ec1b031aa08,1024:0:AES-128:encrypt,2,1,AES-128,software,CBC,1024,0,encrypt,6500,0,0.0,6.5e-06,157.53846153846155
322287b2-9a69-4be0-bcde-7ec1b031aa08,1024:0:AES-128:decrypt,2,2,AES-128,software,CBC,1024,0,decrypt,6500,0,0.0,6.5e-06,157.53846153846155
322287b2-9a69-4be0-bcde-7ec1b031aa08,1024:0:AES-128:decrypt,2,3,AES-128,aesni,CBC,1024,0,decrypt,8900,0,0.0,8.9e-06,115.0561797752809
322287b2-9a69-4be0-bcde-7ec1b031aa08,1024:1:AES-192:encrypt,0,0,AES-192,software,CBC,1024,1,encrypt,7200,0,0.0,7.2e-06,142.22222222222223
322287b2-9a69-4be0-bcde-7ec1b031aa08,1024:1:AES-192:decrypt,0,1,AES-192,aesni,CBC,1024,1,decrypt,3900,0,0.0,3.9e-06,262.56410256410254
322287b2-9a69-4be0-bcde-7ec1b031aa08,1024:1:AES-192:encrypt,0,2,AES-192,aesni,CBC,1024,1,encrypt,3800,0,0.0,3.8e-06,269.4736842105263
322287b2-9a69-4be0-bcde-7ec1b031aa08,1024:1:AES-192:decrypt,0,3,AES-192,software,CBC,1024,1,decrypt,7300,0,0.0,7.3e-06,140.27397260273972
322287b2-9a69-4be0-bcde-7ec1b031aa08,1024:1:AES-128:decrypt,1,0,AES-128,aesni,CBC,1024,1,decrypt,3700,0,0.0,3.7e-06,276.7567567567568
322287b2-9a69-4be0-bcde-7ec1b031aa08,1024:1:AES-128:encrypt,1,1,AES-128,software,CBC,1024,1,encrypt,6800,0,0.0,6.8e-06,150.58823529411765
322287b2-9a69-4be0-bcde-7ec1b031aa08,1024:1:AES-128:decrypt,1,2,AES-128,software,CBC,1024,1,decrypt,6700,0,0.0,6.7e-06,152.83582089552237
322287b2-9a69-4be0-bcde-7ec1b031aa08,1024:1:AES-128:encrypt,1,3,AES-128,aesni,CBC,1024,1,encrypt,3800,0,0.0,3.8e-06,269.4736842105263
322287b2-9a69-4be0-bcde-7ec1b031aa08,1024:1:AES-256:decrypt,2,0,AES-256,software,CBC,1024,1,decrypt,8100,0,0.0,8.1e-06,126.41975308641975
322287b2-9a69-4be0-bcde-7ec1b031aa08,1024:1:AES-256:encrypt,2,1,AES-256,software,CBC,1024,1,encrypt,8100,0,0.0,8.1e-06,126.41975308641975
322287b2-9a69-4be0-bcde-7ec1b031aa08,1024:1:AES-256:encrypt,2,2,AES-256,aesni,CBC,1024,1,encrypt,4000,0,0.0,4e-06,256.0
322287b2-9a69-4be0-bcde-7ec1b031aa08,1024:1:AES-256:decrypt,2,3,AES-256,aesni,CBC,1024,1,decrypt,4200,0,0.0,4.2e-06,243.8095238095238
322287b2-9a69-4be0-bcde-7ec1b031aa08,1024:2:AES-128:encrypt,0,0,AES-128,software,CBC,1024,2,encrypt,6600,0,0.0,6.6e-06,155.15151515151516
322287b2-9a69-4be0-bcde-7ec1b031aa08,1024:2:AES-128:decrypt,0,1,AES-128,aesni,CBC,1024,2,decrypt,3900,0,0.0,3.9e-06,262.56410256410254
322287b2-9a69-4be0-bcde-7ec1b031aa08,1024:2:AES-128:decrypt,0,2,AES-128,software,CBC,1024,2,decrypt,6600,0,0.0,6.6e-06,155.15151515151516
322287b2-9a69-4be0-bcde-7ec1b031aa08,1024:2:AES-128:encrypt,0,3,AES-128,aesni,CBC,1024,2,encrypt,3700,0,0.0,3.7e-06,276.7567567567568
322287b2-9a69-4be0-bcde-7ec1b031aa08,1024:2:AES-256:decrypt,1,0,AES-256,aesni,CBC,1024,2,decrypt,4200,0,0.0,4.2e-06,243.8095238095238
322287b2-9a69-4be0-bcde-7ec1b031aa08,1024:2:AES-256:encrypt,1,1,AES-256,aesni,CBC,1024,2,encrypt,4000,0,0.0,4e-06,256.0
322287b2-9a69-4be0-bcde-7ec1b031aa08,1024:2:AES-256:decrypt,1,2,AES-256,software,CBC,1024,2,decrypt,8000,0,0.0,8e-06,128.0
322287b2-9a69-4be0-bcde-7ec1b031aa08,1024:2:AES-256:encrypt,1,3,AES-256,software,CBC,1024,2,encrypt,8000,0,0.0,8e-06,128.0
322287b2-9a69-4be0-bcde-7ec1b031aa08,1024:2:AES-192:decrypt,2,0,AES-192,software,CBC,1024,2,decrypt,7400,0,0.0,7.4e-06,138.3783783783784
322287b2-9a69-4be0-bcde-7ec1b031aa08,1024:2:AES-192:decrypt,2,1,AES-192,aesni,CBC,1024,2,decrypt,3900,0,0.0,3.9e-06,262.56410256410254
322287b2-9a69-4be0-bcde-7ec1b031aa08,1024:2:AES-192:encrypt,2,2,AES-192,aesni,CBC,1024,2,encrypt,3800,0,0.0,3.8e-06,269.4736842105263
322287b2-9a69-4be0-bcde-7ec1b031aa08,1024:2:AES-192:encrypt,2,3,AES-192,software,CBC,1024,2,encrypt,7200,0,0.0,7.2e-06,142.22222222222223
322287b2-9a69-4be0-bcde-7ec1b031aa08,1024:3:AES-256:decrypt,0,0,AES-256,software,CBC,1024,3,decrypt,8000,0,0.0,8e-06,128.0
322287b2-9a69-4be0-bcde-7ec1b031aa08,1024:3:AES-256:decrypt,0,1,AES-256,aesni,CBC,1024,3,decrypt,4100,0,0.0,4.1e-06,249.7560975609756
322287b2-9a69-4be0-bcde-7ec1b031aa08,1024:3:AES-256:encrypt,0,2,AES-256,aesni,CBC,1024,3,encrypt,4100,0,0.0,4.1e-06,249.7560975609756
322287b2-9a69-4be0-bcde-7ec1b031aa08,1024:3:AES-256:encrypt,0,3,AES-256,software,CBC,1024,3,encrypt,7900,0,0.0,7.9e-06,129.62025316455697
322287b2-9a69-4be0-bcde-7ec1b031aa08,1024:3:AES-192:encrypt,1,0,AES-192,aesni,CBC,1024,3,encrypt,4400,0,0.0,4.4e-06,232.72727272727272
322287b2-9a69-4be0-bcde-7ec1b031aa08,1024:3:AES-192:decrypt,1,1,AES-192,software,CBC,1024,3,decrypt,7300,0,0.0,7.3e-06,140.27397260273972
322287b2-9a69-4be0-bcde-7ec1b031aa08,1024:3:AES-192:encrypt,1,2,AES-192,software,CBC,1024,3,encrypt,7200,0,0.0,7.2e-06,142.22222222222223
322287b2-9a69-4be0-bcde-7ec1b031aa08,1024:3:AES-192:decrypt,1,3,AES-192,aesni,CBC,1024,3,decrypt,4000,0,0.0,4e-06,256.0
322287b2-9a69-4be0-bcde-7ec1b031aa08,1024:3:AES-128:decrypt,2,0,AES-128,software,CBC,1024,3,decrypt,6700,0,0.0,6.7e-06,152.83582089552237
322287b2-9a69-4be0-bcde-7ec1b031aa08,1024:3:AES-128:encrypt,2,1,AES-128,software,CBC,1024,3,encrypt,6600,0,0.0,6.6e-06,155.15151515151516
322287b2-9a69-4be0-bcde-7ec1b031aa08,1024:3:AES-128:encrypt,2,2,AES-128,aesni,CBC,1024,3,encrypt,5000,0,0.0,5e-06,204.8
322287b2-9a69-4be0-bcde-7ec1b031aa08,1024:3:AES-128:decrypt,2,3,AES-128,aesni,CBC,1024,3,decrypt,4100,0,0.0,4.1e-06,249.7560975609756
322287b2-9a69-4be0-bcde-7ec1b031aa08,1024:4:AES-256:encrypt,0,0,AES-256,software,CBC,1024,4,encrypt,8300,0,0.0,8.3e-06,123.37349397590361
322287b2-9a69-4be0-bcde-7ec1b031aa08,1024:4:AES-256:decrypt,0,1,AES-256,aesni,CBC,1024,4,decrypt,4100,0,0.0,4.1e-06,249.7560975609756
322287b2-9a69-4be0-bcde-7ec1b031aa08,1024:4:AES-256:encrypt,0,2,AES-256,aesni,CBC,1024,4,encrypt,4000,0,0.0,4e-06,256.0
322287b2-9a69-4be0-bcde-7ec1b031aa08,1024:4:AES-256:decrypt,0,3,AES-256,software,CBC,1024,4,decrypt,8000,0,0.0,8e-06,128.0
322287b2-9a69-4be0-bcde-7ec1b031aa08,1024:4:AES-128:encrypt,1,0,AES-128,aesni,CBC,1024,4,encrypt,3800,0,0.0,3.8e-06,269.4736842105263
322287b2-9a69-4be0-bcde-7ec1b031aa08,1024:4:AES-128:encrypt,1,1,AES-128,software,CBC,1024,4,encrypt,6700,0,0.0,6.7e-06,152.83582089552237
322287b2-9a69-4be0-bcde-7ec1b031aa08,1024:4:AES-128:decrypt,1,2,AES-128,software,CBC,1024,4,decrypt,10100,0,0.0,1.01e-05,101.38613861386139
322287b2-9a69-4be0-bcde-7ec1b031aa08,1024:4:AES-128:decrypt,1,3,AES-128,aesni,CBC,1024,4,decrypt,4400,0,0.0,4.4e-06,232.72727272727272
322287b2-9a69-4be0-bcde-7ec1b031aa08,1024:4:AES-192:decrypt,2,0,AES-192,aesni,CBC,1024,4,decrypt,4100,0,0.0,4.1e-06,249.7560975609756
322287b2-9a69-4be0-bcde-7ec1b031aa08,1024:4:AES-192:decrypt,2,1,AES-192,software,CBC,1024,4,decrypt,7400,0,0.0,7.4e-06,138.3783783783784
322287b2-9a69-4be0-bcde-7ec1b031aa08,1024:4:AES-192:encrypt,2,2,AES-192,software,CBC,1024,4,encrypt,7200,0,0.0,7.2e-06,142.22222222222223
322287b2-9a69-4be0-bcde-7ec1b031aa08,1024:4:AES-192:encrypt,2,3,AES-192,aesni,CBC,1024,4,encrypt,4000,0,0.0,4e-06,256.0
322287b2-9a69-4be0-bcde-7ec1b031aa08,1024:5:AES-192:encrypt,0,0,AES-192,aesni,CBC,1024,5,encrypt,4100,0,0.0,4.1e-06,249.7560975609756
322287b2-9a69-4be0-bcde-7ec1b031aa08,1024:5:AES-192:encrypt,0,1,AES-192,software,CBC,1024,5,encrypt,7300,0,0.0,7.3e-06,140.27397260273972
322287b2-9a69-4be0-bcde-7ec1b031aa08,1024:5:AES-192:decrypt,0,2,AES-192,aesni,CBC,1024,5,decrypt,4000,0,0.0,4e-06,256.0
322287b2-9a69-4be0-bcde-7ec1b031aa08,1024:5:AES-192:decrypt,0,3,AES-192,software,CBC,1024,5,decrypt,7300,0,0.0,7.3e-06,140.27397260273972
322287b2-9a69-4be0-bcde-7ec1b031aa08,1024:5:AES-128:decrypt,1,0,AES-128,software,CBC,1024,5,decrypt,6800,0,0.0,6.8e-06,150.58823529411765
322287b2-9a69-4be0-bcde-7ec1b031aa08,1024:5:AES-128:decrypt,1,1,AES-128,aesni,CBC,1024,5,decrypt,3700,0,0.0,3.7e-06,276.7567567567568
322287b2-9a69-4be0-bcde-7ec1b031aa08,1024:5:AES-128:encrypt,1,2,AES-128,aesni,CBC,1024,5,encrypt,3800,0,0.0,3.8e-06,269.4736842105263
322287b2-9a69-4be0-bcde-7ec1b031aa08,1024:5:AES-128:encrypt,1,3,AES-128,software,CBC,1024,5,encrypt,6600,0,0.0,6.6e-06,155.15151515151516
322287b2-9a69-4be0-bcde-7ec1b031aa08,1024:5:AES-256:encrypt,2,0,AES-256,software,CBC,1024,5,encrypt,7800,0,0.0,7.8e-06,131.28205128205127
322287b2-9a69-4be0-bcde-7ec1b031aa08,1024:5:AES-256:encrypt,2,1,AES-256,aesni,CBC,1024,5,encrypt,4100,0,0.0,4.1e-06,249.7560975609756
322287b2-9a69-4be0-bcde-7ec1b031aa08,1024:5:AES-256:decrypt,2,2,AES-256,software,CBC,1024,5,decrypt,8000,0,0.0,8e-06,128.0
322287b2-9a69-4be0-bcde-7ec1b031aa08,1024:5:AES-256:decrypt,2,3,AES-256,aesni,CBC,1024,5,decrypt,4200,0,0.0,4.2e-06,243.8095238095238
322287b2-9a69-4be0-bcde-7ec1b031aa08,1024:6:AES-256:encrypt,0,0,AES-256,software,CBC,1024,6,encrypt,8800,0,0.0,8.8e-06,116.36363636363636
322287b2-9a69-4be0-bcde-7ec1b031aa08,1024:6:AES-256:decrypt,0,1,AES-256,software,CBC,1024,6,decrypt,8200,0,0.0,8.2e-06,124.8780487804878
322287b2-9a69-4be0-bcde-7ec1b031aa08,1024:6:AES-256:decrypt,0,2,AES-256,aesni,CBC,1024,6,decrypt,4100,0,0.0,4.1e-06,249.7560975609756
322287b2-9a69-4be0-bcde-7ec1b031aa08,1024:6:AES-256:encrypt,0,3,AES-256,aesni,CBC,1024,6,encrypt,4100,0,0.0,4.1e-06,249.7560975609756
322287b2-9a69-4be0-bcde-7ec1b031aa08,1024:6:AES-128:decrypt,1,0,AES-128,aesni,CBC,1024,6,decrypt,3800,0,0.0,3.8e-06,269.4736842105263
322287b2-9a69-4be0-bcde-7ec1b031aa08,1024:6:AES-128:decrypt,1,1,AES-128,software,CBC,1024,6,decrypt,6700,0,0.0,6.7e-06,152.83582089552237
322287b2-9a69-4be0-bcde-7ec1b031aa08,1024:6:AES-128:encrypt,1,2,AES-128,software,CBC,1024,6,encrypt,6700,0,0.0,6.7e-06,152.83582089552237
322287b2-9a69-4be0-bcde-7ec1b031aa08,1024:6:AES-128:encrypt,1,3,AES-128,aesni,CBC,1024,6,encrypt,3800,0,0.0,3.8e-06,269.4736842105263
322287b2-9a69-4be0-bcde-7ec1b031aa08,1024:6:AES-192:decrypt,2,0,AES-192,aesni,CBC,1024,6,decrypt,4100,0,0.0,4.1e-06,249.7560975609756
322287b2-9a69-4be0-bcde-7ec1b031aa08,1024:6:AES-192:encrypt,2,1,AES-192,software,CBC,1024,6,encrypt,7400,0,0.0,7.4e-06,138.3783783783784
322287b2-9a69-4be0-bcde-7ec1b031aa08,1024:6:AES-192:decrypt,2,2,AES-192,software,CBC,1024,6,decrypt,7300,0,0.0,7.3e-06,140.27397260273972
322287b2-9a69-4be0-bcde-7ec1b031aa08,1024:6:AES-192:encrypt,2,3,AES-192,aesni,CBC,1024,6,encrypt,3900,0,0.0,3.9e-06,262.56410256410254
322287b2-9a69-4be0-bcde-7ec1b031aa08,1024:7:AES-128:encrypt,0,0,AES-128,software,CBC,1024,7,encrypt,6900,0,0.0,6.9e-06,148.40579710144928
322287b2-9a69-4be0-bcde-7ec1b031aa08,1024:7:AES-128:decrypt,0,1,AES-128,aesni,CBC,1024,7,decrypt,3900,0,0.0,3.9e-06,262.56410256410254
322287b2-9a69-4be0-bcde-7ec1b031aa08,1024:7:AES-128:decrypt,0,2,AES-128,software,CBC,1024,7,decrypt,6600,0,0.0,6.6e-06,155.15151515151516
322287b2-9a69-4be0-bcde-7ec1b031aa08,1024:7:AES-128:encrypt,0,3,AES-128,aesni,CBC,1024,7,encrypt,3800,0,0.0,3.8e-06,269.4736842105263
322287b2-9a69-4be0-bcde-7ec1b031aa08,1024:7:AES-256:decrypt,1,0,AES-256,aesni,CBC,1024,7,decrypt,4100,0,0.0,4.1e-06,249.7560975609756
322287b2-9a69-4be0-bcde-7ec1b031aa08,1024:7:AES-256:encrypt,1,1,AES-256,software,CBC,1024,7,encrypt,8000,0,0.0,8e-06,128.0
322287b2-9a69-4be0-bcde-7ec1b031aa08,1024:7:AES-256:encrypt,1,2,AES-256,aesni,CBC,1024,7,encrypt,4100,0,0.0,4.1e-06,249.7560975609756
322287b2-9a69-4be0-bcde-7ec1b031aa08,1024:7:AES-256:decrypt,1,3,AES-256,software,CBC,1024,7,decrypt,39300,0,0.0,3.93e-05,26.0559796437659
322287b2-9a69-4be0-bcde-7ec1b031aa08,1024:7:AES-192:encrypt,2,0,AES-192,aesni,CBC,1024,7,encrypt,4300,0,0.0,4.3e-06,238.13953488372093
322287b2-9a69-4be0-bcde-7ec1b031aa08,1024:7:AES-192:decrypt,2,1,AES-192,aesni,CBC,1024,7,decrypt,4300,0,0.0,4.3e-06,238.13953488372093
322287b2-9a69-4be0-bcde-7ec1b031aa08,1024:7:AES-192:encrypt,2,2,AES-192,software,CBC,1024,7,encrypt,7400,0,0.0,7.4e-06,138.3783783783784
322287b2-9a69-4be0-bcde-7ec1b031aa08,1024:7:AES-192:decrypt,2,3,AES-192,software,CBC,1024,7,decrypt,7400,0,0.0,7.4e-06,138.3783783783784
322287b2-9a69-4be0-bcde-7ec1b031aa08,1024:8:AES-192:decrypt,0,0,AES-192,aesni,CBC,1024,8,decrypt,4200,0,0.0,4.2e-06,243.8095238095238
322287b2-9a69-4be0-bcde-7ec1b031aa08,1024:8:AES-192:encrypt,0,1,AES-192,software,CBC,1024,8,encrypt,7200,0,0.0,7.2e-06,142.22222222222223
322287b2-9a69-4be0-bcde-7ec1b031aa08,1024:8:AES-192:encrypt,0,2,AES-192,aesni,CBC,1024,8,encrypt,3800,0,0.0,3.8e-06,269.4736842105263
322287b2-9a69-4be0-bcde-7ec1b031aa08,1024:8:AES-192:decrypt,0,3,AES-192,software,CBC,1024,8,decrypt,7400,0,0.0,7.4e-06,138.3783783783784
322287b2-9a69-4be0-bcde-7ec1b031aa08,1024:8:AES-128:encrypt,1,0,AES-128,software,CBC,1024,8,encrypt,6600,0,0.0,6.6e-06,155.15151515151516
322287b2-9a69-4be0-bcde-7ec1b031aa08,1024:8:AES-128:decrypt,1,1,AES-128,aesni,CBC,1024,8,decrypt,4000,0,0.0,4e-06,256.0
322287b2-9a69-4be0-bcde-7ec1b031aa08,1024:8:AES-128:decrypt,1,2,AES-128,software,CBC,1024,8,decrypt,6600,0,0.0,6.6e-06,155.15151515151516
322287b2-9a69-4be0-bcde-7ec1b031aa08,1024:8:AES-128:encrypt,1,3,AES-128,aesni,CBC,1024,8,encrypt,3700,0,0.0,3.7e-06,276.7567567567568
322287b2-9a69-4be0-bcde-7ec1b031aa08,1024:8:AES-256:encrypt,2,0,AES-256,software,CBC,1024,8,encrypt,8000,0,0.0,8e-06,128.0
322287b2-9a69-4be0-bcde-7ec1b031aa08,1024:8:AES-256:decrypt,2,1,AES-256,aesni,CBC,1024,8,decrypt,4300,0,0.0,4.3e-06,238.13953488372093
322287b2-9a69-4be0-bcde-7ec1b031aa08,1024:8:AES-256:decrypt,2,2,AES-256,software,CBC,1024,8,decrypt,8100,0,0.0,8.1e-06,126.41975308641975
322287b2-9a69-4be0-bcde-7ec1b031aa08,1024:8:AES-256:encrypt,2,3,AES-256,aesni,CBC,1024,8,encrypt,4100,0,0.0,4.1e-06,249.7560975609756
322287b2-9a69-4be0-bcde-7ec1b031aa08,1024:9:AES-192:decrypt,0,0,AES-192,software,CBC,1024,9,decrypt,7400,0,0.0,7.4e-06,138.3783783783784
322287b2-9a69-4be0-bcde-7ec1b031aa08,1024:9:AES-192:encrypt,0,1,AES-192,aesni,CBC,1024,9,encrypt,4200,0,0.0,4.2e-06,243.8095238095238
322287b2-9a69-4be0-bcde-7ec1b031aa08,1024:9:AES-192:encrypt,0,2,AES-192,software,CBC,1024,9,encrypt,7400,0,0.0,7.4e-06,138.3783783783784
322287b2-9a69-4be0-bcde-7ec1b031aa08,1024:9:AES-192:decrypt,0,3,AES-192,aesni,CBC,1024,9,decrypt,4100,0,0.0,4.1e-06,249.7560975609756
322287b2-9a69-4be0-bcde-7ec1b031aa08,1024:9:AES-256:encrypt,1,0,AES-256,software,CBC,1024,9,encrypt,7900,0,0.0,7.9e-06,129.62025316455697
322287b2-9a69-4be0-bcde-7ec1b031aa08,1024:9:AES-256:decrypt,1,1,AES-256,aesni,CBC,1024,9,decrypt,4300,0,0.0,4.3e-06,238.13953488372093
322287b2-9a69-4be0-bcde-7ec1b031aa08,1024:9:AES-256:decrypt,1,2,AES-256,software,CBC,1024,9,decrypt,8200,0,0.0,8.2e-06,124.8780487804878
322287b2-9a69-4be0-bcde-7ec1b031aa08,1024:9:AES-256:encrypt,1,3,AES-256,aesni,CBC,1024,9,encrypt,4100,0,0.0,4.1e-06,249.7560975609756
322287b2-9a69-4be0-bcde-7ec1b031aa08,1024:9:AES-128:encrypt,2,0,AES-128,aesni,CBC,1024,9,encrypt,3900,0,0.0,3.9e-06,262.56410256410254
322287b2-9a69-4be0-bcde-7ec1b031aa08,1024:9:AES-128:decrypt,2,1,AES-128,aesni,CBC,1024,9,decrypt,4000,0,0.0,4e-06,256.0
322287b2-9a69-4be0-bcde-7ec1b031aa08,1024:9:AES-128:encrypt,2,2,AES-128,software,CBC,1024,9,encrypt,6800,0,0.0,6.8e-06,150.58823529411765
322287b2-9a69-4be0-bcde-7ec1b031aa08,1024:9:AES-128:decrypt,2,3,AES-128,software,CBC,1024,9,decrypt,6800,0,0.0,6.8e-06,150.58823529411765
322287b2-9a69-4be0-bcde-7ec1b031aa08,1024:10:AES-256:decrypt,0,0,AES-256,aesni,CBC,1024,10,decrypt,4300,0,0.0,4.3e-06,238.13953488372093
322287b2-9a69-4be0-bcde-7ec1b031aa08,1024:10:AES-256:encrypt,0,1,AES-256,aesni,CBC,1024,10,encrypt,4100,0,0.0,4.1e-06,249.7560975609756
322287b2-9a69-4be0-bcde-7ec1b031aa08,1024:10:AES-256:decrypt,0,2,AES-256,software,CBC,1024,10,decrypt,8100,0,0.0,8.1e-06,126.41975308641975
322287b2-9a69-4be0-bcde-7ec1b031aa08,1024:10:AES-256:encrypt,0,3,AES-256,software,CBC,1024,10,encrypt,7800,0,0.0,7.8e-06,131.28205128205127
322287b2-9a69-4be0-bcde-7ec1b031aa08,1024:10:AES-128:encrypt,1,0,AES-128,software,CBC,1024,10,encrypt,6600,0,0.0,6.6e-06,155.15151515151516
322287b2-9a69-4be0-bcde-7ec1b031aa08,1024:10:AES-128:decrypt,1,1,AES-128,aesni,CBC,1024,10,decrypt,3900,0,0.0,3.9e-06,262.56410256410254
322287b2-9a69-4be0-bcde-7ec1b031aa08,1024:10:AES-128:decrypt,1,2,AES-128,software,CBC,1024,10,decrypt,6700,0,0.0,6.7e-06,152.83582089552237
322287b2-9a69-4be0-bcde-7ec1b031aa08,1024:10:AES-128:encrypt,1,3,AES-128,aesni,CBC,1024,10,encrypt,3700,0,0.0,3.7e-06,276.7567567567568
322287b2-9a69-4be0-bcde-7ec1b031aa08,1024:10:AES-192:decrypt,2,0,AES-192,software,CBC,1024,10,decrypt,7300,0,0.0,7.3e-06,140.27397260273972
322287b2-9a69-4be0-bcde-7ec1b031aa08,1024:10:AES-192:decrypt,2,1,AES-192,aesni,CBC,1024,10,decrypt,3900,0,0.0,3.9e-06,262.56410256410254
322287b2-9a69-4be0-bcde-7ec1b031aa08,1024:10:AES-192:encrypt,2,2,AES-192,aesni,CBC,1024,10,encrypt,3800,0,0.0,3.8e-06,269.4736842105263
322287b2-9a69-4be0-bcde-7ec1b031aa08,1024:10:AES-192:encrypt,2,3,AES-192,software,CBC,1024,10,encrypt,7300,0,0.0,7.3e-06,140.27397260273972
322287b2-9a69-4be0-bcde-7ec1b031aa08,1024:11:AES-128:decrypt,0,0,AES-128,aesni,CBC,1024,11,decrypt,4000,0,0.0,4e-06,256.0
322287b2-9a69-4be0-bcde-7ec1b031aa08,1024:11:AES-128:decrypt,0,1,AES-128,software,CBC,1024,11,decrypt,6500,0,0.0,6.5e-06,157.53846153846155
322287b2-9a69-4be0-bcde-7ec1b031aa08,1024:11:AES-128:encrypt,0,2,AES-128,software,CBC,1024,11,encrypt,6800,0,0.0,6.8e-06,150.58823529411765
322287b2-9a69-4be0-bcde-7ec1b031aa08,1024:11:AES-128:encrypt,0,3,AES-128,aesni,CBC,1024,11,encrypt,3900,0,0.0,3.9e-06,262.56410256410254
322287b2-9a69-4be0-bcde-7ec1b031aa08,1024:11:AES-256:decrypt,1,0,AES-256,aesni,CBC,1024,11,decrypt,4100,0,0.0,4.1e-06,249.7560975609756
322287b2-9a69-4be0-bcde-7ec1b031aa08,1024:11:AES-256:encrypt,1,1,AES-256,aesni,CBC,1024,11,encrypt,4000,0,0.0,4e-06,256.0
322287b2-9a69-4be0-bcde-7ec1b031aa08,1024:11:AES-256:encrypt,1,2,AES-256,software,CBC,1024,11,encrypt,7900,0,0.0,7.9e-06,129.62025316455697
322287b2-9a69-4be0-bcde-7ec1b031aa08,1024:11:AES-256:decrypt,1,3,AES-256,software,CBC,1024,11,decrypt,8000,0,0.0,8e-06,128.0
322287b2-9a69-4be0-bcde-7ec1b031aa08,1024:11:AES-192:encrypt,2,0,AES-192,software,CBC,1024,11,encrypt,7200,0,0.0,7.2e-06,142.22222222222223
322287b2-9a69-4be0-bcde-7ec1b031aa08,1024:11:AES-192:decrypt,2,1,AES-192,aesni,CBC,1024,11,decrypt,4100,0,0.0,4.1e-06,249.7560975609756
322287b2-9a69-4be0-bcde-7ec1b031aa08,1024:11:AES-192:decrypt,2,2,AES-192,software,CBC,1024,11,decrypt,8300,0,0.0,8.3e-06,123.37349397590361
322287b2-9a69-4be0-bcde-7ec1b031aa08,1024:11:AES-192:encrypt,2,3,AES-192,aesni,CBC,1024,11,encrypt,4000,0,0.0,4e-06,256.0
322287b2-9a69-4be0-bcde-7ec1b031aa08,1024:12:AES-128:encrypt,0,0,AES-128,software,CBC,1024,12,encrypt,6700,0,0.0,6.7e-06,152.83582089552237
322287b2-9a69-4be0-bcde-7ec1b031aa08,1024:12:AES-128:decrypt,0,1,AES-128,software,CBC,1024,12,decrypt,6700,0,0.0,6.7e-06,152.83582089552237
322287b2-9a69-4be0-bcde-7ec1b031aa08,1024:12:AES-128:encrypt,0,2,AES-128,aesni,CBC,1024,12,encrypt,3700,0,0.0,3.7e-06,276.7567567567568
322287b2-9a69-4be0-bcde-7ec1b031aa08,1024:12:AES-128:decrypt,0,3,AES-128,aesni,CBC,1024,12,decrypt,3800,0,0.0,3.8e-06,269.4736842105263
322287b2-9a69-4be0-bcde-7ec1b031aa08,1024:12:AES-192:decrypt,1,0,AES-192,software,CBC,1024,12,decrypt,7500,0,0.0,7.5e-06,136.53333333333333
322287b2-9a69-4be0-bcde-7ec1b031aa08,1024:12:AES-192:decrypt,1,1,AES-192,aesni,CBC,1024,12,decrypt,3900,0,0.0,3.9e-06,262.56410256410254
322287b2-9a69-4be0-bcde-7ec1b031aa08,1024:12:AES-192:encrypt,1,2,AES-192,software,CBC,1024,12,encrypt,7300,0,0.0,7.3e-06,140.27397260273972
322287b2-9a69-4be0-bcde-7ec1b031aa08,1024:12:AES-192:encrypt,1,3,AES-192,aesni,CBC,1024,12,encrypt,6500,0,0.0,6.5e-06,157.53846153846155
322287b2-9a69-4be0-bcde-7ec1b031aa08,1024:12:AES-256:encrypt,2,0,AES-256,software,CBC,1024,12,encrypt,7900,0,0.0,7.9e-06,129.62025316455697
322287b2-9a69-4be0-bcde-7ec1b031aa08,1024:12:AES-256:encrypt,2,1,AES-256,aesni,CBC,1024,12,encrypt,4100,0,0.0,4.1e-06,249.7560975609756
322287b2-9a69-4be0-bcde-7ec1b031aa08,1024:12:AES-256:decrypt,2,2,AES-256,aesni,CBC,1024,12,decrypt,4200,0,0.0,4.2e-06,243.8095238095238
322287b2-9a69-4be0-bcde-7ec1b031aa08,1024:12:AES-256:decrypt,2,3,AES-256,software,CBC,1024,12,decrypt,8000,0,0.0,8e-06,128.0
322287b2-9a69-4be0-bcde-7ec1b031aa08,1024:13:AES-256:encrypt,0,0,AES-256,aesni,CBC,1024,13,encrypt,4200,0,0.0,4.2e-06,243.8095238095238
322287b2-9a69-4be0-bcde-7ec1b031aa08,1024:13:AES-256:decrypt,0,1,AES-256,aesni,CBC,1024,13,decrypt,4100,0,0.0,4.1e-06,249.7560975609756
322287b2-9a69-4be0-bcde-7ec1b031aa08,1024:13:AES-256:encrypt,0,2,AES-256,software,CBC,1024,13,encrypt,8000,0,0.0,8e-06,128.0
322287b2-9a69-4be0-bcde-7ec1b031aa08,1024:13:AES-256:decrypt,0,3,AES-256,software,CBC,1024,13,decrypt,7900,0,0.0,7.9e-06,129.62025316455697
322287b2-9a69-4be0-bcde-7ec1b031aa08,1024:13:AES-192:decrypt,1,0,AES-192,aesni,CBC,1024,13,decrypt,3900,0,0.0,3.9e-06,262.56410256410254
322287b2-9a69-4be0-bcde-7ec1b031aa08,1024:13:AES-192:encrypt,1,1,AES-192,aesni,CBC,1024,13,encrypt,3900,0,0.0,3.9e-06,262.56410256410254
322287b2-9a69-4be0-bcde-7ec1b031aa08,1024:13:AES-192:decrypt,1,2,AES-192,software,CBC,1024,13,decrypt,7200,0,0.0,7.2e-06,142.22222222222223
322287b2-9a69-4be0-bcde-7ec1b031aa08,1024:13:AES-192:encrypt,1,3,AES-192,software,CBC,1024,13,encrypt,7200,0,0.0,7.2e-06,142.22222222222223
322287b2-9a69-4be0-bcde-7ec1b031aa08,1024:13:AES-128:decrypt,2,0,AES-128,aesni,CBC,1024,13,decrypt,3800,0,0.0,3.8e-06,269.4736842105263
322287b2-9a69-4be0-bcde-7ec1b031aa08,1024:13:AES-128:encrypt,2,1,AES-128,software,CBC,1024,13,encrypt,6700,0,0.0,6.7e-06,152.83582089552237
322287b2-9a69-4be0-bcde-7ec1b031aa08,1024:13:AES-128:decrypt,2,2,AES-128,software,CBC,1024,13,decrypt,6700,0,0.0,6.7e-06,152.83582089552237
322287b2-9a69-4be0-bcde-7ec1b031aa08,1024:13:AES-128:encrypt,2,3,AES-128,aesni,CBC,1024,13,encrypt,3700,0,0.0,3.7e-06,276.7567567567568
322287b2-9a69-4be0-bcde-7ec1b031aa08,1024:14:AES-128:decrypt,0,0,AES-128,software,CBC,1024,14,decrypt,6600,0,0.0,6.6e-06,155.15151515151516
322287b2-9a69-4be0-bcde-7ec1b031aa08,1024:14:AES-128:encrypt,0,1,AES-128,software,CBC,1024,14,encrypt,7700,0,0.0,7.7e-06,132.98701298701297
322287b2-9a69-4be0-bcde-7ec1b031aa08,1024:14:AES-128:encrypt,0,2,AES-128,aesni,CBC,1024,14,encrypt,3900,0,0.0,3.9e-06,262.56410256410254
322287b2-9a69-4be0-bcde-7ec1b031aa08,1024:14:AES-128:decrypt,0,3,AES-128,aesni,CBC,1024,14,decrypt,4000,0,0.0,4e-06,256.0
322287b2-9a69-4be0-bcde-7ec1b031aa08,1024:14:AES-192:encrypt,1,0,AES-192,software,CBC,1024,14,encrypt,7200,0,0.0,7.2e-06,142.22222222222223
322287b2-9a69-4be0-bcde-7ec1b031aa08,1024:14:AES-192:decrypt,1,1,AES-192,aesni,CBC,1024,14,decrypt,4000,0,0.0,4e-06,256.0
322287b2-9a69-4be0-bcde-7ec1b031aa08,1024:14:AES-192:encrypt,1,2,AES-192,aesni,CBC,1024,14,encrypt,4000,0,0.0,4e-06,256.0
322287b2-9a69-4be0-bcde-7ec1b031aa08,1024:14:AES-192:decrypt,1,3,AES-192,software,CBC,1024,14,decrypt,7700,0,0.0,7.7e-06,132.98701298701297
322287b2-9a69-4be0-bcde-7ec1b031aa08,1024:14:AES-256:decrypt,2,0,AES-256,software,CBC,1024,14,decrypt,8100,0,0.0,8.1e-06,126.41975308641975
322287b2-9a69-4be0-bcde-7ec1b031aa08,1024:14:AES-256:decrypt,2,1,AES-256,aesni,CBC,1024,14,decrypt,4000,0,0.0,4e-06,256.0
322287b2-9a69-4be0-bcde-7ec1b031aa08,1024:14:AES-256:encrypt,2,2,AES-256,software,CBC,1024,14,encrypt,8000,0,0.0,8e-06,128.0
322287b2-9a69-4be0-bcde-7ec1b031aa08,1024:14:AES-256:encrypt,2,3,AES-256,aesni,CBC,1024,14,encrypt,4000,0,0.0,4e-06,256.0
322287b2-9a69-4be0-bcde-7ec1b031aa08,1024:15:AES-256:decrypt,0,0,AES-256,aesni,CBC,1024,15,decrypt,4300,0,0.0,4.3e-06,238.13953488372093
322287b2-9a69-4be0-bcde-7ec1b031aa08,1024:15:AES-256:encrypt,0,1,AES-256,software,CBC,1024,15,encrypt,8000,0,0.0,8e-06,128.0
322287b2-9a69-4be0-bcde-7ec1b031aa08,1024:15:AES-256:encrypt,0,2,AES-256,aesni,CBC,1024,15,encrypt,4100,0,0.0,4.1e-06,249.7560975609756
322287b2-9a69-4be0-bcde-7ec1b031aa08,1024:15:AES-256:decrypt,0,3,AES-256,software,CBC,1024,15,decrypt,24500,0,0.0,2.45e-05,41.795918367346935
322287b2-9a69-4be0-bcde-7ec1b031aa08,1024:15:AES-192:decrypt,1,0,AES-192,software,CBC,1024,15,decrypt,7400,0,0.0,7.4e-06,138.3783783783784
322287b2-9a69-4be0-bcde-7ec1b031aa08,1024:15:AES-192:decrypt,1,1,AES-192,aesni,CBC,1024,15,decrypt,4000,0,0.0,4e-06,256.0
322287b2-9a69-4be0-bcde-7ec1b031aa08,1024:15:AES-192:encrypt,1,2,AES-192,aesni,CBC,1024,15,encrypt,3900,0,0.0,3.9e-06,262.56410256410254
322287b2-9a69-4be0-bcde-7ec1b031aa08,1024:15:AES-192:encrypt,1,3,AES-192,software,CBC,1024,15,encrypt,7200,0,0.0,7.2e-06,142.22222222222223
322287b2-9a69-4be0-bcde-7ec1b031aa08,1024:15:AES-128:encrypt,2,0,AES-128,aesni,CBC,1024,15,encrypt,3800,0,0.0,3.8e-06,269.4736842105263
322287b2-9a69-4be0-bcde-7ec1b031aa08,1024:15:AES-128:encrypt,2,1,AES-128,software,CBC,1024,15,encrypt,6600,0,0.0,6.6e-06,155.15151515151516
322287b2-9a69-4be0-bcde-7ec1b031aa08,1024:15:AES-128:decrypt,2,2,AES-128,aesni,CBC,1024,15,decrypt,3900,0,0.0,3.9e-06,262.56410256410254
322287b2-9a69-4be0-bcde-7ec1b031aa08,1024:15:AES-128:decrypt,2,3,AES-128,software,CBC,1024,15,decrypt,6700,0,0.0,6.7e-06,152.83582089552237
322287b2-9a69-4be0-bcde-7ec1b031aa08,1024:16:AES-192:encrypt,0,0,AES-192,aesni,CBC,1024,16,encrypt,4000,0,0.0,4e-06,256.0
322287b2-9a69-4be0-bcde-7ec1b031aa08,1024:16:AES-192:encrypt,0,1,AES-192,software,CBC,1024,16,encrypt,7200,0,0.0,7.2e-06,142.22222222222223
322287b2-9a69-4be0-bcde-7ec1b031aa08,1024:16:AES-192:decrypt,0,2,AES-192,software,CBC,1024,16,decrypt,7300,0,0.0,7.3e-06,140.27397260273972
322287b2-9a69-4be0-bcde-7ec1b031aa08,1024:16:AES-192:decrypt,0,3,AES-192,aesni,CBC,1024,16,decrypt,4000,0,0.0,4e-06,256.0
322287b2-9a69-4be0-bcde-7ec1b031aa08,1024:16:AES-128:encrypt,1,0,AES-128,aesni,CBC,1024,16,encrypt,3800,0,0.0,3.8e-06,269.4736842105263
322287b2-9a69-4be0-bcde-7ec1b031aa08,1024:16:AES-128:decrypt,1,1,AES-128,software,CBC,1024,16,decrypt,6800,0,0.0,6.8e-06,150.58823529411765
322287b2-9a69-4be0-bcde-7ec1b031aa08,1024:16:AES-128:decrypt,1,2,AES-128,aesni,CBC,1024,16,decrypt,3800,0,0.0,3.8e-06,269.4736842105263
322287b2-9a69-4be0-bcde-7ec1b031aa08,1024:16:AES-128:encrypt,1,3,AES-128,software,CBC,1024,16,encrypt,6600,0,0.0,6.6e-06,155.15151515151516
322287b2-9a69-4be0-bcde-7ec1b031aa08,1024:16:AES-256:encrypt,2,0,AES-256,software,CBC,1024,16,encrypt,7800,0,0.0,7.8e-06,131.28205128205127
322287b2-9a69-4be0-bcde-7ec1b031aa08,1024:16:AES-256:encrypt,2,1,AES-256,aesni,CBC,1024,16,encrypt,4100,0,0.0,4.1e-06,249.7560975609756
322287b2-9a69-4be0-bcde-7ec1b031aa08,1024:16:AES-256:decrypt,2,2,AES-256,software,CBC,1024,16,decrypt,8000,0,0.0,8e-06,128.0
322287b2-9a69-4be0-bcde-7ec1b031aa08,1024:16:AES-256:decrypt,2,3,AES-256,aesni,CBC,1024,16,decrypt,4200,0,0.0,4.2e-06,243.8095238095238
322287b2-9a69-4be0-bcde-7ec1b031aa08,1024:17:AES-192:encrypt,0,0,AES-192,aesni,CBC,1024,17,encrypt,3900,0,0.0,3.9e-06,262.56410256410254
322287b2-9a69-4be0-bcde-7ec1b031aa08,1024:17:AES-192:decrypt,0,1,AES-192,software,CBC,1024,17,decrypt,7400,0,0.0,7.4e-06,138.3783783783784
322287b2-9a69-4be0-bcde-7ec1b031aa08,1024:17:AES-192:encrypt,0,2,AES-192,software,CBC,1024,17,encrypt,7300,0,0.0,7.3e-06,140.27397260273972
322287b2-9a69-4be0-bcde-7ec1b031aa08,1024:17:AES-192:decrypt,0,3,AES-192,aesni,CBC,1024,17,decrypt,4000,0,0.0,4e-06,256.0
322287b2-9a69-4be0-bcde-7ec1b031aa08,1024:17:AES-128:decrypt,1,0,AES-128,software,CBC,1024,17,decrypt,6800,0,0.0,6.8e-06,150.58823529411765
322287b2-9a69-4be0-bcde-7ec1b031aa08,1024:17:AES-128:decrypt,1,1,AES-128,aesni,CBC,1024,17,decrypt,3900,0,0.0,3.9e-06,262.56410256410254
322287b2-9a69-4be0-bcde-7ec1b031aa08,1024:17:AES-128:encrypt,1,2,AES-128,aesni,CBC,1024,17,encrypt,3800,0,0.0,3.8e-06,269.4736842105263
322287b2-9a69-4be0-bcde-7ec1b031aa08,1024:17:AES-128:encrypt,1,3,AES-128,software,CBC,1024,17,encrypt,6700,0,0.0,6.7e-06,152.83582089552237
322287b2-9a69-4be0-bcde-7ec1b031aa08,1024:17:AES-256:decrypt,2,0,AES-256,software,CBC,1024,17,decrypt,8000,0,0.0,8e-06,128.0
322287b2-9a69-4be0-bcde-7ec1b031aa08,1024:17:AES-256:encrypt,2,1,AES-256,aesni,CBC,1024,17,encrypt,4100,0,0.0,4.1e-06,249.7560975609756
322287b2-9a69-4be0-bcde-7ec1b031aa08,1024:17:AES-256:encrypt,2,2,AES-256,software,CBC,1024,17,encrypt,7900,0,0.0,7.9e-06,129.62025316455697
322287b2-9a69-4be0-bcde-7ec1b031aa08,1024:17:AES-256:decrypt,2,3,AES-256,aesni,CBC,1024,17,decrypt,4100,0,0.0,4.1e-06,249.7560975609756
322287b2-9a69-4be0-bcde-7ec1b031aa08,1024:18:AES-256:encrypt,0,0,AES-256,software,CBC,1024,18,encrypt,7800,0,0.0,7.8e-06,131.28205128205127
322287b2-9a69-4be0-bcde-7ec1b031aa08,1024:18:AES-256:decrypt,0,1,AES-256,software,CBC,1024,18,decrypt,8000,0,0.0,8e-06,128.0
322287b2-9a69-4be0-bcde-7ec1b031aa08,1024:18:AES-256:encrypt,0,2,AES-256,aesni,CBC,1024,18,encrypt,4000,0,0.0,4e-06,256.0
322287b2-9a69-4be0-bcde-7ec1b031aa08,1024:18:AES-256:decrypt,0,3,AES-256,aesni,CBC,1024,18,decrypt,4100,0,0.0,4.1e-06,249.7560975609756
322287b2-9a69-4be0-bcde-7ec1b031aa08,1024:18:AES-192:encrypt,1,0,AES-192,aesni,CBC,1024,18,encrypt,4000,0,0.0,4e-06,256.0
322287b2-9a69-4be0-bcde-7ec1b031aa08,1024:18:AES-192:encrypt,1,1,AES-192,software,CBC,1024,18,encrypt,7300,0,0.0,7.3e-06,140.27397260273972
322287b2-9a69-4be0-bcde-7ec1b031aa08,1024:18:AES-192:decrypt,1,2,AES-192,software,CBC,1024,18,decrypt,7300,0,0.0,7.3e-06,140.27397260273972
322287b2-9a69-4be0-bcde-7ec1b031aa08,1024:18:AES-192:decrypt,1,3,AES-192,aesni,CBC,1024,18,decrypt,4000,0,0.0,4e-06,256.0
322287b2-9a69-4be0-bcde-7ec1b031aa08,1024:18:AES-128:decrypt,2,0,AES-128,software,CBC,1024,18,decrypt,6700,0,0.0,6.7e-06,152.83582089552237
322287b2-9a69-4be0-bcde-7ec1b031aa08,1024:18:AES-128:encrypt,2,1,AES-128,software,CBC,1024,18,encrypt,6600,0,0.0,6.6e-06,155.15151515151516
322287b2-9a69-4be0-bcde-7ec1b031aa08,1024:18:AES-128:decrypt,2,2,AES-128,aesni,CBC,1024,18,decrypt,3700,0,0.0,3.7e-06,276.7567567567568
322287b2-9a69-4be0-bcde-7ec1b031aa08,1024:18:AES-128:encrypt,2,3,AES-128,aesni,CBC,1024,18,encrypt,3800,0,0.0,3.8e-06,269.4736842105263
322287b2-9a69-4be0-bcde-7ec1b031aa08,1024:19:AES-256:decrypt,0,0,AES-256,aesni,CBC,1024,19,decrypt,4100,0,0.0,4.1e-06,249.7560975609756
322287b2-9a69-4be0-bcde-7ec1b031aa08,1024:19:AES-256:encrypt,0,1,AES-256,aesni,CBC,1024,19,encrypt,4100,0,0.0,4.1e-06,249.7560975609756
322287b2-9a69-4be0-bcde-7ec1b031aa08,1024:19:AES-256:decrypt,0,2,AES-256,software,CBC,1024,19,decrypt,8000,0,0.0,8e-06,128.0
322287b2-9a69-4be0-bcde-7ec1b031aa08,1024:19:AES-256:encrypt,0,3,AES-256,software,CBC,1024,19,encrypt,8400,0,0.0,8.4e-06,121.9047619047619
322287b2-9a69-4be0-bcde-7ec1b031aa08,1024:19:AES-128:encrypt,1,0,AES-128,aesni,CBC,1024,19,encrypt,3900,0,0.0,3.9e-06,262.56410256410254
322287b2-9a69-4be0-bcde-7ec1b031aa08,1024:19:AES-128:decrypt,1,1,AES-128,aesni,CBC,1024,19,decrypt,3900,0,0.0,3.9e-06,262.56410256410254
322287b2-9a69-4be0-bcde-7ec1b031aa08,1024:19:AES-128:encrypt,1,2,AES-128,software,CBC,1024,19,encrypt,6600,0,0.0,6.6e-06,155.15151515151516
322287b2-9a69-4be0-bcde-7ec1b031aa08,1024:19:AES-128:decrypt,1,3,AES-128,software,CBC,1024,19,decrypt,6700,0,0.0,6.7e-06,152.83582089552237
322287b2-9a69-4be0-bcde-7ec1b031aa08,1024:19:AES-192:decrypt,2,0,AES-192,aesni,CBC,1024,19,decrypt,4100,0,0.0,4.1e-06,249.7560975609756
322287b2-9a69-4be0-bcde-7ec1b031aa08,1024:19:AES-192:decrypt,2,1,AES-192,software,CBC,1024,19,decrypt,7300,0,0.0,7.3e-06,140.27397260273972
322287b2-9a69-4be0-bcde-7ec1b031aa08,1024:19:AES-192:encrypt,2,2,AES-192,software,CBC,1024,19,encrypt,7300,0,0.0,7.3e-06,140.27397260273972
322287b2-9a69-4be0-bcde-7ec1b031aa08,1024:19:AES-192:encrypt,2,3,AES-192,aesni,CBC,1024,19,encrypt,3900,0,0.0,3.9e-06,262.56410256410254
322287b2-9a69-4be0-bcde-7ec1b031aa08,10485760:0:AES-192:encrypt,0,0,AES-192,aesni,CBC,10485760,0,encrypt,21817400,15625000,0.7161714961452785,0.0218174,480.61455535490023
322287b2-9a69-4be0-bcde-7ec1b031aa08,10485760:0:AES-192:encrypt,0,1,AES-192,software,CBC,10485760,0,encrypt,54302900,46875000,0.8632135668629115,0.0543029,193.09760620519347
322287b2-9a69-4be0-bcde-7ec1b031aa08,10485760:0:AES-192:decrypt,0,2,AES-192,software,CBC,10485760,0,decrypt,55531000,62500000,1.1254974698816878,0.055531,188.8271415965857
322287b2-9a69-4be0-bcde-7ec1b031aa08,10485760:0:AES-192:decrypt,0,3,AES-192,aesni,CBC,10485760,0,decrypt,20757900,15625000,0.7527254683758955,0.0207579,505.14551086574266
322287b2-9a69-4be0-bcde-7ec1b031aa08,10485760:0:AES-256:encrypt,1,0,AES-256,software,CBC,10485760,0,encrypt,61940400,62500000,1.0090344912205926,0.0619404,169.28789610657986
322287b2-9a69-4be0-bcde-7ec1b031aa08,10485760:0:AES-256:encrypt,1,1,AES-256,aesni,CBC,10485760,0,encrypt,24031600,31250000,1.3003711779490337,0.0240316,436.3321626525075
322287b2-9a69-4be0-bcde-7ec1b031aa08,10485760:0:AES-256:decrypt,1,2,AES-256,software,CBC,10485760,0,decrypt,61619400,62500000,1.0142909538229843,0.0616194,170.16978419134233
322287b2-9a69-4be0-bcde-7ec1b031aa08,10485760:0:AES-256:decrypt,1,3,AES-256,aesni,CBC,10485760,0,decrypt,21642200,15625000,0.721969115893948,0.0216422,484.5052721072719
322287b2-9a69-4be0-bcde-7ec1b031aa08,10485760:0:AES-128:encrypt,2,0,AES-128,software,CBC,10485760,0,encrypt,47189900,46875000,0.9933269619134603,0.0471899,222.2034799819453
322287b2-9a69-4be0-bcde-7ec1b031aa08,10485760:0:AES-128:decrypt,2,1,AES-128,software,CBC,10485760,0,decrypt,47883900,46875000,0.9789302876332129,0.0478839,218.98299846086053
322287b2-9a69-4be0-bcde-7ec1b031aa08,10485760:0:AES-128:decrypt,2,2,AES-128,aesni,CBC,10485760,0,decrypt,20062600,15625000,0.7788123174463928,0.0200626,522.652098930348
322287b2-9a69-4be0-bcde-7ec1b031aa08,10485760:0:AES-128:encrypt,2,3,AES-128,aesni,CBC,10485760,0,encrypt,19866400,31250000,1.5730076913784077,0.0198664,527.8137961583377
322287b2-9a69-4be0-bcde-7ec1b031aa08,10485760:1:AES-128:encrypt,0,0,AES-128,aesni,CBC,10485760,1,encrypt,21928500,15625000,0.712543037599471,0.0219285,478.17953804409785
322287b2-9a69-4be0-bcde-7ec1b031aa08,10485760:1:AES-128:encrypt,0,1,AES-128,software,CBC,10485760,1,encrypt,47689300,46875000,0.9829248909084428,0.0476893,219.87657608729842
322287b2-9a69-4be0-bcde-7ec1b031aa08,10485760:1:AES-128:decrypt,0,2,AES-128,software,CBC,10485760,1,decrypt,47930100,46875000,0.9779866931218587,0.0479301,218.7719199417485
322287b2-9a69-4be0-bcde-7ec1b031aa08,10485760:1:AES-128:decrypt,0,3,AES-128,aesni,CBC,10485760,1,decrypt,19119500,15625000,0.817228484008473,0.0191195,548.4327519025079
322287b2-9a69-4be0-bcde-7ec1b031aa08,10485760:1:AES-256:decrypt,1,0,AES-256,aesni,CBC,10485760,1,decrypt,22726200,31250000,1.3750649030634245,0.0227262,461.39521785428275
322287b2-9a69-4be0-bcde-7ec1b031aa08,10485760:1:AES-256:decrypt,1,1,AES-256,software,CBC,10485760,1,decrypt,72888200,62500000,0.8574776164043014,0.0728882,143.86087185580107
322287b2-9a69-4be0-bcde-7ec1b031aa08,10485760:1:AES-256:encrypt,1,2,AES-256,aesni,CBC,10485760,1,encrypt,23299400,15625000,0.6706181275054294,0.0232994,450.04420714696516
322287b2-9a69-4be0-bcde-7ec1b031aa08,10485760:1:AES-256:encrypt,1,3,AES-256,software,CBC,10485760,1,encrypt,62796100,62500000,0.9952847390204169,0.0627961,166.9810704804916
322287b2-9a69-4be0-bcde-7ec1b031aa08,10485760:1:AES-192:decrypt,2,0,AES-192,aesni,CBC,10485760,1,decrypt,21525100,15625000,0.7258967438014226,0.0215251,487.14105857812507
322287b2-9a69-4be0-bcde-7ec1b031aa08,10485760:1:AES-192:encrypt,2,1,AES-192,aesni,CBC,10485760,1,encrypt,21558500,31250000,1.4495442632836237,0.0215585,486.38634413340446
322287b2-9a69-4be0-bcde-7ec1b031aa08,10485760:1:AES-192:encrypt,2,2,AES-192,software,CBC,10485760,1,encrypt,53261800,46875000,0.8800866662410959,0.0532618,196.8720546432903
322287b2-9a69-4be0-bcde-7ec1b031aa08,10485760:1:AES-192:decrypt,2,3,AES-192,software,CBC,10485760,1,decrypt,54713200,62500000,1.1423203175833254,0.0547132,191.6495470928405
322287b2-9a69-4be0-bcde-7ec1b031aa08,10485760:2:AES-192:encrypt,0,0,AES-192,software,CBC,10485760,2,encrypt,52858300,62500000,1.1824065473161263,0.0528583,198.3749004413687
322287b2-9a69-4be0-bcde-7ec1b031aa08,10485760:2:AES-192:decrypt,0,1,AES-192,aesni,CBC,10485760,2,decrypt,19916000,15625000,0.7845450893753766,0.019916,526.4992970476
322287b2-9a69-4be0-bcde-7ec1b031aa08,10485760:2:AES-192:encrypt,0,2,AES-192,aesni,CBC,10485760,2,encrypt,20744300,31250000,1.5064379130652759,0.0207443,505.47668516170705
322287b2-9a69-4be0-bcde-7ec1b031aa08,10485760:2:AES-192:decrypt,0,3,AES-192,software,CBC,10485760,2,decrypt,53678100,46875000,0.873261162373482,0.0536781,195.34521527401304
322287b2-9a69-4be0-bcde-7ec1b031aa08,10485760:2:AES-256:decrypt,1,0,AES-256,software,CBC,10485760,2,decrypt,60589100,62500000,1.0315386760985061,0.0605891,173.06347181258676
322287b2-9a69-4be0-bcde-7ec1b031aa08,10485760:2:AES-256:decrypt,1,1,AES-256,aesni,CBC,10485760,2,decrypt,21774500,31250000,1.4351649865668556,0.0217745,481.56145950538473
322287b2-9a69-4be0-bcde-7ec1b031aa08,10485760:2:AES-256:encrypt,1,2,AES-256,software,CBC,10485760,2,encrypt,62226400,62500000,1.0043968476402299,0.0622264,168.50982862579227
322287b2-9a69-4be0-bcde-7ec1b031aa08,10485760:2:AES-256:encrypt,1,3,AES-256,aesni,CBC,10485760,2,encrypt,24688800,31250000,1.26575613233531,0.0246888,424.71728071028156
322287b2-9a69-4be0-bcde-7ec1b031aa08,10485760:2:AES-128:encrypt,2,0,AES-128,software,CBC,10485760,2,encrypt,66645300,62500000,0.9378005650811085,0.0666453,157.33682645287814
322287b2-9a69-4be0-bcde-7ec1b031aa08,10485760:2:AES-128:encrypt,2,1,AES-128,aesni,CBC,10485760,2,encrypt,23407000,15625000,0.6675353526722775,0.023407,447.9753919767591
322287b2-9a69-4be0-bcde-7ec1b031aa08,10485760:2:AES-128:decrypt,2,2,AES-128,software,CBC,10485760,2,decrypt,47653600,46875000,0.9836612553930868,0.0476536,220.04129803414642
322287b2-9a69-4be0-bcde-7ec1b031aa08,10485760:2:AES-128:decrypt,2,3,AES-128,aesni,CBC,10485760,2,decrypt,19575100,15625000,0.7982079274179953,0.0195751,535.6682724481611
322287b2-9a69-4be0-bcde-7ec1b031aa08,10485760:3:AES-128:decrypt,0,0,AES-128,aesni,CBC,10485760,3,decrypt,19137400,15625000,0.8164640964812357,0.0191374,547.9197801164213
322287b2-9a69-4be0-bcde-7ec1b031aa08,10485760:3:AES-128:decrypt,0,1,AES-128,software,CBC,10485760,3,decrypt,48741500,46875000,0.9617061436353005,0.0487415,215.1300226706195
322287b2-9a69-4be0-bcde-7ec1b031aa08,10485760:3:AES-128:encrypt,0,2,AES-128,software,CBC,10485760,3,encrypt,56732300,46875000,0.8262488917248199,0.0567323,184.82874834970553
322287b2-9a69-4be0-bcde-7ec1b031aa08,10485760:3:AES-128:encrypt,0,3,AES-128,aesni,CBC,10485760,3,encrypt,22775800,31250000,1.3720703553771987,0.0227758,460.39041438720045
322287b2-9a69-4be0-bcde-7ec1b031aa08,10485760:3:AES-256:decrypt,1,0,AES-256,software,CBC,10485760,3,decrypt,62464500,62500000,1.0005683228073545,0.0624645,167.86750874496715
322287b2-9a69-4be0-bcde-7ec1b031aa08,10485760:3:AES-256:decrypt,1,1,AES-256,aesni,CBC,10485760,3,decrypt,22330300,31250000,1.3994438050541194,0.0223303,469.575419945097
322287b2-9a69-4be0-bcde-7ec1b031aa08,10485760:3:AES-256:encrypt,1,2,AES-256,software,CBC,10485760,3,encrypt,59782200,62500000,1.045461692610844,0.0597822,175.39936636657734
322287b2-9a69-4be0-bcde-7ec1b031aa08,10485760:3:AES-256:encrypt,1,3,AES-256,aesni,CBC,10485760,3,encrypt,21635100,15625000,0.7222060448068186,0.0216351,484.66427240918694
322287b2-9a69-4be0-bcde-7ec1b031aa08,10485760:3:AES-192:decrypt,2,0,AES-192,aesni,CBC,10485760,3,decrypt,20262900,15625000,0.7711137102783906,0.0202629,517.4856511160791
322287b2-9a69-4be0-bcde-7ec1b031aa08,10485760:3:AES-192:encrypt,2,1,AES-192,software,CBC,10485760,3,encrypt,53848900,46875000,0.8704913192284336,0.0538489,194.72561185093846
322287b2-9a69-4be0-bcde-7ec1b031aa08,10485760:3:AES-192:encrypt,2,2,AES-192,aesni,CBC,10485760,3,encrypt,21276400,15625000,0.7343817563121581,0.0212764,492.8352540843376
322287b2-9a69-4be0-bcde-7ec1b031aa08,10485760:3:AES-192:decrypt,2,3,AES-192,software,CBC,10485760,3,decrypt,54225200,62500000,1.152600635866719,0.0542252,193.3742982967329
322287b2-9a69-4be0-bcde-7ec1b031aa08,10485760:4:AES-128:decrypt,0,0,AES-128,aesni,CBC,10485760,4,decrypt,19090900,15625000,0.8184527706917956,0.0190909,549.254356787789
322287b2-9a69-4be0-bcde-7ec1b031aa08,10485760:4:AES-128:decrypt,0,1,AES-128,software,CBC,10485760,4,decrypt,47720100,46875000,0.9822904813694858,0.0477201,219.7346610757312
322287b2-9a69-4be0-bcde-7ec1b031aa08,10485760:4:AES-128:encrypt,0,2,AES-128,software,CBC,10485760,4,encrypt,48085800,46875000,0.9748200092334951,0.0480858,218.0635447470979
322287b2-9a69-4be0-bcde-7ec1b031aa08,10485760:4:AES-128:encrypt,0,3,AES-128,aesni,CBC,10485760,4,encrypt,21992900,31250000,1.4209131128682437,0.0219929,476.77932423645814
322287b2-9a69-4be0-bcde-7ec1b031aa08,10485760:4:AES-192:encrypt,1,0,AES-192,aesni,CBC,10485760,4,encrypt,21353200,31250000,1.4634808834273083,0.0213532,491.06269786261544
322287b2-9a69-4be0-bcde-7ec1b031aa08,10485760:4:AES-192:encrypt,1,1,AES-192,software,CBC,10485760,4,encrypt,54607900,46875000,0.8583922839003147,0.0546079,192.01910346305206
322287b2-9a69-4be0-bcde-7ec1b031aa08,10485760:4:AES-192:decrypt,1,2,AES-192,software,CBC,10485760,4,decrypt,60710700,46875000,0.7721044231082824,0.0607107,172.7168357472406
322287b2-9a69-4be0-bcde-7ec1b031aa08,10485760:4:AES-192:decrypt,1,3,AES-192,aesni,CBC,10485760,4,decrypt,20991100,15625000,0.7443630872131523,0.0209911,499.53361186407574
322287b2-9a69-4be0-bcde-7ec1b031aa08,10485760:4:AES-256:encrypt,2,0,AES-256,software,CBC,10485760,4,encrypt,59850200,62500000,1.0442738704298398,0.0598502,175.20008287357436
322287b2-9a69-4be0-bcde-7ec1b031aa08,10485760:4:AES-256:encrypt,2,1,AES-256,aesni,CBC,10485760,4,encrypt,23509900,15625000,0.6646136308533852,0.0235099,446.0146576548603
322287b2-9a69-4be0-bcde-7ec1b031aa08,10485760:4:AES-256:decrypt,2,2,AES-256,software,CBC,10485760,4,decrypt,66424600,62500000,0.9409164676941977,0.0664246,157.85958816462576
322287b2-9a69-4be0-bcde-7ec1b031aa08,10485760:4:AES-256:decrypt,2,3,AES-256,aesni,CBC,10485760,4,decrypt,22818800,15625000,0.6847424053850334,0.0228188,459.5228495801707
322287b2-9a69-4be0-bcde-7ec1b031aa08,10485760:5:AES-256:decrypt,0,0,AES-256,aesni,CBC,10485760,5,decrypt,22512200,15625000,0.6940681052940183,0.0225122,465.7812208491396
322287b2-9a69-4be0-bcde-7ec1b031aa08,10485760:5:AES-256:decrypt,0,1,AES-256,software,CBC,10485760,5,decrypt,61131200,62500000,1.022391184861413,0.0611312,171.52877744915853
322287b2-9a69-4be0-bcde-7ec1b031aa08,10485760:5:AES-256:encrypt,0,2,AES-256,aesni,CBC,10485760,5,encrypt,22038600,31250000,1.4179666584991788,0.0220386,475.7906582087791
322287b2-9a69-4be0-bcde-7ec1b031aa08,10485760:5:AES-256:encrypt,0,3,AES-256,software,CBC,10485760,5,encrypt,59543900,46875000,0.7872342926815341,0.0595439,176.10133027900423
322287b2-9a69-4be0-bcde-7ec1b031aa08,10485760:5:AES-192:decrypt,1,0,AES-192,software,CBC,10485760,5,decrypt,54481600,46875000,0.8603822207864673,0.0544816,192.4642448092567
322287b2-9a69-4be0-bcde-7ec1b031aa08,10485760:5:AES-192:encrypt,1,1,AES-192,software,CBC,10485760,5,encrypt,51281700,62500000,1.2187583484946871,0.0512817,204.47372064498643
322287b2-9a69-4be0-bcde-7ec1b031aa08,10485760:5:AES-192:encrypt,1,2,AES-192,aesni,CBC,10485760,5,encrypt,20375200,15625000,0.7668636381483372,0.0203752,514.6334759904197
322287b2-9a69-4be0-bcde-7ec1b031aa08,10485760:5:AES-192:decrypt,1,3,AES-192,aesni,CBC,10485760,5,decrypt,20457800,31250000,1.527534730029622,0.0204578,512.5556022641731
322287b2-9a69-4be0-bcde-7ec1b031aa08,10485760:5:AES-128:encrypt,2,0,AES-128,aesni,CBC,10485760,5,encrypt,19631400,15625000,0.7959187831738949,0.0196314,534.132053750624
322287b2-9a69-4be0-bcde-7ec1b031aa08,10485760:5:AES-128:decrypt,2,1,AES-128,aesni,CBC,10485760,5,decrypt,18421500,15625000,0.8481936867247509,0.0184215,569.2131476806992
322287b2-9a69-4be0-bcde-7ec1b031aa08,10485760:5:AES-128:encrypt,2,2,AES-128,software,CBC,10485760,5,encrypt,45948900,46875000,1.020154998269817,0.0459489,228.2048101260313
322287b2-9a69-4be0-bcde-7ec1b031aa08,10485760:5:AES-128:decrypt,2,3,AES-128,software,CBC,10485760,5,decrypt,45746800,46875000,1.0246618342703753,0.0457468,229.21297227347048
322287b2-9a69-4be0-bcde-7ec1b031aa08,10485760:6:AES-128:decrypt,0,0,AES-128,aesni,CBC,10485760,6,decrypt,18677200,15625000,0.836581500439038,0.0186772,561.4203413787934
322287b2-9a69-4be0-bcde-7ec1b031aa08,10485760:6:AES-128:decrypt,0,1,AES-128,software,CBC,10485760,6,decrypt,47286300,46875000,0.9913019204293844,0.0472863,221.7504858701146
322287b2-9a69-4be0-bcde-7ec1b031aa08,10485760:6:AES-128:encrypt,0,2,AES-128,aesni,CBC,10485760,6,encrypt,19987100,15625000,0.7817542314793041,0.0199871,524.6263840176914
322287b2-9a69-4be0-bcde-7ec1b031aa08,10485760:6:AES-128:encrypt,0,3,AES-128,software,CBC,10485760,6,encrypt,47568900,46875000,0.9854127381545505,0.0475689,220.4330980956045
322287b2-9a69-4be0-bcde-7ec1b031aa08,10485760:6:AES-256:encrypt,1,0,AES-256,aesni,CBC,10485760,6,encrypt,21953700,31250000,1.423450261231592,0.0219537,477.63064995877687
322287b2-9a69-4be0-bcde-7ec1b031aa08,10485760:6:AES-256:encrypt,1,1,AES-256,software,CBC,10485760,6,encrypt,60723100,62500000,1.029262340032047,0.0607231,172.68156599383101
322287b2-9a69-4be0-bcde-7ec1b031aa08,10485760:6:AES-256:decrypt,1,2,AES-256,aesni,CBC,10485760,6,decrypt,22288500,15625000,0.7010341656010948,0.0222885,470.4560647867734
322287b2-9a69-4be0-bcde-7ec1b031aa08,10485760:6:AES-256:decrypt,1,3,AES-256,software,CBC,10485760,6,decrypt,60617000,46875000,0.7732979197254896,0.060617,172.983816421136
322287b2-9a69-4be0-bcde-7ec1b031aa08,10485760:6:AES-192:encrypt,2,0,AES-192,aesni,CBC,10485760,6,encrypt,19667700,15625000,0.7944497831469872,0.0196677,533.1462245204066
322287b2-9a69-4be0-bcde-7ec1b031aa08,10485760:6:AES-192:decrypt,2,1,AES-192,aesni,CBC,10485760,6,decrypt,19562200,15625000,0.7987342936888489,0.0195622,536.0215108730102
322287b2-9a69-4be0-bcde-7ec1b031aa08,10485760:6:AES-192:encrypt,2,2,AES-192,software,CBC,10485760,6,encrypt,52193800,46875000,0.8980951760553936,0.0521938,200.90049009652486
322287b2-9a69-4be0-bcde-7ec1b031aa08,10485760:6:AES-192:decrypt,2,3,AES-192,software,CBC,10485760,6,decrypt,54798900,62500000,1.1405338428326115,0.0547989,191.34982636512777
322287b2-9a69-4be0-bcde-7ec1b031aa08,10485760:7:AES-256:decrypt,0,0,AES-256,aesni,CBC,10485760,7,decrypt,20917200,15625000,0.746992905360182,0.0209172,501.2984529478133
322287b2-9a69-4be0-bcde-7ec1b031aa08,10485760:7:AES-256:encrypt,0,1,AES-256,software,CBC,10485760,7,encrypt,61485900,62500000,1.0164932122649257,0.0614859,170.5392618470251
322287b2-9a69-4be0-bcde-7ec1b031aa08,10485760:7:AES-256:encrypt,0,2,AES-256,aesni,CBC,10485760,7,encrypt,22162200,15625000,0.7050292840963442,0.0221622,473.13714342438925
322287b2-9a69-4be0-bcde-7ec1b031aa08,10485760:7:AES-256:decrypt,0,3,AES-256,software,CBC,10485760,7,decrypt,60812800,46875000,0.7708081193432962,0.0608128,172.42685750368344
322287b2-9a69-4be0-bcde-7ec1b031aa08,10485760:7:AES-128:decrypt,1,0,AES-128,software,CBC,10485760,7,decrypt,46604300,46875000,1.0058084769002003,0.0466043,224.99554762114226
322287b2-9a69-4be0-bcde-7ec1b031aa08,10485760:7:AES-128:encrypt,1,1,AES-128,software,CBC,10485760,7,encrypt,46416000,46875000,1.0098888314374355,0.046416,225.90830748017925
322287b2-9a69-4be0-bcde-7ec1b031aa08,10485760:7:AES-128:decrypt,1,2,AES-128,aesni,CBC,10485760,7,decrypt,18361000,15625000,0.8509885082511845,0.018361,571.0887206579163
322287b2-9a69-4be0-bcde-7ec1b031aa08,10485760:7:AES-128:encrypt,1,3,AES-128,aesni,CBC,10485760,7,encrypt,19385700,15625000,0.8060064893194469,0.0193857,540.9017987485621
322287b2-9a69-4be0-bcde-7ec1b031aa08,10485760:7:AES-192:decrypt,2,0,AES-192,software,CBC,10485760,7,decrypt,53622200,46875000,0.8741715185128548,0.0536222,195.5488584951755
322287b2-9a69-4be0-bcde-7ec1b031aa08,10485760:7:AES-192:encrypt,2,1,AES-192,software,CBC,10485760,7,encrypt,51301200,62500000,1.2182950886139117,0.0513012,204.39599853414734
322287b2-9a69-4be0-bcde-7ec1b031aa08,10485760:7:AES-192:decrypt,2,2,AES-192,aesni,CBC,10485760,7,decrypt,19541000,15625000,0.7996008392610409,0.019541,536.6030397625506
322287b2-9a69-4be0-bcde-7ec1b031aa08,10485760:7:AES-192:encrypt,2,3,AES-192,aesni,CBC,10485760,7,encrypt,22824200,31250000,1.3691608030073343,0.0228242,459.41413061574997
322287b2-9a69-4be0-bcde-7ec1b031aa08,10485760:8:AES-256:encrypt,0,0,AES-256,software,CBC,10485760,8,encrypt,58789700,62500000,1.0631113953634734,0.0587897,178.36049512074393
322287b2-9a69-4be0-bcde-7ec1b031aa08,10485760:8:AES-256:decrypt,0,1,AES-256,aesni,CBC,10485760,8,decrypt,21983600,31250000,1.4215142196910424,0.0219836,476.9810222165614
322287b2-9a69-4be0-bcde-7ec1b031aa08,10485760:8:AES-256:encrypt,0,2,AES-256,aesni,CBC,10485760,8,encrypt,21916400,15625000,0.7129364311657024,0.0219164,478.4435399974448
322287b2-9a69-4be0-bcde-7ec1b031aa08,10485760:8:AES-256:decrypt,0,3,AES-256,software,CBC,10485760,8,decrypt,61454900,62500000,1.0170059669774094,0.0614549,170.62528781268867
322287b2-9a69-4be0-bcde-7ec1b031aa08,10485760:8:AES-192:decrypt,1,0,AES-192,aesni,CBC,10485760,8,decrypt,18880700,15625000,0.8275646559714417,0.0188807,555.3692394879428
322287b2-9a69-4be0-bcde-7ec1b031aa08,10485760:8:AES-192:decrypt,1,1,AES-192,software,CBC,10485760,8,decrypt,50859000,46875000,0.921665781867516,0.050859,206.17314536266935
322287b2-9a69-4be0-bcde-7ec1b031aa08,10485760:8:AES-192:encrypt,1,2,AES-192,software,CBC,10485760,8,encrypt,52974800,62500000,1.1798062474988107,0.0529748,197.93864252437007
322287b2-9a69-4be0-bcde-7ec1b031aa08,10485760:8:AES-192:encrypt,1,3,AES-192,aesni,CBC,10485760,8,encrypt,19961800,15625000,0.7827450430321915,0.0199618,525.2913063952149
322287b2-9a69-4be0-bcde-7ec1b031aa08,10485760:8:AES-128:decrypt,2,0,AES-128,software,CBC,10485760,8,decrypt,47559400,46875000,0.9856095745530852,0.0475594,220.47712965260286
322287b2-9a69-4be0-bcde-7ec1b031aa08,10485760:8:AES-128:encrypt,2,1,AES-128,software,CBC,10485760,8,encrypt,47401500,46875000,0.9888927565583367,0.0474015,221.21156503486176
322287b2-9a69-4be0-bcde-7ec1b031aa08,10485760:8:AES-128:encrypt,2,2,AES-128,aesni,CBC,10485760,8,encrypt,53957400,31250000,0.5791605970636095,0.0539574,194.33404871250283
322287b2-9a69-4be0-bcde-7ec1b031aa08,10485760:8:AES-128:decrypt,2,3,AES-128,aesni,CBC,10485760,8,decrypt,26481100,31250000,1.1800869299236059,0.0264811,395.971466442104
322287b2-9a69-4be0-bcde-7ec1b031aa08,10485760:9:AES-192:decrypt,0,0,AES-192,aesni,CBC,10485760,9,decrypt,20432500,15625000,0.7647130796525143,0.0204325,513.1902606142176
322287b2-9a69-4be0-bcde-7ec1b031aa08,10485760:9:AES-192:encrypt,0,1,AES-192,software,CBC,10485760,9,encrypt,52304600,46875000,0.896192686685301,0.0523046,200.47491042852826
322287b2-9a69-4be0-bcde-7ec1b031aa08,10485760:9:AES-192:decrypt,0,2,AES-192,software,CBC,10485760,9,decrypt,60739900,46875000,0.7717332428930571,0.0607399,172.63380413863047
322287b2-9a69-4be0-bcde-7ec1b031aa08,10485760:9:AES-192:encrypt,0,3,AES-192,aesni,CBC,10485760,9,encrypt,27115500,15625000,0.5762386826722723,0.0271155,386.70723386992677
322287b2-9a69-4be0-bcde-7ec1b031aa08,10485760:9:AES-128:encrypt,1,0,AES-128,software,CBC,10485760,9,encrypt,47535100,46875000,0.9861134193469667,0.0475351,220.58983782510188
322287b2-9a69-4be0-bcde-7ec1b031aa08,10485760:9:AES-128:decrypt,1,1,AES-128,software,CBC,10485760,9,decrypt,47319200,46875000,0.9906126899863058,0.0473192,221.59630762988385
322287b2-9a69-4be0-bcde-7ec1b031aa08,10485760:9:AES-128:encrypt,1,2,AES-128,aesni,CBC,10485760,9,encrypt,19597500,15625000,0.7972955734149764,0.0195975,535.0560020410767
322287b2-9a69-4be0-bcde-7ec1b031aa08,10485760:9:AES-128:decrypt,1,3,AES-128,aesni,CBC,10485760,9,decrypt,18418100,31250000,1.6967005282846765,0.0184181,569.3182250069225
322287b2-9a69-4be0-bcde-7ec1b031aa08,10485760:9:AES-256:decrypt,2,0,AES-256,aesni,CBC,10485760,9,decrypt,21789000,31250000,1.4342099224379274,0.021789,481.2409931616871
322287b2-9a69-4be0-bcde-7ec1b031aa08,10485760:9:AES-256:decrypt,2,1,AES-256,software,CBC,10485760,9,decrypt,59662800,62500000,1.0475539196953545,0.0596628,175.75038382375618
322287b2-9a69-4be0-bcde-7ec1b031aa08,10485760:9:AES-256:encrypt,2,2,AES-256,software,CBC,10485760,9,encrypt,98750700,62500000,0.6329069059763627,0.0987507,106.18415869457128
322287b2-9a69-4be0-bcde-7ec1b031aa08,10485760:9:AES-256:encrypt,2,3,AES-256,aesni,CBC,10485760,9,encrypt,26770300,31250000,1.167338431022439,0.0267703,391.6937800472912
322287b2-9a69-4be0-bcde-7ec1b031aa08,10485760:10:AES-256:decrypt,0,0,AES-256,software,CBC,10485760,10,decrypt,60047300,62500000,1.040846132965179,0.0600473,174.6250039552153
322287b2-9a69-4be0-bcde-7ec1b031aa08,10485760:10:AES-256:decrypt,0,1,AES-256,aesni,CBC,10485760,10,decrypt,20695200,15625000,0.7550059917275503,0.0206952,506.675944180293
322287b2-9a69-4be0-bcde-7ec1b031aa08,10485760:10:AES-256:encrypt,0,2,AES-256,aesni,CBC,10485760,10,encrypt,21445400,15625000,0.7285944771372882,0.0214454,488.9514767735738
322287b2-9a69-4be0-bcde-7ec1b031aa08,10485760:10:AES-256:encrypt,0,3,AES-256,software,CBC,10485760,10,encrypt,60112300,62500000,1.039720656171865,0.0601123,174.43618028257112
322287b2-9a69-4be0-bcde-7ec1b031aa08,10485760:10:AES-192:encrypt,1,0,AES-192,aesni,CBC,10485760,10,encrypt,21701600,31250000,1.4399859918162716,0.0217016,483.1791204335164
322287b2-9a69-4be0-bcde-7ec1b031aa08,10485760:10:AES-192:encrypt,1,1,AES-192,software,CBC,10485760,10,encrypt,52337500,46875000,0.8956293288750896,0.0523375,200.3488894196322
322287b2-9a69-4be0-bcde-7ec1b031aa08,10485760:10:AES-192:decrypt,1,2,AES-192,aesni,CBC,10485760,10,decrypt,19709400,15625000,0.7927689325905406,0.0197094,532.0182248064375
322287b2-9a69-4be0-bcde-7ec1b031aa08,10485760:10:AES-192:decrypt,1,3,AES-192,software,CBC,10485760,10,decrypt,52776400,46875000,0.8881810809376919,0.0527764,198.68274456006853
322287b2-9a69-4be0-bcde-7ec1b031aa08,10485760:10:AES-128:decrypt,2,0,AES-128,software,CBC,10485760,10,decrypt,45714200,46875000,1.0253925476110268,0.0457142,229.37643008080641
322287b2-9a69-4be0-bcde-7ec1b031aa08,10485760:10:AES-128:encrypt,2,1,AES-128,aesni,CBC,10485760,10,encrypt,19012500,15625000,0.821827744904668,0.0190125,551.5192636423405
322287b2-9a69-4be0-bcde-7ec1b031aa08,10485760:10:AES-128:decrypt,2,2,AES-128,aesni,CBC,10485760,10,decrypt,18258400,31250000,1.7115409893528457,0.0182584,574.2978574245279
322287b2-9a69-4be0-bcde-7ec1b031aa08,10485760:10:AES-128:encrypt,2,3,AES-128,software,CBC,10485760,10,encrypt,45953800,46875000,1.020046220334336,0.0459538,228.18047691376992
322287b2-9a69-4be0-bcde-7ec1b031aa08,10485760:11:AES-128:decrypt,0,0,AES-128,software,CBC,10485760,11,decrypt,47355000,46875000,0.9898637947418435,0.047355,221.4287825995143
322287b2-9a69-4be0-bcde-7ec1b031aa08,10485760:11:AES-128:decrypt,0,1,AES-128,aesni,CBC,10485760,11,decrypt,18655500,15625000,0.8375546085604781,0.0186555,562.0733831845837
322287b2-9a69-4be0-bcde-7ec1b031aa08,10485760:11:AES-128:encrypt,0,2,AES-128,software,CBC,10485760,11,encrypt,45959800,46875000,1.0199130544519341,0.0459598,228.15068821013145
322287b2-9a69-4be0-bcde-7ec1b031aa08,10485760:11:AES-128:encrypt,0,3,AES-128,aesni,CBC,10485760,11,encrypt,19524100,15625000,0.8002929712509156,0.0195241,537.067521678336
322287b2-9a69-4be0-bcde-7ec1b031aa08,10485760:11:AES-192:decrypt,1,0,AES-192,software,CBC,10485760,11,decrypt,52040800,46875000,0.9007355767013574,0.0520408,201.49113772270988
322287b2-9a69-4be0-bcde-7ec1b031aa08,10485760:11:AES-192:encrypt,1,1,AES-192,aesni,CBC,10485760,11,encrypt,19478300,15625000,0.8021747277739844,0.0194783,538.3303471042134
322287b2-9a69-4be0-bcde-7ec1b031aa08,10485760:11:AES-192:encrypt,1,2,AES-192,software,CBC,10485760,11,encrypt,50637700,46875000,0.9256937025180844,0.0506377,207.0741759598086
322287b2-9a69-4be0-bcde-7ec1b031aa08,10485760:11:AES-192:decrypt,1,3,AES-192,aesni,CBC,10485760,11,decrypt,18837600,31250000,1.6589162101329256,0.0188376,556.6399116660297
322287b2-9a69-4be0-bcde-7ec1b031aa08,10485760:11:AES-256:encrypt,2,0,AES-256,software,CBC,10485760,11,encrypt,57914100,62500000,1.0791845163785676,0.0579141,181.05711735138766
322287b2-9a69-4be0-bcde-7ec1b031aa08,10485760:11:AES-256:decrypt,2,1,AES-256,software,CBC,10485760,11,decrypt,59380500,62500000,1.0525340810535446,0.0593805,176.58591625196823
322287b2-9a69-4be0-bcde-7ec1b031aa08,10485760:11:AES-256:decrypt,2,2,AES-256,aesni,CBC,10485760,11,decrypt,20539400,15625000,0.7607330301761492,0.0205394,510.51929462399096
322287b2-9a69-4be0-bcde-7ec1b031aa08,10485760:11:AES-256:encrypt,2,3,AES-256,aesni,CBC,10485760,11,encrypt,23176700,15625000,0.6741684536625145,0.0231767,452.4267906992799
322287b2-9a69-4be0-bcde-7ec1b031aa08,10485760:12:AES-128:encrypt,0,0,AES-128,software,CBC,10485760,12,encrypt,46214000,46875000,1.014303025057342,0.046214,226.8957458778725
322287b2-9a69-4be0-bcde-7ec1b031aa08,10485760:12:AES-128:encrypt,0,1,AES-128,aesni,CBC,10485760,12,encrypt,19946100,31250000,1.566722316643354,0.0199461,525.7047743669189
322287b2-9a69-4be0-bcde-7ec1b031aa08,10485760:12:AES-128:decrypt,0,2,AES-128,software,CBC,10485760,12,decrypt,47373700,46875000,0.9894730620576396,0.0473737,221.34137717763232
322287b2-9a69-4be0-bcde-7ec1b031aa08,10485760:12:AES-128:decrypt,0,3,AES-128,aesni,CBC,10485760,12,decrypt,18844400,15625000,0.8291587951858377,0.0188444,556.4390482053024
322287b2-9a69-4be0-bcde-7ec1b031aa08,10485760:12:AES-192:encrypt,1,0,AES-192,software,CBC,10485760,12,encrypt,51539900,62500000,1.2126527214837437,0.0515399,203.4493664132061
322287b2-9a69-4be0-bcde-7ec1b031aa08,10485760:12:AES-192:decrypt,1,1,AES-192,software,CBC,10485760,12,decrypt,52762100,46875000,0.8884218027713074,0.0527621,198.736593122715
322287b2-9a69-4be0-bcde-7ec1b031aa08,10485760:12:AES-192:decrypt,1,2,AES-192,aesni,CBC,10485760,12,decrypt,19699500,31250000,1.5863346785451407,0.0196995,532.2855910048478
322287b2-9a69-4be0-bcde-7ec1b031aa08,10485760:12:AES-192:encrypt,1,3,AES-192,aesni,CBC,10485760,12,encrypt,20606700,15625000,0.7582485308176466,0.0206067,508.8519753284126
322287b2-9a69-4be0-bcde-7ec1b031aa08,10485760:12:AES-256:encrypt,2,0,AES-256,aesni,CBC,10485760,12,encrypt,22077900,15625000,0.7077212959565901,0.0220779,474.94372200254554
322287b2-9a69-4be0-bcde-7ec1b031aa08,10485760:12:AES-256:decrypt,2,1,AES-256,aesni,CBC,10485760,12,decrypt,21666700,15625000,0.7211527366880974,0.0216667,483.9574092962934
322287b2-9a69-4be0-bcde-7ec1b031aa08,10485760:12:AES-256:encrypt,2,2,AES-256,software,CBC,10485760,12,encrypt,61670000,62500000,1.0134587319604347,0.06167,170.03016053186315
322287b2-9a69-4be0-bcde-7ec1b031aa08,10485760:12:AES-256:decrypt,2,3,AES-256,software,CBC,10485760,12,decrypt,65037000,62500000,0.9609914356443255,0.065037,161.2276088995495
322287b2-9a69-4be0-bcde-7ec1b031aa08,10485760:13:AES-256:encrypt,0,0,AES-256,software,CBC,10485760,13,encrypt,60770400,62500000,1.0284612245435278,0.0607704,172.54716111791268
322287b2-9a69-4be0-bcde-7ec1b031aa08,10485760:13:AES-256:decrypt,0,1,AES-256,aesni,CBC,10485760,13,decrypt,21092500,31250000,1.4815692781794476,0.0210925,497.13215597961363
322287b2-9a69-4be0-bcde-7ec1b031aa08,10485760:13:AES-256:decrypt,0,2,AES-256,software,CBC,10485760,13,decrypt,60967200,62500000,1.025141387500164,0.0609672,171.99018488629952
322287b2-9a69-4be0-bcde-7ec1b031aa08,10485760:13:AES-256:encrypt,0,3,AES-256,aesni,CBC,10485760,13,encrypt,21147800,15625000,0.7388475396968006,0.0211478,495.8321905824719
322287b2-9a69-4be0-bcde-7ec1b031aa08,10485760:13:AES-128:encrypt,1,0,AES-128,aesni,CBC,10485760,13,encrypt,18799900,31250000,1.662242884270661,0.0187999,557.7561582774376
322287b2-9a69-4be0-bcde-7ec1b031aa08,10485760:13:AES-128:encrypt,1,1,AES-128,software,CBC,10485760,13,encrypt,44888600,46875000,1.0442517699371332,0.0448886,233.59516670156788
322287b2-9a69-4be0-bcde-7ec1b031aa08,10485760:13:AES-128:decrypt,1,2,AES-128,software,CBC,10485760,13,decrypt,47253800,46875000,0.9919837134791276,0.0472538,221.90300039361912
322287b2-9a69-4be0-bcde-7ec1b031aa08,10485760:13:AES-128:decrypt,1,3,AES-128,aesni,CBC,10485760,13,decrypt,18367600,15625000,0.8506827239269148,0.0183676,570.8835122716087
322287b2-9a69-4be0-bcde-7ec1b031aa08,10485760:13:AES-192:encrypt,2,0,AES-192,software,CBC,10485760,13,encrypt,53038500,46875000,0.8837919624423768,0.0530385,197.70091537279524
322287b2-9a69-4be0-bcde-7ec1b031aa08,10485760:13:AES-192:decrypt,2,1,AES-192,software,CBC,10485760,13,decrypt,53529400,46875000,0.8756870056454957,0.0535294,195.8878672281027
322287b2-9a69-4be0-bcde-7ec1b031aa08,10485760:13:AES-192:decrypt,2,2,AES-192,aesni,CBC,10485760,13,decrypt,19743200,15625000,0.7914117265691478,0.0197432,531.1074192633413
322287b2-9a69-4be0-bcde-7ec1b031aa08,10485760:13:AES-192:encrypt,2,3,AES-192,aesni,CBC,10485760,13,encrypt,20846400,15625000,0.7495298948499501,0.0208464,503.00099777419604
322287b2-9a69-4be0-bcde-7ec1b031aa08,10485760:14:AES-256:encrypt,0,0,AES-256,software,CBC,10485760,14,encrypt,58623200,62500000,1.066130815103918,0.0586232,178.86706969254493
322287b2-9a69-4be0-bcde-7ec1b031aa08,10485760:14:AES-256:encrypt,0,1,AES-256,aesni,CBC,10485760,14,encrypt,21508500,31250000,1.452913964246693,0.0215085,487.51702815166095
322287b2-9a69-4be0-bcde-7ec1b031aa08,10485760:14:AES-256:decrypt,0,2,AES-256,software,CBC,10485760,14,decrypt,61670000,62500000,1.0134587319604347,0.06167,170.03016053186315
322287b2-9a69-4be0-bcde-7ec1b031aa08,10485760:14:AES-256:decrypt,0,3,AES-256,aesni,CBC,10485760,14,decrypt,27222100,15625000,0.5739821688995338,0.0272221,385.1929131110385
322287b2-9a69-4be0-bcde-7ec1b031aa08,10485760:14:AES-192:encrypt,1,0,AES-192,software,CBC,10485760,14,encrypt,53449800,62500000,1.1693214941870689,0.0534498,196.179592814192
322287b2-9a69-4be0-bcde-7ec1b031aa08,10485760:14:AES-192:decrypt,1,1,AES-192,aesni,CBC,10485760,14,decrypt,20996300,15625000,0.7441787362535304,0.0209963,499.4098960293004
322287b2-9a69-4be0-bcde-7ec1b031aa08,10485760:14:AES-192:decrypt,1,2,AES-192,software,CBC,10485760,14,decrypt,52920900,62500000,1.1810078815741984,0.0529209,198.1402432687275
322287b2-9a69-4be0-bcde-7ec1b031aa08,10485760:14:AES-192:encrypt,1,3,AES-192,aesni,CBC,10485760,14,encrypt,19992400,15625000,0.781546987855385,0.0199924,524.4873051759669
322287b2-9a69-4be0-bcde-7ec1b031aa08,10485760:14:AES-128:decrypt,2,0,AES-128,aesni,CBC,10485760,14,decrypt,17577500,15625000,0.8889204949509316,0.0175775,596.5444460247476
322287b2-9a69-4be0-bcde-7ec1b031aa08,10485760:14:AES-128:encrypt,2,1,AES-128,software,CBC,10485760,14,encrypt,44686800,46875000,1.0489674803297617,0.0446868,234.65005325957554
322287b2-9a69-4be0-bcde-7ec1b031aa08,10485760:14:AES-128:decrypt,2,2,AES-128,software,CBC,10485760,14,decrypt,44570600,46875000,1.0517022431827259,0.0445706,235.26180935414826
322287b2-9a69-4be0-bcde-7ec1b031aa08,10485760:14:AES-128:encrypt,2,3,AES-128,aesni,CBC,10485760,14,encrypt,18412500,31250000,1.6972165648336728,0.0184125,569.4913781398507
322287b2-9a69-4be0-bcde-7ec1b031aa08,10485760:15:AES-128:decrypt,0,0,AES-128,software,CBC,10485760,15,decrypt,46158000,46875000,1.015533601975822,0.046158,227.17102127475195
322287b2-9a69-4be0-bcde-7ec1b031aa08,10485760:15:AES-128:decrypt,0,1,AES-128,aesni,CBC,10485760,15,decrypt,17634500,15625000,0.8860472369502963,0.0176345,594.616235220732
322287b2-9a69-4be0-bcde-7ec1b031aa08,10485760:15:AES-128:encrypt,0,2,AES-128,software,CBC,10485760,15,encrypt,46000700,46875000,1.0190062325138531,0.0460007,227.94783557641514
322287b2-9a69-4be0-bcde-7ec1b031aa08,10485760:15:AES-128:encrypt,0,3,AES-128,aesni,CBC,10485760,15,encrypt,22826900,15625000,0.6844994283060775,0.0228269,459.35979042270304
322287b2-9a69-4be0-bcde-7ec1b031aa08,10485760:15:AES-192:decrypt,1,0,AES-192,aesni,CBC,10485760,15,decrypt,21197600,15625000,0.7371117484998302,0.0211976,494.6673208287731
322287b2-9a69-4be0-bcde-7ec1b031aa08,10485760:15:AES-192:decrypt,1,1,AES-192,software,CBC,10485760,15,decrypt,55324200,46875000,0.8472784061947575,0.0553242,189.53297110486912
322287b2-9a69-4be0-bcde-7ec1b031aa08,10485760:15:AES-192:encrypt,1,2,AES-192,software,CBC,10485760,15,encrypt,52105200,62500000,1.199496403429984,0.0521052,201.24210251567982
322287b2-9a69-4be0-bcde-7ec1b031aa08,10485760:15:AES-192:encrypt,1,3,AES-192,aesni,CBC,10485760,15,encrypt,20900000,15625000,0.7476076555023924,0.0209,501.711004784689
322287b2-9a69-4be0-bcde-7ec1b031aa08,10485760:15:AES-256:encrypt,2,0,AES-256,aesni,CBC,10485760,15,encrypt,21551100,15625000,0.7250209966080617,0.0215511,486.5533545851488
322287b2-9a69-4be0-bcde-7ec1b031aa08,10485760:15:AES-256:encrypt,2,1,AES-256,software,CBC,10485760,15,encrypt,58223200,62500000,1.0734552549499168,0.0582232,180.09590678629826
322287b2-9a69-4be0-bcde-7ec1b031aa08,10485760:15:AES-256:decrypt,2,2,AES-256,aesni,CBC,10485760,15,decrypt,21510300,31250000,1.45279238318387,0.0215103,487.4762323166111
322287b2-9a69-4be0-bcde-7ec1b031aa08,10485760:15:AES-256:decrypt,2,3,AES-256,software,CBC,10485760,15,decrypt,58952400,62500000,1.0601773634321927,0.0589524,177.868246246124
322287b2-9a69-4be0-bcde-7ec1b031aa08,10485760:16:AES-192:decrypt,0,0,AES-192,aesni,CBC,10485760,16,decrypt,22278100,15625000,0.7013614266925815,0.0222781,470.67568598758425
322287b2-9a69-4be0-bcde-7ec1b031aa08,10485760:16:AES-192:encrypt,0,1,AES-192,software,CBC,10485760,16,encrypt,54841000,46875000,0.8547437136449008,0.054841,191.2029321128353
322287b2-9a69-4be0-bcde-7ec1b031aa08,10485760:16:AES-192:encrypt,0,2,AES-192,aesni,CBC,10485760,16,encrypt,21261200,31250000,1.4698135570899102,0.0212612,493.1875905405151
322287b2-9a69-4be0-bcde-7ec1b031aa08,10485760:16:AES-192:decrypt,0,3,AES-192,software,CBC,10485760,16,decrypt,55593700,46875000,0.843171078737339,0.0555937,188.61417750572457
322287b2-9a69-4be0-bcde-7ec1b031aa08,10485760:16:AES-128:encrypt,1,0,AES-128,aesni,CBC,10485760,16,encrypt,19290800,31250000,1.6199431853526034,0.0192908,543.5627345677732
322287b2-9a69-4be0-bcde-7ec1b031aa08,10485760:16:AES-128:decrypt,1,1,AES-128,aesni,CBC,10485760,16,decrypt,18150700,15625000,0.8608483419372256,0.0181507,577.7055430369077
322287b2-9a69-4be0-bcde-7ec1b031aa08,10485760:16:AES-128:decrypt,1,2,AES-128,software,CBC,10485760,16,decrypt,46479100,46875000,1.0085178069282752,0.0464791,225.60161448909295
322287b2-9a69-4be0-bcde-7ec1b031aa08,10485760:16:AES-128:encrypt,1,3,AES-128,software,CBC,10485760,16,encrypt,46729900,46875000,1.0031050783331443,0.0467299,224.39080759856108
322287b2-9a69-4be0-bcde-7ec1b031aa08,10485760:16:AES-256:decrypt,2,0,AES-256,software,CBC,10485760,16,decrypt,61220800,62500000,1.0208948592635183,0.0612208,171.27773567153648
322287b2-9a69-4be0-bcde-7ec1b031aa08,10485760:16:AES-256:encrypt,2,1,AES-256,software,CBC,10485760,16,encrypt,59766300,62500000,1.0457398232783357,0.0597663,175.4460289494247
322287b2-9a69-4be0-bcde-7ec1b031aa08,10485760:16:AES-256:decrypt,2,2,AES-256,aesni,CBC,10485760,16,decrypt,22889000,31250000,1.365284634540609,0.022889,458.11350430337717
322287b2-9a69-4be0-bcde-7ec1b031aa08,10485760:16:AES-256:encrypt,2,3,AES-256,aesni,CBC,10485760,16,encrypt,22540600,15625000,0.6931936150767948,0.0225406,465.1943603985697
322287b2-9a69-4be0-bcde-7ec1b031aa08,10485760:17:AES-192:encrypt,0,0,AES-192,software,CBC,10485760,17,encrypt,53648800,46875000,0.873738089202368,0.0536488,195.45190199967195
322287b2-9a69-4be0-bcde-7ec1b031aa08,10485760:17:AES-192:decrypt,0,1,AES-192,aesni,CBC,10485760,17,decrypt,21439900,31250000,1.4575627684830619,0.0214399,489.07690800796644
322287b2-9a69-4be0-bcde-7ec1b031aa08,10485760:17:AES-192:decrypt,0,2,AES-192,software,CBC,10485760,17,decrypt,59649200,62500000,1.0477927616799554,0.0596492,175.79045485941137
322287b2-9a69-4be0-bcde-7ec1b031aa08,10485760:17:AES-192:encrypt,0,3,AES-192,aesni,CBC,10485760,17,encrypt,21500900,15625000,0.7267137654702827,0.0215009,487.68935253873093
322287b2-9a69-4be0-bcde-7ec1b031aa08,10485760:17:AES-256:encrypt,1,0,AES-256,software,CBC,10485760,17,encrypt,60367100,62500000,1.035332159404709,0.0603671,173.6999127007923
322287b2-9a69-4be0-bcde-7ec1b031aa08,10485760:17:AES-256:encrypt,1,1,AES-256,aesni,CBC,10485760,17,encrypt,22254400,31250000,1.4042166942267595,0.0222544,471.176935796966
322287b2-9a69-4be0-bcde-7ec1b031aa08,10485760:17:AES-256:decrypt,1,2,AES-256,aesni,CBC,10485760,17,decrypt,21412100,15625000,0.7297275839361856,0.0214121,489.71189187422067
322287b2-9a69-4be0-bcde-7ec1b031aa08,10485760:17:AES-256:decrypt,1,3,AES-256,software,CBC,10485760,17,decrypt,60528100,62500000,1.0325782570409445,0.0605281,173.2378845527945
322287b2-9a69-4be0-bcde-7ec1b031aa08,10485760:17:AES-128:decrypt,2,0,AES-128,software,CBC,10485760,17,decrypt,47342400,46875000,0.9901272432322823,0.0473424,221.48771502923384
322287b2-9a69-4be0-bcde-7ec1b031aa08,10485760:17:AES-128:encrypt,2,1,AES-128,software,CBC,10485760,17,encrypt,45992500,31250000,0.6794586073816383,0.0459925,227.9884763820188
322287b2-9a69-4be0-bcde-7ec1b031aa08,10485760:17:AES-128:encrypt,2,2,AES-128,aesni,CBC,10485760,17,encrypt,18735100,15625000,0.8339960822200042,0.0187351,559.6852965823508
322287b2-9a69-4be0-bcde-7ec1b031aa08,10485760:17:AES-128:decrypt,2,3,AES-128,aesni,CBC,10485760,17,decrypt,17748600,15625000,0.880351126286017,0.0177486,590.7936400617514
322287b2-9a69-4be0-bcde-7ec1b031aa08,10485760:18:AES-192:decrypt,0,0,AES-192,software,CBC,10485760,18,decrypt,51485300,62500000,1.213938735911027,0.0514853,203.66512383146258
322287b2-9a69-4be0-bcde-7ec1b031aa08,10485760:18:AES-192:encrypt,0,1,AES-192,aesni,CBC,10485760,18,encrypt,19709400,15625000,0.7927689325905406,0.0197094,532.0182248064375
322287b2-9a69-4be0-bcde-7ec1b031aa08,10485760:18:AES-192:decrypt,0,2,AES-192,aesni,CBC,10485760,18,decrypt,18781700,15625000,0.83192682238562,0.0187817,558.2966398142873
322287b2-9a69-4be0-bcde-7ec1b031aa08,10485760:18:AES-192:encrypt,0,3,AES-192,software,CBC,10485760,18,encrypt,58246100,46875000,0.8047749119683549,0.0582461,180.0251003929877
322287b2-9a69-4be0-bcde-7ec1b031aa08,10485760:18:AES-256:decrypt,1,0,AES-256,software,CBC,10485760,18,decrypt,62749000,62500000,0.9960318092718609,0.062749,167.10640807024814
322287b2-9a69-4be0-bcde-7ec1b031aa08,10485760:18:AES-256:encrypt,1,1,AES-256,aesni,CBC,10485760,18,encrypt,22226700,15625000,0.7029833488552056,0.0222267,471.7641395258855
322287b2-9a69-4be0-bcde-7ec1b031aa08,10485760:18:AES-256:decrypt,1,2,AES-256,aesni,CBC,10485760,18,decrypt,21887700,31250000,1.4277425220557665,0.0218877,479.0708936982872
322287b2-9a69-4be0-bcde-7ec1b031aa08,10485760:18:AES-256:encrypt,1,3,AES-256,software,CBC,10485760,18,encrypt,61373900,62500000,1.0183481903545317,0.0613739,170.85047552787097
322287b2-9a69-4be0-bcde-7ec1b031aa08,10485760:18:AES-128:encrypt,2,0,AES-128,aesni,CBC,10485760,18,encrypt,20525400,15625000,0.7612519122648036,0.0205254,510.8675104991864
322287b2-9a69-4be0-bcde-7ec1b031aa08,10485760:18:AES-128:decrypt,2,1,AES-128,aesni,CBC,10485760,18,decrypt,19807200,31250000,1.5777091158770549,0.0198072,529.3913324447676
322287b2-9a69-4be0-bcde-7ec1b031aa08,10485760:18:AES-128:encrypt,2,2,AES-128,software,CBC,10485760,18,encrypt,48308900,46875000,0.9703180987354297,0.0483089,217.0564844159151
322287b2-9a69-4be0-bcde-7ec1b031aa08,10485760:18:AES-128:decrypt,2,3,AES-128,software,CBC,10485760,18,decrypt,47871800,46875000,0.9791777204951558,0.0478718,219.0383482551314
322287b2-9a69-4be0-bcde-7ec1b031aa08,10485760:19:AES-256:decrypt,0,0,AES-256,software,CBC,10485760,19,decrypt,61973000,62500000,1.0085037032255983,0.061973,169.19884465815758
322287b2-9a69-4be0-bcde-7ec1b031aa08,10485760:19:AES-256:decrypt,0,1,AES-256,aesni,CBC,10485760,19,decrypt,21848100,31250000,1.4303303262068554,0.0218481,479.9392166824575
322287b2-9a69-4be0-bcde-7ec1b031aa08,10485760:19:AES-256:encrypt,0,2,AES-256,software,CBC,10485760,19,encrypt,64179500,62500000,0.9738312077844171,0.0641795,163.38176520540048
322287b2-9a69-4be0-bcde-7ec1b031aa08,10485760:19:AES-256:encrypt,0,3,AES-256,aesni,CBC,10485760,19,encrypt,21804000,15625000,0.7166116308934141,0.021804,480.9099247844432
322287b2-9a69-4be0-bcde-7ec1b031aa08,10485760:19:AES-128:decrypt,1,0,AES-128,software,CBC,10485760,19,decrypt,45518300,46875000,1.0298055946729119,0.0455183,230.36361199781186
322287b2-9a69-4be0-bcde-7ec1b031aa08,10485760:19:AES-128:decrypt,1,1,AES-128,aesni,CBC,10485760,19,decrypt,17760900,31250000,1.7594829090868143,0.0177609,590.3844962811569
322287b2-9a69-4be0-bcde-7ec1b031aa08,10485760:19:AES-128:encrypt,1,2,AES-128,software,CBC,10485760,19,encrypt,45515100,46875000,1.0298779965330187,0.0455151,230.37980801975607
322287b2-9a69-4be0-bcde-7ec1b031aa08,10485760:19:AES-128:encrypt,1,3,AES-128,aesni,CBC,10485760,19,encrypt,18858000,15625000,0.8285608229928942,0.018858,556.0377558595821
322287b2-9a69-4be0-bcde-7ec1b031aa08,10485760:19:AES-192:encrypt,2,0,AES-192,aesni,CBC,10485760,19,encrypt,21094400,31250000,1.4814358313106797,0.0210944,497.0873786407767
322287b2-9a69-4be0-bcde-7ec1b031aa08,10485760:19:AES-192:decrypt,2,1,AES-192,software,CBC,10485760,19,decrypt,52813600,46875000,0.8875554781344199,0.0528136,198.54279958192586
322287b2-9a69-4be0-bcde-7ec1b031aa08,10485760:19:AES-192:encrypt,2,2,AES-192,software,CBC,10485760,19,encrypt,52091300,62500000,1.19981647607182,0.0520913,201.29580179415757
322287b2-9a69-4be0-bcde-7ec1b031aa08,10485760:19:AES-192:decrypt,2,3,AES-192,aesni,CBC,10485760,19,decrypt,19042900,15625000,0.820515782785185,0.0190429,550.6388207678452
322287b2-9a69-4be0-bcde-7ec1b031aa08,1048576:0:AES-192:decrypt,0,0,AES-192,software,CBC,1048576,0,decrypt,5447900,0,0.0,0.0054479,192.47343012904054
322287b2-9a69-4be0-bcde-7ec1b031aa08,1048576:0:AES-192:encrypt,0,1,AES-192,aesni,CBC,1048576,0,encrypt,2069800,0,0.0,0.0020698,506.60740168132185
322287b2-9a69-4be0-bcde-7ec1b031aa08,1048576:0:AES-192:encrypt,0,2,AES-192,software,CBC,1048576,0,encrypt,5201800,15625000,3.003767926486985,0.0052018,201.5794532661771
322287b2-9a69-4be0-bcde-7ec1b031aa08,1048576:0:AES-192:decrypt,0,3,AES-192,aesni,CBC,1048576,0,decrypt,2052200,0,0.0,0.0020522,510.95214891336127
322287b2-9a69-4be0-bcde-7ec1b031aa08,1048576:0:AES-128:encrypt,1,0,AES-128,software,CBC,1048576,0,encrypt,4608200,15625000,3.3906948483138755,0.0046082,227.54567944099648
322287b2-9a69-4be0-bcde-7ec1b031aa08,1048576:0:AES-128:decrypt,1,1,AES-128,aesni,CBC,1048576,0,decrypt,1860200,0,0.0,0.0018602,563.6899258144285
322287b2-9a69-4be0-bcde-7ec1b031aa08,1048576:0:AES-128:encrypt,1,2,AES-128,aesni,CBC,1048576,0,encrypt,1935500,0,0.0,0.0019355,541.7597520020666
322287b2-9a69-4be0-bcde-7ec1b031aa08,1048576:0:AES-128:decrypt,1,3,AES-128,software,CBC,1048576,0,decrypt,4653000,0,0.0,0.004653,225.35482484418654
322287b2-9a69-4be0-bcde-7ec1b031aa08,1048576:0:AES-256:decrypt,2,0,AES-256,software,CBC,1048576,0,decrypt,6061400,0,0.0,0.0060614,172.9923779984822
322287b2-9a69-4be0-bcde-7ec1b031aa08,1048576:0:AES-256:encrypt,2,1,AES-256,aesni,CBC,1048576,0,encrypt,2224000,0,0.0,0.002224,471.48201438848923
322287b2-9a69-4be0-bcde-7ec1b031aa08,1048576:0:AES-256:decrypt,2,2,AES-256,aesni,CBC,1048576,0,decrypt,2243800,0,0.0,0.0022438,467.3215081558071
322287b2-9a69-4be0-bcde-7ec1b031aa08,1048576:0:AES-256:encrypt,2,3,AES-256,software,CBC,1048576,0,encrypt,5915900,15625000,2.6411873087780386,0.0059159,177.2470799033114
322287b2-9a69-4be0-bcde-7ec1b031aa08,1048576:1:AES-256:decrypt,0,0,AES-256,aesni,CBC,1048576,1,decrypt,2359600,0,0.0,0.0023596,444.3871842685201
322287b2-9a69-4be0-bcde-7ec1b031aa08,1048576:1:AES-256:decrypt,0,1,AES-256,software,CBC,1048576,1,decrypt,6018800,15625000,2.596032431713963,0.0060188,174.21678739948163
322287b2-9a69-4be0-bcde-7ec1b031aa08,1048576:1:AES-256:encrypt,0,2,AES-256,software,CBC,1048576,1,encrypt,5880600,0,0.0,0.0058806,178.3110566948951
322287b2-9a69-4be0-bcde-7ec1b031aa08,1048576:1:AES-256:encrypt,0,3,AES-256,aesni,CBC,1048576,1,encrypt,2181500,0,0.0,0.0021815,480.6674306669723
322287b2-9a69-4be0-bcde-7ec1b031aa08,1048576:1:AES-192:encrypt,1,0,AES-192,aesni,CBC,1048576,1,encrypt,2078200,15625000,7.5185256471946875,0.0020782,504.5597151381003
322287b2-9a69-4be0-bcde-7ec1b031aa08,1048576:1:AES-192:encrypt,1,1,AES-192,software,CBC,1048576,1,encrypt,5147000,0,0.0,0.005147,203.72566543617643
322287b2-9a69-4be0-bcde-7ec1b031aa08,1048576:1:AES-192:decrypt,1,2,AES-192,software,CBC,1048576,1,decrypt,5259100,0,0.0,0.0052591,199.38316441976764
322287b2-9a69-4be0-bcde-7ec1b031aa08,1048576:1:AES-192:decrypt,1,3,AES-192,aesni,CBC,1048576,1,decrypt,1997500,0,0.0,0.0019975,524.9441802252816
322287b2-9a69-4be0-bcde-7ec1b031aa08,1048576:1:AES-128:encrypt,2,0,AES-128,software,CBC,1048576,1,encrypt,4549400,0,0.0,0.0045494,230.4866575812195
322287b2-9a69-4be0-bcde-7ec1b031aa08,1048576:1:AES-128:encrypt,2,1,AES-128,aesni,CBC,1048576,1,encrypt,1896200,0,0.0,0.0018962,552.9880814260099
322287b2-9a69-4be0-bcde-7ec1b031aa08,1048576:1:AES-128:decrypt,2,2,AES-128,aesni,CBC,1048576,1,decrypt,2012300,0,0.0,0.0020123,521.0833374745316
322287b2-9a69-4be0-bcde-7ec1b031aa08,1048576:1:AES-128:decrypt,2,3,AES-128,software,CBC,1048576,1,decrypt,4580400,15625000,3.4112741245306086,0.0045804,228.92673128984367
322287b2-9a69-4be0-bcde-7ec1b031aa08,1048576:2:AES-192:encrypt,0,0,AES-192,software,CBC,1048576,2,encrypt,5124000,0,0.0,0.005124,204.64012490241998
322287b2-9a69-4be0-bcde-7ec1b031aa08,1048576:2:AES-192:decrypt,0,1,AES-192,software,CBC,1048576,2,decrypt,5182000,15625000,3.0152450791200307,0.005182,202.3496719413354
322287b2-9a69-4be0-bcde-7ec1b031aa08,1048576:2:AES-192:decrypt,0,2,AES-192,aesni,CBC,1048576,2,decrypt,1980000,0,0.0,0.00198,529.5838383838384
322287b2-9a69-4be0-bcde-7ec1b031aa08,1048576:2:AES-192:encrypt,0,3,AES-192,aesni,CBC,1048576,2,encrypt,2015400,0,0.0,0.0020154,520.2818299096954
322287b2-9a69-4be0-bcde-7ec1b031aa08,1048576:2:AES-128:encrypt,1,0,AES-128,software,CBC,1048576,2,encrypt,4588100,15625000,3.405549137987402,0.0045881,228.5425339465138
322287b2-9a69-4be0-bcde-7ec1b031aa08,1048576:2:AES-128:decrypt,1,1,AES-128,software,CBC,1048576,2,decrypt,4582500,0,0.0,0.0045825,228.82182214948173
322287b2-9a69-4be0-bcde-7ec1b031aa08,1048576:2:AES-128:decrypt,1,2,AES-128,aesni,CBC,1048576,2,decrypt,1810300,0,0.0,0.0018103,579.2277523062476
322287b2-9a69-4be0-bcde-7ec1b031aa08,1048576:2:AES-128:encrypt,1,3,AES-128,aesni,CBC,1048576,2,encrypt,1892400,0,0.0,0.0018924,554.0984992601987
322287b2-9a69-4be0-bcde-7ec1b031aa08,1048576:2:AES-256:encrypt,2,0,AES-256,software,CBC,1048576,2,encrypt,5768100,15625000,2.7088642707303965,0.0057681,181.78880393890535
322287b2-9a69-4be0-bcde-7ec1b031aa08,1048576:2:AES-256:decrypt,2,1,AES-256,aesni,CBC,1048576,2,decrypt,2136000,0,0.0,0.002136,490.9063670411985
322287b2-9a69-4be0-bcde-7ec1b031aa08,1048576:2:AES-256:decrypt,2,2,AES-256,software,CBC,1048576,2,decrypt,5865100,0,0.0,0.0058651,178.7822884520298
322287b2-9a69-4be0-bcde-7ec1b031aa08,1048576:2:AES-256:encrypt,2,3,AES-256,aesni,CBC,1048576,2,encrypt,2254600,0,0.0,0.0022546,465.0829415417369
322287b2-9a69-4be0-bcde-7ec1b031aa08,1048576:3:AES-192:encrypt,0,0,AES-192,software,CBC,1048576,3,encrypt,5090900,0,0.0,0.0050909,205.97065351902415
322287b2-9a69-4be0-bcde-7ec1b031aa08,1048576:3:AES-192:decrypt,0,1,AES-192,software,CBC,1048576,3,decrypt,5454000,15625000,2.864869820315365,0.005454,192.25815914924826
322287b2-9a69-4be0-bcde-7ec1b031aa08,1048576:3:AES-192:encrypt,0,2,AES-192,aesni,CBC,1048576,3,encrypt,2092900,0,0.0,0.0020929,501.0158153757944
322287b2-9a69-4be0-bcde-7ec1b031aa08,1048576:3:AES-192:decrypt,0,3,AES-192,aesni,CBC,1048576,3,decrypt,2031000,0,0.0,0.002031,516.2855736090596
322287b2-9a69-4be0-bcde-7ec1b031aa08,1048576:3:AES-256:encrypt,1,0,AES-256,aesni,CBC,1048576,3,encrypt,2201200,0,0.0,0.0022012,476.3656187534072
322287b2-9a69-4be0-bcde-7ec1b031aa08,1048576:3:AES-256:encrypt,1,1,AES-256,software,CBC,1048576,3,encrypt,6208200,15625000,2.5168325762700943,0.0062082,168.9017750716794
322287b2-9a69-4be0-bcde-7ec1b031aa08,1048576:3:AES-256:decrypt,1,2,AES-256,software,CBC,1048576,3,decrypt,6128200,0,0.0,0.0061282,171.10668711856664
322287b2-9a69-4be0-bcde-7ec1b031aa08,1048576:3:AES-256:decrypt,1,3,AES-256,aesni,CBC,1048576,3,decrypt,2159700,0,0.0,0.0021597,485.51928508589157
322287b2-9a69-4be0-bcde-7ec1b031aa08,1048576:3:AES-128:decrypt,2,0,AES-128,aesni,CBC,1048576,3,decrypt,1886000,0,0.0,0.001886,555.9787910922588
322287b2-9a69-4be0-bcde-7ec1b031aa08,1048576:3:AES-128:decrypt,2,1,AES-128,software,CBC,1048576,3,decrypt,4638700,0,0.0,0.0046387,226.049539741738
322287b2-9a69-4be0-bcde-7ec1b031aa08,1048576:3:AES-128:encrypt,2,2,AES-128,aesni,CBC,1048576,3,encrypt,1927800,0,0.0,0.0019278,543.9236435314866
322287b2-9a69-4be0-bcde-7ec1b031aa08,1048576:3:AES-128:encrypt,2,3,AES-128,software,CBC,1048576,3,encrypt,4721000,0,0.0,0.004721,222.10887523829697
322287b2-9a69-4be0-bcde-7ec1b031aa08,1048576:4:AES-128:encrypt,0,0,AES-128,software,CBC,1048576,4,encrypt,4517200,0,0.0,0.0045172,232.12963782874348
322287b2-9a69-4be0-bcde-7ec1b031aa08,1048576:4:AES-128:decrypt,0,1,AES-128,software,CBC,1048576,4,decrypt,4624500,0,0.0,0.0046245,226.74364796194183
322287b2-9a69-4be0-bcde-7ec1b031aa08,1048576:4:AES-128:decrypt,0,2,AES-128,aesni,CBC,1048576,4,decrypt,1904200,15625000,8.20554563596261,0.0019042,550.6648461296082
322287b2-9a69-4be0-bcde-7ec1b031aa08,1048576:4:AES-128:encrypt,0,3,AES-128,aesni,CBC,1048576,4,encrypt,1881500,0,0.0,0.0018815,557.3085304278501
322287b2-9a69-4be0-bcde-7ec1b031aa08,1048576:4:AES-192:encrypt,1,0,AES-192,aesni,CBC,1048576,4,encrypt,2018100,0,0.0,0.0020181,519.5857489718052
322287b2-9a69-4be0-bcde-7ec1b031aa08,1048576:4:AES-192:decrypt,1,1,AES-192,software,CBC,1048576,4,decrypt,5151100,0,0.0,0.0051511,203.56351070645104
322287b2-9a69-4be0-bcde-7ec1b031aa08,1048576:4:AES-192:encrypt,1,2,AES-192,software,CBC,1048576,4,encrypt,5176900,15625000,3.01821553439317,0.0051769,202.54901582027856
322287b2-9a69-4be0-bcde-7ec1b031aa08,1048576:4:AES-192:decrypt,1,3,AES-192,aesni,CBC,1048576,4,decrypt,1949700,0,0.0,0.0019497,537.8140226701544
322287b2-9a69-4be0-bcde-7ec1b031aa08,1048576:4:AES-256:encrypt,2,0,AES-256,aesni,CBC,1048576,4,encrypt,2129400,0,0.0,0.0021294,492.4279139663755
322287b2-9a69-4be0-bcde-7ec1b031aa08,1048576:4:AES-256:decrypt,2,1,AES-256,software,CBC,1048576,4,decrypt,5944500,15625000,2.6284801076625453,0.0059445,176.3943140718311
322287b2-9a69-4be0-bcde-7ec1b031aa08,1048576:4:AES-256:encrypt,2,2,AES-256,software,CBC,1048576,4,encrypt,5750700,0,0.0,0.0057507,182.33884570574017
322287b2-9a69-4be0-bcde-7ec1b031aa08,1048576:4:AES-256:decrypt,2,3,AES-256,aesni,CBC,1048576,4,decrypt,2091600,0,0.0,0.0020916,501.3272136163702
322287b2-9a69-4be0-bcde-7ec1b031aa08,1048576:5:AES-128:encrypt,0,0,AES-128,aesni,CBC,1048576,5,encrypt,1881800,0,0.0,0.0018818,557.2196832819641
322287b2-9a69-4be0-bcde-7ec1b031aa08,1048576:5:AES-128:encrypt,0,1,AES-128,software,CBC,1048576,5,encrypt,4499400,0,0.0,0.0044994,233.0479619504823
322287b2-9a69-4be0-bcde-7ec1b031aa08,1048576:5:AES-128:decrypt,0,2,AES-128,software,CBC,1048576,5,decrypt,4574600,0,0.0,0.0045746,229.21698071962575
322287b2-9a69-4be0-bcde-7ec1b031aa08,1048576:5:AES-128:decrypt,0,3,AES-128,aesni,CBC,1048576,5,decrypt,1810500,15625000,8.630212648439658,0.0018105,579.1637669152168
322287b2-9a69-4be0-bcde-7ec1b031aa08,1048576:5:AES-192:decrypt,1,0,AES-192,aesni,CBC,1048576,5,decrypt,1983800,0,0.0,0.0019838,528.569412239137
322287b2-9a69-4be0-bcde-7ec1b031aa08,1048576:5:AES-192:encrypt,1,1,AES-192,software,CBC,1048576,5,encrypt,5091400,0,0.0,0.0050914,205.9504262089013
322287b2-9a69-4be0-bcde-7ec1b031aa08,1048576:5:AES-192:decrypt,1,2,AES-192,software,CBC,1048576,5,decrypt,5365000,15625000,2.9123951537744643,0.005365,195.4475302889096
322287b2-9a69-4be0-bcde-7ec1b031aa08,1048576:5:AES-192:encrypt,1,3,AES-192,aesni,CBC,1048576,5,encrypt,2022200,0,0.0,0.0020222,518.5322915636435
322287b2-9a69-4be0-bcde-7ec1b031aa08,1048576:5:AES-256:encrypt,2,0,AES-256,software,CBC,1048576,5,encrypt,5718300,15625000,2.7324554500463423,0.0057183,183.3719811832188
322287b2-9a69-4be0-bcde-7ec1b031aa08,1048576:5:AES-256:decrypt,2,1,AES-256,software,CBC,1048576,5,decrypt,6070600,0,0.0,0.0060706,172.730207887194
322287b2-9a69-4be0-bcde-7ec1b031aa08,1048576:5:AES-256:encrypt,2,2,AES-256,aesni,CBC,1048576,5,encrypt,2134100,0,0.0,0.0021341,491.34342345719506
322287b2-9a69-4be0-bcde-7ec1b031aa08,1048576:5:AES-256:decrypt,2,3,AES-256,aesni,CBC,1048576,5,decrypt,2098700,0,0.0,0.0020987,499.63120026683185
322287b2-9a69-4be0-bcde-7ec1b031aa08,1048576:6:AES-128:encrypt,0,0,AES-128,aesni,CBC,1048576,6,encrypt,2030000,0,0.0,0.00203,516.5399014778325
322287b2-9a69-4be0-bcde-7ec1b031aa08,1048576:6:AES-128:encrypt,0,1,AES-128,software,CBC,1048576,6,encrypt,4613100,0,0.0,0.0046131,227.3039821378249
322287b2-9a69-4be0-bcde-7ec1b031aa08,1048576:6:AES-128:decrypt,0,2,AES-128,aesni,CBC,1048576,6,decrypt,1806000,0,0.0,0.001806,580.6068660022148
322287b2-9a69-4be0-bcde-7ec1b031aa08,1048576:6:AES-128:decrypt,0,3,AES-128,software,CBC,1048576,6,decrypt,4490300,0,0.0,0.0044903,233.5202547713961
322287b2-9a69-4be0-bcde-7ec1b031aa08,1048576:6:AES-192:decrypt,1,0,AES-192,software,CBC,1048576,6,decrypt,5333000,0,0.0,0.005333,196.620288768048
322287b2-9a69-4be0-bcde-7ec1b031aa08,1048576:6:AES-192:encrypt,1,1,AES-192,aesni,CBC,1048576,6,encrypt,1980000,0,0.0,0.00198,529.5838383838384
322287b2-9a69-4be0-bcde-7ec1b031aa08,1048576:6:AES-192:encrypt,1,2,AES-192,software,CBC,1048576,6,encrypt,9431100,15625000,1.6567526587566668,0.0094311,111.18278885813956
322287b2-9a69-4be0-bcde-7ec1b031aa08,1048576:6:AES-192:decrypt,1,3,AES-192,aesni,CBC,1048576,6,decrypt,1886600,0,0.0,0.0018866,555.8019718011237
322287b2-9a69-4be0-bcde-7ec1b031aa08,1048576:6:AES-256:encrypt,2,0,AES-256,software,CBC,1048576,6,encrypt,5732300,15625000,2.7257819723322227,0.0057323,182.92413167489488
322287b2-9a69-4be0-bcde-7ec1b031aa08,1048576:6:AES-256:decrypt,2,1,AES-256,aesni,CBC,1048576,6,decrypt,2059600,0,0.0,0.0020596,509.11633326859584
322287b2-9a69-4be0-bcde-7ec1b031aa08,1048576:6:AES-256:encrypt,2,2,AES-256,aesni,CBC,1048576,6,encrypt,2035000,0,0.0,0.002035,515.2707616707617
322287b2-9a69-4be0-bcde-7ec1b031aa08,1048576:6:AES-256:decrypt,2,3,AES-256,software,CBC,1048576,6,decrypt,5804500,0,0.0,0.0058045,180.64880696011716
322287b2-9a69-4be0-bcde-7ec1b031aa08,1048576:7:AES-256:encrypt,0,0,AES-256,aesni,CBC,1048576,7,encrypt,2474900,0,0.0,0.0024749,423.6841892601721
322287b2-9a69-4be0-bcde-7ec1b031aa08,1048576:7:AES-256:decrypt,0,1,AES-256,software,CBC,1048576,7,decrypt,6232900,15625000,2.506858765582634,0.0062329,168.23244396669287
322287b2-9a69-4be0-bcde-7ec1b031aa08,1048576:7:AES-256:decrypt,0,2,AES-256,aesni,CBC,1048576,7,decrypt,2050800,0,0.0,0.0020508,511.30095572459527
322287b2-9a69-4be0-bcde-7ec1b031aa08,1048576:7:AES-256:encrypt,0,3,AES-256,software,CBC,1048576,7,encrypt,5833000,0,0.0,0.005833,179.76615806617522
322287b2-9a69-4be0-bcde-7ec1b031aa08,1048576:7:AES-128:encrypt,1,0,AES-128,aesni,CBC,1048576,7,encrypt,2030800,0,0.0,0.0020308,516.3364191451644
322287b2-9a69-4be0-bcde-7ec1b031aa08,1048576:7:AES-128:encrypt,1,1,AES-128,software,CBC,1048576,7,encrypt,4486400,15625000,3.482747860199715,0.0044864,233.72325249643367
322287b2-9a69-4be0-bcde-7ec1b031aa08,1048576:7:AES-128:decrypt,1,2,AES-128,aesni,CBC,1048576,7,decrypt,1822900,0,0.0,0.0018229,575.2240934774261
322287b2-9a69-4be0-bcde-7ec1b031aa08,1048576:7:AES-128:decrypt,1,3,AES-128,software,CBC,1048576,7,decrypt,4640000,0,0.0,0.00464,225.98620689655172
322287b2-9a69-4be0-bcde-7ec1b031aa08,1048576:7:AES-192:decrypt,2,0,AES-192,software,CBC,1048576,7,decrypt,5127900,0,0.0,0.0051279,204.48448682696622
322287b2-9a69-4be0-bcde-7ec1b031aa08,1048576:7:AES-192:decrypt,2,1,AES-192,aesni,CBC,1048576,7,decrypt,1887300,0,0.0,0.0018873,555.5958247231495
322287b2-9a69-4be0-bcde-7ec1b031aa08,1048576:7:AES-192:encrypt,2,2,AES-192,software,CBC,1048576,7,encrypt,5055200,0,0.0,0.0050552,207.42522551036555
322287b2-9a69-4be0-bcde-7ec1b031aa08,1048576:7:AES-192:encrypt,2,3,AES-192,aesni,CBC,1048576,7,encrypt,2190200,15625000,7.134051684777646,0.0021902,478.75810428271393
322287b2-9a69-4be0-bcde-7ec1b031aa08,1048576:8:AES-256:encrypt,0,0,AES-256,software,CBC,1048576,8,encrypt,5918200,0,0.0,0.0059182,177.17819607313035
322287b2-9a69-4be0-bcde-7ec1b031aa08,1048576:8:AES-256:decrypt,0,1,AES-256,software,CBC,1048576,8,decrypt,6061000,15625000,2.57795743276687,0.006061,173.00379475334103
322287b2-9a69-4be0-bcde-7ec1b031aa08,1048576:8:AES-256:encrypt,0,2,AES-256,aesni,CBC,1048576,8,encrypt,2217100,0,0.0,0.0022171,472.949348247711
322287b2-9a69-4be0-bcde-7ec1b031aa08,1048576:8:AES-256:decrypt,0,3,AES-256,aesni,CBC,1048576,8,decrypt,2167400,0,0.0,0.0021674,483.79440804650733
322287b2-9a69-4be0-bcde-7ec1b031aa08,1048576:8:AES-128:encrypt,1,0,AES-128,software,CBC,1048576,8,encrypt,4599900,15625000,3.396812974195091,0.0045999,227.9562599186939
322287b2-9a69-4be0-bcde-7ec1b031aa08,1048576:8:AES-128:decrypt,1,1,AES-128,aesni,CBC,1048576,8,decrypt,1764900,0,0.0,0.0017649,594.1277126182787
322287b2-9a69-4be0-bcde-7ec1b031aa08,1048576:8:AES-128:decrypt,1,2,AES-128,software,CBC,1048576,8,decrypt,4503400,0,0.0,0.0045034,232.84096460452102
322287b2-9a69-4be0-bcde-7ec1b031aa08,1048576:8:AES-128:encrypt,1,3,AES-128,aesni,CBC,1048576,8,encrypt,1855700,0,0.0,0.0018557,565.0568518618311
322287b2-9a69-4be0-bcde-7ec1b031aa08,1048576:8:AES-192:encrypt,2,0,AES-192,aesni,CBC,1048576,8,encrypt,2071700,0,0.0,0.0020717,506.14278129072744
322287b2-9a69-4be0-bcde-7ec1b031aa08,1048576:8:AES-192:encrypt,2,1,AES-192,software,CBC,1048576,8,encrypt,5217300,0,0.0,0.0052173,200.98058382688365
322287b2-9a69-4be0-bcde-7ec1b031aa08,1048576:8:AES-192:decrypt,2,2,AES-192,software,CBC,1048576,8,decrypt,5234900,0,0.0,0.0052349,200.30487688399015
322287b2-9a69-4be0-bcde-7ec1b031aa08,1048576:8:AES-192:decrypt,2,3,AES-192,aesni,CBC,1048576,8,decrypt,1956100,0,0.0,0.0019561,536.0543939471397
322287b2-9a69-4be0-bcde-7ec1b031aa08,1048576:9:AES-256:decrypt,0,0,AES-256,software,CBC,1048576,9,decrypt,5913800,0,0.0,0.0059138,177.31002062971356
322287b2-9a69-4be0-bcde-7ec1b031aa08,1048576:9:AES-256:decrypt,0,1,AES-256,aesni,CBC,1048576,9,decrypt,2195300,0,0.0,0.0021953,477.64587983419125
322287b2-9a69-4be0-bcde-7ec1b031aa08,1048576:9:AES-256:encrypt,0,2,AES-256,software,CBC,1048576,9,encrypt,6039900,15625000,2.586963360320535,0.0060399,173.6081723207338
322287b2-9a69-4be0-bcde-7ec1b031aa08,1048576:9:AES-256:encrypt,0,3,AES-256,aesni,CBC,1048576,9,encrypt,2151500,0,0.0,0.0021515,487.3697420404369
322287b2-9a69-4be0-bcde-7ec1b031aa08,1048576:9:AES-128:decrypt,1,0,AES-128,software,CBC,1048576,9,decrypt,4585700,15625000,3.407331487013978,0.0045857,228.66214536493882
322287b2-9a69-4be0-bcde-7ec1b031aa08,1048576:9:AES-128:decrypt,1,1,AES-128,aesni,CBC,1048576,9,decrypt,1802300,0,0.0,0.0018023,581.7988126283083
322287b2-9a69-4be0-bcde-7ec1b031aa08,1048576:9:AES-128:encrypt,1,2,AES-128,aesni,CBC,1048576,9,encrypt,1848500,0,0.0,0.0018485,567.2577765756018
322287b2-9a69-4be0-bcde-7ec1b031aa08,1048576:9:AES-128:encrypt,1,3,AES-128,software,CBC,1048576,9,encrypt,4512100,0,0.0,0.0045121,232.3920125883735
322287b2-9a69-4be0-bcde-7ec1b031aa08,1048576:9:AES-192:decrypt,2,0,AES-192,aesni,CBC,1048576,9,decrypt,1929600,0,0.0,0.0019296,543.4162520729685
322287b2-9a69-4be0-bcde-7ec1b031aa08,1048576:9:AES-192:encrypt,2,1,AES-192,software,CBC,1048576,9,encrypt,5147100,0,0.0,0.0051471,203.72170736919819
322287b2-9a69-4be0-bcde-7ec1b031aa08,1048576:9:AES-192:encrypt,2,2,AES-192,aesni,CBC,1048576,9,encrypt,2065500,0,0.0,0.0020655,507.6620672960542
322287b2-9a69-4be0-bcde-7ec1b031aa08,1048576:9:AES-192:decrypt,2,3,AES-192,software,CBC,1048576,9,decrypt,5263600,0,0.0,0.0052636,199.21270613268484
322287b2-9a69-4be0-bcde-7ec1b031aa08,1048576:10:AES-192:encrypt,0,0,AES-192,software,CBC,1048576,10,encrypt,5135500,0,0.0,0.0051355,204.18187128809268
322287b2-9a69-4be0-bcde-7ec1b031aa08,1048576:10:AES-192:decrypt,0,1,AES-192,software,CBC,1048576,10,decrypt,5205000,0,0.0,0.005205,201.45552353506244
322287b2-9a69-4be0-bcde-7ec1b031aa08,1048576:10:AES-192:decrypt,0,2,AES-192,aesni,CBC,1048576,10,decrypt,1950700,15625000,8.009945147895627,0.0019507,537.5383195775876
322287b2-9a69-4be0-bcde-7ec1b031aa08,1048576:10:AES-192:encrypt,0,3,AES-192,aesni,CBC,1048576,10,encrypt,2513300,0,0.0,0.0025133,417.21083834003105
322287b2-9a69-4be0-bcde-7ec1b031aa08,1048576:10:AES-128:decrypt,1,0,AES-128,aesni,CBC,1048576,10,decrypt,1823700,0,0.0,0.0018237,574.9717607062565
322287b2-9a69-4be0-bcde-7ec1b031aa08,1048576:10:AES-128:encrypt,1,1,AES-128,aesni,CBC,1048576,10,encrypt,1927200,0,0.0,0.0019272,544.0929846409299
322287b2-9a69-4be0-bcde-7ec1b031aa08,1048576:10:AES-128:encrypt,1,2,AES-128,software,CBC,1048576,10,encrypt,4549300,15625000,3.4345943331941178,0.0045493,230.49172400149473
322287b2-9a69-4be0-bcde-7ec1b031aa08,1048576:10:AES-128:decrypt,1,3,AES-128,software,CBC,1048576,10,decrypt,4811300,0,0.0,0.0048113,217.94026562467525
322287b2-9a69-4be0-bcde-7ec1b031aa08,1048576:10:AES-256:encrypt,2,0,AES-256,aesni,CBC,1048576,10,encrypt,2192800,15625000,7.125592849325064,0.0021928,478.1904414447282
322287b2-9a69-4be0-bcde-7ec1b031aa08,1048576:10:AES-256:decrypt,2,1,AES-256,aesni,CBC,1048576,10,decrypt,2188800,0,0.0,0.0021888,479.0643274853801
322287b2-9a69-4be0-bcde-7ec1b031aa08,1048576:10:AES-256:encrypt,2,2,AES-256,software,CBC,1048576,10,encrypt,6221900,0,0.0,0.0062219,168.52987029685465
322287b2-9a69-4be0-bcde-7ec1b031aa08,1048576:10:AES-256:decrypt,2,3,AES-256,software,CBC,1048576,10,decrypt,6041800,0,0.0,0.0060418,173.55357674865107
322287b2-9a69-4be0-bcde-7ec1b031aa08,1048576:11:AES-128:decrypt,0,0,AES-128,software,CBC,1048576,11,decrypt,4685600,0,0.0,0.0046856,223.78692163223494
322287b2-9a69-4be0-bcde-7ec1b031aa08,1048576:11:AES-128:encrypt,0,1,AES-128,software,CBC,1048576,11,encrypt,4606000,0,0.0,0.004606,227.65436387320887
322287b2-9a69-4be0-bcde-7ec1b031aa08,1048576:11:AES-128:encrypt,0,2,AES-128,aesni,CBC,1048576,11,encrypt,1877500,15625000,8.322237017310252,0.0018775,558.4958721704394
322287b2-9a69-4be0-bcde-7ec1b031aa08,1048576:11:AES-128:decrypt,0,3,AES-128,aesni,CBC,1048576,11,decrypt,1906700,0,0.0,0.0019067,549.9428331672523
322287b2-9a69-4be0-bcde-7ec1b031aa08,1048576:11:AES-192:decrypt,1,0,AES-192,software,CBC,1048576,11,decrypt,5229900,0,0.0,0.0052299,200.49637660375916
322287b2-9a69-4be0-bcde-7ec1b031aa08,1048576:11:AES-192:encrypt,1,1,AES-192,software,CBC,1048576,11,encrypt,5279300,15625000,2.9596726838785443,0.0052793,198.62027162692024
322287b2-9a69-4be0-bcde-7ec1b031aa08,1048576:11:AES-192:encrypt,1,2,AES-192,aesni,CBC,1048576,11,encrypt,2034700,0,0.0,0.0020347,515.3467341622844
322287b2-9a69-4be0-bcde-7ec1b031aa08,1048576:11:AES-192:decrypt,1,3,AES-192,aesni,CBC,1048576,11,decrypt,2105000,0,0.0,0.002105,498.1358669833729
322287b2-9a69-4be0-bcde-7ec1b031aa08,1048576:11:AES-256:decrypt,2,0,AES-256,aesni,CBC,1048576,11,decrypt,2085900,15625000,7.490771369672563,0.0020859,502.6971571024498
322287b2-9a69-4be0-bcde-7ec1b031aa08,1048576:11:AES-256:decrypt,2,1,AES-256,software,CBC,1048576,11,decrypt,5997300,0,0.0,0.0059973,174.8413452720391
322287b2-9a69-4be0-bcde-7ec1b031aa08,1048576:11:AES-256:encrypt,2,2,AES-256,aesni,CBC,1048576,11,encrypt,2127600,0,0.0,0.0021276,492.8445196465501
322287b2-9a69-4be0-bcde-7ec1b031aa08,1048576:11:AES-256:encrypt,2,3,AES-256,software,CBC,1048576,11,encrypt,5819000,0,0.0,0.005819,180.1986595634989
322287b2-9a69-4be0-bcde-7ec1b031aa08,1048576:12:AES-256:encrypt,0,0,AES-256,aesni,CBC,1048576,12,encrypt,2148700,0,0.0,0.0021487,488.00484013589613
322287b2-9a69-4be0-bcde-7ec1b031aa08,1048576:12:AES-256:encrypt,0,1,AES-256,software,CBC,1048576,12,encrypt,5815500,0,0.0,0.0058155,180.30711030865788
322287b2-9a69-4be0-bcde-7ec1b031aa08,1048576:12:AES-256:decrypt,0,2,AES-256,aesni,CBC,1048576,12,decrypt,2140000,15625000,7.3014018691588785,0.00214,489.988785046729
322287b2-9a69-4be0-bcde-7ec1b031aa08,1048576:12:AES-256:decrypt,0,3,AES-256,software,CBC,1048576,12,decrypt,6163200,0,0.0,0.0061632,170.134994807892
322287b2-9a69-4be0-bcde-7ec1b031aa08,1048576:12:AES-192:encrypt,1,0,AES-192,aesni,CBC,1048576,12,encrypt,1998600,0,0.0,0.0019986,524.6552586810767
322287b2-9a69-4be0-bcde-7ec1b031aa08,1048576:12:AES-192:decrypt,1,1,AES-192,aesni,CBC,1048576,12,decrypt,1921300,15625000,8.132514443345652,0.0019213,545.763805756519
322287b2-9a69-4be0-bcde-7ec1b031aa08,1048576:12:AES-192:encrypt,1,2,AES-192,software,CBC,1048576,12,encrypt,5194900,0,0.0,0.0051949,201.84719628866773
322287b2-9a69-4be0-bcde-7ec1b031aa08,1048576:12:AES-192:decrypt,1,3,AES-192,software,CBC,1048576,12,decrypt,5270100,0,0.0,0.0052701,198.96700252367128
322287b2-9a69-4be0-bcde-7ec1b031aa08,1048576:12:AES-128:encrypt,2,0,AES-128,aesni,CBC,1048576,12,encrypt,1849000,0,0.0,0.001849,567.1043807463494
322287b2-9a69-4be0-bcde-7ec1b031aa08,1048576:12:AES-128:encrypt,2,1,AES-128,software,CBC,1048576,12,encrypt,4537500,0,0.0,0.0045375,231.09112947658403
322287b2-9a69-4be0-bcde-7ec1b031aa08,1048576:12:AES-128:decrypt,2,2,AES-128,aesni,CBC,1048576,12,decrypt,1767500,0,0.0,0.0017675,593.253748231966
322287b2-9a69-4be0-bcde-7ec1b031aa08,1048576:12:AES-128:decrypt,2,3,AES-128,software,CBC,1048576,12,decrypt,4438100,0,0.0,0.0044381,236.26687095829297
322287b2-9a69-4be0-bcde-7ec1b031aa08,1048576:13:AES-128:decrypt,0,0,AES-128,software,CBC,1048576,13,decrypt,4525600,0,0.0,0.0045256,231.6987802722291
322287b2-9a69-4be0-bcde-7ec1b031aa08,1048576:13:AES-128:encrypt,0,1,AES-128,aesni,CBC,1048576,13,encrypt,1851400,0,0.0,0.0018514,566.3692340931187
322287b2-9a69-4be0-bcde-7ec1b031aa08,1048576:13:AES-128:encrypt,0,2,AES-128,software,CBC,1048576,13,encrypt,4465900,0,0.0,0.0044659,234.79612172238518
322287b2-9a69-4be0-bcde-7ec1b031aa08,1048576:13:AES-128:decrypt,0,3,AES-128,aesni,CBC,1048576,13,decrypt,1774300,15625000,8.806289804429916,0.0017743,590.9801048300739
322287b2-9a69-4be0-bcde-7ec1b031aa08,1048576:13:AES-256:encrypt,1,0,AES-256,aesni,CBC,1048576,13,encrypt,2083700,0,0.0,0.0020837,503.2279118875078
322287b2-9a69-4be0-bcde-7ec1b031aa08,1048576:13:AES-256:decrypt,1,1,AES-256,aesni,CBC,1048576,13,decrypt,2069600,0,0.0,0.0020696,506.65635871666024
322287b2-9a69-4be0-bcde-7ec1b031aa08,1048576:13:AES-256:encrypt,1,2,AES-256,software,CBC,1048576,13,encrypt,5635000,15625000,2.7728482697426795,0.005635,186.0826974267968
322287b2-9a69-4be0-bcde-7ec1b031aa08,1048576:13:AES-256:decrypt,1,3,AES-256,software,CBC,1048576,13,decrypt,6097600,0,0.0,0.0060976,171.9653634216741
322287b2-9a69-4be0-bcde-7ec1b031aa08,1048576:13:AES-192:encrypt,2,0,AES-192,aesni,CBC,1048576,13,encrypt,1987100,0,0.0,0.0019871,527.691610890242
322287b2-9a69-4be0-bcde-7ec1b031aa08,1048576:13:AES-192:decrypt,2,1,AES-192,software,CBC,1048576,13,decrypt,5189000,15625000,3.0111774908460203,0.005189,202.07670071304682
322287b2-9a69-4be0-bcde-7ec1b031aa08,1048576:13:AES-192:encrypt,2,2,AES-192,software,CBC,1048576,13,encrypt,5114400,0,0.0,0.0051144,205.02424526826215
322287b2-9a69-4be0-bcde-7ec1b031aa08,1048576:13:AES-192:decrypt,2,3,AES-192,aesni,CBC,1048576,13,decrypt,1933700,0,0.0,0.0019337,542.2640533691886
322287b2-9a69-4be0-bcde-7ec1b031aa08,1048576:14:AES-256:encrypt,0,0,AES-256,software,CBC,1048576,14,encrypt,5823000,0,0.0,0.005823,180.07487549373175
322287b2-9a69-4be0-bcde-7ec1b031aa08,1048576:14:AES-256:decrypt,0,1,AES-256,aesni,CBC,1048576,14,decrypt,2054300,0,0.0,0.0020543,510.42983011244706
322287b2-9a69-4be0-bcde-7ec1b031aa08,1048576:14:AES-256:encrypt,0,2,AES-256,aesni,CBC,1048576,14,encrypt,2094000,0,0.0,0.002094,500.75262655205347
322287b2-9a69-4be0-bcde-7ec1b031aa08,1048576:14:AES-256:decrypt,0,3,AES-256,software,CBC,1048576,14,decrypt,5856000,15625000,2.668203551912568,0.005856,179.0601092896175
322287b2-9a69-4be0-bcde-7ec1b031aa08,1048576:14:AES-128:encrypt,1,0,AES-128,aesni,CBC,1048576,14,encrypt,1867500,0,0.0,0.0018675,561.4864792503347
322287b2-9a69-4be0-bcde-7ec1b031aa08,1048576:14:AES-128:decrypt,1,1,AES-128,aesni,CBC,1048576,14,decrypt,1792600,0,0.0,0.0017926,584.9470043512217
322287b2-9a69-4be0-bcde-7ec1b031aa08,1048576:14:AES-128:decrypt,1,2,AES-128,software,CBC,1048576,14,decrypt,4438100,15625000,3.520650728915527,0.0044381,236.26687095829297
322287b2-9a69-4be0-bcde-7ec1b031aa08,1048576:14:AES-128:encrypt,1,3,AES-128,software,CBC,1048576,14,encrypt,4593700,0,0.0,0.0045937,228.26392668219518
322287b2-9a69-4be0-bcde-7ec1b031aa08,1048576:14:AES-192:encrypt,2,0,AES-192,aesni,CBC,1048576,14,encrypt,1995800,0,0.0,0.0019958,525.391321775729
322287b2-9a69-4be0-bcde-7ec1b031aa08,1048576:14:AES-192:encrypt,2,1,AES-192,software,CBC,1048576,14,encrypt,5062700,15625000,3.0862978252711004,0.0050627,207.11794101961405
322287b2-9a69-4be0-bcde-7ec1b031aa08,1048576:14:AES-192:decrypt,2,2,AES-192,software,CBC,1048576,14,decrypt,6175600,0,0.0,0.0061756,169.793380400285
322287b2-9a69-4be0-bcde-7ec1b031aa08,1048576:14:AES-192:decrypt,2,3,AES-192,aesni,CBC,1048576,14,decrypt,1978500,0,0.0,0.0019785,529.9853424311347
322287b2-9a69-4be0-bcde-7ec1b031aa08,1048576:15:AES-128:encrypt,0,0,AES-128,software,CBC,1048576,15,encrypt,4612900,15625000,3.3872401309371547,0.0046129,227.31383728240368
322287b2-9a69-4be0-bcde-7ec1b031aa08,1048576:15:AES-128:decrypt,0,1,AES-128,software,CBC,1048576,15,decrypt,4499000,0,0.0,0.004499,233.06868192931762
322287b2-9a69-4be0-bcde-7ec1b031aa08,1048576:15:AES-128:encrypt,0,2,AES-128,aesni,CBC,1048576,15,encrypt,1870400,0,0.0,0.0018704,560.6159110350727
322287b2-9a69-4be0-bcde-7ec1b031aa08,1048576:15:AES-128:decrypt,0,3,AES-128,aesni,CBC,1048576,15,decrypt,1857400,0,0.0,0.0018574,564.5396791213524
322287b2-9a69-4be0-bcde-7ec1b031aa08,1048576:15:AES-192:decrypt,1,0,AES-192,software,CBC,1048576,15,decrypt,6962800,0,0.0,0.0069628,150.59688631010513
322287b2-9a69-4be0-bcde-7ec1b031aa08,1048576:15:AES-192:decrypt,1,1,AES-192,aesni,CBC,1048576,15,decrypt,2119000,0,0.0,0.002119,494.8447380840019
322287b2-9a69-4be0-bcde-7ec1b031aa08,1048576:15:AES-192:encrypt,1,2,AES-192,aesni,CBC,1048576,15,encrypt,2121100,0,0.0,0.0021211,494.3548158974117
322287b2-9a69-4be0-bcde-7ec1b031aa08,1048576:15:AES-192:encrypt,1,3,AES-192,software,CBC,1048576,15,encrypt,5336500,15625000,2.927949030263281,0.0053365,196.49133327087043
322287b2-9a69-4be0-bcde-7ec1b031aa08,1048576:15:AES-256:encrypt,2,0,AES-256,aesni,CBC,1048576,15,encrypt,2129600,0,0.0,0.0021296,492.381667918858
322287b2-9a69-4be0-bcde-7ec1b031aa08,1048576:15:AES-256:decrypt,2,1,AES-256,aesni,CBC,1048576,15,decrypt,2123200,0,0.0,0.0021232,493.8658628485305
322287b2-9a69-4be0-bcde-7ec1b031aa08,1048576:15:AES-256:encrypt,2,2,AES-256,software,CBC,1048576,15,encrypt,5866300,15625000,2.663518742648688,0.0058663,178.74571706186182
322287b2-9a69-4be0-bcde-7ec1b031aa08,1048576:15:AES-256:decrypt,2,3,AES-256,software,CBC,1048576,15,decrypt,5972600,0,0.0,0.0059726,175.56441080936276
322287b2-9a69-4be0-bcde-7ec1b031aa08,1048576:16:AES-128:encrypt,0,0,AES-128,aesni,CBC,1048576,16,encrypt,1885900,0,0.0,0.0018859,556.0082719126146
322287b2-9a69-4be0-bcde-7ec1b031aa08,1048576:16:AES-128:encrypt,0,1,AES-128,software,CBC,1048576,16,encrypt,4688100,0,0.0,0.0046881,223.66758388259638
322287b2-9a69-4be0-bcde-7ec1b031aa08,1048576:16:AES-128:decrypt,0,2,AES-128,software,CBC,1048576,16,decrypt,4490900,0,0.0,0.0044909,233.48905564586164
322287b2-9a69-4be0-bcde-7ec1b031aa08,1048576:16:AES-128:decrypt,0,3,AES-128,aesni,CBC,1048576,16,decrypt,1829300,0,0.0,0.0018293,573.2116109987427
322287b2-9a69-4be0-bcde-7ec1b031aa08,1048576:16:AES-192:encrypt,1,0,AES-192,software,CBC,1048576,16,encrypt,5156000,0,0.0,0.005156,203.3700543056633
322287b2-9a69-4be0-bcde-7ec1b031aa08,1048576:16:AES-192:decrypt,1,1,AES-192,aesni,CBC,1048576,16,decrypt,2015000,0,0.0,0.002015,520.385111662531
322287b2-9a69-4be0-bcde-7ec1b031aa08,1048576:16:AES-192:encrypt,1,2,AES-192,aesni,CBC,1048576,16,encrypt,2016200,0,0.0,0.0020162,520.075389346295
322287b2-9a69-4be0-bcde-7ec1b031aa08,1048576:16:AES-192:decrypt,1,3,AES-192,software,CBC,1048576,16,decrypt,5167600,15625000,3.023647341125474,0.0051676,202.91353819955106
322287b2-9a69-4be0-bcde-7ec1b031aa08,1048576:16:AES-256:encrypt,2,0,AES-256,software,CBC,1048576,16,encrypt,6056900,0,0.0,0.0060569,173.12090343244896
322287b2-9a69-4be0-bcde-7ec1b031aa08,1048576:16:AES-256:decrypt,2,1,AES-256,aesni,CBC,1048576,16,decrypt,2095100,0,0.0,0.0020951,500.4897140947926
322287b2-9a69-4be0-bcde-7ec1b031aa08,1048576:16:AES-256:encrypt,2,2,AES-256,aesni,CBC,1048576,16,encrypt,2126400,0,0.0,0.0021264,493.1226486079759
322287b2-9a69-4be0-bcde-7ec1b031aa08,1048576:16:AES-256:decrypt,2,3,AES-256,software,CBC,1048576,16,decrypt,6031200,0,0.0,0.0060312,173.85860193659636
322287b2-9a69-4be0-bcde-7ec1b031aa08,1048576:17:AES-256:decrypt,0,0,AES-256,software,CBC,1048576,17,decrypt,6158500,0,0.0,0.0061585,170.26483721685474
322287b2-9a69-4be0-bcde-7ec1b031aa08,1048576:17:AES-256:encrypt,0,1,AES-256,aesni,CBC,1048576,17,encrypt,2338800,0,0.0,0.0023388,448.33931930904737
322287b2-9a69-4be0-bcde-7ec1b031aa08,1048576:17:AES-256:encrypt,0,2,AES-256,software,CBC,1048576,17,encrypt,6010000,15625000,2.5998336106489184,0.00601,174.47188019966723
322287b2-9a69-4be0-bcde-7ec1b031aa08,1048576:17:AES-256:decrypt,0,3,AES-256,aesni,CBC,1048576,17,decrypt,2169400,0,0.0,0.0021694,483.3483912602563
322287b2-9a69-4be0-bcde-7ec1b031aa08,1048576:17:AES-128:decrypt,1,0,AES-128,aesni,CBC,1048576,17,decrypt,1821400,0,0.0,0.0018214,575.6978148676842
322287b2-9a69-4be0-bcde-7ec1b031aa08,1048576:17:AES-128:decrypt,1,1,AES-128,software,CBC,1048576,17,decrypt,4589600,0,0.0,0.0045896,228.4678403346697
322287b2-9a69-4be0-bcde-7ec1b031aa08,1048576:17:AES-128:encrypt,1,2,AES-128,aesni,CBC,1048576,17,encrypt,2063500,15625000,7.572086261206688,0.0020635,508.1541070995881
322287b2-9a69-4be0-bcde-7ec1b031aa08,1048576:17:AES-128:encrypt,1,3,AES-128,software,CBC,1048576,17,encrypt,4515500,0,0.0,0.0045155,232.2170302292105
322287b2-9a69-4be0-bcde-7ec1b031aa08,1048576:17:AES-192:encrypt,2,0,AES-192,software,CBC,1048576,17,encrypt,5114800,15625000,3.0548604050989288,0.0051148,205.00821146476892
322287b2-9a69-4be0-bcde-7ec1b031aa08,1048576:17:AES-192:encrypt,2,1,AES-192,aesni,CBC,1048576,17,encrypt,2029600,0,0.0,0.0020296,516.641702798581
322287b2-9a69-4be0-bcde-7ec1b031aa08,1048576:17:AES-192:decrypt,2,2,AES-192,software,CBC,1048576,17,decrypt,5302500,0,0.0,0.0053025,197.75124941065536
322287b2-9a69-4be0-bcde-7ec1b031aa08,1048576:17:AES-192:decrypt,2,3,AES-192,aesni,CBC,1048576,17,decrypt,1996700,0,0.0,0.0019967,525.1545049331397
322287b2-9a69-4be0-bcde-7ec1b031aa08,1048576:18:AES-256:encrypt,0,0,AES-256,software,CBC,1048576,18,encrypt,5749800,0,0.0,0.0057498,182.367386691711
322287b2-9a69-4be0-bcde-7ec1b031aa08,1048576:18:AES-256:encrypt,0,1,AES-256,aesni,CBC,1048576,18,encrypt,2220700,0,0.0,0.0022207,472.18264511190165
322287b2-9a69-4be0-bcde-7ec1b031aa08,1048576:18:AES-256:decrypt,0,2,AES-256,software,CBC,1048576,18,decrypt,5915200,0,0.0,0.0059152,177.26805517987557
322287b2-9a69-4be0-bcde-7ec1b031aa08,1048576:18:AES-256:decrypt,0,3,AES-256,aesni,CBC,1048576,18,decrypt,2135000,15625000,7.318501170960188,0.002135,491.13629976580796
322287b2-9a69-4be0-bcde-7ec1b031aa08,1048576:18:AES-192:encrypt,1,0,AES-192,aesni,CBC,1048576,18,encrypt,2104500,0,0.0,0.0021045,498.25421715371823
322287b2-9a69-4be0-bcde-7ec1b031aa08,1048576:18:AES-192:decrypt,1,1,AES-192,aesni,CBC,1048576,18,decrypt,1995400,0,0.0,0.0019954,525.4966422772377
322287b2-9a69-4be0-bcde-7ec1b031aa08,1048576:18:AES-192:encrypt,1,2,AES-192,software,CBC,1048576,18,encrypt,5048500,15625000,3.094978706546499,0.0050485,207.7005051005249
322287b2-9a69-4be0-bcde-7ec1b031aa08,1048576:18:AES-192:decrypt,1,3,AES-192,software,CBC,1048576,18,decrypt,5225400,0,0.0,0.0052254,200.66903969074139
322287b2-9a69-4be0-bcde-7ec1b031aa08,1048576:18:AES-128:decrypt,2,0,AES-128,aesni,CBC,1048576,18,decrypt,1816100,0,0.0,0.0018161,577.3778976928584
322287b2-9a69-4be0-bcde-7ec1b031aa08,1048576:18:AES-128:encrypt,2,1,AES-128,software,CBC,1048576,18,encrypt,4484300,15625000,3.484378832816716,0.0044843,233.83270521597575
322287b2-9a69-4be0-bcde-7ec1b031aa08,1048576:18:AES-128:encrypt,2,2,AES-128,aesni,CBC,1048576,18,encrypt,1901800,0,0.0,0.0019018,551.3597644336944
322287b2-9a69-4be0-bcde-7ec1b031aa08,1048576:18:AES-128:decrypt,2,3,AES-128,software,CBC,1048576,18,decrypt,4518800,0,0.0,0.0045188,232.04744622466143
322287b2-9a69-4be0-bcde-7ec1b031aa08,1048576:19:AES-256:encrypt,0,0,AES-256,aesni,CBC,1048576,19,encrypt,2132100,15625000,7.328455513343652,0.0021321,491.8043243750293
322287b2-9a69-4be0-bcde-7ec1b031aa08,1048576:19:AES-256:decrypt,0,1,AES-256,aesni,CBC,1048576,19,decrypt,2100500,0,0.0,0.0021005,499.20304689359676
322287b2-9a69-4be0-bcde-7ec1b031aa08,1048576:19:AES-256:encrypt,0,2,AES-256,software,CBC,1048576,19,encrypt,5784700,0,0.0,0.0057847,181.26713572008921
322287b2-9a69-4be0-bcde-7ec1b031aa08,1048576:19:AES-256:decrypt,0,3,AES-256,software,CBC,1048576,19,decrypt,5879200,15625000,2.657674513539257,0.0058792,178.35351748537215
322287b2-9a69-4be0-bcde-7ec1b031aa08,1048576:19:AES-192:encrypt,1,0,AES-192,software,CBC,1048576,19,encrypt,5260200,0,0.0,0.0052602,199.3414699060872
322287b2-9a69-4be0-bcde-7ec1b031aa08,1048576:19:AES-192:decrypt,1,1,AES-192,software,CBC,1048576,19,decrypt,5152900,0,0.0,0.0051529,203.49240233654834
322287b2-9a69-4be0-bcde-7ec1b031aa08,1048576:19:AES-192:encrypt,1,2,AES-192,aesni,CBC,1048576,19,encrypt,2028400,0,0.0,0.0020284,516.9473476631828
322287b2-9a69-4be0-bcde-7ec1b031aa08,1048576:19:AES-192:decrypt,1,3,AES-192,aesni,CBC,1048576,19,decrypt,1950700,0,0.0,0.0019507,537.5383195775876
322287b2-9a69-4be0-bcde-7ec1b031aa08,1048576:19:AES-128:decrypt,2,0,AES-128,aesni,CBC,1048576,19,decrypt,2111600,0,0.0,0.0021116,496.57889751846943
322287b2-9a69-4be0-bcde-7ec1b031aa08,1048576:19:AES-128:decrypt,2,1,AES-128,software,CBC,1048576,19,decrypt,4593200,15625000,3.4017678307062615,0.0045932,228.28877471044152
322287b2-9a69-4be0-bcde-7ec1b031aa08,1048576:19:AES-128:encrypt,2,2,AES-128,software,CBC,1048576,19,encrypt,4528800,0,0.0,0.0045288,231.53506447624093
322287b2-9a69-4be0-bcde-7ec1b031aa08,1048576:19:AES-128:encrypt,2,3,AES-128,aesni,CBC,1048576,19,encrypt,1895500,0,0.0,0.0018955,553.1922975468215
