session_id,pair_id,variant_order,job_order,algorithm,backend,mode,bytes,repeat,operation,wall_elapsed_ns,process_cpu_ns,process_to_wall_ratio,seconds,throughput_MB_s
c7f01d62-d138-421b-b0e4-0c92d32c309a,1048576:0:AES-128:decrypt,0,0,AES-128,aesni,CBC,1048576,0,decrypt,1807300,0,0.0,0.0018073,580.1892325568527
c7f01d62-d138-421b-b0e4-0c92d32c309a,1048576:0:AES-128:encrypt,0,1,AES-128,aesni,CBC,1048576,0,encrypt,1865400,0,0.0,0.0018654,562.1185804653157
c7f01d62-d138-421b-b0e4-0c92d32c309a,1048576:0:AES-128:encrypt,0,2,AES-128,software,CBC,1048576,0,encrypt,4587800,15625000,3.4057718296351194,0.0045878,228.55747853001438
c7f01d62-d138-421b-b0e4-0c92d32c309a,1048576:0:AES-128:decrypt,0,3,AES-128,software,CBC,1048576,0,decrypt,4849700,0,0.0,0.0048497,216.21461121306473
c7f01d62-d138-421b-b0e4-0c92d32c309a,1048576:0:AES-192:encrypt,1,0,AES-192,aesni,CBC,1048576,0,encrypt,2037100,15625000,7.670217466005596,0.0020371,514.7395807765942
c7f01d62-d138-421b-b0e4-0c92d32c309a,1048576:0:AES-192:decrypt,1,1,AES-192,aesni,CBC,1048576,0,decrypt,2001900,0,0.0,0.0020019,523.7903991208352
c7f01d62-d138-421b-b0e4-0c92d32c309a,1048576:0:AES-192:encrypt,1,2,AES-192,software,CBC,1048576,0,encrypt,5243600,0,0.0,0.0052436,199.97253795102603
c7f01d62-d138-421b-b0e4-0c92d32c309a,1048576:0:AES-192:decrypt,1,3,AES-192,software,CBC,1048576,0,decrypt,5267400,0,0.0,0.0052674,199.06899039374264
c7f01d62-d138-421b-b0e4-0c92d32c309a,1048576:0:AES-256:encrypt,2,0,AES-256,aesni,CBC,1048576,0,encrypt,2182100,0,0.0,0.0021821,480.53526419504146
c7f01d62-d138-421b-b0e4-0c92d32c309a,1048576:0:AES-256:encrypt,2,1,AES-256,software,CBC,1048576,0,encrypt,5839300,0,0.0,0.0058393,179.57220899765383
c7f01d62-d138-421b-b0e4-0c92d32c309a,1048576:0:AES-256:decrypt,2,2,AES-256,aesni,CBC,1048576,0,decrypt,2275400,0,0.0,0.0022754,460.8315021534675
c7f01d62-d138-421b-b0e4-0c92d32c309a,1048576:0:AES-256:decrypt,2,3,AES-256,software,CBC,1048576,0,decrypt,6307000,15625000,2.4774060567623275,0.006307,166.25590613603933
c7f01d62-d138-421b-b0e4-0c92d32c309a,1048576:1:AES-256:decrypt,0,0,AES-256,software,CBC,1048576,1,decrypt,5967400,15625000,2.6183932701008814,0.0059674,175.7173978617153
c7f01d62-d138-421b-b0e4-0c92d32c309a,1048576:1:AES-256:encrypt,0,1,AES-256,software,CBC,1048576,1,encrypt,5920400,0,0.0,0.0059204,177.11235727315722
c7f01d62-d138-421b-b0e4-0c92d32c309a,1048576:1:AES-256:decrypt,0,2,AES-256,aesni,CBC,1048576,1,decrypt,2124300,0,0.0,0.0021243,493.6101303958951
c7f01d62-d138-421b-b0e4-0c92d32c309a,1048576:1:AES-256:encrypt,0,3,AES-256,aesni,CBC,1048576,1,encrypt,2157000,0,0.0,0.002157,486.1270282800185
c7f01d62-d138-421b-b0e4-0c92d32c309a,1048576:1:AES-192:encrypt,1,0,AES-192,software,CBC,1048576,1,encrypt,6071000,0,0.0,0.006071,172.71882721133255
c7f01d62-d138-421b-b0e4-0c92d32c309a,1048576:1:AES-192:decrypt,1,1,AES-192,software,CBC,1048576,1,decrypt,5996400,0,0.0,0.0059964,174.86758721899807
c7f01d62-d138-421b-b0e4-0c92d32c309a,1048576:1:AES-192:decrypt,1,2,AES-192,aesni,CBC,1048576,1,decrypt,2081800,15625000,7.505524065712364,0.0020818,503.6871937746181
c7f01d62-d138-421b-b0e4-0c92d32c309a,1048576:1:AES-192:encrypt,1,3,AES-192,aesni,CBC,1048576,1,encrypt,2078600,0,0.0,0.0020786,504.46261907052826
c7f01d62-d138-421b-b0e4-0c92d32c309a,1048576:1:AES-128:decrypt,2,0,AES-128,aesni,CBC,1048576,1,decrypt,1790700,0,0.0,0.0017907,585.5676551069414
c7f01d62-d138-421b-b0e4-0c92d32c309a,1048576:1:AES-128:encrypt,2,1,AES-128,aesni,CBC,1048576,1,encrypt,1864000,0,0.0,0.001864,562.5407725321888
c7f01d62-d138-421b-b0e4-0c92d32c309a,1048576:1:AES-128:encrypt,2,2,AES-128,software,CBC,1048576,1,encrypt,4607300,15625000,3.3913571940181884,0.0046073,227.59012870878823
c7f01d62-d138-421b-b0e4-0c92d32c309a,1048576:1:AES-128:decrypt,2,3,AES-128,software,CBC,1048576,1,decrypt,4576300,0,0.0,0.0045763,229.13183139217273
c7f01d62-d138-421b-b0e4-0c92d32c309a,1048576:2:AES-128:decrypt,0,0,AES-128,aesni,CBC,1048576,2,decrypt,1805300,0,0.0,0.0018053,580.8319946823243
c7f01d62-d138-421b-b0e4-0c92d32c309a,1048576:2:AES-128:encrypt,0,1,AES-128,software,CBC,1048576,2,encrypt,4494800,15625000,3.476239209753493,0.0044948,233.28646435881464
c7f01d62-d138-421b-b0e4-0c92d32c309a,1048576:2:AES-128:encrypt,0,2,AES-128,aesni,CBC,1048576,2,encrypt,1887600,0,0.0,0.0018876,555.50752278025
c7f01d62-d138-421b-b0e4-0c92d32c309a,1048576:2:AES-128:decrypt,0,3,AES-128,software,CBC,1048576,2,decrypt,4627200,0,0.0,0.0046272,226.6113416320885
c7f01d62-d138-421b-b0e4-0c92d32c309a,1048576:2:AES-256:encrypt,1,0,AES-256,aesni,CBC,1048576,2,encrypt,2111700,15625000,7.399251787659232,0.0021117,496.55538191978025
c7f01d62-d138-421b-b0e4-0c92d32c309a,1048576:2:AES-256:decrypt,1,1,AES-256,aesni,CBC,1048576,2,decrypt,2164900,0,0.0,0.0021649,484.3530879024435
c7f01d62-d138-421b-b0e4-0c92d32c309a,1048576:2:AES-256:decrypt,1,2,AES-256,software,CBC,1048576,2,decrypt,7096600,0,0.0,0.0070966,147.75751768452497
c7f01d62-d138-421b-b0e4-0c92d32c309a,1048576:2:AES-256:encrypt,1,3,AES-256,software,CBC,1048576,2,encrypt,6632200,15625000,2.3559301589216246,0.0066322,158.1037966285697
c7f01d62-d138-421b-b0e4-0c92d32c309a,1048576:2:AES-192:decrypt,2,0,AES-192,software,CBC,1048576,2,decrypt,5140300,0,0.0,0.0051403,203.9912067389063
c7f01d62-d138-421b-b0e4-0c92d32c309a,1048576:2:AES-192:decrypt,2,1,AES-192,aesni,CBC,1048576,2,decrypt,1962300,0,0.0,0.0019623,534.3606991795342
c7f01d62-d138-421b-b0e4-0c92d32c309a,1048576:2:AES-192:encrypt,2,2,AES-192,software,CBC,1048576,2,encrypt,5116300,15625000,3.053964779234994,0.0051163,204.94810703047125
c7f01d62-d138-421b-b0e4-0c92d32c309a,1048576:2:AES-192:encrypt,2,3,AES-192,aesni,CBC,1048576,2,encrypt,2219000,0,0.0,0.002219,472.54438936457865
c7f01d62-d138-421b-b0e4-0c92d32c309a,1048576:3:AES-128:decrypt,0,0,AES-128,software,CBC,1048576,3,decrypt,4554900,15625000,3.4303716876330985,0.0045549,230.20834705482008
c7f01d62-d138-421b-b0e4-0c92d32c309a,1048576:3:AES-128:encrypt,0,1,AES-128,software,CBC,1048576,3,encrypt,4888200,0,0.0,0.0048882,214.5116811914406
c7f01d62-d138-421b-b0e4-0c92d32c309a,1048576:3:AES-128:encrypt,0,2,AES-128,aesni,CBC,1048576,3,encrypt,2077300,0,0.0,0.0020773,504.77831800895393
c7f01d62-d138-421b-b0e4-0c92d32c309a,1048576:3:AES-128:decrypt,0,3,AES-128,aesni,CBC,1048576,3,decrypt,1858200,0,0.0,0.0018582,564.2966311484232
c7f01d62-d138-421b-b0e4-0c92d32c309a,1048576:3:AES-256:decrypt,1,0,AES-256,aesni,CBC,1048576,3,decrypt,2173300,0,0.0,0.0021733,482.4810196475406
c7f01d62-d138-421b-b0e4-0c92d32c309a,1048576:3:AES-256:encrypt,1,1,AES-256,software,CBC,1048576,3,encrypt,6125200,0,0.0,0.0061252,171.19049173904526
c7f01d62-d138-421b-b0e4-0c92d32c309a,1048576:3:AES-256:decrypt,1,2,AES-256,software,CBC,1048576,3,decrypt,6680000,0,0.0,0.00668,156.97245508982036
c7f01d62-d138-421b-b0e4-0c92d32c309a,1048576:3:AES-256:encrypt,1,3,AES-256,aesni,CBC,1048576,3,encrypt,2196400,0,0.0,0.0021964,477.40666545255874
c7f01d62-d138-421b-b0e4-0c92d32c309a,1048576:3:AES-192:encrypt,2,0,AES-192,aesni,CBC,1048576,3,encrypt,2082000,0,0.0,0.002082,503.6388088376561
c7f01d62-d138-421b-b0e4-0c92d32c309a,1048576:3:AES-192:decrypt,2,1,AES-192,aesni,CBC,1048576,3,decrypt,2037400,0,0.0,0.0020374,514.6637871797388
c7f01d62-d138-421b-b0e4-0c92d32c309a,1048576:3:AES-192:decrypt,2,2,AES-192,software,CBC,1048576,3,decrypt,5308200,15625000,2.9435590218906595,0.0053082,197.5389020760333
c7f01d62-d138-421b-b0e4-0c92d32c309a,1048576:3:AES-192:encrypt,2,3,AES-192,software,CBC,1048576,3,encrypt,5317100,0,0.0,0.0053171,197.2082526189088
c7f01d62-d138-421b-b0e4-0c92d32c309a,1048576:4:AES-192:encrypt,0,0,AES-192,aesni,CBC,1048576,4,encrypt,2069000,0,0.0,0.002069,506.8032866118898
c7f01d62-d138-421b-b0e4-0c92d32c309a,1048576:4:AES-192:decrypt,0,1,AES-192,software,CBC,1048576,4,decrypt,5331100,15625000,2.930914820581118,0.0053311,196.69036408996269
c7f01d62-d138-421b-b0e4-0c92d32c309a,1048576:4:AES-192:encrypt,0,2,AES-192,software,CBC,1048576,4,encrypt,5226400,0,0.0,0.0052264,200.6306444206337
c7f01d62-d138-421b-b0e4-0c92d32c309a,1048576:4:AES-192:decrypt,0,3,AES-192,aesni,CBC,1048576,4,decrypt,2030300,0,0.0,0.0020303,516.4635768113087
c7f01d62-d138-421b-b0e4-0c92d32c309a,1048576:4:AES-256:decrypt,1,0,AES-256,software,CBC,1048576,4,decrypt,5998400,0,0.0,0.0059984,174.80928247532677
c7f01d62-d138-421b-b0e4-0c92d32c309a,1048576:4:AES-256:encrypt,1,1,AES-256,software,CBC,1048576,4,encrypt,5896400,0,0.0,0.0058964,177.83325418899668
c7f01d62-d138-421b-b0e4-0c92d32c309a,1048576:4:AES-256:encrypt,1,2,AES-256,aesni,CBC,1048576,4,encrypt,2181300,0,0.0,0.0021813,480.7115023151332
c7f01d62-d138-421b-b0e4-0c92d32c309a,1048576:4:AES-256:decrypt,1,3,AES-256,aesni,CBC,1048576,4,decrypt,2410100,0,0.0,0.0024101,435.0757229990457
c7f01d62-d138-421b-b0e4-0c92d32c309a,1048576:4:AES-128:decrypt,2,0,AES-128,aesni,CBC,1048576,4,decrypt,1868400,0,0.0,0.0018684,561.2160137015628
c7f01d62-d138-421b-b0e4-0c92d32c309a,1048576:4:AES-128:encrypt,2,1,AES-128,aesni,CBC,1048576,4,encrypt,1935600,0,0.0,0.0019356,541.731762760901
c7f01d62-d138-421b-b0e4-0c92d32c309a,1048576:4:AES-128:encrypt,2,2,AES-128,software,CBC,1048576,4,encrypt,4632000,15625000,3.373272884283247,0.004632,226.37651122625215
c7f01d62-d138-421b-b0e4-0c92d32c309a,1048576:4:AES-128:decrypt,2,3,AES-128,software,CBC,1048576,4,decrypt,4734000,0,0.0,0.004734,221.49894381073088
c7f01d62-d138-421b-b0e4-0c92d32c309a,1048576:5:AES-192:encrypt,0,0,AES-192,software,CBC,1048576,5,encrypt,5183400,15625000,3.0144306825635683,0.0051834,202.29501871358568
c7f01d62-d138-421b-b0e4-0c92d32c309a,1048576:5:AES-192:encrypt,0,1,AES-192,aesni,CBC,1048576,5,encrypt,2185000,0,0.0,0.002185,479.8974828375286
c7f01d62-d138-421b-b0e4-0c92d32c309a,1048576:5:AES-192:decrypt,0,2,AES-192,software,CBC,1048576,5,decrypt,5266100,0,0.0,0.0052661,199.1181329636733
c7f01d62-d138-421b-b0e4-0c92d32c309a,1048576:5:AES-192:decrypt,0,3,AES-192,aesni,CBC,1048576,5,decrypt,2018100,0,0.0,0.0020181,519.5857489718052
c7f01d62-d138-421b-b0e4-0c92d32c309a,1048576:5:AES-128:encrypt,1,0,AES-128,aesni,CBC,1048576,5,encrypt,1922400,0,0.0,0.0019224,545.451518934665
c7f01d62-d138-421b-b0e4-0c92d32c309a,1048576:5:AES-128:decrypt,1,1,AES-128,aesni,CBC,1048576,5,decrypt,2158400,0,0.0,0.0021584,485.8117123795404
c7f01d62-d138-421b-b0e4-0c92d32c309a,1048576:5:AES-128:encrypt,1,2,AES-128,software,CBC,1048576,5,encrypt,4612800,0,0.0,0.0046128,227.31876517516477
c7f01d62-d138-421b-b0e4-0c92d32c309a,1048576:5:AES-128:decrypt,1,3,AES-128,software,CBC,1048576,5,decrypt,4632300,0,0.0,0.0046323,226.36185048464046
c7f01d62-d138-421b-b0e4-0c92d32c309a,1048576:5:AES-256:encrypt,2,0,AES-256,software,CBC,1048576,5,encrypt,6280400,0,0.0,0.0062804,166.96006623781923
c7f01d62-d138-421b-b0e4-0c92d32c309a,1048576:5:AES-256:encrypt,2,1,AES-256,aesni,CBC,1048576,5,encrypt,3098000,15625000,5.043576500968367,0.003098,338.46868947708197
c7f01d62-d138-421b-b0e4-0c92d32c309a,1048576:5:AES-256:decrypt,2,2,AES-256,software,CBC,1048576,5,decrypt,6121800,0,0.0,0.0061218,171.28556960371134
c7f01d62-d138-421b-b0e4-0c92d32c309a,1048576:5:AES-256:decrypt,2,3,AES-256,aesni,CBC,1048576,5,decrypt,2196600,0,0.0,0.0021966,477.363197669125
c7f01d62-d138-421b-b0e4-0c92d32c309a,1048576:6:AES-128:encrypt,0,0,AES-128,software,CBC,1048576,6,encrypt,4781400,15625000,3.267871334755511,0.0047814,219.30313297360607
c7f01d62-d138-421b-b0e4-0c92d32c309a,1048576:6:AES-128:encrypt,0,1,AES-128,aesni,CBC,1048576,6,encrypt,2372100,0,0.0,0.0023721,442.04544496437757
c7f01d62-d138-421b-b0e4-0c92d32c309a,1048576:6:AES-128:decrypt,0,2,AES-128,aesni,CBC,1048576,6,decrypt,2102600,0,0.0,0.0021026,498.70446114334635
c7f01d62-d138-421b-b0e4-0c92d32c309a,1048576:6:AES-128:decrypt,0,3,AES-128,software,CBC,1048576,6,decrypt,7656400,0,0.0,0.0076564,136.95418212214616
c7f01d62-d138-421b-b0e4-0c92d32c309a,1048576:6:AES-192:decrypt,1,0,AES-192,software,CBC,1048576,6,decrypt,8451000,15625000,1.8488936220565613,0.008451,124.07715063306118
c7f01d62-d138-421b-b0e4-0c92d32c309a,1048576:6:AES-192:decrypt,1,1,AES-192,aesni,CBC,1048576,6,decrypt,4445400,0,0.0,0.0044454,235.8788860395015
c7f01d62-d138-421b-b0e4-0c92d32c309a,1048576:6:AES-192:encrypt,1,2,AES-192,aesni,CBC,1048576,6,encrypt,3851600,0,0.0,0.0038516,272.24426212483127
c7f01d62-d138-421b-b0e4-0c92d32c309a,1048576:6:AES-192:encrypt,1,3,AES-192,software,CBC,1048576,6,encrypt,11852700,15625000,1.3182650366583142,0.0118527,88.46726906105782
c7f01d62-d138-421b-b0e4-0c92d32c309a,1048576:6:AES-256:decrypt,2,0,AES-256,software,CBC,1048576,6,decrypt,10353100,15625000,1.5092098018950846,0.0103531,101.28135534284418
c7f01d62-d138-421b-b0e4-0c92d32c309a,1048576:6:AES-256:encrypt,2,1,AES-256,software,CBC,1048576,6,encrypt,8266800,0,0.0,0.0082668,126.84182513185272
c7f01d62-d138-421b-b0e4-0c92d32c309a,1048576:6:AES-256:decrypt,2,2,AES-256,aesni,CBC,1048576,6,decrypt,5180300,15625000,3.016234581008822,0.0051803,202.416076289018
c7f01d62-d138-421b-b0e4-0c92d32c309a,1048576:6:AES-256:encrypt,2,3,AES-256,aesni,CBC,1048576,6,encrypt,4472800,0,0.0,0.0044728,234.43391164371312
c7f01d62-d138-421b-b0e4-0c92d32c309a,1048576:7:AES-256:decrypt,0,0,AES-256,software,CBC,1048576,7,decrypt,11260500,0,0.0,0.0112605,93.11984370143422
c7f01d62-d138-421b-b0e4-0c92d32c309a,1048576:7:AES-256:decrypt,0,1,AES-256,aesni,CBC,1048576,7,decrypt,5257300,0,0.0,0.0052573,199.4514294409678
c7f01d62-d138-421b-b0e4-0c92d32c309a,1048576:7:AES-256:encrypt,0,2,AES-256,software,CBC,1048576,7,encrypt,9196200,0,0.0,0.0091962,114.02274852656532
c7f01d62-d138-421b-b0e4-0c92d32c309a,1048576:7:AES-256:encrypt,0,3,AES-256,aesni,CBC,1048576,7,encrypt,3840100,15625000,4.0689044556131355,0.0038401,273.0595557407359
c7f01d62-d138-421b-b0e4-0c92d32c309a,1048576:7:AES-128:encrypt,1,0,AES-128,software,CBC,1048576,7,encrypt,5350500,15625000,2.920287823567891,0.0053505,195.97719839267359
c7f01d62-d138-421b-b0e4-0c92d32c309a,1048576:7:AES-128:decrypt,1,1,AES-128,software,CBC,1048576,7,decrypt,4893500,0,0.0,0.0048935,214.27935015837335
c7f01d62-d138-421b-b0e4-0c92d32c309a,1048576:7:AES-128:encrypt,1,2,AES-128,aesni,CBC,1048576,7,encrypt,2014500,0,0.0,0.0020145,520.5142715313974
c7f01d62-d138-421b-b0e4-0c92d32c309a,1048576:7:AES-128:decrypt,1,3,AES-128,aesni,CBC,1048576,7,decrypt,1946300,0,0.0,0.0019463,538.7535323434208
c7f01d62-d138-421b-b0e4-0c92d32c309a,1048576:7:AES-192:decrypt,2,0,AES-192,software,CBC,1048576,7,decrypt,5541100,0,0.0,0.0055411,189.23607226002056
c7f01d62-d138-421b-b0e4-0c92d32c309a,1048576:7:AES-192:encrypt,2,1,AES-192,software,CBC,1048576,7,encrypt,5493000,0,0.0,0.005493,190.89313671946113
c7f01d62-d138-421b-b0e4-0c92d32c309a,1048576:7:AES-192:decrypt,2,2,AES-192,aesni,CBC,1048576,7,decrypt,2347900,0,0.0,0.0023479,446.6016440223178
c7f01d62-d138-421b-b0e4-0c92d32c309a,1048576:7:AES-192:encrypt,2,3,AES-192,aesni,CBC,1048576,7,encrypt,2156700,15625000,7.244864839801549,0.0021567,486.19464923262393
c7f01d62-d138-421b-b0e4-0c92d32c309a,1048576:8:AES-128:encrypt,0,0,AES-128,software,CBC,1048576,8,encrypt,4798700,0,0.0,0.0047987,218.5125138058224
c7f01d62-d138-421b-b0e4-0c92d32c309a,1048576:8:AES-128:decrypt,0,1,AES-128,software,CBC,1048576,8,decrypt,5038600,15625000,3.101059818203469,0.0050386,208.10860159568134
c7f01d62-d138-421b-b0e4-0c92d32c309a,1048576:8:AES-128:decrypt,0,2,AES-128,aesni,CBC,1048576,8,decrypt,2264000,0,0.0,0.002264,463.1519434628975
c7f01d62-d138-421b-b0e4-0c92d32c309a,1048576:8:AES-128:encrypt,0,3,AES-128,aesni,CBC,1048576,8,encrypt,2025500,0,0.0,0.0020255,517.6874845717107
c7f01d62-d138-421b-b0e4-0c92d32c309a,1048576:8:AES-192:encrypt,1,0,AES-192,software,CBC,1048576,8,encrypt,5569600,15625000,2.8054079287561047,0.0055696,188.26773915541511
c7f01d62-d138-421b-b0e4-0c92d32c309a,1048576:8:AES-192:decrypt,1,1,AES-192,aesni,CBC,1048576,8,decrypt,2245200,0,0.0,0.0022452,467.03010867628717
c7f01d62-d138-421b-b0e4-0c92d32c309a,1048576:8:AES-192:decrypt,1,2,AES-192,software,CBC,1048576,8,decrypt,5560900,0,0.0,0.0055609,188.5622830836735
c7f01d62-d138-421b-b0e4-0c92d32c309a,1048576:8:AES-192:encrypt,1,3,AES-192,aesni,CBC,1048576,8,encrypt,2135200,0,0.0,0.0021352,491.09029599100785
c7f01d62-d138-421b-b0e4-0c92d32c309a,1048576:8:AES-256:decrypt,2,0,AES-256,aesni,CBC,1048576,8,decrypt,2263500,0,0.0,0.0022635,463.25425226419264
c7f01d62-d138-421b-b0e4-0c92d32c309a,1048576:8:AES-256:decrypt,2,1,AES-256,software,CBC,1048576,8,decrypt,5900900,0,0.0,0.0059009,177.69763934315105
c7f01d62-d138-421b-b0e4-0c92d32c309a,1048576:8:AES-256:encrypt,2,2,AES-256,aesni,CBC,1048576,8,encrypt,2100500,0,0.0,0.0021005,499.20304689359676
c7f01d62-d138-421b-b0e4-0c92d32c309a,1048576:8:AES-256:encrypt,2,3,AES-256,software,CBC,1048576,8,encrypt,6515800,15625000,2.398017127597532,0.0065158,160.92820528561344
c7f01d62-d138-421b-b0e4-0c92d32c309a,1048576:9:AES-128:encrypt,0,0,AES-128,aesni,CBC,1048576,9,encrypt,1841700,0,0.0,0.0018417,569.3522289189336
c7f01d62-d138-421b-b0e4-0c92d32c309a,1048576:9:AES-128:decrypt,0,1,AES-128,software,CBC,1048576,9,decrypt,4429100,15625000,3.5278047458851685,0.0044291,236.74696891016234
c7f01d62-d138-421b-b0e4-0c92d32c309a,1048576:9:AES-128:encrypt,0,2,AES-128,software,CBC,1048576,9,encrypt,5252200,0,0.0,0.0052522,199.64510110049122
c7f01d62-d138-421b-b0e4-0c92d32c309a,1048576:9:AES-128:decrypt,0,3,AES-128,aesni,CBC,1048576,9,decrypt,1929200,0,0.0,0.0019292,543.5289239062824
c7f01d62-d138-421b-b0e4-0c92d32c309a,1048576:9:AES-256:encrypt,1,0,AES-256,aesni,CBC,1048576,9,encrypt,2179400,15625000,7.169404423235753,0.0021794,481.1305863999266
c7f01d62-d138-421b-b0e4-0c92d32c309a,1048576:9:AES-256:encrypt,1,1,AES-256,software,CBC,1048576,9,encrypt,6846400,0,0.0,0.0068464,153.1572797382566
c7f01d62-d138-421b-b0e4-0c92d32c309a,1048576:9:AES-256:decrypt,1,2,AES-256,software,CBC,1048576,9,decrypt,6067500,0,0.0,0.0060675,172.81845900288423
c7f01d62-d138-421b-b0e4-0c92d32c309a,1048576:9:AES-256:decrypt,1,3,AES-256,aesni,CBC,1048576,9,decrypt,2253600,15625000,6.933351082712105,0.0022536,465.28931487397944
c7f01d62-d138-421b-b0e4-0c92d32c309a,1048576:9:AES-192:encrypt,2,0,AES-192,aesni,CBC,1048576,9,encrypt,2095200,0,0.0,0.0020952,500.4658266513937
c7f01d62-d138-421b-b0e4-0c92d32c309a,1048576:9:AES-192:decrypt,2,1,AES-192,software,CBC,1048576,9,decrypt,5307200,15625000,2.9441136569189026,0.0053072,197.5761230027133
c7f01d62-d138-421b-b0e4-0c92d32c309a,1048576:9:AES-192:decrypt,2,2,AES-192,aesni,CBC,1048576,9,decrypt,2003700,0,0.0,0.0020037,523.3198582622149
c7f01d62-d138-421b-b0e4-0c92d32c309a,1048576:9:AES-192:encrypt,2,3,AES-192,software,CBC,1048576,9,encrypt,6170500,0,0.0,0.0061705,169.93371687869703
c7f01d62-d138-421b-b0e4-0c92d32c309a,1048576:10:AES-192:encrypt,0,0,AES-192,software,CBC,1048576,10,encrypt,5283300,15625000,2.9574319080877483,0.0052833,198.4698957091212
c7f01d62-d138-421b-b0e4-0c92d32c309a,1048576:10:AES-192:decrypt,0,1,AES-192,aesni,CBC,1048576,10,decrypt,2704900,0,0.0,0.0027049,387.65795408333025
c7f01d62-d138-421b-b0e4-0c92d32c309a,1048576:10:AES-192:decrypt,0,2,AES-192,software,CBC,1048576,10,decrypt,5526700,0,0.0,0.0055267,189.72913311741183
c7f01d62-d138-421b-b0e4-0c92d32c309a,1048576:10:AES-192:encrypt,0,3,AES-192,aesni,CBC,1048576,10,encrypt,2039400,0,0.0,0.0020394,514.159066392076
c7f01d62-d138-421b-b0e4-0c92d32c309a,1048576:10:AES-128:encrypt,1,0,AES-128,aesni,CBC,1048576,10,encrypt,1805300,0,0.0,0.0018053,580.8319946823243
c7f01d62-d138-421b-b0e4-0c92d32c309a,1048576:10:AES-128:decrypt,1,1,AES-128,software,CBC,1048576,10,decrypt,5833900,0,0.0,0.0058339,179.73842541010302
c7f01d62-d138-421b-b0e4-0c92d32c309a,1048576:10:AES-128:encrypt,1,2,AES-128,software,CBC,1048576,10,encrypt,4693300,15625000,3.329213985894786,0.0046933,223.41976860631112
c7f01d62-d138-421b-b0e4-0c92d32c309a,1048576:10:AES-128:decrypt,1,3,AES-128,aesni,CBC,1048576,10,decrypt,2514000,0,0.0,0.002514,417.0946698488465
c7f01d62-d138-421b-b0e4-0c92d32c309a,1048576:10:AES-256:encrypt,2,0,AES-256,aesni,CBC,1048576,10,encrypt,2203700,0,0.0,0.0022037,475.82520306756817
c7f01d62-d138-421b-b0e4-0c92d32c309a,1048576:10:AES-256:decrypt,2,1,AES-256,software,CBC,1048576,10,decrypt,6360900,15625000,2.456413400619409,0.0063609,164.84711282994544
c7f01d62-d138-421b-b0e4-0c92d32c309a,1048576:10:AES-256:encrypt,2,2,AES-256,software,CBC,1048576,10,encrypt,7070700,0,0.0,0.0070707,148.29875401303974
c7f01d62-d138-421b-b0e4-0c92d32c309a,1048576:10:AES-256:decrypt,2,3,AES-256,aesni,CBC,1048576,10,decrypt,2180000,0,0.0,0.00218,480.9981651376147
c7f01d62-d138-421b-b0e4-0c92d32c309a,1048576:11:AES-256:encrypt,0,0,AES-256,aesni,CBC,1048576,11,encrypt,2332100,0,0.0,0.0023321,449.6273744693624
c7f01d62-d138-421b-b0e4-0c92d32c309a,1048576:11:AES-256:encrypt,0,1,AES-256,software,CBC,1048576,11,encrypt,6334000,0,0.0,0.006334,165.54720555730975
c7f01d62-d138-421b-b0e4-0c92d32c309a,1048576:11:AES-256:decrypt,0,2,AES-256,software,CBC,1048576,11,decrypt,6181400,15625000,2.5277445238942633,0.0061814,169.63406348076487
c7f01d62-d138-421b-b0e4-0c92d32c309a,1048576:11:AES-256:decrypt,0,3,AES-256,aesni,CBC,1048576,11,decrypt,2190800,0,0.0,0.0021908,478.6269855760453
c7f01d62-d138-421b-b0e4-0c92d32c309a,1048576:11:AES-128:decrypt,1,0,AES-128,software,CBC,1048576,11,decrypt,4632100,15625000,3.3732000604477452,0.0046321,226.3716241013795
c7f01d62-d138-421b-b0e4-0c92d32c309a,1048576:11:AES-128:encrypt,1,1,AES-128,aesni,CBC,1048576,11,encrypt,2026400,0,0.0,0.0020264,517.4575602052902
c7f01d62-d138-421b-b0e4-0c92d32c309a,1048576:11:AES-128:decrypt,1,2,AES-128,aesni,CBC,1048576,11,decrypt,1886100,0,0.0,0.0018861,555.9493133980171
c7f01d62-d138-421b-b0e4-0c92d32c309a,1048576:11:AES-128:encrypt,1,3,AES-128,software,CBC,1048576,11,encrypt,4751600,0,0.0,0.0047516,220.67850829194376
c7f01d62-d138-421b-b0e4-0c92d32c309a,1048576:11:AES-192:decrypt,2,0,AES-192,software,CBC,1048576,11,decrypt,5513900,0,0.0,0.0055139,190.1695714467074
c7f01d62-d138-421b-b0e4-0c92d32c309a,1048576:11:AES-192:encrypt,2,1,AES-192,software,CBC,1048576,11,encrypt,5372800,0,0.0,0.0053728,195.1637879690292
c7f01d62-d138-421b-b0e4-0c92d32c309a,1048576:11:AES-192:encrypt,2,2,AES-192,aesni,CBC,1048576,11,encrypt,2275200,0,0.0,0.0022752,460.87201125175807
c7f01d62-d138-421b-b0e4-0c92d32c309a,1048576:11:AES-192:decrypt,2,3,AES-192,aesni,CBC,1048576,11,decrypt,2130300,0,0.0,0.0021303,492.21987513495753
c7f01d62-d138-421b-b0e4-0c92d32c309a,1048576:12:AES-128:decrypt,0,0,AES-128,aesni,CBC,1048576,12,decrypt,1958900,0,0.0,0.0019589,535.2881719332279
c7f01d62-d138-421b-b0e4-0c92d32c309a,1048576:12:AES-128:encrypt,0,1,AES-128,software,CBC,1048576,12,encrypt,4913900,0,0.0,0.0049139,213.38977187162945
c7f01d62-d138-421b-b0e4-0c92d32c309a,1048576:12:AES-128:decrypt,0,2,AES-128,software,CBC,1048576,12,decrypt,4823800,15625000,3.239147560014926,0.0048238,217.37551308097352
c7f01d62-d138-421b-b0e4-0c92d32c309a,1048576:12:AES-128:encrypt,0,3,AES-128,aesni,CBC,1048576,12,encrypt,1974400,0,0.0,0.0019744,531.0858995137763
c7f01d62-d138-421b-b0e4-0c92d32c309a,1048576:12:AES-256:decrypt,1,0,AES-256,software,CBC,1048576,12,decrypt,6387600,15625000,2.446145657210846,0.0063876,164.1580562339533
c7f01d62-d138-421b-b0e4-0c92d32c309a,1048576:12:AES-256:encrypt,1,1,AES-256,aesni,CBC,1048576,12,encrypt,2213000,0,0.0,0.002213,473.8255761409851
c7f01d62-d138-421b-b0e4-0c92d32c309a,1048576:12:AES-256:decrypt,1,2,AES-256,aesni,CBC,1048576,12,decrypt,2231300,0,0.0,0.0022313,469.9394971541254
c7f01d62-d138-421b-b0e4-0c92d32c309a,1048576:12:AES-256:encrypt,1,3,AES-256,software,CBC,1048576,12,encrypt,5988600,0,0.0,0.0059886,175.095347827539
c7f01d62-d138-421b-b0e4-0c92d32c309a,1048576:12:AES-192:encrypt,2,0,AES-192,aesni,CBC,1048576,12,encrypt,2135400,0,0.0,0.0021354,491.0443008335675
c7f01d62-d138-421b-b0e4-0c92d32c309a,1048576:12:AES-192:decrypt,2,1,AES-192,software,CBC,1048576,12,decrypt,5422800,0,0.0,0.0054228,193.36431363871063
c7f01d62-d138-421b-b0e4-0c92d32c309a,1048576:12:AES-192:decrypt,2,2,AES-192,aesni,CBC,1048576,12,decrypt,2068800,0,0.0,0.0020688,506.8522815158546
c7f01d62-d138-421b-b0e4-0c92d32c309a,1048576:12:AES-192:encrypt,2,3,AES-192,software,CBC,1048576,12,encrypt,5542400,15625000,2.8191758083140877,0.0055424,189.1916859122402
c7f01d62-d138-421b-b0e4-0c92d32c309a,1048576:13:AES-128:encrypt,0,0,AES-128,aesni,CBC,1048576,13,encrypt,1990200,0,0.0,0.0019902,526.8696613405688
c7f01d62-d138-421b-b0e4-0c92d32c309a,1048576:13:AES-128:decrypt,0,1,AES-128,software,CBC,1048576,13,decrypt,4770700,15625000,3.2752007042991593,0.0047707,219.7949986375165
c7f01d62-d138-421b-b0e4-0c92d32c309a,1048576:13:AES-128:encrypt,0,2,AES-128,software,CBC,1048576,13,encrypt,4999200,0,0.0,0.0049992,209.74875980156824
c7f01d62-d138-421b-b0e4-0c92d32c309a,1048576:13:AES-128:decrypt,0,3,AES-128,aesni,CBC,1048576,13,decrypt,1909100,0,0.0,0.0019091,549.2514797548583
c7f01d62-d138-421b-b0e4-0c92d32c309a,1048576:13:AES-256:decrypt,1,0,AES-256,software,CBC,1048576,13,decrypt,6437900,15625000,2.4270336600444242,0.0064379,162.8754718153435
c7f01d62-d138-421b-b0e4-0c92d32c309a,1048576:13:AES-256:decrypt,1,1,AES-256,aesni,CBC,1048576,13,decrypt,2457000,0,0.0,0.002457,426.77085877085875
c7f01d62-d138-421b-b0e4-0c92d32c309a,1048576:13:AES-256:encrypt,1,2,AES-256,aesni,CBC,1048576,13,encrypt,2279200,0,0.0,0.0022792,460.0631800631801
c7f01d62-d138-421b-b0e4-0c92d32c309a,1048576:13:AES-256:encrypt,1,3,AES-256,software,CBC,1048576,13,encrypt,6143500,15625000,2.543338487832669,0.0061435,170.68055668592822
c7f01d62-d138-421b-b0e4-0c92d32c309a,1048576:13:AES-192:decrypt,2,0,AES-192,software,CBC,1048576,13,decrypt,5390000,0,0.0,0.00539,194.54100185528756
c7f01d62-d138-421b-b0e4-0c92d32c309a,1048576:13:AES-192:decrypt,2,1,AES-192,aesni,CBC,1048576,13,decrypt,2240600,0,0.0,0.0022406,467.98893153619565
c7f01d62-d138-421b-b0e4-0c92d32c309a,1048576:13:AES-192:encrypt,2,2,AES-192,aesni,CBC,1048576,13,encrypt,2203400,0,0.0,0.0022034,475.88998820005446
c7f01d62-d138-421b-b0e4-0c92d32c309a,1048576:13:AES-192:encrypt,2,3,AES-192,software,CBC,1048576,13,encrypt,5578500,0,0.0,0.0055785,187.96737474231423
c7f01d62-d138-421b-b0e4-0c92d32c309a,1048576:14:AES-192:decrypt,0,0,AES-192,software,CBC,1048576,14,decrypt,5411700,15625000,2.8872627824897905,0.0054117,193.76092540236894
c7f01d62-d138-421b-b0e4-0c92d32c309a,1048576:14:AES-192:encrypt,0,1,AES-192,aesni,CBC,1048576,14,encrypt,2124300,0,0.0,0.0021243,493.6101303958951
c7f01d62-d138-421b-b0e4-0c92d32c309a,1048576:14:AES-192:encrypt,0,2,AES-192,software,CBC,1048576,14,encrypt,5478600,0,0.0,0.0054786,191.3948819041361
c7f01d62-d138-421b-b0e4-0c92d32c309a,1048576:14:AES-192:decrypt,0,3,AES-192,aesni,CBC,1048576,14,decrypt,2092200,0,0.0,0.0020922,501.1834432654622
c7f01d62-d138-421b-b0e4-0c92d32c309a,1048576:14:AES-128:encrypt,1,0,AES-128,aesni,CBC,1048576,14,encrypt,2128800,0,0.0,0.0021288,492.56670424652384
c7f01d62-d138-421b-b0e4-0c92d32c309a,1048576:14:AES-128:decrypt,1,1,AES-128,software,CBC,1048576,14,decrypt,5157600,0,0.0,0.0051576,203.30696447960293
c7f01d62-d138-421b-b0e4-0c92d32c309a,1048576:14:AES-128:decrypt,1,2,AES-128,aesni,CBC,1048576,14,decrypt,2016400,0,0.0,0.0020164,520.0238048006348
c7f01d62-d138-421b-b0e4-0c92d32c309a,1048576:14:AES-128:encrypt,1,3,AES-128,software,CBC,1048576,14,encrypt,5051700,15625000,3.0930181918957973,0.0050517,207.56893718946097
c7f01d62-d138-421b-b0e4-0c92d32c309a,1048576:14:AES-256:decrypt,2,0,AES-256,aesni,CBC,1048576,14,decrypt,2341500,0,0.0,0.0023415,447.8223361093316
c7f01d62-d138-421b-b0e4-0c92d32c309a,1048576:14:AES-256:encrypt,2,1,AES-256,aesni,CBC,1048576,14,encrypt,2263300,0,0.0,0.0022633,463.29518844165597
c7f01d62-d138-421b-b0e4-0c92d32c309a,1048576:14:AES-256:encrypt,2,2,AES-256,software,CBC,1048576,14,encrypt,6068800,15625000,2.5746440812022144,0.0060688,172.78143949380438
c7f01d62-d138-421b-b0e4-0c92d32c309a,1048576:14:AES-256:decrypt,2,3,AES-256,software,CBC,1048576,14,decrypt,6452200,0,0.0,0.0064522,162.5144911813025
c7f01d62-d138-421b-b0e4-0c92d32c309a,1048576:15:AES-256:decrypt,0,0,AES-256,software,CBC,1048576,15,decrypt,6170800,0,0.0,0.0061708,169.9254553704544
c7f01d62-d138-421b-b0e4-0c92d32c309a,1048576:15:AES-256:decrypt,0,1,AES-256,aesni,CBC,1048576,15,decrypt,2365500,0,0.0,0.0023655,443.27879940815893
c7f01d62-d138-421b-b0e4-0c92d32c309a,1048576:15:AES-256:encrypt,0,2,AES-256,software,CBC,1048576,15,encrypt,6242200,15625000,2.5031238986254847,0.0062422,167.98180128800743
c7f01d62-d138-421b-b0e4-0c92d32c309a,1048576:15:AES-256:encrypt,0,3,AES-256,aesni,CBC,1048576,15,encrypt,2239600,0,0.0,0.0022396,468.19789248080014
c7f01d62-d138-421b-b0e4-0c92d32c309a,1048576:15:AES-192:decrypt,1,0,AES-192,aesni,CBC,1048576,15,decrypt,2420700,0,0.0,0.0024207,433.1705704961375
c7f01d62-d138-421b-b0e4-0c92d32c309a,1048576:15:AES-192:encrypt,1,1,AES-192,aesni,CBC,1048576,15,encrypt,2318400,0,0.0,0.0023184,452.28433402346445
c7f01d62-d138-421b-b0e4-0c92d32c309a,1048576:15:AES-192:decrypt,1,2,AES-192,software,CBC,1048576,15,decrypt,5467000,15625000,2.858057435522224,0.005467,191.80098774464972
c7f01d62-d138-421b-b0e4-0c92d32c309a,1048576:15:AES-192:encrypt,1,3,AES-192,software,CBC,1048576,15,encrypt,5329300,0,0.0,0.0053293,196.75679732797929
c7f01d62-d138-421b-b0e4-0c92d32c309a,1048576:15:AES-128:encrypt,2,0,AES-128,software,CBC,1048576,15,encrypt,4719200,0,0.0,0.0047192,222.19359213426006
c7f01d62-d138-421b-b0e4-0c92d32c309a,1048576:15:AES-128:encrypt,2,1,AES-128,aesni,CBC,1048576,15,encrypt,2016500,0,0.0,0.0020165,519.9980163649889
c7f01d62-d138-421b-b0e4-0c92d32c309a,1048576:15:AES-128:decrypt,2,2,AES-128,software,CBC,1048576,15,decrypt,4673500,0,0.0,0.0046735,224.36632074462395
c7f01d62-d138-421b-b0e4-0c92d32c309a,1048576:15:AES-128:decrypt,2,3,AES-128,aesni,CBC,1048576,15,decrypt,2353400,0,0.0,0.0023534,445.55791620633977
c7f01d62-d138-421b-b0e4-0c92d32c309a,1048576:16:AES-256:encrypt,0,0,AES-256,aesni,CBC,1048576,16,encrypt,2235300,0,0.0,0.0022353,469.09855500380263
c7f01d62-d138-421b-b0e4-0c92d32c309a,1048576:16:AES-256:decrypt,0,1,AES-256,software,CBC,1048576,16,decrypt,6188600,0,0.0,0.0061886,169.43670620172574
c7f01d62-d138-421b-b0e4-0c92d32c309a,1048576:16:AES-256:encrypt,0,2,AES-256,software,CBC,1048576,16,encrypt,6489500,15625000,2.4077355728484475,0.0064895,161.58039910624856
c7f01d62-d138-421b-b0e4-0c92d32c309a,1048576:16:AES-256:decrypt,0,3,AES-256,aesni,CBC,1048576,16,decrypt,2266300,0,0.0,0.0022663,462.6819044257159
c7f01d62-d138-421b-b0e4-0c92d32c309a,1048576:16:AES-192:encrypt,1,0,AES-192,software,CBC,1048576,16,encrypt,6089300,15625000,2.5659763848061354,0.0060893,172.1997602351666
c7f01d62-d138-421b-b0e4-0c92d32c309a,1048576:16:AES-192:decrypt,1,1,AES-192,aesni,CBC,1048576,16,decrypt,2103900,0,0.0,0.0021039,498.3963116117686
c7f01d62-d138-421b-b0e4-0c92d32c309a,1048576:16:AES-192:decrypt,1,2,AES-192,software,CBC,1048576,16,decrypt,5428000,0,0.0,0.005428,193.17907148120855
c7f01d62-d138-421b-b0e4-0c92d32c309a,1048576:16:AES-192:encrypt,1,3,AES-192,aesni,CBC,1048576,16,encrypt,2201800,0,0.0,0.0022018,476.2358070669452
c7f01d62-d138-421b-b0e4-0c92d32c309a,1048576:16:AES-128:encrypt,2,0,AES-128,software,CBC,1048576,16,encrypt,4838400,0,0.0,0.0048384,216.7195767195767
c7f01d62-d138-421b-b0e4-0c92d32c309a,1048576:16:AES-128:decrypt,2,1,AES-128,software,CBC,1048576,16,decrypt,4795900,0,0.0,0.0047959,218.64008840884924
c7f01d62-d138-421b-b0e4-0c92d32c309a,1048576:16:AES-128:encrypt,2,2,AES-128,aesni,CBC,1048576,16,encrypt,2117800,15625000,7.377939371045424,0.0021178,495.12512985173294
c7f01d62-d138-421b-b0e4-0c92d32c309a,1048576:16:AES-128:decrypt,2,3,AES-128,aesni,CBC,1048576,16,decrypt,2265800,0,0.0,0.0022658,462.78400564921884
c7f01d62-d138-421b-b0e4-0c92d32c309a,1048576:17:AES-128:encrypt,0,0,AES-128,aesni,CBC,1048576,17,encrypt,2067200,0,0.0,0.0020672,507.24458204334366
c7f01d62-d138-421b-b0e4-0c92d32c309a,1048576:17:AES-128:decrypt,0,1,AES-128,software,CBC,1048576,17,decrypt,4877000,0,0.0,0.004877,215.00430592577405
c7f01d62-d138-421b-b0e4-0c92d32c309a,1048576:17:AES-128:encrypt,0,2,AES-128,software,CBC,1048576,17,encrypt,5036500,0,0.0,0.0050365,208.19537377146827
c7f01d62-d138-421b-b0e4-0c92d32c309a,1048576:17:AES-128:decrypt,0,3,AES-128,aesni,CBC,1048576,17,decrypt,1908600,0,0.0,0.0019086,549.3953683328094
c7f01d62-d138-421b-b0e4-0c92d32c309a,1048576:17:AES-192:encrypt,1,0,AES-192,software,CBC,1048576,17,encrypt,5574900,15625000,2.80274085633823,0.0055749,188.08875495524583
c7f01d62-d138-421b-b0e4-0c92d32c309a,1048576:17:AES-192:decrypt,1,1,AES-192,software,CBC,1048576,17,decrypt,5617400,0,0.0,0.0056174,186.66571723573185
c7f01d62-d138-421b-b0e4-0c92d32c309a,1048576:17:AES-192:encrypt,1,2,AES-192,aesni,CBC,1048576,17,encrypt,2142000,0,0.0,0.002142,489.531279178338
c7f01d62-d138-421b-b0e4-0c92d32c309a,1048576:17:AES-192:decrypt,1,3,AES-192,aesni,CBC,1048576,17,decrypt,2094400,0,0.0,0.0020944,500.6569900687548
c7f01d62-d138-421b-b0e4-0c92d32c309a,1048576:17:AES-256:decrypt,2,0,AES-256,software,CBC,1048576,17,decrypt,6432400,0,0.0,0.0064324,163.01473788943474
c7f01d62-d138-421b-b0e4-0c92d32c309a,1048576:17:AES-256:decrypt,2,1,AES-256,aesni,CBC,1048576,17,decrypt,2255500,0,0.0,0.0022555,464.8973620039902
c7f01d62-d138-421b-b0e4-0c92d32c309a,1048576:17:AES-256:encrypt,2,2,AES-256,aesni,CBC,1048576,17,encrypt,2268200,0,0.0,0.0022682,462.2943303059695
c7f01d62-d138-421b-b0e4-0c92d32c309a,1048576:17:AES-256:encrypt,2,3,AES-256,software,CBC,1048576,17,encrypt,6224100,0,0.0,0.0062241,168.47030092704165
c7f01d62-d138-421b-b0e4-0c92d32c309a,1048576:18:AES-256:decrypt,0,0,AES-256,aesni,CBC,1048576,18,decrypt,2196000,15625000,7.115209471766849,0.002196,477.4936247723133
c7f01d62-d138-421b-b0e4-0c92d32c309a,1048576:18:AES-256:encrypt,0,1,AES-256,software,CBC,1048576,18,encrypt,6057300,0,0.0,0.0060573,173.10947121654863
c7f01d62-d138-421b-b0e4-0c92d32c309a,1048576:18:AES-256:encrypt,0,2,AES-256,aesni,CBC,1048576,18,encrypt,2481800,0,0.0,0.0024818,422.50624546699976
c7f01d62-d138-421b-b0e4-0c92d32c309a,1048576:18:AES-256:decrypt,0,3,AES-256,software,CBC,1048576,18,decrypt,6261700,0,0.0,0.0062617,167.45867735598958
c7f01d62-d138-421b-b0e4-0c92d32c309a,1048576:18:AES-128:encrypt,1,0,AES-128,software,CBC,1048576,18,encrypt,4986000,0,0.0,0.004986,210.30405134376252
c7f01d62-d138-421b-b0e4-0c92d32c309a,1048576:18:AES-128:decrypt,1,1,AES-128,aesni,CBC,1048576,18,decrypt,2182200,0,0.0,0.0021822,480.5132435157181
c7f01d62-d138-421b-b0e4-0c92d32c309a,1048576:18:AES-128:decrypt,1,2,AES-128,software,CBC,1048576,18,decrypt,4756800,15625000,3.2847712748065927,0.0047568,220.43726875210226
c7f01d62-d138-421b-b0e4-0c92d32c309a,1048576:18:AES-128:encrypt,1,3,AES-128,aesni,CBC,1048576,18,encrypt,2000500,0,0.0,0.0020005,524.1569607598101
c7f01d62-d138-421b-b0e4-0c92d32c309a,1048576:18:AES-192:encrypt,2,0,AES-192,aesni,CBC,1048576,18,encrypt,2332700,0,0.0,0.0023327,449.5117246109658
c7f01d62-d138-421b-b0e4-0c92d32c309a,1048576:18:AES-192:decrypt,2,1,AES-192,software,CBC,1048576,18,decrypt,5592200,15625000,2.794070312220593,0.0055922,187.50688458924932
c7f01d62-d138-421b-b0e4-0c92d32c309a,1048576:18:AES-192:decrypt,2,2,AES-192,aesni,CBC,1048576,18,decrypt,2105800,0,0.0,0.0021058,497.9466236109792
c7f01d62-d138-421b-b0e4-0c92d32c309a,1048576:18:AES-192:encrypt,2,3,AES-192,software,CBC,1048576,18,encrypt,5273900,0,0.0,0.0052739,198.82364094882345
c7f01d62-d138-421b-b0e4-0c92d32c309a,1048576:19:AES-192:decrypt,0,0,AES-192,software,CBC,1048576,19,decrypt,5464300,15625000,2.8594696484453634,0.0054643,191.8957597496477
c7f01d62-d138-421b-b0e4-0c92d32c309a,1048576:19:AES-192:encrypt,0,1,AES-192,software,CBC,1048576,19,encrypt,5326500,0,0.0,0.0053265,196.86022716605652
c7f01d62-d138-421b-b0e4-0c92d32c309a,1048576:19:AES-192:decrypt,0,2,AES-192,aesni,CBC,1048576,19,decrypt,2294700,0,0.0,0.0022947,456.95559332374603
c7f01d62-d138-421b-b0e4-0c92d32c309a,1048576:19:AES-192:encrypt,0,3,AES-192,aesni,CBC,1048576,19,encrypt,2238500,15625000,6.980120616484252,0.0022385,468.42796515523787
c7f01d62-d138-421b-b0e4-0c92d32c309a,1048576:19:AES-128:decrypt,1,0,AES-128,aesni,CBC,1048576,19,decrypt,1900800,0,0.0,0.0019008,551.6498316498316
c7f01d62-d138-421b-b0e4-0c92d32c309a,1048576:19:AES-128:decrypt,1,1,AES-128,software,CBC,1048576,19,decrypt,4767900,0,0.0,0.0047679,219.92407558883366
c7f01d62-d138-421b-b0e4-0c92d32c309a,1048576:19:AES-128:encrypt,1,2,AES-128,aesni,CBC,1048576,19,encrypt,2157300,0,0.0,0.0021573,486.05942613452
c7f01d62-d138-421b-b0e4-0c92d32c309a,1048576:19:AES-128:encrypt,1,3,AES-128,software,CBC,1048576,19,encrypt,5551300,15625000,2.8146560265163116,0.0055513,188.88836849026353
c7f01d62-d138-421b-b0e4-0c92d32c309a,1048576:19:AES-256:encrypt,2,0,AES-256,software,CBC,1048576,19,encrypt,6151600,15625000,2.5399895962026138,0.0061516,170.45581637297613
c7f01d62-d138-421b-b0e4-0c92d32c309a,1048576:19:AES-256:decrypt,2,1,AES-256,software,CBC,1048576,19,decrypt,6175400,0,0.0,0.0061754,169.7988794248146
c7f01d62-d138-421b-b0e4-0c92d32c309a,1048576:19:AES-256:encrypt,2,2,AES-256,aesni,CBC,1048576,19,encrypt,2257700,0,0.0,0.0022577,464.44434601585687
c7f01d62-d138-421b-b0e4-0c92d32c309a,1048576:19:AES-256:decrypt,2,3,AES-256,aesni,CBC,1048576,19,decrypt,2249300,0,0.0,0.0022493,466.1788111857022
c7f01d62-d138-421b-b0e4-0c92d32c309a,10485760:0:AES-128:decrypt,0,0,AES-128,software,CBC,10485760,0,decrypt,51345400,46875000,0.9129347517012235,0.0513454,204.22004697597058
c7f01d62-d138-421b-b0e4-0c92d32c309a,10485760:0:AES-128:encrypt,0,1,AES-128,aesni,CBC,10485760,0,encrypt,22045600,15625000,0.7087582102551075,0.0220456,475.6395834089342
c7f01d62-d138-421b-b0e4-0c92d32c309a,10485760:0:AES-128:encrypt,0,2,AES-128,software,CBC,10485760,0,encrypt,49467300,46875000,0.9475956844218302,0.0494673,211.97356637617173
c7f01d62-d138-421b-b0e4-0c92d32c309a,10485760:0:AES-128:decrypt,0,3,AES-128,aesni,CBC,10485760,0,decrypt,19572900,31250000,1.596595292470712,0.0195729,535.7284817272862
c7f01d62-d138-421b-b0e4-0c92d32c309a,10485760:0:AES-192:encrypt,1,0,AES-192,aesni,CBC,10485760,0,encrypt,20578100,31250000,1.5186047302715022,0.0205781,509.5591915677346
c7f01d62-d138-421b-b0e4-0c92d32c309a,10485760:0:AES-192:decrypt,1,1,AES-192,aesni,CBC,10485760,0,decrypt,21806300,15625000,0.7165360469222197,0.0218063,480.85920124000864
c7f01d62-d138-421b-b0e4-0c92d32c309a,10485760:0:AES-192:decrypt,1,2,AES-192,software,CBC,10485760,0,decrypt,59209700,62500000,1.0555702866253334,0.0592097,177.09530701895127
c7f01d62-d138-421b-b0e4-0c92d32c309a,10485760:0:AES-192:encrypt,1,3,AES-192,software,CBC,10485760,0,encrypt,83174200,93750000,1.1271524102425994,0.0831742,126.06986301040467
c7f01d62-d138-421b-b0e4-0c92d32c309a,10485760:0:AES-256:decrypt,2,0,AES-256,aesni,CBC,10485760,0,decrypt,32104800,46875000,1.4600620467967407,0.0321048,326.610351100147
c7f01d62-d138-421b-b0e4-0c92d32c309a,10485760:0:AES-256:encrypt,2,1,AES-256,aesni,CBC,10485760,0,encrypt,26400400,15625000,0.5918470932258603,0.0264004,397.1818608808957
c7f01d62-d138-421b-b0e4-0c92d32c309a,10485760:0:AES-256:encrypt,2,2,AES-256,software,CBC,10485760,0,encrypt,64472300,78125000,1.2117607096380927,0.0644723,162.6397693272925
c7f01d62-d138-421b-b0e4-0c92d32c309a,10485760:0:AES-256:decrypt,2,3,AES-256,software,CBC,10485760,0,decrypt,62352700,62500000,1.0023623676280258,0.0623527,168.16849951966796
c7f01d62-d138-421b-b0e4-0c92d32c309a,10485760:1:AES-128:encrypt,0,0,AES-128,software,CBC,10485760,1,encrypt,48638900,46875000,0.9637347884100997,0.0486389,215.58382282494054
c7f01d62-d138-421b-b0e4-0c92d32c309a,10485760:1:AES-128:decrypt,0,1,AES-128,aesni,CBC,10485760,1,decrypt,19308500,15625000,0.8092290959939923,0.0193085,543.0644534790378
c7f01d62-d138-421b-b0e4-0c92d32c309a,10485760:1:AES-128:encrypt,0,2,AES-128,aesni,CBC,10485760,1,encrypt,20292700,31250000,1.5399626466660425,0.0202927,516.7257191009575
c7f01d62-d138-421b-b0e4-0c92d32c309a,10485760:1:AES-128:decrypt,0,3,AES-128,software,CBC,10485760,1,decrypt,49803600,46875000,0.9411970219020311,0.0498036,210.54220980009478
c7f01d62-d138-421b-b0e4-0c92d32c309a,10485760:1:AES-256:decrypt,1,0,AES-256,software,CBC,10485760,1,decrypt,70987900,78125000,1.1005396694366223,0.0709879,147.71193400565448
c7f01d62-d138-421b-b0e4-0c92d32c309a,10485760:1:AES-256:encrypt,1,1,AES-256,software,CBC,10485760,1,encrypt,66980300,62500000,0.9331101831434019,0.0669803,156.5499109439641
c7f01d62-d138-421b-b0e4-0c92d32c309a,10485760:1:AES-256:decrypt,1,2,AES-256,aesni,CBC,10485760,1,decrypt,22093100,31250000,1.4144687707926908,0.0220931,474.61696185686935
c7f01d62-d138-421b-b0e4-0c92d32c309a,10485760:1:AES-256:encrypt,1,3,AES-256,aesni,CBC,10485760,1,encrypt,22773100,15625000,0.6861165146598399,0.0227731,460.44499870461203
c7f01d62-d138-421b-b0e4-0c92d32c309a,10485760:1:AES-192:encrypt,2,0,AES-192,aesni,CBC,10485760,1,encrypt,20619400,15625000,0.7577815067363745,0.0206194,508.5385607728644
c7f01d62-d138-421b-b0e4-0c92d32c309a,10485760:1:AES-192:decrypt,2,1,AES-192,aesni,CBC,10485760,1,decrypt,20678300,31250000,1.511246088895122,0.0206783,507.09004125097323
c7f01d62-d138-421b-b0e4-0c92d32c309a,10485760:1:AES-192:decrypt,2,2,AES-192,software,CBC,10485760,1,decrypt,55106600,46875000,0.8506240631793651,0.0551066,190.28138190343807
c7f01d62-d138-421b-b0e4-0c92d32c309a,10485760:1:AES-192:encrypt,2,3,AES-192,software,CBC,10485760,1,encrypt,81683400,78125000,0.9564366811371711,0.0816834,128.37075831809156
c7f01d62-d138-421b-b0e4-0c92d32c309a,10485760:2:AES-128:decrypt,0,0,AES-128,software,CBC,10485760,2,decrypt,47616000,46875000,0.9844380040322581,0.047616,220.21505376344086
c7f01d62-d138-421b-b0e4-0c92d32c309a,10485760:2:AES-128:decrypt,0,1,AES-128,aesni,CBC,10485760,2,decrypt,18705500,15625000,0.8353158162037904,0.0187055,560.5709550666916
c7f01d62-d138-421b-b0e4-0c92d32c309a,10485760:2:AES-128:encrypt,0,2,AES-128,software,CBC,10485760,2,encrypt,47089600,46875000,0.9954427304542829,0.0470896,222.6767693928171
c7f01d62-d138-421b-b0e4-0c92d32c309a,10485760:2:AES-128:encrypt,0,3,AES-128,aesni,CBC,10485760,2,encrypt,19730800,15625000,0.7919090964380562,0.0197308,531.441198532244
c7f01d62-d138-421b-b0e4-0c92d32c309a,10485760:2:AES-192:decrypt,1,0,AES-192,aesni,CBC,10485760,2,decrypt,19700900,31250000,1.5862219492510494,0.0197009,532.247765330518
c7f01d62-d138-421b-b0e4-0c92d32c309a,10485760:2:AES-192:encrypt,1,1,AES-192,aesni,CBC,10485760,2,encrypt,20495700,15625000,0.7623550305673873,0.0204957,511.60780066062637
c7f01d62-d138-421b-b0e4-0c92d32c309a,10485760:2:AES-192:decrypt,1,2,AES-192,software,CBC,10485760,2,decrypt,55284000,62500000,1.1305260111424644,0.055284,189.67079082555531
c7f01d62-d138-421b-b0e4-0c92d32c309a,10485760:2:AES-192:encrypt,1,3,AES-192,software,CBC,10485760,2,encrypt,55937600,46875000,0.8379873287377363,0.0559376,187.4545922599468
c7f01d62-d138-421b-b0e4-0c92d32c309a,10485760:2:AES-256:decrypt,2,0,AES-256,aesni,CBC,10485760,2,decrypt,21794200,31250000,1.4338677262757982,0.0217942,481.1261711831588
c7f01d62-d138-421b-b0e4-0c92d32c309a,10485760:2:AES-256:encrypt,2,1,AES-256,software,CBC,10485760,2,encrypt,59661600,62500000,1.0475749896080562,0.0596616,175.75391876852112
c7f01d62-d138-421b-b0e4-0c92d32c309a,10485760:2:AES-256:decrypt,2,2,AES-256,software,CBC,10485760,2,decrypt,61636000,62500000,1.014017781815822,0.061636,170.12395353364917
c7f01d62-d138-421b-b0e4-0c92d32c309a,10485760:2:AES-256:encrypt,2,3,AES-256,aesni,CBC,10485760,2,encrypt,21741600,15625000,0.7186683592743864,0.0217416,482.2901718364794
c7f01d62-d138-421b-b0e4-0c92d32c309a,10485760:3:AES-192:decrypt,0,0,AES-192,aesni,CBC,10485760,3,decrypt,20273800,15625000,0.7706991289250166,0.0202738,517.207430279474
c7f01d62-d138-421b-b0e4-0c92d32c309a,10485760:3:AES-192:decrypt,0,1,AES-192,software,CBC,10485760,3,decrypt,52396600,62500000,1.1928254886767462,0.0523966,200.12290873835326
c7f01d62-d138-421b-b0e4-0c92d32c309a,10485760:3:AES-192:encrypt,0,2,AES-192,software,CBC,10485760,3,encrypt,50273500,46875000,0.9323997732403752,0.0502735,208.57429858673058
c7f01d62-d138-421b-b0e4-0c92d32c309a,10485760:3:AES-192:encrypt,0,3,AES-192,aesni,CBC,10485760,3,encrypt,19137800,15625000,0.8164470315292249,0.0191378,547.9083280209846
c7f01d62-d138-421b-b0e4-0c92d32c309a,10485760:3:AES-256:encrypt,1,0,AES-256,aesni,CBC,10485760,3,encrypt,21154500,31250000,1.4772270675270036,0.0211545,495.67515185894257
c7f01d62-d138-421b-b0e4-0c92d32c309a,10485760:3:AES-256:encrypt,1,1,AES-256,software,CBC,10485760,3,encrypt,62424500,62500000,1.0012094610289228,0.0624245,167.97507388925823
c7f01d62-d138-421b-b0e4-0c92d32c309a,10485760:3:AES-256:decrypt,1,2,AES-256,software,CBC,10485760,3,decrypt,61719300,62500000,1.012649203733678,0.0617193,169.89434423267923
c7f01d62-d138-421b-b0e4-0c92d32c309a,10485760:3:AES-256:decrypt,1,3,AES-256,aesni,CBC,10485760,3,decrypt,22276300,15625000,0.7014180990559473,0.0222763,470.713718166841
c7f01d62-d138-421b-b0e4-0c92d32c309a,10485760:3:AES-128:decrypt,2,0,AES-128,aesni,CBC,10485760,3,decrypt,20494300,31250000,1.5248142166358452,0.0204943,511.6427494474073
c7f01d62-d138-421b-b0e4-0c92d32c309a,10485760:3:AES-128:encrypt,2,1,AES-128,software,CBC,10485760,3,encrypt,47333800,46875000,0.9903071378169511,0.0473338,221.52795676662342
c7f01d62-d138-421b-b0e4-0c92d32c309a,10485760:3:AES-128:decrypt,2,2,AES-128,software,CBC,10485760,3,decrypt,46800500,46875000,1.0015918633347933,0.0468005,224.0523071334708
c7f01d62-d138-421b-b0e4-0c92d32c309a,10485760:3:AES-128:encrypt,2,3,AES-128,aesni,CBC,10485760,3,encrypt,19194000,15625000,0.8140564759820778,0.019194,546.3040533500052
c7f01d62-d138-421b-b0e4-0c92d32c309a,10485760:4:AES-128:encrypt,0,0,AES-128,aesni,CBC,10485760,4,encrypt,19272000,31250000,1.6215234537152345,0.019272,544.0929846409299
c7f01d62-d138-421b-b0e4-0c92d32c309a,10485760:4:AES-128:encrypt,0,1,AES-128,software,CBC,10485760,4,encrypt,45790100,46875000,1.0236928943155834,0.0457901,228.99622407463622
c7f01d62-d138-421b-b0e4-0c92d32c309a,10485760:4:AES-128:decrypt,0,2,AES-128,software,CBC,10485760,4,decrypt,45299200,46875000,1.0347864862955638,0.0452992,231.47781859282284
c7f01d62-d138-421b-b0e4-0c92d32c309a,10485760:4:AES-128:decrypt,0,3,AES-128,aesni,CBC,10485760,4,decrypt,18358300,15625000,0.8511136652086522,0.0183583,571.1727120702898
c7f01d62-d138-421b-b0e4-0c92d32c309a,10485760:4:AES-192:encrypt,1,0,AES-192,software,CBC,10485760,4,encrypt,51131400,46875000,0.9167556530820592,0.0511314,205.07476814638363
c7f01d62-d138-421b-b0e4-0c92d32c309a,10485760:4:AES-192:decrypt,1,1,AES-192,aesni,CBC,10485760,4,decrypt,20857600,15625000,0.7491274163853943,0.0208576,502.730899048788
c7f01d62-d138-421b-b0e4-0c92d32c309a,10485760:4:AES-192:encrypt,1,2,AES-192,aesni,CBC,10485760,4,encrypt,21035400,15625000,0.7427954780988238,0.0210354,498.4816071954895
c7f01d62-d138-421b-b0e4-0c92d32c309a,10485760:4:AES-192:decrypt,1,3,AES-192,software,CBC,10485760,4,decrypt,52593800,46875000,0.8912647498374333,0.0525938,199.37254961611444
c7f01d62-d138-421b-b0e4-0c92d32c309a,10485760:4:AES-256:decrypt,2,0,AES-256,aesni,CBC,10485760,4,decrypt,23209200,31250000,1.3464488220188546,0.0232092,451.7932543991176
c7f01d62-d138-421b-b0e4-0c92d32c309a,10485760:4:AES-256:decrypt,2,1,AES-256,software,CBC,10485760,4,decrypt,59405000,62500000,1.0520999915832001,0.059405,176.5130881238953
c7f01d62-d138-421b-b0e4-0c92d32c309a,10485760:4:AES-256:encrypt,2,2,AES-256,software,CBC,10485760,4,encrypt,57155600,46875000,0.8201296110967254,0.0571556,183.45988844487678
c7f01d62-d138-421b-b0e4-0c92d32c309a,10485760:4:AES-256:encrypt,2,3,AES-256,aesni,CBC,10485760,4,encrypt,21525000,15625000,0.7259001161440186,0.021525,487.1433217189315
c7f01d62-d138-421b-b0e4-0c92d32c309a,10485760:5:AES-128:encrypt,0,0,AES-128,software,CBC,10485760,5,encrypt,44509900,46875000,1.0531364932295961,0.0445099,235.58264565860628
c7f01d62-d138-421b-b0e4-0c92d32c309a,10485760:5:AES-128:encrypt,0,1,AES-128,aesni,CBC,10485760,5,encrypt,20761200,15625000,0.7526058223994759,0.0207612,505.06521781014584
c7f01d62-d138-421b-b0e4-0c92d32c309a,10485760:5:AES-128:decrypt,0,2,AES-128,aesni,CBC,10485760,5,decrypt,18069000,15625000,0.8647407161436714,0.018069,580.3176711494825
c7f01d62-d138-421b-b0e4-0c92d32c309a,10485760:5:AES-128:decrypt,0,3,AES-128,software,CBC,10485760,5,decrypt,45315300,31250000,0.6896125591135885,0.0453153,231.39557721122887
c7f01d62-d138-421b-b0e4-0c92d32c309a,10485760:5:AES-256:encrypt,1,0,AES-256,aesni,CBC,10485760,5,encrypt,22552100,15625000,0.6928401346216095,0.0225521,464.95714368063284
c7f01d62-d138-421b-b0e4-0c92d32c309a,10485760:5:AES-256:decrypt,1,1,AES-256,software,CBC,10485760,5,decrypt,59968100,62500000,1.0422207807150803,0.0599681,174.85563157745534
c7f01d62-d138-421b-b0e4-0c92d32c309a,10485760:5:AES-256:decrypt,1,2,AES-256,aesni,CBC,10485760,5,decrypt,21727500,15625000,0.7191347370843402,0.0217275,482.6031526866874
c7f01d62-d138-421b-b0e4-0c92d32c309a,10485760:5:AES-256:encrypt,1,3,AES-256,software,CBC,10485760,5,encrypt,58597900,62500000,1.0665911235726877,0.0585979,178.94429663861675
c7f01d62-d138-421b-b0e4-0c92d32c309a,10485760:5:AES-192:encrypt,2,0,AES-192,aesni,CBC,10485760,5,encrypt,21211800,15625000,0.7366182973627886,0.0212118,494.33617137630944
c7f01d62-d138-421b-b0e4-0c92d32c309a,10485760:5:AES-192:encrypt,2,1,AES-192,software,CBC,10485760,5,encrypt,50320600,46875000,0.9315270485646038,0.0503206,208.37907338147795
c7f01d62-d138-421b-b0e4-0c92d32c309a,10485760:5:AES-192:decrypt,2,2,AES-192,software,CBC,10485760,5,decrypt,51154100,62500000,1.221798448218227,0.0511541,204.98376474222007
c7f01d62-d138-421b-b0e4-0c92d32c309a,10485760:5:AES-192:decrypt,2,3,AES-192,aesni,CBC,10485760,5,decrypt,20383300,15625000,0.7665588987062939,0.0203833,514.4289688127045
c7f01d62-d138-421b-b0e4-0c92d32c309a,10485760:6:AES-256:encrypt,0,0,AES-256,software,CBC,10485760,6,encrypt,59627700,62500000,1.048170565022632,0.0596277,175.85383974226744
c7f01d62-d138-421b-b0e4-0c92d32c309a,10485760:6:AES-256:encrypt,0,1,AES-256,aesni,CBC,10485760,6,encrypt,22058900,31250000,1.4166617555725807,0.0220589,475.3528054436078
c7f01d62-d138-421b-b0e4-0c92d32c309a,10485760:6:AES-256:decrypt,0,2,AES-256,aesni,CBC,10485760,6,decrypt,21977500,15625000,0.7109543851666477,0.0219775,477.1134114435218
c7f01d62-d138-421b-b0e4-0c92d32c309a,10485760:6:AES-256:decrypt,0,3,AES-256,software,CBC,10485760,6,decrypt,77030300,78125000,1.01421129088164,0.0770303,136.12513517408084
c7f01d62-d138-421b-b0e4-0c92d32c309a,10485760:6:AES-192:encrypt,1,0,AES-192,aesni,CBC,10485760,6,encrypt,20206000,15625000,0.7732851628229239,0.020206,518.9428882510146
c7f01d62-d138-421b-b0e4-0c92d32c309a,10485760:6:AES-192:encrypt,1,1,AES-192,software,CBC,10485760,6,encrypt,95832800,62500000,0.6521775425532803,0.0958328,109.41723501765576
c7f01d62-d138-421b-b0e4-0c92d32c309a,10485760:6:AES-192:decrypt,1,2,AES-192,aesni,CBC,10485760,6,decrypt,24343100,15625000,0.6418656621383472,0.0243431,430.74875426712293
c7f01d62-d138-421b-b0e4-0c92d32c309a,10485760:6:AES-192:decrypt,1,3,AES-192,software,CBC,10485760,6,decrypt,54248600,62500000,1.1521034644212016,0.0542486,193.29088676942814
c7f01d62-d138-421b-b0e4-0c92d32c309a,10485760:6:AES-128:encrypt,2,0,AES-128,aesni,CBC,10485760,6,encrypt,19696400,15625000,0.7932921752198371,0.0196964,532.3693669909222
c7f01d62-d138-421b-b0e4-0c92d32c309a,10485760:6:AES-128:decrypt,2,1,AES-128,aesni,CBC,10485760,6,decrypt,18501200,15625000,0.8445398136337102,0.0185012,566.7610749573
c7f01d62-d138-421b-b0e4-0c92d32c309a,10485760:6:AES-128:decrypt,2,2,AES-128,software,CBC,10485760,6,decrypt,46807500,46875000,1.00144207659029,0.0468075,224.01880040591786
c7f01d62-d138-421b-b0e4-0c92d32c309a,10485760:6:AES-128:encrypt,2,3,AES-128,software,CBC,10485760,6,encrypt,46603100,46875000,1.0058343758247843,0.0466031,225.0013411125011
c7f01d62-d138-421b-b0e4-0c92d32c309a,10485760:7:AES-192:encrypt,0,0,AES-192,software,CBC,10485760,7,encrypt,52009000,62500000,1.20171508777327,0.052009,201.6143359803111
c7f01d62-d138-421b-b0e4-0c92d32c309a,10485760:7:AES-192:decrypt,0,1,AES-192,aesni,CBC,10485760,7,decrypt,20501200,15625000,0.762150508262931,0.0205012,511.4705480654791
c7f01d62-d138-421b-b0e4-0c92d32c309a,10485760:7:AES-192:decrypt,0,2,AES-192,software,CBC,10485760,7,decrypt,52559700,46875000,0.891842989971404,0.0525597,199.50189974448105
c7f01d62-d138-421b-b0e4-0c92d32c309a,10485760:7:AES-192:encrypt,0,3,AES-192,aesni,CBC,10485760,7,encrypt,20626200,15625000,0.75753168300511,0.0206262,508.3709069048104
c7f01d62-d138-421b-b0e4-0c92d32c309a,10485760:7:AES-256:encrypt,1,0,AES-256,aesni,CBC,10485760,7,encrypt,22247800,15625000,0.7023166335547785,0.0222478,471.3167144616546
c7f01d62-d138-421b-b0e4-0c92d32c309a,10485760:7:AES-256:decrypt,1,1,AES-256,aesni,CBC,10485760,7,decrypt,21886500,31250000,1.4278208027779682,0.0218865,479.09716034998746
c7f01d62-d138-421b-b0e4-0c92d32c309a,10485760:7:AES-256:decrypt,1,2,AES-256,software,CBC,10485760,7,decrypt,84159400,78125000,0.9282979679037636,0.0841594,124.59404415906008
c7f01d62-d138-421b-b0e4-0c92d32c309a,10485760:7:AES-256:encrypt,1,3,AES-256,software,CBC,10485760,7,encrypt,64349200,78125000,1.2140788075065425,0.0643492,162.95089915647748
c7f01d62-d138-421b-b0e4-0c92d32c309a,10485760:7:AES-128:decrypt,2,0,AES-128,aesni,CBC,10485760,7,decrypt,18761800,15625000,0.8328092187316782,0.0187618,558.8888059781044
c7f01d62-d138-421b-b0e4-0c92d32c309a,10485760:7:AES-128:encrypt,2,1,AES-128,aesni,CBC,10485760,7,encrypt,19888300,15625000,0.7856377870406219,0.0198883,527.2325940377006
c7f01d62-d138-421b-b0e4-0c92d32c309a,10485760:7:AES-128:encrypt,2,2,AES-128,software,CBC,10485760,7,encrypt,46548700,46875000,1.0070098627888642,0.0465487,225.2642930951885
c7f01d62-d138-421b-b0e4-0c92d32c309a,10485760:7:AES-128:decrypt,2,3,AES-128,software,CBC,10485760,7,decrypt,45861000,46875000,1.0221102897887093,0.045861,228.64220143477027
c7f01d62-d138-421b-b0e4-0c92d32c309a,10485760:8:AES-256:decrypt,0,0,AES-256,aesni,CBC,10485760,8,decrypt,21957000,31250000,1.4232363255453842,0.021957,477.55886505442453
c7f01d62-d138-421b-b0e4-0c92d32c309a,10485760:8:AES-256:encrypt,0,1,AES-256,software,CBC,10485760,8,encrypt,57155000,46875000,0.8201382206281165,0.057155,183.46181436444755
c7f01d62-d138-421b-b0e4-0c92d32c309a,10485760:8:AES-256:decrypt,0,2,AES-256,software,CBC,10485760,8,decrypt,58938600,46875000,0.7953191965876353,0.0589386,177.90989266796294
c7f01d62-d138-421b-b0e4-0c92d32c309a,10485760:8:AES-256:encrypt,0,3,AES-256,aesni,CBC,10485760,8,encrypt,20611000,15625000,0.7580903401096502,0.020611,508.7458153413226
c7f01d62-d138-421b-b0e4-0c92d32c309a,10485760:8:AES-128:encrypt,1,0,AES-128,software,CBC,10485760,8,encrypt,46004000,46875000,1.018933136249022,0.046004,227.9314842187636
c7f01d62-d138-421b-b0e4-0c92d32c309a,10485760:8:AES-128:decrypt,1,1,AES-128,aesni,CBC,10485760,8,decrypt,18542800,15625000,0.8426451237137865,0.0185428,565.4895700757168
c7f01d62-d138-421b-b0e4-0c92d32c309a,10485760:8:AES-128:encrypt,1,2,AES-128,aesni,CBC,10485760,8,encrypt,19718300,31250000,1.584822220982539,0.0197183,531.7780944604758
c7f01d62-d138-421b-b0e4-0c92d32c309a,10485760:8:AES-128:decrypt,1,3,AES-128,software,CBC,10485760,8,decrypt,46478100,46875000,1.0085395057026858,0.0464781,225.60646842276256
c7f01d62-d138-421b-b0e4-0c92d32c309a,10485760:8:AES-192:decrypt,2,0,AES-192,aesni,CBC,10485760,8,decrypt,23254300,31250000,1.3438374838201967,0.0232543,450.9170346989589
c7f01d62-d138-421b-b0e4-0c92d32c309a,10485760:8:AES-192:encrypt,2,1,AES-192,software,CBC,10485760,8,encrypt,50805900,46875000,0.9226290647346076,0.0508059,206.38862809240658
c7f01d62-d138-421b-b0e4-0c92d32c309a,10485760:8:AES-192:decrypt,2,2,AES-192,software,CBC,10485760,8,decrypt,52509700,46875000,0.8926922073445478,0.0525097,199.6918664551502
c7f01d62-d138-421b-b0e4-0c92d32c309a,10485760:8:AES-192:encrypt,2,3,AES-192,aesni,CBC,10485760,8,encrypt,20049000,15625000,0.7793406154920445,0.020049,523.006633747319
c7f01d62-d138-421b-b0e4-0c92d32c309a,10485760:9:AES-192:decrypt,0,0,AES-192,software,CBC,10485760,9,decrypt,51691500,62500000,1.209096273081648,0.0516915,202.85269338285792
c7f01d62-d138-421b-b0e4-0c92d32c309a,10485760:9:AES-192:decrypt,0,1,AES-192,aesni,CBC,10485760,9,decrypt,19605300,15625000,0.7969783680943419,0.0196053,534.8431291538512
c7f01d62-d138-421b-b0e4-0c92d32c309a,10485760:9:AES-192:encrypt,0,2,AES-192,aesni,CBC,10485760,9,encrypt,20720200,15625000,0.7540950376926864,0.0207202,506.06461327593365
c7f01d62-d138-421b-b0e4-0c92d32c309a,10485760:9:AES-192:encrypt,0,3,AES-192,software,CBC,10485760,9,encrypt,53169000,62500000,1.1754970001316556,0.053169,197.21567078560815
c7f01d62-d138-421b-b0e4-0c92d32c309a,10485760:9:AES-256:decrypt,1,0,AES-256,aesni,CBC,10485760,9,decrypt,23929000,15625000,0.6529733795812612,0.023929,438.20301725939237
c7f01d62-d138-421b-b0e4-0c92d32c309a,10485760:9:AES-256:encrypt,1,1,AES-256,software,CBC,10485760,9,encrypt,57420800,62500000,1.0884557512260367,0.0574208,182.6125724476148
c7f01d62-d138-421b-b0e4-0c92d32c309a,10485760:9:AES-256:decrypt,1,2,AES-256,software,CBC,10485760,9,decrypt,59218100,62500000,1.055420555539607,0.0592181,177.07018631127983
c7f01d62-d138-421b-b0e4-0c92d32c309a,10485760:9:AES-256:encrypt,1,3,AES-256,aesni,CBC,10485760,9,encrypt,20893600,15625000,0.7478366581154038,0.0208936,501.86468583681125
c7f01d62-d138-421b-b0e4-0c92d32c309a,10485760:9:AES-128:decrypt,2,0,AES-128,software,CBC,10485760,9,decrypt,45455800,46875000,1.0312215382855434,0.0454558,230.68035322225106
c7f01d62-d138-421b-b0e4-0c92d32c309a,10485760:9:AES-128:encrypt,2,1,AES-128,software,CBC,10485760,9,encrypt,50874200,46875000,0.9213904100703303,0.0508742,206.1115457343801
c7f01d62-d138-421b-b0e4-0c92d32c309a,10485760:9:AES-128:decrypt,2,2,AES-128,aesni,CBC,10485760,9,decrypt,17322000,15625000,0.902032097910172,0.017322,605.3434938228842
c7f01d62-d138-421b-b0e4-0c92d32c309a,10485760:9:AES-128:encrypt,2,3,AES-128,aesni,CBC,10485760,9,encrypt,18680300,31250000,1.6728853391005498,0.0186803,561.3271735464634
c7f01d62-d138-421b-b0e4-0c92d32c309a,10485760:10:AES-192:encrypt,0,0,AES-192,software,CBC,10485760,10,encrypt,52926800,46875000,0.8856571717919844,0.0529268,198.1181556413764
c7f01d62-d138-421b-b0e4-0c92d32c309a,10485760:10:AES-192:decrypt,0,1,AES-192,software,CBC,10485760,10,decrypt,52862500,62500000,1.1823126034523528,0.0528625,198.35913927642468
c7f01d62-d138-421b-b0e4-0c92d32c309a,10485760:10:AES-192:decrypt,0,2,AES-192,aesni,CBC,10485760,10,decrypt,20361300,15625000,0.7673871511151056,0.0203613,514.9847995953107
c7f01d62-d138-421b-b0e4-0c92d32c309a,10485760:10:AES-192:encrypt,0,3,AES-192,aesni,CBC,10485760,10,encrypt,21096300,31250000,1.481302408479212,0.0210963,497.04260936751945
c7f01d62-d138-421b-b0e4-0c92d32c309a,10485760:10:AES-256:encrypt,1,0,AES-256,aesni,CBC,10485760,10,encrypt,22272800,15625000,0.7015283215401745,0.0222728,470.78768722387844
c7f01d62-d138-421b-b0e4-0c92d32c309a,10485760:10:AES-256:encrypt,1,1,AES-256,software,CBC,10485760,10,encrypt,59364700,62500000,1.0528142145079484,0.0593647,176.63291484670182
c7f01d62-d138-421b-b0e4-0c92d32c309a,10485760:10:AES-256:decrypt,1,2,AES-256,software,CBC,10485760,10,decrypt,61910400,62500000,1.0095234403266655,0.0619104,169.3699281542358
c7f01d62-d138-421b-b0e4-0c92d32c309a,10485760:10:AES-256:decrypt,1,3,AES-256,aesni,CBC,10485760,10,decrypt,21226200,15625000,0.7361185704459583,0.0212262,494.00081031932234
c7f01d62-d138-421b-b0e4-0c92d32c309a,10485760:10:AES-128:encrypt,2,0,AES-128,software,CBC,10485760,10,encrypt,47111100,46875000,0.9949884422142552,0.0471111,222.57514683376104
c7f01d62-d138-421b-b0e4-0c92d32c309a,10485760:10:AES-128:encrypt,2,1,AES-128,aesni,CBC,10485760,10,encrypt,20159800,15625000,0.775057292235042,0.0201598,520.1321441680969
c7f01d62-d138-421b-b0e4-0c92d32c309a,10485760:10:AES-128:decrypt,2,2,AES-128,aesni,CBC,10485760,10,decrypt,18959300,31250000,1.6482676048166336,0.0189593,553.066832636226
c7f01d62-d138-421b-b0e4-0c92d32c309a,10485760:10:AES-128:decrypt,2,3,AES-128,software,CBC,10485760,10,decrypt,47772400,46875000,0.9812150949083571,0.0477724,219.49410119650676
c7f01d62-d138-421b-b0e4-0c92d32c309a,10485760:11:AES-128:decrypt,0,0,AES-128,software,CBC,10485760,11,decrypt,46479500,46875000,1.008509127679945,0.0464795,225.59967297410685
c7f01d62-d138-421b-b0e4-0c92d32c309a,10485760:11:AES-128:encrypt,0,1,AES-128,aesni,CBC,10485760,11,encrypt,18982500,15625000,0.8231265639404715,0.0189825,552.3908863426841
c7f01d62-d138-421b-b0e4-0c92d32c309a,10485760:11:AES-128:encrypt,0,2,AES-128,software,CBC,10485760,11,encrypt,45798600,46875000,1.0235029018354274,0.0457986,228.95372347626346
c7f01d62-d138-421b-b0e4-0c92d32c309a,10485760:11:AES-128:decrypt,0,3,AES-128,aesni,CBC,10485760,11,decrypt,18347700,15625000,0.851605378330799,0.0183477,571.5026951607014
c7f01d62-d138-421b-b0e4-0c92d32c309a,10485760:11:AES-256:encrypt,1,0,AES-256,software,CBC,10485760,11,encrypt,59020900,46875000,0.7942101865610318,0.0590209,177.66181132446303
c7f01d62-d138-421b-b0e4-0c92d32c309a,10485760:11:AES-256:decrypt,1,1,AES-256,software,CBC,10485760,11,decrypt,59211900,62500000,1.0555310672347957,0.0592119,177.08872709708692
c7f01d62-d138-421b-b0e4-0c92d32c309a,10485760:11:AES-256:decrypt,1,2,AES-256,aesni,CBC,10485760,11,decrypt,20655000,31250000,1.512950859356088,0.020655,507.6620672960542
c7f01d62-d138-421b-b0e4-0c92d32c309a,10485760:11:AES-256:encrypt,1,3,AES-256,aesni,CBC,10485760,11,encrypt,21012500,15625000,0.74360499702558,0.0210125,499.0248661511005
c7f01d62-d138-421b-b0e4-0c92d32c309a,10485760:11:AES-192:encrypt,2,0,AES-192,aesni,CBC,10485760,11,encrypt,22401500,31250000,1.3949958708122223,0.0224015,468.082940874495
c7f01d62-d138-421b-b0e4-0c92d32c309a,10485760:11:AES-192:decrypt,2,1,AES-192,software,CBC,10485760,11,decrypt,52814600,46875000,0.8875386730184457,0.0528146,198.53904034111778
c7f01d62-d138-421b-b0e4-0c92d32c309a,10485760:11:AES-192:decrypt,2,2,AES-192,aesni,CBC,10485760,11,decrypt,20437400,15625000,0.7645297347020659,0.0204374,513.0672199007702
c7f01d62-d138-421b-b0e4-0c92d32c309a,10485760:11:AES-192:encrypt,2,3,AES-192,software,CBC,10485760,11,encrypt,52278500,46875000,0.8966401101791367,0.0522785,200.57499736985568
c7f01d62-d138-421b-b0e4-0c92d32c309a,10485760:12:AES-128:decrypt,0,0,AES-128,aesni,CBC,10485760,12,decrypt,20654500,31250000,1.5129874845675277,0.0206545,507.67435667772156
c7f01d62-d138-421b-b0e4-0c92d32c309a,10485760:12:AES-128:decrypt,0,1,AES-128,software,CBC,10485760,12,decrypt,46461300,46875000,1.0089041847731337,0.0464613,225.6880457499037
c7f01d62-d138-421b-b0e4-0c92d32c309a,10485760:12:AES-128:encrypt,0,2,AES-128,aesni,CBC,10485760,12,encrypt,18963400,15625000,0.8239556197728255,0.0189634,552.9472562937026
c7f01d62-d138-421b-b0e4-0c92d32c309a,10485760:12:AES-128:encrypt,0,3,AES-128,software,CBC,10485760,12,encrypt,46264600,46875000,1.0131936729162254,0.0462646,226.6475880046515
c7f01d62-d138-421b-b0e4-0c92d32c309a,10485760:12:AES-256:encrypt,1,0,AES-256,software,CBC,10485760,12,encrypt,57114600,62500000,1.0942911269622828,0.0571146,183.59158603929643
c7f01d62-d138-421b-b0e4-0c92d32c309a,10485760:12:AES-256:decrypt,1,1,AES-256,software,CBC,10485760,12,decrypt,60694300,62500000,1.0297507344182237,0.0606943,172.76350497493175
c7f01d62-d138-421b-b0e4-0c92d32c309a,10485760:12:AES-256:decrypt,1,2,AES-256,aesni,CBC,10485760,12,decrypt,21395200,15625000,0.7303039934190847,0.0213952,490.09871373018245
c7f01d62-d138-421b-b0e4-0c92d32c309a,10485760:12:AES-256:encrypt,1,3,AES-256,aesni,CBC,10485760,12,encrypt,21643800,31250000,1.443831489849287,0.0216438,484.46945545606593
c7f01d62-d138-421b-b0e4-0c92d32c309a,10485760:12:AES-192:decrypt,2,0,AES-192,aesni,CBC,10485760,12,decrypt,19410900,15625000,0.8049600997377762,0.0194109,540.1995785872886
c7f01d62-d138-421b-b0e4-0c92d32c309a,10485760:12:AES-192:decrypt,2,1,AES-192,software,CBC,10485760,12,decrypt,51613100,62500000,1.2109328833183823,0.0516131,203.16082544935298
c7f01d62-d138-421b-b0e4-0c92d32c309a,10485760:12:AES-192:encrypt,2,2,AES-192,software,CBC,10485760,12,encrypt,51466500,46875000,0.9107866281950395,0.0514665,203.7395198818649
c7f01d62-d138-421b-b0e4-0c92d32c309a,10485760:12:AES-192:encrypt,2,3,AES-192,aesni,CBC,10485760,12,encrypt,19373700,15625000,0.8065057268358651,0.0193737,541.2368313744922
c7f01d62-d138-421b-b0e4-0c92d32c309a,10485760:13:AES-256:decrypt,0,0,AES-256,software,CBC,10485760,13,decrypt,58669500,62500000,1.065289460452194,0.0586695,178.72591380529917
c7f01d62-d138-421b-b0e4-0c92d32c309a,10485760:13:AES-256:decrypt,0,1,AES-256,aesni,CBC,10485760,13,decrypt,21003000,15625000,0.7439413417130886,0.021003,499.2505832500119
c7f01d62-d138-421b-b0e4-0c92d32c309a,10485760:13:AES-256:encrypt,0,2,AES-256,software,CBC,10485760,13,encrypt,57728200,46875000,0.8119948309491721,0.0577282,181.64016892956994
c7f01d62-d138-421b-b0e4-0c92d32c309a,10485760:13:AES-256:encrypt,0,3,AES-256,aesni,CBC,10485760,13,encrypt,20997600,31250000,1.4882653255610165,0.0209976,499.3789766449499
c7f01d62-d138-421b-b0e4-0c92d32c309a,10485760:13:AES-192:encrypt,1,0,AES-192,aesni,CBC,10485760,13,encrypt,20486100,31250000,1.525424556162471,0.0204861,511.8475454088382
c7f01d62-d138-421b-b0e4-0c92d32c309a,10485760:13:AES-192:decrypt,1,1,AES-192,aesni,CBC,10485760,13,decrypt,21685300,15625000,0.7205341867532383,0.0216853,483.54230746173675
c7f01d62-d138-421b-b0e4-0c92d32c309a,10485760:13:AES-192:decrypt,1,2,AES-192,software,CBC,10485760,13,decrypt,53417100,62500000,1.170037310149746,0.0534171,196.29968680441283
c7f01d62-d138-421b-b0e4-0c92d32c309a,10485760:13:AES-192:encrypt,1,3,AES-192,software,CBC,10485760,13,encrypt,52352100,46875000,0.8953795549748721,0.0523521,200.29301594396404
c7f01d62-d138-421b-b0e4-0c92d32c309a,10485760:13:AES-128:decrypt,2,0,AES-128,software,CBC,10485760,13,decrypt,45712300,46875000,1.0254351673400814,0.0457123,229.3859639528092
c7f01d62-d138-421b-b0e4-0c92d32c309a,10485760:13:AES-128:encrypt,2,1,AES-128,aesni,CBC,10485760,13,encrypt,20525500,31250000,1.5224964069084796,0.0205255,510.86502155854913
c7f01d62-d138-421b-b0e4-0c92d32c309a,10485760:13:AES-128:encrypt,2,2,AES-128,software,CBC,10485760,13,encrypt,47211000,46875000,0.9928830145516935,0.047211,222.10417063819872
c7f01d62-d138-421b-b0e4-0c92d32c309a,10485760:13:AES-128:decrypt,2,3,AES-128,aesni,CBC,10485760,13,decrypt,18491800,15625000,0.8449691214484258,0.0184918,567.0491785548189
c7f01d62-d138-421b-b0e4-0c92d32c309a,10485760:14:AES-128:encrypt,0,0,AES-128,aesni,CBC,10485760,14,encrypt,19210700,15625000,0.8133488108189707,0.0192107,545.8291472981203
c7f01d62-d138-421b-b0e4-0c92d32c309a,10485760:14:AES-128:encrypt,0,1,AES-128,software,CBC,10485760,14,encrypt,45500400,31250000,0.6868071489481411,0.0455004,230.45423776494272
c7f01d62-d138-421b-b0e4-0c92d32c309a,10485760:14:AES-128:decrypt,0,2,AES-128,aesni,CBC,10485760,14,decrypt,20309500,15625000,0.7693443954799478,0.0203095,516.2982840542603
c7f01d62-d138-421b-b0e4-0c92d32c309a,10485760:14:AES-128:decrypt,0,3,AES-128,software,CBC,10485760,14,decrypt,48539000,46875000,0.9657182883866582,0.048539,216.0275242588434
c7f01d62-d138-421b-b0e4-0c92d32c309a,10485760:14:AES-256:decrypt,1,0,AES-256,software,CBC,10485760,14,decrypt,59368400,62500000,1.0527486002654611,0.0593684,176.62190660351297
c7f01d62-d138-421b-b0e4-0c92d32c309a,10485760:14:AES-256:decrypt,1,1,AES-256,aesni,CBC,10485760,14,decrypt,22064200,15625000,0.7081607309578412,0.0220642,475.23862183990354
c7f01d62-d138-421b-b0e4-0c92d32c309a,10485760:14:AES-256:encrypt,1,2,AES-256,aesni,CBC,10485760,14,encrypt,21882500,31250000,1.428081800525534,0.0218825,479.184736661716
c7f01d62-d138-421b-b0e4-0c92d32c309a,10485760:14:AES-256:encrypt,1,3,AES-256,software,CBC,10485760,14,encrypt,58909300,62500000,1.0609530243951295,0.0589093,177.99838056130358
c7f01d62-d138-421b-b0e4-0c92d32c309a,10485760:14:AES-192:decrypt,2,0,AES-192,software,CBC,10485760,14,decrypt,51393200,62500000,1.216114194095717,0.0513932,204.03010515009768
c7f01d62-d138-421b-b0e4-0c92d32c309a,10485760:14:AES-192:decrypt,2,1,AES-192,aesni,CBC,10485760,14,decrypt,19125000,15625000,0.8169934640522876,0.019125,548.2750326797386
c7f01d62-d138-421b-b0e4-0c92d32c309a,10485760:14:AES-192:encrypt,2,2,AES-192,software,CBC,10485760,14,encrypt,49742900,46875000,0.9423455407706427,0.0497429,210.79912912194504
c7f01d62-d138-421b-b0e4-0c92d32c309a,10485760:14:AES-192:encrypt,2,3,AES-192,aesni,CBC,10485760,14,encrypt,20070700,31250000,1.5569960190725785,0.0200707,522.4411704624154
c7f01d62-d138-421b-b0e4-0c92d32c309a,10485760:15:AES-128:encrypt,0,0,AES-128,aesni,CBC,10485760,15,encrypt,20785500,15625000,0.7517259628106132,0.0207855,504.474754035265
c7f01d62-d138-421b-b0e4-0c92d32c309a,10485760:15:AES-128:decrypt,0,1,AES-128,aesni,CBC,10485760,15,decrypt,20015900,15625000,0.7806293996272963,0.0200159,523.8715221398987
c7f01d62-d138-421b-b0e4-0c92d32c309a,10485760:15:AES-128:encrypt,0,2,AES-128,software,CBC,10485760,15,encrypt,45840600,46875000,1.022565149670816,0.0458406,228.74395186799475
c7f01d62-d138-421b-b0e4-0c92d32c309a,10485760:15:AES-128:decrypt,0,3,AES-128,software,CBC,10485760,15,decrypt,47731100,46875000,0.9820641049546313,0.0477311,219.68402152894026
c7f01d62-d138-421b-b0e4-0c92d32c309a,10485760:15:AES-256:decrypt,1,0,AES-256,software,CBC,10485760,15,decrypt,60439800,46875000,0.7755651077601183,0.0604398,173.4909777993971
c7f01d62-d138-421b-b0e4-0c92d32c309a,10485760:15:AES-256:decrypt,1,1,AES-256,aesni,CBC,10485760,15,decrypt,21451100,15625000,0.728400874547226,0.0214511,488.82155227470855
c7f01d62-d138-421b-b0e4-0c92d32c309a,10485760:15:AES-256:encrypt,1,2,AES-256,software,CBC,10485760,15,encrypt,59335500,62500000,1.053332322134304,0.0593355,176.719838882288
c7f01d62-d138-421b-b0e4-0c92d32c309a,10485760:15:AES-256:encrypt,1,3,AES-256,aesni,CBC,10485760,15,encrypt,21925800,15625000,0.7126307820011129,0.0219258,478.2384223152633
c7f01d62-d138-421b-b0e4-0c92d32c309a,10485760:15:AES-192:decrypt,2,0,AES-192,aesni,CBC,10485760,15,decrypt,19628300,15625000,0.7960444867869352,0.0196283,534.2164120173423
c7f01d62-d138-421b-b0e4-0c92d32c309a,10485760:15:AES-192:encrypt,2,1,AES-192,software,CBC,10485760,15,encrypt,50763400,46875000,0.9234015058093036,0.0507634,206.5614202358392
c7f01d62-d138-421b-b0e4-0c92d32c309a,10485760:15:AES-192:encrypt,2,2,AES-192,aesni,CBC,10485760,15,encrypt,20241800,15625000,0.7719175172168483,0.0202418,518.0250768212313
c7f01d62-d138-421b-b0e4-0c92d32c309a,10485760:15:AES-192:decrypt,2,3,AES-192,software,CBC,10485760,15,decrypt,54971900,46875000,0.8527083837378734,0.0549719,190.7476365197492
c7f01d62-d138-421b-b0e4-0c92d32c309a,10485760:16:AES-128:encrypt,0,0,AES-128,aesni,CBC,10485760,16,encrypt,19309600,15625000,0.809182997058458,0.0193096,543.0335170070846
c7f01d62-d138-421b-b0e4-0c92d32c309a,10485760:16:AES-128:decrypt,0,1,AES-128,software,CBC,10485760,16,decrypt,45197600,46875000,1.0371125900490292,0.0451976,231.9981591942935
c7f01d62-d138-421b-b0e4-0c92d32c309a,10485760:16:AES-128:decrypt,0,2,AES-128,aesni,CBC,10485760,16,decrypt,17676100,15625000,0.8839619599346009,0.0176761,593.2168295042459
c7f01d62-d138-421b-b0e4-0c92d32c309a,10485760:16:AES-128:encrypt,0,3,AES-128,software,CBC,10485760,16,encrypt,45374200,46875000,1.0330760652529412,0.0453742,231.0952038823825
c7f01d62-d138-421b-b0e4-0c92d32c309a,10485760:16:AES-256:encrypt,1,0,AES-256,software,CBC,10485760,16,encrypt,58933500,62500000,1.0605173627902635,0.0589335,177.92528867282616
c7f01d62-d138-421b-b0e4-0c92d32c309a,10485760:16:AES-256:decrypt,1,1,AES-256,aesni,CBC,10485760,16,decrypt,20510000,15625000,0.7618235007313505,0.02051,511.25109702584103
c7f01d62-d138-421b-b0e4-0c92d32c309a,10485760:16:AES-256:decrypt,1,2,AES-256,software,CBC,10485760,16,decrypt,60543600,62500000,1.032313902708131,0.0605436,173.19353325537298
c7f01d62-d138-421b-b0e4-0c92d32c309a,10485760:16:AES-256:encrypt,1,3,AES-256,aesni,CBC,10485760,16,encrypt,21375800,31250000,1.4619335884504907,0.0213758,490.54351182177976
c7f01d62-d138-421b-b0e4-0c92d32c309a,10485760:16:AES-192:decrypt,2,0,AES-192,software,CBC,10485760,16,decrypt,55087200,62500000,1.1345648353882571,0.0550872,190.34839309313233
c7f01d62-d138-421b-b0e4-0c92d32c309a,10485760:16:AES-192:encrypt,2,1,AES-192,software,CBC,10485760,16,encrypt,52256700,46875000,0.8970141627772132,0.0522567,200.6586715196329
c7f01d62-d138-421b-b0e4-0c92d32c309a,10485760:16:AES-192:decrypt,2,2,AES-192,aesni,CBC,10485760,16,decrypt,20124800,15625000,0.7764052313563364,0.0201248,521.0367307998092
c7f01d62-d138-421b-b0e4-0c92d32c309a,10485760:16:AES-192:encrypt,2,3,AES-192,aesni,CBC,10485760,16,encrypt,20900500,15625000,0.7475897705796513,0.0209005,501.69900241621013
c7f01d62-d138-421b-b0e4-0c92d32c309a,10485760:17:AES-192:encrypt,0,0,AES-192,software,CBC,10485760,17,encrypt,52122000,62500000,1.1991097808986608,0.052122,201.17723801849507
c7f01d62-d138-421b-b0e4-0c92d32c309a,10485760:17:AES-192:decrypt,0,1,AES-192,aesni,CBC,10485760,17,decrypt,19849800,15625000,0.7871615834920251,0.0198498,528.2551965259096
c7f01d62-d138-421b-b0e4-0c92d32c309a,10485760:17:AES-192:decrypt,0,2,AES-192,software,CBC,10485760,17,decrypt,52636000,62500000,1.1874002583782963,0.052636,199.21270613268484
c7f01d62-d138-421b-b0e4-0c92d32c309a,10485760:17:AES-192:encrypt,0,3,AES-192,aesni,CBC,10485760,17,encrypt,20851700,15625000,0.7493393824004757,0.0208517,502.8731470335752
c7f01d62-d138-421b-b0e4-0c92d32c309a,10485760:17:AES-256:encrypt,1,0,AES-256,aesni,CBC,10485760,17,encrypt,21823800,15625000,0.7159614732539704,0.0218238,480.4736113784034
c7f01d62-d138-421b-b0e4-0c92d32c309a,10485760:17:AES-256:encrypt,1,1,AES-256,software,CBC,10485760,17,encrypt,58278900,46875000,0.8043219758780622,0.0582789,179.92378030470718
c7f01d62-d138-421b-b0e4-0c92d32c309a,10485760:17:AES-256:decrypt,1,2,AES-256,aesni,CBC,10485760,17,decrypt,20453600,31250000,1.527848398325967,0.0204536,512.6608518793757
c7f01d62-d138-421b-b0e4-0c92d32c309a,10485760:17:AES-256:decrypt,1,3,AES-256,software,CBC,10485760,17,decrypt,60855700,62500000,1.0270196546913437,0.0608557,172.30530583002084
c7f01d62-d138-421b-b0e4-0c92d32c309a,10485760:17:AES-128:decrypt,2,0,AES-128,software,CBC,10485760,17,decrypt,45786200,46875000,1.023780090944433,0.0457862,229.0157296303253
c7f01d62-d138-421b-b0e4-0c92d32c309a,10485760:17:AES-128:encrypt,2,1,AES-128,aesni,CBC,10485760,17,encrypt,18263200,15625000,0.8555455779929038,0.0182632,574.1469183932717
c7f01d62-d138-421b-b0e4-0c92d32c309a,10485760:17:AES-128:decrypt,2,2,AES-128,aesni,CBC,10485760,17,decrypt,18874300,15625000,0.8278452710829011,0.0188743,555.5575571014555
c7f01d62-d138-421b-b0e4-0c92d32c309a,10485760:17:AES-128:encrypt,2,3,AES-128,software,CBC,10485760,17,encrypt,45190700,46875000,1.0372709429152458,0.0451907,232.03358213083666
c7f01d62-d138-421b-b0e4-0c92d32c309a,10485760:18:AES-192:encrypt,0,0,AES-192,aesni,CBC,10485760,18,encrypt,19948600,15625000,0.7832629858736954,0.0199486,525.6388919523174
c7f01d62-d138-421b-b0e4-0c92d32c309a,10485760:18:AES-192:decrypt,0,1,AES-192,software,CBC,10485760,18,decrypt,52429900,46875000,0.8940509136961925,0.0524299,199.99580392104505
c7f01d62-d138-421b-b0e4-0c92d32c309a,10485760:18:AES-192:encrypt,0,2,AES-192,software,CBC,10485760,18,encrypt,50991300,46875000,0.919274464467468,0.0509913,205.63821671540046
c7f01d62-d138-421b-b0e4-0c92d32c309a,10485760:18:AES-192:decrypt,0,3,AES-192,aesni,CBC,10485760,18,decrypt,19804700,15625000,0.7889541371492625,0.0198047,529.458158921872
c7f01d62-d138-421b-b0e4-0c92d32c309a,10485760:18:AES-128:decrypt,1,0,AES-128,aesni,CBC,10485760,18,decrypt,20578600,31250000,1.518567832602801,0.0205786,509.5468107645807
c7f01d62-d138-421b-b0e4-0c92d32c309a,10485760:18:AES-128:encrypt,1,1,AES-128,aesni,CBC,10485760,18,encrypt,22244400,15625000,0.7024239808670947,0.0222444,471.3887540234846
c7f01d62-d138-421b-b0e4-0c92d32c309a,10485760:18:AES-128:decrypt,1,2,AES-128,software,CBC,10485760,18,decrypt,47297900,46875000,0.9910587996507244,0.0472979,221.69610067254573
c7f01d62-d138-421b-b0e4-0c92d32c309a,10485760:18:AES-128:encrypt,1,3,AES-128,software,CBC,10485760,18,encrypt,46550700,46875000,1.006966597709594,0.0465507,225.2546148607862
c7f01d62-d138-421b-b0e4-0c92d32c309a,10485760:18:AES-256:encrypt,2,0,AES-256,software,CBC,10485760,18,encrypt,58975600,46875000,0.7948202307394923,0.0589756,177.7982758971507
c7f01d62-d138-421b-b0e4-0c92d32c309a,10485760:18:AES-256:decrypt,2,1,AES-256,software,CBC,10485760,18,decrypt,60512600,62500000,1.03284274679984,0.0605126,173.28225857094225
c7f01d62-d138-421b-b0e4-0c92d32c309a,10485760:18:AES-256:decrypt,2,2,AES-256,aesni,CBC,10485760,18,decrypt,20769000,31250000,1.5046463479223844,0.020769,504.87553565409985
c7f01d62-d138-421b-b0e4-0c92d32c309a,10485760:18:AES-256:encrypt,2,3,AES-256,aesni,CBC,10485760,18,encrypt,22331100,15625000,0.6996968353551773,0.0223311,469.5585976508099
c7f01d62-d138-421b-b0e4-0c92d32c309a,10485760:19:AES-128:encrypt,0,0,AES-128,aesni,CBC,10485760,19,encrypt,21132100,15625000,0.7393964632005338,0.0211321,496.20056691005624
c7f01d62-d138-421b-b0e4-0c92d32c309a,10485760:19:AES-128:decrypt,0,1,AES-128,aesni,CBC,10485760,19,decrypt,20729700,15625000,0.7537494512703995,0.0207297,505.8326941537987
c7f01d62-d138-421b-b0e4-0c92d32c309a,10485760:19:AES-128:encrypt,0,2,AES-128,software,CBC,10485760,19,encrypt,47130000,46875000,0.9945894334818587,0.04713,222.485890091237
c7f01d62-d138-421b-b0e4-0c92d32c309a,10485760:19:AES-128:decrypt,0,3,AES-128,software,CBC,10485760,19,decrypt,45787000,46875000,1.0237622032454627,0.045787,229.01172821980037
c7f01d62-d138-421b-b0e4-0c92d32c309a,10485760:19:AES-192:encrypt,1,0,AES-192,software,CBC,10485760,19,encrypt,52191400,46875000,0.8981364745915994,0.0521914,200.90972842269034
c7f01d62-d138-421b-b0e4-0c92d32c309a,10485760:19:AES-192:encrypt,1,1,AES-192,aesni,CBC,10485760,19,encrypt,21485800,15625000,0.7272244924554823,0.0214858,488.0320956166398
c7f01d62-d138-421b-b0e4-0c92d32c309a,10485760:19:AES-192:decrypt,1,2,AES-192,aesni,CBC,10485760,19,decrypt,20038100,15625000,0.7797645485350407,0.0200381,523.2911303965944
c7f01d62-d138-421b-b0e4-0c92d32c309a,10485760:19:AES-192:decrypt,1,3,AES-192,software,CBC,10485760,19,decrypt,54067700,62500000,1.1559581783578736,0.0540677,193.9376004527657
c7f01d62-d138-421b-b0e4-0c92d32c309a,10485760:19:AES-256:encrypt,2,0,AES-256,software,CBC,10485760,19,encrypt,59403900,62500000,1.0521194736372528,0.0594039,176.51635667018496
c7f01d62-d138-421b-b0e4-0c92d32c309a,10485760:19:AES-256:decrypt,2,1,AES-256,aesni,CBC,10485760,19,decrypt,21317500,15625000,0.732965873108948,0.0213175,491.8850709510965
c7f01d62-d138-421b-b0e4-0c92d32c309a,10485760:19:AES-256:encrypt,2,2,AES-256,aesni,CBC,10485760,19,encrypt,21654400,31250000,1.4431247229200532,0.0216544,484.2323038273977
c7f01d62-d138-421b-b0e4-0c92d32c309a,10485760:19:AES-256:decrypt,2,3,AES-256,software,CBC,10485760,19,decrypt,60543800,62500000,1.032310492569016,0.0605438,173.1929611289678
c7f01d62-d138-421b-b0e4-0c92d32c309a,1024:0:AES-128:decrypt,0,0,AES-128,aesni,CBC,1024,0,decrypt,3700,0,0.0,3.7e-06,276.7567567567568
c7f01d62-d138-421b-b0e4-0c92d32c309a,1024:0:AES-128:encrypt,0,1,AES-128,software,CBC,1024,0,encrypt,6800,0,0.0,6.8e-06,150.58823529411765
c7f01d62-d138-421b-b0e4-0c92d32c309a,1024:0:AES-128:encrypt,0,2,AES-128,aesni,CBC,1024,0,encrypt,3800,0,0.0,3.8e-06,269.4736842105263
c7f01d62-d138-421b-b0e4-0c92d32c309a,1024:0:AES-128:decrypt,0,3,AES-128,software,CBC,1024,0,decrypt,6500,0,0.0,6.5e-06,157.53846153846155
c7f01d62-d138-421b-b0e4-0c92d32c309a,1024:0:AES-192:decrypt,1,0,AES-192,software,CBC,1024,0,decrypt,7100,0,0.0,7.1e-06,144.22535211267606
c7f01d62-d138-421b-b0e4-0c92d32c309a,1024:0:AES-192:encrypt,1,1,AES-192,aesni,CBC,1024,0,encrypt,3900,0,0.0,3.9e-06,262.56410256410254
c7f01d62-d138-421b-b0e4-0c92d32c309a,1024:0:AES-192:encrypt,1,2,AES-192,software,CBC,1024,0,encrypt,7100,0,0.0,7.1e-06,144.22535211267606
c7f01d62-d138-421b-b0e4-0c92d32c309a,1024:0:AES-192:decrypt,1,3,AES-192,aesni,CBC,1024,0,decrypt,4000,0,0.0,4e-06,256.0
c7f01d62-d138-421b-b0e4-0c92d32c309a,1024:0:AES-256:decrypt,2,0,AES-256,software,CBC,1024,0,decrypt,7900,0,0.0,7.9e-06,129.62025316455697
c7f01d62-d138-421b-b0e4-0c92d32c309a,1024:0:AES-256:decrypt,2,1,AES-256,aesni,CBC,1024,0,decrypt,4100,0,0.0,4.1e-06,249.7560975609756
c7f01d62-d138-421b-b0e4-0c92d32c309a,1024:0:AES-256:encrypt,2,2,AES-256,aesni,CBC,1024,0,encrypt,4000,0,0.0,4e-06,256.0
c7f01d62-d138-421b-b0e4-0c92d32c309a,1024:0:AES-256:encrypt,2,3,AES-256,software,CBC,1024,0,encrypt,8100,0,0.0,8.1e-06,126.41975308641975
c7f01d62-d138-421b-b0e4-0c92d32c309a,1024:1:AES-192:encrypt,0,0,AES-192,aesni,CBC,1024,1,encrypt,4100,0,0.0,4.1e-06,249.7560975609756
c7f01d62-d138-421b-b0e4-0c92d32c309a,1024:1:AES-192:encrypt,0,1,AES-192,software,CBC,1024,1,encrypt,7200,0,0.0,7.2e-06,142.22222222222223
c7f01d62-d138-421b-b0e4-0c92d32c309a,1024:1:AES-192:decrypt,0,2,AES-192,aesni,CBC,1024,1,decrypt,4100,0,0.0,4.1e-06,249.7560975609756
c7f01d62-d138-421b-b0e4-0c92d32c309a,1024:1:AES-192:decrypt,0,3,AES-192,software,CBC,1024,1,decrypt,7200,0,0.0,7.2e-06,142.22222222222223
c7f01d62-d138-421b-b0e4-0c92d32c309a,1024:1:AES-128:decrypt,1,0,AES-128,software,CBC,1024,1,decrypt,6500,0,0.0,6.5e-06,157.53846153846155
c7f01d62-d138-421b-b0e4-0c92d32c309a,1024:1:AES-128:encrypt,1,1,AES-128,software,CBC,1024,1,encrypt,6500,0,0.0,6.5e-06,157.53846153846155
c7f01d62-d138-421b-b0e4-0c92d32c309a,1024:1:AES-128:decrypt,1,2,AES-128,aesni,CBC,1024,1,decrypt,3800,0,0.0,3.8e-06,269.4736842105263
c7f01d62-d138-421b-b0e4-0c92d32c309a,1024:1:AES-128:encrypt,1,3,AES-128,aesni,CBC,1024,1,encrypt,3700,0,0.0,3.7e-06,276.7567567567568
c7f01d62-d138-421b-b0e4-0c92d32c309a,1024:1:AES-256:encrypt,2,0,AES-256,software,CBC,1024,1,encrypt,7700,0,0.0,7.7e-06,132.98701298701297
c7f01d62-d138-421b-b0e4-0c92d32c309a,1024:1:AES-256:encrypt,2,1,AES-256,aesni,CBC,1024,1,encrypt,4000,0,0.0,4e-06,256.0
c7f01d62-d138-421b-b0e4-0c92d32c309a,1024:1:AES-256:decrypt,2,2,AES-256,software,CBC,1024,1,decrypt,8000,0,0.0,8e-06,128.0
c7f01d62-d138-421b-b0e4-0c92d32c309a,1024:1:AES-256:decrypt,2,3,AES-256,aesni,CBC,1024,1,decrypt,4200,0,0.0,4.2e-06,243.8095238095238
c7f01d62-d138-421b-b0e4-0c92d32c309a,1024:2:AES-192:decrypt,0,0,AES-192,aesni,CBC,1024,2,decrypt,4000,0,0.0,4e-06,256.0
c7f01d62-d138-421b-b0e4-0c92d32c309a,1024:2:AES-192:encrypt,0,1,AES-192,aesni,CBC,1024,2,encrypt,4000,0,0.0,4e-06,256.0
c7f01d62-d138-421b-b0e4-0c92d32c309a,1024:2:AES-192:encrypt,0,2,AES-192,software,CBC,1024,2,encrypt,7000,0,0.0,7e-06,146.28571428571428
c7f01d62-d138-421b-b0e4-0c92d32c309a,1024:2:AES-192:decrypt,0,3,AES-192,software,CBC,1024,2,decrypt,7100,0,0.0,7.1e-06,144.22535211267606
c7f01d62-d138-421b-b0e4-0c92d32c309a,1024:2:AES-256:decrypt,1,0,AES-256,aesni,CBC,1024,2,decrypt,4000,0,0.0,4e-06,256.0
c7f01d62-d138-421b-b0e4-0c92d32c309a,1024:2:AES-256:decrypt,1,1,AES-256,software,CBC,1024,2,decrypt,8000,0,0.0,8e-06,128.0
c7f01d62-d138-421b-b0e4-0c92d32c309a,1024:2:AES-256:encrypt,1,2,AES-256,aesni,CBC,1024,2,encrypt,4000,0,0.0,4e-06,256.0
c7f01d62-d138-421b-b0e4-0c92d32c309a,1024:2:AES-256:encrypt,1,3,AES-256,software,CBC,1024,2,encrypt,7700,0,0.0,7.7e-06,132.98701298701297
c7f01d62-d138-421b-b0e4-0c92d32c309a,1024:2:AES-128:encrypt,2,0,AES-128,aesni,CBC,1024,2,encrypt,3800,0,0.0,3.8e-06,269.4736842105263
c7f01d62-d138-421b-b0e4-0c92d32c309a,1024:2:AES-128:decrypt,2,1,AES-128,aesni,CBC,1024,2,decrypt,3900,0,0.0,3.9e-06,262.56410256410254
c7f01d62-d138-421b-b0e4-0c92d32c309a,1024:2:AES-128:encrypt,2,2,AES-128,software,CBC,1024,2,encrypt,6600,0,0.0,6.6e-06,155.15151515151516
c7f01d62-d138-421b-b0e4-0c92d32c309a,1024:2:AES-128:decrypt,2,3,AES-128,software,CBC,1024,2,decrypt,6500,0,0.0,6.5e-06,157.53846153846155
c7f01d62-d138-421b-b0e4-0c92d32c309a,1024:3:AES-128:encrypt,0,0,AES-128,aesni,CBC,1024,3,encrypt,3700,0,0.0,3.7e-06,276.7567567567568
c7f01d62-d138-421b-b0e4-0c92d32c309a,1024:3:AES-128:decrypt,0,1,AES-128,software,CBC,1024,3,decrypt,6500,0,0.0,6.5e-06,157.53846153846155
c7f01d62-d138-421b-b0e4-0c92d32c309a,1024:3:AES-128:decrypt,0,2,AES-128,aesni,CBC,1024,3,decrypt,3600,0,0.0,3.6e-06,284.44444444444446
c7f01d62-d138-421b-b0e4-0c92d32c309a,1024:3:AES-128:encrypt,0,3,AES-128,software,CBC,1024,3,encrypt,6500,0,0.0,6.5e-06,157.53846153846155
c7f01d62-d138-421b-b0e4-0c92d32c309a,1024:3:AES-192:decrypt,1,0,AES-192,software,CBC,1024,3,decrypt,7300,0,0.0,7.3e-06,140.27397260273972
c7f01d62-d138-421b-b0e4-0c92d32c309a,1024:3:AES-192:encrypt,1,1,AES-192,software,CBC,1024,3,encrypt,7300,0,0.0,7.3e-06,140.27397260273972
c7f01d62-d138-421b-b0e4-0c92d32c309a,1024:3:AES-192:decrypt,1,2,AES-192,aesni,CBC,1024,3,decrypt,3900,0,0.0,3.9e-06,262.56410256410254
c7f01d62-d138-421b-b0e4-0c92d32c309a,1024:3:AES-192:encrypt,1,3,AES-192,aesni,CBC,1024,3,encrypt,3900,0,0.0,3.9e-06,262.56410256410254
c7f01d62-d138-421b-b0e4-0c92d32c309a,1024:3:AES-256:decrypt,2,0,AES-256,software,CBC,1024,3,decrypt,7900,0,0.0,7.9e-06,129.62025316455697
c7f01d62-d138-421b-b0e4-0c92d32c309a,1024:3:AES-256:encrypt,2,1,AES-256,aesni,CBC,1024,3,encrypt,4000,0,0.0,4e-06,256.0
c7f01d62-d138-421b-b0e4-0c92d32c309a,1024:3:AES-256:decrypt,2,2,AES-256,aesni,CBC,1024,3,decrypt,4100,0,0.0,4.1e-06,249.7560975609756
c7f01d62-d138-421b-b0e4-0c92d32c309a,1024:3:AES-256:encrypt,2,3,AES-256,software,CBC,1024,3,encrypt,7700,0,0.0,7.7e-06,132.98701298701297
c7f01d62-d138-421b-b0e4-0c92d32c309a,1024:4:AES-256:encrypt,0,0,AES-256,aesni,CBC,1024,4,encrypt,4000,0,0.0,4e-06,256.0
c7f01d62-d138-421b-b0e4-0c92d32c309a,1024:4:AES-256:decrypt,0,1,AES-256,aesni,CBC,1024,4,decrypt,4100,0,0.0,4.1e-06,249.7560975609756
c7f01d62-d138-421b-b0e4-0c92d32c309a,1024:4:AES-256:decrypt,0,2,AES-256,software,CBC,1024,4,decrypt,7800,0,0.0,7.8e-06,131.28205128205127
c7f01d62-d138-421b-b0e4-0c92d32c309a,1024:4:AES-256:encrypt,0,3,AES-256,software,CBC,1024,4,encrypt,7800,0,0.0,7.8e-06,131.28205128205127
c7f01d62-d138-421b-b0e4-0c92d32c309a,1024:4:AES-128:encrypt,1,0,AES-128,software,CBC,1024,4,encrypt,6500,0,0.0,6.5e-06,157.53846153846155
c7f01d62-d138-421b-b0e4-0c92d32c309a,1024:4:AES-128:decrypt,1,1,AES-128,software,CBC,1024,4,decrypt,6500,0,0.0,6.5e-06,157.53846153846155
c7f01d62-d138-421b-b0e4-0c92d32c309a,1024:4:AES-128:decrypt,1,2,AES-128,aesni,CBC,1024,4,decrypt,3700,0,0.0,3.7e-06,276.7567567567568
c7f01d62-d138-421b-b0e4-0c92d32c309a,1024:4:AES-128:encrypt,1,3,AES-128,aesni,CBC,1024,4,encrypt,3700,0,0.0,3.7e-06,276.7567567567568
c7f01d62-d138-421b-b0e4-0c92d32c309a,1024:4:AES-192:encrypt,2,0,AES-192,aesni,CBC,1024,4,encrypt,3800,0,0.0,3.8e-06,269.4736842105263
c7f01d62-d138-421b-b0e4-0c92d32c309a,1024:4:AES-192:encrypt,2,1,AES-192,software,CBC,1024,4,encrypt,7100,0,0.0,7.1e-06,144.22535211267606
c7f01d62-d138-421b-b0e4-0c92d32c309a,1024:4:AES-192:decrypt,2,2,AES-192,aesni,CBC,1024,4,decrypt,4200,0,0.0,4.2e-06,243.8095238095238
c7f01d62-d138-421b-b0e4-0c92d32c309a,1024:4:AES-192:decrypt,2,3,AES-192,software,CBC,1024,4,decrypt,7100,0,0.0,7.1e-06,144.22535211267606
c7f01d62-d138-421b-b0e4-0c92d32c309a,1024:5:AES-256:encrypt,0,0,AES-256,software,CBC,1024,5,encrypt,8000,0,0.0,8e-06,128.0
c7f01d62-d138-421b-b0e4-0c92d32c309a,1024:5:AES-256:decrypt,0,1,AES-256,software,CBC,1024,5,decrypt,7900,0,0.0,7.9e-06,129.62025316455697
c7f01d62-d138-421b-b0e4-0c92d32c309a,1024:5:AES-256:decrypt,0,2,AES-256,aesni,CBC,1024,5,decrypt,4000,0,0.0,4e-06,256.0
c7f01d62-d138-421b-b0e4-0c92d32c309a,1024:5:AES-256:encrypt,0,3,AES-256,aesni,CBC,1024,5,encrypt,4000,0,0.0,4e-06,256.0
c7f01d62-d138-421b-b0e4-0c92d32c309a,1024:5:AES-128:decrypt,1,0,AES-128,software,CBC,1024,5,decrypt,6400,0,0.0,6.4e-06,160.0
c7f01d62-d138-421b-b0e4-0c92d32c309a,1024:5:AES-128:decrypt,1,1,AES-128,aesni,CBC,1024,5,decrypt,3700,0,0.0,3.7e-06,276.7567567567568
c7f01d62-d138-421b-b0e4-0c92d32c309a,1024:5:AES-128:encrypt,1,2,AES-128,software,CBC,1024,5,encrypt,6700,0,0.0,6.7e-06,152.83582089552237
c7f01d62-d138-421b-b0e4-0c92d32c309a,1024:5:AES-128:encrypt,1,3,AES-128,aesni,CBC,1024,5,encrypt,3900,0,0.0,3.9e-06,262.56410256410254
c7f01d62-d138-421b-b0e4-0c92d32c309a,1024:5:AES-192:decrypt,2,0,AES-192,aesni,CBC,1024,5,decrypt,4200,0,0.0,4.2e-06,243.8095238095238
c7f01d62-d138-421b-b0e4-0c92d32c309a,1024:5:AES-192:decrypt,2,1,AES-192,software,CBC,1024,5,decrypt,7200,0,0.0,7.2e-06,142.22222222222223
c7f01d62-d138-421b-b0e4-0c92d32c309a,1024:5:AES-192:encrypt,2,2,AES-192,aesni,CBC,1024,5,encrypt,3900,0,0.0,3.9e-06,262.56410256410254
c7f01d62-d138-421b-b0e4-0c92d32c309a,1024:5:AES-192:encrypt,2,3,AES-192,software,CBC,1024,5,encrypt,7200,0,0.0,7.2e-06,142.22222222222223
c7f01d62-d138-421b-b0e4-0c92d32c309a,1024:6:AES-256:encrypt,0,0,AES-256,software,CBC,1024,6,encrypt,7800,0,0.0,7.8e-06,131.28205128205127
c7f01d62-d138-421b-b0e4-0c92d32c309a,1024:6:AES-256:encrypt,0,1,AES-256,aesni,CBC,1024,6,encrypt,4000,0,0.0,4e-06,256.0
c7f01d62-d138-421b-b0e4-0c92d32c309a,1024:6:AES-256:decrypt,0,2,AES-256,software,CBC,1024,6,decrypt,7900,0,0.0,7.9e-06,129.62025316455697
c7f01d62-d138-421b-b0e4-0c92d32c309a,1024:6:AES-256:decrypt,0,3,AES-256,aesni,CBC,1024,6,decrypt,4100,0,0.0,4.1e-06,249.7560975609756
c7f01d62-d138-421b-b0e4-0c92d32c309a,1024:6:AES-128:encrypt,1,0,AES-128,aesni,CBC,1024,6,encrypt,3700,0,0.0,3.7e-06,276.7567567567568
c7f01d62-d138-421b-b0e4-0c92d32c309a,1024:6:AES-128:decrypt,1,1,AES-128,aesni,CBC,1024,6,decrypt,4000,0,0.0,4e-06,256.0
c7f01d62-d138-421b-b0e4-0c92d32c309a,1024:6:AES-128:encrypt,1,2,AES-128,software,CBC,1024,6,encrypt,6500,0,0.0,6.5e-06,157.53846153846155
c7f01d62-d138-421b-b0e4-0c92d32c309a,1024:6:AES-128:decrypt,1,3,AES-128,software,CBC,1024,6,decrypt,6500,0,0.0,6.5e-06,157.53846153846155
c7f01d62-d138-421b-b0e4-0c92d32c309a,1024:6:AES-192:encrypt,2,0,AES-192,software,CBC,1024,6,encrypt,7100,0,0.0,7.1e-06,144.22535211267606
c7f01d62-d138-421b-b0e4-0c92d32c309a,1024:6:AES-192:decrypt,2,1,AES-192,software,CBC,1024,6,decrypt,7200,0,0.0,7.2e-06,142.22222222222223
c7f01d62-d138-421b-b0e4-0c92d32c309a,1024:6:AES-192:encrypt,2,2,AES-192,aesni,CBC,1024,6,encrypt,3800,0,0.0,3.8e-06,269.4736842105263
c7f01d62-d138-421b-b0e4-0c92d32c309a,1024:6:AES-192:decrypt,2,3,AES-192,aesni,CBC,1024,6,decrypt,3800,0,0.0,3.8e-06,269.4736842105263
c7f01d62-d138-421b-b0e4-0c92d32c309a,1024:7:AES-256:encrypt,0,0,AES-256,aesni,CBC,1024,7,encrypt,4000,0,0.0,4e-06,256.0
c7f01d62-d138-421b-b0e4-0c92d32c309a,1024:7:AES-256:decrypt,0,1,AES-256,aesni,CBC,1024,7,decrypt,4000,0,0.0,4e-06,256.0
c7f01d62-d138-421b-b0e4-0c92d32c309a,1024:7:AES-256:encrypt,0,2,AES-256,software,CBC,1024,7,encrypt,7900,0,0.0,7.9e-06,129.62025316455697
c7f01d62-d138-421b-b0e4-0c92d32c309a,1024:7:AES-256:decrypt,0,3,AES-256,software,CBC,1024,7,decrypt,7800,0,0.0,7.8e-06,131.28205128205127
c7f01d62-d138-421b-b0e4-0c92d32c309a,1024:7:AES-192:decrypt,1,0,AES-192,software,CBC,1024,7,decrypt,7100,0,0.0,7.1e-06,144.22535211267606
c7f01d62-d138-421b-b0e4-0c92d32c309a,1024:7:AES-192:encrypt,1,1,AES-192,software,CBC,1024,7,encrypt,7100,0,0.0,7.1e-06,144.22535211267606
c7f01d62-d138-421b-b0e4-0c92d32c309a,1024:7:AES-192:encrypt,1,2,AES-192,aesni,CBC,1024,7,encrypt,3900,0,0.0,3.9e-06,262.56410256410254
c7f01d62-d138-421b-b0e4-0c92d32c309a,1024:7:AES-192:decrypt,1,3,AES-192,aesni,CBC,1024,7,decrypt,3900,0,0.0,3.9e-06,262.56410256410254
c7f01d62-d138-421b-b0e4-0c92d32c309a,1024:7:AES-128:encrypt,2,0,AES-128,aesni,CBC,1024,7,encrypt,3700,0,0.0,3.7e-06,276.7567567567568
c7f01d62-d138-421b-b0e4-0c92d32c309a,1024:7:AES-128:decrypt,2,1,AES-128,aesni,CBC,1024,7,decrypt,3700,0,0.0,3.7e-06,276.7567567567568
c7f01d62-d138-421b-b0e4-0c92d32c309a,1024:7:AES-128:encrypt,2,2,AES-128,software,CBC,1024,7,encrypt,6400,0,0.0,6.4e-06,160.0
c7f01d62-d138-421b-b0e4-0c92d32c309a,1024:7:AES-128:decrypt,2,3,AES-128,software,CBC,1024,7,decrypt,6500,0,0.0,6.5e-06,157.53846153846155
c7f01d62-d138-421b-b0e4-0c92d32c309a,1024:8:AES-192:encrypt,0,0,AES-192,software,CBC,1024,8,encrypt,7100,0,0.0,7.1e-06,144.22535211267606
c7f01d62-d138-421b-b0e4-0c92d32c309a,1024:8:AES-192:decrypt,0,1,AES-192,aesni,CBC,1024,8,decrypt,4200,0,0.0,4.2e-06,243.8095238095238
c7f01d62-d138-421b-b0e4-0c92d32c309a,1024:8:AES-192:encrypt,0,2,AES-192,aesni,CBC,1024,8,encrypt,4100,0,0.0,4.1e-06,249.7560975609756
c7f01d62-d138-421b-b0e4-0c92d32c309a,1024:8:AES-192:decrypt,0,3,AES-192,software,CBC,1024,8,decrypt,7200,0,0.0,7.2e-06,142.22222222222223
c7f01d62-d138-421b-b0e4-0c92d32c309a,1024:8:AES-256:decrypt,1,0,AES-256,software,CBC,1024,8,decrypt,7900,0,0.0,7.9e-06,129.62025316455697
c7f01d62-d138-421b-b0e4-0c92d32c309a,1024:8:AES-256:encrypt,1,1,AES-256,software,CBC,1024,8,encrypt,7700,0,0.0,7.7e-06,132.98701298701297
c7f01d62-d138-421b-b0e4-0c92d32c309a,1024:8:AES-256:decrypt,1,2,AES-256,aesni,CBC,1024,8,decrypt,4200,0,0.0,4.2e-06,243.8095238095238
c7f01d62-d138-421b-b0e4-0c92d32c309a,1024:8:AES-256:encrypt,1,3,AES-256,aesni,CBC,1024,8,encrypt,3900,0,0.0,3.9e-06,262.56410256410254
c7f01d62-d138-421b-b0e4-0c92d32c309a,1024:8:AES-128:encrypt,2,0,AES-128,aesni,CBC,1024,8,encrypt,3600,0,0.0,3.6e-06,284.44444444444446
c7f01d62-d138-421b-b0e4-0c92d32c309a,1024:8:AES-128:decrypt,2,1,AES-128,software,CBC,1024,8,decrypt,6500,0,0.0,6.5e-06,157.53846153846155
c7f01d62-d138-421b-b0e4-0c92d32c309a,1024:8:AES-128:decrypt,2,2,AES-128,aesni,CBC,1024,8,decrypt,3700,0,0.0,3.7e-06,276.7567567567568
c7f01d62-d138-421b-b0e4-0c92d32c309a,1024:8:AES-128:encrypt,2,3,AES-128,software,CBC,1024,8,encrypt,6400,0,0.0,6.4e-06,160.0
c7f01d62-d138-421b-b0e4-0c92d32c309a,1024:9:AES-256:encrypt,0,0,AES-256,aesni,CBC,1024,9,encrypt,4000,0,0.0,4e-06,256.0
c7f01d62-d138-421b-b0e4-0c92d32c309a,1024:9:AES-256:decrypt,0,1,AES-256,software,CBC,1024,9,decrypt,11900,0,0.0,1.19e-05,86.05042016806723
c7f01d62-d138-421b-b0e4-0c92d32c309a,1024:9:AES-256:decrypt,0,2,AES-256,aesni,CBC,1024,9,decrypt,4500,0,0.0,4.5e-06,227.55555555555554
c7f01d62-d138-421b-b0e4-0c92d32c309a,1024:9:AES-256:encrypt,0,3,AES-256,software,CBC,1024,9,encrypt,7800,0,0.0,7.8e-06,131.28205128205127
c7f01d62-d138-421b-b0e4-0c92d32c309a,1024:9:AES-128:encrypt,1,0,AES-128,software,CBC,1024,9,encrypt,6400,0,0.0,6.4e-06,160.0
c7f01d62-d138-421b-b0e4-0c92d32c309a,1024:9:AES-128:decrypt,1,1,AES-128,aesni,CBC,1024,9,decrypt,4100,0,0.0,4.1e-06,249.7560975609756
c7f01d62-d138-421b-b0e4-0c92d32c309a,1024:9:AES-128:encrypt,1,2,AES-128,aesni,CBC,1024,9,encrypt,3600,0,0.0,3.6e-06,284.44444444444446
c7f01d62-d138-421b-b0e4-0c92d32c309a,1024:9:AES-128:decrypt,1,3,AES-128,software,CBC,1024,9,decrypt,6600,0,0.0,6.6e-06,155.15151515151516
c7f01d62-d138-421b-b0e4-0c92d32c309a,1024:9:AES-192:decrypt,2,0,AES-192,software,CBC,1024,9,decrypt,7200,0,0.0,7.2e-06,142.22222222222223
c7f01d62-d138-421b-b0e4-0c92d32c309a,1024:9:AES-192:decrypt,2,1,AES-192,aesni,CBC,1024,9,decrypt,3900,0,0.0,3.9e-06,262.56410256410254
c7f01d62-d138-421b-b0e4-0c92d32c309a,1024:9:AES-192:encrypt,2,2,AES-192,software,CBC,1024,9,encrypt,7100,0,0.0,7.1e-06,144.22535211267606
c7f01d62-d138-421b-b0e4-0c92d32c309a,1024:9:AES-192:encrypt,2,3,AES-192,aesni,CBC,1024,9,encrypt,3800,0,0.0,3.8e-06,269.4736842105263
c7f01d62-d138-421b-b0e4-0c92d32c309a,1024:10:AES-128:decrypt,0,0,AES-128,aesni,CBC,1024,10,decrypt,3700,0,0.0,3.7e-06,276.7567567567568
c7f01d62-d138-421b-b0e4-0c92d32c309a,1024:10:AES-128:decrypt,0,1,AES-128,software,CBC,1024,10,decrypt,6500,0,0.0,6.5e-06,157.53846153846155
c7f01d62-d138-421b-b0e4-0c92d32c309a,1024:10:AES-128:encrypt,0,2,AES-128,aesni,CBC,1024,10,encrypt,3700,0,0.0,3.7e-06,276.7567567567568
c7f01d62-d138-421b-b0e4-0c92d32c309a,1024:10:AES-128:encrypt,0,3,AES-128,software,CBC,1024,10,encrypt,6500,0,0.0,6.5e-06,157.53846153846155
c7f01d62-d138-421b-b0e4-0c92d32c309a,1024:10:AES-192:encrypt,1,0,AES-192,aesni,CBC,1024,10,encrypt,3800,0,0.0,3.8e-06,269.4736842105263
c7f01d62-d138-421b-b0e4-0c92d32c309a,1024:10:AES-192:encrypt,1,1,AES-192,software,CBC,1024,10,encrypt,7100,0,0.0,7.1e-06,144.22535211267606
c7f01d62-d138-421b-b0e4-0c92d32c309a,1024:10:AES-192:decrypt,1,2,AES-192,software,CBC,1024,10,decrypt,7200,0,0.0,7.2e-06,142.22222222222223
c7f01d62-d138-421b-b0e4-0c92d32c309a,1024:10:AES-192:decrypt,1,3,AES-192,aesni,CBC,1024,10,decrypt,3800,0,0.0,3.8e-06,269.4736842105263
c7f01d62-d138-421b-b0e4-0c92d32c309a,1024:10:AES-256:decrypt,2,0,AES-256,aesni,CBC,1024,10,decrypt,4400,0,0.0,4.4e-06,232.72727272727272
c7f01d62-d138-421b-b0e4-0c92d32c309a,1024:10:AES-256:encrypt,2,1,AES-256,software,CBC,1024,10,encrypt,7700,0,0.0,7.7e-06,132.98701298701297
c7f01d62-d138-421b-b0e4-0c92d32c309a,1024:10:AES-256:encrypt,2,2,AES-256,aesni,CBC,1024,10,encrypt,4100,0,0.0,4.1e-06,249.7560975609756
c7f01d62-d138-421b-b0e4-0c92d32c309a,1024:10:AES-256:decrypt,2,3,AES-256,software,CBC,1024,10,decrypt,7800,0,0.0,7.8e-06,131.28205128205127
c7f01d62-d138-421b-b0e4-0c92d32c309a,1024:11:AES-128:encrypt,0,0,AES-128,software,CBC,1024,11,encrypt,6400,0,0.0,6.4e-06,160.0
c7f01d62-d138-421b-b0e4-0c92d32c309a,1024:11:AES-128:decrypt,0,1,AES-128,aesni,CBC,1024,11,decrypt,3800,0,0.0,3.8e-06,269.4736842105263
c7f01d62-d138-421b-b0e4-0c92d32c309a,1024:11:AES-128:decrypt,0,2,AES-128,software,CBC,1024,11,decrypt,6500,0,0.0,6.5e-06,157.53846153846155
c7f01d62-d138-421b-b0e4-0c92d32c309a,1024:11:AES-128:encrypt,0,3,AES-128,aesni,CBC,1024,11,encrypt,3700,0,0.0,3.7e-06,276.7567567567568
c7f01d62-d138-421b-b0e4-0c92d32c309a,1024:11:AES-256:decrypt,1,0,AES-256,software,CBC,1024,11,decrypt,7900,0,0.0,7.9e-06,129.62025316455697
c7f01d62-d138-421b-b0e4-0c92d32c309a,1024:11:AES-256:encrypt,1,1,AES-256,aesni,CBC,1024,11,encrypt,4000,0,0.0,4e-06,256.0
c7f01d62-d138-421b-b0e4-0c92d32c309a,1024:11:AES-256:encrypt,1,2,AES-256,software,CBC,1024,11,encrypt,7700,0,0.0,7.7e-06,132.98701298701297
c7f01d62-d138-421b-b0e4-0c92d32c309a,1024:11:AES-256:decrypt,1,3,AES-256,aesni,CBC,1024,11,decrypt,4200,0,0.0,4.2e-06,243.8095238095238
c7f01d62-d138-421b-b0e4-0c92d32c309a,1024:11:AES-192:encrypt,2,0,AES-192,aesni,CBC,1024,11,encrypt,3800,0,0.0,3.8e-06,269.4736842105263
c7f01d62-d138-421b-b0e4-0c92d32c309a,1024:11:AES-192:encrypt,2,1,AES-192,software,CBC,1024,11,encrypt,7100,0,0.0,7.1e-06,144.22535211267606
c7f01d62-d138-421b-b0e4-0c92d32c309a,1024:11:AES-192:decrypt,2,2,AES-192,aesni,CBC,1024,11,decrypt,4000,0,0.0,4e-06,256.0
c7f01d62-d138-421b-b0e4-0c92d32c309a,1024:11:AES-192:decrypt,2,3,AES-192,software,CBC,1024,11,decrypt,7100,0,0.0,7.1e-06,144.22535211267606
c7f01d62-d138-421b-b0e4-0c92d32c309a,1024:12:AES-128:encrypt,0,0,AES-128,aesni,CBC,1024,12,encrypt,3800,0,0.0,3.8e-06,269.4736842105263
c7f01d62-d138-421b-b0e4-0c92d32c309a,1024:12:AES-128:encrypt,0,1,AES-128,software,CBC,1024,12,encrypt,6500,0,0.0,6.5e-06,157.53846153846155
c7f01d62-d138-421b-b0e4-0c92d32c309a,1024:12:AES-128:decrypt,0,2,AES-128,aesni,CBC,1024,12,decrypt,3900,0,0.0,3.9e-06,262.56410256410254
c7f01d62-d138-421b-b0e4-0c92d32c309a,1024:12:AES-128:decrypt,0,3,AES-128,software,CBC,1024,12,decrypt,6400,0,0.0,6.4e-06,160.0
c7f01d62-d138-421b-b0e4-0c92d32c309a,1024:12:AES-192:decrypt,1,0,AES-192,software,CBC,1024,12,decrypt,7100,0,0.0,7.1e-06,144.22535211267606
c7f01d62-d138-421b-b0e4-0c92d32c309a,1024:12:AES-192:encrypt,1,1,AES-192,software,CBC,1024,12,encrypt,7100,0,0.0,7.1e-06,144.22535211267606
c7f01d62-d138-421b-b0e4-0c92d32c309a,1024:12:AES-192:decrypt,1,2,AES-192,aesni,CBC,1024,12,decrypt,3800,0,0.0,3.8e-06,269.4736842105263
c7f01d62-d138-421b-b0e4-0c92d32c309a,1024:12:AES-192:encrypt,1,3,AES-192,aesni,CBC,1024,12,encrypt,3900,0,0.0,3.9e-06,262.56410256410254
c7f01d62-d138-421b-b0e4-0c92d32c309a,1024:12:AES-256:encrypt,2,0,AES-256,aesni,CBC,1024,12,encrypt,4000,0,0.0,4e-06,256.0
c7f01d62-d138-421b-b0e4-0c92d32c309a,1024:12:AES-256:encrypt,2,1,AES-256,software,CBC,1024,12,encrypt,7800,0,0.0,7.8e-06,131.28205128205127
c7f01d62-d138-421b-b0e4-0c92d32c309a,1024:12:AES-256:decrypt,2,2,AES-256,software,CBC,1024,12,decrypt,7900,0,0.0,7.9e-06,129.62025316455697
c7f01d62-d138-421b-b0e4-0c92d32c309a,1024:12:AES-256:decrypt,2,3,AES-256,aesni,CBC,1024,12,decrypt,4000,0,0.0,4e-06,256.0
c7f01d62-d138-421b-b0e4-0c92d32c309a,1024:13:AES-192:encrypt,0,0,AES-192,aesni,CBC,1024,13,encrypt,3900,0,0.0,3.9e-06,262.56410256410254
c7f01d62-d138-421b-b0e4-0c92d32c309a,1024:13:AES-192:decrypt,0,1,AES-192,software,CBC,1024,13,decrypt,7100,0,0.0,7.1e-06,144.22535211267606
c7f01d62-d138-421b-b0e4-0c92d32c309a,1024:13:AES-192:decrypt,0,2,AES-192,aesni,CBC,1024,13,decrypt,3800,0,0.0,3.8e-06,269.4736842105263
c7f01d62-d138-421b-b0e4-0c92d32c309a,1024:13:AES-192:encrypt,0,3,AES-192,software,CBC,1024,13,encrypt,11200,0,0.0,1.12e-05,91.42857142857143
c7f01d62-d138-421b-b0e4-0c92d32c309a,1024:13:AES-128:decrypt,1,0,AES-128,aesni,CBC,1024,13,decrypt,5300,0,0.0,5.3e-06,193.20754716981133
c7f01d62-d138-421b-b0e4-0c92d32c309a,1024:13:AES-128:encrypt,1,1,AES-128,software,CBC,1024,13,encrypt,6600,0,0.0,6.6e-06,155.15151515151516
c7f01d62-d138-421b-b0e4-0c92d32c309a,1024:13:AES-128:encrypt,1,2,AES-128,aesni,CBC,1024,13,encrypt,3800,0,0.0,3.8e-06,269.4736842105263
c7f01d62-d138-421b-b0e4-0c92d32c309a,1024:13:AES-128:decrypt,1,3,AES-128,software,CBC,1024,13,decrypt,6500,0,0.0,6.5e-06,157.53846153846155
c7f01d62-d138-421b-b0e4-0c92d32c309a,1024:13:AES-256:encrypt,2,0,AES-256,aesni,CBC,1024,13,encrypt,3900,0,0.0,3.9e-06,262.56410256410254
c7f01d62-d138-421b-b0e4-0c92d32c309a,1024:13:AES-256:decrypt,2,1,AES-256,software,CBC,1024,13,decrypt,7800,0,0.0,7.8e-06,131.28205128205127
c7f01d62-d138-421b-b0e4-0c92d32c309a,1024:13:AES-256:decrypt,2,2,AES-256,aesni,CBC,1024,13,decrypt,4000,0,0.0,4e-06,256.0
c7f01d62-d138-421b-b0e4-0c92d32c309a,1024:13:AES-256:encrypt,2,3,AES-256,software,CBC,1024,13,encrypt,7700,0,0.0,7.7e-06,132.98701298701297
c7f01d62-d138-421b-b0e4-0c92d32c309a,1024:14:AES-128:decrypt,0,0,AES-128,software,CBC,1024,14,decrypt,6600,0,0.0,6.6e-06,155.15151515151516
c7f01d62-d138-421b-b0e4-0c92d32c309a,1024:14:AES-128:encrypt,0,1,AES-128,software,CBC,1024,14,encrypt,6500,0,0.0,6.5e-06,157.53846153846155
c7f01d62-d138-421b-b0e4-0c92d32c309a,1024:14:AES-128:encrypt,0,2,AES-128,aesni,CBC,1024,14,encrypt,3800,0,0.0,3.8e-06,269.4736842105263
c7f01d62-d138-421b-b0e4-0c92d32c309a,1024:14:AES-128:decrypt,0,3,AES-128,aesni,CBC,1024,14,decrypt,3800,0,0.0,3.8e-06,269.4736842105263
c7f01d62-d138-421b-b0e4-0c92d32c309a,1024:14:AES-192:decrypt,1,0,AES-192,aesni,CBC,1024,14,decrypt,3800,0,0.0,3.8e-06,269.4736842105263
c7f01d62-d138-421b-b0e4-0c92d32c309a,1024:14:AES-192:decrypt,1,1,AES-192,software,CBC,1024,14,decrypt,7000,0,0.0,7e-06,146.28571428571428
c7f01d62-d138-421b-b0e4-0c92d32c309a,1024:14:AES-192:encrypt,1,2,AES-192,aesni,CBC,1024,14,encrypt,3900,0,0.0,3.9e-06,262.56410256410254
c7f01d62-d138-421b-b0e4-0c92d32c309a,1024:14:AES-192:encrypt,1,3,AES-192,software,CBC,1024,14,encrypt,7200,0,0.0,7.2e-06,142.22222222222223
c7f01d62-d138-421b-b0e4-0c92d32c309a,1024:14:AES-256:decrypt,2,0,AES-256,software,CBC,1024,14,decrypt,7900,0,0.0,7.9e-06,129.62025316455697
c7f01d62-d138-421b-b0e4-0c92d32c309a,1024:14:AES-256:encrypt,2,1,AES-256,software,CBC,1024,14,encrypt,7700,0,0.0,7.7e-06,132.98701298701297
c7f01d62-d138-421b-b0e4-0c92d32c309a,1024:14:AES-256:encrypt,2,2,AES-256,aesni,CBC,1024,14,encrypt,4000,0,0.0,4e-06,256.0
c7f01d62-d138-421b-b0e4-0c92d32c309a,1024:14:AES-256:decrypt,2,3,AES-256,aesni,CBC,1024,14,decrypt,4000,0,0.0,4e-06,256.0
c7f01d62-d138-421b-b0e4-0c92d32c309a,1024:15:AES-192:encrypt,0,0,AES-192,aesni,CBC,1024,15,encrypt,3900,0,0.0,3.9e-06,262.56410256410254
c7f01d62-d138-421b-b0e4-0c92d32c309a,1024:15:AES-192:decrypt,0,1,AES-192,software,CBC,1024,15,decrypt,7100,0,0.0,7.1e-06,144.22535211267606
c7f01d62-d138-421b-b0e4-0c92d32c309a,1024:15:AES-192:encrypt,0,2,AES-192,software,CBC,1024,15,encrypt,7000,0,0.0,7e-06,146.28571428571428
c7f01d62-d138-421b-b0e4-0c92d32c309a,1024:15:AES-192:decrypt,0,3,AES-192,aesni,CBC,1024,15,decrypt,3900,0,0.0,3.9e-06,262.56410256410254
c7f01d62-d138-421b-b0e4-0c92d32c309a,1024:15:AES-128:encrypt,1,0,AES-128,aesni,CBC,1024,15,encrypt,3800,0,0.0,3.8e-06,269.4736842105263
c7f01d62-d138-421b-b0e4-0c92d32c309a,1024:15:AES-128:decrypt,1,1,AES-128,software,CBC,1024,15,decrypt,6500,0,0.0,6.5e-06,157.53846153846155
c7f01d62-d138-421b-b0e4-0c92d32c309a,1024:15:AES-128:decrypt,1,2,AES-128,aesni,CBC,1024,15,decrypt,3600,0,0.0,3.6e-06,284.44444444444446
c7f01d62-d138-421b-b0e4-0c92d32c309a,1024:15:AES-128:encrypt,1,3,AES-128,software,CBC,1024,15,encrypt,6400,0,0.0,6.4e-06,160.0
c7f01d62-d138-421b-b0e4-0c92d32c309a,1024:15:AES-256:encrypt,2,0,AES-256,software,CBC,1024,15,encrypt,7600,0,0.0,7.6e-06,134.73684210526315
c7f01d62-d138-421b-b0e4-0c92d32c309a,1024:15:AES-256:decrypt,2,1,AES-256,software,CBC,1024,15,decrypt,7900,0,0.0,7.9e-06,129.62025316455697
c7f01d62-d138-421b-b0e4-0c92d32c309a,1024:15:AES-256:decrypt,2,2,AES-256,aesni,CBC,1024,15,decrypt,4000,0,0.0,4e-06,256.0
c7f01d62-d138-421b-b0e4-0c92d32c309a,1024:15:AES-256:encrypt,2,3,AES-256,aesni,CBC,1024,15,encrypt,3900,0,0.0,3.9e-06,262.56410256410254
c7f01d62-d138-421b-b0e4-0c92d32c309a,1024:16:AES-256:encrypt,0,0,AES-256,aesni,CBC,1024,16,encrypt,4200,0,0.0,4.2e-06,243.8095238095238
c7f01d62-d138-421b-b0e4-0c92d32c309a,1024:16:AES-256:decrypt,0,1,AES-256,aesni,CBC,1024,16,decrypt,4500,0,0.0,4.5e-06,227.55555555555554
c7f01d62-d138-421b-b0e4-0c92d32c309a,1024:16:AES-256:decrypt,0,2,AES-256,software,CBC,1024,16,decrypt,7900,0,0.0,7.9e-06,129.62025316455697
c7f01d62-d138-421b-b0e4-0c92d32c309a,1024:16:AES-256:encrypt,0,3,AES-256,software,CBC,1024,16,encrypt,7900,0,0.0,7.9e-06,129.62025316455697
c7f01d62-d138-421b-b0e4-0c92d32c309a,1024:16:AES-128:encrypt,1,0,AES-128,software,CBC,1024,16,encrypt,6500,0,0.0,6.5e-06,157.53846153846155
c7f01d62-d138-421b-b0e4-0c92d32c309a,1024:16:AES-128:encrypt,1,1,AES-128,aesni,CBC,1024,16,encrypt,3800,0,0.0,3.8e-06,269.4736842105263
c7f01d62-d138-421b-b0e4-0c92d32c309a,1024:16:AES-128:decrypt,1,2,AES-128,software,CBC,1024,16,decrypt,6500,0,0.0,6.5e-06,157.53846153846155
c7f01d62-d138-421b-b0e4-0c92d32c309a,1024:16:AES-128:decrypt,1,3,AES-128,aesni,CBC,1024,16,decrypt,3900,0,0.0,3.9e-06,262.56410256410254
c7f01d62-d138-421b-b0e4-0c92d32c309a,1024:16:AES-192:decrypt,2,0,AES-192,aesni,CBC,1024,16,decrypt,3800,0,0.0,3.8e-06,269.4736842105263
c7f01d62-d138-421b-b0e4-0c92d32c309a,1024:16:AES-192:encrypt,2,1,AES-192,aesni,CBC,1024,16,encrypt,4000,0,0.0,4e-06,256.0
c7f01d62-d138-421b-b0e4-0c92d32c309a,1024:16:AES-192:encrypt,2,2,AES-192,software,CBC,1024,16,encrypt,7000,0,0.0,7e-06,146.28571428571428
c7f01d62-d138-421b-b0e4-0c92d32c309a,1024:16:AES-192:decrypt,2,3,AES-192,software,CBC,1024,16,decrypt,8100,0,0.0,8.1e-06,126.41975308641975
c7f01d62-d138-421b-b0e4-0c92d32c309a,1024:17:AES-192:encrypt,0,0,AES-192,aesni,CBC,1024,17,encrypt,4000,0,0.0,4e-06,256.0
c7f01d62-d138-421b-b0e4-0c92d32c309a,1024:17:AES-192:decrypt,0,1,AES-192,aesni,CBC,1024,17,decrypt,3900,0,0.0,3.9e-06,262.56410256410254
c7f01d62-d138-421b-b0e4-0c92d32c309a,1024:17:AES-192:decrypt,0,2,AES-192,software,CBC,1024,17,decrypt,7100,0,0.0,7.1e-06,144.22535211267606
c7f01d62-d138-421b-b0e4-0c92d32c309a,1024:17:AES-192:encrypt,0,3,AES-192,software,CBC,1024,17,encrypt,7100,0,0.0,7.1e-06,144.22535211267606
c7f01d62-d138-421b-b0e4-0c92d32c309a,1024:17:AES-256:decrypt,1,0,AES-256,aesni,CBC,1024,17,decrypt,4200,0,0.0,4.2e-06,243.8095238095238
c7f01d62-d138-421b-b0e4-0c92d32c309a,1024:17:AES-256:encrypt,1,1,AES-256,aesni,CBC,1024,17,encrypt,3900,0,0.0,3.9e-06,262.56410256410254
c7f01d62-d138-421b-b0e4-0c92d32c309a,1024:17:AES-256:encrypt,1,2,AES-256,software,CBC,1024,17,encrypt,7900,0,0.0,7.9e-06,129.62025316455697
c7f01d62-d138-421b-b0e4-0c92d32c309a,1024:17:AES-256:decrypt,1,3,AES-256,software,CBC,1024,17,decrypt,7900,0,0.0,7.9e-06,129.62025316455697
c7f01d62-d138-421b-b0e4-0c92d32c309a,1024:17:AES-128:decrypt,2,0,AES-128,software,CBC,1024,17,decrypt,6500,0,0.0,6.5e-06,157.53846153846155
c7f01d62-d138-421b-b0e4-0c92d32c309a,1024:17:AES-128:decrypt,2,1,AES-128,aesni,CBC,1024,17,decrypt,3900,0,0.0,3.9e-06,262.56410256410254
c7f01d62-d138-421b-b0e4-0c92d32c309a,1024:17:AES-128:encrypt,2,2,AES-128,software,CBC,1024,17,encrypt,6400,0,0.0,6.4e-06,160.0
c7f01d62-d138-421b-b0e4-0c92d32c309a,1024:17:AES-128:encrypt,2,3,AES-128,aesni,CBC,1024,17,encrypt,3700,0,0.0,3.7e-06,276.7567567567568
c7f01d62-d138-421b-b0e4-0c92d32c309a,1024:18:AES-128:decrypt,0,0,AES-128,aesni,CBC,1024,18,decrypt,3800,0,0.0,3.8e-06,269.4736842105263
c7f01d62-d138-421b-b0e4-0c92d32c309a,1024:18:AES-128:encrypt,0,1,AES-128,software,CBC,1024,18,encrypt,6400,0,0.0,6.4e-06,160.0
c7f01d62-d138-421b-b0e4-0c92d32c309a,1024:18:AES-128:encrypt,0,2,AES-128,aesni,CBC,1024,18,encrypt,3700,0,0.0,3.7e-06,276.7567567567568
c7f01d62-d138-421b-b0e4-0c92d32c309a,1024:18:AES-128:decrypt,0,3,AES-128,software,CBC,1024,18,decrypt,6400,0,0.0,6.4e-06,160.0
c7f01d62-d138-421b-b0e4-0c92d32c309a,1024:18:AES-256:decrypt,1,0,AES-256,aesni,CBC,1024,18,decrypt,4100,0,0.0,4.1e-06,249.7560975609756
c7f01d62-d138-421b-b0e4-0c92d32c309a,1024:18:AES-256:encrypt,1,1,AES-256,software,CBC,1024,18,encrypt,7900,0,0.0,7.9e-06,129.62025316455697
c7f01d62-d138-421b-b0e4-0c92d32c309a,1024:18:AES-256:decrypt,1,2,AES-256,software,CBC,1024,18,decrypt,7700,0,0.0,7.7e-06,132.98701298701297
c7f01d62-d138-421b-b0e4-0c92d32c309a,1024:18:AES-256:encrypt,1,3,AES-256,aesni,CBC,1024,18,encrypt,4000,0,0.0,4e-06,256.0
c7f01d62-d138-421b-b0e4-0c92d32c309a,1024:18:AES-192:decrypt,2,0,AES-192,software,CBC,1024,18,decrypt,7200,0,0.0,7.2e-06,142.22222222222223
c7f01d62-d138-421b-b0e4-0c92d32c309a,1024:18:AES-192:encrypt,2,1,AES-192,aesni,CBC,1024,18,encrypt,3800,0,0.0,3.8e-06,269.4736842105263
c7f01d62-d138-421b-b0e4-0c92d32c309a,1024:18:AES-192:decrypt,2,2,AES-192,aesni,CBC,1024,18,decrypt,4000,0,0.0,4e-06,256.0
c7f01d62-d138-421b-b0e4-0c92d32c309a,1024:18:AES-192:encrypt,2,3,AES-192,software,CBC,1024,18,encrypt,7100,0,0.0,7.1e-06,144.22535211267606
c7f01d62-d138-421b-b0e4-0c92d32c309a,1024:19:AES-256:decrypt,0,0,AES-256,aesni,CBC,1024,19,decrypt,4100,0,0.0,4.1e-06,249.7560975609756
c7f01d62-d138-421b-b0e4-0c92d32c309a,1024:19:AES-256:encrypt,0,1,AES-256,aesni,CBC,1024,19,encrypt,3900,0,0.0,3.9e-06,262.56410256410254
c7f01d62-d138-421b-b0e4-0c92d32c309a,1024:19:AES-256:encrypt,0,2,AES-256,software,CBC,1024,19,encrypt,7700,0,0.0,7.7e-06,132.98701298701297
c7f01d62-d138-421b-b0e4-0c92d32c309a,1024:19:AES-256:decrypt,0,3,AES-256,software,CBC,1024,19,decrypt,7900,0,0.0,7.9e-06,129.62025316455697
c7f01d62-d138-421b-b0e4-0c92d32c309a,1024:19:AES-192:decrypt,1,0,AES-192,aesni,CBC,1024,19,decrypt,4000,0,0.0,4e-06,256.0
c7f01d62-d138-421b-b0e4-0c92d32c309a,1024:19:AES-192:encrypt,1,1,AES-192,aesni,CBC,1024,19,encrypt,3700,0,0.0,3.7e-06,276.7567567567568
c7f01d62-d138-421b-b0e4-0c92d32c309a,1024:19:AES-192:encrypt,1,2,AES-192,software,CBC,1024,19,encrypt,7100,0,0.0,7.1e-06,144.22535211267606
c7f01d62-d138-421b-b0e4-0c92d32c309a,1024:19:AES-192:decrypt,1,3,AES-192,software,CBC,1024,19,decrypt,7200,0,0.0,7.2e-06,142.22222222222223
c7f01d62-d138-421b-b0e4-0c92d32c309a,1024:19:AES-128:decrypt,2,0,AES-128,software,CBC,1024,19,decrypt,6600,0,0.0,6.6e-06,155.15151515151516
c7f01d62-d138-421b-b0e4-0c92d32c309a,1024:19:AES-128:encrypt,2,1,AES-128,aesni,CBC,1024,19,encrypt,23800,0,0.0,2.38e-05,43.02521008403362
c7f01d62-d138-421b-b0e4-0c92d32c309a,1024:19:AES-128:decrypt,2,2,AES-128,aesni,CBC,1024,19,decrypt,4400,0,0.0,4.4e-06,232.72727272727272
c7f01d62-d138-421b-b0e4-0c92d32c309a,1024:19:AES-128:encrypt,2,3,AES-128,software,CBC,1024,19,encrypt,6600,0,0.0,6.6e-06,155.15151515151516
