session_id,seed,algorithm,operation,backend,profile,measurement,host_memory,mode,bytes,repeat,pair_id,pair_sha256,job_order,global_order,validation_checked,resident_iterations,kernel_throughput_MB_s,end_to_end_throughput_MB_s,kernel_seconds,end_to_end_seconds,h2d_ns,kernel_ns,d2h_ns,transfer_ns,end_to_end_ns,wall_elapsed_ns,seconds,throughput_MB_s,process_cpu_ns,process_to_wall_ratio,resident_batch_ns
41fe6b46-d014-4944-8798-d1f805277064,2003,AES-128,encrypt,cpu_aesni,aesni,transform,bytes,CTR,1024,0,1024:CTR:0,050b8d3132396fb40c2c6d670228250d511729c0a67f0440b6059e453d961741,0,0,True,,,,,,,,,,,4600,4.6e-06,222.6086956521739,0,0.0,
41fe6b46-d014-4944-8798-d1f805277064,2003,AES-128,encrypt,cpu_software,software,transform,bytes,CTR,1024,0,1024:CTR:0,050b8d3132396fb40c2c6d670228250d511729c0a67f0440b6059e453d961741,1,1,True,,,,,,,,,,,6600,6.6e-06,155.15151515151516,0,0.0,
41fe6b46-d014-4944-8798-d1f805277064,2003,AES-128,encrypt,cuda_baseline,baseline,resident,pinned,CTR,1024,0,1024:CTR:0,050b8d3132396fb40c2c6d670228250d511729c0a67f0440b6059e453d961741,2,2,True,1,21.108179162563783,,4.851200059056282e-05,,,48512.00059056282,,,,,,,,,48512.00059056282
41fe6b46-d014-4944-8798-d1f805277064,2003,AES-128,encrypt,cuda_optimized_v1,optimized,pipeline,pinned,CTR,1024,0,1024:CTR:0,050b8d3132396fb40c2c6d670228250d511729c0a67f0440b6059e453d961741,3,3,True,,20.539152904726688,5.682574916759156,4.9855999648571016e-05,0.0001802,41100,49855.999648571014,39000,80100,180200,,,,,,
41fe6b46-d014-4944-8798-d1f805277064,2003,AES-128,encrypt,cuda_baseline,baseline,pipeline,pinned,CTR,1024,0,1024:CTR:0,050b8d3132396fb40c2c6d670228250d511729c0a67f0440b6059e453d961741,4,4,True,,18.86792461641117,5.663716814159292,5.427199974656105e-05,0.0001808,38400,54271.99974656105,39700,78100,180800,,,,,,
41fe6b46-d014-4944-8798-d1f805277064,2003,AES-128,encrypt,cuda_optimized_v1,optimized,resident,pinned,CTR,1024,0,1024:CTR:0,050b8d3132396fb40c2c6d670228250d511729c0a67f0440b6059e453d961741,5,5,True,1,10.940171236953224,,9.359999746084214e-05,,,93599.99746084213,,,,,,,,,93599.99746084213
41fe6b46-d014-4944-8798-d1f805277064,2003,AES-128,encrypt,cuda_optimized_v1,optimized,pipeline,pinned,ECB,1024,0,1024:ECB:0,8abfad2f2851c83e1ede5db7b27360ea6a3cf39807834b83a26d91183b28f103,0,6,True,,8.4099866336245,2.5036674816625917,0.00012176000326871872,0.000409,81900,121760.00326871872,84700,166600,409000,,,,,,
41fe6b46-d014-4944-8798-d1f805277064,2003,AES-128,encrypt,cpu_aesni,aesni,transform,bytes,ECB,1024,0,1024:ECB:0,8abfad2f2851c83e1ede5db7b27360ea6a3cf39807834b83a26d91183b28f103,1,7,True,,,,,,,,,,,7900,7.9e-06,129.62025316455697,0,0.0,
41fe6b46-d014-4944-8798-d1f805277064,2003,AES-128,encrypt,cuda_optimized_v1,optimized,resident,pinned,ECB,1024,0,1024:ECB:0,8abfad2f2851c83e1ede5db7b27360ea6a3cf39807834b83a26d91183b28f103,2,8,True,1,19.96257039978823,,5.1295999437570575e-05,,,51295.99943757057,,,,,,,,,51295.99943757057
41fe6b46-d014-4944-8798-d1f805277064,2003,AES-128,encrypt,cuda_baseline,baseline,resident,pinned,ECB,1024,0,1024:ECB:0,8abfad2f2851c83e1ede5db7b27360ea6a3cf39807834b83a26d91183b28f103,3,9,True,1,19.716574022929013,,5.193600058555603e-05,,,51936.00058555603,,,,,,,,,51936.00058555603
41fe6b46-d014-4944-8798-d1f805277064,2003,AES-128,encrypt,cuda_baseline,baseline,pipeline,pinned,ECB,1024,0,1024:ECB:0,8abfad2f2851c83e1ede5db7b27360ea6a3cf39807834b83a26d91183b28f103,4,10,True,,21.462106767923274,5.759280089988751,4.7711998224258425e-05,0.0001778,38800,47711.99822425842,41700,80500,177800,,,,,,
41fe6b46-d014-4944-8798-d1f805277064,2003,AES-128,encrypt,cpu_software,software,transform,bytes,ECB,1024,0,1024:ECB:0,8abfad2f2851c83e1ede5db7b27360ea6a3cf39807834b83a26d91183b28f103,5,11,True,,,,,,,,,,,10000,1e-05,102.4,0,0.0,
41fe6b46-d014-4944-8798-d1f805277064,2003,AES-128,encrypt,cpu_aesni,aesni,transform,bytes,CTR,1024,1,1024:CTR:1,f6230ca8732f612c51f84c70bcd1045a4ae82885c867ff3984a0e56e3dc02761,0,12,True,,,,,,,,,,,4300,4.3e-06,238.13953488372093,0,0.0,
41fe6b46-d014-4944-8798-d1f805277064,2003,AES-128,encrypt,cuda_optimized_v1,optimized,pipeline,pinned,CTR,1024,1,1024:CTR:1,f6230ca8732f612c51f84c70bcd1045a4ae82885c867ff3984a0e56e3dc02761,1,13,True,,21.066490539818368,5.583424209378408,4.860800132155419e-05,0.0001834,40400,48608.001321554184,43100,83500,183400,,,,,,
41fe6b46-d014-4944-8798-d1f805277064,2003,AES-128,encrypt,cuda_baseline,baseline,pipeline,pinned,CTR,1024,1,1024:CTR:1,f6230ca8732f612c51f84c70bcd1045a4ae82885c867ff3984a0e56e3dc02761,2,14,True,,21.094264634199966,5.679423183582918,4.854400083422661e-05,0.0001803,39800,48544.00083422661,42300,82100,180300,,,,,,
41fe6b46-d014-4944-8798-d1f805277064,2003,AES-128,encrypt,cuda_optimized_v1,optimized,resident,pinned,CTR,1024,1,1024:CTR:1,f6230ca8732f612c51f84c70bcd1045a4ae82885c867ff3984a0e56e3dc02761,3,15,True,1,20.176545156080213,,5.075199902057648e-05,,,50751.99902057648,,,,,,,,,50751.99902057648
41fe6b46-d014-4944-8798-d1f805277064,2003,AES-128,encrypt,cpu_software,software,transform,bytes,CTR,1024,1,1024:CTR:1,f6230ca8732f612c51f84c70bcd1045a4ae82885c867ff3984a0e56e3dc02761,4,16,True,,,,,,,,,,,9100,9.1e-06,112.52747252747253,0,0.0,
41fe6b46-d014-4944-8798-d1f805277064,2003,AES-128,encrypt,cuda_baseline,baseline,resident,pinned,CTR,1024,1,1024:CTR:1,f6230ca8732f612c51f84c70bcd1045a4ae82885c867ff3984a0e56e3dc02761,5,17,True,1,18.691588812378757,,5.478399991989136e-05,,,54783.99991989136,,,,,,,,,54783.99991989136
41fe6b46-d014-4944-8798-d1f805277064,2003,AES-128,encrypt,cuda_optimized_v1,optimized,resident,pinned,ECB,1024,1,1024:ECB:1,0f39582d7772fd4fc96a0b47982f28deaa98da2255288f02c66353db42d3ff4f,0,18,True,1,21.462106767923274,,4.7711998224258425e-05,,,47711.99822425842,,,,,,,,,47711.99822425842
41fe6b46-d014-4944-8798-d1f805277064,2003,AES-128,encrypt,cpu_aesni,aesni,transform,bytes,ECB,1024,1,1024:ECB:1,0f39582d7772fd4fc96a0b47982f28deaa98da2255288f02c66353db42d3ff4f,1,19,True,,,,,,,,,,,5600,5.6e-06,182.85714285714286,0,0.0,
41fe6b46-d014-4944-8798-d1f805277064,2003,AES-128,encrypt,cpu_software,software,transform,bytes,ECB,1024,1,1024:ECB:1,0f39582d7772fd4fc96a0b47982f28deaa98da2255288f02c66353db42d3ff4f,2,20,True,,,,,,,,,,,6800,6.8e-06,150.58823529411765,0,0.0,
41fe6b46-d014-4944-8798-d1f805277064,2003,AES-128,encrypt,cuda_baseline,baseline,resident,pinned,ECB,1024,1,1024:ECB:1,0f39582d7772fd4fc96a0b47982f28deaa98da2255288f02c66353db42d3ff4f,3,21,True,1,21.843003720681416,,4.687999933958054e-05,,,46879.999339580536,,,,,,,,,46879.999339580536
41fe6b46-d014-4944-8798-d1f805277064,2003,AES-128,encrypt,cuda_baseline,baseline,pipeline,pinned,ECB,1024,1,1024:ECB:1,0f39582d7772fd4fc96a0b47982f28deaa98da2255288f02c66353db42d3ff4f,4,22,True,,20.69857678460131,5.739910313901345,4.947200044989586e-05,0.0001784,39000,49472.00044989586,41500,80500,178400,,,,,,
41fe6b46-d014-4944-8798-d1f805277064,2003,AES-128,encrypt,cuda_optimized_v1,optimized,pipeline,pinned,ECB,1024,1,1024:ECB:1,0f39582d7772fd4fc96a0b47982f28deaa98da2255288f02c66353db42d3ff4f,5,23,True,,19.96257039978823,5.679423183582918,5.1295999437570575e-05,0.0001803,39500,51295.99943757057,41000,80500,180300,,,,,,
41fe6b46-d014-4944-8798-d1f805277064,2003,AES-128,encrypt,cpu_aesni,aesni,transform,bytes,CTR,1024,2,1024:CTR:2,a9edaba06b211f7e5fdcff34440b8a0839f66b4db277976bfc8a0c819523f0ce,0,24,True,,,,,,,,,,,4500,4.5e-06,227.55555555555554,0,0.0,
41fe6b46-d014-4944-8798-d1f805277064,2003,AES-128,encrypt,cuda_baseline,baseline,pipeline,pinned,CTR,1024,2,1024:CTR:2,a9edaba06b211f7e5fdcff34440b8a0839f66b4db277976bfc8a0c819523f0ce,1,25,True,,21.234240917924414,5.682574916759156,4.822399839758873e-05,0.0001802,39500,48223.99839758873,41400,80900,180200,,,,,,
41fe6b46-d014-4944-8798-d1f805277064,2003,AES-128,encrypt,cuda_optimized_v1,optimized,pipeline,pinned,CTR,1024,2,1024:CTR:2,a9edaba06b211f7e5fdcff34440b8a0839f66b4db277976bfc8a0c819523f0ce,2,26,True,,21.519838160315402,5.743129556926529,4.758400097489357e-05,0.0001783,40200,47584.00097489357,41300,81500,178300,,,,,,
41fe6b46-d014-4944-8798-d1f805277064,2003,AES-128,encrypt,cpu_software,software,transform,bytes,CTR,1024,2,1024:CTR:2,a9edaba06b211f7e5fdcff34440b8a0839f66b4db277976bfc8a0c819523f0ce,3,27,True,,,,,,,,,,,8600,8.6e-06,119.06976744186046,0,0.0,
41fe6b46-d014-4944-8798-d1f805277064,2003,AES-128,encrypt,cuda_baseline,baseline,resident,pinned,CTR,1024,2,1024:CTR:2,a9edaba06b211f7e5fdcff34440b8a0839f66b4db277976bfc8a0c819523f0ce,4,28,True,1,18.507807868800406,,5.532800033688545e-05,,,55328.00033688545,,,,,,,,,55328.00033688545
41fe6b46-d014-4944-8798-d1f805277064,2003,AES-128,encrypt,cuda_optimized_v1,optimized,resident,pinned,CTR,1024,2,1024:CTR:2,a9edaba06b211f7e5fdcff34440b8a0839f66b4db277976bfc8a0c819523f0ce,5,29,True,1,18.09954793875079,,5.6575998663902286e-05,,,56575.99866390228,,,,,,,,,56575.99866390228
41fe6b46-d014-4944-8798-d1f805277064,2003,AES-128,encrypt,cuda_baseline,baseline,pipeline,pinned,ECB,1024,2,1024:ECB:2,9fa0da227a2eac13180dbbe3e0bf29afba21b692723da70b9ce2f8ba5b230b5c,0,30,True,,16.771488675833663,4.137373737373737,6.10559992492199e-05,0.0002475,80200,61055.999249219894,49800,130000,247500,,,,,,
41fe6b46-d014-4944-8798-d1f805277064,2003,AES-128,encrypt,cuda_baseline,baseline,resident,pinned,ECB,1024,2,1024:ECB:2,9fa0da227a2eac13180dbbe3e0bf29afba21b692723da70b9ce2f8ba5b230b5c,1,31,True,1,20.94240846723381,,4.8895999789237976e-05,,,48895.999789237976,,,,,,,,,48895.999789237976
41fe6b46-d014-4944-8798-d1f805277064,2003,AES-128,encrypt,cpu_software,software,transform,bytes,ECB,1024,2,1024:ECB:2,9fa0da227a2eac13180dbbe3e0bf29afba21b692723da70b9ce2f8ba5b230b5c,2,32,True,,,,,,,,,,,13100,1.31e-05,78.16793893129771,0,0.0,
41fe6b46-d014-4944-8798-d1f805277064,2003,AES-128,encrypt,cuda_optimized_v1,optimized,resident,pinned,ECB,1024,2,1024:ECB:2,9fa0da227a2eac13180dbbe3e0bf29afba21b692723da70b9ce2f8ba5b230b5c,3,33,True,1,21.56334220730823,,4.7488000243902205e-05,,,47488.00024390221,,,,,,,,,47488.00024390221
41fe6b46-d014-4944-8798-d1f805277064,2003,AES-128,encrypt,cuda_optimized_v1,optimized,pipeline,pinned,ECB,1024,2,1024:ECB:2,9fa0da227a2eac13180dbbe3e0bf29afba21b692723da70b9ce2f8ba5b230b5c,4,34,True,,18.64801834423223,5.2271567126084735,5.491200089454651e-05,0.0001959,47100,54912.00089454651,41400,88500,195900,,,,,,
41fe6b46-d014-4944-8798-d1f805277064,2003,AES-128,encrypt,cpu_aesni,aesni,transform,bytes,ECB,1024,2,1024:ECB:2,9fa0da227a2eac13180dbbe3e0bf29afba21b692723da70b9ce2f8ba5b230b5c,5,35,True,,,,,,,,,,,8000,8e-06,128.0,0,0.0,
41fe6b46-d014-4944-8798-d1f805277064,2003,AES-128,encrypt,cpu_software,software,transform,bytes,CTR,1024,3,1024:CTR:3,33d13c5bfe20c8f2c7cdf3f8e214744505cd24954423b06d91fafa261fa4be4f,0,36,True,,,,,,,,,,,7100,7.1e-06,144.22535211267606,0,0.0,
41fe6b46-d014-4944-8798-d1f805277064,2003,AES-128,encrypt,cuda_baseline,baseline,pipeline,pinned,CTR,1024,3,1024:CTR:3,33d13c5bfe20c8f2c7cdf3f8e214744505cd24954423b06d91fafa261fa4be4f,1,37,True,,19.950124812176867,5.366876310272537,5.132799968123436e-05,0.0001908,40400,51327.99968123436,44700,85100,190800,,,,,,
41fe6b46-d014-4944-8798-d1f805277064,2003,AES-128,encrypt,cuda_optimized_v1,optimized,resident,pinned,CTR,1024,3,1024:CTR:3,33d13c5bfe20c8f2c7cdf3f8e214744505cd24954423b06d91fafa261fa4be4f,2,38,True,1,20.59202114114287,,4.972799867391586e-05,,,49727.99867391586,,,,,,,,,49727.99867391586
41fe6b46-d014-4944-8798-d1f805277064,2003,AES-128,encrypt,cuda_baseline,baseline,resident,pinned,CTR,1024,3,1024:CTR:3,33d13c5bfe20c8f2c7cdf3f8e214744505cd24954423b06d91fafa261fa4be4f,3,39,True,1,18.390804831583825,,5.567999929189682e-05,,,55679.99929189682,,,,,,,,,55679.99929189682
41fe6b46-d014-4944-8798-d1f805277064,2003,AES-128,encrypt,cpu_aesni,aesni,transform,bytes,CTR,1024,3,1024:CTR:3,33d13c5bfe20c8f2c7cdf3f8e214744505cd24954423b06d91fafa261fa4be4f,4,40,True,,,,,,,,,,,8100,8.1e-06,126.41975308641975,0,0.0,
41fe6b46-d014-4944-8798-d1f805277064,2003,AES-128,encrypt,cuda_optimized_v1,optimized,pipeline,pinned,CTR,1024,3,1024:CTR:3,33d13c5bfe20c8f2c7cdf3f8e214744505cd24954423b06d91fafa261fa4be4f,5,41,True,,18.550724852012504,5.426603073661897,5.51999993622303e-05,0.0001887,40800,55199.9993622303,41200,82000,188700,,,,,,
41fe6b46-d014-4944-8798-d1f805277064,2003,AES-128,encrypt,cuda_optimized_v1,optimized,resident,pinned,ECB,1024,3,1024:ECB:3,ca4c90593eb58911d9837765387288f0b319908f86fad1a12710944e2a6b629c,0,42,True,1,20.12578616540816,,5.0879999995231625e-05,,,50879.99999523163,,,,,,,,,50879.99999523163
41fe6b46-d014-4944-8798-d1f805277064,2003,AES-128,encrypt,cpu_software,software,transform,bytes,ECB,1024,3,1024:ECB:3,ca4c90593eb58911d9837765387288f0b319908f86fad1a12710944e2a6b629c,1,43,True,,,,,,,,,,,10100,1.01e-05,101.38613861386139,0,0.0,
41fe6b46-d014-4944-8798-d1f805277064,2003,AES-128,encrypt,cuda_baseline,baseline,pipeline,pinned,ECB,1024,3,1024:ECB:3,ca4c90593eb58911d9837765387288f0b319908f86fad1a12710944e2a6b629c,2,44,True,,21.607022504316053,5.66998892580288,4.739199951291084e-05,0.0001806,41700,47391.99951291084,42300,84000,180600,,,,,,
41fe6b46-d014-4944-8798-d1f805277064,2003,AES-128,encrypt,cuda_optimized_v1,optimized,pipeline,pinned,ECB,1024,3,1024:ECB:3,ca4c90593eb58911d9837765387288f0b319908f86fad1a12710944e2a6b629c,3,45,True,,20.12578616540816,5.746352413019079,5.0879999995231625e-05,0.0001782,38500,50879.99999523163,41600,80100,178200,,,,,,
41fe6b46-d014-4944-8798-d1f805277064,2003,AES-128,encrypt,cpu_aesni,aesni,transform,bytes,ECB,1024,3,1024:ECB:3,ca4c90593eb58911d9837765387288f0b319908f86fad1a12710944e2a6b629c,4,46,True,,,,,,,,,,,5800,5.8e-06,176.55172413793105,0,0.0,
41fe6b46-d014-4944-8798-d1f805277064,2003,AES-128,encrypt,cuda_baseline,baseline,resident,pinned,ECB,1024,3,1024:ECB:3,ca4c90593eb58911d9837765387288f0b319908f86fad1a12710944e2a6b629c,5,47,True,1,18.82352916220893,,5.44000007212162e-05,,,54400.0007212162,,,,,,,,,54400.0007212162
41fe6b46-d014-4944-8798-d1f805277064,2003,AES-128,encrypt,cuda_baseline,baseline,resident,pinned,ECB,1024,4,1024:ECB:4,e9ab408ee8b963be7be1e134e491fe32844b1896d29f3a8d5458fc05a0f2d342,0,48,True,1,20.915032561593595,,4.896000027656555e-05,,,48960.00027656555,,,,,,,,,48960.00027656555
41fe6b46-d014-4944-8798-d1f805277064,2003,AES-128,encrypt,cuda_baseline,baseline,pipeline,pinned,ECB,1024,4,1024:ECB:4,e9ab408ee8b963be7be1e134e491fe32844b1896d29f3a8d5458fc05a0f2d342,1,49,True,,21.01116279601635,5.701559020044543,4.8735998570919034e-05,0.0001796,40300,48735.99857091904,41500,81800,179600,,,,,,
41fe6b46-d014-4944-8798-d1f805277064,2003,AES-128,encrypt,cpu_aesni,aesni,transform,bytes,ECB,1024,4,1024:ECB:4,e9ab408ee8b963be7be1e134e491fe32844b1896d29f3a8d5458fc05a0f2d342,2,50,True,,,,,,,,,,,5800,5.8e-06,176.55172413793105,0,0.0,
41fe6b46-d014-4944-8798-d1f805277064,2003,AES-128,encrypt,cuda_optimized_v1,optimized,pipeline,pinned,ECB,1024,4,1024:ECB:4,e9ab408ee8b963be7be1e134e491fe32844b1896d29f3a8d5458fc05a0f2d342,3,51,True,,20.037569777679547,4.7627906976744185,5.1104001700878144e-05,0.000215,39500,51104.00170087814,74800,114300,215000,,,,,,
41fe6b46-d014-4944-8798-d1f805277064,2003,AES-128,encrypt,cuda_optimized_v1,optimized,resident,pinned,ECB,1024,4,1024:ECB:4,e9ab408ee8b963be7be1e134e491fe32844b1896d29f3a8d5458fc05a0f2d342,4,52,True,1,21.361815785575722,,4.793599992990494e-05,,,47935.99992990494,,,,,,,,,47935.99992990494
41fe6b46-d014-4944-8798-d1f805277064,2003,AES-128,encrypt,cpu_software,software,transform,bytes,ECB,1024,4,1024:ECB:4,e9ab408ee8b963be7be1e134e491fe32844b1896d29f3a8d5458fc05a0f2d342,5,53,True,,,,,,,,,,,9500,9.5e-06,107.78947368421052,0,0.0,
41fe6b46-d014-4944-8798-d1f805277064,2003,AES-128,encrypt,cpu_software,software,transform,bytes,CTR,1024,4,1024:CTR:4,1af338861fea3996beb1c6c2abdb9949918e2329f4039a78b6274afbf8117997,0,54,True,,,,,,,,,,,6900,6.9e-06,148.40579710144928,0,0.0,
41fe6b46-d014-4944-8798-d1f805277064,2003,AES-128,encrypt,cpu_aesni,aesni,transform,bytes,CTR,1024,4,1024:CTR:4,1af338861fea3996beb1c6c2abdb9949918e2329f4039a78b6274afbf8117997,1,55,True,,,,,,,,,,,3900,3.9e-06,262.56410256410254,0,0.0,
41fe6b46-d014-4944-8798-d1f805277064,2003,AES-128,encrypt,cuda_baseline,baseline,resident,pinned,CTR,1024,4,1024:CTR:4,1af338861fea3996beb1c6c2abdb9949918e2329f4039a78b6274afbf8117997,2,56,True,1,20.539152904726688,,4.9855999648571016e-05,,,49855.999648571014,,,,,,,,,49855.999648571014
41fe6b46-d014-4944-8798-d1f805277064,2003,AES-128,encrypt,cuda_optimized_v1,optimized,pipeline,pinned,CTR,1024,4,1024:CTR:4,1af338861fea3996beb1c6c2abdb9949918e2329f4039a78b6274afbf8117997,3,57,True,,21.08036843868728,5.685730149916713,4.85760010778904e-05,0.0001801,39800,48576.001077890396,41200,81000,180100,,,,,,
41fe6b46-d014-4944-8798-d1f805277064,2003,AES-128,encrypt,cuda_optimized_v1,optimized,resident,pinned,CTR,1024,4,1024:CTR:4,1af338861fea3996beb1c6c2abdb9949918e2329f4039a78b6274afbf8117997,4,58,True,1,20.176545156080213,,5.075199902057648e-05,,,50751.99902057648,,,,,,,,,50751.99902057648
41fe6b46-d014-4944-8798-d1f805277064,2003,AES-128,encrypt,cuda_baseline,baseline,pipeline,pinned,CTR,1024,4,1024:CTR:4,1af338861fea3996beb1c6c2abdb9949918e2329f4039a78b6274afbf8117997,5,59,True,,21.094264634199966,5.791855203619909,4.854400083422661e-05,0.0001768,38500,48544.00083422661,39100,77600,176800,,,,,,
41fe6b46-d014-4944-8798-d1f805277064,2003,AES-128,encrypt,cpu_software,software,transform,bytes,CTR,1024,5,1024:CTR:5,658bb079978fb31ed9b457583e3451421b2ebc2e58a6a2f2c873901f00fac06a,0,60,True,,,,,,,,,,,7400,7.4e-06,138.3783783783784,0,0.0,
41fe6b46-d014-4944-8798-d1f805277064,2003,AES-128,encrypt,cuda_optimized_v1,optimized,pipeline,pinned,CTR,1024,5,1024:CTR:5,658bb079978fb31ed9b457583e3451421b2ebc2e58a6a2f2c873901f00fac06a,1,61,True,,21.333333147896663,5.749578888265019,4.8000000417232514e-05,0.0001781,38700,48000.00041723251,39600,78300,178100,,,,,,
41fe6b46-d014-4944-8798-d1f805277064,2003,AES-128,encrypt,cuda_optimized_v1,optimized,resident,pinned,CTR,1024,5,1024:CTR:5,658bb079978fb31ed9b457583e3451421b2ebc2e58a6a2f2c873901f00fac06a,2,62,True,1,20.2275593428554,,5.0624001771211624e-05,,,50624.001771211624,,,,,,,,,50624.001771211624
41fe6b46-d014-4944-8798-d1f805277064,2003,AES-128,encrypt,cpu_aesni,aesni,transform,bytes,CTR,1024,5,1024:CTR:5,658bb079978fb31ed9b457583e3451421b2ebc2e58a6a2f2c873901f00fac06a,3,63,True,,,,,,,,,,,5800,5.8e-06,176.55172413793105,0,0.0,
41fe6b46-d014-4944-8798-d1f805277064,2003,AES-128,encrypt,cuda_baseline,baseline,pipeline,pinned,CTR,1024,5,1024:CTR:5,658bb079978fb31ed9b457583e3451421b2ebc2e58a6a2f2c873901f00fac06a,4,64,True,,19.358741518971332,5.638766519823789,5.289600044488907e-05,0.0001816,38400,52896.00044488907,39400,77800,181600,,,,,,
41fe6b46-d014-4944-8798-d1f805277064,2003,AES-128,encrypt,cuda_baseline,baseline,resident,pinned,CTR,1024,5,1024:CTR:5,658bb079978fb31ed9b457583e3451421b2ebc2e58a6a2f2c873901f00fac06a,5,65,True,1,18.058690860030676,,5.670399963855743e-05,,,56703.999638557434,,,,,,,,,56703.999638557434
41fe6b46-d014-4944-8798-d1f805277064,2003,AES-128,encrypt,cuda_optimized_v1,optimized,pipeline,pinned,ECB,1024,5,1024:ECB:5,cfd237c6d1c384eaf1d4d3af5b01b47ba0687f9e01d419b4d418510da2d9b32f,0,66,True,,21.66553892327095,5.617114646187603,4.7263998538255694e-05,0.0001823,44500,47263.99853825569,39700,84200,182300,,,,,,
41fe6b46-d014-4944-8798-d1f805277064,2003,AES-128,encrypt,cpu_software,software,transform,bytes,ECB,1024,5,1024:ECB:5,cfd237c6d1c384eaf1d4d3af5b01b47ba0687f9e01d419b4d418510da2d9b32f,1,67,True,,,,,,,,,,,8700,8.7e-06,117.70114942528735,0,0.0,
41fe6b46-d014-4944-8798-d1f805277064,2003,AES-128,encrypt,cpu_aesni,aesni,transform,bytes,ECB,1024,5,1024:ECB:5,cfd237c6d1c384eaf1d4d3af5b01b47ba0687f9e01d419b4d418510da2d9b32f,2,68,True,,,,,,,,,,,3600,3.6e-06,284.44444444444446,0,0.0,
41fe6b46-d014-4944-8798-d1f805277064,2003,AES-128,encrypt,cuda_baseline,baseline,resident,pinned,ECB,1024,5,1024:ECB:5,cfd237c6d1c384eaf1d4d3af5b01b47ba0687f9e01d419b4d418510da2d9b32f,3,69,True,1,21.206097242515185,,4.82879988849163e-05,,,48287.998884916306,,,,,,,,,48287.998884916306
41fe6b46-d014-4944-8798-d1f805277064,2003,AES-128,encrypt,cuda_optimized_v1,optimized,resident,pinned,ECB,1024,5,1024:ECB:5,cfd237c6d1c384eaf1d4d3af5b01b47ba0687f9e01d419b4d418510da2d9b32f,4,70,True,1,20.5128204569779,,4.992000013589859e-05,,,49920.00013589859,,,,,,,,,49920.00013589859
41fe6b46-d014-4944-8798-d1f805277064,2003,AES-128,encrypt,cuda_baseline,baseline,pipeline,pinned,ECB,1024,5,1024:ECB:5,cfd237c6d1c384eaf1d4d3af5b01b47ba0687f9e01d419b4d418510da2d9b32f,5,71,True,,19.12731562934448,5.617114646187603,5.3536001592874524e-05,0.0001823,37900,53536.00159287453,40000,77900,182300,,,,,,
41fe6b46-d014-4944-8798-d1f805277064,2003,AES-128,encrypt,cuda_baseline,baseline,pipeline,pinned,ECB,1024,6,1024:ECB:6,6ea8ef87cd354bf99a8713a4d67fb48d888817b46221a66f671d059a181c2c6d,0,72,True,,21.234240917924414,5.638766519823789,4.822399839758873e-05,0.0001816,38600,48223.99839758873,40500,79100,181600,,,,,,
41fe6b46-d014-4944-8798-d1f805277064,2003,AES-128,encrypt,cuda_optimized_v1,optimized,pipeline,pinned,ECB,1024,6,1024:ECB:6,6ea8ef87cd354bf99a8713a4d67fb48d888817b46221a66f671d059a181c2c6d,1,73,True,,21.56334220730823,5.871559633027523,4.7488000243902205e-05,0.0001744,39800,47488.00024390221,38500,78300,174400,,,,,,
41fe6b46-d014-4944-8798-d1f805277064,2003,AES-128,encrypt,cuda_baseline,baseline,resident,pinned,ECB,1024,6,1024:ECB:6,6ea8ef87cd354bf99a8713a4d67fb48d888817b46221a66f671d059a181c2c6d,2,74,True,1,19.716574022929013,,5.193600058555603e-05,,,51936.00058555603,,,,,,,,,51936.00058555603
41fe6b46-d014-4944-8798-d1f805277064,2003,AES-128,encrypt,cpu_aesni,aesni,transform,bytes,ECB,1024,6,1024:ECB:6,6ea8ef87cd354bf99a8713a4d67fb48d888817b46221a66f671d059a181c2c6d,3,75,True,,,,,,,,,,,5500,5.5e-06,186.1818181818182,0,0.0,
41fe6b46-d014-4944-8798-d1f805277064,2003,AES-128,encrypt,cpu_software,software,transform,bytes,ECB,1024,6,1024:ECB:6,6ea8ef87cd354bf99a8713a4d67fb48d888817b46221a66f671d059a181c2c6d,4,76,True,,,,,,,,,,,6900,6.9e-06,148.40579710144928,0,0.0,
41fe6b46-d014-4944-8798-d1f805277064,2003,AES-128,encrypt,cuda_optimized_v1,optimized,resident,pinned,ECB,1024,6,1024:ECB:6,6ea8ef87cd354bf99a8713a4d67fb48d888817b46221a66f671d059a181c2c6d,5,77,True,1,19.02497025207862,,5.382400006055832e-05,,,53824.00006055832,,,,,,,,,53824.00006055832
41fe6b46-d014-4944-8798-d1f805277064,2003,AES-128,encrypt,cuda_optimized_v1,optimized,pipeline,pinned,CTR,1024,6,1024:CTR:6,3fd868d871ad5bf0660cce8560552b061f2edb76a889435f18d40919af1a445f,0,78,True,,21.108179162563783,5.7366946778711485,4.851200059056282e-05,0.0001785,38800,48512.00059056282,39300,78100,178500,,,,,,
41fe6b46-d014-4944-8798-d1f805277064,2003,AES-128,encrypt,cuda_baseline,baseline,resident,pinned,CTR,1024,6,1024:CTR:6,3fd868d871ad5bf0660cce8560552b061f2edb76a889435f18d40919af1a445f,1,79,True,1,20.265990716412798,,5.052800104022026e-05,,,50528.00104022026,,,,,,,,,50528.00104022026
41fe6b46-d014-4944-8798-d1f805277064,2003,AES-128,encrypt,cpu_software,software,transform,bytes,CTR,1024,6,1024:CTR:6,3fd868d871ad5bf0660cce8560552b061f2edb76a889435f18d40919af1a445f,2,80,True,,,,,,,,,,,8800,8.8e-06,116.36363636363636,0,0.0,
41fe6b46-d014-4944-8798-d1f805277064,2003,AES-128,encrypt,cpu_aesni,aesni,transform,bytes,CTR,1024,6,1024:CTR:6,3fd868d871ad5bf0660cce8560552b061f2edb76a889435f18d40919af1a445f,3,81,True,,,,,,,,,,,4200,4.2e-06,243.8095238095238,0,0.0,
41fe6b46-d014-4944-8798-d1f805277064,2003,AES-128,encrypt,cuda_optimized_v1,optimized,resident,pinned,CTR,1024,6,1024:CTR:6,3fd868d871ad5bf0660cce8560552b061f2edb76a889435f18d40919af1a445f,4,82,True,1,21.27659512935027,,4.812800139188767e-05,,,48128.001391887665,,,,,,,,,48128.001391887665
41fe6b46-d014-4944-8798-d1f805277064,2003,AES-128,encrypt,cuda_baseline,baseline,pipeline,pinned,CTR,1024,6,1024:CTR:6,3fd868d871ad5bf0660cce8560552b061f2edb76a889435f18d40919af1a445f,5,83,True,,19.692307286008585,5.654334621755936,5.200000107288361e-05,0.0001811,39000,52000.001072883606,39700,78700,181100,,,,,,
41fe6b46-d014-4944-8798-d1f805277064,2003,AES-128,encrypt,cuda_optimized_v1,optimized,pipeline,pinned,ECB,1024,7,1024:ECB:7,716ebb73f3e6d63bd19ae3310c78289a4c2d6ec77d1d10c9fa5eed0e3cffc26b,0,84,True,,21.08036843868728,5.778781038374718,4.85760010778904e-05,0.0001772,38500,48576.001077890396,39500,78000,177200,,,,,,
41fe6b46-d014-4944-8798-d1f805277064,2003,AES-128,encrypt,cpu_software,software,transform,bytes,ECB,1024,7,1024:ECB:7,716ebb73f3e6d63bd19ae3310c78289a4c2d6ec77d1d10c9fa5eed0e3cffc26b,1,85,True,,,,,,,,,,,8700,8.7e-06,117.70114942528735,0,0.0,
41fe6b46-d014-4944-8798-d1f805277064,2003,AES-128,encrypt,cpu_aesni,aesni,transform,bytes,ECB,1024,7,1024:ECB:7,716ebb73f3e6d63bd19ae3310c78289a4c2d6ec77d1d10c9fa5eed0e3cffc26b,2,86,True,,,,,,,,,,,3500,3.5e-06,292.57142857142856,0,0.0,
41fe6b46-d014-4944-8798-d1f805277064,2003,AES-128,encrypt,cuda_baseline,baseline,resident,pinned,ECB,1024,7,1024:ECB:7,716ebb73f3e6d63bd19ae3310c78289a4c2d6ec77d1d10c9fa5eed0e3cffc26b,3,87,True,1,21.333333147896663,,4.8000000417232514e-05,,,48000.00041723251,,,,,,,,,48000.00041723251
41fe6b46-d014-4944-8798-d1f805277064,2003,AES-128,encrypt,cuda_baseline,baseline,pipeline,pinned,ECB,1024,7,1024:ECB:7,716ebb73f3e6d63bd19ae3310c78289a4c2d6ec77d1d10c9fa5eed0e3cffc26b,4,88,True,,19.912880985364776,5.746352413019079,5.142400041222572e-05,0.0001782,37400,51424.00041222572,39500,76900,178200,,,,,,
41fe6b46-d014-4944-8798-d1f805277064,2003,AES-128,encrypt,cuda_optimized_v1,optimized,resident,pinned,ECB,1024,7,1024:ECB:7,716ebb73f3e6d63bd19ae3310c78289a4c2d6ec77d1d10c9fa5eed0e3cffc26b,5,89,True,1,20.69857678460131,,4.947200044989586e-05,,,49472.00044989586,,,,,,,,,49472.00044989586
41fe6b46-d014-4944-8798-d1f805277064,2003,AES-128,encrypt,cpu_software,software,transform,bytes,CTR,1024,7,1024:CTR:7,0ab6a040f7cddf39e3a9e08f993f742fce644220414befe7d7343f88de12a02a,0,90,True,,,,,,,,,,,7100,7.1e-06,144.22535211267606,0,0.0,
41fe6b46-d014-4944-8798-d1f805277064,2003,AES-128,encrypt,cuda_optimized_v1,optimized,pipeline,pinned,CTR,1024,7,1024:CTR:7,0ab6a040f7cddf39e3a9e08f993f742fce644220414befe7d7343f88de12a02a,1,91,True,,20.645160697377328,5.7110987172336865,4.960000142455101e-05,0.0001793,38500,49600.00142455101,39900,78400,179300,,,,,,
41fe6b46-d014-4944-8798-d1f805277064,2003,AES-128,encrypt,cuda_baseline,baseline,resident,pinned,CTR,1024,7,1024:CTR:7,0ab6a040f7cddf39e3a9e08f993f742fce644220414befe7d7343f88de12a02a,2,92,True,1,20.4603576022553,,5.004800111055374e-05,,,50048.00111055374,,,,,,,,,50048.00111055374
41fe6b46-d014-4944-8798-d1f805277064,2003,AES-128,encrypt,cuda_optimized_v1,optimized,resident,pinned,CTR,1024,7,1024:CTR:7,0ab6a040f7cddf39e3a9e08f993f742fce644220414befe7d7343f88de12a02a,3,93,True,1,21.40468263267142,,4.783999919891357e-05,,,47839.999198913574,,,,,,,,,47839.999198913574
41fe6b46-d014-4944-8798-d1f805277064,2003,AES-128,encrypt,cuda_baseline,baseline,pipeline,pinned,CTR,1024,7,1024:CTR:7,0ab6a040f7cddf39e3a9e08f993f742fce644220414befe7d7343f88de12a02a,4,94,True,,19.789734410641845,5.746352413019079,5.1743999123573307e-05,0.0001782,38100,51743.9991235733,39400,77500,178200,,,,,,
41fe6b46-d014-4944-8798-d1f805277064,2003,AES-128,encrypt,cpu_aesni,aesni,transform,bytes,CTR,1024,7,1024:CTR:7,0ab6a040f7cddf39e3a9e08f993f742fce644220414befe7d7343f88de12a02a,5,95,True,,,,,,,,,,,5700,5.7e-06,179.64912280701753,0,0.0,
41fe6b46-d014-4944-8798-d1f805277064,2003,AES-128,encrypt,cpu_software,software,transform,bytes,ECB,1024,8,1024:ECB:8,eda5043334e016e8797344c893227a6b23a9a05c0e2ecb05ea3250f957e43784,0,96,True,,,,,,,,,,,6600,6.6e-06,155.15151515151516,0,0.0,
41fe6b46-d014-4944-8798-d1f805277064,2003,AES-128,encrypt,cpu_aesni,aesni,transform,bytes,ECB,1024,8,1024:ECB:8,eda5043334e016e8797344c893227a6b23a9a05c0e2ecb05ea3250f957e43784,1,97,True,,,,,,,,,,,2900,2.9e-06,353.1034482758621,0,0.0,
41fe6b46-d014-4944-8798-d1f805277064,2003,AES-128,encrypt,cuda_baseline,baseline,pipeline,pinned,ECB,1024,8,1024:ECB:8,eda5043334e016e8797344c893227a6b23a9a05c0e2ecb05ea3250f957e43784,2,98,True,,20.202020786603065,5.541125541125541,5.06879985332489e-05,0.0001848,39100,50687.9985332489,39900,79000,184800,,,,,,
41fe6b46-d014-4944-8798-d1f805277064,2003,AES-128,encrypt,cuda_optimized_v1,optimized,pipeline,pinned,ECB,1024,8,1024:ECB:8,eda5043334e016e8797344c893227a6b23a9a05c0e2ecb05ea3250f957e43784,3,99,True,,21.872864514365077,5.844748858447488,4.681599885225296e-05,0.0001752,39500,46815.99885225296,39200,78700,175200,,,,,,
41fe6b46-d014-4944-8798-d1f805277064,2003,AES-128,encrypt,cuda_optimized_v1,optimized,resident,pinned,ECB,1024,8,1024:ECB:8,eda5043334e016e8797344c893227a6b23a9a05c0e2ecb05ea3250f957e43784,4,100,True,1,21.993126851013592,,4.6560000628232954e-05,,,46560.000628232956,,,,,,,,,46560.000628232956
41fe6b46-d014-4944-8798-d1f805277064,2003,AES-128,encrypt,cuda_baseline,baseline,resident,pinned,ECB,1024,8,1024:ECB:8,eda5043334e016e8797344c893227a6b23a9a05c0e2ecb05ea3250f957e43784,5,101,True,1,21.13606336315252,,4.8448000103235245e-05,,,48448.000103235245,,,,,,,,,48448.000103235245
41fe6b46-d014-4944-8798-d1f805277064,2003,AES-128,encrypt,cuda_baseline,baseline,resident,pinned,CTR,1024,8,1024:CTR:8,b80250d93f1d156092aae42f1d16db6b1d87848ac1396b4831b8cf80c830ed1a,0,102,True,1,19.81424200893493,,5.167999863624573e-05,,,51679.99863624573,,,,,,,,,51679.99863624573
41fe6b46-d014-4944-8798-d1f805277064,2003,AES-128,encrypt,cuda_optimized_v1,optimized,pipeline,pinned,CTR,1024,8,1024:CTR:8,b80250d93f1d156092aae42f1d16db6b1d87848ac1396b4831b8cf80c830ed1a,1,103,True,,20.846904903018835,3.358478189570351,4.912000149488449e-05,0.0003049,39300,49120.00149488449,92100,131400,304900,,,,,,
41fe6b46-d014-4944-8798-d1f805277064,2003,AES-128,encrypt,cuda_baseline,baseline,pipeline,pinned,CTR,1024,8,1024:CTR:8,b80250d93f1d156092aae42f1d16db6b1d87848ac1396b4831b8cf80c830ed1a,2,104,True,,20.30456840341927,5.676274944567628,5.0432000309228894e-05,0.0001804,38000,50432.0003092289,40100,78100,180400,,,,,,
41fe6b46-d014-4944-8798-d1f805277064,2003,AES-128,encrypt,cpu_aesni,aesni,transform,bytes,CTR,1024,8,1024:CTR:8,b80250d93f1d156092aae42f1d16db6b1d87848ac1396b4831b8cf80c830ed1a,3,105,True,,,,,,,,,,,6100,6.1e-06,167.86885245901638,0,0.0,
41fe6b46-d014-4944-8798-d1f805277064,2003,AES-128,encrypt,cuda_optimized_v1,optimized,resident,pinned,CTR,1024,8,1024:CTR:8,b80250d93f1d156092aae42f1d16db6b1d87848ac1396b4831b8cf80c830ed1a,4,106,True,1,20.382166072763138,,5.023999884724617e-05,,,50239.99884724617,,,,,,,,,50239.99884724617
41fe6b46-d014-4944-8798-d1f805277064,2003,AES-128,encrypt,cpu_software,software,transform,bytes,CTR,1024,8,1024:CTR:8,b80250d93f1d156092aae42f1d16db6b1d87848ac1396b4831b8cf80c830ed1a,5,107,True,,,,,,,,,,,8600,8.6e-06,119.06976744186046,0,0.0,
41fe6b46-d014-4944-8798-d1f805277064,2003,AES-128,encrypt,cpu_software,software,transform,bytes,CTR,1024,9,1024:CTR:9,927182fb133650df88a2e202a471a0ccc5040b7504991ccb8ca87b7a609611d9,0,108,True,,,,,,,,,,,6900,6.9e-06,148.40579710144928,0,0.0,
41fe6b46-d014-4944-8798-d1f805277064,2003,AES-128,encrypt,cuda_baseline,baseline,resident,pinned,CTR,1024,9,1024:CTR:9,927182fb133650df88a2e202a471a0ccc5040b7504991ccb8ca87b7a609611d9,1,109,True,1,18.834608427852547,,5.436800047755242e-05,,,54368.000477552414,,,,,,,,,54368.000477552414
41fe6b46-d014-4944-8798-d1f805277064,2003,AES-128,encrypt,cuda_baseline,baseline,pipeline,pinned,CTR,1024,9,1024:CTR:9,927182fb133650df88a2e202a471a0ccc5040b7504991ccb8ca87b7a609611d9,2,110,True,,20.833332596440542,5.730274202574146,4.915200173854828e-05,0.0001787,39400,49152.00173854828,41000,80400,178700,,,,,,
41fe6b46-d014-4944-8798-d1f805277064,2003,AES-128,encrypt,cuda_optimized_v1,optimized,pipeline,pinned,CTR,1024,9,1024:CTR:9,927182fb133650df88a2e202a471a0ccc5040b7504991ccb8ca87b7a609611d9,3,111,True,,20.671834234210927,5.838084378563284,4.953600093722343e-05,0.0001754,37400,49536.000937223434,39700,77100,175400,,,,,,
41fe6b46-d014-4944-8798-d1f805277064,2003,AES-128,encrypt,cuda_optimized_v1,optimized,resident,pinned,CTR,1024,9,1024:CTR:9,927182fb133650df88a2e202a471a0ccc5040b7504991ccb8ca87b7a609611d9,4,112,True,1,21.206097242515185,,4.82879988849163e-05,,,48287.998884916306,,,,,,,,,48287.998884916306
41fe6b46-d014-4944-8798-d1f805277064,2003,AES-128,encrypt,cpu_aesni,aesni,transform,bytes,CTR,1024,9,1024:CTR:9,927182fb133650df88a2e202a471a0ccc5040b7504991ccb8ca87b7a609611d9,5,113,True,,,,,,,,,,,6000,6e-06,170.66666666666666,0,0.0,
41fe6b46-d014-4944-8798-d1f805277064,2003,AES-128,encrypt,cuda_baseline,baseline,resident,pinned,ECB,1024,9,1024:ECB:9,912c997d31d5133b88182b041131af22d0808b272bfa47de43d1c01daab9bddf,0,114,True,1,19.888128925372282,,5.14880008995533e-05,,,51488.0008995533,,,,,,,,,51488.0008995533
41fe6b46-d014-4944-8798-d1f805277064,2003,AES-128,encrypt,cuda_optimized_v1,optimized,pipeline,pinned,ECB,1024,9,1024:ECB:9,912c997d31d5133b88182b041131af22d0808b272bfa47de43d1c01daab9bddf,1,115,True,,21.783526062688026,5.881677197013211,4.7008000314235686e-05,0.0001741,39600,47008.00031423569,38600,78200,174100,,,,,,
41fe6b46-d014-4944-8798-d1f805277064,2003,AES-128,encrypt,cpu_aesni,aesni,transform,bytes,ECB,1024,9,1024:ECB:9,912c997d31d5133b88182b041131af22d0808b272bfa47de43d1c01daab9bddf,2,116,True,,,,,,,,,,,5500,5.5e-06,186.1818181818182,0,0.0,
41fe6b46-d014-4944-8798-d1f805277064,2003,AES-128,encrypt,cuda_optimized_v1,optimized,resident,pinned,ECB,1024,9,1024:ECB:9,912c997d31d5133b88182b041131af22d0808b272bfa47de43d1c01daab9bddf,3,117,True,1,21.22015974869112,,4.8255998641252515e-05,,,48255.99864125252,,,,,,,,,48255.99864125252
41fe6b46-d014-4944-8798-d1f805277064,2003,AES-128,encrypt,cpu_software,software,transform,bytes,ECB,1024,9,1024:ECB:9,912c997d31d5133b88182b041131af22d0808b272bfa47de43d1c01daab9bddf,4,118,True,,,,,,,,,,,8600,8.6e-06,119.06976744186046,0,0.0,
41fe6b46-d014-4944-8798-d1f805277064,2003,AES-128,encrypt,cuda_baseline,baseline,pipeline,pinned,ECB,1024,9,1024:ECB:9,912c997d31d5133b88182b041131af22d0808b272bfa47de43d1c01daab9bddf,5,119,True,,21.347564966117627,5.841414717626925,4.7968000173568725e-05,0.0001753,38200,47968.000173568726,40100,78300,175300,,,,,,
41fe6b46-d014-4944-8798-d1f805277064,2003,AES-128,encrypt,cuda_optimized_v1,optimized,pipeline,pinned,ECB,1024,10,1024:ECB:10,1407602356dfab42b8462f3d9c194e0b6c6add2f8c0dcd22d3de85f299f09ccd,0,120,True,,20.382166072763138,5.682574916759156,5.023999884724617e-05,0.0001802,38300,50239.99884724617,41500,79800,180200,,,,,,
41fe6b46-d014-4944-8798-d1f805277064,2003,AES-128,encrypt,cpu_aesni,aesni,transform,bytes,ECB,1024,10,1024:ECB:10,1407602356dfab42b8462f3d9c194e0b6c6add2f8c0dcd22d3de85f299f09ccd,1,121,True,,,,,,,,,,,5400,5.4e-06,189.62962962962962,0,0.0,
41fe6b46-d014-4944-8798-d1f805277064,2003,AES-128,encrypt,cuda_baseline,baseline,pipeline,pinned,ECB,1024,10,1024:ECB:10,1407602356dfab42b8462f3d9c194e0b6c6add2f8c0dcd22d3de85f299f09ccd,2,122,True,,20.57877858269471,5.769014084507043,4.975999891757965e-05,0.0001775,39500,49759.99891757965,39700,79200,177500,,,,,,
41fe6b46-d014-4944-8798-d1f805277064,2003,AES-128,encrypt,cuda_baseline,baseline,resident,pinned,ECB,1024,10,1024:ECB:10,1407602356dfab42b8462f3d9c194e0b6c6add2f8c0dcd22d3de85f299f09ccd,3,123,True,1,18.22323479757424,,5.6191999465227124e-05,,,56191.99946522713,,,,,,,,,56191.99946522713
41fe6b46-d014-4944-8798-d1f805277064,2003,AES-128,encrypt,cpu_software,software,transform,bytes,ECB,1024,10,1024:ECB:10,1407602356dfab42b8462f3d9c194e0b6c6add2f8c0dcd22d3de85f299f09ccd,4,124,True,,,,,,,,,,,8900,8.9e-06,115.0561797752809,0,0.0,
41fe6b46-d014-4944-8798-d1f805277064,2003,AES-128,encrypt,cuda_optimized_v1,optimized,resident,pinned,ECB,1024,10,1024:ECB:10,1407602356dfab42b8462f3d9c194e0b6c6add2f8c0dcd22d3de85f299f09ccd,5,125,True,1,21.534319991871296,,4.755200073122978e-05,,,47552.00073122978,,,,,,,,,47552.00073122978
41fe6b46-d014-4944-8798-d1f805277064,2003,AES-128,encrypt,cuda_optimized_v1,optimized,pipeline,pinned,CTR,1024,10,1024:CTR:10,98f1c8e3f3a834b213b76903b896921f3533cedd045411764daf4fff2fc078d1,0,126,True,,20.202020786603065,5.759280089988751,5.06879985332489e-05,0.0001778,38000,50687.9985332489,40200,78200,177800,,,,,,
41fe6b46-d014-4944-8798-d1f805277064,2003,AES-128,encrypt,cuda_baseline,baseline,resident,pinned,CTR,1024,10,1024:CTR:10,98f1c8e3f3a834b213b76903b896921f3533cedd045411764daf4fff2fc078d1,1,127,True,1,21.206097242515185,,4.82879988849163e-05,,,48287.998884916306,,,,,,,,,48287.998884916306
41fe6b46-d014-4944-8798-d1f805277064,2003,AES-128,encrypt,cuda_optimized_v1,optimized,resident,pinned,CTR,1024,10,1024:CTR:10,98f1c8e3f3a834b213b76903b896921f3533cedd045411764daf4fff2fc078d1,2,128,True,1,20.833332596440542,,4.915200173854828e-05,,,49152.00173854828,,,,,,,,,49152.00173854828
41fe6b46-d014-4944-8798-d1f805277064,2003,AES-128,encrypt,cpu_software,software,transform,bytes,CTR,1024,10,1024:CTR:10,98f1c8e3f3a834b213b76903b896921f3533cedd045411764daf4fff2fc078d1,3,129,True,,,,,,,,,,,8700,8.7e-06,117.70114942528735,0,0.0,
41fe6b46-d014-4944-8798-d1f805277064,2003,AES-128,encrypt,cuda_baseline,baseline,pipeline,pinned,CTR,1024,10,1024:CTR:10,98f1c8e3f3a834b213b76903b896921f3533cedd045411764daf4fff2fc078d1,4,130,True,,20.645160697377328,5.714285714285714,4.960000142455101e-05,0.0001792,37600,49600.00142455101,39800,77400,179200,,,,,,
41fe6b46-d014-4944-8798-d1f805277064,2003,AES-128,encrypt,cpu_aesni,aesni,transform,bytes,CTR,1024,10,1024:CTR:10,98f1c8e3f3a834b213b76903b896921f3533cedd045411764daf4fff2fc078d1,5,131,True,,,,,,,,,,,5900,5.9e-06,173.5593220338983,0,0.0,
41fe6b46-d014-4944-8798-d1f805277064,2003,AES-128,encrypt,cpu_aesni,aesni,transform,bytes,ECB,1024,11,1024:ECB:11,afe87f65435d165261f99e82e90e14a38747d0a1957ffceba4be6140d4420167,0,132,True,,,,,,,,,,,4000,4e-06,256.0,0,0.0,
41fe6b46-d014-4944-8798-d1f805277064,2003,AES-128,encrypt,cuda_baseline,baseline,resident,pinned,ECB,1024,11,1024:ECB:11,afe87f65435d165261f99e82e90e14a38747d0a1957ffceba4be6140d4420167,1,133,True,1,19.173157357451743,,5.340800061821938e-05,,,53408.000618219376,,,,,,,,,53408.000618219376
41fe6b46-d014-4944-8798-d1f805277064,2003,AES-128,encrypt,cuda_baseline,baseline,pipeline,pinned,ECB,1024,11,1024:ECB:11,afe87f65435d165261f99e82e90e14a38747d0a1957ffceba4be6140d4420167,2,134,True,,21.178028071116742,5.8082813386273395,4.835199937224388e-05,0.0001763,38700,48351.99937224388,40500,79200,176300,,,,,,
41fe6b46-d014-4944-8798-d1f805277064,2003,AES-128,encrypt,cuda_optimized_v1,optimized,pipeline,pinned,ECB,1024,11,1024:ECB:11,afe87f65435d165261f99e82e90e14a38747d0a1957ffceba4be6140d4420167,3,135,True,,20.94240846723381,5.868194842406877,4.8895999789237976e-05,0.0001745,37700,48895.999789237976,39400,77100,174500,,,,,,
41fe6b46-d014-4944-8798-d1f805277064,2003,AES-128,encrypt,cpu_software,software,transform,bytes,ECB,1024,11,1024:ECB:11,afe87f65435d165261f99e82e90e14a38747d0a1957ffceba4be6140d4420167,4,136,True,,,,,,,,,,,8800,8.8e-06,116.36363636363636,0,0.0,
41fe6b46-d014-4944-8798-d1f805277064,2003,AES-128,encrypt,cuda_optimized_v1,optimized,resident,pinned,ECB,1024,11,1024:ECB:11,afe87f65435d165261f99e82e90e14a38747d0a1957ffceba4be6140d4420167,5,137,True,1,20.725388616737913,,4.9407999962568284e-05,,,49407.99996256828,,,,,,,,,49407.99996256828
41fe6b46-d014-4944-8798-d1f805277064,2003,AES-128,encrypt,cpu_software,software,transform,bytes,CTR,1024,11,1024:CTR:11,0c7b6a001102fd42c1f0ef8bf4ef902f4f58f086aeb7a01cd741dc9e24e5f711,0,138,True,,,,,,,,,,,7200,7.2e-06,142.22222222222223,0,0.0,
41fe6b46-d014-4944-8798-d1f805277064,2003,AES-128,encrypt,cuda_optimized_v1,optimized,pipeline,pinned,CTR,1024,11,1024:CTR:11,0c7b6a001102fd42c1f0ef8bf4ef902f4f58f086aeb7a01cd741dc9e24e5f711,1,139,True,,19.656018975410767,5.595628415300546,5.209600180387497e-05,0.000183,39700,52096.00180387497,39600,79300,183000,,,,,,
41fe6b46-d014-4944-8798-d1f805277064,2003,AES-128,encrypt,cuda_baseline,baseline,resident,pinned,CTR,1024,11,1024:CTR:11,0c7b6a001102fd42c1f0ef8bf4ef902f4f58f086aeb7a01cd741dc9e24e5f711,2,140,True,1,21.12211206008168,,4.848000034689903e-05,,,48480.00034689903,,,,,,,,,48480.00034689903
41fe6b46-d014-4944-8798-d1f805277064,2003,AES-128,encrypt,cuda_baseline,baseline,pipeline,pinned,CTR,1024,11,1024:CTR:11,0c7b6a001102fd42c1f0ef8bf4ef902f4f58f086aeb7a01cd741dc9e24e5f711,3,141,True,,20.565553045659797,5.727069351230425,4.979199916124344e-05,0.0001788,39500,49791.99916124344,39500,79000,178800,,,,,,
41fe6b46-d014-4944-8798-d1f805277064,2003,AES-128,encrypt,cuda_optimized_v1,optimized,resident,pinned,CTR,1024,11,1024:CTR:11,0c7b6a001102fd42c1f0ef8bf4ef902f4f58f086aeb7a01cd741dc9e24e5f711,4,142,True,1,20.901371430570162,,4.899200052022934e-05,,,48992.00052022934,,,,,,,,,48992.00052022934
41fe6b46-d014-4944-8798-d1f805277064,2003,AES-128,encrypt,cpu_aesni,aesni,transform,bytes,CTR,1024,11,1024:CTR:11,0c7b6a001102fd42c1f0ef8bf4ef902f4f58f086aeb7a01cd741dc9e24e5f711,5,143,True,,,,,,,,,,,6000,6e-06,170.66666666666666,0,0.0,
41fe6b46-d014-4944-8798-d1f805277064,2003,AES-128,encrypt,cpu_software,software,transform,bytes,ECB,1024,12,1024:ECB:12,676b2bd899806c79fcf3eb863ac9f2f6b0f178ce6d6779c0de4220c2da9e9f75,0,144,True,,,,,,,,,,,6800,6.8e-06,150.58823529411765,0,0.0,
41fe6b46-d014-4944-8798-d1f805277064,2003,AES-128,encrypt,cuda_baseline,baseline,pipeline,pinned,ECB,1024,12,1024:ECB:12,676b2bd899806c79fcf3eb863ac9f2f6b0f178ce6d6779c0de4220c2da9e9f75,1,145,True,,18.84570074337833,5.4788657035848045,5.433600023388863e-05,0.0001869,38900,54336.000233888626,42400,81300,186900,,,,,,
41fe6b46-d014-4944-8798-d1f805277064,2003,AES-128,encrypt,cuda_baseline,baseline,resident,pinned,ECB,1024,12,1024:ECB:12,676b2bd899806c79fcf3eb863ac9f2f6b0f178ce6d6779c0de4220c2da9e9f75,2,146,True,1,21.66553892327095,,4.7263998538255694e-05,,,47263.99853825569,,,,,,,,,47263.99853825569
41fe6b46-d014-4944-8798-d1f805277064,2003,AES-128,encrypt,cuda_optimized_v1,optimized,resident,pinned,ECB,1024,12,1024:ECB:12,676b2bd899806c79fcf3eb863ac9f2f6b0f178ce6d6779c0de4220c2da9e9f75,3,147,True,1,20.833332596440542,,4.915200173854828e-05,,,49152.00173854828,,,,,,,,,49152.00173854828
41fe6b46-d014-4944-8798-d1f805277064,2003,AES-128,encrypt,cpu_aesni,aesni,transform,bytes,ECB,1024,12,1024:ECB:12,676b2bd899806c79fcf3eb863ac9f2f6b0f178ce6d6779c0de4220c2da9e9f75,4,148,True,,,,,,,,,,,5600,5.6e-06,182.85714285714286,0,0.0,
41fe6b46-d014-4944-8798-d1f805277064,2003,AES-128,encrypt,cuda_optimized_v1,optimized,pipeline,pinned,ECB,1024,12,1024:ECB:12,676b2bd899806c79fcf3eb863ac9f2f6b0f178ce6d6779c0de4220c2da9e9f75,5,149,True,,20.752270000201577,5.824800910125142,4.934399947524071e-05,0.0001758,38200,49343.99947524071,40000,78200,175800,,,,,,
41fe6b46-d014-4944-8798-d1f805277064,2003,AES-128,encrypt,cpu_aesni,aesni,transform,bytes,CTR,1024,12,1024:CTR:12,0f815cf438f50a6e5f27248474ba0c313ed8a1fd7cc1edfb4fa16c943f2fdafc,0,150,True,,,,,,,,,,,4400,4.4e-06,232.72727272727272,0,0.0,
41fe6b46-d014-4944-8798-d1f805277064,2003,AES-128,encrypt,cuda_baseline,baseline,resident,pinned,CTR,1024,12,1024:CTR:12,0f815cf438f50a6e5f27248474ba0c313ed8a1fd7cc1edfb4fa16c943f2fdafc,1,151,True,1,18.306635749386324,,5.593600124120712e-05,,,55936.00124120712,,,,,,,,,55936.00124120712
41fe6b46-d014-4944-8798-d1f805277064,2003,AES-128,encrypt,cuda_baseline,baseline,pipeline,pinned,CTR,1024,12,1024:CTR:12,0f815cf438f50a6e5f27248474ba0c313ed8a1fd7cc1edfb4fa16c943f2fdafc,2,152,True,,20.860494905046384,5.714285714285714,4.90880012512207e-05,0.0001792,39800,49088.0012512207,40600,80400,179200,,,,,,
41fe6b46-d014-4944-8798-d1f805277064,2003,AES-128,encrypt,cpu_software,software,transform,bytes,CTR,1024,12,1024:CTR:12,0f815cf438f50a6e5f27248474ba0c313ed8a1fd7cc1edfb4fa16c943f2fdafc,3,153,True,,,,,,,,,,,8700,8.7e-06,117.70114942528735,0,0.0,
41fe6b46-d014-4944-8798-d1f805277064,2003,AES-128,encrypt,cuda_optimized_v1,optimized,pipeline,pinned,CTR,1024,12,1024:CTR:12,0f815cf438f50a6e5f27248474ba0c313ed8a1fd7cc1edfb4fa16c943f2fdafc,4,154,True,,20.658488855807263,5.778781038374718,4.956800118088722e-05,0.0001772,38400,49568.00118088722,39600,78000,177200,,,,,,
41fe6b46-d014-4944-8798-d1f805277064,2003,AES-128,encrypt,cuda_optimized_v1,optimized,resident,pinned,CTR,1024,12,1024:CTR:12,0f815cf438f50a6e5f27248474ba0c313ed8a1fd7cc1edfb4fa16c943f2fdafc,5,155,True,1,20.5128204569779,,4.992000013589859e-05,,,49920.00013589859,,,,,,,,,49920.00013589859
41fe6b46-d014-4944-8798-d1f805277064,2003,AES-128,encrypt,cuda_baseline,baseline,pipeline,pinned,ECB,1024,13,1024:ECB:13,595f4e944ecc6f190ece42a31cb309059c8b8bc8f6c023d2ce5c6ea2bf4dbe30,0,156,True,,19.138755498239114,2.9467625899280576,5.3504001349210736e-05,0.0003475,81000,53504.00134921074,101100,182100,347500,,,,,,
41fe6b46-d014-4944-8798-d1f805277064,2003,AES-128,encrypt,cuda_optimized_v1,optimized,resident,pinned,ECB,1024,13,1024:ECB:13,595f4e944ecc6f190ece42a31cb309059c8b8bc8f6c023d2ce5c6ea2bf4dbe30,1,157,True,1,17.381857228657772,,5.89120015501976e-05,,,58912.0015501976,,,,,,,,,58912.0015501976
41fe6b46-d014-4944-8798-d1f805277064,2003,AES-128,encrypt,cpu_aesni,aesni,transform,bytes,ECB,1024,13,1024:ECB:13,595f4e944ecc6f190ece42a31cb309059c8b8bc8f6c023d2ce5c6ea2bf4dbe30,2,158,True,,,,,,,,,,,8900,8.9e-06,115.0561797752809,0,0.0,
41fe6b46-d014-4944-8798-d1f805277064,2003,AES-128,encrypt,cuda_baseline,baseline,resident,pinned,ECB,1024,13,1024:ECB:13,595f4e944ecc6f190ece42a31cb309059c8b8bc8f6c023d2ce5c6ea2bf4dbe30,3,159,True,1,8.542445535559288,,0.00011987199634313583,,,119871.99634313583,,,,,,,,,119871.99634313583
41fe6b46-d014-4944-8798-d1f805277064,2003,AES-128,encrypt,cpu_software,software,transform,bytes,ECB,1024,13,1024:ECB:13,595f4e944ecc6f190ece42a31cb309059c8b8bc8f6c023d2ce5c6ea2bf4dbe30,4,160,True,,,,,,,,,,,12000,1.2e-05,85.33333333333333,0,0.0,
41fe6b46-d014-4944-8798-d1f805277064,2003,AES-128,encrypt,cuda_optimized_v1,optimized,pipeline,pinned,ECB,1024,13,1024:ECB:13,595f4e944ecc6f190ece42a31cb309059c8b8bc8f6c023d2ce5c6ea2bf4dbe30,5,161,True,,18.465089003575557,5.1691065118626955,5.5456001311540604e-05,0.0001981,40900,55456.0013115406,42300,83200,198100,,,,,,
41fe6b46-d014-4944-8798-d1f805277064,2003,AES-128,encrypt,cuda_baseline,baseline,resident,pinned,CTR,1024,13,1024:CTR:13,4f73b42156a4a4479fae0c1d8f67b6f69f99fe2177bc3b6c77ef194d501f4296,0,162,True,1,17.30665231049786,,5.916799977421761e-05,,,59167.999774217606,,,,,,,,,59167.999774217606
41fe6b46-d014-4944-8798-d1f805277064,2003,AES-128,encrypt,cpu_software,software,transform,bytes,CTR,1024,13,1024:CTR:13,4f73b42156a4a4479fae0c1d8f67b6f69f99fe2177bc3b6c77ef194d501f4296,1,163,True,,,,,,,,,,,9900,9.9e-06,103.43434343434343,0,0.0,
41fe6b46-d014-4944-8798-d1f805277064,2003,AES-128,encrypt,cpu_aesni,aesni,transform,bytes,CTR,1024,13,1024:CTR:13,4f73b42156a4a4479fae0c1d8f67b6f69f99fe2177bc3b6c77ef194d501f4296,2,164,True,,,,,,,,,,,4300,4.3e-06,238.13953488372093,0,0.0,
41fe6b46-d014-4944-8798-d1f805277064,2003,AES-128,encrypt,cuda_optimized_v1,optimized,resident,pinned,CTR,1024,13,1024:CTR:13,4f73b42156a4a4479fae0c1d8f67b6f69f99fe2177bc3b6c77ef194d501f4296,3,165,True,1,20.87410263715251,,4.905600100755692e-05,,,49056.001007556915,,,,,,,,,49056.001007556915
41fe6b46-d014-4944-8798-d1f805277064,2003,AES-128,encrypt,cuda_baseline,baseline,pipeline,pinned,CTR,1024,13,1024:CTR:13,4f73b42156a4a4479fae0c1d8f67b6f69f99fe2177bc3b6c77ef194d501f4296,4,166,True,,19.253911344337126,5.091994032819493,5.318399891257286e-05,0.0002011,39400,53183.99891257286,58800,98200,201100,,,,,,
41fe6b46-d014-4944-8798-d1f805277064,2003,AES-128,encrypt,cuda_optimized_v1,optimized,pipeline,pinned,CTR,1024,13,1024:CTR:13,4f73b42156a4a4479fae0c1d8f67b6f69f99fe2177bc3b6c77ef194d501f4296,5,167,True,,17.572762097268356,5.211195928753181,5.8272000402212145e-05,0.0001965,41400,58272.00040221214,42500,83900,196500,,,,,,
41fe6b46-d014-4944-8798-d1f805277064,2003,AES-128,encrypt,cpu_aesni,aesni,transform,bytes,ECB,1024,14,1024:ECB:14,295aa932cbb9f639a510de41461ee86c472bb710c551cda109b5a9c32d601fc8,0,168,True,,,,,,,,,,,4600,4.6e-06,222.6086956521739,0,0.0,
41fe6b46-d014-4944-8798-d1f805277064,2003,AES-128,encrypt,cpu_software,software,transform,bytes,ECB,1024,14,1024:ECB:14,295aa932cbb9f639a510de41461ee86c472bb710c551cda109b5a9c32d601fc8,1,169,True,,,,,,,,,,,6600,6.6e-06,155.15151515151516,0,0.0,
41fe6b46-d014-4944-8798-d1f805277064,2003,AES-128,encrypt,cuda_optimized_v1,optimized,resident,pinned,ECB,1024,14,1024:ECB:14,295aa932cbb9f639a510de41461ee86c472bb710c551cda109b5a9c32d601fc8,2,170,True,1,17.24137888074323,,5.939200147986412e-05,,,59392.00147986412,,,,,,,,,59392.00147986412
41fe6b46-d014-4944-8798-d1f805277064,2003,AES-128,encrypt,cuda_baseline,baseline,resident,pinned,ECB,1024,14,1024:ECB:14,295aa932cbb9f639a510de41461ee86c472bb710c551cda109b5a9c32d601fc8,3,171,True,1,17.67955756930474,,5.792000144720077e-05,,,57920.001447200775,,,,,,,,,57920.001447200775
41fe6b46-d014-4944-8798-d1f805277064,2003,AES-128,encrypt,cuda_optimized_v1,optimized,pipeline,pinned,ECB,1024,14,1024:ECB:14,295aa932cbb9f639a510de41461ee86c472bb710c551cda109b5a9c32d601fc8,4,172,True,,20.87410263715251,5.529157667386609,4.905600100755692e-05,0.0001852,39600,49056.001007556915,43700,83300,185200,,,,,,
41fe6b46-d014-4944-8798-d1f805277064,2003,AES-128,encrypt,cuda_baseline,baseline,pipeline,pinned,ECB,1024,14,1024:ECB:14,295aa932cbb9f639a510de41461ee86c472bb710c551cda109b5a9c32d601fc8,5,173,True,,20.71197402363525,5.574305933587371,4.944000020623207e-05,0.0001837,40500,49440.00020623207,41800,82300,183700,,,,,,
41fe6b46-d014-4944-8798-d1f805277064,2003,AES-128,encrypt,cpu_aesni,aesni,transform,bytes,CTR,1024,14,1024:CTR:14,6143feb66d0380b6fc9a583fb1c8792f0c7b7346c95457f0049830cab5b48ad7,0,174,True,,,,,,,,,,,4900,4.9e-06,208.9795918367347,0,0.0,
41fe6b46-d014-4944-8798-d1f805277064,2003,AES-128,encrypt,cpu_software,software,transform,bytes,CTR,1024,14,1024:CTR:14,6143feb66d0380b6fc9a583fb1c8792f0c7b7346c95457f0049830cab5b48ad7,1,175,True,,,,,,,,,,,7000,7e-06,146.28571428571428,0,0.0,
41fe6b46-d014-4944-8798-d1f805277064,2003,AES-128,encrypt,cuda_optimized_v1,optimized,pipeline,pinned,CTR,1024,14,1024:CTR:14,6143feb66d0380b6fc9a583fb1c8792f0c7b7346c95457f0049830cab5b48ad7,2,176,True,,19.323671068796674,5.5083378160301235,5.2992001175880435e-05,0.0001859,39200,52992.00117588043,41200,80400,185900,,,,,,
41fe6b46-d014-4944-8798-d1f805277064,2003,AES-128,encrypt,cuda_baseline,baseline,resident,pinned,CTR,1024,14,1024:CTR:14,6143feb66d0380b6fc9a583fb1c8792f0c7b7346c95457f0049830cab5b48ad7,3,177,True,1,19.07032213632526,,5.369599908590317e-05,,,53695.99908590317,,,,,,,,,53695.99908590317
41fe6b46-d014-4944-8798-d1f805277064,2003,AES-128,encrypt,cuda_baseline,baseline,pipeline,pinned,CTR,1024,14,1024:CTR:14,6143feb66d0380b6fc9a583fb1c8792f0c7b7346c95457f0049830cab5b48ad7,4,178,True,,13.686911260856549,4.956437560503388,7.481600344181061e-05,0.0002066,38000,74816.00344181061,43000,81000,206600,,,,,,
41fe6b46-d014-4944-8798-d1f805277064,2003,AES-128,encrypt,cuda_optimized_v1,optimized,resident,pinned,CTR,1024,14,1024:CTR:14,6143feb66d0380b6fc9a583fb1c8792f0c7b7346c95457f0049830cab5b48ad7,5,179,True,1,19.96257039978823,,5.1295999437570575e-05,,,51295.99943757057,,,,,,,,,51295.99943757057
41fe6b46-d014-4944-8798-d1f805277064,2003,AES-128,encrypt,cpu_software,software,transform,bytes,ECB,1024,15,1024:ECB:15,9f4db87d2b28284c667f2ad14aa15736ec86c0cd09be0768825f2be4ae7a7dc3,0,180,True,,,,,,,,,,,7700,7.7e-06,132.98701298701297,0,0.0,
41fe6b46-d014-4944-8798-d1f805277064,2003,AES-128,encrypt,cuda_baseline,baseline,resident,pinned,ECB,1024,15,1024:ECB:15,9f4db87d2b28284c667f2ad14aa15736ec86c0cd09be0768825f2be4ae7a7dc3,1,181,True,1,18.422568122334077,,5.558399856090546e-05,,,55583.99856090546,,,,,,,,,55583.99856090546
41fe6b46-d014-4944-8798-d1f805277064,2003,AES-128,encrypt,cuda_optimized_v1,optimized,pipeline,pinned,ECB,1024,15,1024:ECB:15,9f4db87d2b28284c667f2ad14aa15736ec86c0cd09be0768825f2be4ae7a7dc3,2,182,True,,19.716574022929013,5.493562231759657,5.193600058555603e-05,0.0001864,41100,51936.00058555603,43000,84100,186400,,,,,,
41fe6b46-d014-4944-8798-d1f805277064,2003,AES-128,encrypt,cuda_baseline,baseline,pipeline,pinned,ECB,1024,15,1024:ECB:15,9f4db87d2b28284c667f2ad14aa15736ec86c0cd09be0768825f2be4ae7a7dc3,3,183,True,,20.01250841856078,5.559174809989142,5.116799846291542e-05,0.0001842,40600,51167.99846291542,41600,82200,184200,,,,,,
41fe6b46-d014-4944-8798-d1f805277064,2003,AES-128,encrypt,cpu_aesni,aesni,transform,bytes,ECB,1024,15,1024:ECB:15,9f4db87d2b28284c667f2ad14aa15736ec86c0cd09be0768825f2be4ae7a7dc3,4,184,True,,,,,,,,,,,8400,8.4e-06,121.9047619047619,0,0.0,
41fe6b46-d014-4944-8798-d1f805277064,2003,AES-128,encrypt,cuda_optimized_v1,optimized,resident,pinned,ECB,1024,15,1024:ECB:15,9f4db87d2b28284c667f2ad14aa15736ec86c0cd09be0768825f2be4ae7a7dc3,5,185,True,1,20.037569777679547,,5.1104001700878144e-05,,,51104.00170087814,,,,,,,,,51104.00170087814
41fe6b46-d014-4944-8798-d1f805277064,2003,AES-128,encrypt,cuda_optimized_v1,optimized,pipeline,pinned,CTR,1024,15,1024:CTR:15,9c6276fa76d258af49c31ed86739b7aa6ecc52d7fd0df6d570333a90f28c0cd7,0,186,True,,20.473448141630147,5.475935828877005,5.001600086688995e-05,0.000187,40200,50016.00086688995,42100,82300,187000,,,,,,
41fe6b46-d014-4944-8798-d1f805277064,2003,AES-128,encrypt,cuda_baseline,baseline,pipeline,pinned,CTR,1024,15,1024:CTR:15,9c6276fa76d258af49c31ed86739b7aa6ecc52d7fd0df6d570333a90f28c0cd7,1,187,True,,20.12578616540816,5.5895196506550215,5.0879999995231625e-05,0.0001832,40500,50879.99999523163,41400,81900,183200,,,,,,
41fe6b46-d014-4944-8798-d1f805277064,2003,AES-128,encrypt,cpu_aesni,aesni,transform,bytes,CTR,1024,15,1024:CTR:15,9c6276fa76d258af49c31ed86739b7aa6ecc52d7fd0df6d570333a90f28c0cd7,2,188,True,,,,,,,,,,,6400,6.4e-06,160.0,0,0.0,
41fe6b46-d014-4944-8798-d1f805277064,2003,AES-128,encrypt,cuda_optimized_v1,optimized,resident,pinned,CTR,1024,15,1024:CTR:15,9c6276fa76d258af49c31ed86739b7aa6ecc52d7fd0df6d570333a90f28c0cd7,3,189,True,1,20.618557453888805,,4.9663998186588286e-05,,,49663.99818658829,,,,,,,,,49663.99818658829
41fe6b46-d014-4944-8798-d1f805277064,2003,AES-128,encrypt,cuda_baseline,baseline,resident,pinned,CTR,1024,15,1024:CTR:15,9c6276fa76d258af49c31ed86739b7aa6ecc52d7fd0df6d570333a90f28c0cd7,4,190,True,1,20.037569777679547,,5.1104001700878144e-05,,,51104.00170087814,,,,,,,,,51104.00170087814
41fe6b46-d014-4944-8798-d1f805277064,2003,AES-128,encrypt,cpu_software,software,transform,bytes,CTR,1024,15,1024:CTR:15,9c6276fa76d258af49c31ed86739b7aa6ecc52d7fd0df6d570333a90f28c0cd7,5,191,True,,,,,,,,,,,9200,9.2e-06,111.30434782608695,0,0.0,
41fe6b46-d014-4944-8798-d1f805277064,2003,AES-128,encrypt,cuda_baseline,baseline,pipeline,pinned,CTR,1024,16,1024:CTR:16,fa7a22b173c744cd3cf1deb54dbf2acedf55eca9a63affce2cdefa02c1d33581,0,192,True,,19.26550319167927,5.511302475780409,5.315199866890907e-05,0.0001858,39500,53151.99866890907,42200,81700,185800,,,,,,
41fe6b46-d014-4944-8798-d1f805277064,2003,AES-128,encrypt,cuda_optimized_v1,optimized,pipeline,pinned,CTR,1024,16,1024:CTR:16,fa7a22b173c744cd3cf1deb54dbf2acedf55eca9a63affce2cdefa02c1d33581,1,193,True,,20.138451954905584,5.6512141280353205,5.0847999751567844e-05,0.0001812,40300,50847.99975156784,40600,80900,181200,,,,,,
41fe6b46-d014-4944-8798-d1f805277064,2003,AES-128,encrypt,cuda_baseline,baseline,resident,pinned,CTR,1024,16,1024:CTR:16,fa7a22b173c744cd3cf1deb54dbf2acedf55eca9a63affce2cdefa02c1d33581,2,194,True,1,20.24035359507218,,5.0592001527547836e-05,,,50592.001527547836,,,,,,,,,50592.001527547836
41fe6b46-d014-4944-8798-d1f805277064,2003,AES-128,encrypt,cpu_aesni,aesni,transform,bytes,CTR,1024,16,1024:CTR:16,fa7a22b173c744cd3cf1deb54dbf2acedf55eca9a63affce2cdefa02c1d33581,3,195,True,,,,,,,,,,,6000,6e-06,170.66666666666666,0,0.0,
41fe6b46-d014-4944-8798-d1f805277064,2003,AES-128,encrypt,cuda_optimized_v1,optimized,resident,pinned,CTR,1024,16,1024:CTR:16,fa7a22b173c744cd3cf1deb54dbf2acedf55eca9a63affce2cdefa02c1d33581,4,196,True,1,19.595836148533404,,5.225599929690361e-05,,,52255.99929690361,,,,,,,,,52255.99929690361
41fe6b46-d014-4944-8798-d1f805277064,2003,AES-128,encrypt,cpu_software,software,transform,bytes,CTR,1024,16,1024:CTR:16,fa7a22b173c744cd3cf1deb54dbf2acedf55eca9a63affce2cdefa02c1d33581,5,197,True,,,,,,,,,,,8600,8.6e-06,119.06976744186046,0,0.0,
41fe6b46-d014-4944-8798-d1f805277064,2003,AES-128,encrypt,cpu_aesni,aesni,transform,bytes,ECB,1024,16,1024:ECB:16,316970f5fe09d2c5c2cef8232a4b54713c900967a8c0aca29329aa65fc2ec26c,0,198,True,,,,,,,,,,,3800,3.8e-06,269.4736842105263,0,0.0,
41fe6b46-d014-4944-8798-d1f805277064,2003,AES-128,encrypt,cuda_baseline,baseline,resident,pinned,ECB,1024,16,1024:ECB:16,316970f5fe09d2c5c2cef8232a4b54713c900967a8c0aca29329aa65fc2ec26c,1,199,True,1,19.76528736277517,,5.1807999610900877e-05,,,51807.99961090088,,,,,,,,,51807.99961090088
41fe6b46-d014-4944-8798-d1f805277064,2003,AES-128,encrypt,cuda_optimized_v1,optimized,resident,pinned,ECB,1024,16,1024:ECB:16,316970f5fe09d2c5c2cef8232a4b54713c900967a8c0aca29329aa65fc2ec26c,2,200,True,1,22.535211490487516,,4.543999955058098e-05,,,45439.99955058098,,,,,,,,,45439.99955058098
41fe6b46-d014-4944-8798-d1f805277064,2003,AES-128,encrypt,cuda_optimized_v1,optimized,pipeline,pinned,ECB,1024,16,1024:ECB:16,316970f5fe09d2c5c2cef8232a4b54713c900967a8c0aca29329aa65fc2ec26c,3,201,True,,21.962937017394783,5.795132993774759,4.662400111556053e-05,0.0001767,39200,46624.00111556053,42900,82100,176700,,,,,,
41fe6b46-d014-4944-8798-d1f805277064,2003,AES-128,encrypt,cpu_software,software,transform,bytes,ECB,1024,16,1024:ECB:16,316970f5fe09d2c5c2cef8232a4b54713c900967a8c0aca29329aa65fc2ec26c,4,202,True,,,,,,,,,,,8900,8.9e-06,115.0561797752809,0,0.0,
41fe6b46-d014-4944-8798-d1f805277064,2003,AES-128,encrypt,cuda_baseline,baseline,pipeline,pinned,ECB,1024,16,1024:ECB:16,316970f5fe09d2c5c2cef8232a4b54713c900967a8c0aca29329aa65fc2ec26c,5,203,True,,15.444015855857153,2.9332569464336866,6.630399823188782e-05,0.0003491,82100,66303.99823188782,82000,164100,349100,,,,,,
41fe6b46-d014-4944-8798-d1f805277064,2003,AES-128,encrypt,cpu_aesni,aesni,transform,bytes,CTR,1024,17,1024:CTR:17,9d2ec0f0c10edb309dec02c0af1d68cb426514016f93cc5fef3bf0186093513b,0,204,True,,,,,,,,,,,8800,8.8e-06,116.36363636363636,0,0.0,
41fe6b46-d014-4944-8798-d1f805277064,2003,AES-128,encrypt,cpu_software,software,transform,bytes,CTR,1024,17,1024:CTR:17,9d2ec0f0c10edb309dec02c0af1d68cb426514016f93cc5fef3bf0186093513b,1,205,True,,,,,,,,,,,7100,7.1e-06,144.22535211267606,0,0.0,
41fe6b46-d014-4944-8798-d1f805277064,2003,AES-128,encrypt,cuda_baseline,baseline,resident,pinned,CTR,1024,17,1024:CTR:17,9d2ec0f0c10edb309dec02c0af1d68cb426514016f93cc5fef3bf0186093513b,2,206,True,1,9.28074260767759,,0.00011033599823713303,,,110335.99823713303,,,,,,,,,110335.99823713303
41fe6b46-d014-4944-8798-d1f805277064,2003,AES-128,encrypt,cuda_baseline,baseline,pipeline,pinned,CTR,1024,17,1024:CTR:17,9d2ec0f0c10edb309dec02c0af1d68cb426514016f93cc5fef3bf0186093513b,3,207,True,,19.58384350132834,4.4214162348877375,5.2287999540567396e-05,0.0002316,66900,52287.9995405674,42600,109500,231600,,,,,,
41fe6b46-d014-4944-8798-d1f805277064,2003,AES-128,encrypt,cuda_optimized_v1,optimized,resident,pinned,CTR,1024,17,1024:CTR:17,9d2ec0f0c10edb309dec02c0af1d68cb426514016f93cc5fef3bf0186093513b,4,208,True,1,20.658488855807263,,4.956800118088722e-05,,,49568.00118088722,,,,,,,,,49568.00118088722
41fe6b46-d014-4944-8798-d1f805277064,2003,AES-128,encrypt,cuda_optimized_v1,optimized,pipeline,pinned,CTR,1024,17,1024:CTR:17,9d2ec0f0c10edb309dec02c0af1d68cb426514016f93cc5fef3bf0186093513b,5,209,True,,20.317460291029434,5.717476270240089,5.040000006556511e-05,0.0001791,39000,50400.00006556511,40600,79600,179100,,,,,,
41fe6b46-d014-4944-8798-d1f805277064,2003,AES-128,encrypt,cuda_optimized_v1,optimized,resident,pinned,ECB,1024,17,1024:ECB:17,ee5e15b2dc7cbd670ecab9e1f747bdea350d361389bf353ab13c27595866c36c,0,210,True,1,20.265990716412798,,5.052800104022026e-05,,,50528.00104022026,,,,,,,,,50528.00104022026
41fe6b46-d014-4944-8798-d1f805277064,2003,AES-128,encrypt,cuda_optimized_v1,optimized,pipeline,pinned,ECB,1024,17,1024:ECB:17,ee5e15b2dc7cbd670ecab9e1f747bdea350d361389bf353ab13c27595866c36c,1,211,True,,20.265990716412798,5.648097076668505,5.052800104022026e-05,0.0001813,40900,50528.00104022026,41200,82100,181300,,,,,,
41fe6b46-d014-4944-8798-d1f805277064,2003,AES-128,encrypt,cuda_baseline,baseline,resident,pinned,ECB,1024,17,1024:ECB:17,ee5e15b2dc7cbd670ecab9e1f747bdea350d361389bf353ab13c27595866c36c,2,212,True,1,20.486555442386415,,4.998400062322616e-05,,,49984.000623226166,,,,,,,,,49984.000623226166
41fe6b46-d014-4944-8798-d1f805277064,2003,AES-128,encrypt,cpu_aesni,aesni,transform,bytes,ECB,1024,17,1024:ECB:17,ee5e15b2dc7cbd670ecab9e1f747bdea350d361389bf353ab13c27595866c36c,3,213,True,,,,,,,,,,,6000,6e-06,170.66666666666666,0,0.0,
41fe6b46-d014-4944-8798-d1f805277064,2003,AES-128,encrypt,cpu_software,software,transform,bytes,ECB,1024,17,1024:ECB:17,ee5e15b2dc7cbd670ecab9e1f747bdea350d361389bf353ab13c27595866c36c,4,214,True,,,,,,,,,,,7000,7e-06,146.28571428571428,0,0.0,
41fe6b46-d014-4944-8798-d1f805277064,2003,AES-128,encrypt,cuda_baseline,baseline,pipeline,pinned,ECB,1024,17,1024:ECB:17,ee5e15b2dc7cbd670ecab9e1f747bdea350d361389bf353ab13c27595866c36c,5,215,True,,19.950124812176867,5.626373626373627,5.132799968123436e-05,0.000182,39700,51327.99968123436,41900,81600,182000,,,,,,
41fe6b46-d014-4944-8798-d1f805277064,2003,AES-128,encrypt,cuda_optimized_v1,optimized,resident,pinned,CTR,1024,18,1024:CTR:18,e78d4f69d308ecdd41ef223917d849653f69606656fae0c53ccdd64e17db3a63,0,216,True,1,19.81424200893493,,5.167999863624573e-05,,,51679.99863624573,,,,,,,,,51679.99863624573
41fe6b46-d014-4944-8798-d1f805277064,2003,AES-128,encrypt,cpu_software,software,transform,bytes,CTR,1024,18,1024:CTR:18,e78d4f69d308ecdd41ef223917d849653f69606656fae0c53ccdd64e17db3a63,1,217,True,,,,,,,,,,,8700,8.7e-06,117.70114942528735,0,0.0,
41fe6b46-d014-4944-8798-d1f805277064,2003,AES-128,encrypt,cuda_optimized_v1,optimized,pipeline,pinned,CTR,1024,18,1024:CTR:18,e78d4f69d308ecdd41ef223917d849653f69606656fae0c53ccdd64e17db3a63,2,218,True,,19.912880985364776,5.5895196506550215,5.142400041222572e-05,0.0001832,40700,51424.00041222572,40500,81200,183200,,,,,,
41fe6b46-d014-4944-8798-d1f805277064,2003,AES-128,encrypt,cpu_aesni,aesni,transform,bytes,CTR,1024,18,1024:CTR:18,e78d4f69d308ecdd41ef223917d849653f69606656fae0c53ccdd64e17db3a63,3,219,True,,,,,,,,,,,5900,5.9e-06,173.5593220338983,0,0.0,
41fe6b46-d014-4944-8798-d1f805277064,2003,AES-128,encrypt,cuda_baseline,baseline,resident,pinned,CTR,1024,18,1024:CTR:18,e78d4f69d308ecdd41ef223917d849653f69606656fae0c53ccdd64e17db3a63,4,220,True,1,20.35623436596638,,5.030399933457375e-05,,,50303.999334573746,,,,,,,,,50303.999334573746
41fe6b46-d014-4944-8798-d1f805277064,2003,AES-128,encrypt,cuda_baseline,baseline,pipeline,pinned,CTR,1024,18,1024:CTR:18,e78d4f69d308ecdd41ef223917d849653f69606656fae0c53ccdd64e17db3a63,5,221,True,,20.025031986458522,5.583424209378408,5.113599821925163e-05,0.0001834,39200,51135.99821925163,41300,80500,183400,,,,,,
41fe6b46-d014-4944-8798-d1f805277064,2003,AES-128,encrypt,cuda_optimized_v1,optimized,resident,pinned,ECB,1024,18,1024:ECB:18,e57b6d92475dd5b419bb418b779e5d954bd77da6802a534d65b03394778e939e,0,222,True,1,19.40570061932387,,5.2767999470233916e-05,,,52767.99947023392,,,,,,,,,52767.99947023392
41fe6b46-d014-4944-8798-d1f805277064,2003,AES-128,encrypt,cuda_optimized_v1,optimized,pipeline,pinned,ECB,1024,18,1024:ECB:18,e57b6d92475dd5b419bb418b779e5d954bd77da6802a534d65b03394778e939e,1,223,True,,18.422568122334077,5.5083378160301235,5.558399856090546e-05,0.0001859,39100,55583.99856090546,43200,82300,185900,,,,,,
41fe6b46-d014-4944-8798-d1f805277064,2003,AES-128,encrypt,cuda_baseline,baseline,resident,pinned,ECB,1024,18,1024:ECB:18,e57b6d92475dd5b419bb418b779e5d954bd77da6802a534d65b03394778e939e,2,224,True,1,20.765736858307744,,4.931199923157692e-05,,,49311.99923157692,,,,,,,,,49311.99923157692
41fe6b46-d014-4944-8798-d1f805277064,2003,AES-128,encrypt,cpu_software,software,transform,bytes,ECB,1024,18,1024:ECB:18,e57b6d92475dd5b419bb418b779e5d954bd77da6802a534d65b03394778e939e,3,225,True,,,,,,,,,,,9100,9.1e-06,112.52747252747253,0,0.0,
41fe6b46-d014-4944-8798-d1f805277064,2003,AES-128,encrypt,cpu_aesni,aesni,transform,bytes,ECB,1024,18,1024:ECB:18,e57b6d92475dd5b419bb418b779e5d954bd77da6802a534d65b03394778e939e,4,226,True,,,,,,,,,,,3900,3.9e-06,262.56410256410254,0,0.0,
41fe6b46-d014-4944-8798-d1f805277064,2003,AES-128,encrypt,cuda_baseline,baseline,pipeline,pinned,ECB,1024,18,1024:ECB:18,e57b6d92475dd5b419bb418b779e5d954bd77da6802a534d65b03394778e939e,5,227,True,,20.779221205973556,5.7560427206295675,4.927999898791313e-05,0.0001779,38800,49279.99898791313,40700,79500,177900,,,,,,
41fe6b46-d014-4944-8798-d1f805277064,2003,AES-128,encrypt,cuda_baseline,baseline,pipeline,pinned,ECB,1024,19,1024:ECB:19,0bd50550e326732ab2f04312391250e6fd29283a0fa701fcd76002ae9fa76ab7,0,228,True,,19.138755498239114,5.538128718226068,5.3504001349210736e-05,0.0001849,40200,53504.00134921074,41100,81300,184900,,,,,,
41fe6b46-d014-4944-8798-d1f805277064,2003,AES-128,encrypt,cuda_baseline,baseline,resident,pinned,ECB,1024,19,1024:ECB:19,0bd50550e326732ab2f04312391250e6fd29283a0fa701fcd76002ae9fa76ab7,1,229,True,1,18.34862376557372,,5.580800026655197e-05,,,55808.00026655197,,,,,,,,,55808.00026655197
41fe6b46-d014-4944-8798-d1f805277064,2003,AES-128,encrypt,cpu_software,software,transform,bytes,ECB,1024,19,1024:ECB:19,0bd50550e326732ab2f04312391250e6fd29283a0fa701fcd76002ae9fa76ab7,2,230,True,,,,,,,,,,,9000,9e-06,113.77777777777777,0,0.0,
41fe6b46-d014-4944-8798-d1f805277064,2003,AES-128,encrypt,cuda_optimized_v1,optimized,pipeline,pinned,ECB,1024,19,1024:ECB:19,0bd50550e326732ab2f04312391250e6fd29283a0fa701fcd76002ae9fa76ab7,3,231,True,,21.024967870593887,5.727069351230425,4.8703998327255246e-05,0.0001788,40000,48703.99832725525,41000,81000,178800,,,,,,
41fe6b46-d014-4944-8798-d1f805277064,2003,AES-128,encrypt,cpu_aesni,aesni,transform,bytes,ECB,1024,19,1024:ECB:19,0bd50550e326732ab2f04312391250e6fd29283a0fa701fcd76002ae9fa76ab7,4,232,True,,,,,,,,,,,5500,5.5e-06,186.1818181818182,0,0.0,
41fe6b46-d014-4944-8798-d1f805277064,2003,AES-128,encrypt,cuda_optimized_v1,optimized,resident,pinned,ECB,1024,19,1024:ECB:19,0bd50550e326732ab2f04312391250e6fd29283a0fa701fcd76002ae9fa76ab7,5,233,True,1,21.13606336315252,,4.8448000103235245e-05,,,48448.000103235245,,,,,,,,,48448.000103235245
41fe6b46-d014-4944-8798-d1f805277064,2003,AES-128,encrypt,cuda_baseline,baseline,resident,pinned,CTR,1024,19,1024:CTR:19,275562f94f697a6673f68001b5fb7b4673846940e1a24353316b49749b02fea9,0,234,True,1,19.207683113859705,,5.331199988722801e-05,,,53311.99988722801,,,,,,,,,53311.99988722801
41fe6b46-d014-4944-8798-d1f805277064,2003,AES-128,encrypt,cuda_baseline,baseline,pipeline,pinned,CTR,1024,19,1024:CTR:19,275562f94f697a6673f68001b5fb7b4673846940e1a24353316b49749b02fea9,1,235,True,,19.173157357451743,5.632563256325633,5.340800061821938e-05,0.0001818,40200,53408.000618219376,39800,80000,181800,,,,,,
41fe6b46-d014-4944-8798-d1f805277064,2003,AES-128,encrypt,cuda_optimized_v1,optimized,resident,pinned,CTR,1024,19,1024:CTR:19,275562f94f697a6673f68001b5fb7b4673846940e1a24353316b49749b02fea9,2,236,True,1,20.01250841856078,,5.116799846291542e-05,,,51167.99846291542,,,,,,,,,51167.99846291542
41fe6b46-d014-4944-8798-d1f805277064,2003,AES-128,encrypt,cpu_software,software,transform,bytes,CTR,1024,19,1024:CTR:19,275562f94f697a6673f68001b5fb7b4673846940e1a24353316b49749b02fea9,3,237,True,,,,,,,,,,,8900,8.9e-06,115.0561797752809,0,0.0,
41fe6b46-d014-4944-8798-d1f805277064,2003,AES-128,encrypt,cpu_aesni,aesni,transform,bytes,CTR,1024,19,1024:CTR:19,275562f94f697a6673f68001b5fb7b4673846940e1a24353316b49749b02fea9,4,238,True,,,,,,,,,,,4200,4.2e-06,243.8095238095238,0,0.0,
41fe6b46-d014-4944-8798-d1f805277064,2003,AES-128,encrypt,cuda_optimized_v1,optimized,pipeline,pinned,CTR,1024,19,1024:CTR:19,275562f94f697a6673f68001b5fb7b4673846940e1a24353316b49749b02fea9,5,239,True,,20.59202114114287,5.657458563535911,4.972799867391586e-05,0.000181,39900,49727.99867391586,41400,81300,181000,,,,,,
41fe6b46-d014-4944-8798-d1f805277064,2003,AES-128,encrypt,cpu_software,software,transform,bytes,CTR,16384,0,16384:CTR:0,c7346b8c09cc1ca793641f553eae83b0e0b5cb2b672d784c45f7160adfe93dc8,0,240,True,,,,,,,,,,,59400,5.94e-05,275.8249158249158,0,0.0,
41fe6b46-d014-4944-8798-d1f805277064,2003,AES-128,encrypt,cuda_baseline,baseline,pipeline,pinned,CTR,16384,0,16384:CTR:0,c7346b8c09cc1ca793641f553eae83b0e0b5cb2b672d784c45f7160adfe93dc8,1,241,True,,323.0283989568599,87.01009028146575,5.071999877691269e-05,0.0001883,43000,50719.99877691269,43300,86300,188300,,,,,,
41fe6b46-d014-4944-8798-d1f805277064,2003,AES-128,encrypt,cuda_optimized_v1,optimized,resident,pinned,CTR,16384,0,16384:CTR:0,c7346b8c09cc1ca793641f553eae83b0e0b5cb2b672d784c45f7160adfe93dc8,2,242,True,1,317.42096612624357,,5.161599814891815e-05,,,51615.99814891815,,,,,,,,,51615.99814891815
41fe6b46-d014-4944-8798-d1f805277064,2003,AES-128,encrypt,cpu_aesni,aesni,transform,bytes,CTR,16384,0,16384:CTR:0,c7346b8c09cc1ca793641f553eae83b0e0b5cb2b672d784c45f7160adfe93dc8,3,243,True,,,,,,,,,,,11900,1.19e-05,1376.8067226890757,0,0.0,
41fe6b46-d014-4944-8798-d1f805277064,2003,AES-128,encrypt,cuda_optimized_v1,optimized,pipeline,pinned,CTR,16384,0,16384:CTR:0,c7346b8c09cc1ca793641f553eae83b0e0b5cb2b672d784c45f7160adfe93dc8,4,244,True,,306.7705177192279,86.59619450317125,5.340800061821938e-05,0.0001892,43100,53408.000618219376,42700,85800,189200,,,,,,
41fe6b46-d014-4944-8798-d1f805277064,2003,AES-128,encrypt,cuda_baseline,baseline,resident,pinned,CTR,16384,0,16384:CTR:0,c7346b8c09cc1ca793641f553eae83b0e0b5cb2b672d784c45f7160adfe93dc8,5,245,True,1,287.6404414196809,,5.696000158786774e-05,,,56960.00158786774,,,,,,,,,56960.00158786774
41fe6b46-d014-4944-8798-d1f805277064,2003,AES-128,encrypt,cpu_aesni,aesni,transform,bytes,ECB,16384,0,16384:ECB:0,85830559300978e36ae934be13ebd466f1338c4a9ffa3fecff2a888f5f651e3e,0,246,True,,,,,,,,,,,7200,7.2e-06,2275.5555555555557,0,0.0,
41fe6b46-d014-4944-8798-d1f805277064,2003,AES-128,encrypt,cuda_baseline,baseline,pipeline,pinned,ECB,16384,0,16384:ECB:0,85830559300978e36ae934be13ebd466f1338c4a9ffa3fecff2a888f5f651e3e,1,247,True,,325.49269185633744,85.37780093798854,5.0335999578237536e-05,0.0001919,43400,50335.99957823753,44200,87600,191900,,,,,,
41fe6b46-d014-4944-8798-d1f805277064,2003,AES-128,encrypt,cpu_software,software,transform,bytes,ECB,16384,0,16384:ECB:0,85830559300978e36ae934be13ebd466f1338c4a9ffa3fecff2a888f5f651e3e,2,248,True,,,,,,,,,,,57600,5.76e-05,284.44444444444446,0,0.0,
41fe6b46-d014-4944-8798-d1f805277064,2003,AES-128,encrypt,cuda_optimized_v1,optimized,pipeline,pinned,ECB,16384,0,16384:ECB:0,85830559300978e36ae934be13ebd466f1338c4a9ffa3fecff2a888f5f651e3e,3,249,True,,324.05062468268534,88.2283252557889,5.056000128388405e-05,0.0001857,43500,50560.00128388405,42800,86300,185700,,,,,,
41fe6b46-d014-4944-8798-d1f805277064,2003,AES-128,encrypt,cuda_baseline,baseline,resident,pinned,ECB,16384,0,16384:ECB:0,85830559300978e36ae934be13ebd466f1338c4a9ffa3fecff2a888f5f651e3e,4,250,True,1,321.00312716391994,,5.104000121355057e-05,,,51040.00121355057,,,,,,,,,51040.00121355057
41fe6b46-d014-4944-8798-d1f805277064,2003,AES-128,encrypt,cuda_optimized_v1,optimized,resident,pinned,ECB,16384,0,16384:ECB:0,85830559300978e36ae934be13ebd466f1338c4a9ffa3fecff2a888f5f651e3e,5,251,True,1,308.43374408334887,,5.311999842524528e-05,,,53119.998425245285,,,,,,,,,53119.998425245285
41fe6b46-d014-4944-8798-d1f805277064,2003,AES-128,encrypt,cuda_baseline,baseline,pipeline,pinned,CTR,16384,1,16384:CTR:1,f4e5aaf37ba6de46f1f52c55b027adb2d87b93ec854aed6fb8572dc35d75595d,0,252,True,,316.6357505702695,86.96390658174097,5.1743999123573307e-05,0.0001884,42300,51743.9991235733,43200,85500,188400,,,,,,
41fe6b46-d014-4944-8798-d1f805277064,2003,AES-128,encrypt,cpu_aesni,aesni,transform,bytes,CTR,16384,1,16384:CTR:1,f4e5aaf37ba6de46f1f52c55b027adb2d87b93ec854aed6fb8572dc35d75595d,1,253,True,,,,,,,,,,,12400,1.24e-05,1321.2903225806451,0,0.0,
41fe6b46-d014-4944-8798-d1f805277064,2003,AES-128,encrypt,cpu_software,software,transform,bytes,CTR,16384,1,16384:CTR:1,f4e5aaf37ba6de46f1f52c55b027adb2d87b93ec854aed6fb8572dc35d75595d,2,254,True,,,,,,,,,,,59800,5.98e-05,273.9799331103679,0,0.0,
41fe6b46-d014-4944-8798-d1f805277064,2003,AES-128,encrypt,cuda_optimized_v1,optimized,resident,pinned,CTR,16384,1,16384:CTR:1,f4e5aaf37ba6de46f1f52c55b027adb2d87b93ec854aed6fb8572dc35d75595d,3,255,True,1,335.078535475741,,4.8895999789237976e-05,,,48895.999789237976,,,,,,,,,48895.999789237976
41fe6b46-d014-4944-8798-d1f805277064,2003,AES-128,encrypt,cuda_baseline,baseline,resident,pinned,CTR,16384,1,16384:CTR:1,f4e5aaf37ba6de46f1f52c55b027adb2d87b93ec854aed6fb8572dc35d75595d,4,256,True,1,338.1770138104403,,4.8448000103235245e-05,,,48448.000103235245,,,,,,,,,48448.000103235245
41fe6b46-d014-4944-8798-d1f805277064,2003,AES-128,encrypt,cuda_optimized_v1,optimized,pipeline,pinned,CTR,16384,1,16384:CTR:1,f4e5aaf37ba6de46f1f52c55b027adb2d87b93ec854aed6fb8572dc35d75595d,5,257,True,,341.3333303663466,87.99140708915145,4.8000000417232514e-05,0.0001862,41500,48000.00041723251,45100,86600,186200,,,,,,
41fe6b46-d014-4944-8798-d1f805277064,2003,AES-128,encrypt,cuda_baseline,baseline,resident,pinned,ECB,16384,1,16384:ECB:1,34f41db83e3444aa13f98d84639b9cae784842ade45081b390970ea7ea5c7673,0,258,True,1,332.2517897329239,,4.931199923157692e-05,,,49311.99923157692,,,,,,,,,49311.99923157692
41fe6b46-d014-4944-8798-d1f805277064,2003,AES-128,encrypt,cpu_aesni,aesni,transform,bytes,ECB,16384,1,16384:ECB:1,34f41db83e3444aa13f98d84639b9cae784842ade45081b390970ea7ea5c7673,1,259,True,,,,,,,,,,,8600,8.6e-06,1905.1162790697674,0,0.0,
41fe6b46-d014-4944-8798-d1f805277064,2003,AES-128,encrypt,cuda_optimized_v1,optimized,resident,pinned,ECB,16384,1,16384:ECB:1,34f41db83e3444aa13f98d84639b9cae784842ade45081b390970ea7ea5c7673,2,260,True,1,338.6243413124796,,4.838399961590767e-05,,,48383.99961590767,,,,,,,,,48383.99961590767
41fe6b46-d014-4944-8798-d1f805277064,2003,AES-128,encrypt,cuda_optimized_v1,optimized,pipeline,pinned,ECB,16384,1,16384:ECB:1,34f41db83e3444aa13f98d84639b9cae784842ade45081b390970ea7ea5c7673,3,261,True,,344.0860126997534,91.2249443207127,4.761600121855736e-05,0.0001796,41200,47616.00121855736,43000,84200,179600,,,,,,
41fe6b46-d014-4944-8798-d1f805277064,2003,AES-128,encrypt,cuda_baseline,baseline,pipeline,pinned,ECB,16384,1,16384:ECB:1,34f41db83e3444aa13f98d84639b9cae784842ade45081b390970ea7ea5c7673,4,262,True,,333.55047844830136,90.12101210121013,4.912000149488449e-05,0.0001818,41600,49120.00149488449,43900,85500,181800,,,,,,
41fe6b46-d014-4944-8798-d1f805277064,2003,AES-128,encrypt,cpu_software,software,transform,bytes,ECB,16384,1,16384:ECB:1,34f41db83e3444aa13f98d84639b9cae784842ade45081b390970ea7ea5c7673,5,263,True,,,,,,,,,,,57700,5.77e-05,283.95147313691507,0,0.0,
41fe6b46-d014-4944-8798-d1f805277064,2003,AES-128,encrypt,cuda_baseline,baseline,resident,pinned,ECB,16384,2,16384:ECB:2,fcd2a66f39759e393575f9741a0800530521071af7d1d8b8b456bed557aae984,0,264,True,1,321.20451083100676,,5.100800096988678e-05,,,51008.00096988678,,,,,,,,,51008.00096988678
41fe6b46-d014-4944-8798-d1f805277064,2003,AES-128,encrypt,cuda_baseline,baseline,pipeline,pinned,ECB,16384,2,16384:ECB:2,fcd2a66f39759e393575f9741a0800530521071af7d1d8b8b456bed557aae984,1,265,True,,340.19932399473635,89.04347826086956,4.8160001635551456e-05,0.000184,43300,48160.00163555145,44300,87600,184000,,,,,,
41fe6b46-d014-4944-8798-d1f805277064,2003,AES-128,encrypt,cuda_optimized_v1,optimized,resident,pinned,ECB,16384,2,16384:ECB:2,fcd2a66f39759e393575f9741a0800530521071af7d1d8b8b456bed557aae984,2,266,True,1,350.6849176464491,,4.6720001846551896e-05,,,46720.001846551895,,,,,,,,,46720.001846551895
41fe6b46-d014-4944-8798-d1f805277064,2003,AES-128,encrypt,cpu_software,software,transform,bytes,ECB,16384,2,16384:ECB:2,fcd2a66f39759e393575f9741a0800530521071af7d1d8b8b456bed557aae984,3,267,True,,,,,,,,,,,87600,8.76e-05,187.03196347031962,0,0.0,
41fe6b46-d014-4944-8798-d1f805277064,2003,AES-128,encrypt,cuda_optimized_v1,optimized,pipeline,pinned,ECB,16384,2,16384:ECB:2,fcd2a66f39759e393575f9741a0800530521071af7d1d8b8b456bed557aae984,4,268,True,,337.9537929613069,88.9951113525258,4.848000034689903e-05,0.0001841,42400,48480.00034689903,44200,86600,184100,,,,,,
41fe6b46-d014-4944-8798-d1f805277064,2003,AES-128,encrypt,cpu_aesni,aesni,transform,bytes,ECB,16384,2,16384:ECB:2,fcd2a66f39759e393575f9741a0800530521071af7d1d8b8b456bed557aae984,5,269,True,,,,,,,,,,,8600,8.6e-06,1905.1162790697674,0,0.0,
41fe6b46-d014-4944-8798-d1f805277064,2003,AES-128,encrypt,cuda_optimized_v1,optimized,pipeline,pinned,CTR,16384,2,16384:CTR:2,c937af4ae81dd4897f06ead0f0600fdfae92ff4da1bf9419c1b1d6681f542fbe,0,270,True,,324.87309445470834,86.36794939377965,5.0432000309228894e-05,0.0001897,41900,50432.0003092289,45800,87700,189700,,,,,,
41fe6b46-d014-4944-8798-d1f805277064,2003,AES-128,encrypt,cpu_aesni,aesni,transform,bytes,CTR,16384,2,16384:CTR:2,c937af4ae81dd4897f06ead0f0600fdfae92ff4da1bf9419c1b1d6681f542fbe,1,271,True,,,,,,,,,,,12000,1.2e-05,1365.3333333333333,0,0.0,
41fe6b46-d014-4944-8798-d1f805277064,2003,AES-128,encrypt,cuda_baseline,baseline,resident,pinned,CTR,16384,2,16384:CTR:2,c937af4ae81dd4897f06ead0f0600fdfae92ff4da1bf9419c1b1d6681f542fbe,2,272,True,1,331.391584378164,,4.944000020623207e-05,,,49440.00020623207,,,,,,,,,49440.00020623207
41fe6b46-d014-4944-8798-d1f805277064,2003,AES-128,encrypt,cpu_software,software,transform,bytes,CTR,16384,2,16384:CTR:2,c937af4ae81dd4897f06ead0f0600fdfae92ff4da1bf9419c1b1d6681f542fbe,3,273,True,,,,,,,,,,,61900,6.19e-05,264.6849757673667,0,0.0,
41fe6b46-d014-4944-8798-d1f805277064,2003,AES-128,encrypt,cuda_baseline,baseline,pipeline,pinned,CTR,16384,2,16384:CTR:2,c937af4ae81dd4897f06ead0f0600fdfae92ff4da1bf9419c1b1d6681f542fbe,4,274,True,,332.4675392955769,88.65800865800865,4.927999898791313e-05,0.0001848,42200,49279.99898791313,43600,85800,184800,,,,,,
41fe6b46-d014-4944-8798-d1f805277064,2003,AES-128,encrypt,cuda_optimized_v1,optimized,resident,pinned,CTR,16384,2,16384:CTR:2,c937af4ae81dd4897f06ead0f0600fdfae92ff4da1bf9419c1b1d6681f542fbe,5,275,True,1,346.6486227723352,,4.7263998538255694e-05,,,47263.99853825569,,,,,,,,,47263.99853825569
41fe6b46-d014-4944-8798-d1f805277064,2003,AES-128,encrypt,cuda_optimized_v1,optimized,resident,pinned,CTR,16384,3,16384:CTR:3,a68b57115345574262dd480c2ff87bed67cf0b55fd6a8030078f3d83f4c30969,0,276,True,1,311.6250658054059,,5.257600173354149e-05,,,52576.00173354149,,,,,,,,,52576.00173354149
41fe6b46-d014-4944-8798-d1f805277064,2003,AES-128,encrypt,cpu_aesni,aesni,transform,bytes,CTR,16384,3,16384:CTR:3,a68b57115345574262dd480c2ff87bed67cf0b55fd6a8030078f3d83f4c30969,1,277,True,,,,,,,,,,,12000,1.2e-05,1365.3333333333333,0,0.0,
41fe6b46-d014-4944-8798-d1f805277064,2003,AES-128,encrypt,cuda_baseline,baseline,pipeline,pinned,CTR,16384,3,16384:CTR:3,a68b57115345574262dd480c2ff87bed67cf0b55fd6a8030078f3d83f4c30969,2,278,True,,301.5312118940533,85.28891202498698,5.433600023388863e-05,0.0001921,43200,54336.000233888626,44300,87500,192100,,,,,,
41fe6b46-d014-4944-8798-d1f805277064,2003,AES-128,encrypt,cuda_baseline,baseline,resident,pinned,CTR,16384,3,16384:CTR:3,a68b57115345574262dd480c2ff87bed67cf0b55fd6a8030078f3d83f4c30969,3,279,True,1,333.9856421944402,,4.905600100755692e-05,,,49056.001007556915,,,,,,,,,49056.001007556915
41fe6b46-d014-4944-8798-d1f805277064,2003,AES-128,encrypt,cpu_software,software,transform,bytes,CTR,16384,3,16384:CTR:3,a68b57115345574262dd480c2ff87bed67cf0b55fd6a8030078f3d83f4c30969,4,280,True,,,,,,,,,,,61700,6.17e-05,265.54294975688816,0,0.0,
41fe6b46-d014-4944-8798-d1f805277064,2003,AES-128,encrypt,cuda_optimized_v1,optimized,pipeline,pinned,CTR,16384,3,16384:CTR:3,a68b57115345574262dd480c2ff87bed67cf0b55fd6a8030078f3d83f4c30969,5,281,True,,338.1770138104403,87.28822589238146,4.8448000103235245e-05,0.0001877,41100,48448.000103235245,46200,87300,187700,,,,,,
41fe6b46-d014-4944-8798-d1f805277064,2003,AES-128,encrypt,cuda_optimized_v1,optimized,resident,pinned,ECB,16384,3,16384:ECB:3,38099e47e28437c0d97d6ca3e1a7c9a4f53bf8c1ec7a089b9248e17da2989049,0,282,True,1,321.8101807652621,,5.0912000238895414e-05,,,50912.000238895416,,,,,,,,,50912.000238895416
41fe6b46-d014-4944-8798-d1f805277064,2003,AES-128,encrypt,cuda_optimized_v1,optimized,pipeline,pinned,ECB,16384,3,16384:ECB:3,38099e47e28437c0d97d6ca3e1a7c9a4f53bf8c1ec7a089b9248e17da2989049,1,283,True,,190.1931642888304,43.913160010720986,8.614400029182434e-05,0.0003731,85500,86144.00029182434,99900,185400,373100,,,,,,
41fe6b46-d014-4944-8798-d1f805277064,2003,AES-128,encrypt,cuda_baseline,baseline,pipeline,pinned,ECB,16384,3,16384:ECB:3,38099e47e28437c0d97d6ca3e1a7c9a4f53bf8c1ec7a089b9248e17da2989049,2,284,True,,282.0936690591352,78.76923076923077,5.8079998940229415e-05,0.000208,46900,58079.998940229416,45600,92500,208000,,,,,,
41fe6b46-d014-4944-8798-d1f805277064,2003,AES-128,encrypt,cpu_aesni,aesni,transform,bytes,ECB,16384,3,16384:ECB:3,38099e47e28437c0d97d6ca3e1a7c9a4f53bf8c1ec7a089b9248e17da2989049,3,285,True,,,,,,,,,,,13000,1.3e-05,1260.3076923076924,0,0.0,
41fe6b46-d014-4944-8798-d1f805277064,2003,AES-128,encrypt,cuda_baseline,baseline,resident,pinned,ECB,16384,3,16384:ECB:3,38099e47e28437c0d97d6ca3e1a7c9a4f53bf8c1ec7a089b9248e17da2989049,4,286,True,1,171.1229966449664,,9.574399888515472e-05,,,95743.99888515472,,,,,,,,,95743.99888515472
41fe6b46-d014-4944-8798-d1f805277064,2003,AES-128,encrypt,cpu_software,software,transform,bytes,ECB,16384,3,16384:ECB:3,38099e47e28437c0d97d6ca3e1a7c9a4f53bf8c1ec7a089b9248e17da2989049,5,287,True,,,,,,,,,,,93000,9.3e-05,176.1720430107527,0,0.0,
41fe6b46-d014-4944-8798-d1f805277064,2003,AES-128,encrypt,cuda_optimized_v1,optimized,pipeline,pinned,CTR,16384,4,16384:CTR:4,774424ee1202e79c4a24bd3c710231574dc1da0f9b0bd69b02f2b18c50905e94,0,288,True,,314.11043808400944,68.69601677148847,5.215999856591225e-05,0.0002385,49500,52159.99856591225,69700,119200,238500,,,,,,
41fe6b46-d014-4944-8798-d1f805277064,2003,AES-128,encrypt,cuda_optimized_v1,optimized,resident,pinned,CTR,16384,4,16384:CTR:4,774424ee1202e79c4a24bd3c710231574dc1da0f9b0bd69b02f2b18c50905e94,1,289,True,1,159.90006573735582,,0.000102463997900486,,,102463.99790048599,,,,,,,,,102463.99790048599
41fe6b46-d014-4944-8798-d1f805277064,2003,AES-128,encrypt,cuda_baseline,baseline,pipeline,pinned,CTR,16384,4,16384:CTR:4,774424ee1202e79c4a24bd3c710231574dc1da0f9b0bd69b02f2b18c50905e94,2,290,True,,302.7794286963707,68.7248322147651,5.411199852824211e-05,0.0002384,81300,54111.99852824211,48900,130200,238400,,,,,,
41fe6b46-d014-4944-8798-d1f805277064,2003,AES-128,encrypt,cpu_software,software,transform,bytes,CTR,16384,4,16384:CTR:4,774424ee1202e79c4a24bd3c710231574dc1da0f9b0bd69b02f2b18c50905e94,3,291,True,,,,,,,,,,,68200,6.82e-05,240.23460410557186,0,0.0,
41fe6b46-d014-4944-8798-d1f805277064,2003,AES-128,encrypt,cuda_baseline,baseline,resident,pinned,CTR,16384,4,16384:CTR:4,774424ee1202e79c4a24bd3c710231574dc1da0f9b0bd69b02f2b18c50905e94,4,292,True,1,307.3229298217553,,5.331199988722801e-05,,,53311.99988722801,,,,,,,,,53311.99988722801
41fe6b46-d014-4944-8798-d1f805277064,2003,AES-128,encrypt,cpu_aesni,aesni,transform,bytes,CTR,16384,4,16384:CTR:4,774424ee1202e79c4a24bd3c710231574dc1da0f9b0bd69b02f2b18c50905e94,5,293,True,,,,,,,,,,,15000,1.5e-05,1092.2666666666667,0,0.0,
41fe6b46-d014-4944-8798-d1f805277064,2003,AES-128,encrypt,cpu_aesni,aesni,transform,bytes,ECB,16384,4,16384:ECB:4,bd7cb40c0217c4806bd3c18aaac26bf8bfea3fb3d019d0e70810079a10e9fcee,0,294,True,,,,,,,,,,,7500,7.5e-06,2184.5333333333333,0,0.0,
41fe6b46-d014-4944-8798-d1f805277064,2003,AES-128,encrypt,cuda_optimized_v1,optimized,pipeline,pinned,ECB,16384,4,16384:ECB:4,bd7cb40c0217c4806bd3c18aaac26bf8bfea3fb3d019d0e70810079a10e9fcee,1,295,True,,319.4011263966117,83.506625891947,5.1295999437570575e-05,0.0001962,43800,51295.99943757057,47200,91000,196200,,,,,,
41fe6b46-d014-4944-8798-d1f805277064,2003,AES-128,encrypt,cuda_baseline,baseline,resident,pinned,ECB,16384,4,16384:ECB:4,bd7cb40c0217c4806bd3c18aaac26bf8bfea3fb3d019d0e70810079a10e9fcee,2,296,True,1,303.1379415444846,,5.404800176620483e-05,,,54048.001766204834,,,,,,,,,54048.001766204834
41fe6b46-d014-4944-8798-d1f805277064,2003,AES-128,encrypt,cuda_optimized_v1,optimized,resident,pinned,ECB,16384,4,16384:ECB:4,bd7cb40c0217c4806bd3c18aaac26bf8bfea3fb3d019d0e70810079a10e9fcee,3,297,True,1,306.40334495168906,,5.3472001105546954e-05,,,53472.00110554695,,,,,,,,,53472.00110554695
41fe6b46-d014-4944-8798-d1f805277064,2003,AES-128,encrypt,cuda_baseline,baseline,pipeline,pinned,ECB,16384,4,16384:ECB:4,bd7cb40c0217c4806bd3c18aaac26bf8bfea3fb3d019d0e70810079a10e9fcee,4,298,True,,325.07936465647094,88.80216802168022,5.040000006556511e-05,0.0001845,42200,50400.00006556511,43500,85700,184500,,,,,,
41fe6b46-d014-4944-8798-d1f805277064,2003,AES-128,encrypt,cpu_software,software,transform,bytes,ECB,16384,4,16384:ECB:4,bd7cb40c0217c4806bd3c18aaac26bf8bfea3fb3d019d0e70810079a10e9fcee,5,299,True,,,,,,,,,,,61400,6.14e-05,266.84039087947883,0,0.0,
41fe6b46-d014-4944-8798-d1f805277064,2003,AES-128,encrypt,cpu_software,software,transform,bytes,ECB,16384,5,16384:ECB:5,25456c56f235e5670f35da1aa06627dd977d2e89c2cfa0be86da24621682c9ec,0,300,True,,,,,,,,,,,56800,5.68e-05,288.4507042253521,0,0.0,
41fe6b46-d014-4944-8798-d1f805277064,2003,AES-128,encrypt,cuda_baseline,baseline,pipeline,pinned,ECB,16384,5,16384:ECB:5,25456c56f235e5670f35da1aa06627dd977d2e89c2cfa0be86da24621682c9ec,1,301,True,,325.07936465647094,87.42796157950907,5.040000006556511e-05,0.0001874,43300,50400.00006556511,43700,87000,187400,,,,,,
41fe6b46-d014-4944-8798-d1f805277064,2003,AES-128,encrypt,cuda_optimized_v1,optimized,resident,pinned,ECB,16384,5,16384:ECB:5,25456c56f235e5670f35da1aa06627dd977d2e89c2cfa0be86da24621682c9ec,2,302,True,1,305.12515418120415,,5.369599908590317e-05,,,53695.99908590317,,,,,,,,,53695.99908590317
41fe6b46-d014-4944-8798-d1f805277064,2003,AES-128,encrypt,cpu_aesni,aesni,transform,bytes,ECB,16384,5,16384:ECB:5,25456c56f235e5670f35da1aa06627dd977d2e89c2cfa0be86da24621682c9ec,3,303,True,,,,,,,,,,,8900,8.9e-06,1840.8988764044943,0,0.0,
41fe6b46-d014-4944-8798-d1f805277064,2003,AES-128,encrypt,cuda_optimized_v1,optimized,pipeline,pinned,ECB,16384,5,16384:ECB:5,25456c56f235e5670f35da1aa06627dd977d2e89c2cfa0be86da24621682c9ec,4,304,True,,301.8867938625787,85.78010471204189,5.427199974656105e-05,0.000191,42900,54271.99974656105,44100,87000,191000,,,,,,
41fe6b46-d014-4944-8798-d1f805277064,2003,AES-128,encrypt,cuda_baseline,baseline,resident,pinned,ECB,16384,5,16384:ECB:5,25456c56f235e5670f35da1aa06627dd977d2e89c2cfa0be86da24621682c9ec,5,305,True,1,325.9070714568522,,5.027199909090996e-05,,,50271.99909090996,,,,,,,,,50271.99909090996
41fe6b46-d014-4944-8798-d1f805277064,2003,AES-128,encrypt,cpu_software,software,transform,bytes,CTR,16384,5,16384:CTR:5,859d9ef317bf0d466381fe3dabd734fd290b8392436840261cb012914e189d65,0,306,True,,,,,,,,,,,61800,6.18e-05,265.1132686084142,0,0.0,
41fe6b46-d014-4944-8798-d1f805277064,2003,AES-128,encrypt,cuda_baseline,baseline,pipeline,pinned,CTR,16384,5,16384:CTR:5,859d9ef317bf0d466381fe3dabd734fd290b8392436840261cb012914e189d65,1,307,True,,312.19511598720936,85.02335236118319,5.2480001002550127e-05,0.0001927,43000,52480.001002550125,45100,88100,192700,,,,,,
41fe6b46-d014-4944-8798-d1f805277064,2003,AES-128,encrypt,cpu_aesni,aesni,transform,bytes,CTR,16384,5,16384:CTR:5,859d9ef317bf0d466381fe3dabd734fd290b8392436840261cb012914e189d65,2,308,True,,,,,,,,,,,12100,1.21e-05,1354.0495867768595,0,0.0,
41fe6b46-d014-4944-8798-d1f805277064,2003,AES-128,encrypt,cuda_optimized_v1,optimized,resident,pinned,CTR,16384,5,16384:CTR:5,859d9ef317bf0d466381fe3dabd734fd290b8392436840261cb012914e189d65,3,309,True,1,301.8867938625787,,5.427199974656105e-05,,,54271.99974656105,,,,,,,,,54271.99974656105
41fe6b46-d014-4944-8798-d1f805277064,2003,AES-128,encrypt,cuda_optimized_v1,optimized,pipeline,pinned,CTR,16384,5,16384:CTR:5,859d9ef317bf0d466381fe3dabd734fd290b8392436840261cb012914e189d65,4,310,True,,306.9544342968469,86.82564917859035,5.337600037455559e-05,0.0001887,42100,53376.00037455559,43300,85400,188700,,,,,,
41fe6b46-d014-4944-8798-d1f805277064,2003,AES-128,encrypt,cuda_baseline,baseline,resident,pinned,CTR,16384,5,16384:CTR:5,859d9ef317bf0d466381fe3dabd734fd290b8392436840261cb012914e189d65,5,311,True,1,321.20451083100676,,5.100800096988678e-05,,,51008.00096988678,,,,,,,,,51008.00096988678
41fe6b46-d014-4944-8798-d1f805277064,2003,AES-128,encrypt,cuda_baseline,baseline,resident,pinned,ECB,16384,6,16384:ECB:6,0e47e937d1ecb4e850b7b3ac2a06e955dae1f3a6398ba578d529c95306590cd6,0,312,True,1,320.60111644287275,,5.1104001700878144e-05,,,51104.00170087814,,,,,,,,,51104.00170087814
41fe6b46-d014-4944-8798-d1f805277064,2003,AES-128,encrypt,cpu_aesni,aesni,transform,bytes,ECB,16384,6,16384:ECB:6,0e47e937d1ecb4e850b7b3ac2a06e955dae1f3a6398ba578d529c95306590cd6,1,313,True,,,,,,,,,,,8600,8.6e-06,1905.1162790697674,0,0.0,
41fe6b46-d014-4944-8798-d1f805277064,2003,AES-128,encrypt,cuda_optimized_v1,optimized,pipeline,pinned,ECB,16384,6,16384:ECB:6,0e47e937d1ecb4e850b7b3ac2a06e955dae1f3a6398ba578d529c95306590cd6,2,314,True,,311.4355334628914,86.64198836594394,5.260799825191498e-05,0.0001891,43100,52607.99825191498,44000,87100,189100,,,,,,
41fe6b46-d014-4944-8798-d1f805277064,2003,AES-128,encrypt,cuda_optimized_v1,optimized,resident,pinned,ECB,16384,6,16384:ECB:6,0e47e937d1ecb4e850b7b3ac2a06e955dae1f3a6398ba578d529c95306590cd6,3,315,True,1,300.64591095492756,,5.4496001452207564e-05,,,54496.001452207565,,,,,,,,,54496.001452207565
41fe6b46-d014-4944-8798-d1f805277064,2003,AES-128,encrypt,cuda_baseline,baseline,pipeline,pinned,ECB,16384,6,16384:ECB:6,0e47e937d1ecb4e850b7b3ac2a06e955dae1f3a6398ba578d529c95306590cd6,4,316,True,,287.96399892934573,86.82564917859035,5.689600110054016e-05,0.0001887,40900,56896.00110054016,42300,83200,188700,,,,,,
41fe6b46-d014-4944-8798-d1f805277064,2003,AES-128,encrypt,cpu_software,software,transform,bytes,ECB,16384,6,16384:ECB:6,0e47e937d1ecb4e850b7b3ac2a06e955dae1f3a6398ba578d529c95306590cd6,5,317,True,,,,,,,,,,,59700,5.97e-05,274.43886097152426,0,0.0,
41fe6b46-d014-4944-8798-d1f805277064,2003,AES-128,encrypt,cuda_optimized_v1,optimized,resident,pinned,CTR,16384,6,16384:CTR:6,a8b12ee41fcb6b595fbfd9386784deb34815b331e9666eecefd63c5bc756009e,0,318,True,1,322.0125786465306,,5.0879999995231625e-05,,,50879.99999523163,,,,,,,,,50879.99999523163
41fe6b46-d014-4944-8798-d1f805277064,2003,AES-128,encrypt,cuda_optimized_v1,optimized,pipeline,pinned,CTR,16384,6,16384:CTR:6,a8b12ee41fcb6b595fbfd9386784deb34815b331e9666eecefd63c5bc756009e,1,319,True,,322.0125786465306,88.7060097455333,5.0879999995231625e-05,0.0001847,42300,50879.99999523163,42600,84900,184700,,,,,,
41fe6b46-d014-4944-8798-d1f805277064,2003,AES-128,encrypt,cuda_baseline,baseline,resident,pinned,CTR,16384,6,16384:CTR:6,a8b12ee41fcb6b595fbfd9386784deb34815b331e9666eecefd63c5bc756009e,2,320,True,1,229.28795275571176,,7.145600020885468e-05,,,71456.00020885468,,,,,,,,,71456.00020885468
41fe6b46-d014-4944-8798-d1f805277064,2003,AES-128,encrypt,cpu_software,software,transform,bytes,CTR,16384,6,16384:CTR:6,a8b12ee41fcb6b595fbfd9386784deb34815b331e9666eecefd63c5bc756009e,3,321,True,,,,,,,,,,,61800,6.18e-05,265.1132686084142,0,0.0,
41fe6b46-d014-4944-8798-d1f805277064,2003,AES-128,encrypt,cpu_aesni,aesni,transform,bytes,CTR,16384,6,16384:CTR:6,a8b12ee41fcb6b595fbfd9386784deb34815b331e9666eecefd63c5bc756009e,4,322,True,,,,,,,,,,,10400,1.04e-05,1575.3846153846155,0,0.0,
41fe6b46-d014-4944-8798-d1f805277064,2003,AES-128,encrypt,cuda_baseline,baseline,pipeline,pinned,CTR,16384,6,16384:CTR:6,a8b12ee41fcb6b595fbfd9386784deb34815b331e9666eecefd63c5bc756009e,5,323,True,,302.60047967682226,86.87168610816543,5.41439987719059e-05,0.0001886,41800,54143.9987719059,43200,85000,188600,,,,,,
41fe6b46-d014-4944-8798-d1f805277064,2003,AES-128,encrypt,cuda_baseline,baseline,resident,pinned,ECB,16384,7,16384:ECB:7,bcb3b4a381ca2bee7bdb459768a808489d5456ef4635699d2b096b319f9fa389,0,324,True,1,288.9390537604908,,5.670399963855743e-05,,,56703.999638557434,,,,,,,,,56703.999638557434
41fe6b46-d014-4944-8798-d1f805277064,2003,AES-128,encrypt,cuda_baseline,baseline,pipeline,pinned,ECB,16384,7,16384:ECB:7,bcb3b4a381ca2bee7bdb459768a808489d5456ef4635699d2b096b319f9fa389,1,325,True,,141.94621602772074,36.826253090582156,0.00011542399972677231,0.0004449,61500,115423.99972677231,76700,138200,444900,,,,,,
41fe6b46-d014-4944-8798-d1f805277064,2003,AES-128,encrypt,cuda_optimized_v1,optimized,pipeline,pinned,ECB,16384,7,16384:ECB:7,bcb3b4a381ca2bee7bdb459768a808489d5456ef4635699d2b096b319f9fa389,2,326,True,,313.9178489748492,87.75575790037493,5.219199880957604e-05,0.0001867,43000,52191.998809576035,41700,84700,186700,,,,,,
41fe6b46-d014-4944-8798-d1f805277064,2003,AES-128,encrypt,cuda_optimized_v1,optimized,resident,pinned,ECB,16384,7,16384:ECB:7,bcb3b4a381ca2bee7bdb459768a808489d5456ef4635699d2b096b319f9fa389,3,327,True,1,345.71236006905684,,4.739199951291084e-05,,,47391.99951291084,,,,,,,,,47391.99951291084
41fe6b46-d014-4944-8798-d1f805277064,2003,AES-128,encrypt,cpu_aesni,aesni,transform,bytes,ECB,16384,7,16384:ECB:7,bcb3b4a381ca2bee7bdb459768a808489d5456ef4635699d2b096b319f9fa389,4,328,True,,,,,,,,,,,9000,9e-06,1820.4444444444443,0,0.0,
41fe6b46-d014-4944-8798-d1f805277064,2003,AES-128,encrypt,cpu_software,software,transform,bytes,ECB,16384,7,16384:ECB:7,bcb3b4a381ca2bee7bdb459768a808489d5456ef4635699d2b096b319f9fa389,5,329,True,,,,,,,,,,,55700,5.57e-05,294.1472172351885,0,0.0,
41fe6b46-d014-4944-8798-d1f805277064,2003,AES-128,encrypt,cpu_software,software,transform,bytes,CTR,16384,7,16384:CTR:7,96ad46b23a0b9781df4ea0041afeba320eb9cc32649521ceb51884f87b42d48e,0,330,True,,,,,,,,,,,59700,5.97e-05,274.43886097152426,0,0.0,
41fe6b46-d014-4944-8798-d1f805277064,2003,AES-128,encrypt,cuda_baseline,baseline,pipeline,pinned,CTR,16384,7,16384:CTR:7,96ad46b23a0b9781df4ea0041afeba320eb9cc32649521ceb51884f87b42d48e,1,331,True,,304.7619071812316,85.24453694068679,5.3759999573230744e-05,0.0001922,43100,53759.99957323074,43100,86200,192200,,,,,,
41fe6b46-d014-4944-8798-d1f805277064,2003,AES-128,encrypt,cuda_optimized_v1,optimized,pipeline,pinned,CTR,16384,7,16384:CTR:7,96ad46b23a0b9781df4ea0041afeba320eb9cc32649521ceb51884f87b42d48e,2,332,True,,325.9070714568522,86.87168610816543,5.027199909090996e-05,0.0001886,43300,50271.99909090996,44600,87900,188600,,,,,,
41fe6b46-d014-4944-8798-d1f805277064,2003,AES-128,encrypt,cuda_baseline,baseline,resident,pinned,CTR,16384,7,16384:CTR:7,96ad46b23a0b9781df4ea0041afeba320eb9cc32649521ceb51884f87b42d48e,3,333,True,1,321.8101807652621,,5.0912000238895414e-05,,,50912.000238895416,,,,,,,,,50912.000238895416
41fe6b46-d014-4944-8798-d1f805277064,2003,AES-128,encrypt,cpu_aesni,aesni,transform,bytes,CTR,16384,7,16384:CTR:7,96ad46b23a0b9781df4ea0041afeba320eb9cc32649521ceb51884f87b42d48e,4,334,True,,,,,,,,,,,12000,1.2e-05,1365.3333333333333,0,0.0,
41fe6b46-d014-4944-8798-d1f805277064,2003,AES-128,encrypt,cuda_optimized_v1,optimized,resident,pinned,CTR,16384,7,16384:CTR:7,96ad46b23a0b9781df4ea0041afeba320eb9cc32649521ceb51884f87b42d48e,5,335,True,1,305.30710259154256,,5.366399884223938e-05,,,53663.99884223938,,,,,,,,,53663.99884223938
41fe6b46-d014-4944-8798-d1f805277064,2003,AES-128,encrypt,cuda_baseline,baseline,resident,pinned,ECB,16384,8,16384:ECB:8,458c53be33c9d9381a93e8d92e7a9eaa8543dddffe0c1039bfcc5eabac72ca36,0,336,True,1,339.7478546867906,,4.822399839758873e-05,,,48223.99839758873,,,,,,,,,48223.99839758873
41fe6b46-d014-4944-8798-d1f805277064,2003,AES-128,encrypt,cuda_baseline,baseline,pipeline,pinned,ECB,16384,8,16384:ECB:8,458c53be33c9d9381a93e8d92e7a9eaa8543dddffe0c1039bfcc5eabac72ca36,1,337,True,,346.41408199340844,90.82039911308205,4.729599878191948e-05,0.0001804,42900,47295.99878191948,40700,83600,180400,,,,,,
41fe6b46-d014-4944-8798-d1f805277064,2003,AES-128,encrypt,cuda_optimized_v1,optimized,pipeline,pinned,ECB,16384,8,16384:ECB:8,458c53be33c9d9381a93e8d92e7a9eaa8543dddffe0c1039bfcc5eabac72ca36,2,338,True,,324.66708585316155,89.77534246575343,5.046400055289268e-05,0.0001825,42400,50464.000552892685,40500,82900,182500,,,,,,
41fe6b46-d014-4944-8798-d1f805277064,2003,AES-128,encrypt,cuda_optimized_v1,optimized,resident,pinned,ECB,16384,8,16384:ECB:8,458c53be33c9d9381a93e8d92e7a9eaa8543dddffe0c1039bfcc5eabac72ca36,3,339,True,1,302.60047967682226,,5.41439987719059e-05,,,54143.9987719059,,,,,,,,,54143.9987719059
41fe6b46-d014-4944-8798-d1f805277064,2003,AES-128,encrypt,cpu_aesni,aesni,transform,bytes,ECB,16384,8,16384:ECB:8,458c53be33c9d9381a93e8d92e7a9eaa8543dddffe0c1039bfcc5eabac72ca36,4,340,True,,,,,,,,,,,8600,8.6e-06,1905.1162790697674,0,0.0,
41fe6b46-d014-4944-8798-d1f805277064,2003,AES-128,encrypt,cpu_software,software,transform,bytes,ECB,16384,8,16384:ECB:8,458c53be33c9d9381a93e8d92e7a9eaa8543dddffe0c1039bfcc5eabac72ca36,5,341,True,,,,,,,,,,,55900,5.59e-05,293.0948121645796,0,0.0,
41fe6b46-d014-4944-8798-d1f805277064,2003,AES-128,encrypt,cuda_optimized_v1,optimized,resident,pinned,CTR,16384,8,16384:CTR:8,156b9f09daf40f4143543e22fa330ccc21fc4e8e139e6f61ae7dec1bbc094a71,0,342,True,1,335.95801341556756,,4.876799881458282e-05,,,48767.998814582825,,,,,,,,,48767.998814582825
41fe6b46-d014-4944-8798-d1f805277064,2003,AES-128,encrypt,cuda_baseline,baseline,pipeline,pinned,CTR,16384,8,16384:CTR:8,156b9f09daf40f4143543e22fa330ccc21fc4e8e139e6f61ae7dec1bbc094a71,1,343,True,,329.68449206216894,89.23747276688454,4.9695998430252074e-05,0.0001836,43400,49695.998430252075,41100,84500,183600,,,,,,
41fe6b46-d014-4944-8798-d1f805277064,2003,AES-128,encrypt,cuda_optimized_v1,optimized,pipeline,pinned,CTR,16384,8,16384:CTR:8,156b9f09daf40f4143543e22fa330ccc21fc4e8e139e6f61ae7dec1bbc094a71,2,344,True,,332.8998801031146,89.87383433900165,4.9215998500585554e-05,0.0001823,41700,49215.998500585556,42600,84300,182300,,,,,,
41fe6b46-d014-4944-8798-d1f805277064,2003,AES-128,encrypt,cpu_software,software,transform,bytes,CTR,16384,8,16384:CTR:8,156b9f09daf40f4143543e22fa330ccc21fc4e8e139e6f61ae7dec1bbc094a71,3,345,True,,,,,,,,,,,61700,6.17e-05,265.54294975688816,0,0.0,
41fe6b46-d014-4944-8798-d1f805277064,2003,AES-128,encrypt,cuda_baseline,baseline,resident,pinned,CTR,16384,8,16384:CTR:8,156b9f09daf40f4143543e22fa330ccc21fc4e8e139e6f61ae7dec1bbc094a71,4,346,True,1,317.81501317559815,,5.1552001386880875e-05,,,51552.001386880875,,,,,,,,,51552.001386880875
41fe6b46-d014-4944-8798-d1f805277064,2003,AES-128,encrypt,cpu_aesni,aesni,transform,bytes,CTR,16384,8,16384:CTR:8,156b9f09daf40f4143543e22fa330ccc21fc4e8e139e6f61ae7dec1bbc094a71,5,347,True,,,,,,,,,,,12100,1.21e-05,1354.0495867768595,0,0.0,
41fe6b46-d014-4944-8798-d1f805277064,2003,AES-128,encrypt,cuda_baseline,baseline,resident,pinned,ECB,16384,9,16384:ECB:9,d91dee80267474daaa9d3f752eb77eea3d1b8667eb3efcfdde53785633c7e1be,0,348,True,1,307.1385715319076,,5.33440001308918e-05,,,53344.0001308918,,,,,,,,,53344.0001308918
41fe6b46-d014-4944-8798-d1f805277064,2003,AES-128,encrypt,cuda_baseline,baseline,pipeline,pinned,ECB,16384,9,16384:ECB:9,d91dee80267474daaa9d3f752eb77eea3d1b8667eb3efcfdde53785633c7e1be,1,349,True,,342.0173703095979,90.56937534549475,4.790399968624115e-05,0.0001809,42700,47903.99968624115,40700,83400,180900,,,,,,
41fe6b46-d014-4944-8798-d1f805277064,2003,AES-128,encrypt,cuda_optimized_v1,optimized,resident,pinned,ECB,16384,9,16384:ECB:9,d91dee80267474daaa9d3f752eb77eea3d1b8667eb3efcfdde53785633c7e1be,2,350,True,1,345.71236006905684,,4.739199951291084e-05,,,47391.99951291084,,,,,,,,,47391.99951291084
41fe6b46-d014-4944-8798-d1f805277064,2003,AES-128,encrypt,cpu_aesni,aesni,transform,bytes,ECB,16384,9,16384:ECB:9,d91dee80267474daaa9d3f752eb77eea3d1b8667eb3efcfdde53785633c7e1be,3,351,True,,,,,,,,,,,9000,9e-06,1820.4444444444443,0,0.0,
41fe6b46-d014-4944-8798-d1f805277064,2003,AES-128,encrypt,cpu_software,software,transform,bytes,ECB,16384,9,16384:ECB:9,d91dee80267474daaa9d3f752eb77eea3d1b8667eb3efcfdde53785633c7e1be,4,352,True,,,,,,,,,,,56000,5.6e-05,292.57142857142856,0,0.0,
41fe6b46-d014-4944-8798-d1f805277064,2003,AES-128,encrypt,cuda_optimized_v1,optimized,pipeline,pinned,ECB,16384,9,16384:ECB:9,d91dee80267474daaa9d3f752eb77eea3d1b8667eb3efcfdde53785633c7e1be,5,353,True,,337.9537929613069,88.85032537960954,4.848000034689903e-05,0.0001844,43400,48480.00034689903,41900,85300,184400,,,,,,
41fe6b46-d014-4944-8798-d1f805277064,2003,AES-128,encrypt,cuda_baseline,baseline,pipeline,pinned,CTR,16384,9,16384:CTR:9,dac8d958f6e3f1da83c1d84aa9bd2356075a9b95b8e3bf594b874f7fe9e62a5c,0,354,True,,321.00312716391994,87.99140708915145,5.104000121355057e-05,0.0001862,42600,51040.00121355057,41300,83900,186200,,,,,,
41fe6b46-d014-4944-8798-d1f805277064,2003,AES-128,encrypt,cpu_aesni,aesni,transform,bytes,CTR,16384,9,16384:CTR:9,dac8d958f6e3f1da83c1d84aa9bd2356075a9b95b8e3bf594b874f7fe9e62a5c,1,355,True,,,,,,,,,,,11900,1.19e-05,1376.8067226890757,0,0.0,
41fe6b46-d014-4944-8798-d1f805277064,2003,AES-128,encrypt,cuda_optimized_v1,optimized,resident,pinned,CTR,16384,9,16384:CTR:9,dac8d958f6e3f1da83c1d84aa9bd2356075a9b95b8e3bf594b874f7fe9e62a5c,2,356,True,1,301.7088981097019,,5.430399999022484e-05,,,54303.99999022484,,,,,,,,,54303.99999022484
41fe6b46-d014-4944-8798-d1f805277064,2003,AES-128,encrypt,cuda_baseline,baseline,resident,pinned,CTR,16384,9,16384:CTR:9,dac8d958f6e3f1da83c1d84aa9bd2356075a9b95b8e3bf594b874f7fe9e62a5c,3,357,True,1,342.4749221227427,,4.783999919891357e-05,,,47839.999198913574,,,,,,,,,47839.999198913574
41fe6b46-d014-4944-8798-d1f805277064,2003,AES-128,encrypt,cpu_software,software,transform,bytes,CTR,16384,9,16384:CTR:9,dac8d958f6e3f1da83c1d84aa9bd2356075a9b95b8e3bf594b874f7fe9e62a5c,4,358,True,,,,,,,,,,,61700,6.17e-05,265.54294975688816,0,0.0,
41fe6b46-d014-4944-8798-d1f805277064,2003,AES-128,encrypt,cuda_optimized_v1,optimized,pipeline,pinned,CTR,16384,9,16384:CTR:9,dac8d958f6e3f1da83c1d84aa9bd2356075a9b95b8e3bf594b874f7fe9e62a5c,5,359,True,,346.8834813596269,90.46935394809498,4.7231998294591905e-05,0.0001811,42300,47231.998294591904,41500,83800,181100,,,,,,
41fe6b46-d014-4944-8798-d1f805277064,2003,AES-128,encrypt,cpu_aesni,aesni,transform,bytes,CTR,16384,10,16384:CTR:10,34c62c0f28bc6e33ed7fe53a197fd0a45da7d120e0a054e1792cd6891d91c40e,0,360,True,,,,,,,,,,,10500,1.05e-05,1560.3809523809523,0,0.0,
41fe6b46-d014-4944-8798-d1f805277064,2003,AES-128,encrypt,cuda_optimized_v1,optimized,pipeline,pinned,CTR,16384,10,16384:CTR:10,34c62c0f28bc6e33ed7fe53a197fd0a45da7d120e0a054e1792cd6891d91c40e,1,361,True,,331.8211295624074,88.51431658562939,4.9375999718904496e-05,0.0001851,42800,49375.999718904495,41800,84600,185100,,,,,,
41fe6b46-d014-4944-8798-d1f805277064,2003,AES-128,encrypt,cuda_optimized_v1,optimized,resident,pinned,CTR,16384,10,16384:CTR:10,34c62c0f28bc6e33ed7fe53a197fd0a45da7d120e0a054e1792cd6891d91c40e,2,362,True,1,302.7794286963707,,5.411199852824211e-05,,,54111.99852824211,,,,,,,,,54111.99852824211
41fe6b46-d014-4944-8798-d1f805277064,2003,AES-128,encrypt,cuda_baseline,baseline,resident,pinned,CTR,16384,10,16384:CTR:10,34c62c0f28bc6e33ed7fe53a197fd0a45da7d120e0a054e1792cd6891d91c40e,3,363,True,1,333.9856421944402,,4.905600100755692e-05,,,49056.001007556915,,,,,,,,,49056.001007556915
41fe6b46-d014-4944-8798-d1f805277064,2003,AES-128,encrypt,cpu_software,software,transform,bytes,CTR,16384,10,16384:CTR:10,34c62c0f28bc6e33ed7fe53a197fd0a45da7d120e0a054e1792cd6891d91c40e,4,364,True,,,,,,,,,,,61900,6.19e-05,264.6849757673667,0,0.0,
41fe6b46-d014-4944-8798-d1f805277064,2003,AES-128,encrypt,cuda_baseline,baseline,pipeline,pinned,CTR,16384,10,16384:CTR:10,34c62c0f28bc6e33ed7fe53a197fd0a45da7d120e0a054e1792cd6891d91c40e,5,365,True,,333.9856421944402,89.67706622879037,4.905600100755692e-05,0.0001827,42400,49056.001007556915,41000,83400,182700,,,,,,
41fe6b46-d014-4944-8798-d1f805277064,2003,AES-128,encrypt,cuda_optimized_v1,optimized,resident,pinned,ECB,16384,10,16384:ECB:10,fb57cb3c3ce52916a7629997d116d6be2538b771b593ff8658bfa8d9785b7682,0,366,True,1,334.85938499392034,,4.8928000032901765e-05,,,48928.000032901764,,,,,,,,,48928.000032901764
41fe6b46-d014-4944-8798-d1f805277064,2003,AES-128,encrypt,cuda_baseline,baseline,resident,pinned,ECB,16384,10,16384:ECB:10,fb57cb3c3ce52916a7629997d116d6be2538b771b593ff8658bfa8d9785b7682,1,367,True,1,320.8019958592326,,5.1072001457214356e-05,,,51072.001457214355,,,,,,,,,51072.001457214355
41fe6b46-d014-4944-8798-d1f805277064,2003,AES-128,encrypt,cuda_optimized_v1,optimized,pipeline,pinned,ECB,16384,10,16384:ECB:10,fb57cb3c3ce52916a7629997d116d6be2538b771b593ff8658bfa8d9785b7682,2,368,True,,326.32250748252267,90.36955322669608,5.020799860358238e-05,0.0001813,41500,50207.99860358238,41700,83200,181300,,,,,,
41fe6b46-d014-4944-8798-d1f805277064,2003,AES-128,encrypt,cuda_baseline,baseline,pipeline,pinned,ECB,16384,10,16384:ECB:10,fb57cb3c3ce52916a7629997d116d6be2538b771b593ff8658bfa8d9785b7682,3,369,True,,344.54911986994074,91.58188932364449,4.755200073122978e-05,0.0001789,41800,47552.00073122978,41600,83400,178900,,,,,,
41fe6b46-d014-4944-8798-d1f805277064,2003,AES-128,encrypt,cpu_aesni,aesni,transform,bytes,ECB,16384,10,16384:ECB:10,fb57cb3c3ce52916a7629997d116d6be2538b771b593ff8658bfa8d9785b7682,4,370,True,,,,,,,,,,,8800,8.8e-06,1861.8181818181818,0,0.0,
41fe6b46-d014-4944-8798-d1f805277064,2003,AES-128,encrypt,cpu_software,software,transform,bytes,ECB,16384,10,16384:ECB:10,fb57cb3c3ce52916a7629997d116d6be2538b771b593ff8658bfa8d9785b7682,5,371,True,,,,,,,,,,,55800,5.58e-05,293.6200716845878,0,0.0,
41fe6b46-d014-4944-8798-d1f805277064,2003,AES-128,encrypt,cuda_optimized_v1,optimized,resident,pinned,ECB,16384,11,16384:ECB:11,e8699ba331a526c741558ec705b25a7d667bb5e51dc00a6a2d6d4794e1cff9bd,0,372,True,1,166.4499400515573,,9.843199700117111e-05,,,98431.99700117111,,,,,,,,,98431.99700117111
41fe6b46-d014-4944-8798-d1f805277064,2003,AES-128,encrypt,cpu_software,software,transform,bytes,ECB,16384,11,16384:ECB:11,e8699ba331a526c741558ec705b25a7d667bb5e51dc00a6a2d6d4794e1cff9bd,1,373,True,,,,,,,,,,,60500,6.05e-05,270.8099173553719,0,0.0,
41fe6b46-d014-4944-8798-d1f805277064,2003,AES-128,encrypt,cuda_baseline,baseline,pipeline,pinned,ECB,16384,11,16384:ECB:11,e8699ba331a526c741558ec705b25a7d667bb5e51dc00a6a2d6d4794e1cff9bd,2,374,True,,340.65202114219926,90.66961815163253,4.809600114822388e-05,0.0001807,41900,48096.00114822388,42800,84700,180700,,,,,,
41fe6b46-d014-4944-8798-d1f805277064,2003,AES-128,encrypt,cuda_optimized_v1,optimized,pipeline,pinned,ECB,16384,11,16384:ECB:11,e8699ba331a526c741558ec705b25a7d667bb5e51dc00a6a2d6d4794e1cff9bd,3,375,True,,325.49269185633744,88.75406283856988,5.0335999578237536e-05,0.0001846,40600,50335.99957823753,43700,84300,184600,,,,,,
41fe6b46-d014-4944-8798-d1f805277064,2003,AES-128,encrypt,cuda_baseline,baseline,resident,pinned,ECB,16384,11,16384:ECB:11,e8699ba331a526c741558ec705b25a7d667bb5e51dc00a6a2d6d4794e1cff9bd,4,376,True,1,304.7619071812316,,5.3759999573230744e-05,,,53759.99957323074,,,,,,,,,53759.99957323074
41fe6b46-d014-4944-8798-d1f805277064,2003,AES-128,encrypt,cpu_aesni,aesni,transform,bytes,ECB,16384,11,16384:ECB:11,e8699ba331a526c741558ec705b25a7d667bb5e51dc00a6a2d6d4794e1cff9bd,5,377,True,,,,,,,,,,,8700,8.7e-06,1883.2183908045977,0,0.0,
41fe6b46-d014-4944-8798-d1f805277064,2003,AES-128,encrypt,cuda_baseline,baseline,pipeline,pinned,CTR,16384,11,16384:CTR:11,8df3e7ab112d41d03702d2a56d9b9e3eff742a0d4acad222afbb73cd04903b83,0,378,True,,342.9336998040979,89.82456140350877,4.7775998711586e-05,0.0001824,41700,47775.998711586,43400,85100,182400,,,,,,
41fe6b46-d014-4944-8798-d1f805277064,2003,AES-128,encrypt,cpu_software,software,transform,bytes,CTR,16384,11,16384:CTR:11,8df3e7ab112d41d03702d2a56d9b9e3eff742a0d4acad222afbb73cd04903b83,1,379,True,,,,,,,,,,,61500,6.15e-05,266.4065040650407,0,0.0,
41fe6b46-d014-4944-8798-d1f805277064,2003,AES-128,encrypt,cuda_optimized_v1,optimized,pipeline,pinned,CTR,16384,11,16384:CTR:11,8df3e7ab112d41d03702d2a56d9b9e3eff742a0d4acad222afbb73cd04903b83,2,380,True,,328.83751195586115,88.85032537960954,4.982399940490723e-05,0.0001844,42400,49823.99940490723,43800,86200,184400,,,,,,
41fe6b46-d014-4944-8798-d1f805277064,2003,AES-128,encrypt,cuda_baseline,baseline,resident,pinned,CTR,16384,11,16384:CTR:11,8df3e7ab112d41d03702d2a56d9b9e3eff742a0d4acad222afbb73cd04903b83,3,381,True,1,330.109595609814,,4.9632001668214796e-05,,,49632.0016682148,,,,,,,,,49632.0016682148
41fe6b46-d014-4944-8798-d1f805277064,2003,AES-128,encrypt,cpu_aesni,aesni,transform,bytes,CTR,16384,11,16384:CTR:11,8df3e7ab112d41d03702d2a56d9b9e3eff742a0d4acad222afbb73cd04903b83,4,382,True,,,,,,,,,,,12100,1.21e-05,1354.0495867768595,0,0.0,
41fe6b46-d014-4944-8798-d1f805277064,2003,AES-128,encrypt,cuda_optimized_v1,optimized,resident,pinned,CTR,16384,11,16384:CTR:11,8df3e7ab112d41d03702d2a56d9b9e3eff742a0d4acad222afbb73cd04903b83,5,383,True,1,330.96314985571496,,4.950400069355965e-05,,,49504.00069355965,,,,,,,,,49504.00069355965
41fe6b46-d014-4944-8798-d1f805277064,2003,AES-128,encrypt,cpu_software,software,transform,bytes,ECB,16384,12,16384:ECB:12,ec880c50386700411a7163887a3d6b2cdec6f6658080966acb59fa367fdc99b6,0,384,True,,,,,,,,,,,56100,5.61e-05,292.0499108734403,0,0.0,
41fe6b46-d014-4944-8798-d1f805277064,2003,AES-128,encrypt,cuda_optimized_v1,optimized,resident,pinned,ECB,16384,12,16384:ECB:12,ec880c50386700411a7163887a3d6b2cdec6f6658080966acb59fa367fdc99b6,1,385,True,1,305.30710259154256,,5.366399884223938e-05,,,53663.99884223938,,,,,,,,,53663.99884223938
41fe6b46-d014-4944-8798-d1f805277064,2003,AES-128,encrypt,cuda_optimized_v1,optimized,pipeline,pinned,ECB,16384,12,16384:ECB:12,ec880c50386700411a7163887a3d6b2cdec6f6658080966acb59fa367fdc99b6,2,386,True,,342.2459932899328,91.12347052280312,4.787199944257736e-05,0.0001798,42800,47871.99944257736,41800,84600,179800,,,,,,
41fe6b46-d014-4944-8798-d1f805277064,2003,AES-128,encrypt,cuda_baseline,baseline,resident,pinned,ECB,16384,12,16384:ECB:12,ec880c50386700411a7163887a3d6b2cdec6f6658080966acb59fa367fdc99b6,3,387,True,1,332.4675392955769,,4.927999898791313e-05,,,49279.99898791313,,,,,,,,,49279.99898791313
41fe6b46-d014-4944-8798-d1f805277064,2003,AES-128,encrypt,cpu_aesni,aesni,transform,bytes,ECB,16384,12,16384:ECB:12,ec880c50386700411a7163887a3d6b2cdec6f6658080966acb59fa367fdc99b6,4,388,True,,,,,,,,,,,8500,8.5e-06,1927.5294117647059,0,0.0,
41fe6b46-d014-4944-8798-d1f805277064,2003,AES-128,encrypt,cuda_baseline,baseline,pipeline,pinned,ECB,16384,12,16384:ECB:12,ec880c50386700411a7163887a3d6b2cdec6f6658080966acb59fa367fdc99b6,5,389,True,,327.3657216360848,89.62800875273523,5.004800111055374e-05,0.0001828,41400,50048.00111055374,43800,85200,182800,,,,,,
41fe6b46-d014-4944-8798-d1f805277064,2003,AES-128,encrypt,cuda_baseline,baseline,pipeline,pinned,CTR,16384,12,16384:CTR:12,1191d871c95e1be8aa5e517f1343c8725998250f43a2fff802ca919bb0969058,0,390,True,,301.1764665953429,87.05632306057386,5.44000007212162e-05,0.0001882,42000,54400.0007212162,42200,84200,188200,,,,,,
41fe6b46-d014-4944-8798-d1f805277064,2003,AES-128,encrypt,cpu_software,software,transform,bytes,CTR,16384,12,16384:CTR:12,1191d871c95e1be8aa5e517f1343c8725998250f43a2fff802ca919bb0969058,1,391,True,,,,,,,,,,,61600,6.16e-05,265.97402597402595,0,0.0,
41fe6b46-d014-4944-8798-d1f805277064,2003,AES-128,encrypt,cpu_aesni,aesni,transform,bytes,CTR,16384,12,16384:CTR:12,1191d871c95e1be8aa5e517f1343c8725998250f43a2fff802ca919bb0969058,2,392,True,,,,,,,,,,,9900,9.9e-06,1654.949494949495,0,0.0,
41fe6b46-d014-4944-8798-d1f805277064,2003,AES-128,encrypt,cuda_baseline,baseline,resident,pinned,CTR,16384,12,16384:CTR:12,1191d871c95e1be8aa5e517f1343c8725998250f43a2fff802ca919bb0969058,3,393,True,1,342.0173703095979,,4.790399968624115e-05,,,47903.99968624115,,,,,,,,,47903.99968624115
41fe6b46-d014-4944-8798-d1f805277064,2003,AES-128,encrypt,cuda_optimized_v1,optimized,resident,pinned,CTR,16384,12,16384:CTR:12,1191d871c95e1be8aa5e517f1343c8725998250f43a2fff802ca919bb0969058,4,394,True,1,335.95801341556756,,4.876799881458282e-05,,,48767.998814582825,,,,,,,,,48767.998814582825
41fe6b46-d014-4944-8798-d1f805277064,2003,AES-128,encrypt,cuda_optimized_v1,optimized,pipeline,pinned,CTR,16384,12,16384:CTR:12,1191d871c95e1be8aa5e517f1343c8725998250f43a2fff802ca919bb0969058,5,395,True,,342.7041574221938,92.35625704622322,4.780799895524978e-05,0.0001774,40500,47807.99895524979,42400,82900,177400,,,,,,
41fe6b46-d014-4944-8798-d1f805277064,2003,AES-128,encrypt,cuda_baseline,baseline,pipeline,pinned,CTR,16384,13,16384:CTR:13,8a4f70cc4829304a2fc2c9063cb9107821e520ac8c11fde7798eac054d8400bc,0,396,True,,316.440053311023,88.08602150537635,5.177599936723709e-05,0.000186,41500,51775.99936723709,42300,83800,186000,,,,,,
41fe6b46-d014-4944-8798-d1f805277064,2003,AES-128,encrypt,cpu_software,software,transform,bytes,CTR,16384,13,16384:CTR:13,8a4f70cc4829304a2fc2c9063cb9107821e520ac8c11fde7798eac054d8400bc,1,397,True,,,,,,,,,,,61900,6.19e-05,264.6849757673667,0,0.0,
41fe6b46-d014-4944-8798-d1f805277064,2003,AES-128,encrypt,cuda_optimized_v1,optimized,resident,pinned,CTR,16384,13,16384:CTR:13,8a4f70cc4829304a2fc2c9063cb9107821e520ac8c11fde7798eac054d8400bc,2,398,True,1,300.2932649605984,,5.455999821424484e-05,,,54559.99821424484,,,,,,,,,54559.99821424484
41fe6b46-d014-4944-8798-d1f805277064,2003,AES-128,encrypt,cuda_optimized_v1,optimized,pipeline,pinned,CTR,16384,13,16384:CTR:13,8a4f70cc4829304a2fc2c9063cb9107821e520ac8c11fde7798eac054d8400bc,3,399,True,,344.54911986994074,89.18889493739793,4.755200073122978e-05,0.0001837,40900,47552.00073122978,44200,85100,183700,,,,,,
41fe6b46-d014-4944-8798-d1f805277064,2003,AES-128,encrypt,cuda_baseline,baseline,resident,pinned,CTR,16384,13,16384:CTR:13,8a4f70cc4829304a2fc2c9063cb9107821e520ac8c11fde7798eac054d8400bc,4,400,True,1,328.83751195586115,,4.982399940490723e-05,,,49823.99940490723,,,,,,,,,49823.99940490723
41fe6b46-d014-4944-8798-d1f805277064,2003,AES-128,encrypt,cpu_aesni,aesni,transform,bytes,CTR,16384,13,16384:CTR:13,8a4f70cc4829304a2fc2c9063cb9107821e520ac8c11fde7798eac054d8400bc,5,401,True,,,,,,,,,,,12100,1.21e-05,1354.0495867768595,0,0.0,
41fe6b46-d014-4944-8798-d1f805277064,2003,AES-128,encrypt,cuda_baseline,baseline,pipeline,pinned,ECB,16384,13,16384:ECB:13,f33c99f65abded9854da258823969783d275c29bdf6f666f9c71ecb61b2a0f6d,0,402,True,,337.7308666010205,90.26997245179064,4.851200059056282e-05,0.0001815,40500,48512.00059056282,43500,84000,181500,,,,,,
41fe6b46-d014-4944-8798-d1f805277064,2003,AES-128,encrypt,cpu_aesni,aesni,transform,bytes,ECB,16384,13,16384:ECB:13,f33c99f65abded9854da258823969783d275c29bdf6f666f9c71ecb61b2a0f6d,1,403,True,,,,,,,,,,,8200,8.2e-06,1998.0487804878048,0,0.0,
41fe6b46-d014-4944-8798-d1f805277064,2003,AES-128,encrypt,cuda_baseline,baseline,resident,pinned,ECB,16384,13,16384:ECB:13,f33c99f65abded9854da258823969783d275c29bdf6f666f9c71ecb61b2a0f6d,2,404,True,1,325.6997498554621,,5.030399933457375e-05,,,50303.999334573746,,,,,,,,,50303.999334573746
41fe6b46-d014-4944-8798-d1f805277064,2003,AES-128,encrypt,cpu_software,software,transform,bytes,ECB,16384,13,16384:ECB:13,f33c99f65abded9854da258823969783d275c29bdf6f666f9c71ecb61b2a0f6d,3,405,True,,,,,,,,,,,57400,5.74e-05,285.4355400696864,0,0.0,
41fe6b46-d014-4944-8798-d1f805277064,2003,AES-128,encrypt,cuda_optimized_v1,optimized,pipeline,pinned,ECB,16384,13,16384:ECB:13,f33c99f65abded9854da258823969783d275c29bdf6f666f9c71ecb61b2a0f6d,4,406,True,,229.39068111537978,81.47190452511188,7.142399996519089e-05,0.0002011,40500,71423.99996519089,42000,82500,201100,,,,,,
41fe6b46-d014-4944-8798-d1f805277064,2003,AES-128,encrypt,cuda_optimized_v1,optimized,resident,pinned,ECB,16384,13,16384:ECB:13,f33c99f65abded9854da258823969783d275c29bdf6f666f9c71ecb61b2a0f6d,5,407,True,1,197.6071061919833,,8.291199803352356e-05,,,82911.99803352356,,,,,,,,,82911.99803352356
41fe6b46-d014-4944-8798-d1f805277064,2003,AES-128,encrypt,cpu_software,software,transform,bytes,ECB,16384,14,16384:ECB:14,06805a585a989ec83c46594ac9fa3c50417e5dd1f80cb6db198669347cb6a509,0,408,True,,,,,,,,,,,57200,5.72e-05,286.43356643356645,0,0.0,
41fe6b46-d014-4944-8798-d1f805277064,2003,AES-128,encrypt,cpu_aesni,aesni,transform,bytes,ECB,16384,14,16384:ECB:14,06805a585a989ec83c46594ac9fa3c50417e5dd1f80cb6db198669347cb6a509,1,409,True,,,,,,,,,,,6600,6.6e-06,2482.4242424242425,0,0.0,
41fe6b46-d014-4944-8798-d1f805277064,2003,AES-128,encrypt,cuda_optimized_v1,optimized,resident,pinned,ECB,16384,14,16384:ECB:14,06805a585a989ec83c46594ac9fa3c50417e5dd1f80cb6db198669347cb6a509,2,410,True,1,164.04998313279634,,9.987200051546097e-05,,,99872.00051546097,,,,,,,,,99872.00051546097
41fe6b46-d014-4944-8798-d1f805277064,2003,AES-128,encrypt,cuda_optimized_v1,optimized,pipeline,pinned,ECB,16384,14,16384:ECB:14,06805a585a989ec83c46594ac9fa3c50417e5dd1f80cb6db198669347cb6a509,3,411,True,,263.9175274912084,63.25868725868726,6.207999959588052e-05,0.000259,42300,62079.99959588051,52100,94400,259000,,,,,,
41fe6b46-d014-4944-8798-d1f805277064,2003,AES-128,encrypt,cuda_baseline,baseline,resident,pinned,ECB,16384,14,16384:ECB:14,06805a585a989ec83c46594ac9fa3c50417e5dd1f80cb6db198669347cb6a509,4,412,True,1,294.42208669172686,,5.5647999048233035e-05,,,55647.99904823303,,,,,,,,,55647.99904823303
41fe6b46-d014-4944-8798-d1f805277064,2003,AES-128,encrypt,cuda_baseline,baseline,pipeline,pinned,ECB,16384,14,16384:ECB:14,06805a585a989ec83c46594ac9fa3c50417e5dd1f80cb6db198669347cb6a509,5,413,True,,337.50823414719946,71.38997821350763,4.854400083422661e-05,0.0002295,54500,48544.00083422661,58600,113100,229500,,,,,,
41fe6b46-d014-4944-8798-d1f805277064,2003,AES-128,encrypt,cuda_optimized_v1,optimized,pipeline,pinned,CTR,16384,14,16384:CTR:14,a639596d939093de36747ea2a952ce8d5033bf0b73f6e5e96f81c25cb7130013,0,414,True,,297.3286949581145,71.48342059336824,5.510399863123894e-05,0.0002292,54500,55103.99863123894,49400,103900,229200,,,,,,
41fe6b46-d014-4944-8798-d1f805277064,2003,AES-128,encrypt,cpu_software,software,transform,bytes,CTR,16384,14,16384:CTR:14,a639596d939093de36747ea2a952ce8d5033bf0b73f6e5e96f81c25cb7130013,1,415,True,,,,,,,,,,,100100,0.0001001,163.67632367632368,15625000,156.0939060939061,
41fe6b46-d014-4944-8798-d1f805277064,2003,AES-128,encrypt,cuda_baseline,baseline,resident,pinned,CTR,16384,14,16384:CTR:14,a639596d939093de36747ea2a952ce8d5033bf0b73f6e5e96f81c25cb7130013,2,416,True,1,333.33332154304867,,4.915200173854828e-05,,,49152.00173854828,,,,,,,,,49152.00173854828
41fe6b46-d014-4944-8798-d1f805277064,2003,AES-128,encrypt,cpu_aesni,aesni,transform,bytes,CTR,16384,14,16384:CTR:14,a639596d939093de36747ea2a952ce8d5033bf0b73f6e5e96f81c25cb7130013,3,417,True,,,,,,,,,,,14000,1.4e-05,1170.2857142857142,0,0.0,
41fe6b46-d014-4944-8798-d1f805277064,2003,AES-128,encrypt,cuda_baseline,baseline,pipeline,pinned,CTR,16384,14,16384:CTR:14,a639596d939093de36747ea2a952ce8d5033bf0b73f6e5e96f81c25cb7130013,4,418,True,,332.0363200032252,87.52136752136752,4.934399947524071e-05,0.0001872,43300,49343.99947524071,42600,85900,187200,,,,,,
41fe6b46-d014-4944-8798-d1f805277064,2003,AES-128,encrypt,cuda_optimized_v1,optimized,resident,pinned,CTR,16384,14,16384:CTR:14,a639596d939093de36747ea2a952ce8d5033bf0b73f6e5e96f81c25cb7130013,5,419,True,1,337.9537929613069,,4.848000034689903e-05,,,48480.00034689903,,,,,,,,,48480.00034689903
41fe6b46-d014-4944-8798-d1f805277064,2003,AES-128,encrypt,cuda_baseline,baseline,resident,pinned,CTR,16384,15,16384:CTR:15,712123fcaead6fd30ab2b09c452d0a2176233bd8c188d576d37912d1986486e9,0,420,True,1,325.9070714568522,,5.027199909090996e-05,,,50271.99909090996,,,,,,,,,50271.99909090996
41fe6b46-d014-4944-8798-d1f805277064,2003,AES-128,encrypt,cpu_software,software,transform,bytes,CTR,16384,15,16384:CTR:15,712123fcaead6fd30ab2b09c452d0a2176233bd8c188d576d37912d1986486e9,1,421,True,,,,,,,,,,,61700,6.17e-05,265.54294975688816,0,0.0,
41fe6b46-d014-4944-8798-d1f805277064,2003,AES-128,encrypt,cpu_aesni,aesni,transform,bytes,CTR,16384,15,16384:CTR:15,712123fcaead6fd30ab2b09c452d0a2176233bd8c188d576d37912d1986486e9,2,422,True,,,,,,,,,,,10700,1.07e-05,1531.214953271028,0,0.0,
41fe6b46-d014-4944-8798-d1f805277064,2003,AES-128,encrypt,cuda_optimized_v1,optimized,pipeline,pinned,CTR,16384,15,16384:CTR:15,712123fcaead6fd30ab2b09c452d0a2176233bd8c188d576d37912d1986486e9,3,423,True,,318.40795614038325,85.78010471204189,5.145600065588951e-05,0.000191,44600,51456.00065588951,42500,87100,191000,,,,,,
41fe6b46-d014-4944-8798-d1f805277064,2003,AES-128,encrypt,cuda_baseline,baseline,pipeline,pinned,CTR,16384,15,16384:CTR:15,712123fcaead6fd30ab2b09c452d0a2176233bd8c188d576d37912d1986486e9,4,424,True,,306.40334495168906,86.91777188328912,5.3472001105546954e-05,0.0001885,42000,53472.00110554695,42500,84500,188500,,,,,,
41fe6b46-d014-4944-8798-d1f805277064,2003,AES-128,encrypt,cuda_optimized_v1,optimized,resident,pinned,CTR,16384,15,16384:CTR:15,712123fcaead6fd30ab2b09c452d0a2176233bd8c188d576d37912d1986486e9,5,425,True,1,133.6465651282787,,0.0001225920021533966,,,122592.0021533966,,,,,,,,,122592.0021533966
41fe6b46-d014-4944-8798-d1f805277064,2003,AES-128,encrypt,cuda_optimized_v1,optimized,pipeline,pinned,ECB,16384,15,16384:ECB:15,e57bedc9719a609d3c3abdf7d2f2c6f569ce4aff0571c2ec2166832ced79898a,0,426,True,,202.53165161866576,57.04735376044568,8.089599758386612e-05,0.0002872,41400,80895.99758386612,112200,153600,287200,,,,,,
41fe6b46-d014-4944-8798-d1f805277064,2003,AES-128,encrypt,cpu_software,software,transform,bytes,ECB,16384,15,16384:ECB:15,e57bedc9719a609d3c3abdf7d2f2c6f569ce4aff0571c2ec2166832ced79898a,1,427,True,,,,,,,,,,,58700,5.87e-05,279.11413969335604,0,0.0,
41fe6b46-d014-4944-8798-d1f805277064,2003,AES-128,encrypt,cuda_optimized_v1,optimized,resident,pinned,ECB,16384,15,16384:ECB:15,e57bedc9719a609d3c3abdf7d2f2c6f569ce4aff0571c2ec2166832ced79898a,2,428,True,1,155.05754100886602,,0.00010566399991512299,,,105663.99991512299,,,,,,,,,105663.99991512299
41fe6b46-d014-4944-8798-d1f805277064,2003,AES-128,encrypt,cuda_baseline,baseline,pipeline,pinned,ECB,16384,15,16384:ECB:15,e57bedc9719a609d3c3abdf7d2f2c6f569ce4aff0571c2ec2166832ced79898a,3,429,True,,309.9273595950889,86.91777188328912,5.286400020122528e-05,0.0001885,42500,52864.00020122528,43000,85500,188500,,,,,,
41fe6b46-d014-4944-8798-d1f805277064,2003,AES-128,encrypt,cpu_aesni,aesni,transform,bytes,ECB,16384,15,16384:ECB:15,e57bedc9719a609d3c3abdf7d2f2c6f569ce4aff0571c2ec2166832ced79898a,4,430,True,,,,,,,,,,,11800,1.18e-05,1388.4745762711864,0,0.0,
41fe6b46-d014-4944-8798-d1f805277064,2003,AES-128,encrypt,cuda_baseline,baseline,resident,pinned,ECB,16384,15,16384:ECB:15,e57bedc9719a609d3c3abdf7d2f2c6f569ce4aff0571c2ec2166832ced79898a,5,431,True,1,262.02661508709224,,6.252799928188324e-05,,,62527.99928188324,,,,,,,,,62527.99928188324
41fe6b46-d014-4944-8798-d1f805277064,2003,AES-128,encrypt,cuda_optimized_v1,optimized,pipeline,pinned,CTR,16384,16,16384:CTR:16,cab44d2420d7e2bda506535187c328a3dfa8da2dcd29ca18cd6e1ca6ffcababf,0,432,True,,313.3414960212534,79.07335907335907,5.2287999540567396e-05,0.0002072,47500,52287.9995405674,47200,94700,207200,,,,,,
41fe6b46-d014-4944-8798-d1f805277064,2003,AES-128,encrypt,cpu_aesni,aesni,transform,bytes,CTR,16384,16,16384:CTR:16,cab44d2420d7e2bda506535187c328a3dfa8da2dcd29ca18cd6e1ca6ffcababf,1,433,True,,,,,,,,,,,15600,1.56e-05,1050.2564102564102,0,0.0,
41fe6b46-d014-4944-8798-d1f805277064,2003,AES-128,encrypt,cuda_baseline,baseline,resident,pinned,CTR,16384,16,16384:CTR:16,cab44d2420d7e2bda506535187c328a3dfa8da2dcd29ca18cd6e1ca6ffcababf,2,434,True,1,269.0488624457886,,6.0896001756191256e-05,,,60896.001756191254,,,,,,,,,60896.001756191254
41fe6b46-d014-4944-8798-d1f805277064,2003,AES-128,encrypt,cuda_optimized_v1,optimized,resident,pinned,CTR,16384,16,16384:CTR:16,cab44d2420d7e2bda506535187c328a3dfa8da2dcd29ca18cd6e1ca6ffcababf,3,435,True,1,312.76725555637813,,5.238400027155876e-05,,,52384.00027155876,,,,,,,,,52384.00027155876
41fe6b46-d014-4944-8798-d1f805277064,2003,AES-128,encrypt,cpu_software,software,transform,bytes,CTR,16384,16,16384:CTR:16,cab44d2420d7e2bda506535187c328a3dfa8da2dcd29ca18cd6e1ca6ffcababf,4,436,True,,,,,,,,,,,64500,6.45e-05,254.015503875969,0,0.0,
41fe6b46-d014-4944-8798-d1f805277064,2003,AES-128,encrypt,cuda_baseline,baseline,pipeline,pinned,CTR,16384,16,16384:CTR:16,cab44d2420d7e2bda506535187c328a3dfa8da2dcd29ca18cd6e1ca6ffcababf,5,437,True,,333.116472443235,88.2283252557889,4.9183998256921766e-05,0.0001857,42400,49183.99825692177,42000,84400,185700,,,,,,
41fe6b46-d014-4944-8798-d1f805277064,2003,AES-128,encrypt,cuda_baseline,baseline,resident,pinned,ECB,16384,16,16384:ECB:16,ef85bbb50178b525d372bcfa96e23ec595aa893e53d4f04b97d2bf556c4bdcc4,0,438,True,1,295.61200354219824,,5.5424001067876815e-05,,,55424.001067876816,,,,,,,,,55424.001067876816
41fe6b46-d014-4944-8798-d1f805277064,2003,AES-128,encrypt,cpu_aesni,aesni,transform,bytes,ECB,16384,16,16384:ECB:16,ef85bbb50178b525d372bcfa96e23ec595aa893e53d4f04b97d2bf556c4bdcc4,1,439,True,,,,,,,,,,,8800,8.8e-06,1861.8181818181818,0,0.0,
41fe6b46-d014-4944-8798-d1f805277064,2003,AES-128,encrypt,cuda_optimized_v1,optimized,resident,pinned,ECB,16384,16,16384:ECB:16,ef85bbb50178b525d372bcfa96e23ec595aa893e53d4f04b97d2bf556c4bdcc4,2,440,True,1,341.78905256921155,,4.793599992990494e-05,,,47935.99992990494,,,,,,,,,47935.99992990494
41fe6b46-d014-4944-8798-d1f805277064,2003,AES-128,encrypt,cuda_optimized_v1,optimized,pipeline,pinned,ECB,16384,16,16384:ECB:16,ef85bbb50178b525d372bcfa96e23ec595aa893e53d4f04b97d2bf556c4bdcc4,3,441,True,,311.05711558641354,87.56814537680386,5.267199873924255e-05,0.0001871,41300,52671.998739242554,42500,83800,187100,,,,,,
41fe6b46-d014-4944-8798-d1f805277064,2003,AES-128,encrypt,cuda_baseline,baseline,pipeline,pinned,ECB,16384,16,16384:ECB:16,ef85bbb50178b525d372bcfa96e23ec595aa893e53d4f04b97d2bf556c4bdcc4,4,442,True,,324.66708585316155,88.85032537960954,5.046400055289268e-05,0.0001844,41700,50464.000552892685,42700,84400,184400,,,,,,
41fe6b46-d014-4944-8798-d1f805277064,2003,AES-128,encrypt,cpu_software,software,transform,bytes,ECB,16384,16,16384:ECB:16,ef85bbb50178b525d372bcfa96e23ec595aa893e53d4f04b97d2bf556c4bdcc4,5,443,True,,,,,,,,,,,59700,5.97e-05,274.43886097152426,0,0.0,
41fe6b46-d014-4944-8798-d1f805277064,2003,AES-128,encrypt,cuda_optimized_v1,optimized,pipeline,pinned,ECB,16384,17,16384:ECB:17,61ffadf4552587ce0b9b1e3917614a0dbf8fb80a99cf4cbe23aa58a354856cf8,0,444,True,,295.4414240572089,85.11168831168831,5.5456001311540604e-05,0.0001925,42600,55456.0013115406,42700,85300,192500,,,,,,
41fe6b46-d014-4944-8798-d1f805277064,2003,AES-128,encrypt,cuda_baseline,baseline,resident,pinned,ECB,16384,17,16384:ECB:17,61ffadf4552587ce0b9b1e3917614a0dbf8fb80a99cf4cbe23aa58a354856cf8,1,445,True,1,340.8788218137197,,4.806400090456009e-05,,,48064.00090456009,,,,,,,,,48064.00090456009
41fe6b46-d014-4944-8798-d1f805277064,2003,AES-128,encrypt,cuda_baseline,baseline,pipeline,pinned,ECB,16384,17,16384:ECB:17,61ffadf4552587ce0b9b1e3917614a0dbf8fb80a99cf4cbe23aa58a354856cf8,2,446,True,,299.59040818822746,87.1953166577967,5.4687999188899995e-05,0.0001879,41100,54687.999188899994,42800,83900,187900,,,,,,
41fe6b46-d014-4944-8798-d1f805277064,2003,AES-128,encrypt,cuda_optimized_v1,optimized,resident,pinned,ECB,16384,17,16384:ECB:17,61ffadf4552587ce0b9b1e3917614a0dbf8fb80a99cf4cbe23aa58a354856cf8,3,447,True,1,326.947626867347,,5.0112001597881316e-05,,,50112.00159788132,,,,,,,,,50112.00159788132
41fe6b46-d014-4944-8798-d1f805277064,2003,AES-128,encrypt,cpu_aesni,aesni,transform,bytes,ECB,16384,17,16384:ECB:17,61ffadf4552587ce0b9b1e3917614a0dbf8fb80a99cf4cbe23aa58a354856cf8,4,448,True,,,,,,,,,,,9000,9e-06,1820.4444444444443,0,0.0,
41fe6b46-d014-4944-8798-d1f805277064,2003,AES-128,encrypt,cpu_software,software,transform,bytes,ECB,16384,17,16384:ECB:17,61ffadf4552587ce0b9b1e3917614a0dbf8fb80a99cf4cbe23aa58a354856cf8,5,449,True,,,,,,,,,,,57200,5.72e-05,286.43356643356645,0,0.0,
41fe6b46-d014-4944-8798-d1f805277064,2003,AES-128,encrypt,cpu_aesni,aesni,transform,bytes,CTR,16384,17,16384:CTR:17,0414eea05222d3c05b7ced55e541acafaf416e3fc2ad29021b83c497077544e7,0,450,True,,,,,,,,,,,10400,1.04e-05,1575.3846153846155,0,0.0,
41fe6b46-d014-4944-8798-d1f805277064,2003,AES-128,encrypt,cuda_baseline,baseline,resident,pinned,CTR,16384,17,16384:CTR:17,0414eea05222d3c05b7ced55e541acafaf416e3fc2ad29021b83c497077544e7,1,451,True,1,288.9390537604908,,5.670399963855743e-05,,,56703.999638557434,,,,,,,,,56703.999638557434
41fe6b46-d014-4944-8798-d1f805277064,2003,AES-128,encrypt,cuda_optimized_v1,optimized,pipeline,pinned,CTR,16384,17,16384:CTR:17,0414eea05222d3c05b7ced55e541acafaf416e3fc2ad29021b83c497077544e7,2,452,True,,336.620631802537,88.7060097455333,4.867200180888176e-05,0.0001847,42900,48672.00180888176,43400,86300,184700,,,,,,
41fe6b46-d014-4944-8798-d1f805277064,2003,AES-128,encrypt,cpu_software,software,transform,bytes,CTR,16384,17,16384:CTR:17,0414eea05222d3c05b7ced55e541acafaf416e3fc2ad29021b83c497077544e7,3,453,True,,,,,,,,,,,62900,6.29e-05,260.47694753577105,0,0.0,
41fe6b46-d014-4944-8798-d1f805277064,2003,AES-128,encrypt,cuda_baseline,baseline,pipeline,pinned,CTR,16384,17,16384:CTR:17,0414eea05222d3c05b7ced55e541acafaf416e3fc2ad29021b83c497077544e7,4,454,True,,304.9434225067776,83.63450740173558,5.3727999329566956e-05,0.0001959,49100,53727.999329566956,42300,91400,195900,,,,,,
41fe6b46-d014-4944-8798-d1f805277064,2003,AES-128,encrypt,cuda_optimized_v1,optimized,resident,pinned,CTR,16384,17,16384:CTR:17,0414eea05222d3c05b7ced55e541acafaf416e3fc2ad29021b83c497077544e7,5,455,True,1,326.947626867347,,5.0112001597881316e-05,,,50112.00159788132,,,,,,,,,50112.00159788132
41fe6b46-d014-4944-8798-d1f805277064,2003,AES-128,encrypt,cpu_software,software,transform,bytes,ECB,16384,18,16384:ECB:18,87b8f0afb72c163c87ffcdc339c5254e92458569b43b02b2390afecbc26ac58b,0,456,True,,,,,,,,,,,57600,5.76e-05,284.44444444444446,0,0.0,
41fe6b46-d014-4944-8798-d1f805277064,2003,AES-128,encrypt,cuda_baseline,baseline,pipeline,pinned,ECB,16384,18,16384:ECB:18,87b8f0afb72c163c87ffcdc339c5254e92458569b43b02b2390afecbc26ac58b,1,457,True,,298.71645052430364,85.02335236118319,5.484800040721893e-05,0.0001927,43100,54848.00040721893,42500,85600,192700,,,,,,
41fe6b46-d014-4944-8798-d1f805277064,2003,AES-128,encrypt,cuda_baseline,baseline,resident,pinned,ECB,16384,18,16384:ECB:18,87b8f0afb72c163c87ffcdc339c5254e92458569b43b02b2390afecbc26ac58b,2,458,True,1,217.77967066119942,,7.523199915885926e-05,,,75231.99915885925,,,,,,,,,75231.99915885925
41fe6b46-d014-4944-8798-d1f805277064,2003,AES-128,encrypt,cuda_optimized_v1,optimized,resident,pinned,ECB,16384,18,16384:ECB:18,87b8f0afb72c163c87ffcdc339c5254e92458569b43b02b2390afecbc26ac58b,3,459,True,1,327.156540674099,,5.008000135421753e-05,,,50080.00135421753,,,,,,,,,50080.00135421753
41fe6b46-d014-4944-8798-d1f805277064,2003,AES-128,encrypt,cpu_aesni,aesni,transform,bytes,ECB,16384,18,16384:ECB:18,87b8f0afb72c163c87ffcdc339c5254e92458569b43b02b2390afecbc26ac58b,4,460,True,,,,,,,,,,,9100,9.1e-06,1800.4395604395604,0,0.0,
41fe6b46-d014-4944-8798-d1f805277064,2003,AES-128,encrypt,cuda_optimized_v1,optimized,pipeline,pinned,ECB,16384,18,16384:ECB:18,87b8f0afb72c163c87ffcdc339c5254e92458569b43b02b2390afecbc26ac58b,5,461,True,,330.7493477473748,87.1953166577967,4.953600093722343e-05,0.0001879,42300,49536.000937223434,42800,85100,187900,,,,,,
41fe6b46-d014-4944-8798-d1f805277064,2003,AES-128,encrypt,cpu_software,software,transform,bytes,CTR,16384,18,16384:CTR:18,0150cc9e9c5f3ffd5aa23fea582c6f1ac8ac8e304b18a93bc4906adff26da145,0,462,True,,,,,,,,,,,61600,6.16e-05,265.97402597402595,0,0.0,
41fe6b46-d014-4944-8798-d1f805277064,2003,AES-128,encrypt,cuda_optimized_v1,optimized,resident,pinned,CTR,16384,18,16384:CTR:18,0150cc9e9c5f3ffd5aa23fea582c6f1ac8ac8e304b18a93bc4906adff26da145,1,463,True,1,303.3175269954572,,5.4016001522541044e-05,,,54016.001522541046,,,,,,,,,54016.001522541046
41fe6b46-d014-4944-8798-d1f805277064,2003,AES-128,encrypt,cuda_baseline,baseline,pipeline,pinned,CTR,16384,18,16384:CTR:18,0150cc9e9c5f3ffd5aa23fea582c6f1ac8ac8e304b18a93bc4906adff26da145,2,464,True,,289.9207341564411,84.58440887971089,5.651199817657471e-05,0.0001937,43100,56511.99817657471,42600,85700,193700,,,,,,
41fe6b46-d014-4944-8798-d1f805277064,2003,AES-128,encrypt,cuda_optimized_v1,optimized,pipeline,pinned,CTR,16384,18,16384:CTR:18,0150cc9e9c5f3ffd5aa23fea582c6f1ac8ac8e304b18a93bc4906adff26da145,3,465,True,,330.32257115803725,81.35054617676266,4.960000142455101e-05,0.0002014,41600,49600.00142455101,42300,83900,201400,,,,,,
41fe6b46-d014-4944-8798-d1f805277064,2003,AES-128,encrypt,cuda_baseline,baseline,resident,pinned,CTR,16384,18,16384:CTR:18,0150cc9e9c5f3ffd5aa23fea582c6f1ac8ac8e304b18a93bc4906adff26da145,4,466,True,1,327.57517026608235,,5.001600086688995e-05,,,50016.00086688995,,,,,,,,,50016.00086688995
41fe6b46-d014-4944-8798-d1f805277064,2003,AES-128,encrypt,cpu_aesni,aesni,transform,bytes,CTR,16384,18,16384:CTR:18,0150cc9e9c5f3ffd5aa23fea582c6f1ac8ac8e304b18a93bc4906adff26da145,5,467,True,,,,,,,,,,,12100,1.21e-05,1354.0495867768595,0,0.0,
41fe6b46-d014-4944-8798-d1f805277064,2003,AES-128,encrypt,cuda_baseline,baseline,pipeline,pinned,CTR,16384,19,16384:CTR:19,a67d05dc81dcf1afd33a08768979b7d8e0e2381a7f80e137b2a86d1fa4423cd7,0,468,True,,329.8969192622209,87.14893617021276,4.9663998186588286e-05,0.000188,42200,49663.99818658829,42600,84800,188000,,,,,,
41fe6b46-d014-4944-8798-d1f805277064,2003,AES-128,encrypt,cuda_optimized_v1,optimized,pipeline,pinned,CTR,16384,19,16384:CTR:19,a67d05dc81dcf1afd33a08768979b7d8e0e2381a7f80e137b2a86d1fa4423cd7,1,469,True,,317.61785596521986,88.2283252557889,5.1584001630544664e-05,0.0001857,41900,51584.00163054466,41200,83100,185700,,,,,,
41fe6b46-d014-4944-8798-d1f805277064,2003,AES-128,encrypt,cuda_optimized_v1,optimized,resident,pinned,CTR,16384,19,16384:CTR:19,a67d05dc81dcf1afd33a08768979b7d8e0e2381a7f80e137b2a86d1fa4423cd7,2,470,True,1,297.6744286429892,,5.503999814391136e-05,,,55039.99814391136,,,,,,,,,55039.99814391136
41fe6b46-d014-4944-8798-d1f805277064,2003,AES-128,encrypt,cpu_software,software,transform,bytes,CTR,16384,19,16384:CTR:19,a67d05dc81dcf1afd33a08768979b7d8e0e2381a7f80e137b2a86d1fa4423cd7,3,471,True,,,,,,,,,,,61900,6.19e-05,264.6849757673667,0,0.0,
41fe6b46-d014-4944-8798-d1f805277064,2003,AES-128,encrypt,cpu_aesni,aesni,transform,bytes,CTR,16384,19,16384:CTR:19,a67d05dc81dcf1afd33a08768979b7d8e0e2381a7f80e137b2a86d1fa4423cd7,4,472,True,,,,,,,,,,,10500,1.05e-05,1560.3809523809523,0,0.0,
41fe6b46-d014-4944-8798-d1f805277064,2003,AES-128,encrypt,cuda_baseline,baseline,resident,pinned,CTR,16384,19,16384:CTR:19,a67d05dc81dcf1afd33a08768979b7d8e0e2381a7f80e137b2a86d1fa4423cd7,5,473,True,1,338.1770138104403,,4.8448000103235245e-05,,,48448.000103235245,,,,,,,,,48448.000103235245
41fe6b46-d014-4944-8798-d1f805277064,2003,AES-128,encrypt,cuda_baseline,baseline,pipeline,pinned,ECB,16384,19,16384:ECB:19,644face1740fdfae3a81ff38b8770033b2d17e525c74e8d039c6908ab3fedae2,0,474,True,,333.116472443235,88.37108953613809,4.9183998256921766e-05,0.0001854,41300,49183.99825692177,42200,83500,185400,,,,,,
41fe6b46-d014-4944-8798-d1f805277064,2003,AES-128,encrypt,cuda_optimized_v1,optimized,pipeline,pinned,ECB,16384,19,16384:ECB:19,644face1740fdfae3a81ff38b8770033b2d17e525c74e8d039c6908ab3fedae2,1,475,True,,319.20199699482987,87.84986595174263,5.132799968123436e-05,0.0001865,41900,51327.99968123436,43800,85700,186500,,,,,,
41fe6b46-d014-4944-8798-d1f805277064,2003,AES-128,encrypt,cpu_aesni,aesni,transform,bytes,ECB,16384,19,16384:ECB:19,644face1740fdfae3a81ff38b8770033b2d17e525c74e8d039c6908ab3fedae2,2,476,True,,,,,,,,,,,8600,8.6e-06,1905.1162790697674,0,0.0,
41fe6b46-d014-4944-8798-d1f805277064,2003,AES-128,encrypt,cuda_optimized_v1,optimized,resident,pinned,ECB,16384,19,16384:ECB:19,644face1740fdfae3a81ff38b8770033b2d17e525c74e8d039c6908ab3fedae2,3,477,True,1,316.440053311023,,5.177599936723709e-05,,,51775.99936723709,,,,,,,,,51775.99936723709
41fe6b46-d014-4944-8798-d1f805277064,2003,AES-128,encrypt,cuda_baseline,baseline,resident,pinned,ECB,16384,19,16384:ECB:19,644face1740fdfae3a81ff38b8770033b2d17e525c74e8d039c6908ab3fedae2,4,478,True,1,336.1786047362616,,4.8735998570919034e-05,,,48735.99857091904,,,,,,,,,48735.99857091904
41fe6b46-d014-4944-8798-d1f805277064,2003,AES-128,encrypt,cpu_software,software,transform,bytes,ECB,16384,19,16384:ECB:19,644face1740fdfae3a81ff38b8770033b2d17e525c74e8d039c6908ab3fedae2,5,479,True,,,,,,,,,,,57800,5.78e-05,283.46020761245677,0,0.0,
41fe6b46-d014-4944-8798-d1f805277064,2003,AES-128,encrypt,cuda_optimized_v1,optimized,pipeline,pinned,ECB,1048576,0,1048576:ECB:0,6d5dc3bf55f2f37d9d36898721345ece449a35779c6a85c0f3b9f6b7c4120861,0,480,True,,4664.483870498571,1250.5378652355396,0.0002248000055551529,0.0008385,247800,224800.0055551529,268100,515900,838500,,,,,,
41fe6b46-d014-4944-8798-d1f805277064,2003,AES-128,encrypt,cpu_aesni,aesni,transform,bytes,ECB,1048576,0,1048576:ECB:0,6d5dc3bf55f2f37d9d36898721345ece449a35779c6a85c0f3b9f6b7c4120861,1,481,True,,,,,,,,,,,603300,0.0006033,1738.0672965357203,0,0.0,
41fe6b46-d014-4944-8798-d1f805277064,2003,AES-128,encrypt,cuda_baseline,baseline,resident,pinned,ECB,1048576,0,1048576:ECB:0,6d5dc3bf55f2f37d9d36898721345ece449a35779c6a85c0f3b9f6b7c4120861,2,482,True,1,4845.187017618425,,0.00021641600131988526,,,216416.00131988525,,,,,,,,,216416.00131988525
41fe6b46-d014-4944-8798-d1f805277064,2003,AES-128,encrypt,cpu_software,software,transform,bytes,ECB,1048576,0,1048576:ECB:0,6d5dc3bf55f2f37d9d36898721345ece449a35779c6a85c0f3b9f6b7c4120861,3,483,True,,,,,,,,,,,3916200,0.0039162,267.75343445176446,0,0.0,
41fe6b46-d014-4944-8798-d1f805277064,2003,AES-128,encrypt,cuda_baseline,baseline,pipeline,pinned,ECB,1048576,0,1048576:ECB:0,6d5dc3bf55f2f37d9d36898721345ece449a35779c6a85c0f3b9f6b7c4120861,4,484,True,,4355.709289046301,1266.5491001328662,0.0002407359927892685,0.0008279,245400,240735.9927892685,247200,492600,827900,,,,,,
41fe6b46-d014-4944-8798-d1f805277064,2003,AES-128,encrypt,cuda_optimized_v1,optimized,resident,pinned,ECB,1048576,0,1048576:ECB:0,6d5dc3bf55f2f37d9d36898721345ece449a35779c6a85c0f3b9f6b7c4120861,5,485,True,1,4372.564842911329,,0.00023980799317359925,,,239807.99317359924,,,,,,,,,239807.99317359924
41fe6b46-d014-4944-8798-d1f805277064,2003,AES-128,encrypt,cuda_baseline,baseline,pipeline,pinned,CTR,1048576,0,1048576:CTR:0,9ab70e0b77585417b0e0ea11d5912f8b82978a730d4e4755f30995e42239991d,0,486,True,,3790.399102572605,1156.2200904179072,0.00027663999795913695,0.0009069,266600,276639.99795913696,269500,536100,906900,,,,,,
41fe6b46-d014-4944-8798-d1f805277064,2003,AES-128,encrypt,cpu_aesni,aesni,transform,bytes,CTR,1048576,0,1048576:CTR:0,9ab70e0b77585417b0e0ea11d5912f8b82978a730d4e4755f30995e42239991d,1,487,True,,,,,,,,,,,804700,0.0008047,1303.0644960854977,0,0.0,
41fe6b46-d014-4944-8798-d1f805277064,2003,AES-128,encrypt,cuda_optimized_v1,optimized,pipeline,pinned,CTR,1048576,0,1048576:CTR:0,9ab70e0b77585417b0e0ea11d5912f8b82978a730d4e4755f30995e42239991d,2,488,True,,4278.923942862181,1257.134636134756,0.00024505600333213807,0.0008341,248800,245056.00333213806,244000,492800,834100,,,,,,
41fe6b46-d014-4944-8798-d1f805277064,2003,AES-128,encrypt,cpu_software,software,transform,bytes,CTR,1048576,0,1048576:CTR:0,9ab70e0b77585417b0e0ea11d5912f8b82978a730d4e4755f30995e42239991d,3,489,True,,,,,,,,,,,4243700,0.0042437,247.09003935245187,0,0.0,
41fe6b46-d014-4944-8798-d1f805277064,2003,AES-128,encrypt,cuda_optimized_v1,optimized,resident,pinned,CTR,1048576,0,1048576:CTR:0,9ab70e0b77585417b0e0ea11d5912f8b82978a730d4e4755f30995e42239991d,4,490,True,1,4964.848511751034,,0.00021119999885559082,,,211199.99885559082,,,,,,,,,211199.99885559082
41fe6b46-d014-4944-8798-d1f805277064,2003,AES-128,encrypt,cuda_baseline,baseline,resident,pinned,CTR,1048576,0,1048576:CTR:0,9ab70e0b77585417b0e0ea11d5912f8b82978a730d4e4755f30995e42239991d,5,491,True,1,4874.014430142878,,0.00021513600647449493,,,215136.00647449493,,,,,,,,,215136.00647449493
41fe6b46-d014-4944-8798-d1f805277064,2003,AES-128,encrypt,cuda_optimized_v1,optimized,resident,pinned,CTR,1048576,1,1048576:CTR:1,bf158ae4128348ff9f3191bb03e15f9856162892a132b9882fd9a3e4fbebfde2,0,492,True,1,4993.599405388727,,0.00020998400449752808,,,209984.00449752808,,,,,,,,,209984.00449752808
41fe6b46-d014-4944-8798-d1f805277064,2003,AES-128,encrypt,cpu_aesni,aesni,transform,bytes,CTR,1048576,1,1048576:CTR:1,bf158ae4128348ff9f3191bb03e15f9856162892a132b9882fd9a3e4fbebfde2,1,493,True,,,,,,,,,,,775000,0.000775,1353.0012903225806,0,0.0,
41fe6b46-d014-4944-8798-d1f805277064,2003,AES-128,encrypt,cuda_optimized_v1,optimized,pipeline,pinned,CTR,1048576,1,1048576:CTR:1,bf158ae4128348ff9f3191bb03e15f9856162892a132b9882fd9a3e4fbebfde2,2,494,True,,4995.883606518974,1293.4205008017761,0.0002098879963159561,0.0008107,257800,209887.99631595612,244700,502500,810700,,,,,,
41fe6b46-d014-4944-8798-d1f805277064,2003,AES-128,encrypt,cpu_software,software,transform,bytes,CTR,1048576,1,1048576:CTR:1,bf158ae4128348ff9f3191bb03e15f9856162892a132b9882fd9a3e4fbebfde2,3,495,True,,,,,,,,,,,4199000,0.004199,249.7204096213384,15625000,3.721124077161229,
41fe6b46-d014-4944-8798-d1f805277064,2003,AES-128,encrypt,cuda_baseline,baseline,resident,pinned,CTR,1048576,1,1048576:CTR:1,bf158ae4128348ff9f3191bb03e15f9856162892a132b9882fd9a3e4fbebfde2,4,496,True,1,4633.484272320202,,0.00022630399465560914,,,226303.99465560913,,,,,,,,,226303.99465560913
41fe6b46-d014-4944-8798-d1f805277064,2003,AES-128,encrypt,cuda_baseline,baseline,pipeline,pinned,CTR,1048576,1,1048576:CTR:1,bf158ae4128348ff9f3191bb03e15f9856162892a132b9882fd9a3e4fbebfde2,5,497,True,,4718.894152159391,1309.2470970158572,0.00022220799326896668,0.0008009,251700,222207.99326896667,228200,479900,800900,,,,,,
41fe6b46-d014-4944-8798-d1f805277064,2003,AES-128,encrypt,cuda_optimized_v1,optimized,resident,pinned,ECB,1048576,1,1048576:ECB:1,9c30442a67cdf663058947256a2611f7a189bed49687899914a781de8059e075,0,498,True,1,4383.679003171107,,0.00023919999599456788,,,239199.99599456787,,,,,,,,,239199.99599456787
41fe6b46-d014-4944-8798-d1f805277064,2003,AES-128,encrypt,cuda_baseline,baseline,resident,pinned,ECB,1048576,1,1048576:ECB:1,9c30442a67cdf663058947256a2611f7a189bed49687899914a781de8059e075,1,499,True,1,6092.971395916606,,0.00017209599912166595,,,172095.99912166595,,,,,,,,,172095.99912166595
41fe6b46-d014-4944-8798-d1f805277064,2003,AES-128,encrypt,cuda_optimized_v1,optimized,pipeline,pinned,ECB,1048576,1,1048576:ECB:1,9c30442a67cdf663058947256a2611f7a189bed49687899914a781de8059e075,2,500,True,,6005.864991657101,1582.7562264150943,0.00017459200322628022,0.0006625,218600,174592.0032262802,208200,426800,662500,,,,,,
41fe6b46-d014-4944-8798-d1f805277064,2003,AES-128,encrypt,cpu_software,software,transform,bytes,ECB,1048576,1,1048576:ECB:1,9c30442a67cdf663058947256a2611f7a189bed49687899914a781de8059e075,3,501,True,,,,,,,,,,,3835100,0.0038351,273.4155563088316,0,0.0,
41fe6b46-d014-4944-8798-d1f805277064,2003,AES-128,encrypt,cpu_aesni,aesni,transform,bytes,ECB,1048576,1,1048576:ECB:1,9c30442a67cdf663058947256a2611f7a189bed49687899914a781de8059e075,4,502,True,,,,,,,,,,,589800,0.0005898,1777.8501186842998,0,0.0,
41fe6b46-d014-4944-8798-d1f805277064,2003,AES-128,encrypt,cuda_baseline,baseline,pipeline,pinned,ECB,1048576,1,1048576:ECB:1,9c30442a67cdf663058947256a2611f7a189bed49687899914a781de8059e075,5,503,True,,4801.172127628171,1397.9149446740435,0.0002184000015258789,0.0007501,248400,218400.0015258789,213400,461800,750100,,,,,,
41fe6b46-d014-4944-8798-d1f805277064,2003,AES-128,encrypt,cuda_optimized_v1,optimized,resident,pinned,CTR,1048576,2,1048576:CTR:2,40030a7afba3c9ea8163918b9f899da44f2b1ed30ee1c39c1efd3c6cf3bef0fd,0,504,True,1,4313.84933893778,,0.0002430720031261444,,,243072.0031261444,,,,,,,,,243072.0031261444
41fe6b46-d014-4944-8798-d1f805277064,2003,AES-128,encrypt,cuda_optimized_v1,optimized,pipeline,pinned,CTR,1048576,2,1048576:CTR:2,40030a7afba3c9ea8163918b9f899da44f2b1ed30ee1c39c1efd3c6cf3bef0fd,1,505,True,,5034.260278381175,1277.660533690752,0.0002082879990339279,0.0008207,257300,208287.99903392792,248900,506200,820700,,,,,,
41fe6b46-d014-4944-8798-d1f805277064,2003,AES-128,encrypt,cuda_baseline,baseline,resident,pinned,CTR,1048576,2,1048576:CTR:2,40030a7afba3c9ea8163918b9f899da44f2b1ed30ee1c39c1efd3c6cf3bef0fd,2,506,True,1,5036.581477779848,,0.00020819200575351716,,,208192.00575351715,,,,,,,,,208192.00575351715
41fe6b46-d014-4944-8798-d1f805277064,2003,AES-128,encrypt,cuda_baseline,baseline,pipeline,pinned,CTR,1048576,2,1048576:CTR:2,40030a7afba3c9ea8163918b9f899da44f2b1ed30ee1c39c1efd3c6cf3bef0fd,3,507,True,,5935.156784950259,1501.1825340014316,0.00017667199671268463,0.0006985,252000,176671.99671268463,208100,460100,698500,,,,,,
41fe6b46-d014-4944-8798-d1f805277064,2003,AES-128,encrypt,cpu_aesni,aesni,transform,bytes,CTR,1048576,2,1048576:CTR:2,40030a7afba3c9ea8163918b9f899da44f2b1ed30ee1c39c1efd3c6cf3bef0fd,4,508,True,,,,,,,,,,,16457100,0.0164571,63.71572148191358,31250000,1.8988764727685923,
41fe6b46-d014-4944-8798-d1f805277064,2003,AES-128,encrypt,cpu_software,software,transform,bytes,CTR,1048576,2,1048576:CTR:2,40030a7afba3c9ea8163918b9f899da44f2b1ed30ee1c39c1efd3c6cf3bef0fd,5,509,True,,,,,,,,,,,4019100,0.0040191,260.89821104227315,0,0.0,
41fe6b46-d014-4944-8798-d1f805277064,2003,AES-128,encrypt,cpu_aesni,aesni,transform,bytes,ECB,1048576,2,1048576:ECB:2,9c64b25c3a502c63aabeca9353f0c4f96eb0734ed9cf70aa32bc866ed22d8b52,0,510,True,,,,,,,,,,,575500,0.0005755,1822.02606429192,0,0.0,
41fe6b46-d014-4944-8798-d1f805277064,2003,AES-128,encrypt,cuda_optimized_v1,optimized,resident,pinned,ECB,1048576,2,1048576:ECB:2,9c64b25c3a502c63aabeca9353f0c4f96eb0734ed9cf70aa32bc866ed22d8b52,1,511,True,1,4864.608026550436,,0.0002155520021915436,,,215552.00219154358,,,,,,,,,215552.00219154358
41fe6b46-d014-4944-8798-d1f805277064,2003,AES-128,encrypt,cuda_baseline,baseline,resident,pinned,ECB,1048576,2,1048576:ECB:2,9c64b25c3a502c63aabeca9353f0c4f96eb0734ed9cf70aa32bc866ed22d8b52,2,512,True,1,5756.851686117134,,0.00018214400112628938,,,182144.00112628937,,,,,,,,,182144.00112628937
41fe6b46-d014-4944-8798-d1f805277064,2003,AES-128,encrypt,cuda_baseline,baseline,pipeline,pinned,ECB,1048576,2,1048576:ECB:2,9c64b25c3a502c63aabeca9353f0c4f96eb0734ed9cf70aa32bc866ed22d8b52,3,513,True,,5844.12332704429,1565.2724287207045,0.0001794240027666092,0.0006699,210700,179424.0027666092,214600,425300,669900,,,,,,
41fe6b46-d014-4944-8798-d1f805277064,2003,AES-128,encrypt,cuda_optimized_v1,optimized,pipeline,pinned,ECB,1048576,2,1048576:ECB:2,9c64b25c3a502c63aabeca9353f0c4f96eb0734ed9cf70aa32bc866ed22d8b52,4,514,True,,5867.144221236223,1571.8423025033728,0.00017871999740600586,0.0006671,209400,178719.99740600586,213700,423100,667100,,,,,,
41fe6b46-d014-4944-8798-d1f805277064,2003,AES-128,encrypt,cpu_software,software,transform,bytes,ECB,1048576,2,1048576:ECB:2,9c64b25c3a502c63aabeca9353f0c4f96eb0734ed9cf70aa32bc866ed22d8b52,5,515,True,,,,,,,,,,,3856400,0.0038564,271.9054040037341,0,0.0,
41fe6b46-d014-4944-8798-d1f805277064,2003,AES-128,encrypt,cuda_baseline,baseline,pipeline,pinned,ECB,1048576,3,1048576:ECB:3,102534307e5170132519c6883a3d37403b2a17bad23bb84f269c39ee143379ea,0,516,True,,4667.141337693035,1302.740713132066,0.00022467200458049774,0.0008049,253800,224672.00458049774,244800,498600,804900,,,,,,
41fe6b46-d014-4944-8798-d1f805277064,2003,AES-128,encrypt,cpu_aesni,aesni,transform,bytes,ECB,1048576,3,1048576:ECB:3,102534307e5170132519c6883a3d37403b2a17bad23bb84f269c39ee143379ea,1,517,True,,,,,,,,,,,605900,0.0006059,1730.6090113880177,0,0.0,
41fe6b46-d014-4944-8798-d1f805277064,2003,AES-128,encrypt,cuda_optimized_v1,optimized,pipeline,pinned,ECB,1048576,3,1048576:ECB:3,102534307e5170132519c6883a3d37403b2a17bad23bb84f269c39ee143379ea,2,518,True,,5703.742180227204,1361.079958463136,0.00018384000658988952,0.0007704,260600,183840.00658988953,243600,504200,770400,,,,,,
41fe6b46-d014-4944-8798-d1f805277064,2003,AES-128,encrypt,cuda_baseline,baseline,resident,pinned,ECB,1048576,3,1048576:ECB:3,102534307e5170132519c6883a3d37403b2a17bad23bb84f269c39ee143379ea,3,519,True,1,5643.816768591683,,0.0001857919991016388,,,185791.9991016388,,,,,,,,,185791.9991016388
41fe6b46-d014-4944-8798-d1f805277064,2003,AES-128,encrypt,cpu_software,software,transform,bytes,ECB,1048576,3,1048576:ECB:3,102534307e5170132519c6883a3d37403b2a17bad23bb84f269c39ee143379ea,4,520,True,,,,,,,,,,,3886700,0.0038867,269.78567936810146,0,0.0,
41fe6b46-d014-4944-8798-d1f805277064,2003,AES-128,encrypt,cuda_optimized_v1,optimized,resident,pinned,ECB,1048576,3,1048576:ECB:3,102534307e5170132519c6883a3d37403b2a17bad23bb84f269c39ee143379ea,5,521,True,1,4459.444703208361,,0.0002351360023021698,,,235136.0023021698,,,,,,,,,235136.0023021698
41fe6b46-d014-4944-8798-d1f805277064,2003,AES-128,encrypt,cuda_baseline,baseline,resident,pinned,CTR,1048576,3,1048576:CTR:3,6c2996ee7e5ddeafbbdcce9cc2781593c83a6bcf4992e223fafaf4f510418720,0,522,True,1,4937.914575406781,,0.00021235199272632598,,,212351.992726326,,,,,,,,,212351.992726326
41fe6b46-d014-4944-8798-d1f805277064,2003,AES-128,encrypt,cuda_optimized_v1,optimized,pipeline,pinned,CTR,1048576,3,1048576:CTR:3,6c2996ee7e5ddeafbbdcce9cc2781593c83a6bcf4992e223fafaf4f510418720,1,523,True,,5117.601049346133,1244.60059347181,0.0002048960030078888,0.0008425,256800,204896.0030078888,259100,515900,842500,,,,,,
41fe6b46-d014-4944-8798-d1f805277064,2003,AES-128,encrypt,cpu_aesni,aesni,transform,bytes,CTR,1048576,3,1048576:CTR:3,6c2996ee7e5ddeafbbdcce9cc2781593c83a6bcf4992e223fafaf4f510418720,2,524,True,,,,,,,,,,,1070300,0.0010703,979.7028870410165,0,0.0,
41fe6b46-d014-4944-8798-d1f805277064,2003,AES-128,encrypt,cuda_optimized_v1,optimized,resident,pinned,CTR,1048576,3,1048576:CTR:3,6c2996ee7e5ddeafbbdcce9cc2781593c83a6bcf4992e223fafaf4f510418720,3,525,True,1,5725.6683173243655,,0.0001831360012292862,,,183136.0012292862,,,,,,,,,183136.0012292862
41fe6b46-d014-4944-8798-d1f805277064,2003,AES-128,encrypt,cpu_software,software,transform,bytes,CTR,1048576,3,1048576:CTR:3,6c2996ee7e5ddeafbbdcce9cc2781593c83a6bcf4992e223fafaf4f510418720,4,526,True,,,,,,,,,,,6164400,0.0061644,170.10187528388812,15625000,2.5347154629809876,
41fe6b46-d014-4944-8798-d1f805277064,2003,AES-128,encrypt,cuda_baseline,baseline,pipeline,pinned,CTR,1048576,3,1048576:CTR:3,6c2996ee7e5ddeafbbdcce9cc2781593c83a6bcf4992e223fafaf4f510418720,5,527,True,,5026.537777113752,1264.8685162846803,0.0002086080014705658,0.000829,252100,208608.0014705658,261900,514000,829000,,,,,,
41fe6b46-d014-4944-8798-d1f805277064,2003,AES-128,encrypt,cpu_software,software,transform,bytes,ECB,1048576,4,1048576:ECB:4,9ea1b0090e7c2660324be53b602fe929a53a36c6a17caa6cd15deba1571c9d08,0,528,True,,,,,,,,,,,3950400,0.0039504,265.4353989469421,15625000,3.9552956662616445,
41fe6b46-d014-4944-8798-d1f805277064,2003,AES-128,encrypt,cpu_aesni,aesni,transform,bytes,ECB,1048576,4,1048576:ECB:4,9ea1b0090e7c2660324be53b602fe929a53a36c6a17caa6cd15deba1571c9d08,1,529,True,,,,,,,,,,,605200,0.0006052,1732.61070720423,0,0.0,
41fe6b46-d014-4944-8798-d1f805277064,2003,AES-128,encrypt,cuda_baseline,baseline,pipeline,pinned,ECB,1048576,4,1048576:ECB:4,9ea1b0090e7c2660324be53b602fe929a53a36c6a17caa6cd15deba1571c9d08,2,530,True,,5902.017396849691,1235.508424649464,0.00017766399681568145,0.0008487,278800,177663.99681568146,265900,544700,848700,,,,,,
41fe6b46-d014-4944-8798-d1f805277064,2003,AES-128,encrypt,cuda_optimized_v1,optimized,pipeline,pinned,ECB,1048576,4,1048576:ECB:4,9ea1b0090e7c2660324be53b602fe929a53a36c6a17caa6cd15deba1571c9d08,3,531,True,,6058.051422958453,1425.8580364427523,0.00017308799922466277,0.0007354,213100,173087.99922466278,238800,451900,735400,,,,,,
41fe6b46-d014-4944-8798-d1f805277064,2003,AES-128,encrypt,cuda_optimized_v1,optimized,resident,pinned,ECB,1048576,4,1048576:ECB:4,9ea1b0090e7c2660324be53b602fe929a53a36c6a17caa6cd15deba1571c9d08,4,532,True,1,5962.154359403418,,0.00017587199807167053,,,175871.99807167053,,,,,,,,,175871.99807167053
41fe6b46-d014-4944-8798-d1f805277064,2003,AES-128,encrypt,cuda_baseline,baseline,resident,pinned,ECB,1048576,4,1048576:ECB:4,9ea1b0090e7c2660324be53b602fe929a53a36c6a17caa6cd15deba1571c9d08,5,533,True,1,5954.569990011003,,0.00017609600722789763,,,176096.00722789764,,,,,,,,,176096.00722789764
41fe6b46-d014-4944-8798-d1f805277064,2003,AES-128,encrypt,cpu_aesni,aesni,transform,bytes,CTR,1048576,4,1048576:CTR:4,365a6819c8adef9bb3ac9a1227abdf735e8f1b96a57a72ae3c43e4441f8b0caf,0,534,True,,,,,,,,,,,764700,0.0007647,1371.225317117824,0,0.0,
41fe6b46-d014-4944-8798-d1f805277064,2003,AES-128,encrypt,cuda_baseline,baseline,resident,pinned,CTR,1048576,4,1048576:CTR:4,365a6819c8adef9bb3ac9a1227abdf735e8f1b96a57a72ae3c43e4441f8b0caf,1,535,True,1,4830.188701801259,,0.0002170879989862442,,,217087.9989862442,,,,,,,,,217087.9989862442
41fe6b46-d014-4944-8798-d1f805277064,2003,AES-128,encrypt,cuda_optimized_v1,optimized,resident,pinned,CTR,1048576,4,1048576:CTR:4,365a6819c8adef9bb3ac9a1227abdf735e8f1b96a57a72ae3c43e4441f8b0caf,2,536,True,1,4775.284106493518,,0.00021958400309085845,,,219584.00309085846,,,,,,,,,219584.00309085846
41fe6b46-d014-4944-8798-d1f805277064,2003,AES-128,encrypt,cuda_baseline,baseline,pipeline,pinned,CTR,1048576,4,1048576:CTR:4,365a6819c8adef9bb3ac9a1227abdf735e8f1b96a57a72ae3c43e4441f8b0caf,3,537,True,,5681.983791213204,1479.3679458239278,0.00018454399704933167,0.0007088,245500,184543.99704933167,213400,458900,708800,,,,,,
41fe6b46-d014-4944-8798-d1f805277064,2003,AES-128,encrypt,cuda_optimized_v1,optimized,pipeline,pinned,CTR,1048576,4,1048576:CTR:4,365a6819c8adef9bb3ac9a1227abdf735e8f1b96a57a72ae3c43e4441f8b0caf,4,538,True,,5702.7497580858,1569.4895973656637,0.00018387199938297273,0.0006681,206900,183871.99938297272,213300,420200,668100,,,,,,
41fe6b46-d014-4944-8798-d1f805277064,2003,AES-128,encrypt,cpu_software,software,transform,bytes,CTR,1048576,4,1048576:CTR:4,365a6819c8adef9bb3ac9a1227abdf735e8f1b96a57a72ae3c43e4441f8b0caf,5,539,True,,,,,,,,,,,4240200,0.0042402,247.29399556624688,0,0.0,
41fe6b46-d014-4944-8798-d1f805277064,2003,AES-128,encrypt,cpu_software,software,transform,bytes,CTR,1048576,5,1048576:CTR:5,cdd5a72a89b2c971cba69c50becdb453d8a40aae6a64f13e4d27f7c8a942b948,0,540,True,,,,,,,,,,,3986100,0.0039861,263.0581269912947,0,0.0,
41fe6b46-d014-4944-8798-d1f805277064,2003,AES-128,encrypt,cuda_optimized_v1,optimized,pipeline,pinned,CTR,1048576,5,1048576:CTR:5,cdd5a72a89b2c971cba69c50becdb453d8a40aae6a64f13e4d27f7c8a942b948,1,541,True,,4291.252000002683,1235.362865221489,0.00024435199797153475,0.0008488,246600,244351.99797153473,261100,507700,848800,,,,,,
41fe6b46-d014-4944-8798-d1f805277064,2003,AES-128,encrypt,cuda_baseline,baseline,pipeline,pinned,CTR,1048576,5,1048576:CTR:5,cdd5a72a89b2c971cba69c50becdb453d8a40aae6a64f13e4d27f7c8a942b948,2,542,True,,5608.078022107395,1361.6101804960394,0.00018697600066661834,0.0007701,249100,186976.00066661835,228900,478000,770100,,,,,,
41fe6b46-d014-4944-8798-d1f805277064,2003,AES-128,encrypt,cuda_optimized_v1,optimized,resident,pinned,CTR,1048576,5,1048576:CTR:5,cdd5a72a89b2c971cba69c50becdb453d8a40aae6a64f13e4d27f7c8a942b948,3,543,True,1,5706.722445812053,,0.00018374399840831757,,,183743.99840831757,,,,,,,,,183743.99840831757
41fe6b46-d014-4944-8798-d1f805277064,2003,AES-128,encrypt,cpu_aesni,aesni,transform,bytes,CTR,1048576,5,1048576:CTR:5,cdd5a72a89b2c971cba69c50becdb453d8a40aae6a64f13e4d27f7c8a942b948,4,544,True,,,,,,,,,,,740300,0.0007403,1416.4203701202216,0,0.0,
41fe6b46-d014-4944-8798-d1f805277064,2003,AES-128,encrypt,cuda_baseline,baseline,resident,pinned,CTR,1048576,5,1048576:CTR:5,cdd5a72a89b2c971cba69c50becdb453d8a40aae6a64f13e4d27f7c8a942b948,5,545,True,1,5687.901542151562,,0.00018435199558734894,,,184351.99558734894,,,,,,,,,184351.99558734894
41fe6b46-d014-4944-8798-d1f805277064,2003,AES-128,encrypt,cpu_aesni,aesni,transform,bytes,ECB,1048576,5,1048576:ECB:5,f129fbae8095bf48dced0d30e9af2881be6018dd24d1ec9b320524c7bca4ad62,0,546,True,,,,,,,,,,,751200,0.0007512,1395.8679446219382,15625000,20.800053248136315,
41fe6b46-d014-4944-8798-d1f805277064,2003,AES-128,encrypt,cuda_baseline,baseline,pipeline,pinned,ECB,1048576,5,1048576:ECB:5,f129fbae8095bf48dced0d30e9af2881be6018dd24d1ec9b320524c7bca4ad62,1,547,True,,4369.066764322919,1250.388743143334,0.00023999999463558198,0.0008386,247100,239999.99463558197,255400,502500,838600,,,,,,
41fe6b46-d014-4944-8798-d1f805277064,2003,AES-128,encrypt,cuda_baseline,baseline,resident,pinned,ECB,1048576,5,1048576:ECB:5,f129fbae8095bf48dced0d30e9af2881be6018dd24d1ec9b320524c7bca4ad62,2,548,True,1,6177.979029760269,,0.00016972799599170686,,,169727.99599170685,,,,,,,,,169727.99599170685
41fe6b46-d014-4944-8798-d1f805277064,2003,AES-128,encrypt,cuda_optimized_v1,optimized,pipeline,pinned,ECB,1048576,5,1048576:ECB:5,f129fbae8095bf48dced0d30e9af2881be6018dd24d1ec9b320524c7bca4ad62,3,549,True,,6167.513441349336,1650.5210136943176,0.00017001600563526154,0.0006353,207400,170016.00563526154,202700,410100,635300,,,,,,
41fe6b46-d014-4944-8798-d1f805277064,2003,AES-128,encrypt,cuda_optimized_v1,optimized,resident,pinned,ECB,1048576,5,1048576:ECB:5,f129fbae8095bf48dced0d30e9af2881be6018dd24d1ec9b320524c7bca4ad62,4,550,True,1,6216.657350289494,,0.00016867199540138245,,,168671.99540138245,,,,,,,,,168671.99540138245
41fe6b46-d014-4944-8798-d1f805277064,2003,AES-128,encrypt,cpu_software,software,transform,bytes,ECB,1048576,5,1048576:ECB:5,f129fbae8095bf48dced0d30e9af2881be6018dd24d1ec9b320524c7bca4ad62,5,551,True,,,,,,,,,,,3794000,0.003794,276.3774380600949,0,0.0,
41fe6b46-d014-4944-8798-d1f805277064,2003,AES-128,encrypt,cuda_baseline,baseline,pipeline,pinned,CTR,1048576,6,1048576:CTR:6,8ec29b814dc4b0ecfe3f5e8a222567d6067d28969a6bf934c97e1fcb09285bf0,0,552,True,,4322.955158885966,1232.4588622472966,0.0002425599992275238,0.0008508,253900,242559.9992275238,256000,509900,850800,,,,,,
41fe6b46-d014-4944-8798-d1f805277064,2003,AES-128,encrypt,cuda_optimized_v1,optimized,resident,pinned,CTR,1048576,6,1048576:CTR:6,8ec29b814dc4b0ecfe3f5e8a222567d6067d28969a6bf934c97e1fcb09285bf0,1,553,True,1,4309.3107991200695,,0.00024332800507545472,,,243328.0050754547,,,,,,,,,243328.0050754547
41fe6b46-d014-4944-8798-d1f805277064,2003,AES-128,encrypt,cuda_optimized_v1,optimized,pipeline,pinned,CTR,1048576,6,1048576:CTR:6,8ec29b814dc4b0ecfe3f5e8a222567d6067d28969a6bf934c97e1fcb09285bf0,2,554,True,,5887.172108918894,1633.5503972581398,0.0001781120002269745,0.0006419,206900,178112.0002269745,204500,411400,641900,,,,,,
41fe6b46-d014-4944-8798-d1f805277064,2003,AES-128,encrypt,cpu_software,software,transform,bytes,CTR,1048576,6,1048576:CTR:6,8ec29b814dc4b0ecfe3f5e8a222567d6067d28969a6bf934c97e1fcb09285bf0,3,555,True,,,,,,,,,,,4013700,0.0040137,261.24922141664797,0,0.0,
41fe6b46-d014-4944-8798-d1f805277064,2003,AES-128,encrypt,cpu_aesni,aesni,transform,bytes,CTR,1048576,6,1048576:CTR:6,8ec29b814dc4b0ecfe3f5e8a222567d6067d28969a6bf934c97e1fcb09285bf0,4,556,True,,,,,,,,,,,733900,0.0007339,1428.7723123041287,0,0.0,
41fe6b46-d014-4944-8798-d1f805277064,2003,AES-128,encrypt,cuda_baseline,baseline,resident,pinned,CTR,1048576,6,1048576:CTR:6,8ec29b814dc4b0ecfe3f5e8a222567d6067d28969a6bf934c97e1fcb09285bf0,5,557,True,1,4635.450530597221,,0.00022620800137519836,,,226208.00137519836,,,,,,,,,226208.00137519836
41fe6b46-d014-4944-8798-d1f805277064,2003,AES-128,encrypt,cpu_aesni,aesni,transform,bytes,ECB,1048576,6,1048576:ECB:6,b3bf9c76a3ca89e2af3ec42f5bd290a5ca85c8f97d932308ec10636e8440a36a,0,558,True,,,,,,,,,,,579200,0.0005792,1810.3867403314916,0,0.0,
41fe6b46-d014-4944-8798-d1f805277064,2003,AES-128,encrypt,cpu_software,software,transform,bytes,ECB,1048576,6,1048576:ECB:6,b3bf9c76a3ca89e2af3ec42f5bd290a5ca85c8f97d932308ec10636e8440a36a,1,559,True,,,,,,,,,,,3812200,0.0038122,275.05797177482816,0,0.0,
41fe6b46-d014-4944-8798-d1f805277064,2003,AES-128,encrypt,cuda_baseline,baseline,pipeline,pinned,ECB,1048576,6,1048576:ECB:6,b3bf9c76a3ca89e2af3ec42f5bd290a5ca85c8f97d932308ec10636e8440a36a,2,560,True,,4352.238116864472,1131.7603885590934,0.00024092799425125123,0.0009265,245200,240927.99425125122,279900,525100,926500,,,,,,
41fe6b46-d014-4944-8798-d1f805277064,2003,AES-128,encrypt,cuda_optimized_v1,optimized,pipeline,pinned,ECB,1048576,6,1048576:ECB:6,b3bf9c76a3ca89e2af3ec42f5bd290a5ca85c8f97d932308ec10636e8440a36a,3,561,True,,5159.502307568576,1337.1282836011221,0.00020323200523853302,0.0007842,241600,203232.00523853302,238200,479800,784200,,,,,,
41fe6b46-d014-4944-8798-d1f805277064,2003,AES-128,encrypt,cuda_optimized_v1,optimized,resident,pinned,ECB,1048576,6,1048576:ECB:6,b3bf9c76a3ca89e2af3ec42f5bd290a5ca85c8f97d932308ec10636e8440a36a,4,562,True,1,5190.559266937443,,0.0002020159959793091,,,202015.99597930908,,,,,,,,,202015.99597930908
41fe6b46-d014-4944-8798-d1f805277064,2003,AES-128,encrypt,cuda_baseline,baseline,resident,pinned,ECB,1048576,6,1048576:ECB:6,b3bf9c76a3ca89e2af3ec42f5bd290a5ca85c8f97d932308ec10636e8440a36a,5,563,True,1,6123.715193660532,,0.00017123199999332427,,,171231.99999332428,,,,,,,,,171231.99999332428
41fe6b46-d014-4944-8798-d1f805277064,2003,AES-128,encrypt,cuda_optimized_v1,optimized,pipeline,pinned,CTR,1048576,7,1048576:CTR:7,fd644f0d17182539c3fc2d4101f537b746c73dcd290ae157a30987283fe97043,0,564,True,,4853.799473160845,1320.4583805566049,0.0002160319983959198,0.0007941,233200,216031.9983959198,262700,495900,794100,,,,,,
41fe6b46-d014-4944-8798-d1f805277064,2003,AES-128,encrypt,cuda_baseline,baseline,resident,pinned,CTR,1048576,7,1048576:CTR:7,fd644f0d17182539c3fc2d4101f537b746c73dcd290ae157a30987283fe97043,1,565,True,1,4332.672174621195,,0.00024201600253582,,,242016.00253582,,,,,,,,,242016.00253582
41fe6b46-d014-4944-8798-d1f805277064,2003,AES-128,encrypt,cpu_software,software,transform,bytes,CTR,1048576,7,1048576:CTR:7,fd644f0d17182539c3fc2d4101f537b746c73dcd290ae157a30987283fe97043,2,566,True,,,,,,,,,,,4004300,0.0040043,261.86249781484906,0,0.0,
41fe6b46-d014-4944-8798-d1f805277064,2003,AES-128,encrypt,cuda_optimized_v1,optimized,resident,pinned,CTR,1048576,7,1048576:CTR:7,fd644f0d17182539c3fc2d4101f537b746c73dcd290ae157a30987283fe97043,3,567,True,1,3994.636191406264,,0.0002624959945678711,,,262495.9945678711,,,,,,,,,262495.9945678711
41fe6b46-d014-4944-8798-d1f805277064,2003,AES-128,encrypt,cpu_aesni,aesni,transform,bytes,CTR,1048576,7,1048576:CTR:7,fd644f0d17182539c3fc2d4101f537b746c73dcd290ae157a30987283fe97043,4,568,True,,,,,,,,,,,769200,0.0007692,1363.2033281331253,0,0.0,
41fe6b46-d014-4944-8798-d1f805277064,2003,AES-128,encrypt,cuda_baseline,baseline,pipeline,pinned,CTR,1048576,7,1048576:CTR:7,fd644f0d17182539c3fc2d4101f537b746c73dcd290ae157a30987283fe97043,5,569,True,,4286.200258459626,1146.3605553733464,0.0002446399927139282,0.0009147,288800,244639.99271392822,285100,573900,914700,,,,,,
41fe6b46-d014-4944-8798-d1f805277064,2003,AES-128,encrypt,cuda_baseline,baseline,resident,pinned,ECB,1048576,7,1048576:ECB:7,f960175dc13cd13d2e0fa4a3348fa03490be5a80a8a201091f7553c849705bc8,0,570,True,1,4255.584438643743,,0.00024639999866485595,,,246399.99866485596,,,,,,,,,246399.99866485596
41fe6b46-d014-4944-8798-d1f805277064,2003,AES-128,encrypt,cuda_optimized_v1,optimized,resident,pinned,ECB,1048576,7,1048576:ECB:7,f960175dc13cd13d2e0fa4a3348fa03490be5a80a8a201091f7553c849705bc8,1,571,True,1,6013.580677992602,,0.0001743679940700531,,,174367.9940700531,,,,,,,,,174367.9940700531
41fe6b46-d014-4944-8798-d1f805277064,2003,AES-128,encrypt,cpu_software,software,transform,bytes,ECB,1048576,7,1048576:ECB:7,f960175dc13cd13d2e0fa4a3348fa03490be5a80a8a201091f7553c849705bc8,2,572,True,,,,,,,,,,,3712500,0.0037125,282.4447138047138,0,0.0,
41fe6b46-d014-4944-8798-d1f805277064,2003,AES-128,encrypt,cpu_aesni,aesni,transform,bytes,ECB,1048576,7,1048576:ECB:7,f960175dc13cd13d2e0fa4a3348fa03490be5a80a8a201091f7553c849705bc8,3,573,True,,,,,,,,,,,599800,0.0005998,1748.2094031343781,0,0.0,
41fe6b46-d014-4944-8798-d1f805277064,2003,AES-128,encrypt,cuda_optimized_v1,optimized,pipeline,pinned,ECB,1048576,7,1048576:ECB:7,f960175dc13cd13d2e0fa4a3348fa03490be5a80a8a201091f7553c849705bc8,4,574,True,,4429.305225405997,1337.1282836011221,0.000236735999584198,0.0007842,242600,236735.999584198,207000,449600,784200,,,,,,
41fe6b46-d014-4944-8798-d1f805277064,2003,AES-128,encrypt,cuda_baseline,baseline,pipeline,pinned,ECB,1048576,7,1048576:ECB:7,f960175dc13cd13d2e0fa4a3348fa03490be5a80a8a201091f7553c849705bc8,5,575,True,,6120.284140167706,1647.4092694422625,0.00017132799327373505,0.0006365,206500,171327.99327373505,204900,411400,636500,,,,,,
41fe6b46-d014-4944-8798-d1f805277064,2003,AES-128,encrypt,cuda_optimized_v1,optimized,resident,pinned,ECB,1048576,8,1048576:ECB:8,92efaadadb0534224a15bceef1828840b7c8d65e59c955c14f03cb4b3c44530b,0,576,True,1,5026.537777113752,,0.0002086080014705658,,,208608.0014705658,,,,,,,,,208608.0014705658
41fe6b46-d014-4944-8798-d1f805277064,2003,AES-128,encrypt,cuda_optimized_v1,optimized,pipeline,pinned,ECB,1048576,8,1048576:ECB:8,92efaadadb0534224a15bceef1828840b7c8d65e59c955c14f03cb4b3c44530b,1,577,True,,4957.337337339194,1394.753923915935,0.0002115200012922287,0.0007518,247000,211520.0012922287,202500,449500,751800,,,,,,
41fe6b46-d014-4944-8798-d1f805277064,2003,AES-128,encrypt,cpu_aesni,aesni,transform,bytes,ECB,1048576,8,1048576:ECB:8,92efaadadb0534224a15bceef1828840b7c8d65e59c955c14f03cb4b3c44530b,2,578,True,,,,,,,,,,,552900,0.0005529,1896.5020799421234,0,0.0,
41fe6b46-d014-4944-8798-d1f805277064,2003,AES-128,encrypt,cuda_baseline,baseline,resident,pinned,ECB,1048576,8,1048576:ECB:8,92efaadadb0534224a15bceef1828840b7c8d65e59c955c14f03cb4b3c44530b,3,579,True,1,4884.185352878382,,0.00021468800306320192,,,214688.0030632019,,,,,,,,,214688.0030632019
41fe6b46-d014-4944-8798-d1f805277064,2003,AES-128,encrypt,cuda_baseline,baseline,pipeline,pinned,ECB,1048576,8,1048576:ECB:8,92efaadadb0534224a15bceef1828840b7c8d65e59c955c14f03cb4b3c44530b,4,580,True,,6089.574170265698,1616.9252120277563,0.00017219200730323792,0.0006485,205000,172192.00730323792,203400,408400,648500,,,,,,
41fe6b46-d014-4944-8798-d1f805277064,2003,AES-128,encrypt,cpu_software,software,transform,bytes,ECB,1048576,8,1048576:ECB:8,92efaadadb0534224a15bceef1828840b7c8d65e59c955c14f03cb4b3c44530b,5,581,True,,,,,,,,,,,3793000,0.003793,276.450303190087,15625000,4.119430529923544,
41fe6b46-d014-4944-8798-d1f805277064,2003,AES-128,encrypt,cuda_baseline,baseline,pipeline,pinned,CTR,1048576,8,1048576:CTR:8,7f39403b612a1914e65938fb27b18416558d391bba10f4cfdd7a54a3b8358f49,0,582,True,,4321.81482966384,1208.7331412103747,0.00024262399971485137,0.0008675,242600,242623.99971485138,288800,531400,867500,,,,,,
41fe6b46-d014-4944-8798-d1f805277064,2003,AES-128,encrypt,cuda_optimized_v1,optimized,pipeline,pinned,CTR,1048576,8,1048576:CTR:8,7f39403b612a1914e65938fb27b18416558d391bba10f4cfdd7a54a3b8358f49,1,583,True,,4336.112194586646,1301.6087388282026,0.00024182400107383728,0.0008056,239400,241824.00107383728,236300,475700,805600,,,,,,
41fe6b46-d014-4944-8798-d1f805277064,2003,AES-128,encrypt,cuda_baseline,baseline,resident,pinned,CTR,1048576,8,1048576:CTR:8,7f39403b612a1914e65938fb27b18416558d391bba10f4cfdd7a54a3b8358f49,2,584,True,1,6019.10358984855,,0.00017420800030231476,,,174208.00030231476,,,,,,,,,174208.00030231476
41fe6b46-d014-4944-8798-d1f805277064,2003,AES-128,encrypt,cuda_optimized_v1,optimized,resident,pinned,CTR,1048576,8,1048576:CTR:8,7f39403b612a1914e65938fb27b18416558d391bba10f4cfdd7a54a3b8358f49,3,585,True,1,5497.986380475417,,0.00019072000682353974,,,190720.00682353973,,,,,,,,,190720.00682353973
41fe6b46-d014-4944-8798-d1f805277064,2003,AES-128,encrypt,cpu_software,software,transform,bytes,CTR,1048576,8,1048576:CTR:8,7f39403b612a1914e65938fb27b18416558d391bba10f4cfdd7a54a3b8358f49,4,586,True,,,,,,,,,,,4306100,0.0043061,243.50944009660714,0,0.0,
41fe6b46-d014-4944-8798-d1f805277064,2003,AES-128,encrypt,cpu_aesni,aesni,transform,bytes,CTR,1048576,8,1048576:CTR:8,7f39403b612a1914e65938fb27b18416558d391bba10f4cfdd7a54a3b8358f49,5,587,True,,,,,,,,,,,774000,0.000774,1354.749354005168,0,0.0,
41fe6b46-d014-4944-8798-d1f805277064,2003,AES-128,encrypt,cuda_optimized_v1,optimized,pipeline,pinned,CTR,1048576,9,1048576:CTR:9,ccbd113a5a7ddf35d9df7011c4491d3cb8e15f1bcbd57195d5daa8b442d5107c,0,588,True,,4257.796297730373,1186.306143228872,0.0002462719976902008,0.0008839,252300,246271.9976902008,291400,543700,883900,,,,,,
41fe6b46-d014-4944-8798-d1f805277064,2003,AES-128,encrypt,cuda_optimized_v1,optimized,resident,pinned,CTR,1048576,9,1048576:CTR:9,ccbd113a5a7ddf35d9df7011c4491d3cb8e15f1bcbd57195d5daa8b442d5107c,1,589,True,1,4976.913849382617,,0.0002106879949569702,,,210687.99495697021,,,,,,,,,210687.99495697021
41fe6b46-d014-4944-8798-d1f805277064,2003,AES-128,encrypt,cuda_baseline,baseline,pipeline,pinned,CTR,1048576,9,1048576:CTR:9,ccbd113a5a7ddf35d9df7011c4491d3cb8e15f1bcbd57195d5daa8b442d5107c,2,590,True,,6019.10358984855,1643.0209965528047,0.00017420800030231476,0.0006382,206800,174208.00030231476,203900,410700,638200,,,,,,
41fe6b46-d014-4944-8798-d1f805277064,2003,AES-128,encrypt,cuda_baseline,baseline,resident,pinned,CTR,1048576,9,1048576:CTR:9,ccbd113a5a7ddf35d9df7011c4491d3cb8e15f1bcbd57195d5daa8b442d5107c,3,591,True,1,6002.56469230178,,0.00017468799650669097,,,174687.99650669098,,,,,,,,,174687.99650669098
41fe6b46-d014-4944-8798-d1f805277064,2003,AES-128,encrypt,cpu_software,software,transform,bytes,CTR,1048576,9,1048576:CTR:9,ccbd113a5a7ddf35d9df7011c4491d3cb8e15f1bcbd57195d5daa8b442d5107c,4,592,True,,,,,,,,,,,3913000,0.003913,267.9723996933299,0,0.0,
41fe6b46-d014-4944-8798-d1f805277064,2003,AES-128,encrypt,cpu_aesni,aesni,transform,bytes,CTR,1048576,9,1048576:CTR:9,ccbd113a5a7ddf35d9df7011c4491d3cb8e15f1bcbd57195d5daa8b442d5107c,5,593,True,,,,,,,,,,,716800,0.0007168,1462.857142857143,0,0.0,
41fe6b46-d014-4944-8798-d1f805277064,2003,AES-128,encrypt,cpu_software,software,transform,bytes,ECB,1048576,9,1048576:ECB:9,aa28031bed7ef251f553b1dd9f760c68aee4dd9090ef433c0eb08fed1249241d,0,594,True,,,,,,,,,,,3703800,0.0037038,283.10815918786113,0,0.0,
41fe6b46-d014-4944-8798-d1f805277064,2003,AES-128,encrypt,cpu_aesni,aesni,transform,bytes,ECB,1048576,9,1048576:ECB:9,aa28031bed7ef251f553b1dd9f760c68aee4dd9090ef433c0eb08fed1249241d,1,595,True,,,,,,,,,,,560600,0.0005606,1870.4530859793078,0,0.0,
41fe6b46-d014-4944-8798-d1f805277064,2003,AES-128,encrypt,cuda_baseline,baseline,resident,pinned,ECB,1048576,9,1048576:ECB:9,aa28031bed7ef251f553b1dd9f760c68aee4dd9090ef433c0eb08fed1249241d,2,596,True,1,4307.611439637392,,0.00024342399835586547,,,243423.99835586548,,,,,,,,,243423.99835586548
41fe6b46-d014-4944-8798-d1f805277064,2003,AES-128,encrypt,cuda_baseline,baseline,pipeline,pinned,ECB,1048576,9,1048576:ECB:9,aa28031bed7ef251f553b1dd9f760c68aee4dd9090ef433c0eb08fed1249241d,3,597,True,,4325.237623567674,1313.0177811169547,0.00024243199825286864,0.0007986,237700,242431.99825286865,233800,471500,798600,,,,,,
41fe6b46-d014-4944-8798-d1f805277064,2003,AES-128,encrypt,cuda_optimized_v1,optimized,resident,pinned,ECB,1048576,9,1048576:ECB:9,aa28031bed7ef251f553b1dd9f760c68aee4dd9090ef433c0eb08fed1249241d,4,598,True,1,5944.847538818258,,0.00017638400197029114,,,176384.00197029114,,,,,,,,,176384.00197029114
41fe6b46-d014-4944-8798-d1f805277064,2003,AES-128,encrypt,cuda_optimized_v1,optimized,pipeline,pinned,ECB,1048576,9,1048576:ECB:9,aa28031bed7ef251f553b1dd9f760c68aee4dd9090ef433c0eb08fed1249241d,5,599,True,,6019.10358984855,1648.4452130168213,0.00017420800030231476,0.0006361,206100,174208.00030231476,204200,410300,636100,,,,,,
41fe6b46-d014-4944-8798-d1f805277064,2003,AES-128,encrypt,cuda_baseline,baseline,resident,pinned,ECB,1048576,10,1048576:ECB:10,9a795cae37a7e4487a1f94b35771041b0ba5667af1a93c5f83a975de43f03bbc,0,600,True,1,4423.326096201674,,0.00023705600202083587,,,237056.00202083588,,,,,,,,,237056.00202083588
41fe6b46-d014-4944-8798-d1f805277064,2003,AES-128,encrypt,cuda_optimized_v1,optimized,pipeline,pinned,ECB,1048576,10,1048576:ECB:10,9a795cae37a7e4487a1f94b35771041b0ba5667af1a93c5f83a975de43f03bbc,1,601,True,,4394.260306567354,1321.9566313666162,0.00023862400650978088,0.0007932,239000,238624.00650978088,233700,472700,793200,,,,,,
41fe6b46-d014-4944-8798-d1f805277064,2003,AES-128,encrypt,cuda_optimized_v1,optimized,resident,pinned,ECB,1048576,10,1048576:ECB:10,9a795cae37a7e4487a1f94b35771041b0ba5667af1a93c5f83a975de43f03bbc,2,602,True,1,5108.027911632516,,0.00020528000593185425,,,205280.00593185425,,,,,,,,,205280.00593185425
41fe6b46-d014-4944-8798-d1f805277064,2003,AES-128,encrypt,cuda_baseline,baseline,pipeline,pinned,ECB,1048576,10,1048576:ECB:10,9a795cae37a7e4487a1f94b35771041b0ba5667af1a93c5f83a975de43f03bbc,3,603,True,,6230.842092277789,1655.7334596557714,0.0001682880073785782,0.0006333,207800,168288.0073785782,202700,410500,633300,,,,,,
41fe6b46-d014-4944-8798-d1f805277064,2003,AES-128,encrypt,cpu_software,software,transform,bytes,ECB,1048576,10,1048576:ECB:10,9a795cae37a7e4487a1f94b35771041b0ba5667af1a93c5f83a975de43f03bbc,4,604,True,,,,,,,,,,,3712300,0.0037123,282.4599305013065,0,0.0,
41fe6b46-d014-4944-8798-d1f805277064,2003,AES-128,encrypt,cpu_aesni,aesni,transform,bytes,ECB,1048576,10,1048576:ECB:10,9a795cae37a7e4487a1f94b35771041b0ba5667af1a93c5f83a975de43f03bbc,5,605,True,,,,,,,,,,,606000,0.000606,1730.3234323432343,0,0.0,
41fe6b46-d014-4944-8798-d1f805277064,2003,AES-128,encrypt,cuda_optimized_v1,optimized,pipeline,pinned,CTR,1048576,10,1048576:CTR:10,d8f556af193a78e80e499d4569b4d3c763e6683e950b8a9e449c9b99314970cb,0,606,True,,4264.445692018745,1141.2451023073575,0.00024588799476623534,0.0009188,252000,245887.99476623535,322300,574300,918800,,,,,,
41fe6b46-d014-4944-8798-d1f805277064,2003,AES-128,encrypt,cuda_optimized_v1,optimized,resident,pinned,CTR,1048576,10,1048576:CTR:10,d8f556af193a78e80e499d4569b4d3c763e6683e950b8a9e449c9b99314970cb,1,607,True,1,4941.637786279797,,0.00021219199895858765,,,212191.99895858765,,,,,,,,,212191.99895858765
41fe6b46-d014-4944-8798-d1f805277064,2003,AES-128,encrypt,cuda_baseline,baseline,pipeline,pinned,CTR,1048576,10,1048576:CTR:10,d8f556af193a78e80e499d4569b4d3c763e6683e950b8a9e449c9b99314970cb,2,608,True,,5897.768251845317,1647.1504869619855,0.0001777919977903366,0.0006366,205900,177791.9977903366,202200,408100,636600,,,,,,
41fe6b46-d014-4944-8798-d1f805277064,2003,AES-128,encrypt,cpu_software,software,transform,bytes,CTR,1048576,10,1048576:CTR:10,d8f556af193a78e80e499d4569b4d3c763e6683e950b8a9e449c9b99314970cb,3,609,True,,,,,,,,,,,3946600,0.0039466,265.6909745097046,0,0.0,
41fe6b46-d014-4944-8798-d1f805277064,2003,AES-128,encrypt,cuda_baseline,baseline,resident,pinned,CTR,1048576,10,1048576:CTR:10,d8f556af193a78e80e499d4569b4d3c763e6683e950b8a9e449c9b99314970cb,4,610,True,1,5991.588992109728,,0.00017500799894332885,,,175007.99894332886,,,,,,,,,175007.99894332886
41fe6b46-d014-4944-8798-d1f805277064,2003,AES-128,encrypt,cpu_aesni,aesni,transform,bytes,CTR,1048576,10,1048576:CTR:10,d8f556af193a78e80e499d4569b4d3c763e6683e950b8a9e449c9b99314970cb,5,611,True,,,,,,,,,,,747700,0.0007477,1402.402032900896,0,0.0,
41fe6b46-d014-4944-8798-d1f805277064,2003,AES-128,encrypt,cuda_optimized_v1,optimized,pipeline,pinned,CTR,1048576,11,1048576:CTR:11,90a09cadfc78fc04ad2a4adecff8386fc1d40ea40859f730e06fc5e479038499,0,612,True,,4276.132113733654,1205.2597701149425,0.0002452159970998764,0.00087,244400,245215.9970998764,287100,531500,870000,,,,,,
41fe6b46-d014-4944-8798-d1f805277064,2003,AES-128,encrypt,cuda_optimized_v1,optimized,resident,pinned,CTR,1048576,11,1048576:CTR:11,90a09cadfc78fc04ad2a4adecff8386fc1d40ea40859f730e06fc5e479038499,1,613,True,1,5082.674140866044,,0.00020630399882793425,,,206303.99882793427,,,,,,,,,206303.99882793427
41fe6b46-d014-4944-8798-d1f805277064,2003,AES-128,encrypt,cuda_baseline,baseline,pipeline,pinned,CTR,1048576,11,1048576:CTR:11,90a09cadfc78fc04ad2a4adecff8386fc1d40ea40859f730e06fc5e479038499,2,614,True,,5994.877229987086,1650.5210136943176,0.0001749120056629181,0.0006353,204900,174912.0056629181,201900,406800,635300,,,,,,
41fe6b46-d014-4944-8798-d1f805277064,2003,AES-128,encrypt,cpu_aesni,aesni,transform,bytes,CTR,1048576,11,1048576:CTR:11,90a09cadfc78fc04ad2a4adecff8386fc1d40ea40859f730e06fc5e479038499,3,615,True,,,,,,,,,,,753200,0.0007532,1392.161444503452,0,0.0,
41fe6b46-d014-4944-8798-d1f805277064,2003,AES-128,encrypt,cuda_baseline,baseline,resident,pinned,CTR,1048576,11,1048576:CTR:11,90a09cadfc78fc04ad2a4adecff8386fc1d40ea40859f730e06fc5e479038499,4,616,True,1,5944.847538818258,,0.00017638400197029114,,,176384.00197029114,,,,,,,,,176384.00197029114
41fe6b46-d014-4944-8798-d1f805277064,2003,AES-128,encrypt,cpu_software,software,transform,bytes,CTR,1048576,11,1048576:CTR:11,90a09cadfc78fc04ad2a4adecff8386fc1d40ea40859f730e06fc5e479038499,5,617,True,,,,,,,,,,,4183900,0.0041839,250.62166877793447,15625000,3.7345538851310978,
41fe6b46-d014-4944-8798-d1f805277064,2003,AES-128,encrypt,cpu_aesni,aesni,transform,bytes,ECB,1048576,11,1048576:ECB:11,3db8654a600bd0f3c45d067af0308fecb28014b17d6cb0a04670c879b31b5f22,0,618,True,,,,,,,,,,,573100,0.0005731,1829.6562554528005,0,0.0,
41fe6b46-d014-4944-8798-d1f805277064,2003,AES-128,encrypt,cuda_baseline,baseline,pipeline,pinned,ECB,1048576,11,1048576:ECB:11,3db8654a600bd0f3c45d067af0308fecb28014b17d6cb0a04670c879b31b5f22,1,619,True,,4427.5099293677185,1228.704007499414,0.00023683199286460876,0.0008534,247200,236831.99286460876,277100,524300,853400,,,,,,
41fe6b46-d014-4944-8798-d1f805277064,2003,AES-128,encrypt,cpu_software,software,transform,bytes,ECB,1048576,11,1048576:ECB:11,3db8654a600bd0f3c45d067af0308fecb28014b17d6cb0a04670c879b31b5f22,2,620,True,,,,,,,,,,,3774100,0.0037741,277.8347155613259,15625000,4.140059881826131,
41fe6b46-d014-4944-8798-d1f805277064,2003,AES-128,encrypt,cuda_optimized_v1,optimized,pipeline,pinned,ECB,1048576,11,1048576:ECB:11,3db8654a600bd0f3c45d067af0308fecb28014b17d6cb0a04670c879b31b5f22,3,621,True,,4273.901168275001,1193.462326428409,0.0002453439980745316,0.0008786,246800,245343.99807453156,292400,539200,878600,,,,,,
41fe6b46-d014-4944-8798-d1f805277064,2003,AES-128,encrypt,cuda_baseline,baseline,resident,pinned,ECB,1048576,11,1048576:ECB:11,3db8654a600bd0f3c45d067af0308fecb28014b17d6cb0a04670c879b31b5f22,4,622,True,1,4148.373049305152,,0.00025276800990104673,,,252768.00990104675,,,,,,,,,252768.00990104675
41fe6b46-d014-4944-8798-d1f805277064,2003,AES-128,encrypt,cuda_optimized_v1,optimized,resident,pinned,ECB,1048576,11,1048576:ECB:11,3db8654a600bd0f3c45d067af0308fecb28014b17d6cb0a04670c879b31b5f22,5,623,True,1,6160.556238702221,,0.00017020800709724427,,,170208.00709724426,,,,,,,,,170208.00709724426
41fe6b46-d014-4944-8798-d1f805277064,2003,AES-128,encrypt,cuda_baseline,baseline,pipeline,pinned,ECB,1048576,12,1048576:ECB:12,4f234bc7320fe079a94c5c6086d23e27780a94f18b551fc59e66c73e212b31d0,0,624,True,,5107.231951917278,1160.0575284876645,0.00020531199872493743,0.0009039,245400,205311.99872493744,309200,554600,903900,,,,,,
41fe6b46-d014-4944-8798-d1f805277064,2003,AES-128,encrypt,cpu_software,software,transform,bytes,ECB,1048576,12,1048576:ECB:12,4f234bc7320fe079a94c5c6086d23e27780a94f18b551fc59e66c73e212b31d0,1,625,True,,,,,,,,,,,3709300,0.0037093,282.68837786105195,0,0.0,
41fe6b46-d014-4944-8798-d1f805277064,2003,AES-128,encrypt,cuda_baseline,baseline,resident,pinned,ECB,1048576,12,1048576:ECB:12,4f234bc7320fe079a94c5c6086d23e27780a94f18b551fc59e66c73e212b31d0,2,626,True,1,5071.66067870395,,0.0002067520022392273,,,206752.0022392273,,,,,,,,,206752.0022392273
41fe6b46-d014-4944-8798-d1f805277064,2003,AES-128,encrypt,cpu_aesni,aesni,transform,bytes,ECB,1048576,12,1048576:ECB:12,4f234bc7320fe079a94c5c6086d23e27780a94f18b551fc59e66c73e212b31d0,3,627,True,,,,,,,,,,,577700,0.0005777,1815.0874156136404,15625000,27.04691016098321,
41fe6b46-d014-4944-8798-d1f805277064,2003,AES-128,encrypt,cuda_optimized_v1,optimized,resident,pinned,ECB,1048576,12,1048576:ECB:12,4f234bc7320fe079a94c5c6086d23e27780a94f18b551fc59e66c73e212b31d0,4,628,True,1,4834.464498971258,,0.00021689599752426148,,,216895.99752426147,,,,,,,,,216895.99752426147
41fe6b46-d014-4944-8798-d1f805277064,2003,AES-128,encrypt,cuda_optimized_v1,optimized,pipeline,pinned,ECB,1048576,12,1048576:ECB:12,4f234bc7320fe079a94c5c6086d23e27780a94f18b551fc59e66c73e212b31d0,5,629,True,,5986.116434693554,1369.7922926192032,0.0001751679927110672,0.0007655,247000,175167.9927110672,245900,492900,765500,,,,,,
41fe6b46-d014-4944-8798-d1f805277064,2003,AES-128,encrypt,cuda_optimized_v1,optimized,pipeline,pinned,CTR,1048576,12,1048576:CTR:12,816850f6cd8dd3103913eda0989db36e3bb51741d73bfde22ea1fc040b126f5c,0,630,True,,4252.270955508076,1018.9252745117093,0.00024659200012683866,0.0010291,294000,246592.00012683868,375100,669100,1029100,,,,,,
41fe6b46-d014-4944-8798-d1f805277064,2003,AES-128,encrypt,cuda_baseline,baseline,pipeline,pinned,CTR,1048576,12,1048576:CTR:12,816850f6cd8dd3103913eda0989db36e3bb51741d73bfde22ea1fc040b126f5c,1,631,True,,5846.208667901673,1514.1891696750902,0.00017936000227928163,0.0006925,219300,179360.00227928162,219700,439000,692500,,,,,,
41fe6b46-d014-4944-8798-d1f805277064,2003,AES-128,encrypt,cuda_baseline,baseline,resident,pinned,CTR,1048576,12,1048576:CTR:12,816850f6cd8dd3103913eda0989db36e3bb51741d73bfde22ea1fc040b126f5c,2,632,True,1,5307.418222491063,,0.00019756799936294556,,,197567.99936294556,,,,,,,,,197567.99936294556
41fe6b46-d014-4944-8798-d1f805277064,2003,AES-128,encrypt,cpu_software,software,transform,bytes,CTR,1048576,12,1048576:CTR:12,816850f6cd8dd3103913eda0989db36e3bb51741d73bfde22ea1fc040b126f5c,3,633,True,,,,,,,,,,,4008700,0.0040087,261.5750742135854,0,0.0,
41fe6b46-d014-4944-8798-d1f805277064,2003,AES-128,encrypt,cuda_optimized_v1,optimized,resident,pinned,CTR,1048576,12,1048576:CTR:12,816850f6cd8dd3103913eda0989db36e3bb51741d73bfde22ea1fc040b126f5c,4,634,True,1,5744.740405484843,,0.0001825280040502548,,,182528.00405025482,,,,,,,,,182528.00405025482
41fe6b46-d014-4944-8798-d1f805277064,2003,AES-128,encrypt,cpu_aesni,aesni,transform,bytes,CTR,1048576,12,1048576:CTR:12,816850f6cd8dd3103913eda0989db36e3bb51741d73bfde22ea1fc040b126f5c,5,635,True,,,,,,,,,,,740400,0.0007404,1416.2290653700702,0,0.0,
41fe6b46-d014-4944-8798-d1f805277064,2003,AES-128,encrypt,cuda_baseline,baseline,pipeline,pinned,CTR,1048576,13,1048576:CTR:13,7b895c46f5dc365173cf39d1061c65c435e783c607bf0aa05ef62f3ab4398d04,0,636,True,,4240.16553738167,1177.2493544403278,0.00024729600548744203,0.0008907,248900,247296.00548744202,293600,542500,890700,,,,,,
41fe6b46-d014-4944-8798-d1f805277064,2003,AES-128,encrypt,cpu_aesni,aesni,transform,bytes,CTR,1048576,13,1048576:CTR:13,7b895c46f5dc365173cf39d1061c65c435e783c607bf0aa05ef62f3ab4398d04,1,637,True,,,,,,,,,,,746700,0.0007467,1404.280166064015,0,0.0,
41fe6b46-d014-4944-8798-d1f805277064,2003,AES-128,encrypt,cuda_optimized_v1,optimized,resident,pinned,CTR,1048576,13,1048576:CTR:13,7b895c46f5dc365173cf39d1061c65c435e783c607bf0aa05ef62f3ab4398d04,2,638,True,1,4005.3782527509934,,0.00026179200410842893,,,261792.00410842896,,,,,,,,,261792.00410842896
41fe6b46-d014-4944-8798-d1f805277064,2003,AES-128,encrypt,cuda_optimized_v1,optimized,pipeline,pinned,CTR,1048576,13,1048576:CTR:13,7b895c46f5dc365173cf39d1061c65c435e783c607bf0aa05ef62f3ab4398d04,3,639,True,,4519.724267984546,1250.0906056270862,0.00023199999332427978,0.0008388,245200,231999.99332427979,249100,494300,838800,,,,,,
41fe6b46-d014-4944-8798-d1f805277064,2003,AES-128,encrypt,cuda_baseline,baseline,resident,pinned,CTR,1048576,13,1048576:CTR:13,7b895c46f5dc365173cf39d1061c65c435e783c607bf0aa05ef62f3ab4398d04,4,640,True,1,5926.569044638381,,0.00017692799866199493,,,176927.99866199493,,,,,,,,,176927.99866199493
41fe6b46-d014-4944-8798-d1f805277064,2003,AES-128,encrypt,cpu_software,software,transform,bytes,CTR,1048576,13,1048576:CTR:13,7b895c46f5dc365173cf39d1061c65c435e783c607bf0aa05ef62f3ab4398d04,5,641,True,,,,,,,,,,,4112600,0.0041126,254.96668774011573,0,0.0,
41fe6b46-d014-4944-8798-d1f805277064,2003,AES-128,encrypt,cuda_optimized_v1,optimized,pipeline,pinned,ECB,1048576,13,1048576:ECB:13,50c5ec807dd366333b2708c4afbb0627af0e5e58d6314918bb1344413c2e7287,0,642,True,,4337.26008213168,1178.440098898629,0.0002417600005865097,0.0008898,251400,241760.0005865097,296300,547700,889800,,,,,,
41fe6b46-d014-4944-8798-d1f805277064,2003,AES-128,encrypt,cuda_baseline,baseline,pipeline,pinned,ECB,1048576,13,1048576:ECB:13,50c5ec807dd366333b2708c4afbb0627af0e5e58d6314918bb1344413c2e7287,1,643,True,,4370.232168467786,1296.1384425216315,0.0002399359941482544,0.000809,247800,239935.9941482544,235300,483100,809000,,,,,,
41fe6b46-d014-4944-8798-d1f805277064,2003,AES-128,encrypt,cuda_optimized_v1,optimized,resident,pinned,ECB,1048576,13,1048576:ECB:13,50c5ec807dd366333b2708c4afbb0627af0e5e58d6314918bb1344413c2e7287,2,644,True,1,6055.8122444103,,0.00017315199971199035,,,173151.99971199036,,,,,,,,,173151.99971199036
41fe6b46-d014-4944-8798-d1f805277064,2003,AES-128,encrypt,cpu_software,software,transform,bytes,ECB,1048576,13,1048576:ECB:13,50c5ec807dd366333b2708c4afbb0627af0e5e58d6314918bb1344413c2e7287,3,645,True,,,,,,,,,,,4066500,0.0040665,257.85712529202016,0,0.0,
41fe6b46-d014-4944-8798-d1f805277064,2003,AES-128,encrypt,cuda_baseline,baseline,resident,pinned,ECB,1048576,13,1048576:ECB:13,50c5ec807dd366333b2708c4afbb0627af0e5e58d6314918bb1344413c2e7287,4,646,True,1,6165.19262848694,,0.00017008000612258911,,,170080.0061225891,,,,,,,,,170080.0061225891
41fe6b46-d014-4944-8798-d1f805277064,2003,AES-128,encrypt,cpu_aesni,aesni,transform,bytes,ECB,1048576,13,1048576:ECB:13,50c5ec807dd366333b2708c4afbb0627af0e5e58d6314918bb1344413c2e7287,5,647,True,,,,,,,,,,,560000,0.00056,1872.4571428571428,0,0.0,
41fe6b46-d014-4944-8798-d1f805277064,2003,AES-128,encrypt,cuda_baseline,baseline,pipeline,pinned,ECB,1048576,14,1048576:ECB:14,d5eb368bcd179ba0e40aff29559c6fdee60543b7a268053049e869cc89d5e52e,0,648,True,,4304.781799132617,1278.2835547970255,0.00024358400702476502,0.0008203,243600,243584.00702476501,240200,483800,820300,,,,,,
41fe6b46-d014-4944-8798-d1f805277064,2003,AES-128,encrypt,cpu_aesni,aesni,transform,bytes,ECB,1048576,14,1048576:ECB:14,d5eb368bcd179ba0e40aff29559c6fdee60543b7a268053049e869cc89d5e52e,1,649,True,,,,,,,,,,,568500,0.0005685,1844.4608619173264,0,0.0,
41fe6b46-d014-4944-8798-d1f805277064,2003,AES-128,encrypt,cuda_optimized_v1,optimized,resident,pinned,ECB,1048576,14,1048576:ECB:14,d5eb368bcd179ba0e40aff29559c6fdee60543b7a268053049e869cc89d5e52e,2,650,True,1,4420.342719782583,,0.00023721599578857422,,,237215.99578857422,,,,,,,,,237215.99578857422
41fe6b46-d014-4944-8798-d1f805277064,2003,AES-128,encrypt,cuda_baseline,baseline,resident,pinned,ECB,1048576,14,1048576:ECB:14,d5eb368bcd179ba0e40aff29559c6fdee60543b7a268053049e869cc89d5e52e,3,651,True,1,6011.374247372166,,0.0001744319945573807,,,174431.99455738068,,,,,,,,,174431.99455738068
41fe6b46-d014-4944-8798-d1f805277064,2003,AES-128,encrypt,cuda_optimized_v1,optimized,pipeline,pinned,ECB,1048576,14,1048576:ECB:14,d5eb368bcd179ba0e40aff29559c6fdee60543b7a268053049e869cc89d5e52e,4,652,True,,5988.303849905936,1636.354556803995,0.00017510400712490083,0.0006408,208600,175104.00712490082,203300,411900,640800,,,,,,
41fe6b46-d014-4944-8798-d1f805277064,2003,AES-128,encrypt,cpu_software,software,transform,bytes,ECB,1048576,14,1048576:ECB:14,d5eb368bcd179ba0e40aff29559c6fdee60543b7a268053049e869cc89d5e52e,5,653,True,,,,,,,,,,,3687900,0.0036879,284.32875077957647,0,0.0,
41fe6b46-d014-4944-8798-d1f805277064,2003,AES-128,encrypt,cpu_aesni,aesni,transform,bytes,CTR,1048576,14,1048576:CTR:14,39901582e318fb732cc66318c76f1a1b70b5e889fbd4a3c4c904aa200d5ed78c,0,654,True,,,,,,,,,,,743100,0.0007431,1411.0832996904858,0,0.0,
41fe6b46-d014-4944-8798-d1f805277064,2003,AES-128,encrypt,cuda_baseline,baseline,resident,pinned,CTR,1048576,14,1048576:CTR:14,39901582e318fb732cc66318c76f1a1b70b5e889fbd4a3c4c904aa200d5ed78c,1,655,True,1,4221.59239229102,,0.0002483839988708496,,,248383.9988708496,,,,,,,,,248383.9988708496
41fe6b46-d014-4944-8798-d1f805277064,2003,AES-128,encrypt,cuda_baseline,baseline,pipeline,pinned,CTR,1048576,14,1048576:CTR:14,39901582e318fb732cc66318c76f1a1b70b5e889fbd4a3c4c904aa200d5ed78c,2,656,True,,4054.442166770358,1246.0796197266786,0.00025862398743629455,0.0008415,247400,258623.98743629456,241000,488400,841500,,,,,,
41fe6b46-d014-4944-8798-d1f805277064,2003,AES-128,encrypt,cpu_software,software,transform,bytes,CTR,1048576,14,1048576:CTR:14,39901582e318fb732cc66318c76f1a1b70b5e889fbd4a3c4c904aa200d5ed78c,3,657,True,,,,,,,,,,,3948600,0.0039486,265.5563997366155,0,0.0,
41fe6b46-d014-4944-8798-d1f805277064,2003,AES-128,encrypt,cuda_optimized_v1,optimized,pipeline,pinned,CTR,1048576,14,1048576:CTR:14,39901582e318fb732cc66318c76f1a1b70b5e889fbd4a3c4c904aa200d5ed78c,4,658,True,,4246.209746813129,1266.5491001328662,0.00024694399535655977,0.0008279,246600,246943.99535655975,240400,487000,827900,,,,,,
41fe6b46-d014-4944-8798-d1f805277064,2003,AES-128,encrypt,cuda_optimized_v1,optimized,resident,pinned,CTR,1048576,14,1048576:CTR:14,39901582e318fb732cc66318c76f1a1b70b5e889fbd4a3c4c904aa200d5ed78c,5,659,True,1,4828.765116333251,,0.00021715199947357179,,,217151.99947357178,,,,,,,,,217151.99947357178
41fe6b46-d014-4944-8798-d1f805277064,2003,AES-128,encrypt,cuda_optimized_v1,optimized,resident,pinned,ECB,1048576,15,1048576:ECB:15,9e07d5546919e87ee2415f184f0a14c0244a39da856a2399e3d6af2854beddf9,0,660,True,1,5396.574320303944,,0.0001943040043115616,,,194304.00431156158,,,,,,,,,194304.00431156158
41fe6b46-d014-4944-8798-d1f805277064,2003,AES-128,encrypt,cuda_baseline,baseline,pipeline,pinned,ECB,1048576,15,1048576:ECB:15,9e07d5546919e87ee2415f184f0a14c0244a39da856a2399e3d6af2854beddf9,1,661,True,,4946.859793611949,1047.7378097521982,0.00021196800470352174,0.0010008,334400,211968.00470352173,289700,624100,1000800,,,,,,
41fe6b46-d014-4944-8798-d1f805277064,2003,AES-128,encrypt,cpu_software,software,transform,bytes,ECB,1048576,15,1048576:ECB:15,9e07d5546919e87ee2415f184f0a14c0244a39da856a2399e3d6af2854beddf9,2,662,True,,,,,,,,,,,15762600,0.0157626,66.5230355398221,0,0.0,
41fe6b46-d014-4944-8798-d1f805277064,2003,AES-128,encrypt,cuda_optimized_v1,optimized,pipeline,pinned,ECB,1048576,15,1048576:ECB:15,9e07d5546919e87ee2415f184f0a14c0244a39da856a2399e3d6af2854beddf9,3,663,True,,3990.2580948433856,1172.3792486583184,0.00026278400421142576,0.0008944,265900,262784.0042114258,279300,545200,894400,,,,,,
41fe6b46-d014-4944-8798-d1f805277064,2003,AES-128,encrypt,cpu_aesni,aesni,transform,bytes,ECB,1048576,15,1048576:ECB:15,9e07d5546919e87ee2415f184f0a14c0244a39da856a2399e3d6af2854beddf9,4,664,True,,,,,,,,,,,2258600,0.0022586,464.25927565748697,0,0.0,
41fe6b46-d014-4944-8798-d1f805277064,2003,AES-128,encrypt,cuda_baseline,baseline,resident,pinned,ECB,1048576,15,1048576:ECB:15,9e07d5546919e87ee2415f184f0a14c0244a39da856a2399e3d6af2854beddf9,5,665,True,1,4054.442166770358,,0.00025862398743629455,,,258623.98743629456,,,,,,,,,258623.98743629456
41fe6b46-d014-4944-8798-d1f805277064,2003,AES-128,encrypt,cpu_aesni,aesni,transform,bytes,CTR,1048576,15,1048576:CTR:15,ca00e4400abfa862b255cc3db102460327f28b5cf94b418f0f20c6cb36bad79a,0,666,True,,,,,,,,,,,3731900,0.0037319,280.9764463142099,0,0.0,
41fe6b46-d014-4944-8798-d1f805277064,2003,AES-128,encrypt,cpu_software,software,transform,bytes,CTR,1048576,15,1048576:CTR:15,ca00e4400abfa862b255cc3db102460327f28b5cf94b418f0f20c6cb36bad79a,1,667,True,,,,,,,,,,,26942100,0.0269421,38.919609087636076,0,0.0,
41fe6b46-d014-4944-8798-d1f805277064,2003,AES-128,encrypt,cuda_baseline,baseline,resident,pinned,CTR,1048576,15,1048576:CTR:15,ca00e4400abfa862b255cc3db102460327f28b5cf94b418f0f20c6cb36bad79a,2,668,True,1,5096.904788500679,,0.0002057279944419861,,,205727.99444198608,,,,,,,,,205727.99444198608
41fe6b46-d014-4944-8798-d1f805277064,2003,AES-128,encrypt,cuda_optimized_v1,optimized,pipeline,pinned,CTR,1048576,15,1048576:CTR:15,ca00e4400abfa862b255cc3db102460327f28b5cf94b418f0f20c6cb36bad79a,3,669,True,,5153.011297771673,1008.5370780032702,0.00020348800718784333,0.0010397,334700,203488.00718784332,321600,656300,1039700,,,,,,
41fe6b46-d014-4944-8798-d1f805277064,2003,AES-128,encrypt,cuda_optimized_v1,optimized,resident,pinned,CTR,1048576,15,1048576:CTR:15,ca00e4400abfa862b255cc3db102460327f28b5cf94b418f0f20c6cb36bad79a,4,670,True,1,4638.731746503057,,0.00022604799270629884,,,226047.99270629883,,,,,,,,,226047.99270629883
41fe6b46-d014-4944-8798-d1f805277064,2003,AES-128,encrypt,cuda_baseline,baseline,pipeline,pinned,CTR,1048576,15,1048576:CTR:15,ca00e4400abfa862b255cc3db102460327f28b5cf94b418f0f20c6cb36bad79a,5,671,True,,4340.707394191996,1012.6277160791888,0.00024156799912452697,0.0010355,306100,241567.99912452698,363800,669900,1035500,,,,,,
41fe6b46-d014-4944-8798-d1f805277064,2003,AES-128,encrypt,cuda_optimized_v1,optimized,resident,pinned,CTR,1048576,16,1048576:CTR:16,4aea85d109941db38a9ea35134543ffc923550c0c97dc884abc9722c67c64c85,0,672,True,1,6010.2713824463635,,0.00017446400225162506,,,174464.00225162506,,,,,,,,,174464.00225162506
41fe6b46-d014-4944-8798-d1f805277064,2003,AES-128,encrypt,cuda_baseline,baseline,resident,pinned,CTR,1048576,16,1048576:CTR:16,4aea85d109941db38a9ea35134543ffc923550c0c97dc884abc9722c67c64c85,1,673,True,1,5269.861819440393,,0.00019897599518299103,,,198975.99518299103,,,,,,,,,198975.99518299103
41fe6b46-d014-4944-8798-d1f805277064,2003,AES-128,encrypt,cpu_software,software,transform,bytes,CTR,1048576,16,1048576:CTR:16,4aea85d109941db38a9ea35134543ffc923550c0c97dc884abc9722c67c64c85,2,674,True,,,,,,,,,,,5114900,0.0051149,205.00420340573618,0,0.0,
41fe6b46-d014-4944-8798-d1f805277064,2003,AES-128,encrypt,cuda_optimized_v1,optimized,pipeline,pinned,CTR,1048576,16,1048576:CTR:16,4aea85d109941db38a9ea35134543ffc923550c0c97dc884abc9722c67c64c85,3,675,True,,5627.3399862200085,937.065236818588,0.0001863359957933426,0.001119,453100,186335.9957933426,317100,770200,1119000,,,,,,
41fe6b46-d014-4944-8798-d1f805277064,2003,AES-128,encrypt,cuda_baseline,baseline,pipeline,pinned,CTR,1048576,16,1048576:CTR:16,4aea85d109941db38a9ea35134543ffc923550c0c97dc884abc9722c67c64c85,4,676,True,,5437.769859277247,1397.7286057051454,0.00019283199310302736,0.0007502,210000,192831.99310302734,236600,446600,750200,,,,,,
41fe6b46-d014-4944-8798-d1f805277064,2003,AES-128,encrypt,cpu_aesni,aesni,transform,bytes,CTR,1048576,16,1048576:CTR:16,4aea85d109941db38a9ea35134543ffc923550c0c97dc884abc9722c67c64c85,5,677,True,,,,,,,,,,,794200,0.0007942,1320.2921178544448,15625000,19.67388567111559,
41fe6b46-d014-4944-8798-d1f805277064,2003,AES-128,encrypt,cpu_aesni,aesni,transform,bytes,ECB,1048576,16,1048576:ECB:16,3382ec3eef84b0e6acd30b54d79162b813fc59468ca34950f4a8a9993706959f,0,678,True,,,,,,,,,,,1478100,0.0014781,709.4080238143563,0,0.0,
41fe6b46-d014-4944-8798-d1f805277064,2003,AES-128,encrypt,cuda_baseline,baseline,resident,pinned,ECB,1048576,16,1048576:ECB:16,3382ec3eef84b0e6acd30b54d79162b813fc59468ca34950f4a8a9993706959f,1,679,True,1,5820.248638119728,,0.00018016000092029572,,,180160.00092029572,,,,,,,,,180160.00092029572
41fe6b46-d014-4944-8798-d1f805277064,2003,AES-128,encrypt,cuda_baseline,baseline,pipeline,pinned,ECB,1048576,16,1048576:ECB:16,3382ec3eef84b0e6acd30b54d79162b813fc59468ca34950f4a8a9993706959f,2,680,True,,5830.60503136784,1550.4598550938933,0.00017983999848365784,0.0006763,222400,179839.99848365784,211500,433900,676300,,,,,,
41fe6b46-d014-4944-8798-d1f805277064,2003,AES-128,encrypt,cuda_optimized_v1,optimized,resident,pinned,ECB,1048576,16,1048576:ECB:16,3382ec3eef84b0e6acd30b54d79162b813fc59468ca34950f4a8a9993706959f,3,681,True,1,5881.8885485237715,,0.00017827199399471282,,,178271.99399471283,,,,,,,,,178271.99399471283
41fe6b46-d014-4944-8798-d1f805277064,2003,AES-128,encrypt,cuda_optimized_v1,optimized,pipeline,pinned,ECB,1048576,16,1048576:ECB:16,3382ec3eef84b0e6acd30b54d79162b813fc59468ca34950f4a8a9993706959f,4,682,True,,5961.069478971374,1553.4459259259258,0.00017590400576591493,0.000675,213900,175904.00576591492,224100,438000,675000,,,,,,
41fe6b46-d014-4944-8798-d1f805277064,2003,AES-128,encrypt,cpu_software,software,transform,bytes,ECB,1048576,16,1048576:ECB:16,3382ec3eef84b0e6acd30b54d79162b813fc59468ca34950f4a8a9993706959f,5,683,True,,,,,,,,,,,4428200,0.0044282,236.79508603947428,0,0.0,
41fe6b46-d014-4944-8798-d1f805277064,2003,AES-128,encrypt,cuda_optimized_v1,optimized,resident,pinned,ECB,1048576,17,1048576:ECB:17,ab1f5ea05b95f99d8e936d9c774a008e395cca6ae8f1a754248d4c3cbe566034,0,684,True,1,6102.048517542034,,0.00017183999717235564,,,171839.99717235565,,,,,,,,,171839.99717235565
41fe6b46-d014-4944-8798-d1f805277064,2003,AES-128,encrypt,cpu_software,software,transform,bytes,ECB,1048576,17,1048576:ECB:17,ab1f5ea05b95f99d8e936d9c774a008e395cca6ae8f1a754248d4c3cbe566034,1,685,True,,,,,,,,,,,3836200,0.0038362,273.33715656118034,0,0.0,
41fe6b46-d014-4944-8798-d1f805277064,2003,AES-128,encrypt,cuda_optimized_v1,optimized,pipeline,pinned,ECB,1048576,17,1048576:ECB:17,ab1f5ea05b95f99d8e936d9c774a008e395cca6ae8f1a754248d4c3cbe566034,2,686,True,,4818.823465525486,1404.092126405999,0.0002176000028848648,0.0007468,214400,217600.0028848648,249300,463700,746800,,,,,,
41fe6b46-d014-4944-8798-d1f805277064,2003,AES-128,encrypt,cpu_aesni,aesni,transform,bytes,ECB,1048576,17,1048576:ECB:17,ab1f5ea05b95f99d8e936d9c774a008e395cca6ae8f1a754248d4c3cbe566034,3,687,True,,,,,,,,,,,652700,0.0006527,1606.520606710587,0,0.0,
41fe6b46-d014-4944-8798-d1f805277064,2003,AES-128,encrypt,cuda_baseline,baseline,pipeline,pinned,ECB,1048576,17,1048576:ECB:17,ab1f5ea05b95f99d8e936d9c774a008e395cca6ae8f1a754248d4c3cbe566034,4,688,True,,5506.301543479314,1178.9700921969868,0.00019043199717998504,0.0008894,346400,190431.99717998505,251000,597400,889400,,,,,,
41fe6b46-d014-4944-8798-d1f805277064,2003,AES-128,encrypt,cuda_baseline,baseline,resident,pinned,ECB,1048576,17,1048576:ECB:17,ab1f5ea05b95f99d8e936d9c774a008e395cca6ae8f1a754248d4c3cbe566034,5,689,True,1,6168.674773515128,,0.00016998399794101716,,,169983.99794101715,,,,,,,,,169983.99794101715
41fe6b46-d014-4944-8798-d1f805277064,2003,AES-128,encrypt,cuda_baseline,baseline,resident,pinned,CTR,1048576,17,1048576:CTR:17,4cdb635f142c566707bac4b160f7ca7b130f7738ea87966daffc69875e8147b6,0,690,True,1,5991.588992109728,,0.00017500799894332885,,,175007.99894332886,,,,,,,,,175007.99894332886
41fe6b46-d014-4944-8798-d1f805277064,2003,AES-128,encrypt,cuda_optimized_v1,optimized,resident,pinned,CTR,1048576,17,1048576:CTR:17,4cdb635f142c566707bac4b160f7ca7b130f7738ea87966daffc69875e8147b6,1,691,True,1,6051.338849520287,,0.0001732800006866455,,,173280.0006866455,,,,,,,,,173280.0006866455
41fe6b46-d014-4944-8798-d1f805277064,2003,AES-128,encrypt,cuda_baseline,baseline,pipeline,pinned,CTR,1048576,17,1048576:CTR:17,4cdb635f142c566707bac4b160f7ca7b130f7738ea87966daffc69875e8147b6,2,692,True,,5711.695863988271,1403.340471092077,0.00018358400464057922,0.0007472,243500,183584.00464057922,230100,473600,747200,,,,,,
41fe6b46-d014-4944-8798-d1f805277064,2003,AES-128,encrypt,cpu_software,software,transform,bytes,CTR,1048576,17,1048576:CTR:17,4cdb635f142c566707bac4b160f7ca7b130f7738ea87966daffc69875e8147b6,3,693,True,,,,,,,,,,,4069600,0.0040696,257.66070375466876,0,0.0,
41fe6b46-d014-4944-8798-d1f805277064,2003,AES-128,encrypt,cuda_optimized_v1,optimized,pipeline,pinned,CTR,1048576,17,1048576:CTR:17,4cdb635f142c566707bac4b160f7ca7b130f7738ea87966daffc69875e8147b6,4,694,True,,4684.488957380974,1338.1521184277692,0.00022383999824523925,0.0007836,222000,223839.99824523926,246800,468800,783600,,,,,,
41fe6b46-d014-4944-8798-d1f805277064,2003,AES-128,encrypt,cpu_aesni,aesni,transform,bytes,CTR,1048576,17,1048576:CTR:17,4cdb635f142c566707bac4b160f7ca7b130f7738ea87966daffc69875e8147b6,5,695,True,,,,,,,,,,,727900,0.0007279,1440.549526033796,0,0.0,
41fe6b46-d014-4944-8798-d1f805277064,2003,AES-128,encrypt,cuda_optimized_v1,optimized,pipeline,pinned,ECB,1048576,18,1048576:ECB:18,e0b015f8cebc7f80b06f9f9be0c58c1413dada01d9d5806147c8baa5d046058d,0,696,True,,4463.697174237315,1253.6776661884267,0.00023491199314594268,0.0008364,212600,234911.9931459427,296000,508600,836400,,,,,,
41fe6b46-d014-4944-8798-d1f805277064,2003,AES-128,encrypt,cpu_aesni,aesni,transform,bytes,ECB,1048576,18,1048576:ECB:18,e0b015f8cebc7f80b06f9f9be0c58c1413dada01d9d5806147c8baa5d046058d,1,697,True,,,,,,,,,,,581600,0.0005816,1802.9160935350756,0,0.0,
41fe6b46-d014-4944-8798-d1f805277064,2003,AES-128,encrypt,cuda_optimized_v1,optimized,resident,pinned,ECB,1048576,18,1048576:ECB:18,e0b015f8cebc7f80b06f9f9be0c58c1413dada01d9d5806147c8baa5d046058d,2,698,True,1,4677.134021367779,,0.00022419199347496033,,,224191.99347496033,,,,,,,,,224191.99347496033
41fe6b46-d014-4944-8798-d1f805277064,2003,AES-128,encrypt,cpu_software,software,transform,bytes,ECB,1048576,18,1048576:ECB:18,e0b015f8cebc7f80b06f9f9be0c58c1413dada01d9d5806147c8baa5d046058d,3,699,True,,,,,,,,,,,3712100,0.0037121,282.4751488375852,0,0.0,
41fe6b46-d014-4944-8798-d1f805277064,2003,AES-128,encrypt,cuda_baseline,baseline,pipeline,pinned,ECB,1048576,18,1048576:ECB:18,e0b015f8cebc7f80b06f9f9be0c58c1413dada01d9d5806147c8baa5d046058d,4,700,True,,4485.08062184098,1332.5403482018046,0.0002337920069694519,0.0007869,210400,233792.0069694519,262600,473000,786900,,,,,,
41fe6b46-d014-4944-8798-d1f805277064,2003,AES-128,encrypt,cuda_baseline,baseline,resident,pinned,ECB,1048576,18,1048576:ECB:18,e0b015f8cebc7f80b06f9f9be0c58c1413dada01d9d5806147c8baa5d046058d,5,701,True,1,6041.2980942024915,,0.000173567995429039,,,173567.995429039,,,,,,,,,173567.995429039
41fe6b46-d014-4944-8798-d1f805277064,2003,AES-128,encrypt,cpu_aesni,aesni,transform,bytes,CTR,1048576,18,1048576:CTR:18,7c7b93e6b17f7ff03709a933649d6b6c3378d982ae0f9e2f54967151eca3d29f,0,702,True,,,,,,,,,,,769900,0.0007699,1361.9638914144693,0,0.0,
41fe6b46-d014-4944-8798-d1f805277064,2003,AES-128,encrypt,cuda_optimized_v1,optimized,resident,pinned,CTR,1048576,18,1048576:CTR:18,7c7b93e6b17f7ff03709a933649d6b6c3378d982ae0f9e2f54967151eca3d29f,1,703,True,1,5619.619344266804,,0.0001865919977426529,,,186591.9977426529,,,,,,,,,186591.9977426529
41fe6b46-d014-4944-8798-d1f805277064,2003,AES-128,encrypt,cuda_baseline,baseline,pipeline,pinned,CTR,1048576,18,1048576:CTR:18,7c7b93e6b17f7ff03709a933649d6b6c3378d982ae0f9e2f54967151eca3d29f,2,704,True,,5704.735410319749,1548.6279722345296,0.00018380799889564515,0.0006771,211500,183807.99889564514,212700,424200,677100,,,,,,
41fe6b46-d014-4944-8798-d1f805277064,2003,AES-128,encrypt,cpu_software,software,transform,bytes,CTR,1048576,18,1048576:CTR:18,7c7b93e6b17f7ff03709a933649d6b6c3378d982ae0f9e2f54967151eca3d29f,3,705,True,,,,,,,,,,,3977800,0.0039778,263.60701895520134,15625000,3.92805068128111,
41fe6b46-d014-4944-8798-d1f805277064,2003,AES-128,encrypt,cuda_baseline,baseline,resident,pinned,CTR,1048576,18,1048576:CTR:18,7c7b93e6b17f7ff03709a933649d6b6c3378d982ae0f9e2f54967151eca3d29f,4,706,True,1,3916.3379253681937,,0.0002677440047264099,,,267744.0047264099,,,,,,,,,267744.0047264099
41fe6b46-d014-4944-8798-d1f805277064,2003,AES-128,encrypt,cuda_optimized_v1,optimized,pipeline,pinned,CTR,1048576,18,1048576:CTR:18,7c7b93e6b17f7ff03709a933649d6b6c3378d982ae0f9e2f54967151eca3d29f,5,707,True,,4654.5454181915475,1318.300226301232,0.0002252800017595291,0.0007954,220800,225280.0017595291,245900,466700,795400,,,,,,
41fe6b46-d014-4944-8798-d1f805277064,2003,AES-128,encrypt,cuda_baseline,baseline,pipeline,pinned,ECB,1048576,19,1048576:ECB:19,74a7c27e47dc108aa4c325d22b14488fc5336efac7f8d5b9671a995446f1dd37,0,708,True,,4411.416134841162,1281.4077966515947,0.00023769600689411163,0.0008183,243000,237696.00689411163,245500,488500,818300,,,,,,
41fe6b46-d014-4944-8798-d1f805277064,2003,AES-128,encrypt,cpu_aesni,aesni,transform,bytes,ECB,1048576,19,1048576:ECB:19,74a7c27e47dc108aa4c325d22b14488fc5336efac7f8d5b9671a995446f1dd37,1,709,True,,,,,,,,,,,1086600,0.0010866,965.0064421130131,0,0.0,
41fe6b46-d014-4944-8798-d1f805277064,2003,AES-128,encrypt,cuda_baseline,baseline,resident,pinned,ECB,1048576,19,1048576:ECB:19,74a7c27e47dc108aa4c325d22b14488fc5336efac7f8d5b9671a995446f1dd37,2,710,True,1,4404.893091497278,,0.0002380480021238327,,,238048.0021238327,,,,,,,,,238048.0021238327
41fe6b46-d014-4944-8798-d1f805277064,2003,AES-128,encrypt,cpu_software,software,transform,bytes,ECB,1048576,19,1048576:ECB:19,74a7c27e47dc108aa4c325d22b14488fc5336efac7f8d5b9671a995446f1dd37,3,711,True,,,,,,,,,,,3706300,0.0037063,282.9171950462726,0,0.0,
41fe6b46-d014-4944-8798-d1f805277064,2003,AES-128,encrypt,cuda_optimized_v1,optimized,resident,pinned,ECB,1048576,19,1048576:ECB:19,74a7c27e47dc108aa4c325d22b14488fc5336efac7f8d5b9671a995446f1dd37,4,712,True,1,4330.381858721678,,0.00024214400351047516,,,242144.00351047516,,,,,,,,,242144.00351047516
41fe6b46-d014-4944-8798-d1f805277064,2003,AES-128,encrypt,cuda_optimized_v1,optimized,pipeline,pinned,ECB,1048576,19,1048576:ECB:19,74a7c27e47dc108aa4c325d22b14488fc5336efac7f8d5b9671a995446f1dd37,5,713,True,,4224.3134364237885,1301.124208958928,0.00024822400510311125,0.0008059,238300,248224.00510311127,235300,473600,805900,,,,,,
41fe6b46-d014-4944-8798-d1f805277064,2003,AES-128,encrypt,cuda_baseline,baseline,pipeline,pinned,CTR,1048576,19,1048576:CTR:19,32cd2356812b8166eb9c9a727ec6b450021cd365a1c9cc1a3da7ab72caa0b733,0,714,True,,4350.504470160614,1074.140544970293,0.00024102400243282318,0.0009762,342800,241024.00243282318,293400,636200,976200,,,,,,
41fe6b46-d014-4944-8798-d1f805277064,2003,AES-128,encrypt,cuda_baseline,baseline,resident,pinned,CTR,1048576,19,1048576:CTR:19,32cd2356812b8166eb9c9a727ec6b450021cd365a1c9cc1a3da7ab72caa0b733,1,715,True,1,5100.871714278238,,0.00020556800067424773,,,205568.00067424774,,,,,,,,,205568.00067424774
41fe6b46-d014-4944-8798-d1f805277064,2003,AES-128,encrypt,cuda_optimized_v1,optimized,pipeline,pinned,CTR,1048576,19,1048576:CTR:19,32cd2356812b8166eb9c9a727ec6b450021cd365a1c9cc1a3da7ab72caa0b733,2,716,True,,6050.2217933500715,1631.2632233976353,0.0001733119934797287,0.0006428,206800,173311.9934797287,203700,410500,642800,,,,,,
41fe6b46-d014-4944-8798-d1f805277064,2003,AES-128,encrypt,cpu_aesni,aesni,transform,bytes,CTR,1048576,19,1048576:CTR:19,32cd2356812b8166eb9c9a727ec6b450021cd365a1c9cc1a3da7ab72caa0b733,3,717,True,,,,,,,,,,,742800,0.0007428,1411.6532040926224,0,0.0,
41fe6b46-d014-4944-8798-d1f805277064,2003,AES-128,encrypt,cpu_software,software,transform,bytes,CTR,1048576,19,1048576:CTR:19,32cd2356812b8166eb9c9a727ec6b450021cd365a1c9cc1a3da7ab72caa0b733,4,718,True,,,,,,,,,,,4203900,0.0042039,249.42933942291683,0,0.0,
41fe6b46-d014-4944-8798-d1f805277064,2003,AES-128,encrypt,cuda_optimized_v1,optimized,resident,pinned,CTR,1048576,19,1048576:CTR:19,32cd2356812b8166eb9c9a727ec6b450021cd365a1c9cc1a3da7ab72caa0b733,5,719,True,1,5106.435869666801,,0.00020534400641918183,,,205344.00641918182,,,,,,,,,205344.00641918182
41fe6b46-d014-4944-8798-d1f805277064,2003,AES-128,encrypt,cpu_software,software,transform,bytes,CTR,16777216,0,16777216:CTR:0,d4e002445ba3ed8765400f2720f545fb1bec7cde978c701a62a5cc58b7ea4063,0,720,True,,,,,,,,,,,173138600,0.1731386,96.9004947481382,62500000,0.3609824730013989,
41fe6b46-d014-4944-8798-d1f805277064,2003,AES-128,encrypt,cpu_aesni,aesni,transform,bytes,CTR,16777216,0,16777216:CTR:0,d4e002445ba3ed8765400f2720f545fb1bec7cde978c701a62a5cc58b7ea4063,1,721,True,,,,,,,,,,,21848400,0.0218484,767.892202632687,15625000,0.7151553431830249,
41fe6b46-d014-4944-8798-d1f805277064,2003,AES-128,encrypt,cuda_baseline,baseline,resident,pinned,CTR,16777216,0,16777216:CTR:0,d4e002445ba3ed8765400f2720f545fb1bec7cde978c701a62a5cc58b7ea4063,2,722,True,1,7921.5535142363115,,0.002117919921875,,,2117919.921875,,,,,,,,,2117919.921875
41fe6b46-d014-4944-8798-d1f805277064,2003,AES-128,encrypt,cuda_optimized_v1,optimized,pipeline,pinned,CTR,16777216,0,16777216:CTR:0,d4e002445ba3ed8765400f2720f545fb1bec7cde978c701a62a5cc58b7ea4063,3,723,True,,8059.521282883365,1982.8412045572732,0.0020816640853881835,0.0084612,2864300,2081664.0853881836,3186500,6050800,8461200,,,,,,
41fe6b46-d014-4944-8798-d1f805277064,2003,AES-128,encrypt,cuda_baseline,baseline,pipeline,pinned,CTR,16777216,0,16777216:CTR:0,d4e002445ba3ed8765400f2720f545fb1bec7cde978c701a62a5cc58b7ea4063,4,724,True,,7945.322758687875,2061.538915239242,0.002111583948135376,0.0081382,2855900,2111583.948135376,2808500,5664400,8138200,,,,,,
41fe6b46-d014-4944-8798-d1f805277064,2003,AES-128,encrypt,cuda_optimized_v1,optimized,resident,pinned,CTR,16777216,0,16777216:CTR:0,d4e002445ba3ed8765400f2720f545fb1bec7cde978c701a62a5cc58b7ea4063,5,725,True,1,8044.311857559754,,0.002085599899291992,,,2085599.8992919922,,,,,,,,,2085599.8992919922
41fe6b46-d014-4944-8798-d1f805277064,2003,AES-128,encrypt,cpu_aesni,aesni,transform,bytes,ECB,16777216,0,16777216:ECB:0,c270439ed23bea14eab6dd885093dbd94962a8ddf173b9c352ba442cd80a7d90,0,726,True,,,,,,,,,,,10294100,0.0102941,1629.789491067699,0,0.0,
41fe6b46-d014-4944-8798-d1f805277064,2003,AES-128,encrypt,cuda_optimized_v1,optimized,pipeline,pinned,ECB,16777216,0,16777216:ECB:0,c270439ed23bea14eab6dd885093dbd94962a8ddf173b9c352ba442cd80a7d90,1,727,True,,8389.81617398288,2257.0043317997147,0.0019997119903564452,0.0074334,2684800,1999711.9903564453,2649000,5333800,7433400,,,,,,
41fe6b46-d014-4944-8798-d1f805277064,2003,AES-128,encrypt,cuda_baseline,baseline,pipeline,pinned,ECB,16777216,0,16777216:ECB:0,c270439ed23bea14eab6dd885093dbd94962a8ddf173b9c352ba442cd80a7d90,2,728,True,,8415.673041938473,2253.033774256362,0.001993567943572998,0.0074465,2711900,1993567.943572998,2626900,5338800,7446500,,,,,,
41fe6b46-d014-4944-8798-d1f805277064,2003,AES-128,encrypt,cpu_software,software,transform,bytes,ECB,16777216,0,16777216:ECB:0,c270439ed23bea14eab6dd885093dbd94962a8ddf173b9c352ba442cd80a7d90,3,729,True,,,,,,,,,,,66358100,0.0663581,252.828456510961,62500000,0.941859396215383,
41fe6b46-d014-4944-8798-d1f805277064,2003,AES-128,encrypt,cuda_baseline,baseline,resident,pinned,ECB,16777216,0,16777216:ECB:0,c270439ed23bea14eab6dd885093dbd94962a8ddf173b9c352ba442cd80a7d90,4,730,True,1,7992.5609110187315,,0.002099103927612305,,,2099103.9276123047,,,,,,,,,2099103.9276123047
41fe6b46-d014-4944-8798-d1f805277064,2003,AES-128,encrypt,cuda_optimized_v1,optimized,resident,pinned,ECB,16777216,0,16777216:ECB:0,c270439ed23bea14eab6dd885093dbd94962a8ddf173b9c352ba442cd80a7d90,5,731,True,1,8158.092460610619,,0.0020565121173858644,,,2056512.1173858643,,,,,,,,,2056512.1173858643
41fe6b46-d014-4944-8798-d1f805277064,2003,AES-128,encrypt,cuda_optimized_v1,optimized,pipeline,pinned,CTR,16777216,1,16777216:CTR:1,421f5a59c99ebf167e805a78a163db8df95e6017a04ac3b82205cea3bc8d776c,0,732,True,,7876.567736127921,2213.9371865927687,0.0021300160884857177,0.007578,2697000,2130016.088485718,2645500,5342500,7578000,,,,,,
41fe6b46-d014-4944-8798-d1f805277064,2003,AES-128,encrypt,cpu_aesni,aesni,transform,bytes,CTR,16777216,1,16777216:CTR:1,421f5a59c99ebf167e805a78a163db8df95e6017a04ac3b82205cea3bc8d776c,1,733,True,,,,,,,,,,,12991100,0.0129911,1291.4392160787,15625000,1.2027464956778102,
41fe6b46-d014-4944-8798-d1f805277064,2003,AES-128,encrypt,cuda_baseline,baseline,resident,pinned,CTR,16777216,1,16777216:CTR:1,421f5a59c99ebf167e805a78a163db8df95e6017a04ac3b82205cea3bc8d776c,2,734,True,1,7627.67110673597,,0.0021995201110839844,,,2199520.1110839844,,,,,,,,,2199520.1110839844
41fe6b46-d014-4944-8798-d1f805277064,2003,AES-128,encrypt,cuda_optimized_v1,optimized,resident,pinned,CTR,16777216,1,16777216:CTR:1,421f5a59c99ebf167e805a78a163db8df95e6017a04ac3b82205cea3bc8d776c,3,735,True,1,7737.654435888755,,0.0021682560443878176,,,2168256.0443878174,,,,,,,,,2168256.0443878174
41fe6b46-d014-4944-8798-d1f805277064,2003,AES-128,encrypt,cuda_baseline,baseline,pipeline,pinned,CTR,16777216,1,16777216:CTR:1,421f5a59c99ebf167e805a78a163db8df95e6017a04ac3b82205cea3bc8d776c,4,736,True,,7794.249429035177,2118.014442256224,0.002152512073516846,0.0079212,2704300,2152512.0735168457,2943300,5647600,7921200,,,,,,
41fe6b46-d014-4944-8798-d1f805277064,2003,AES-128,encrypt,cpu_software,software,transform,bytes,CTR,16777216,1,16777216:CTR:1,421f5a59c99ebf167e805a78a163db8df95e6017a04ac3b82205cea3bc8d776c,5,737,True,,,,,,,,,,,69827500,0.0698275,240.26659983530843,78125000,1.118828541763632,
41fe6b46-d014-4944-8798-d1f805277064,2003,AES-128,encrypt,cuda_baseline,baseline,resident,pinned,ECB,16777216,1,16777216:ECB:1,f2bf3fdf33c02d08501dd34935108131f3ebd76516dd9674817364bd75de8f1e,0,738,True,1,8336.057281079999,,0.0020126080513000488,,,2012608.0513000488,,,,,,,,,2012608.0513000488
41fe6b46-d014-4944-8798-d1f805277064,2003,AES-128,encrypt,cuda_optimized_v1,optimized,pipeline,pinned,ECB,16777216,1,16777216:ECB:1,f2bf3fdf33c02d08501dd34935108131f3ebd76516dd9674817364bd75de8f1e,1,739,True,,7840.40717114955,2155.761773209123,0.0021398398876190184,0.0077825,2774600,2139839.8876190186,2763500,5538100,7782500,,,,,,
41fe6b46-d014-4944-8798-d1f805277064,2003,AES-128,encrypt,cuda_optimized_v1,optimized,resident,pinned,ECB,16777216,1,16777216:ECB:1,f2bf3fdf33c02d08501dd34935108131f3ebd76516dd9674817364bd75de8f1e,2,740,True,1,8255.983486525682,,0.002032128095626831,,,2032128.095626831,,,,,,,,,2032128.095626831
41fe6b46-d014-4944-8798-d1f805277064,2003,AES-128,encrypt,cpu_aesni,aesni,transform,bytes,ECB,16777216,1,16777216:ECB:1,f2bf3fdf33c02d08501dd34935108131f3ebd76516dd9674817364bd75de8f1e,3,741,True,,,,,,,,,,,10040300,0.0100403,1670.9875202932183,0,0.0,
41fe6b46-d014-4944-8798-d1f805277064,2003,AES-128,encrypt,cuda_baseline,baseline,pipeline,pinned,ECB,16777216,1,16777216:ECB:1,f2bf3fdf33c02d08501dd34935108131f3ebd76516dd9674817364bd75de8f1e,4,742,True,,8323.48551468423,2023.740802393187,0.0020156478881835937,0.0082902,3292300,2015647.8881835938,2773600,6065900,8290200,,,,,,
41fe6b46-d014-4944-8798-d1f805277064,2003,AES-128,encrypt,cpu_software,software,transform,bytes,ECB,16777216,1,16777216:ECB:1,f2bf3fdf33c02d08501dd34935108131f3ebd76516dd9674817364bd75de8f1e,5,743,True,,,,,,,,,,,71737100,0.0717371,233.87084228383918,78125000,1.089045974816378,
41fe6b46-d014-4944-8798-d1f805277064,2003,AES-128,encrypt,cpu_aesni,aesni,transform,bytes,CTR,16777216,2,16777216:CTR:2,39107ae48cef6e1ffbb01bddd737338fccc1f672779d34af17d20a299d0841e2,0,744,True,,,,,,,,,,,14079200,0.0140792,1191.6313426899255,15625000,1.1097931700664811,
41fe6b46-d014-4944-8798-d1f805277064,2003,AES-128,encrypt,cuda_baseline,baseline,resident,pinned,CTR,16777216,2,16777216:CTR:2,39107ae48cef6e1ffbb01bddd737338fccc1f672779d34af17d20a299d0841e2,1,745,True,1,8007.820216694549,,0.002095103979110718,,,2095103.9791107178,,,,,,,,,2095103.9791107178
41fe6b46-d014-4944-8798-d1f805277064,2003,AES-128,encrypt,cuda_optimized_v1,optimized,resident,pinned,CTR,16777216,2,16777216:CTR:2,39107ae48cef6e1ffbb01bddd737338fccc1f672779d34af17d20a299d0841e2,2,746,True,1,8036.1733813552655,,0.002087712049484253,,,2087712.049484253,,,,,,,,,2087712.049484253
41fe6b46-d014-4944-8798-d1f805277064,2003,AES-128,encrypt,cpu_software,software,transform,bytes,CTR,16777216,2,16777216:CTR:2,39107ae48cef6e1ffbb01bddd737338fccc1f672779d34af17d20a299d0841e2,3,747,True,,,,,,,,,,,66183200,0.0661832,253.49659732379214,78125000,1.1804355183792865,
41fe6b46-d014-4944-8798-d1f805277064,2003,AES-128,encrypt,cuda_optimized_v1,optimized,pipeline,pinned,CTR,16777216,2,16777216:CTR:2,39107ae48cef6e1ffbb01bddd737338fccc1f672779d34af17d20a299d0841e2,4,748,True,,7983.918892926442,2208.8653658793482,0.0021013760566711425,0.0075954,2722500,2101376.0566711426,2645300,5367800,7595400,,,,,,
41fe6b46-d014-4944-8798-d1f805277064,2003,AES-128,encrypt,cuda_baseline,baseline,pipeline,pinned,CTR,16777216,2,16777216:CTR:2,39107ae48cef6e1ffbb01bddd737338fccc1f672779d34af17d20a299d0841e2,5,749,True,,7919.04048119456,2210.08746970176,0.0021185920238494874,0.0075912,2702600,2118592.0238494873,2644400,5347000,7591200,,,,,,
41fe6b46-d014-4944-8798-d1f805277064,2003,AES-128,encrypt,cuda_optimized_v1,optimized,pipeline,pinned,ECB,16777216,2,16777216:ECB:2,332583085cbebe86b282f39066be5a562ac357cc95c1bdfe9130557b10a6b017,0,750,True,,4101.960825759445,1142.348535399616,0.004090047836303711,0.0146866,5280700,4090047.836303711,5214100,10494800,14686600,,,,,,
41fe6b46-d014-4944-8798-d1f805277064,2003,AES-128,encrypt,cpu_software,software,transform,bytes,ECB,16777216,2,16777216:ECB:2,332583085cbebe86b282f39066be5a562ac357cc95c1bdfe9130557b10a6b017,1,751,True,,,,,,,,,,,59772900,0.0597729,280.68265049880466,62500000,1.045624354849773,
41fe6b46-d014-4944-8798-d1f805277064,2003,AES-128,encrypt,cuda_baseline,baseline,pipeline,pinned,ECB,16777216,2,16777216:ECB:2,332583085cbebe86b282f39066be5a562ac357cc95c1bdfe9130557b10a6b017,2,752,True,,4059.4334377561854,1151.5299770067606,0.004132895946502685,0.0145695,5204300,4132895.9465026855,5119800,10324100,14569500,,,,,,
41fe6b46-d014-4944-8798-d1f805277064,2003,AES-128,encrypt,cpu_aesni,aesni,transform,bytes,ECB,16777216,2,16777216:ECB:2,332583085cbebe86b282f39066be5a562ac357cc95c1bdfe9130557b10a6b017,3,753,True,,,,,,,,,,,9672600,0.0096726,1734.5094390339723,15625000,1.6153877964559684,
41fe6b46-d014-4944-8798-d1f805277064,2003,AES-128,encrypt,cuda_baseline,baseline,resident,pinned,ECB,16777216,2,16777216:ECB:2,332583085cbebe86b282f39066be5a562ac357cc95c1bdfe9130557b10a6b017,4,754,True,1,4010.4948480244384,,0.004183328151702881,,,4183328.151702881,,,,,,,,,4183328.151702881
41fe6b46-d014-4944-8798-d1f805277064,2003,AES-128,encrypt,cuda_optimized_v1,optimized,resident,pinned,ECB,16777216,2,16777216:ECB:2,332583085cbebe86b282f39066be5a562ac357cc95c1bdfe9130557b10a6b017,5,755,True,1,4013.9954540512813,,0.004179679870605469,,,4179679.8706054688,,,,,,,,,4179679.8706054688
41fe6b46-d014-4944-8798-d1f805277064,2003,AES-128,encrypt,cuda_optimized_v1,optimized,resident,pinned,CTR,16777216,3,16777216:CTR:3,033bd2c2ca198b4b5d6b57e5e07ec88d0ec1b1f83e3c7e010c6bc84e3b6236ec,0,756,True,1,3370.04502721342,,0.004978335857391357,,,4978335.857391357,,,,,,,,,4978335.857391357
41fe6b46-d014-4944-8798-d1f805277064,2003,AES-128,encrypt,cuda_baseline,baseline,resident,pinned,CTR,16777216,3,16777216:CTR:3,033bd2c2ca198b4b5d6b57e5e07ec88d0ec1b1f83e3c7e010c6bc84e3b6236ec,1,757,True,1,3243.392946287864,,0.0051727361679077145,,,5172736.167907715,,,,,,,,,5172736.167907715
41fe6b46-d014-4944-8798-d1f805277064,2003,AES-128,encrypt,cuda_optimized_v1,optimized,pipeline,pinned,CTR,16777216,3,16777216:CTR:3,033bd2c2ca198b4b5d6b57e5e07ec88d0ec1b1f83e3c7e010c6bc84e3b6236ec,2,758,True,,3383.027149297282,645.0145709825994,0.004959231853485108,0.0260106,10641200,4959231.853485107,10266700,20907900,26010600,,,,,,
41fe6b46-d014-4944-8798-d1f805277064,2003,AES-128,encrypt,cpu_software,software,transform,bytes,CTR,16777216,3,16777216:CTR:3,033bd2c2ca198b4b5d6b57e5e07ec88d0ec1b1f83e3c7e010c6bc84e3b6236ec,3,759,True,,,,,,,,,,,65538100,0.0655381,255.99179713784807,62500000,0.9536437583634557,
41fe6b46-d014-4944-8798-d1f805277064,2003,AES-128,encrypt,cuda_baseline,baseline,pipeline,pinned,CTR,16777216,3,16777216:CTR:3,033bd2c2ca198b4b5d6b57e5e07ec88d0ec1b1f83e3c7e010c6bc84e3b6236ec,4,760,True,,3416.4918259891447,658.3612012572939,0.004910655975341797,0.0254833,10339100,4910655.975341797,10119200,20458300,25483300,,,,,,
41fe6b46-d014-4944-8798-d1f805277064,2003,AES-128,encrypt,cpu_aesni,aesni,transform,bytes,CTR,16777216,3,16777216:CTR:3,033bd2c2ca198b4b5d6b57e5e07ec88d0ec1b1f83e3c7e010c6bc84e3b6236ec,5,761,True,,,,,,,,,,,11564500,0.0115645,1450.751524060703,15625000,1.3511176445155433,
41fe6b46-d014-4944-8798-d1f805277064,2003,AES-128,encrypt,cuda_optimized_v1,optimized,resident,pinned,ECB,16777216,3,16777216:ECB:3,a3edf69445b75648700717ad6fdfcde3ece4f7a96ef9c517f0d61c83f9d59e07,0,762,True,1,3210.9159116368646,,0.005225056171417236,,,5225056.171417236,,,,,,,,,5225056.171417236
41fe6b46-d014-4944-8798-d1f805277064,2003,AES-128,encrypt,cuda_baseline,baseline,pipeline,pinned,ECB,16777216,3,16777216:ECB:3,a3edf69445b75648700717ad6fdfcde3ece4f7a96ef9c517f0d61c83f9d59e07,1,763,True,,3176.9637967595386,646.4735144632956,0.0052808961868286135,0.0259519,10365800,5280896.186828613,10177200,20543000,25951900,,,,,,
41fe6b46-d014-4944-8798-d1f805277064,2003,AES-128,encrypt,cpu_aesni,aesni,transform,bytes,ECB,16777216,3,16777216:ECB:3,a3edf69445b75648700717ad6fdfcde3ece4f7a96ef9c517f0d61c83f9d59e07,2,764,True,,,,,,,,,,,9235900,0.0092359,1816.5220498273043,15625000,1.6917679922909516,
41fe6b46-d014-4944-8798-d1f805277064,2003,AES-128,encrypt,cuda_baseline,baseline,resident,pinned,ECB,16777216,3,16777216:ECB:3,a3edf69445b75648700717ad6fdfcde3ece4f7a96ef9c517f0d61c83f9d59e07,3,765,True,1,3156.954264829448,,0.005314367771148682,,,5314367.771148682,,,,,,,,,5314367.771148682
41fe6b46-d014-4944-8798-d1f805277064,2003,AES-128,encrypt,cpu_software,software,transform,bytes,ECB,16777216,3,16777216:ECB:3,a3edf69445b75648700717ad6fdfcde3ece4f7a96ef9c517f0d61c83f9d59e07,4,766,True,,,,,,,,,,,58948800,0.0589488,284.6065738403496,62500000,1.0602421084059388,
41fe6b46-d014-4944-8798-d1f805277064,2003,AES-128,encrypt,cuda_optimized_v1,optimized,pipeline,pinned,ECB,16777216,3,16777216:ECB:3,a3edf69445b75648700717ad6fdfcde3ece4f7a96ef9c517f0d61c83f9d59e07,5,767,True,,3168.0756088069484,644.2467436716638,0.005295711994171143,0.0260416,10455900,5295711.994171143,10172400,20628300,26041600,,,,,,
41fe6b46-d014-4944-8798-d1f805277064,2003,AES-128,encrypt,cpu_software,software,transform,bytes,ECB,16777216,4,16777216:ECB:4,b2bdb490fd37b05bf937a8ca0fe8778d3cb71cfd146f9defa48d09cf545b85e8,0,768,True,,,,,,,,,,,61979400,0.0619794,270.6901970654766,62500000,1.0083995650167636,
41fe6b46-d014-4944-8798-d1f805277064,2003,AES-128,encrypt,cuda_baseline,baseline,pipeline,pinned,ECB,16777216,4,16777216:ECB:4,b2bdb490fd37b05bf937a8ca0fe8778d3cb71cfd146f9defa48d09cf545b85e8,1,769,True,,3092.451137022948,640.068366677349,0.00542521619796753,0.0262116,10379500,5425216.197967529,10296200,20675700,26211600,,,,,,
41fe6b46-d014-4944-8798-d1f805277064,2003,AES-128,encrypt,cuda_optimized_v1,optimized,resident,pinned,ECB,16777216,4,16777216:ECB:4,b2bdb490fd37b05bf937a8ca0fe8778d3cb71cfd146f9defa48d09cf545b85e8,2,770,True,1,3084.9180010770447,,0.005438464164733887,,,5438464.164733887,,,,,,,,,5438464.164733887
41fe6b46-d014-4944-8798-d1f805277064,2003,AES-128,encrypt,cpu_aesni,aesni,transform,bytes,ECB,16777216,4,16777216:ECB:4,b2bdb490fd37b05bf937a8ca0fe8778d3cb71cfd146f9defa48d09cf545b85e8,3,771,True,,,,,,,,,,,8972700,0.0089727,1869.8068585821436,15625000,1.7413933375684019,
41fe6b46-d014-4944-8798-d1f805277064,2003,AES-128,encrypt,cuda_optimized_v1,optimized,pipeline,pinned,ECB,16777216,4,16777216:ECB:4,b2bdb490fd37b05bf937a8ca0fe8778d3cb71cfd146f9defa48d09cf545b85e8,4,772,True,,3073.7229769048645,629.8581270061758,0.005458271980285644,0.0266365,10770700,5458271.9802856445,10251300,21022000,26636500,,,,,,
41fe6b46-d014-4944-8798-d1f805277064,2003,AES-128,encrypt,cuda_baseline,baseline,resident,pinned,ECB,16777216,4,16777216:ECB:4,b2bdb490fd37b05bf937a8ca0fe8778d3cb71cfd146f9defa48d09cf545b85e8,5,773,True,1,3084.9361234389276,,0.005438432216644287,,,5438432.216644287,,,,,,,,,5438432.216644287
41fe6b46-d014-4944-8798-d1f805277064,2003,AES-128,encrypt,cuda_baseline,baseline,pipeline,pinned,CTR,16777216,4,16777216:CTR:4,918d5acfc8006ce2e006f860837b77e2885c369938a3f37cd429e010b2ecc46e,0,774,True,,3106.2845083231105,638.7500047590584,0.005401055812835693,0.0262657,10385300,5401055.812835693,10347600,20732900,26265700,,,,,,
41fe6b46-d014-4944-8798-d1f805277064,2003,AES-128,encrypt,cpu_software,software,transform,bytes,CTR,16777216,4,16777216:CTR:4,918d5acfc8006ce2e006f860837b77e2885c369938a3f37cd429e010b2ecc46e,1,775,True,,,,,,,,,,,63678800,0.0636788,263.4662713493345,62500000,0.9814883446296099,
41fe6b46-d014-4944-8798-d1f805277064,2003,AES-128,encrypt,cpu_aesni,aesni,transform,bytes,CTR,16777216,4,16777216:CTR:4,918d5acfc8006ce2e006f860837b77e2885c369938a3f37cd429e010b2ecc46e,2,776,True,,,,,,,,,,,12041400,0.0120414,1393.2944674207317,15625000,1.2976065905957779,
41fe6b46-d014-4944-8798-d1f805277064,2003,AES-128,encrypt,cuda_optimized_v1,optimized,resident,pinned,CTR,16777216,4,16777216:CTR:4,918d5acfc8006ce2e006f860837b77e2885c369938a3f37cd429e010b2ecc46e,3,777,True,1,3171.5253049898984,,0.005289951801300049,,,5289951.801300049,,,,,,,,,5289951.801300049
41fe6b46-d014-4944-8798-d1f805277064,2003,AES-128,encrypt,cuda_baseline,baseline,resident,pinned,CTR,16777216,4,16777216:CTR:4,918d5acfc8006ce2e006f860837b77e2885c369938a3f37cd429e010b2ecc46e,4,778,True,1,3174.194254847826,,0.00528550386428833,,,5285503.86428833,,,,,,,,,5285503.86428833
41fe6b46-d014-4944-8798-d1f805277064,2003,AES-128,encrypt,cuda_optimized_v1,optimized,pipeline,pinned,CTR,16777216,4,16777216:CTR:4,918d5acfc8006ce2e006f860837b77e2885c369938a3f37cd429e010b2ecc46e,5,779,True,,3124.388405824138,623.8877856861301,0.005369760036468506,0.0268914,10394600,5369760.036468506,10979300,21373900,26891400,,,,,,
41fe6b46-d014-4944-8798-d1f805277064,2003,AES-128,encrypt,cpu_aesni,aesni,transform,bytes,CTR,16777216,5,16777216:CTR:5,43749d60e663f25911d25f15a09689e3b91073399f2c4eb74543b021a61bc00c,0,780,True,,,,,,,,,,,11411000,0.011411,1470.2669354131979,0,0.0,
41fe6b46-d014-4944-8798-d1f805277064,2003,AES-128,encrypt,cuda_optimized_v1,optimized,pipeline,pinned,CTR,16777216,5,16777216:CTR:5,43749d60e663f25911d25f15a09689e3b91073399f2c4eb74543b021a61bc00c,1,781,True,,3137.833113780564,646.2394410141248,0.0053467521667480465,0.0259613,10333700,5346752.166748047,10162900,20496600,25961300,,,,,,
41fe6b46-d014-4944-8798-d1f805277064,2003,AES-128,encrypt,cuda_baseline,baseline,pipeline,pinned,CTR,16777216,5,16777216:CTR:5,43749d60e663f25911d25f15a09689e3b91073399f2c4eb74543b021a61bc00c,2,782,True,,3122.3416328520398,644.7022656706324,0.005373280048370361,0.0260232,10364200,5373280.048370361,10174200,20538400,26023200,,,,,,
41fe6b46-d014-4944-8798-d1f805277064,2003,AES-128,encrypt,cpu_software,software,transform,bytes,CTR,16777216,5,16777216:CTR:5,43749d60e663f25911d25f15a09689e3b91073399f2c4eb74543b021a61bc00c,3,783,True,,,,,,,,,,,63476900,0.0634769,264.3042744683499,62500000,0.9846101495189589,
41fe6b46-d014-4944-8798-d1f805277064,2003,AES-128,encrypt,cuda_baseline,baseline,resident,pinned,CTR,16777216,5,16777216:CTR:5,43749d60e663f25911d25f15a09689e3b91073399f2c4eb74543b021a61bc00c,4,784,True,1,3135.056202027215,,0.00535148811340332,,,5351488.11340332,,,,,,,,,5351488.11340332
41fe6b46-d014-4944-8798-d1f805277064,2003,AES-128,encrypt,cuda_optimized_v1,optimized,resident,pinned,CTR,16777216,5,16777216:CTR:5,43749d60e663f25911d25f15a09689e3b91073399f2c4eb74543b021a61bc00c,5,785,True,1,3178.523950502132,,0.0052783041000366215,,,5278304.100036621,,,,,,,,,5278304.100036621
41fe6b46-d014-4944-8798-d1f805277064,2003,AES-128,encrypt,cpu_software,software,transform,bytes,ECB,16777216,5,16777216:ECB:5,ee8a6bb77734aca8e9e774bf09cfdfb66d15ee9559c98c61772290a9849c8b06,0,786,True,,,,,,,,,,,62333500,0.0623335,269.15247820192997,62500000,1.0026711158526314,
41fe6b46-d014-4944-8798-d1f805277064,2003,AES-128,encrypt,cpu_aesni,aesni,transform,bytes,ECB,16777216,5,16777216:ECB:5,ee8a6bb77734aca8e9e774bf09cfdfb66d15ee9559c98c61772290a9849c8b06,1,787,True,,,,,,,,,,,8920900,0.0089209,1880.664058559114,15625000,1.751504893004069,
41fe6b46-d014-4944-8798-d1f805277064,2003,AES-128,encrypt,cuda_baseline,baseline,resident,pinned,ECB,16777216,5,16777216:ECB:5,ee8a6bb77734aca8e9e774bf09cfdfb66d15ee9559c98c61772290a9849c8b06,2,788,True,1,3159.0083929425855,,0.005310912132263184,,,5310912.132263184,,,,,,,,,5310912.132263184
41fe6b46-d014-4944-8798-d1f805277064,2003,AES-128,encrypt,cuda_optimized_v1,optimized,pipeline,pinned,ECB,16777216,5,16777216:ECB:5,ee8a6bb77734aca8e9e774bf09cfdfb66d15ee9559c98c61772290a9849c8b06,3,789,True,,3145.3254890098033,641.8927884118743,0.0053340158462524415,0.0261371,10426900,5334015.846252441,10233400,20660300,26137100,,,,,,
41fe6b46-d014-4944-8798-d1f805277064,2003,AES-128,encrypt,cuda_optimized_v1,optimized,resident,pinned,ECB,16777216,5,16777216:ECB:5,ee8a6bb77734aca8e9e774bf09cfdfb66d15ee9559c98c61772290a9849c8b06,4,790,True,1,3156.916025058384,,0.005314432144165039,,,5314432.144165039,,,,,,,,,5314432.144165039
41fe6b46-d014-4944-8798-d1f805277064,2003,AES-128,encrypt,cuda_baseline,baseline,pipeline,pinned,ECB,16777216,5,16777216:ECB:5,ee8a6bb77734aca8e9e774bf09cfdfb66d15ee9559c98c61772290a9849c8b06,5,791,True,,3133.0141245789146,641.9664729223505,0.005354976177215576,0.0261341,10371500,5354976.177215576,10262000,20633500,26134100,,,,,,
41fe6b46-d014-4944-8798-d1f805277064,2003,AES-128,encrypt,cuda_optimized_v1,optimized,pipeline,pinned,ECB,16777216,6,16777216:ECB:6,157a64c13a7baa8dfdd053094f745de5555b8ad83e71c80161cbbe64492b7637,0,792,True,,3851.405461204539,1101.517694176351,0.004356128215789795,0.015231,5430700,4356128.215789795,5256100,10686800,15231000,,,,,,
41fe6b46-d014-4944-8798-d1f805277064,2003,AES-128,encrypt,cuda_baseline,baseline,pipeline,pinned,ECB,16777216,6,16777216:ECB:6,157a64c13a7baa8dfdd053094f745de5555b8ad83e71c80161cbbe64492b7637,1,793,True,,3885.6583449585264,1127.0769065405493,0.004317728042602539,0.0148856,5362700,4317728.042602539,5103300,10466000,14885600,,,,,,
41fe6b46-d014-4944-8798-d1f805277064,2003,AES-128,encrypt,cuda_baseline,baseline,resident,pinned,ECB,16777216,6,16777216:ECB:6,157a64c13a7baa8dfdd053094f745de5555b8ad83e71c80161cbbe64492b7637,2,794,True,1,3898.486636526253,,0.004303520202636719,,,4303520.202636719,,,,,,,,,4303520.202636719
41fe6b46-d014-4944-8798-d1f805277064,2003,AES-128,encrypt,cpu_aesni,aesni,transform,bytes,ECB,16777216,6,16777216:ECB:6,157a64c13a7baa8dfdd053094f745de5555b8ad83e71c80161cbbe64492b7637,3,795,True,,,,,,,,,,,8846100,0.0088461,1896.5663964911091,15625000,1.7663150993093002,
41fe6b46-d014-4944-8798-d1f805277064,2003,AES-128,encrypt,cuda_optimized_v1,optimized,resident,pinned,ECB,16777216,6,16777216:ECB:6,157a64c13a7baa8dfdd053094f745de5555b8ad83e71c80161cbbe64492b7637,4,796,True,1,3853.500630067852,,0.004353759765625,,,4353759.765625,,,,,,,,,4353759.765625
41fe6b46-d014-4944-8798-d1f805277064,2003,AES-128,encrypt,cpu_software,software,transform,bytes,ECB,16777216,6,16777216:ECB:6,157a64c13a7baa8dfdd053094f745de5555b8ad83e71c80161cbbe64492b7637,5,797,True,,,,,,,,,,,60061200,0.0600612,279.3353446151592,46875000,0.780453936984276,
41fe6b46-d014-4944-8798-d1f805277064,2003,AES-128,encrypt,cpu_aesni,aesni,transform,bytes,CTR,16777216,6,16777216:CTR:6,b4b5175ef74a453cadd5ed1787e70127bfc5661951a2d40448263827a69b38f9,0,798,True,,,,,,,,,,,12445400,0.0124454,1348.0656306747874,15625000,1.255483953910682,
41fe6b46-d014-4944-8798-d1f805277064,2003,AES-128,encrypt,cpu_software,software,transform,bytes,CTR,16777216,6,16777216:CTR:6,b4b5175ef74a453cadd5ed1787e70127bfc5661951a2d40448263827a69b38f9,1,799,True,,,,,,,,,,,62323900,0.0623239,269.19393683643034,62500000,1.0028255613015231,
41fe6b46-d014-4944-8798-d1f805277064,2003,AES-128,encrypt,cuda_baseline,baseline,pipeline,pinned,CTR,16777216,6,16777216:CTR:6,b4b5175ef74a453cadd5ed1787e70127bfc5661951a2d40448263827a69b38f9,2,800,True,,3650.522229450285,1100.737183272317,0.004595839977264404,0.0152418,5305000,4595839.977264404,5238200,10543200,15241800,,,,,,
41fe6b46-d014-4944-8798-d1f805277064,2003,AES-128,encrypt,cuda_optimized_v1,optimized,pipeline,pinned,CTR,16777216,6,16777216:CTR:6,b4b5175ef74a453cadd5ed1787e70127bfc5661951a2d40448263827a69b38f9,3,801,True,,3661.970714414163,1116.4416998283136,0.004581471920013428,0.0150274,5191100,4581471.920013428,5148100,10339200,15027400,,,,,,
41fe6b46-d014-4944-8798-d1f805277064,2003,AES-128,encrypt,cuda_optimized_v1,optimized,resident,pinned,CTR,16777216,6,16777216:CTR:6,b4b5175ef74a453cadd5ed1787e70127bfc5661951a2d40448263827a69b38f9,4,802,True,1,3709.8823485879684,,0.0045223040580749515,,,4522304.058074951,,,,,,,,,4522304.058074951
41fe6b46-d014-4944-8798-d1f805277064,2003,AES-128,encrypt,cuda_baseline,baseline,resident,pinned,CTR,16777216,6,16777216:CTR:6,b4b5175ef74a453cadd5ed1787e70127bfc5661951a2d40448263827a69b38f9,5,803,True,1,3779.0065099564126,,0.004439583778381348,,,4439583.778381348,,,,,,,,,4439583.778381348
41fe6b46-d014-4944-8798-d1f805277064,2003,AES-128,encrypt,cuda_optimized_v1,optimized,pipeline,pinned,CTR,16777216,7,16777216:CTR:7,5fa6e2df15fde912d34bd130ad1268c0ce0cc1c8237bf176eda9b8b8a2eaa5d1,0,804,True,,3648.3884265715674,1088.5319249709655,0.004598527908325195,0.0154127,5511400,4598527.908325195,5208600,10720000,15412700,,,,,,
41fe6b46-d014-4944-8798-d1f805277064,2003,AES-128,encrypt,cuda_baseline,baseline,resident,pinned,CTR,16777216,7,16777216:CTR:7,5fa6e2df15fde912d34bd130ad1268c0ce0cc1c8237bf176eda9b8b8a2eaa5d1,1,805,True,1,3756.0481983544832,,0.004466720104217529,,,4466720.104217529,,,,,,,,,4466720.104217529
41fe6b46-d014-4944-8798-d1f805277064,2003,AES-128,encrypt,cuda_baseline,baseline,pipeline,pinned,CTR,16777216,7,16777216:CTR:7,5fa6e2df15fde912d34bd130ad1268c0ce0cc1c8237bf176eda9b8b8a2eaa5d1,2,806,True,,3729.0391709071887,1099.1938780858536,0.004499072074890136,0.0152632,5424100,4499072.074890137,5203200,10627300,15263200,,,,,,
41fe6b46-d014-4944-8798-d1f805277064,2003,AES-128,encrypt,cpu_aesni,aesni,transform,bytes,CTR,16777216,7,16777216:CTR:7,5fa6e2df15fde912d34bd130ad1268c0ce0cc1c8237bf176eda9b8b8a2eaa5d1,3,807,True,,,,,,,,,,,11211300,0.0112113,1496.4558971751715,0,0.0,
41fe6b46-d014-4944-8798-d1f805277064,2003,AES-128,encrypt,cuda_optimized_v1,optimized,resident,pinned,CTR,16777216,7,16777216:CTR:7,5fa6e2df15fde912d34bd130ad1268c0ce0cc1c8237bf176eda9b8b8a2eaa5d1,4,808,True,1,3723.4511752846056,,0.004505824089050293,,,4505824.089050293,,,,,,,,,4505824.089050293
41fe6b46-d014-4944-8798-d1f805277064,2003,AES-128,encrypt,cpu_software,software,transform,bytes,CTR,16777216,7,16777216:CTR:7,5fa6e2df15fde912d34bd130ad1268c0ce0cc1c8237bf176eda9b8b8a2eaa5d1,5,809,True,,,,,,,,,,,63885600,0.0638856,262.613421490915,62500000,0.9783112313259952,
41fe6b46-d014-4944-8798-d1f805277064,2003,AES-128,encrypt,cuda_baseline,baseline,resident,pinned,ECB,16777216,7,16777216:ECB:7,0b462fcf287673a7384277353e5837ddf63f4fb43fbab6b12b84f98899e1489f,0,810,True,1,3769.0633369089637,,0.004451295852661133,,,4451295.852661133,,,,,,,,,4451295.852661133
41fe6b46-d014-4944-8798-d1f805277064,2003,AES-128,encrypt,cuda_optimized_v1,optimized,pipeline,pinned,ECB,16777216,7,16777216:ECB:7,0b462fcf287673a7384277353e5837ddf63f4fb43fbab6b12b84f98899e1489f,1,811,True,,3819.169707222012,1104.519934692158,0.0043928961753845214,0.0151896,5453100,4392896.1753845215,5204800,10657900,15189600,,,,,,
41fe6b46-d014-4944-8798-d1f805277064,2003,AES-128,encrypt,cuda_baseline,baseline,pipeline,pinned,ECB,16777216,7,16777216:ECB:7,0b462fcf287673a7384277353e5837ddf63f4fb43fbab6b12b84f98899e1489f,2,812,True,,3815.6400861407647,1119.7650639399844,0.004396959781646729,0.0149828,5204900,4396959.7816467285,5190700,10395600,14982800,,,,,,
41fe6b46-d014-4944-8798-d1f805277064,2003,AES-128,encrypt,cpu_aesni,aesni,transform,bytes,ECB,16777216,7,16777216:ECB:7,0b462fcf287673a7384277353e5837ddf63f4fb43fbab6b12b84f98899e1489f,3,813,True,,,,,,,,,,,8809100,0.0088091,1904.5323585837373,15625000,1.773733979634696,
41fe6b46-d014-4944-8798-d1f805277064,2003,AES-128,encrypt,cpu_software,software,transform,bytes,ECB,16777216,7,16777216:ECB:7,0b462fcf287673a7384277353e5837ddf63f4fb43fbab6b12b84f98899e1489f,4,814,True,,,,,,,,,,,59200400,0.0592004,283.3970040742968,46875000,0.791802082418362,
41fe6b46-d014-4944-8798-d1f805277064,2003,AES-128,encrypt,cuda_optimized_v1,optimized,resident,pinned,ECB,16777216,7,16777216:ECB:7,0b462fcf287673a7384277353e5837ddf63f4fb43fbab6b12b84f98899e1489f,5,815,True,1,3761.8427284139507,,0.004459839820861816,,,4459839.820861816,,,,,,,,,4459839.820861816
41fe6b46-d014-4944-8798-d1f805277064,2003,AES-128,encrypt,cpu_software,software,transform,bytes,ECB,16777216,8,16777216:ECB:8,95725d195cd449c584ac985c4365265228b7cd7f5e464087465a0503c7932f8d,0,816,True,,,,,,,,,,,59011100,0.0590111,284.30610512259557,62500000,1.0591227752066985,
41fe6b46-d014-4944-8798-d1f805277064,2003,AES-128,encrypt,cuda_baseline,baseline,pipeline,pinned,ECB,16777216,8,16777216:ECB:8,95725d195cd449c584ac985c4365265228b7cd7f5e464087465a0503c7932f8d,1,817,True,,3790.34438603534,1118.3394103413568,0.0044263038635253904,0.0150019,5252900,4426303.863525391,5202000,10454900,15001900,,,,,,
41fe6b46-d014-4944-8798-d1f805277064,2003,AES-128,encrypt,cuda_baseline,baseline,resident,pinned,ECB,16777216,8,16777216:ECB:8,95725d195cd449c584ac985c4365265228b7cd7f5e464087465a0503c7932f8d,2,818,True,1,3838.013636108799,,0.004371327877044678,,,4371327.877044678,,,,,,,,,4371327.877044678
41fe6b46-d014-4944-8798-d1f805277064,2003,AES-128,encrypt,cuda_optimized_v1,optimized,pipeline,pinned,ECB,16777216,8,16777216:ECB:8,95725d195cd449c584ac985c4365265228b7cd7f5e464087465a0503c7932f8d,3,819,True,,3856.8736271002576,1110.8532079719262,0.004349952220916748,0.015103,5409800,4349952.220916748,5224900,10634700,15103000,,,,,,
41fe6b46-d014-4944-8798-d1f805277064,2003,AES-128,encrypt,cuda_optimized_v1,optimized,resident,pinned,ECB,16777216,8,16777216:ECB:8,95725d195cd449c584ac985c4365265228b7cd7f5e464087465a0503c7932f8d,4,820,True,1,3857.4698480843485,,0.004349279880523682,,,4349279.880523682,,,,,,,,,4349279.880523682
41fe6b46-d014-4944-8798-d1f805277064,2003,AES-128,encrypt,cpu_aesni,aesni,transform,bytes,ECB,16777216,8,16777216:ECB:8,95725d195cd449c584ac985c4365265228b7cd7f5e464087465a0503c7932f8d,5,821,True,,,,,,,,,,,8827400,0.0088274,1900.584090445658,15625000,1.7700568683870674,
41fe6b46-d014-4944-8798-d1f805277064,2003,AES-128,encrypt,cuda_optimized_v1,optimized,resident,pinned,CTR,16777216,8,16777216:CTR:8,3cd7eb27ca9f23273139ccff642a80a8db821d7ed6b0773d56c7542b0b6456ab,0,822,True,1,3771.9916169736543,,0.004447840213775635,,,4447840.213775635,,,,,,,,,4447840.213775635
41fe6b46-d014-4944-8798-d1f805277064,2003,AES-128,encrypt,cpu_software,software,transform,bytes,CTR,16777216,8,16777216:CTR:8,3cd7eb27ca9f23273139ccff642a80a8db821d7ed6b0773d56c7542b0b6456ab,1,823,True,,,,,,,,,,,63441600,0.0634416,264.4513379233815,62500000,0.9851580035812464,
41fe6b46-d014-4944-8798-d1f805277064,2003,AES-128,encrypt,cuda_baseline,baseline,resident,pinned,CTR,16777216,8,16777216:CTR:8,3cd7eb27ca9f23273139ccff642a80a8db821d7ed6b0773d56c7542b0b6456ab,2,824,True,1,3697.6112478362256,,0.004537312030792237,,,4537312.030792236,,,,,,,,,4537312.030792236
41fe6b46-d014-4944-8798-d1f805277064,2003,AES-128,encrypt,cuda_baseline,baseline,pipeline,pinned,CTR,16777216,8,16777216:CTR:8,3cd7eb27ca9f23273139ccff642a80a8db821d7ed6b0773d56c7542b0b6456ab,3,825,True,,3408.717412799994,815.5324930366857,0.0049218559265136715,0.0205721,5355700,4921855.926513672,10180900,15536600,20572100,,,,,,
41fe6b46-d014-4944-8798-d1f805277064,2003,AES-128,encrypt,cuda_optimized_v1,optimized,pipeline,pinned,CTR,16777216,8,16777216:CTR:8,3cd7eb27ca9f23273139ccff642a80a8db821d7ed6b0773d56c7542b0b6456ab,4,826,True,,2827.1123903360126,631.8649889461772,0.0059344000816345215,0.0265519,10340600,5934400.0816345215,10158600,20499200,26551900,,,,,,
41fe6b46-d014-4944-8798-d1f805277064,2003,AES-128,encrypt,cpu_aesni,aesni,transform,bytes,CTR,16777216,8,16777216:CTR:8,3cd7eb27ca9f23273139ccff642a80a8db821d7ed6b0773d56c7542b0b6456ab,5,827,True,,,,,,,,,,,11552500,0.0115525,1452.2584721921662,0,0.0,
41fe6b46-d014-4944-8798-d1f805277064,2003,AES-128,encrypt,cuda_optimized_v1,optimized,pipeline,pinned,ECB,16777216,9,16777216:ECB:9,947d990cf13763d014fcc743f5d8c2598c206c4a72a4452aa5bedceda1b7bd0a,0,828,True,,2782.254371529197,607.7182153736928,0.00603007984161377,0.0276069,10791400,6030079.8416137695,10619300,21410700,27606900,,,,,,
41fe6b46-d014-4944-8798-d1f805277064,2003,AES-128,encrypt,cuda_baseline,baseline,resident,pinned,ECB,16777216,9,16777216:ECB:9,947d990cf13763d014fcc743f5d8c2598c206c4a72a4452aa5bedceda1b7bd0a,1,829,True,1,2770.8292419590966,,0.006054944038391114,,,6054944.038391113,,,,,,,,,6054944.038391113
41fe6b46-d014-4944-8798-d1f805277064,2003,AES-128,encrypt,cuda_optimized_v1,optimized,resident,pinned,ECB,16777216,9,16777216:ECB:9,947d990cf13763d014fcc743f5d8c2598c206c4a72a4452aa5bedceda1b7bd0a,2,830,True,1,2770.668214165726,,0.006055295944213867,,,6055295.944213867,,,,,,,,,6055295.944213867
41fe6b46-d014-4944-8798-d1f805277064,2003,AES-128,encrypt,cpu_aesni,aesni,transform,bytes,ECB,16777216,9,16777216:ECB:9,947d990cf13763d014fcc743f5d8c2598c206c4a72a4452aa5bedceda1b7bd0a,3,831,True,,,,,,,,,,,8725400,0.0087254,1922.8019345817956,0,0.0,
41fe6b46-d014-4944-8798-d1f805277064,2003,AES-128,encrypt,cpu_software,software,transform,bytes,ECB,16777216,9,16777216:ECB:9,947d990cf13763d014fcc743f5d8c2598c206c4a72a4452aa5bedceda1b7bd0a,4,832,True,,,,,,,,,,,59849900,0.0598499,280.3215377135133,78125000,1.305348881117596,
41fe6b46-d014-4944-8798-d1f805277064,2003,AES-128,encrypt,cuda_baseline,baseline,pipeline,pinned,ECB,16777216,9,16777216:ECB:9,947d990cf13763d014fcc743f5d8c2598c206c4a72a4452aa5bedceda1b7bd0a,5,833,True,,2975.2914978403064,633.7793190463779,0.005638847827911377,0.0264717,10365900,5638847.827911377,10276500,20642400,26471700,,,,,,
41fe6b46-d014-4944-8798-d1f805277064,2003,AES-128,encrypt,cpu_aesni,aesni,transform,bytes,CTR,16777216,9,16777216:CTR:9,903edc95d73f09a3905c0dd919c9147a8858f7f9785e672955883a16aa388dfd,0,834,True,,,,,,,,,,,11387000,0.011387,1473.365767981031,0,0.0,
41fe6b46-d014-4944-8798-d1f805277064,2003,AES-128,encrypt,cuda_baseline,baseline,pipeline,pinned,CTR,16777216,9,16777216:CTR:9,903edc95d73f09a3905c0dd919c9147a8858f7f9785e672955883a16aa388dfd,1,835,True,,2768.1666163794675,627.3169710294492,0.006060768127441407,0.0267444,10335700,6060768.127441406,10199800,20535500,26744400,,,,,,
41fe6b46-d014-4944-8798-d1f805277064,2003,AES-128,encrypt,cuda_optimized_v1,optimized,pipeline,pinned,CTR,16777216,9,16777216:CTR:9,903edc95d73f09a3905c0dd919c9147a8858f7f9785e672955883a16aa388dfd,2,836,True,,2786.379740233024,624.1756017708992,0.006021152019500733,0.026879,10445600,6021152.019500732,10266600,20712200,26879000,,,,,,
41fe6b46-d014-4944-8798-d1f805277064,2003,AES-128,encrypt,cuda_baseline,baseline,resident,pinned,CTR,16777216,9,16777216:CTR:9,903edc95d73f09a3905c0dd919c9147a8858f7f9785e672955883a16aa388dfd,3,837,True,1,2776.0669399386784,,0.006043519973754883,,,6043519.973754883,,,,,,,,,6043519.973754883
41fe6b46-d014-4944-8798-d1f805277064,2003,AES-128,encrypt,cpu_software,software,transform,bytes,CTR,16777216,9,16777216:CTR:9,903edc95d73f09a3905c0dd919c9147a8858f7f9785e672955883a16aa388dfd,4,838,True,,,,,,,,,,,63545300,0.0635453,264.0197780166275,62500000,0.9835503176474106,
41fe6b46-d014-4944-8798-d1f805277064,2003,AES-128,encrypt,cuda_optimized_v1,optimized,resident,pinned,CTR,16777216,9,16777216:CTR:9,903edc95d73f09a3905c0dd919c9147a8858f7f9785e672955883a16aa388dfd,5,839,True,1,2870.1688236618706,,0.005845376014709473,,,5845376.014709473,,,,,,,,,5845376.014709473
41fe6b46-d014-4944-8798-d1f805277064,2003,AES-128,encrypt,cuda_optimized_v1,optimized,pipeline,pinned,CTR,16777216,10,16777216:CTR:10,76ec5f240d86cd0d8a9ff527728c26b780b7a1873b5a495d9fbcf6ceabc5f072,0,840,True,,3575.950653625724,1069.0482744558292,0.004691679954528808,0.0156936,5396500,4691679.954528809,5464400,10860900,15693600,,,,,,
41fe6b46-d014-4944-8798-d1f805277064,2003,AES-128,encrypt,cpu_aesni,aesni,transform,bytes,CTR,16777216,10,16777216:CTR:10,76ec5f240d86cd0d8a9ff527728c26b780b7a1873b5a495d9fbcf6ceabc5f072,1,841,True,,,,,,,,,,,11604100,0.0116041,1445.8007083703174,15625000,1.3465068381003267,
41fe6b46-d014-4944-8798-d1f805277064,2003,AES-128,encrypt,cuda_optimized_v1,optimized,resident,pinned,CTR,16777216,10,16777216:CTR:10,76ec5f240d86cd0d8a9ff527728c26b780b7a1873b5a495d9fbcf6ceabc5f072,2,842,True,1,3611.0972418906663,,0.0046460161209106446,,,4646016.1209106445,,,,,,,,,4646016.1209106445
41fe6b46-d014-4944-8798-d1f805277064,2003,AES-128,encrypt,cuda_baseline,baseline,pipeline,pinned,CTR,16777216,10,16777216:CTR:10,76ec5f240d86cd0d8a9ff527728c26b780b7a1873b5a495d9fbcf6ceabc5f072,3,843,True,,3677.743062946399,1104.3745227625793,0.004561823844909668,0.0151916,5372700,4561823.844909668,5163400,10536100,15191600,,,,,,
41fe6b46-d014-4944-8798-d1f805277064,2003,AES-128,encrypt,cuda_baseline,baseline,resident,pinned,CTR,16777216,10,16777216:CTR:10,76ec5f240d86cd0d8a9ff527728c26b780b7a1873b5a495d9fbcf6ceabc5f072,4,844,True,1,3634.5032530166604,,0.004616096019744873,,,4616096.019744873,,,,,,,,,4616096.019744873
41fe6b46-d014-4944-8798-d1f805277064,2003,AES-128,encrypt,cpu_software,software,transform,bytes,CTR,16777216,10,16777216:CTR:10,76ec5f240d86cd0d8a9ff527728c26b780b7a1873b5a495d9fbcf6ceabc5f072,5,845,True,,,,,,,,,,,63452200,0.0634522,264.40716003542826,62500000,0.9849934281238476,
41fe6b46-d014-4944-8798-d1f805277064,2003,AES-128,encrypt,cpu_software,software,transform,bytes,ECB,16777216,10,16777216:ECB:10,f9e28312ed431a482d651a0e78f32df457cd50bc64cb162f67ea641ed8ad46e7,0,846,True,,,,,,,,,,,58271800,0.0582718,287.91312435860914,46875000,0.8044199767297389,
41fe6b46-d014-4944-8798-d1f805277064,2003,AES-128,encrypt,cuda_optimized_v1,optimized,pipeline,pinned,ECB,16777216,10,16777216:ECB:10,f9e28312ed431a482d651a0e78f32df457cd50bc64cb162f67ea641ed8ad46e7,1,847,True,,3672.0504631115937,1089.5781892335967,0.0045688958168029785,0.0153979,5211400,4568895.8168029785,5464100,10675500,15397900,,,,,,
41fe6b46-d014-4944-8798-d1f805277064,2003,AES-128,encrypt,cuda_baseline,baseline,pipeline,pinned,ECB,16777216,10,16777216:ECB:10,f9e28312ed431a482d651a0e78f32df457cd50bc64cb162f67ea641ed8ad46e7,2,848,True,,3752.983276428551,1089.5286584494695,0.004470367908477783,0.0153986,5514000,4470367.908477783,5216100,10730100,15398600,,,,,,
41fe6b46-d014-4944-8798-d1f805277064,2003,AES-128,encrypt,cuda_optimized_v1,optimized,resident,pinned,ECB,16777216,10,16777216:ECB:10,f9e28312ed431a482d651a0e78f32df457cd50bc64cb162f67ea641ed8ad46e7,3,849,True,1,3831.002579761841,,0.0043793277740478516,,,4379327.774047852,,,,,,,,,4379327.774047852
41fe6b46-d014-4944-8798-d1f805277064,2003,AES-128,encrypt,cuda_baseline,baseline,resident,pinned,ECB,16777216,10,16777216:ECB:10,f9e28312ed431a482d651a0e78f32df457cd50bc64cb162f67ea641ed8ad46e7,4,850,True,1,3831.0864254331623,,0.004379231929779053,,,4379231.929779053,,,,,,,,,4379231.929779053
41fe6b46-d014-4944-8798-d1f805277064,2003,AES-128,encrypt,cpu_aesni,aesni,transform,bytes,ECB,16777216,10,16777216:ECB:10,f9e28312ed431a482d651a0e78f32df457cd50bc64cb162f67ea641ed8ad46e7,5,851,True,,,,,,,,,,,9596900,0.0095969,1748.191186737384,31250000,3.256259833904698,
41fe6b46-d014-4944-8798-d1f805277064,2003,AES-128,encrypt,cuda_optimized_v1,optimized,resident,pinned,CTR,16777216,11,16777216:CTR:11,2555b37676296c728e3a0ab431347d6558d67baf7d8740ac3cda4d888bfaae51,0,852,True,1,3587.0089835184267,,0.0046772160530090335,,,4677216.053009033,,,,,,,,,4677216.053009033
41fe6b46-d014-4944-8798-d1f805277064,2003,AES-128,encrypt,cuda_baseline,baseline,pipeline,pinned,CTR,16777216,11,16777216:CTR:11,2555b37676296c728e3a0ab431347d6558d67baf7d8740ac3cda4d888bfaae51,1,853,True,,3645.8766392833663,1073.171755163657,0.004601696014404297,0.0156333,5354900,4601696.014404297,5560100,10915000,15633300,,,,,,
41fe6b46-d014-4944-8798-d1f805277064,2003,AES-128,encrypt,cuda_optimized_v1,optimized,pipeline,pinned,CTR,16777216,11,16777216:CTR:11,2555b37676296c728e3a0ab431347d6558d67baf7d8740ac3cda4d888bfaae51,2,854,True,,3609.556121708382,1092.7504363911107,0.0046479997634887695,0.0153532,5425800,4647999.7634887695,5163900,10589700,15353200,,,,,,
41fe6b46-d014-4944-8798-d1f805277064,2003,AES-128,encrypt,cpu_aesni,aesni,transform,bytes,CTR,16777216,11,16777216:CTR:11,2555b37676296c728e3a0ab431347d6558d67baf7d8740ac3cda4d888bfaae51,3,855,True,,,,,,,,,,,11557600,0.0115576,1451.617636879629,15625000,1.3519242749359728,
41fe6b46-d014-4944-8798-d1f805277064,2003,AES-128,encrypt,cpu_software,software,transform,bytes,CTR,16777216,11,16777216:CTR:11,2555b37676296c728e3a0ab431347d6558d67baf7d8740ac3cda4d888bfaae51,4,856,True,,,,,,,,,,,63493200,0.0634932,264.2364221680432,62500000,0.984357380002898,
41fe6b46-d014-4944-8798-d1f805277064,2003,AES-128,encrypt,cuda_baseline,baseline,resident,pinned,CTR,16777216,11,16777216:CTR:11,2555b37676296c728e3a0ab431347d6558d67baf7d8740ac3cda4d888bfaae51,5,857,True,1,3719.3041821255833,,0.004510848045349121,,,4510848.045349121,,,,,,,,,4510848.045349121
41fe6b46-d014-4944-8798-d1f805277064,2003,AES-128,encrypt,cuda_baseline,baseline,pipeline,pinned,ECB,16777216,11,16777216:ECB:11,847e83beac0d1c98282ea8484a889d27c9681d24a43fd016eff0bd82d4d00021,0,858,True,,3741.52010714348,1068.9801587807272,0.004484064102172851,0.0156946,5195000,4484064.102172852,5901600,11096600,15694600,,,,,,
41fe6b46-d014-4944-8798-d1f805277064,2003,AES-128,encrypt,cuda_optimized_v1,optimized,resident,pinned,ECB,16777216,11,16777216:ECB:11,847e83beac0d1c98282ea8484a889d27c9681d24a43fd016eff0bd82d4d00021,1,859,True,1,3724.324180957646,,0.0045047678947448735,,,4504767.894744873,,,,,,,,,4504767.894744873
41fe6b46-d014-4944-8798-d1f805277064,2003,AES-128,encrypt,cuda_optimized_v1,optimized,pipeline,pinned,ECB,16777216,11,16777216:ECB:11,847e83beac0d1c98282ea8484a889d27c9681d24a43fd016eff0bd82d4d00021,2,860,True,,3709.9875774969446,1107.3485228502786,0.004522175788879395,0.0151508,5196700,4522175.7888793945,5336100,10532800,15150800,,,,,,
41fe6b46-d014-4944-8798-d1f805277064,2003,AES-128,encrypt,cpu_software,software,transform,bytes,ECB,16777216,11,16777216:ECB:11,847e83beac0d1c98282ea8484a889d27c9681d24a43fd016eff0bd82d4d00021,3,861,True,,,,,,,,,,,59609200,0.0596092,281.4534669145031,62500000,1.04849586976507,
41fe6b46-d014-4944-8798-d1f805277064,2003,AES-128,encrypt,cuda_baseline,baseline,resident,pinned,ECB,16777216,11,16777216:ECB:11,847e83beac0d1c98282ea8484a889d27c9681d24a43fd016eff0bd82d4d00021,4,862,True,1,3704.06377197088,,0.004529407978057861,,,4529407.978057861,,,,,,,,,4529407.978057861
41fe6b46-d014-4944-8798-d1f805277064,2003,AES-128,encrypt,cpu_aesni,aesni,transform,bytes,ECB,16777216,11,16777216:ECB:11,847e83beac0d1c98282ea8484a889d27c9681d24a43fd016eff0bd82d4d00021,5,863,True,,,,,,,,,,,8844600,0.0088446,1896.8880446826313,0,0.0,
41fe6b46-d014-4944-8798-d1f805277064,2003,AES-128,encrypt,cuda_optimized_v1,optimized,resident,pinned,ECB,16777216,12,16777216:ECB:12,7990ad8bce2d313a8757d5b4ab079a16171815f08aaddc08e8894d7a38f4d05b,0,864,True,1,3664.402069393776,,0.004578432083129883,,,4578432.083129883,,,,,,,,,4578432.083129883
41fe6b46-d014-4944-8798-d1f805277064,2003,AES-128,encrypt,cuda_baseline,baseline,resident,pinned,ECB,16777216,12,16777216:ECB:12,7990ad8bce2d313a8757d5b4ab079a16171815f08aaddc08e8894d7a38f4d05b,1,865,True,1,3828.3447816321477,,0.004382368087768555,,,4382368.087768555,,,,,,,,,4382368.087768555
41fe6b46-d014-4944-8798-d1f805277064,2003,AES-128,encrypt,cuda_optimized_v1,optimized,pipeline,pinned,ECB,16777216,12,16777216:ECB:12,7990ad8bce2d313a8757d5b4ab079a16171815f08aaddc08e8894d7a38f4d05b,2,866,True,,3763.7328519069583,1108.328775086871,0.004457600116729736,0.0151374,5407300,4457600.116729736,5155600,10562900,15137400,,,,,,
41fe6b46-d014-4944-8798-d1f805277064,2003,AES-128,encrypt,cpu_software,software,transform,bytes,ECB,16777216,12,16777216:ECB:12,7990ad8bce2d313a8757d5b4ab079a16171815f08aaddc08e8894d7a38f4d05b,3,867,True,,,,,,,,,,,60811600,0.0608116,275.8884160258898,46875000,0.7708233297594538,
41fe6b46-d014-4944-8798-d1f805277064,2003,AES-128,encrypt,cuda_baseline,baseline,pipeline,pinned,ECB,16777216,12,16777216:ECB:12,7990ad8bce2d313a8757d5b4ab079a16171815f08aaddc08e8894d7a38f4d05b,4,868,True,,3640.889045621149,1098.1650139093438,0.004607999801635742,0.0152775,5241600,4607999.801635742,5303600,10545200,15277500,,,,,,
41fe6b46-d014-4944-8798-d1f805277064,2003,AES-128,encrypt,cpu_aesni,aesni,transform,bytes,ECB,16777216,12,16777216:ECB:12,7990ad8bce2d313a8757d5b4ab079a16171815f08aaddc08e8894d7a38f4d05b,5,869,True,,,,,,,,,,,10052800,0.0100528,1668.9097564857552,15625000,1.5542933312112048,
41fe6b46-d014-4944-8798-d1f805277064,2003,AES-128,encrypt,cuda_optimized_v1,optimized,pipeline,pinned,CTR,16777216,12,16777216:CTR:12,a7e73a9a21d9005eaabc04597251a356bbebeb590109669293c086dd37fd0be3,0,870,True,,2371.3995476050527,601.4654100000358,0.007074816226959229,0.0278939,10367400,7074816.2269592285,10257100,20624500,27893900,,,,,,
41fe6b46-d014-4944-8798-d1f805277064,2003,AES-128,encrypt,cuda_baseline,baseline,resident,pinned,CTR,16777216,12,16777216:CTR:12,a7e73a9a21d9005eaabc04597251a356bbebeb590109669293c086dd37fd0be3,1,871,True,1,2353.0404914656706,,0.007130015850067139,,,7130015.850067139,,,,,,,,,7130015.850067139
41fe6b46-d014-4944-8798-d1f805277064,2003,AES-128,encrypt,cuda_optimized_v1,optimized,resident,pinned,CTR,16777216,12,16777216:CTR:12,a7e73a9a21d9005eaabc04597251a356bbebeb590109669293c086dd37fd0be3,2,872,True,1,2366.9887731912027,,0.007087999820709228,,,7087999.8207092285,,,,,,,,,7087999.8207092285
41fe6b46-d014-4944-8798-d1f805277064,2003,AES-128,encrypt,cpu_software,software,transform,bytes,CTR,16777216,12,16777216:CTR:12,a7e73a9a21d9005eaabc04597251a356bbebeb590109669293c086dd37fd0be3,3,873,True,,,,,,,,,,,65686200,0.0656862,255.41462285837818,46875000,0.7136202124647186,
41fe6b46-d014-4944-8798-d1f805277064,2003,AES-128,encrypt,cuda_baseline,baseline,pipeline,pinned,CTR,16777216,12,16777216:CTR:12,a7e73a9a21d9005eaabc04597251a356bbebeb590109669293c086dd37fd0be3,4,874,True,,2607.6196538827658,615.1809914931065,0.006433919906616211,0.027272,10503100,6433919.906616211,10209200,20712300,27272000,,,,,,
41fe6b46-d014-4944-8798-d1f805277064,2003,AES-128,encrypt,cpu_aesni,aesni,transform,bytes,CTR,16777216,12,16777216:CTR:12,a7e73a9a21d9005eaabc04597251a356bbebeb590109669293c086dd37fd0be3,5,875,True,,,,,,,,,,,13028700,0.0130287,1287.7122045944723,31250000,2.3985508914933953,
41fe6b46-d014-4944-8798-d1f805277064,2003,AES-128,encrypt,cuda_baseline,baseline,resident,pinned,CTR,16777216,13,16777216:CTR:13,be3eb2d2be7f88d4de92ec15c4dc95173745a90902135fb0ec2543cc0b26a610,0,876,True,1,2539.748996630162,,0.006605855941772461,,,6605855.941772461,,,,,,,,,6605855.941772461
41fe6b46-d014-4944-8798-d1f805277064,2003,AES-128,encrypt,cuda_baseline,baseline,pipeline,pinned,CTR,16777216,13,16777216:CTR:13,be3eb2d2be7f88d4de92ec15c4dc95173745a90902135fb0ec2543cc0b26a610,1,877,True,,2551.900725905377,611.1473116712808,0.006574399948120117,0.027452,10434000,6574399.948120117,10304200,20738200,27452000,,,,,,
41fe6b46-d014-4944-8798-d1f805277064,2003,AES-128,encrypt,cuda_optimized_v1,optimized,pipeline,pinned,CTR,16777216,13,16777216:CTR:13,be3eb2d2be7f88d4de92ec15c4dc95173745a90902135fb0ec2543cc0b26a610,2,878,True,,2562.439845229221,614.4960150023442,0.006547359943389892,0.0273024,10453000,6547359.943389893,10172000,20625000,27302400,,,,,,
41fe6b46-d014-4944-8798-d1f805277064,2003,AES-128,encrypt,cpu_aesni,aesni,transform,bytes,CTR,16777216,13,16777216:CTR:13,be3eb2d2be7f88d4de92ec15c4dc95173745a90902135fb0ec2543cc0b26a610,3,879,True,,,,,,,,,,,11523000,0.011523,1455.976395036015,15625000,1.3559836848043045,
41fe6b46-d014-4944-8798-d1f805277064,2003,AES-128,encrypt,cuda_optimized_v1,optimized,resident,pinned,CTR,16777216,13,16777216:CTR:13,be3eb2d2be7f88d4de92ec15c4dc95173745a90902135fb0ec2543cc0b26a610,4,880,True,1,2560.7501853789145,,0.006551680088043213,,,6551680.088043213,,,,,,,,,6551680.088043213
41fe6b46-d014-4944-8798-d1f805277064,2003,AES-128,encrypt,cpu_software,software,transform,bytes,CTR,16777216,13,16777216:CTR:13,be3eb2d2be7f88d4de92ec15c4dc95173745a90902135fb0ec2543cc0b26a610,5,881,True,,,,,,,,,,,63140100,0.0631401,265.71411828616044,62500000,0.9898622270157951,
41fe6b46-d014-4944-8798-d1f805277064,2003,AES-128,encrypt,cuda_optimized_v1,optimized,resident,pinned,ECB,16777216,13,16777216:ECB:13,d351cfefb67b05bcc2063b11f755843643a36fd6cd12933096c864fae5e3310b,0,882,True,1,3150.939651316536,,0.005324512004852295,,,5324512.004852295,,,,,,,,,5324512.004852295
41fe6b46-d014-4944-8798-d1f805277064,2003,AES-128,encrypt,cuda_optimized_v1,optimized,pipeline,pinned,ECB,16777216,13,16777216:ECB:13,d351cfefb67b05bcc2063b11f755843643a36fd6cd12933096c864fae5e3310b,1,883,True,,3137.6266054110647,641.2034305107547,0.005347104072570801,0.0261652,10441200,5347104.072570801,10228900,20670100,26165200,,,,,,
41fe6b46-d014-4944-8798-d1f805277064,2003,AES-128,encrypt,cpu_aesni,aesni,transform,bytes,ECB,16777216,13,16777216:ECB:13,d351cfefb67b05bcc2063b11f755843643a36fd6cd12933096c864fae5e3310b,2,884,True,,,,,,,,,,,8897600,0.0088976,1885.5889228556016,15625000,1.7560915303003057,
41fe6b46-d014-4944-8798-d1f805277064,2003,AES-128,encrypt,cpu_software,software,transform,bytes,ECB,16777216,13,16777216:ECB:13,d351cfefb67b05bcc2063b11f755843643a36fd6cd12933096c864fae5e3310b,3,885,True,,,,,,,,,,,58994100,0.0589941,284.3880320235413,62500000,1.0594279766959747,
41fe6b46-d014-4944-8798-d1f805277064,2003,AES-128,encrypt,cuda_baseline,baseline,resident,pinned,ECB,16777216,13,16777216:ECB:13,d351cfefb67b05bcc2063b11f755843643a36fd6cd12933096c864fae5e3310b,4,886,True,1,3141.556040326924,,0.005340415954589844,,,5340415.954589844,,,,,,,,,5340415.954589844
41fe6b46-d014-4944-8798-d1f805277064,2003,AES-128,encrypt,cuda_baseline,baseline,pipeline,pinned,ECB,16777216,13,16777216:ECB:13,d351cfefb67b05bcc2063b11f755843643a36fd6cd12933096c864fae5e3310b,5,887,True,,3159.5604328537647,630.5517303587,0.00530998420715332,0.0266072,10681500,5309984.20715332,10422900,21104400,26607200,,,,,,
41fe6b46-d014-4944-8798-d1f805277064,2003,AES-128,encrypt,cuda_optimized_v1,optimized,pipeline,pinned,CTR,16777216,14,16777216:CTR:14,4ff7416a45f34df7c29cf617876cd987242bda980a2a8938fa4d06731937b854,0,888,True,,3731.8264011443976,1108.3727075735956,0.00449571180343628,0.0151368,5250300,4495711.803436279,5273100,10523400,15136800,,,,,,
41fe6b46-d014-4944-8798-d1f805277064,2003,AES-128,encrypt,cuda_baseline,baseline,pipeline,pinned,CTR,16777216,14,16777216:CTR:14,4ff7416a45f34df7c29cf617876cd987242bda980a2a8938fa4d06731937b854,1,889,True,,3734.697084372012,1098.9274836410798,0.004492256164550781,0.0152669,5261300,4492256.164550781,5327500,10588800,15266900,,,,,,
41fe6b46-d014-4944-8798-d1f805277064,2003,AES-128,encrypt,cuda_baseline,baseline,resident,pinned,CTR,16777216,14,16777216:CTR:14,4ff7416a45f34df7c29cf617876cd987242bda980a2a8938fa4d06731937b854,2,890,True,1,3679.342971585156,,0.004559840202331543,,,4559840.202331543,,,,,,,,,4559840.202331543
41fe6b46-d014-4944-8798-d1f805277064,2003,AES-128,encrypt,cuda_optimized_v1,optimized,resident,pinned,CTR,16777216,14,16777216:CTR:14,4ff7416a45f34df7c29cf617876cd987242bda980a2a8938fa4d06731937b854,3,891,True,1,3744.406127636243,,0.004480607986450195,,,4480607.986450195,,,,,,,,,4480607.986450195
41fe6b46-d014-4944-8798-d1f805277064,2003,AES-128,encrypt,cpu_aesni,aesni,transform,bytes,CTR,16777216,14,16777216:CTR:14,4ff7416a45f34df7c29cf617876cd987242bda980a2a8938fa4d06731937b854,4,892,True,,,,,,,,,,,12510700,0.0125107,1341.0293588688082,15625000,1.248930915136643,
41fe6b46-d014-4944-8798-d1f805277064,2003,AES-128,encrypt,cpu_software,software,transform,bytes,CTR,16777216,14,16777216:CTR:14,4ff7416a45f34df7c29cf617876cd987242bda980a2a8938fa4d06731937b854,5,893,True,,,,,,,,,,,64928400,0.0649284,258.395648129324,62500000,0.9625988011409491,
41fe6b46-d014-4944-8798-d1f805277064,2003,AES-128,encrypt,cuda_optimized_v1,optimized,resident,pinned,ECB,16777216,14,16777216:ECB:14,b7c0c0f20cffcb293b6ee702ee801e77a82c876735abf66b636ca1e801d91096,0,894,True,1,3760.8981773916444,,0.004460959911346435,,,4460959.911346436,,,,,,,,,4460959.911346436
41fe6b46-d014-4944-8798-d1f805277064,2003,AES-128,encrypt,cpu_software,software,transform,bytes,ECB,16777216,14,16777216:ECB:14,b7c0c0f20cffcb293b6ee702ee801e77a82c876735abf66b636ca1e801d91096,1,895,True,,,,,,,,,,,60198900,0.0601989,278.6963881399826,46875000,0.77866871321569,
41fe6b46-d014-4944-8798-d1f805277064,2003,AES-128,encrypt,cuda_baseline,baseline,pipeline,pinned,ECB,16777216,14,16777216:ECB:14,b7c0c0f20cffcb293b6ee702ee801e77a82c876735abf66b636ca1e801d91096,2,896,True,,3775.8221683009,1123.4692702264722,0.004443327903747559,0.0149334,5252000,4443327.903747559,5137900,10389900,14933400,,,,,,
41fe6b46-d014-4944-8798-d1f805277064,2003,AES-128,encrypt,cuda_optimized_v1,optimized,pipeline,pinned,ECB,16777216,14,16777216:ECB:14,b7c0c0f20cffcb293b6ee702ee801e77a82c876735abf66b636ca1e801d91096,3,897,True,,3812.2826157061695,1126.5774029357651,0.004400832176208496,0.0148922,5201100,4400832.176208496,5191500,10392600,14892200,,,,,,
41fe6b46-d014-4944-8798-d1f805277064,2003,AES-128,encrypt,cpu_aesni,aesni,transform,bytes,ECB,16777216,14,16777216:ECB:14,b7c0c0f20cffcb293b6ee702ee801e77a82c876735abf66b636ca1e801d91096,4,898,True,,,,,,,,,,,9189700,0.0091897,1825.6543739186263,15625000,1.7002731318759046,
41fe6b46-d014-4944-8798-d1f805277064,2003,AES-128,encrypt,cuda_baseline,baseline,resident,pinned,ECB,16777216,14,16777216:ECB:14,b7c0c0f20cffcb293b6ee702ee801e77a82c876735abf66b636ca1e801d91096,5,899,True,1,3769.57819384988,,0.004450687885284424,,,4450687.885284424,,,,,,,,,4450687.885284424
41fe6b46-d014-4944-8798-d1f805277064,2003,AES-128,encrypt,cuda_optimized_v1,optimized,pipeline,pinned,ECB,16777216,15,16777216:ECB:15,e17387f4084e490251c2865252eb2383ad7d150d7dea590f37f2dd8e97169e6f,0,900,True,,3778.407109484911,1123.7251172136637,0.004440288066864014,0.01493,5254600,4440288.066864014,5134000,10388600,14930000,,,,,,
41fe6b46-d014-4944-8798-d1f805277064,2003,AES-128,encrypt,cpu_software,software,transform,bytes,ECB,16777216,15,16777216:ECB:15,e17387f4084e490251c2865252eb2383ad7d150d7dea590f37f2dd8e97169e6f,1,901,True,,,,,,,,,,,59160400,0.0591604,283.58861670982617,62500000,1.0564499225833497,
41fe6b46-d014-4944-8798-d1f805277064,2003,AES-128,encrypt,cuda_baseline,baseline,resident,pinned,ECB,16777216,15,16777216:ECB:15,e17387f4084e490251c2865252eb2383ad7d150d7dea590f37f2dd8e97169e6f,2,902,True,1,3810.260074663587,,0.004403168201446533,,,4403168.201446533,,,,,,,,,4403168.201446533
41fe6b46-d014-4944-8798-d1f805277064,2003,AES-128,encrypt,cpu_aesni,aesni,transform,bytes,ECB,16777216,15,16777216:ECB:15,e17387f4084e490251c2865252eb2383ad7d150d7dea590f37f2dd8e97169e6f,3,903,True,,,,,,,,,,,8939100,0.0089391,1876.8350281348235,15625000,1.7479388305310377,
41fe6b46-d014-4944-8798-d1f805277064,2003,AES-128,encrypt,cuda_optimized_v1,optimized,resident,pinned,ECB,16777216,15,16777216:ECB:15,e17387f4084e490251c2865252eb2383ad7d150d7dea590f37f2dd8e97169e6f,4,904,True,1,3773.6207659382417,,0.004445919990539551,,,4445919.990539551,,,,,,,,,4445919.990539551
41fe6b46-d014-4944-8798-d1f805277064,2003,AES-128,encrypt,cuda_baseline,baseline,pipeline,pinned,ECB,16777216,15,16777216:ECB:15,e17387f4084e490251c2865252eb2383ad7d150d7dea590f37f2dd8e97169e6f,5,905,True,,3764.597863351379,1112.7319515834854,0.004456575870513916,0.0150775,5264800,4456575.870513916,5240400,10505200,15077500,,,,,,
41fe6b46-d014-4944-8798-d1f805277064,2003,AES-128,encrypt,cuda_optimized_v1,optimized,resident,pinned,CTR,16777216,15,16777216:CTR:15,2c3b89ede7daa399a8b77ebe98a0905cfe9e50c224ac61a44926cb25861998f3,0,906,True,1,3668.42746912794,,0.0045734081268310545,,,4573408.126831055,,,,,,,,,4573408.126831055
41fe6b46-d014-4944-8798-d1f805277064,2003,AES-128,encrypt,cuda_optimized_v1,optimized,pipeline,pinned,CTR,16777216,15,16777216:CTR:15,2c3b89ede7daa399a8b77ebe98a0905cfe9e50c224ac61a44926cb25861998f3,1,907,True,,3726.7068286998724,1123.1458658294114,0.004501887798309326,0.0149377,5195700,4501887.798309326,5141700,10337400,14937700,,,,,,
41fe6b46-d014-4944-8798-d1f805277064,2003,AES-128,encrypt,cuda_baseline,baseline,resident,pinned,CTR,16777216,15,16777216:CTR:15,2c3b89ede7daa399a8b77ebe98a0905cfe9e50c224ac61a44926cb25861998f3,2,908,True,1,3676.685426317324,,0.004563136100769043,,,4563136.100769043,,,,,,,,,4563136.100769043
41fe6b46-d014-4944-8798-d1f805277064,2003,AES-128,encrypt,cuda_baseline,baseline,pipeline,pinned,CTR,16777216,15,16777216:CTR:15,2c3b89ede7daa399a8b77ebe98a0905cfe9e50c224ac61a44926cb25861998f3,3,909,True,,3829.0159692820052,1109.164088324739,0.004381599903106689,0.015126,5381100,4381599.903106689,5251300,10632400,15126000,,,,,,
41fe6b46-d014-4944-8798-d1f805277064,2003,AES-128,encrypt,cpu_aesni,aesni,transform,bytes,CTR,16777216,15,16777216:CTR:15,2c3b89ede7daa399a8b77ebe98a0905cfe9e50c224ac61a44926cb25861998f3,4,910,True,,,,,,,,,,,12677800,0.0126778,1323.3538942087744,15625000,1.2324693558819353,
41fe6b46-d014-4944-8798-d1f805277064,2003,AES-128,encrypt,cpu_software,software,transform,bytes,CTR,16777216,15,16777216:CTR:15,2c3b89ede7daa399a8b77ebe98a0905cfe9e50c224ac61a44926cb25861998f3,5,911,True,,,,,,,,,,,65267600,0.0652676,257.05274899031065,62500000,0.9575961120065699,
41fe6b46-d014-4944-8798-d1f805277064,2003,AES-128,encrypt,cuda_baseline,baseline,pipeline,pinned,CTR,16777216,16,16777216:CTR:16,30ad575e4746cf7de0d039cc948e202c83cb20c7170ce9f47e0620879f94419d,0,912,True,,3739.385534056914,1109.7583659106092,0.004486623764038086,0.0151179,5191800,4486623.764038086,5300100,10491900,15117900,,,,,,
41fe6b46-d014-4944-8798-d1f805277064,2003,AES-128,encrypt,cuda_baseline,baseline,resident,pinned,CTR,16777216,16,16777216:CTR:16,30ad575e4746cf7de0d039cc948e202c83cb20c7170ce9f47e0620879f94419d,1,913,True,1,3783.9973888319482,,0.004433728218078613,,,4433728.218078613,,,,,,,,,4433728.218078613
41fe6b46-d014-4944-8798-d1f805277064,2003,AES-128,encrypt,cuda_optimized_v1,optimized,resident,pinned,CTR,16777216,16,16777216:CTR:16,30ad575e4746cf7de0d039cc948e202c83cb20c7170ce9f47e0620879f94419d,2,914,True,1,3515.33773560172,,0.0047725758552551265,,,4772575.855255127,,,,,,,,,4772575.855255127
41fe6b46-d014-4944-8798-d1f805277064,2003,AES-128,encrypt,cpu_aesni,aesni,transform,bytes,CTR,16777216,16,16777216:CTR:16,30ad575e4746cf7de0d039cc948e202c83cb20c7170ce9f47e0620879f94419d,3,915,True,,,,,,,,,,,11877600,0.0118776,1412.508924361824,15625000,1.3155014481039942,
41fe6b46-d014-4944-8798-d1f805277064,2003,AES-128,encrypt,cuda_optimized_v1,optimized,pipeline,pinned,CTR,16777216,16,16777216:CTR:16,30ad575e4746cf7de0d039cc948e202c83cb20c7170ce9f47e0620879f94419d,4,916,True,,3714.4294502696216,1117.021491917228,0.004516767978668213,0.0150196,5199800,4516767.978668213,5189600,10389400,15019600,,,,,,
41fe6b46-d014-4944-8798-d1f805277064,2003,AES-128,encrypt,cpu_software,software,transform,bytes,CTR,16777216,16,16777216:CTR:16,30ad575e4746cf7de0d039cc948e202c83cb20c7170ce9f47e0620879f94419d,5,917,True,,,,,,,,,,,65098000,0.065098,257.7224492303911,46875000,0.7200682048603644,
41fe6b46-d014-4944-8798-d1f805277064,2003,AES-128,encrypt,cuda_optimized_v1,optimized,resident,pinned,ECB,16777216,16,16777216:ECB:16,c74a891b1dc48c61dd8c89c2947995d2a012c534f9e9508e456a4f67892543c0,0,918,True,1,3799.7666089355344,,0.004415328025817871,,,4415328.025817871,,,,,,,,,4415328.025817871
41fe6b46-d014-4944-8798-d1f805277064,2003,AES-128,encrypt,cuda_baseline,baseline,pipeline,pinned,ECB,16777216,16,16777216:ECB:16,c74a891b1dc48c61dd8c89c2947995d2a012c534f9e9508e456a4f67892543c0,1,919,True,,3747.3500845585972,1070.4943722722749,0.00447708797454834,0.0156724,5367600,4477087.97454834,5712400,11080000,15672400,,,,,,
41fe6b46-d014-4944-8798-d1f805277064,2003,AES-128,encrypt,cpu_aesni,aesni,transform,bytes,ECB,16777216,16,16777216:ECB:16,c74a891b1dc48c61dd8c89c2947995d2a012c534f9e9508e456a4f67892543c0,2,920,True,,,,,,,,,,,9000500,0.0090005,1864.0315538025666,15625000,1.7360146658518971,
41fe6b46-d014-4944-8798-d1f805277064,2003,AES-128,encrypt,cpu_software,software,transform,bytes,ECB,16777216,16,16777216:ECB:16,c74a891b1dc48c61dd8c89c2947995d2a012c534f9e9508e456a4f67892543c0,3,921,True,,,,,,,,,,,58332500,0.0583325,287.61352590751295,62500000,1.0714438777696824,
41fe6b46-d014-4944-8798-d1f805277064,2003,AES-128,encrypt,cuda_baseline,baseline,resident,pinned,ECB,16777216,16,16777216:ECB:16,c74a891b1dc48c61dd8c89c2947995d2a012c534f9e9508e456a4f67892543c0,4,922,True,1,2922.061663522145,,0.0057415680885314945,,,5741568.088531494,,,,,,,,,5741568.088531494
41fe6b46-d014-4944-8798-d1f805277064,2003,AES-128,encrypt,cuda_optimized_v1,optimized,pipeline,pinned,ECB,16777216,16,16777216:ECB:16,c74a891b1dc48c61dd8c89c2947995d2a012c534f9e9508e456a4f67892543c0,5,923,True,,2928.1816685841736,629.7280984911042,0.005729568004608154,0.026642,10452900,5729568.004608154,10312600,20765500,26642000,,,,,,
41fe6b46-d014-4944-8798-d1f805277064,2003,AES-128,encrypt,cuda_optimized_v1,optimized,resident,pinned,ECB,16777216,17,16777216:ECB:17,251a80f93e8ad127cb652a71189970ea24ee9035ee3c929ef10cfa135a3451dc,0,924,True,1,2856.081377394644,,0.005874207973480225,,,5874207.973480225,,,,,,,,,5874207.973480225
41fe6b46-d014-4944-8798-d1f805277064,2003,AES-128,encrypt,cuda_baseline,baseline,resident,pinned,ECB,16777216,17,16777216:ECB:17,251a80f93e8ad127cb652a71189970ea24ee9035ee3c929ef10cfa135a3451dc,1,925,True,1,2843.2413197232427,,0.005900735855102539,,,5900735.855102539,,,,,,,,,5900735.855102539
41fe6b46-d014-4944-8798-d1f805277064,2003,AES-128,encrypt,cpu_aesni,aesni,transform,bytes,ECB,16777216,17,16777216:ECB:17,251a80f93e8ad127cb652a71189970ea24ee9035ee3c929ef10cfa135a3451dc,2,926,True,,,,,,,,,,,9796700,0.0097967,1712.5374871130075,15625000,1.594924821623608,
41fe6b46-d014-4944-8798-d1f805277064,2003,AES-128,encrypt,cuda_optimized_v1,optimized,pipeline,pinned,ECB,16777216,17,16777216:ECB:17,251a80f93e8ad127cb652a71189970ea24ee9035ee3c929ef10cfa135a3451dc,3,927,True,,2868.4571524938497,630.7176637769641,0.005848864078521729,0.0266002,10403700,5848864.0785217285,10216100,20619800,26600200,,,,,,
41fe6b46-d014-4944-8798-d1f805277064,2003,AES-128,encrypt,cuda_baseline,baseline,pipeline,pinned,ECB,16777216,17,16777216:ECB:17,251a80f93e8ad127cb652a71189970ea24ee9035ee3c929ef10cfa135a3451dc,4,928,True,,2910.5443984716826,629.9669193711301,0.005764287948608398,0.0266319,10506100,5764287.948608398,10208300,20714400,26631900,,,,,,
41fe6b46-d014-4944-8798-d1f805277064,2003,AES-128,encrypt,cpu_software,software,transform,bytes,ECB,16777216,17,16777216:ECB:17,251a80f93e8ad127cb652a71189970ea24ee9035ee3c929ef10cfa135a3451dc,5,929,True,,,,,,,,,,,60160300,0.0601603,278.87520507710235,62500000,1.0388910959553062,
41fe6b46-d014-4944-8798-d1f805277064,2003,AES-128,encrypt,cuda_baseline,baseline,resident,pinned,CTR,16777216,17,16777216:CTR:17,e43600e87cd01b25e9c1615af9508ab4c6027043e8db0b645af2731d5f38f4f8,0,930,True,1,2625.2070853303408,,0.00639081621170044,,,6390816.211700439,,,,,,,,,6390816.211700439
41fe6b46-d014-4944-8798-d1f805277064,2003,AES-128,encrypt,cuda_baseline,baseline,pipeline,pinned,CTR,16777216,17,16777216:CTR:17,e43600e87cd01b25e9c1615af9508ab4c6027043e8db0b645af2731d5f38f4f8,1,931,True,,2622.777557123825,608.2050984600214,0.006396736145019531,0.0275848,10789600,6396736.145019531,10232000,21021600,27584800,,,,,,
41fe6b46-d014-4944-8798-d1f805277064,2003,AES-128,encrypt,cuda_optimized_v1,optimized,resident,pinned,CTR,16777216,17,16777216:CTR:17,e43600e87cd01b25e9c1615af9508ab4c6027043e8db0b645af2731d5f38f4f8,2,932,True,1,2622.856350771421,,0.006396543979644775,,,6396543.979644775,,,,,,,,,6396543.979644775
41fe6b46-d014-4944-8798-d1f805277064,2003,AES-128,encrypt,cpu_software,software,transform,bytes,CTR,16777216,17,16777216:CTR:17,e43600e87cd01b25e9c1615af9508ab4c6027043e8db0b645af2731d5f38f4f8,3,933,True,,,,,,,,,,,63889500,0.0638895,262.59739080756617,62500000,0.9782515123768382,
41fe6b46-d014-4944-8798-d1f805277064,2003,AES-128,encrypt,cpu_aesni,aesni,transform,bytes,CTR,16777216,17,16777216:CTR:17,e43600e87cd01b25e9c1615af9508ab4c6027043e8db0b645af2731d5f38f4f8,4,934,True,,,,,,,,,,,11801600,0.0118016,1421.6052060737527,15625000,1.3239730206073752,
41fe6b46-d014-4944-8798-d1f805277064,2003,AES-128,encrypt,cuda_optimized_v1,optimized,pipeline,pinned,CTR,16777216,17,16777216:CTR:17,e43600e87cd01b25e9c1615af9508ab4c6027043e8db0b645af2731d5f38f4f8,5,935,True,,2717.4332644352653,620.8793673232994,0.006173920154571533,0.0270217,10429500,6173920.154571533,10297600,20727100,27021700,,,,,,
41fe6b46-d014-4944-8798-d1f805277064,2003,AES-128,encrypt,cuda_optimized_v1,optimized,pipeline,pinned,CTR,16777216,18,16777216:CTR:18,b4d9c37be9326b829333ecb7782982058e97a853ca38944e988ff5f2f57ad321,0,936,True,,2711.081899237647,613.9653077654981,0.006188384056091309,0.027326,10665500,6188384.056091309,10299100,20964600,27326000,,,,,,
41fe6b46-d014-4944-8798-d1f805277064,2003,AES-128,encrypt,cuda_optimized_v1,optimized,resident,pinned,CTR,16777216,18,16777216:CTR:18,b4d9c37be9326b829333ecb7782982058e97a853ca38944e988ff5f2f57ad321,1,937,True,1,2735.282374168896,,0.006133632183074951,,,6133632.183074951,,,,,,,,,6133632.183074951
41fe6b46-d014-4944-8798-d1f805277064,2003,AES-128,encrypt,cpu_aesni,aesni,transform,bytes,CTR,16777216,18,16777216:CTR:18,b4d9c37be9326b829333ecb7782982058e97a853ca38944e988ff5f2f57ad321,2,938,True,,,,,,,,,,,11187800,0.0111878,1499.5992062782675,0,0.0,
41fe6b46-d014-4944-8798-d1f805277064,2003,AES-128,encrypt,cpu_software,software,transform,bytes,CTR,16777216,18,16777216:CTR:18,b4d9c37be9326b829333ecb7782982058e97a853ca38944e988ff5f2f57ad321,3,939,True,,,,,,,,,,,62249500,0.0622495,269.5156748246974,62500000,1.004024128707861,
41fe6b46-d014-4944-8798-d1f805277064,2003,AES-128,encrypt,cuda_baseline,baseline,pipeline,pinned,CTR,16777216,18,16777216:CTR:18,b4d9c37be9326b829333ecb7782982058e97a853ca38944e988ff5f2f57ad321,4,940,True,,2703.5466223030708,619.64565751325,0.006205632209777832,0.0270755,10390400,6205632.209777832,10314100,20704500,27075500,,,,,,
41fe6b46-d014-4944-8798-d1f805277064,2003,AES-128,encrypt,cuda_baseline,baseline,resident,pinned,CTR,16777216,18,16777216:CTR:18,b4d9c37be9326b829333ecb7782982058e97a853ca38944e988ff5f2f57ad321,5,941,True,1,2704.8578829800017,,0.006202623844146728,,,6202623.8441467285,,,,,,,,,6202623.8441467285
41fe6b46-d014-4944-8798-d1f805277064,2003,AES-128,encrypt,cpu_software,software,transform,bytes,ECB,16777216,18,16777216:ECB:18,da18c096ff5869f6f2fba79396a979bf78292024c12b0ce0c485102c5fb70599,0,942,True,,,,,,,,,,,60105200,0.0601052,279.1308572303228,78125000,1.299804343051849,
41fe6b46-d014-4944-8798-d1f805277064,2003,AES-128,encrypt,cuda_optimized_v1,optimized,resident,pinned,ECB,16777216,18,16777216:ECB:18,da18c096ff5869f6f2fba79396a979bf78292024c12b0ce0c485102c5fb70599,1,943,True,1,2799.816219348448,,0.0059922561645507815,,,5992256.164550781,,,,,,,,,5992256.164550781
41fe6b46-d014-4944-8798-d1f805277064,2003,AES-128,encrypt,cuda_optimized_v1,optimized,pipeline,pinned,ECB,16777216,18,16777216:ECB:18,da18c096ff5869f6f2fba79396a979bf78292024c12b0ce0c485102c5fb70599,2,944,True,,2753.9026192035712,626.2632235137778,0.006092160224914551,0.0267894,10359700,6092160.224914551,10192100,20551800,26789400,,,,,,
41fe6b46-d014-4944-8798-d1f805277064,2003,AES-128,encrypt,cuda_baseline,baseline,pipeline,pinned,ECB,16777216,18,16777216:ECB:18,da18c096ff5869f6f2fba79396a979bf78292024c12b0ce0c485102c5fb70599,3,945,True,,2780.911414541506,629.2368393417046,0.006032991886138916,0.0266628,10352600,6032991.886138916,10167700,20520300,26662800,,,,,,
41fe6b46-d014-4944-8798-d1f805277064,2003,AES-128,encrypt,cpu_aesni,aesni,transform,bytes,ECB,16777216,18,16777216:ECB:18,da18c096ff5869f6f2fba79396a979bf78292024c12b0ce0c485102c5fb70599,4,946,True,,,,,,,,,,,9002000,0.009002,1863.7209508998,15625000,1.7357253943568096,
41fe6b46-d014-4944-8798-d1f805277064,2003,AES-128,encrypt,cuda_baseline,baseline,resident,pinned,ECB,16777216,18,16777216:ECB:18,da18c096ff5869f6f2fba79396a979bf78292024c12b0ce0c485102c5fb70599,5,947,True,1,2771.766760376034,,0.006052896022796631,,,6052896.022796631,,,,,,,,,6052896.022796631
41fe6b46-d014-4944-8798-d1f805277064,2003,AES-128,encrypt,cpu_aesni,aesni,transform,bytes,CTR,16777216,19,16777216:CTR:19,89cf2c0cc5c6366e5bb90fac7f9724914ae83af1879c26a87530a79fa80d5d1e,0,948,True,,,,,,,,,,,12002900,0.0120029,1397.763540477718,15625000,1.3017687392213548,
41fe6b46-d014-4944-8798-d1f805277064,2003,AES-128,encrypt,cuda_optimized_v1,optimized,pipeline,pinned,CTR,16777216,19,16777216:CTR:19,89cf2c0cc5c6366e5bb90fac7f9724914ae83af1879c26a87530a79fa80d5d1e,1,949,True,,3123.45784795391,631.0165641125939,0.005371359825134278,0.0265876,10509400,5371359.825134277,10572300,21081700,26587600,,,,,,
41fe6b46-d014-4944-8798-d1f805277064,2003,AES-128,encrypt,cpu_software,software,transform,bytes,CTR,16777216,19,16777216:CTR:19,89cf2c0cc5c6366e5bb90fac7f9724914ae83af1879c26a87530a79fa80d5d1e,2,950,True,,,,,,,,,,,64332200,0.0643322,260.79033516652623,62500000,0.9715197055284912,
41fe6b46-d014-4944-8798-d1f805277064,2003,AES-128,encrypt,cuda_baseline,baseline,resident,pinned,CTR,16777216,19,16777216:CTR:19,89cf2c0cc5c6366e5bb90fac7f9724914ae83af1879c26a87530a79fa80d5d1e,3,951,True,1,3135.2249354705104,,0.005351200103759766,,,5351200.103759766,,,,,,,,,5351200.103759766
41fe6b46-d014-4944-8798-d1f805277064,2003,AES-128,encrypt,cuda_optimized_v1,optimized,resident,pinned,CTR,16777216,19,16777216:CTR:19,89cf2c0cc5c6366e5bb90fac7f9724914ae83af1879c26a87530a79fa80d5d1e,4,952,True,1,3136.857055534104,,0.005348415851593018,,,5348415.851593018,,,,,,,,,5348415.851593018
41fe6b46-d014-4944-8798-d1f805277064,2003,AES-128,encrypt,cuda_baseline,baseline,pipeline,pinned,CTR,16777216,19,16777216:CTR:19,89cf2c0cc5c6366e5bb90fac7f9724914ae83af1879c26a87530a79fa80d5d1e,5,953,True,,3151.24274467546,645.3222146148579,0.005323999881744384,0.0259982,10331400,5323999.881744385,10233700,20565100,25998200,,,,,,
41fe6b46-d014-4944-8798-d1f805277064,2003,AES-128,encrypt,cuda_optimized_v1,optimized,resident,pinned,ECB,16777216,19,16777216:ECB:19,b06ec71e264a693bb67c9f2bc96935729c1641b9d20e10c84e0c0eb7fa075ec6,0,954,True,1,3142.441000707542,,0.005338912010192871,,,5338912.010192871,,,,,,,,,5338912.010192871
41fe6b46-d014-4944-8798-d1f805277064,2003,AES-128,encrypt,cpu_aesni,aesni,transform,bytes,ECB,16777216,19,16777216:ECB:19,b06ec71e264a693bb67c9f2bc96935729c1641b9d20e10c84e0c0eb7fa075ec6,1,955,True,,,,,,,,,,,8909800,0.0089098,1883.0070259714023,0,0.0,
41fe6b46-d014-4944-8798-d1f805277064,2003,AES-128,encrypt,cuda_baseline,baseline,resident,pinned,ECB,16777216,19,16777216:ECB:19,b06ec71e264a693bb67c9f2bc96935729c1641b9d20e10c84e0c0eb7fa075ec6,2,956,True,1,3146.911288685362,,0.00533132791519165,,,5331327.91519165,,,,,,,,,5331327.91519165
41fe6b46-d014-4944-8798-d1f805277064,2003,AES-128,encrypt,cuda_optimized_v1,optimized,pipeline,pinned,ECB,16777216,19,16777216:ECB:19,b06ec71e264a693bb67c9f2bc96935729c1641b9d20e10c84e0c0eb7fa075ec6,3,957,True,,3140.464696104701,644.0266405635208,0.0053422718048095705,0.0260505,10341400,5342271.80480957,10219200,20560600,26050500,,,,,,
41fe6b46-d014-4944-8798-d1f805277064,2003,AES-128,encrypt,cuda_baseline,baseline,pipeline,pinned,ECB,16777216,19,16777216:ECB:19,b06ec71e264a693bb67c9f2bc96935729c1641b9d20e10c84e0c0eb7fa075ec6,4,958,True,,3146.8544344636302,636.1415668817824,0.005331424236297608,0.0263734,10371700,5331424.236297607,10524500,20896200,26373400,,,,,,
41fe6b46-d014-4944-8798-d1f805277064,2003,AES-128,encrypt,cpu_software,software,transform,bytes,ECB,16777216,19,16777216:ECB:19,b06ec71e264a693bb67c9f2bc96935729c1641b9d20e10c84e0c0eb7fa075ec6,5,959,True,,,,,,,,,,,59694500,0.0596945,281.0512861318882,62500000,1.0469976295973666,
41fe6b46-d014-4944-8798-d1f805277064,2003,AES-128,encrypt,cpu_software,software,transform,bytes,CTR,33554432,0,33554432:CTR:0,b565db455d32d231d26c0b29d38431114f9e1cd8f8d4f9b967e8caffa853fdbb,0,960,True,,,,,,,,,,,126526100,0.1265261,265.197710195762,125000000,0.9879384569665863,
41fe6b46-d014-4944-8798-d1f805277064,2003,AES-128,encrypt,cuda_optimized_v1,optimized,resident,pinned,CTR,33554432,0,33554432:CTR:0,b565db455d32d231d26c0b29d38431114f9e1cd8f8d4f9b967e8caffa853fdbb,1,961,True,1,3312.910845829622,,0.010128383636474609,,,10128383.63647461,,,,,,,,,10128383.63647461
41fe6b46-d014-4944-8798-d1f805277064,2003,AES-128,encrypt,cuda_baseline,baseline,resident,pinned,CTR,33554432,0,33554432:CTR:0,b565db455d32d231d26c0b29d38431114f9e1cd8f8d4f9b967e8caffa853fdbb,2,962,True,1,3260.903143918175,,0.01028991985321045,,,10289919.85321045,,,,,,,,,10289919.85321045
41fe6b46-d014-4944-8798-d1f805277064,2003,AES-128,encrypt,cuda_baseline,baseline,pipeline,pinned,CTR,33554432,0,33554432:CTR:0,b565db455d32d231d26c0b29d38431114f9e1cd8f8d4f9b967e8caffa853fdbb,3,963,True,,4370.65099748607,1071.6396955731636,0.0076772160530090335,0.0313113,12919700,7677216.053009033,10572800,23492500,31311300,,,,,,
41fe6b46-d014-4944-8798-d1f805277064,2003,AES-128,encrypt,cuda_optimized_v1,optimized,pipeline,pinned,CTR,33554432,0,33554432:CTR:0,b565db455d32d231d26c0b29d38431114f9e1cd8f8d4f9b967e8caffa853fdbb,4,964,True,,4422.225582253167,1190.3251233624105,0.007587679862976074,0.0281893,10230500,7587679.862976074,10270700,20501200,28189300,,,,,,
41fe6b46-d014-4944-8798-d1f805277064,2003,AES-128,encrypt,cpu_aesni,aesni,transform,bytes,CTR,33554432,0,33554432:CTR:0,b565db455d32d231d26c0b29d38431114f9e1cd8f8d4f9b967e8caffa853fdbb,5,965,True,,,,,,,,,,,22652900,0.0226529,1481.2422250572774,31250000,1.3795143226695037,
41fe6b46-d014-4944-8798-d1f805277064,2003,AES-128,encrypt,cpu_aesni,aesni,transform,bytes,ECB,33554432,0,33554432:ECB:0,b2460a696f23bce9147e65ae86ebaac4fb6c50721928333acca11b3f1d9ee7c3,0,966,True,,,,,,,,,,,19076300,0.0190763,1758.959127294077,15625000,0.8190791715374575,
41fe6b46-d014-4944-8798-d1f805277064,2003,AES-128,encrypt,cuda_baseline,baseline,pipeline,pinned,ECB,33554432,0,33554432:ECB:0,b2460a696f23bce9147e65ae86ebaac4fb6c50721928333acca11b3f1d9ee7c3,1,967,True,,4530.6405197191325,1200.018310826276,0.0074061121940612795,0.0279616,10287500,7406112.194061279,10167000,20454500,27961600,,,,,,
41fe6b46-d014-4944-8798-d1f805277064,2003,AES-128,encrypt,cuda_optimized_v1,optimized,resident,pinned,ECB,33554432,0,33554432:ECB:0,b2460a696f23bce9147e65ae86ebaac4fb6c50721928333acca11b3f1d9ee7c3,2,968,True,1,4564.106091362231,,0.007351808071136475,,,7351808.071136475,,,,,,,,,7351808.071136475
41fe6b46-d014-4944-8798-d1f805277064,2003,AES-128,encrypt,cuda_optimized_v1,optimized,pipeline,pinned,ECB,33554432,0,33554432:ECB:0,b2460a696f23bce9147e65ae86ebaac4fb6c50721928333acca11b3f1d9ee7c3,3,969,True,,4528.547067107804,1179.351319433705,0.007409535884857178,0.0284516,10732300,7409535.884857178,10203200,20935500,28451600,,,,,,
41fe6b46-d014-4944-8798-d1f805277064,2003,AES-128,encrypt,cuda_baseline,baseline,resident,pinned,ECB,33554432,0,33554432:ECB:0,b2460a696f23bce9147e65ae86ebaac4fb6c50721928333acca11b3f1d9ee7c3,4,970,True,1,4984.579133972818,,0.006731647968292237,,,6731647.968292236,,,,,,,,,6731647.968292236
41fe6b46-d014-4944-8798-d1f805277064,2003,AES-128,encrypt,cpu_software,software,transform,bytes,ECB,33554432,0,33554432:ECB:0,b2460a696f23bce9147e65ae86ebaac4fb6c50721928333acca11b3f1d9ee7c3,5,971,True,,,,,,,,,,,119355200,0.1193552,281.13087657680603,125000000,1.0472941271096692,
41fe6b46-d014-4944-8798-d1f805277064,2003,AES-128,encrypt,cuda_baseline,baseline,pipeline,pinned,CTR,33554432,1,33554432:CTR:1,a09851217fdf78a8c6e3cee963be072c6fe07056d6107c482496bbb914fb57c7,0,972,True,,4789.242950418507,1206.8246540952887,0.007006207942962647,0.0278039,10318200,7006207.9429626465,10360600,20678800,27803900,,,,,,
41fe6b46-d014-4944-8798-d1f805277064,2003,AES-128,encrypt,cpu_software,software,transform,bytes,CTR,33554432,1,33554432:CTR:1,a09851217fdf78a8c6e3cee963be072c6fe07056d6107c482496bbb914fb57c7,1,973,True,,,,,,,,,,,128460700,0.1284607,261.2038701330446,125000000,0.9730602433273366,
41fe6b46-d014-4944-8798-d1f805277064,2003,AES-128,encrypt,cuda_optimized_v1,optimized,pipeline,pinned,CTR,33554432,1,33554432:CTR:1,a09851217fdf78a8c6e3cee963be072c6fe07056d6107c482496bbb914fb57c7,2,974,True,,4786.116828881809,1209.6176959375912,0.007010784149169922,0.0277397,10302400,7010784.149169922,10309300,20611700,27739700,,,,,,
41fe6b46-d014-4944-8798-d1f805277064,2003,AES-128,encrypt,cuda_baseline,baseline,resident,pinned,CTR,33554432,1,33554432:CTR:1,a09851217fdf78a8c6e3cee963be072c6fe07056d6107c482496bbb914fb57c7,3,975,True,1,4883.95789197092,,0.006870336055755615,,,6870336.055755615,,,,,,,,,6870336.055755615
41fe6b46-d014-4944-8798-d1f805277064,2003,AES-128,encrypt,cuda_optimized_v1,optimized,resident,pinned,CTR,33554432,1,33554432:CTR:1,a09851217fdf78a8c6e3cee963be072c6fe07056d6107c482496bbb914fb57c7,4,976,True,1,4827.76463425816,,0.00695030403137207,,,6950304.03137207,,,,,,,,,6950304.03137207
41fe6b46-d014-4944-8798-d1f805277064,2003,AES-128,encrypt,cpu_aesni,aesni,transform,bytes,CTR,33554432,1,33554432:CTR:1,a09851217fdf78a8c6e3cee963be072c6fe07056d6107c482496bbb914fb57c7,5,977,True,,,,,,,,,,,23410800,0.0234108,1433.2885676696226,31250000,1.3348539990090045,
41fe6b46-d014-4944-8798-d1f805277064,2003,AES-128,encrypt,cpu_software,software,transform,bytes,ECB,33554432,1,33554432:ECB:1,5a718170be09c04ce898e014c6a2d23d8bb32a4f828d4ab49ac429a7018b5b8b,0,978,True,,,,,,,,,,,116294200,0.1162942,288.53057160202314,109375000,0.9405026217988516,
41fe6b46-d014-4944-8798-d1f805277064,2003,AES-128,encrypt,cuda_optimized_v1,optimized,resident,pinned,ECB,33554432,1,33554432:ECB:1,5a718170be09c04ce898e014c6a2d23d8bb32a4f828d4ab49ac429a7018b5b8b,1,979,True,1,5032.061761788228,,0.00666812801361084,,,6668128.01361084,,,,,,,,,6668128.01361084
41fe6b46-d014-4944-8798-d1f805277064,2003,AES-128,encrypt,cuda_optimized_v1,optimized,pipeline,pinned,ECB,33554432,1,33554432:ECB:1,5a718170be09c04ce898e014c6a2d23d8bb32a4f828d4ab49ac429a7018b5b8b,2,980,True,,5120.349958019512,1174.7516717431643,0.006553152084350586,0.028563,11605900,6553152.084350586,10280700,21886600,28563000,,,,,,
41fe6b46-d014-4944-8798-d1f805277064,2003,AES-128,encrypt,cuda_baseline,baseline,pipeline,pinned,ECB,33554432,1,33554432:ECB:1,5a718170be09c04ce898e014c6a2d23d8bb32a4f828d4ab49ac429a7018b5b8b,3,981,True,,5065.878047997766,1217.1426498646993,0.006623616218566894,0.0275682,10384800,6623616.2185668945,10418900,20803700,27568200,,,,,,
41fe6b46-d014-4944-8798-d1f805277064,2003,AES-128,encrypt,cpu_aesni,aesni,transform,bytes,ECB,33554432,1,33554432:ECB:1,5a718170be09c04ce898e014c6a2d23d8bb32a4f828d4ab49ac429a7018b5b8b,4,982,True,,,,,,,,,,,17848400,0.0178484,1879.9686246386232,15625000,0.8754286098473812,
41fe6b46-d014-4944-8798-d1f805277064,2003,AES-128,encrypt,cuda_baseline,baseline,resident,pinned,ECB,33554432,1,33554432:ECB:1,5a718170be09c04ce898e014c6a2d23d8bb32a4f828d4ab49ac429a7018b5b8b,5,983,True,1,5042.733878257188,,0.0066540160179138184,,,6654016.017913818,,,,,,,,,6654016.017913818
41fe6b46-d014-4944-8798-d1f805277064,2003,AES-128,encrypt,cuda_baseline,baseline,pipeline,pinned,CTR,33554432,2,33554432:CTR:2,85d0e744397d6ddc560e7b49df0c043f1b46df3ebbbe7c0e2200cef8f487fbfc,0,984,True,,6930.992418978631,2168.551560116847,0.004841216087341308,0.0154732,5287400,4841216.087341309,5244800,10532200,15473200,,,,,,
41fe6b46-d014-4944-8798-d1f805277064,2003,AES-128,encrypt,cuda_baseline,baseline,resident,pinned,CTR,33554432,2,33554432:CTR:2,85d0e744397d6ddc560e7b49df0c043f1b46df3ebbbe7c0e2200cef8f487fbfc,1,985,True,1,6887.3797087599405,,0.004871871948242188,,,4871871.9482421875,,,,,,,,,4871871.9482421875
41fe6b46-d014-4944-8798-d1f805277064,2003,AES-128,encrypt,cuda_optimized_v1,optimized,resident,pinned,CTR,33554432,2,33554432:CTR:2,85d0e744397d6ddc560e7b49df0c043f1b46df3ebbbe7c0e2200cef8f487fbfc,2,986,True,1,6984.174629680681,,0.004804351806640625,,,4804351.806640625,,,,,,,,,4804351.806640625
41fe6b46-d014-4944-8798-d1f805277064,2003,AES-128,encrypt,cpu_aesni,aesni,transform,bytes,CTR,33554432,2,33554432:CTR:2,85d0e744397d6ddc560e7b49df0c043f1b46df3ebbbe7c0e2200cef8f487fbfc,3,987,True,,,,,,,,,,,23776400,0.0237764,1411.2494742686024,31250000,1.3143284938005753,
41fe6b46-d014-4944-8798-d1f805277064,2003,AES-128,encrypt,cuda_optimized_v1,optimized,pipeline,pinned,CTR,33554432,2,33554432:CTR:2,85d0e744397d6ddc560e7b49df0c043f1b46df3ebbbe7c0e2200cef8f487fbfc,4,988,True,,6800.677371698975,2133.7864460455444,0.00493398380279541,0.0157253,5375300,4933983.80279541,5299400,10674700,15725300,,,,,,
41fe6b46-d014-4944-8798-d1f805277064,2003,AES-128,encrypt,cpu_software,software,transform,bytes,CTR,33554432,2,33554432:CTR:2,85d0e744397d6ddc560e7b49df0c043f1b46df3ebbbe7c0e2200cef8f487fbfc,5,989,True,,,,,,,,,,,125773300,0.1257733,266.7850171697809,125000000,0.9938516362375799,
41fe6b46-d014-4944-8798-d1f805277064,2003,AES-128,encrypt,cuda_optimized_v1,optimized,resident,pinned,ECB,33554432,2,33554432:ECB:2,ab9816ef56a683068b87f983af397e3323de10e4412dd0ee58b8feb8c1390291,0,990,True,1,7112.847452693363,,0.004717440128326416,,,4717440.128326416,,,,,,,,,4717440.128326416
41fe6b46-d014-4944-8798-d1f805277064,2003,AES-128,encrypt,cuda_optimized_v1,optimized,pipeline,pinned,ECB,33554432,2,33554432:ECB:2,ab9816ef56a683068b87f983af397e3323de10e4412dd0ee58b8feb8c1390291,1,991,True,,7116.661444215938,2190.9092214974567,0.004714911937713623,0.0153153,5290800,4714911.937713623,5211200,10502000,15315300,,,,,,
41fe6b46-d014-4944-8798-d1f805277064,2003,AES-128,encrypt,cpu_software,software,transform,bytes,ECB,33554432,2,33554432:ECB:2,ab9816ef56a683068b87f983af397e3323de10e4412dd0ee58b8feb8c1390291,2,992,True,,,,,,,,,,,122176900,0.1221769,274.63810262005336,125000000,1.0231066592784726,
41fe6b46-d014-4944-8798-d1f805277064,2003,AES-128,encrypt,cuda_baseline,baseline,pipeline,pinned,ECB,33554432,2,33554432:ECB:2,ab9816ef56a683068b87f983af397e3323de10e4412dd0ee58b8feb8c1390291,3,993,True,,7004.655802935219,2089.186974659112,0.0047903041839599605,0.016061,5717300,4790304.183959961,5339500,11056800,16061000,,,,,,
41fe6b46-d014-4944-8798-d1f805277064,2003,AES-128,encrypt,cpu_aesni,aesni,transform,bytes,ECB,33554432,2,33554432:ECB:2,ab9816ef56a683068b87f983af397e3323de10e4412dd0ee58b8feb8c1390291,4,994,True,,,,,,,,,,,19173700,0.0191737,1750.0238347319505,31250000,1.6298367034010128,
41fe6b46-d014-4944-8798-d1f805277064,2003,AES-128,encrypt,cuda_baseline,baseline,resident,pinned,ECB,33554432,2,33554432:ECB:2,ab9816ef56a683068b87f983af397e3323de10e4412dd0ee58b8feb8c1390291,5,995,True,1,7129.435883846378,,0.004706463813781738,,,4706463.813781738,,,,,,,,,4706463.813781738
41fe6b46-d014-4944-8798-d1f805277064,2003,AES-128,encrypt,cpu_software,software,transform,bytes,CTR,33554432,3,33554432:CTR:3,dff962b230a527c74def1e5f826fa665b658884005872dab5befe65c4c0629ab,0,996,True,,,,,,,,,,,125879900,0.1258799,266.55909323092885,125000000,0.9930100039799841,
41fe6b46-d014-4944-8798-d1f805277064,2003,AES-128,encrypt,cuda_baseline,baseline,pipeline,pinned,CTR,33554432,3,33554432:CTR:3,dff962b230a527c74def1e5f826fa665b658884005872dab5befe65c4c0629ab,1,997,True,,6780.887114057482,2144.601303847629,0.004948383808135987,0.015646,5345700,4948383.808135986,5234300,10580000,15646000,,,,,,
41fe6b46-d014-4944-8798-d1f805277064,2003,AES-128,encrypt,cpu_aesni,aesni,transform,bytes,CTR,33554432,3,33554432:CTR:3,dff962b230a527c74def1e5f826fa665b658884005872dab5befe65c4c0629ab,2,998,True,,,,,,,,,,,23373100,0.0233731,1435.6004124399417,31250000,1.3370070722326093,
41fe6b46-d014-4944-8798-d1f805277064,2003,AES-128,encrypt,cuda_baseline,baseline,resident,pinned,CTR,33554432,3,33554432:CTR:3,dff962b230a527c74def1e5f826fa665b658884005872dab5befe65c4c0629ab,3,999,True,1,6819.341515041486,,0.004920479774475098,,,4920479.774475098,,,,,,,,,4920479.774475098
41fe6b46-d014-4944-8798-d1f805277064,2003,AES-128,encrypt,cuda_optimized_v1,optimized,pipeline,pinned,CTR,33554432,3,33554432:CTR:3,dff962b230a527c74def1e5f826fa665b658884005872dab5befe65c4c0629ab,4,1000,True,,6867.487160211078,2159.605079389598,0.004885983943939209,0.0155373,5287200,4885983.943939209,5262000,10549200,15537300,,,,,,
41fe6b46-d014-4944-8798-d1f805277064,2003,AES-128,encrypt,cuda_optimized_v1,optimized,resident,pinned,CTR,33554432,3,33554432:CTR:3,dff962b230a527c74def1e5f826fa665b658884005872dab5befe65c4c0629ab,5,1001,True,1,6864.4751828906565,,0.004888127803802491,,,4888127.80380249,,,,,,,,,4888127.80380249
41fe6b46-d014-4944-8798-d1f805277064,2003,AES-128,encrypt,cuda_optimized_v1,optimized,resident,pinned,ECB,33554432,3,33554432:ECB:3,9c97e178e424656dbd5045fb28585f88386287a9ac34814ac58dc7fadba360ca,0,1002,True,1,4819.3109116888145,,0.006962495803833008,,,6962495.803833008,,,,,,,,,6962495.803833008
41fe6b46-d014-4944-8798-d1f805277064,2003,AES-128,encrypt,cuda_baseline,baseline,pipeline,pinned,ECB,33554432,3,33554432:ECB:3,9c97e178e424656dbd5045fb28585f88386287a9ac34814ac58dc7fadba360ca,1,1003,True,,4836.694496954794,1212.476268595773,0.0069374718666076664,0.0276743,10288600,6937471.866607666,10350500,20639100,27674300,,,,,,
41fe6b46-d014-4944-8798-d1f805277064,2003,AES-128,encrypt,cpu_aesni,aesni,transform,bytes,ECB,33554432,3,33554432:ECB:3,9c97e178e424656dbd5045fb28585f88386287a9ac34814ac58dc7fadba360ca,2,1004,True,,,,,,,,,,,21210500,0.0212105,1581.9727021993824,15625000,0.7366634449918672,
41fe6b46-d014-4944-8798-d1f805277064,2003,AES-128,encrypt,cuda_optimized_v1,optimized,pipeline,pinned,ECB,33554432,3,33554432:ECB:3,9c97e178e424656dbd5045fb28585f88386287a9ac34814ac58dc7fadba360ca,3,1005,True,,4833.840494544574,1215.2119368390554,0.0069415678977966305,0.027612,10333300,6941567.897796631,10216000,20549300,27612000,,,,,,
41fe6b46-d014-4944-8798-d1f805277064,2003,AES-128,encrypt,cpu_software,software,transform,bytes,ECB,33554432,3,33554432:ECB:3,9c97e178e424656dbd5045fb28585f88386287a9ac34814ac58dc7fadba360ca,4,1006,True,,,,,,,,,,,120145200,0.1201452,279.2823350412667,125000000,1.0404077732610209,
41fe6b46-d014-4944-8798-d1f805277064,2003,AES-128,encrypt,cuda_baseline,baseline,resident,pinned,ECB,33554432,3,33554432:ECB:3,9c97e178e424656dbd5045fb28585f88386287a9ac34814ac58dc7fadba360ca,5,1007,True,1,4966.7769261647945,,0.006755775928497314,,,6755775.928497314,,,,,,,,,6755775.928497314
41fe6b46-d014-4944-8798-d1f805277064,2003,AES-128,encrypt,cuda_optimized_v1,optimized,resident,pinned,CTR,33554432,4,33554432:CTR:4,334b80f2935a1aa6291ac1834895a7e9d12939db073086fd9ce9d1f0ac824bfa,0,1008,True,1,4927.704183011631,,0.006809343814849853,,,6809343.8148498535,,,,,,,,,6809343.8148498535
41fe6b46-d014-4944-8798-d1f805277064,2003,AES-128,encrypt,cuda_optimized_v1,optimized,pipeline,pinned,CTR,33554432,4,33554432:CTR:4,334b80f2935a1aa6291ac1834895a7e9d12939db073086fd9ce9d1f0ac824bfa,1,1009,True,,4829.454431267477,1210.8398979492417,0.006947872161865235,0.0277117,10349900,6947872.161865234,10268900,20618800,27711700,,,,,,
41fe6b46-d014-4944-8798-d1f805277064,2003,AES-128,encrypt,cpu_software,software,transform,bytes,CTR,33554432,4,33554432:CTR:4,334b80f2935a1aa6291ac1834895a7e9d12939db073086fd9ce9d1f0ac824bfa,2,1010,True,,,,,,,,,,,126585700,0.1265857,265.07284788092176,140625000,1.1109074721710273,
41fe6b46-d014-4944-8798-d1f805277064,2003,AES-128,encrypt,cpu_aesni,aesni,transform,bytes,CTR,33554432,4,33554432:CTR:4,334b80f2935a1aa6291ac1834895a7e9d12939db073086fd9ce9d1f0ac824bfa,3,1011,True,,,,,,,,,,,23151000,0.023151,1449.372899658762,31250000,1.3498337004880998,
41fe6b46-d014-4944-8798-d1f805277064,2003,AES-128,encrypt,cuda_baseline,baseline,resident,pinned,CTR,33554432,4,33554432:CTR:4,334b80f2935a1aa6291ac1834895a7e9d12939db073086fd9ce9d1f0ac824bfa,4,1012,True,1,4646.501632753422,,0.007221439838409424,,,7221439.838409424,,,,,,,,,7221439.838409424
41fe6b46-d014-4944-8798-d1f805277064,2003,AES-128,encrypt,cuda_baseline,baseline,pipeline,pinned,CTR,33554432,4,33554432:CTR:4,334b80f2935a1aa6291ac1834895a7e9d12939db073086fd9ce9d1f0ac824bfa,5,1013,True,,4729.728157612922,1212.1871759950002,0.007094367980957032,0.0276809,10286500,7094367.980957031,10192400,20478900,27680900,,,,,,
41fe6b46-d014-4944-8798-d1f805277064,2003,AES-128,encrypt,cpu_aesni,aesni,transform,bytes,ECB,33554432,4,33554432:ECB:4,f9616743ac662c9420e8a9637a46af220f30b9b20f389d50e2e014a69155cc68,0,1014,True,,,,,,,,,,,17610100,0.0176101,1905.4083736037842,15625000,0.8872749160992839,
41fe6b46-d014-4944-8798-d1f805277064,2003,AES-128,encrypt,cpu_software,software,transform,bytes,ECB,33554432,4,33554432:ECB:4,f9616743ac662c9420e8a9637a46af220f30b9b20f389d50e2e014a69155cc68,1,1015,True,,,,,,,,,,,119732200,0.1197322,280.2456816127992,109375000,0.9134969540357565,
41fe6b46-d014-4944-8798-d1f805277064,2003,AES-128,encrypt,cuda_baseline,baseline,resident,pinned,ECB,33554432,4,33554432:ECB:4,f9616743ac662c9420e8a9637a46af220f30b9b20f389d50e2e014a69155cc68,2,1016,True,1,4901.605611157889,,0.006845600128173828,,,6845600.128173828,,,,,,,,,6845600.128173828
41fe6b46-d014-4944-8798-d1f805277064,2003,AES-128,encrypt,cuda_optimized_v1,optimized,pipeline,pinned,ECB,33554432,4,33554432:ECB:4,f9616743ac662c9420e8a9637a46af220f30b9b20f389d50e2e014a69155cc68,3,1017,True,,4797.5914241549435,1210.534115957819,0.006994016170501709,0.0277187,10404100,6994016.170501709,10204100,20608200,27718700,,,,,,
41fe6b46-d014-4944-8798-d1f805277064,2003,AES-128,encrypt,cuda_baseline,baseline,pipeline,pinned,ECB,33554432,4,33554432:ECB:4,f9616743ac662c9420e8a9637a46af220f30b9b20f389d50e2e014a69155cc68,4,1018,True,,4797.459937744671,1202.9825725010487,0.006994207859039306,0.0278927,10519200,6994207.859039307,10258500,20777700,27892700,,,,,,
41fe6b46-d014-4944-8798-d1f805277064,2003,AES-128,encrypt,cuda_optimized_v1,optimized,resident,pinned,ECB,33554432,4,33554432:ECB:4,f9616743ac662c9420e8a9637a46af220f30b9b20f389d50e2e014a69155cc68,5,1019,True,1,4844.828745133501,,0.006925824165344238,,,6925824.165344238,,,,,,,,,6925824.165344238
41fe6b46-d014-4944-8798-d1f805277064,2003,AES-128,encrypt,cuda_baseline,baseline,pipeline,pinned,ECB,33554432,5,33554432:ECB:5,34cce5bfb73f971c154a020fe196471709a4fc468c65ebb5fc7b4ca65e406cb3,0,1020,True,,6864.74438469243,2062.9584634680177,0.004887936115264893,0.0162652,5832000,4887936.115264893,5412700,11244700,16265200,,,,,,
41fe6b46-d014-4944-8798-d1f805277064,2003,AES-128,encrypt,cuda_optimized_v1,optimized,resident,pinned,ECB,33554432,5,33554432:ECB:5,34cce5bfb73f971c154a020fe196471709a4fc468c65ebb5fc7b4ca65e406cb3,1,1021,True,1,6913.763791437784,,0.004853280067443848,,,4853280.067443848,,,,,,,,,4853280.067443848
41fe6b46-d014-4944-8798-d1f805277064,2003,AES-128,encrypt,cpu_software,software,transform,bytes,ECB,33554432,5,33554432:ECB:5,34cce5bfb73f971c154a020fe196471709a4fc468c65ebb5fc7b4ca65e406cb3,2,1022,True,,,,,,,,,,,119819400,0.1198194,280.0417294695183,125000000,1.0432367379572924,
41fe6b46-d014-4944-8798-d1f805277064,2003,AES-128,encrypt,cuda_optimized_v1,optimized,pipeline,pinned,ECB,33554432,5,33554432:ECB:5,34cce5bfb73f971c154a020fe196471709a4fc468c65ebb5fc7b4ca65e406cb3,3,1023,True,,6870.862023721643,2155.5817374713324,0.004883584022521973,0.0155663,5350500,4883584.022521973,5244400,10594900,15566300,,,,,,
41fe6b46-d014-4944-8798-d1f805277064,2003,AES-128,encrypt,cpu_aesni,aesni,transform,bytes,ECB,33554432,5,33554432:ECB:5,34cce5bfb73f971c154a020fe196471709a4fc468c65ebb5fc7b4ca65e406cb3,4,1024,True,,,,,,,,,,,20601500,0.0206015,1628.7373249520665,31250000,1.516879838846686,
41fe6b46-d014-4944-8798-d1f805277064,2003,AES-128,encrypt,cuda_baseline,baseline,resident,pinned,ECB,33554432,5,33554432:ECB:5,34cce5bfb73f971c154a020fe196471709a4fc468c65ebb5fc7b4ca65e406cb3,5,1025,True,1,6893.40136579987,,0.004867616176605224,,,4867616.176605225,,,,,,,,,4867616.176605225
41fe6b46-d014-4944-8798-d1f805277064,2003,AES-128,encrypt,cuda_baseline,baseline,pipeline,pinned,CTR,33554432,5,33554432:CTR:5,d51bab547cf612b1f28ed19aeea7ab6a277d4ef90433a2daef2751498fe2e085,0,1026,True,,6614.202411145295,2040.7383395267086,0.0050730881690979005,0.0164423,5975800,5073088.1690979,5190600,11166400,16442300,,,,,,
41fe6b46-d014-4944-8798-d1f805277064,2003,AES-128,encrypt,cpu_software,software,transform,bytes,CTR,33554432,5,33554432:CTR:5,d51bab547cf612b1f28ed19aeea7ab6a277d4ef90433a2daef2751498fe2e085,1,1027,True,,,,,,,,,,,126718200,0.1267182,264.79568049419896,140625000,1.1097458770721176,
41fe6b46-d014-4944-8798-d1f805277064,2003,AES-128,encrypt,cuda_optimized_v1,optimized,resident,pinned,CTR,33554432,5,33554432:CTR:5,d51bab547cf612b1f28ed19aeea7ab6a277d4ef90433a2daef2751498fe2e085,2,1028,True,1,6649.856745114767,,0.00504588794708252,,,5045887.9470825195,,,,,,,,,5045887.9470825195
41fe6b46-d014-4944-8798-d1f805277064,2003,AES-128,encrypt,cuda_baseline,baseline,resident,pinned,CTR,33554432,5,33554432:CTR:5,d51bab547cf612b1f28ed19aeea7ab6a277d4ef90433a2daef2751498fe2e085,3,1029,True,1,6669.482000101603,,0.0050310401916503905,,,5031040.191650391,,,,,,,,,5031040.191650391
41fe6b46-d014-4944-8798-d1f805277064,2003,AES-128,encrypt,cpu_aesni,aesni,transform,bytes,CTR,33554432,5,33554432:CTR:5,d51bab547cf612b1f28ed19aeea7ab6a277d4ef90433a2daef2751498fe2e085,4,1030,True,,,,,,,,,,,25235300,0.0252353,1329.6624965821686,31250000,1.2383446996865501,
41fe6b46-d014-4944-8798-d1f805277064,2003,AES-128,encrypt,cuda_optimized_v1,optimized,pipeline,pinned,CTR,33554432,5,33554432:CTR:5,d51bab547cf612b1f28ed19aeea7ab6a277d4ef90433a2daef2751498fe2e085,5,1031,True,,6695.63091844477,2073.0143392869277,0.005011392116546631,0.0161863,5750500,5011392.116546631,5234700,10985200,16186300,,,,,,
41fe6b46-d014-4944-8798-d1f805277064,2003,AES-128,encrypt,cpu_software,software,transform,bytes,ECB,33554432,6,33554432:ECB:6,261f59c8cb3713aff976a4497349347372c7b49ad537ddba5f16b0f0acb7a608,0,1032,True,,,,,,,,,,,119893200,0.1198932,279.86935038851243,109375000,0.9122702538592681,
41fe6b46-d014-4944-8798-d1f805277064,2003,AES-128,encrypt,cuda_optimized_v1,optimized,pipeline,pinned,ECB,33554432,6,33554432:ECB:6,261f59c8cb3713aff976a4497349347372c7b49ad537ddba5f16b0f0acb7a608,1,1033,True,,6944.57956641286,2158.8408780914638,0.004831744194030762,0.0155428,5318500,4831744.194030762,5273900,10592400,15542800,,,,,,
41fe6b46-d014-4944-8798-d1f805277064,2003,AES-128,encrypt,cpu_aesni,aesni,transform,bytes,ECB,33554432,6,33554432:ECB:6,261f59c8cb3713aff976a4497349347372c7b49ad537ddba5f16b0f0acb7a608,2,1034,True,,,,,,,,,,,20108800,0.0201088,1668.6441756842776,15625000,0.7770229949077021,
41fe6b46-d014-4944-8798-d1f805277064,2003,AES-128,encrypt,cuda_optimized_v1,optimized,resident,pinned,ECB,33554432,6,33554432:ECB:6,261f59c8cb3713aff976a4497349347372c7b49ad537ddba5f16b0f0acb7a608,3,1035,True,1,6901.159662424981,,0.004862143993377686,,,4862143.993377686,,,,,,,,,4862143.993377686
41fe6b46-d014-4944-8798-d1f805277064,2003,AES-128,encrypt,cuda_baseline,baseline,pipeline,pinned,ECB,33554432,6,33554432:ECB:6,261f59c8cb3713aff976a4497349347372c7b49ad537ddba5f16b0f0acb7a608,4,1036,True,,6796.62198649035,2138.5326059246418,0.004936927795410156,0.0156904,5368500,4936927.795410156,5286600,10655100,15690400,,,,,,
41fe6b46-d014-4944-8798-d1f805277064,2003,AES-128,encrypt,cuda_baseline,baseline,resident,pinned,ECB,33554432,6,33554432:ECB:6,261f59c8cb3713aff976a4497349347372c7b49ad537ddba5f16b0f0acb7a608,5,1037,True,1,6806.725417935176,,0.004929599761962891,,,4929599.761962891,,,,,,,,,4929599.761962891
41fe6b46-d014-4944-8798-d1f805277064,2003,AES-128,encrypt,cuda_baseline,baseline,resident,pinned,CTR,33554432,6,33554432:CTR:6,7c42d965f011c438c3a02690055cf213277e218a101685f86e6bd9532ff1e870,0,1038,True,1,4143.3247461094625,,0.008098431587219238,,,8098431.587219238,,,,,,,,,8098431.587219238
41fe6b46-d014-4944-8798-d1f805277064,2003,AES-128,encrypt,cuda_baseline,baseline,pipeline,pinned,CTR,33554432,6,33554432:CTR:6,7c42d965f011c438c3a02690055cf213277e218a101685f86e6bd9532ff1e870,1,1039,True,,4158.54056541465,1172.7193359545654,0.00806879997253418,0.0286125,10295100,8068799.97253418,10146600,20441700,28612500,,,,,,
41fe6b46-d014-4944-8798-d1f805277064,2003,AES-128,encrypt,cuda_optimized_v1,optimized,pipeline,pinned,CTR,33554432,6,33554432:CTR:6,7c42d965f011c438c3a02690055cf213277e218a101685f86e6bd9532ff1e870,2,1040,True,,4165.760083791702,1166.0683145848755,0.008054816246032714,0.0287757,10364700,8054816.246032715,10259900,20624600,28775700,,,,,,
41fe6b46-d014-4944-8798-d1f805277064,2003,AES-128,encrypt,cuda_optimized_v1,optimized,resident,pinned,CTR,33554432,6,33554432:CTR:6,7c42d965f011c438c3a02690055cf213277e218a101685f86e6bd9532ff1e870,3,1041,True,1,4141.360825762419,,0.008102272033691406,,,8102272.033691406,,,,,,,,,8102272.033691406
41fe6b46-d014-4944-8798-d1f805277064,2003,AES-128,encrypt,cpu_aesni,aesni,transform,bytes,CTR,33554432,6,33554432:CTR:6,7c42d965f011c438c3a02690055cf213277e218a101685f86e6bd9532ff1e870,4,1042,True,,,,,,,,,,,23212300,0.0232123,1445.5453358779612,15625000,0.6731345019666297,
41fe6b46-d014-4944-8798-d1f805277064,2003,AES-128,encrypt,cpu_software,software,transform,bytes,CTR,33554432,6,33554432:CTR:6,7c42d965f011c438c3a02690055cf213277e218a101685f86e6bd9532ff1e870,5,1043,True,,,,,,,,,,,124076500,0.1240765,270.4334180928701,125000000,1.0074429888012637,
41fe6b46-d014-4944-8798-d1f805277064,2003,AES-128,encrypt,cuda_optimized_v1,optimized,pipeline,pinned,CTR,33554432,7,33554432:CTR:7,b7c48503c958c937b37cde980f9e183fbd92becd99e178393faf4b67a8480620,0,1044,True,,5329.321453083867,1240.4137370152675,0.006296192169189453,0.027051,10366900,6296192.169189453,10284100,20651000,27051000,,,,,,
41fe6b46-d014-4944-8798-d1f805277064,2003,AES-128,encrypt,cuda_baseline,baseline,resident,pinned,CTR,33554432,7,33554432:CTR:7,b7c48503c958c937b37cde980f9e183fbd92becd99e178393faf4b67a8480620,1,1045,True,1,5347.095061273772,,0.006275263786315918,,,6275263.786315918,,,,,,,,,6275263.786315918
41fe6b46-d014-4944-8798-d1f805277064,2003,AES-128,encrypt,cpu_aesni,aesni,transform,bytes,CTR,33554432,7,33554432:CTR:7,b7c48503c958c937b37cde980f9e183fbd92becd99e178393faf4b67a8480620,2,1046,True,,,,,,,,,,,23489900,0.0234899,1428.4621049898042,15625000,0.6651795026798751,
41fe6b46-d014-4944-8798-d1f805277064,2003,AES-128,encrypt,cuda_baseline,baseline,pipeline,pinned,CTR,33554432,7,33554432:CTR:7,b7c48503c958c937b37cde980f9e183fbd92becd99e178393faf4b67a8480620,3,1047,True,,5403.415444726918,1254.7183893862227,0.006209856033325196,0.0267426,10287100,6209856.033325195,10149700,20436800,26742600,,,,,,
41fe6b46-d014-4944-8798-d1f805277064,2003,AES-128,encrypt,cuda_optimized_v1,optimized,resident,pinned,CTR,33554432,7,33554432:CTR:7,b7c48503c958c937b37cde980f9e183fbd92becd99e178393faf4b67a8480620,4,1048,True,1,5349.577133176363,,0.006272352218627929,,,6272352.21862793,,,,,,,,,6272352.21862793
41fe6b46-d014-4944-8798-d1f805277064,2003,AES-128,encrypt,cpu_software,software,transform,bytes,CTR,33554432,7,33554432:CTR:7,b7c48503c958c937b37cde980f9e183fbd92becd99e178393faf4b67a8480620,5,1049,True,,,,,,,,,,,130105200,0.1301052,257.9023128975629,125000000,0.96076098418818,
41fe6b46-d014-4944-8798-d1f805277064,2003,AES-128,encrypt,cuda_optimized_v1,optimized,pipeline,pinned,ECB,33554432,7,33554432:ECB:7,0622660f4eba39a49dc5f27f5adfbe2388e64bf06e9cdf046c309de41f09f4fd,0,1050,True,,5414.576371870847,1242.3518260715027,0.0061970558166503905,0.0270088,10363900,6197055.816650391,10301500,20665400,27008800,,,,,,
41fe6b46-d014-4944-8798-d1f805277064,2003,AES-128,encrypt,cpu_software,software,transform,bytes,ECB,33554432,7,33554432:ECB:7,0622660f4eba39a49dc5f27f5adfbe2388e64bf06e9cdf046c309de41f09f4fd,1,1051,True,,,,,,,,,,,118457700,0.1184577,283.2608770894589,125000000,1.055228997355174,
41fe6b46-d014-4944-8798-d1f805277064,2003,AES-128,encrypt,cuda_baseline,baseline,pipeline,pinned,ECB,33554432,7,33554432:ECB:7,0622660f4eba39a49dc5f27f5adfbe2388e64bf06e9cdf046c309de41f09f4fd,2,1052,True,,5520.419143374756,1204.8140235473227,0.006078239917755127,0.0278503,10975500,6078239.917755127,10523400,21498900,27850300,,,,,,
41fe6b46-d014-4944-8798-d1f805277064,2003,AES-128,encrypt,cpu_aesni,aesni,transform,bytes,ECB,33554432,7,33554432:ECB:7,0622660f4eba39a49dc5f27f5adfbe2388e64bf06e9cdf046c309de41f09f4fd,3,1053,True,,,,,,,,,,,17631800,0.0176318,1903.0633287582664,31250000,1.7723658389954513,
41fe6b46-d014-4944-8798-d1f805277064,2003,AES-128,encrypt,cuda_baseline,baseline,resident,pinned,ECB,33554432,7,33554432:ECB:7,0622660f4eba39a49dc5f27f5adfbe2388e64bf06e9cdf046c309de41f09f4fd,4,1054,True,1,5564.833497848047,,0.006029727935791015,,,6029727.935791016,,,,,,,,,6029727.935791016
41fe6b46-d014-4944-8798-d1f805277064,2003,AES-128,encrypt,cuda_optimized_v1,optimized,resident,pinned,ECB,33554432,7,33554432:ECB:7,0622660f4eba39a49dc5f27f5adfbe2388e64bf06e9cdf046c309de41f09f4fd,5,1055,True,1,5639.294311717255,,0.005950111865997315,,,5950111.865997314,,,,,,,,,5950111.865997314
41fe6b46-d014-4944-8798-d1f805277064,2003,AES-128,encrypt,cpu_aesni,aesni,transform,bytes,CTR,33554432,8,33554432:CTR:8,45eb1759cea0375ef92e77418ff385724881abe600d253e759e7b8fe4db458ad,0,1056,True,,,,,,,,,,,22331800,0.0223318,1502.5404132224003,15625000,0.6996749030530455,
41fe6b46-d014-4944-8798-d1f805277064,2003,AES-128,encrypt,cuda_optimized_v1,optimized,pipeline,pinned,CTR,33554432,8,33554432:CTR:8,45eb1759cea0375ef92e77418ff385724881abe600d253e759e7b8fe4db458ad,1,1057,True,,5371.96823647159,1208.676538922889,0.0062462081909179686,0.0277613,11235200,6246208.190917969,10131100,21366300,27761300,,,,,,
41fe6b46-d014-4944-8798-d1f805277064,2003,AES-128,encrypt,cuda_optimized_v1,optimized,resident,pinned,CTR,33554432,8,33554432:CTR:8,45eb1759cea0375ef92e77418ff385724881abe600d253e759e7b8fe4db458ad,2,1058,True,1,5422.584552845637,,0.006187903881072998,,,6187903.881072998,,,,,,,,,6187903.881072998
41fe6b46-d014-4944-8798-d1f805277064,2003,AES-128,encrypt,cuda_baseline,baseline,pipeline,pinned,CTR,33554432,8,33554432:CTR:8,45eb1759cea0375ef92e77418ff385724881abe600d253e759e7b8fe4db458ad,3,1059,True,,5043.218883666696,1241.051444126774,0.00665337610244751,0.0270371,10230900,6653376.10244751,10082500,20313400,27037100,,,,,,
41fe6b46-d014-4944-8798-d1f805277064,2003,AES-128,encrypt,cuda_baseline,baseline,resident,pinned,CTR,33554432,8,33554432:CTR:8,45eb1759cea0375ef92e77418ff385724881abe600d253e759e7b8fe4db458ad,4,1060,True,1,5029.599846819541,,0.0066713919639587406,,,6671391.96395874,,,,,,,,,6671391.96395874
41fe6b46-d014-4944-8798-d1f805277064,2003,AES-128,encrypt,cpu_software,software,transform,bytes,CTR,33554432,8,33554432:CTR:8,45eb1759cea0375ef92e77418ff385724881abe600d253e759e7b8fe4db458ad,5,1061,True,,,,,,,,,,,123887800,0.1238878,270.8453294028952,125000000,1.008977478008327,
41fe6b46-d014-4944-8798-d1f805277064,2003,AES-128,encrypt,cuda_optimized_v1,optimized,resident,pinned,ECB,33554432,8,33554432:ECB:8,7b98e4694cdbf3052e92e2e1987131ab60401ceaaf4070b9a86dbea06e23f963,0,1062,True,1,4541.551007533933,,0.007388319969177246,,,7388319.969177246,,,,,,,,,7388319.969177246
41fe6b46-d014-4944-8798-d1f805277064,2003,AES-128,encrypt,cuda_baseline,baseline,pipeline,pinned,ECB,33554432,8,33554432:ECB:8,7b98e4694cdbf3052e92e2e1987131ab60401ceaaf4070b9a86dbea06e23f963,1,1063,True,,4597.364081517156,1192.8428925907756,0.007298624038696289,0.0281298,10458200,7298624.038696289,10240900,20699100,28129800,,,,,,
41fe6b46-d014-4944-8798-d1f805277064,2003,AES-128,encrypt,cpu_software,software,transform,bytes,ECB,33554432,8,33554432:ECB:8,7b98e4694cdbf3052e92e2e1987131ab60401ceaaf4070b9a86dbea06e23f963,2,1064,True,,,,,,,,,,,122129800,0.1221298,274.74401824943624,125000000,1.023501225745068,
41fe6b46-d014-4944-8798-d1f805277064,2003,AES-128,encrypt,cuda_optimized_v1,optimized,pipeline,pinned,ECB,33554432,8,33554432:ECB:8,7b98e4694cdbf3052e92e2e1987131ab60401ceaaf4070b9a86dbea06e23f963,3,1065,True,,4409.245995933671,1193.751049508332,0.007610015869140625,0.0281084,10238500,7610015.869140625,10124800,20363300,28108400,,,,,,
41fe6b46-d014-4944-8798-d1f805277064,2003,AES-128,encrypt,cuda_baseline,baseline,resident,pinned,ECB,33554432,8,33554432:ECB:8,7b98e4694cdbf3052e92e2e1987131ab60401ceaaf4070b9a86dbea06e23f963,4,1066,True,1,4384.00891455958,,0.0076538238525390625,,,7653823.8525390625,,,,,,,,,7653823.8525390625
41fe6b46-d014-4944-8798-d1f805277064,2003,AES-128,encrypt,cpu_aesni,aesni,transform,bytes,ECB,33554432,8,33554432:ECB:8,7b98e4694cdbf3052e92e2e1987131ab60401ceaaf4070b9a86dbea06e23f963,5,1067,True,,,,,,,,,,,18920200,0.0189202,1773.471316370863,15625000,0.825836936184607,
41fe6b46-d014-4944-8798-d1f805277064,2003,AES-128,encrypt,cuda_optimized_v1,optimized,pipeline,pinned,CTR,33554432,9,33554432:CTR:9,9dc77c516d135c66224d175e17b7727531857fd3c561ebe37fcc8c05bce521a0,0,1068,True,,3825.3142460497775,1140.872592753781,0.008771679878234863,0.0294112,10296400,8771679.878234863,10224300,20520700,29411200,,,,,,
41fe6b46-d014-4944-8798-d1f805277064,2003,AES-128,encrypt,cpu_software,software,transform,bytes,CTR,33554432,9,33554432:CTR:9,9dc77c516d135c66224d175e17b7727531857fd3c561ebe37fcc8c05bce521a0,1,1069,True,,,,,,,,,,,125582000,0.125582,267.1914127820866,125000000,0.9953655778694399,
41fe6b46-d014-4944-8798-d1f805277064,2003,AES-128,encrypt,cpu_aesni,aesni,transform,bytes,CTR,33554432,9,33554432:CTR:9,9dc77c516d135c66224d175e17b7727531857fd3c561ebe37fcc8c05bce521a0,2,1070,True,,,,,,,,,,,22536700,0.0225367,1488.8795608940084,31250000,1.386627145944171,
41fe6b46-d014-4944-8798-d1f805277064,2003,AES-128,encrypt,cuda_baseline,baseline,resident,pinned,CTR,33554432,9,33554432:CTR:9,9dc77c516d135c66224d175e17b7727531857fd3c561ebe37fcc8c05bce521a0,3,1071,True,1,3311.508649825499,,0.010132672309875489,,,10132672.309875488,,,,,,,,,10132672.309875488
41fe6b46-d014-4944-8798-d1f805277064,2003,AES-128,encrypt,cuda_optimized_v1,optimized,resident,pinned,CTR,33554432,9,33554432:CTR:9,9dc77c516d135c66224d175e17b7727531857fd3c561ebe37fcc8c05bce521a0,4,1072,True,1,3362.987162864389,,0.009977567672729492,,,9977567.672729492,,,,,,,,,9977567.672729492
41fe6b46-d014-4944-8798-d1f805277064,2003,AES-128,encrypt,cuda_baseline,baseline,pipeline,pinned,CTR,33554432,9,33554432:CTR:9,9dc77c516d135c66224d175e17b7727531857fd3c561ebe37fcc8c05bce521a0,5,1073,True,,3363.159785280807,648.1618587328999,0.009977055549621581,0.0517686,21118100,9977055.549621582,20462100,41580200,51768600,,,,,,
41fe6b46-d014-4944-8798-d1f805277064,2003,AES-128,encrypt,cpu_software,software,transform,bytes,ECB,33554432,9,33554432:ECB:9,1ec0fc34930a45fd3e8185a291eeec754e9837d509b16f53cc48c6b8198110ea,0,1074,True,,,,,,,,,,,114781400,0.1147814,292.3333571467154,109375000,0.9528982918835281,
41fe6b46-d014-4944-8798-d1f805277064,2003,AES-128,encrypt,cuda_optimized_v1,optimized,resident,pinned,ECB,33554432,9,33554432:ECB:9,1ec0fc34930a45fd3e8185a291eeec754e9837d509b16f53cc48c6b8198110ea,1,1075,True,1,5147.143052583427,,0.006519040107727051,,,6519040.107727051,,,,,,,,,6519040.107727051
41fe6b46-d014-4944-8798-d1f805277064,2003,AES-128,encrypt,cuda_baseline,baseline,resident,pinned,ECB,33554432,9,33554432:ECB:9,1ec0fc34930a45fd3e8185a291eeec754e9837d509b16f53cc48c6b8198110ea,2,1076,True,1,5159.95933390123,,0.006502848148345947,,,6502848.148345947,,,,,,,,,6502848.148345947
41fe6b46-d014-4944-8798-d1f805277064,2003,AES-128,encrypt,cpu_aesni,aesni,transform,bytes,ECB,33554432,9,33554432:ECB:9,1ec0fc34930a45fd3e8185a291eeec754e9837d509b16f53cc48c6b8198110ea,3,1077,True,,,,,,,,,,,17578500,0.0175785,1908.8336319936286,15625000,0.8888699263304605,
41fe6b46-d014-4944-8798-d1f805277064,2003,AES-128,encrypt,cuda_optimized_v1,optimized,pipeline,pinned,ECB,33554432,9,33554432:ECB:9,1ec0fc34930a45fd3e8185a291eeec754e9837d509b16f53cc48c6b8198110ea,4,1078,True,,5221.341814387001,1237.4540211021658,0.006426400184631348,0.0271157,10321500,6426400.184631348,10246000,20567500,27115700,,,,,,
41fe6b46-d014-4944-8798-d1f805277064,2003,AES-128,encrypt,cuda_baseline,baseline,pipeline,pinned,ECB,33554432,9,33554432:ECB:9,1ec0fc34930a45fd3e8185a291eeec754e9837d509b16f53cc48c6b8198110ea,5,1079,True,,5227.015960002698,1241.6300764121445,0.006419424057006836,0.0270245,10333300,6419424.057006836,10172700,20506000,27024500,,,,,,
41fe6b46-d014-4944-8798-d1f805277064,2003,AES-128,encrypt,cpu_aesni,aesni,transform,bytes,CTR,33554432,10,33554432:CTR:10,71ed3a682a6e7f406dba5de65f763fde5f39010b07282680a684c1d5882b27cb,0,1080,True,,,,,,,,,,,24041300,0.0240413,1395.6995669951293,31250000,1.2998465141236122,
41fe6b46-d014-4944-8798-d1f805277064,2003,AES-128,encrypt,cuda_baseline,baseline,resident,pinned,CTR,33554432,10,33554432:CTR:10,71ed3a682a6e7f406dba5de65f763fde5f39010b07282680a684c1d5882b27cb,1,1081,True,1,6878.704791910725,,0.004878015995025635,,,4878015.995025635,,,,,,,,,4878015.995025635
41fe6b46-d014-4944-8798-d1f805277064,2003,AES-128,encrypt,cuda_optimized_v1,optimized,pipeline,pinned,CTR,33554432,10,33554432:CTR:10,71ed3a682a6e7f406dba5de65f763fde5f39010b07282680a684c1d5882b27cb,2,1082,True,,6957.805223426855,2150.8424034973013,0.004822559833526611,0.0156006,5417800,4822559.833526611,5247900,10665700,15600600,,,,,,
41fe6b46-d014-4944-8798-d1f805277064,2003,AES-128,encrypt,cuda_baseline,baseline,pipeline,pinned,CTR,33554432,10,33554432:CTR:10,71ed3a682a6e7f406dba5de65f763fde5f39010b07282680a684c1d5882b27cb,3,1083,True,,6945.223854734552,2125.447013365427,0.0048312959671020506,0.015787,5444100,4831295.967102051,5396500,10840600,15787000,,,,,,
41fe6b46-d014-4944-8798-d1f805277064,2003,AES-128,encrypt,cpu_software,software,transform,bytes,CTR,33554432,10,33554432:CTR:10,71ed3a682a6e7f406dba5de65f763fde5f39010b07282680a684c1d5882b27cb,4,1084,True,,,,,,,,,,,127006400,0.1270064,264.1948122299349,125000000,0.9842023709041434,
41fe6b46-d014-4944-8798-d1f805277064,2003,AES-128,encrypt,cuda_optimized_v1,optimized,resident,pinned,CTR,33554432,10,33554432:CTR:10,71ed3a682a6e7f406dba5de65f763fde5f39010b07282680a684c1d5882b27cb,5,1085,True,1,6792.307208271763,,0.0049400639533996584,,,4940063.953399658,,,,,,,,,4940063.953399658
41fe6b46-d014-4944-8798-d1f805277064,2003,AES-128,encrypt,cuda_baseline,baseline,pipeline,pinned,ECB,33554432,10,33554432:ECB:10,810426bd2942da6eab3730d5279c132d2016e0c21f4704f557c8d0101dcdd364,0,1086,True,,7018.487384516444,2106.1293764671914,0.004780863761901856,0.0159318,5394600,4780863.7619018555,5618800,11013400,15931800,,,,,,
41fe6b46-d014-4944-8798-d1f805277064,2003,AES-128,encrypt,cuda_optimized_v1,optimized,pipeline,pinned,ECB,33554432,10,33554432:ECB:10,810426bd2942da6eab3730d5279c132d2016e0c21f4704f557c8d0101dcdd364,1,1087,True,,7052.806708120043,2133.081084517339,0.004757599830627441,0.0157305,5284200,4757599.830627441,5556700,10840900,15730500,,,,,,
41fe6b46-d014-4944-8798-d1f805277064,2003,AES-128,encrypt,cuda_optimized_v1,optimized,resident,pinned,ECB,33554432,10,33554432:ECB:10,810426bd2942da6eab3730d5279c132d2016e0c21f4704f557c8d0101dcdd364,2,1088,True,1,7109.857819266957,,0.004719423770904541,,,4719423.770904541,,,,,,,,,4719423.770904541
41fe6b46-d014-4944-8798-d1f805277064,2003,AES-128,encrypt,cuda_baseline,baseline,resident,pinned,ECB,33554432,10,33554432:ECB:10,810426bd2942da6eab3730d5279c132d2016e0c21f4704f557c8d0101dcdd364,3,1089,True,1,7115.984957332553,,0.004715360164642334,,,4715360.164642334,,,,,,,,,4715360.164642334
41fe6b46-d014-4944-8798-d1f805277064,2003,AES-128,encrypt,cpu_aesni,aesni,transform,bytes,ECB,33554432,10,33554432:ECB:10,810426bd2942da6eab3730d5279c132d2016e0c21f4704f557c8d0101dcdd364,4,1090,True,,,,,,,,,,,18474300,0.0184743,1816.2762323876952,15625000,0.8457695284801048,
41fe6b46-d014-4944-8798-d1f805277064,2003,AES-128,encrypt,cpu_software,software,transform,bytes,ECB,33554432,10,33554432:ECB:10,810426bd2942da6eab3730d5279c132d2016e0c21f4704f557c8d0101dcdd364,5,1091,True,,,,,,,,,,,118528000,0.118528,283.0928725701944,109375000,0.9227777402807775,
41fe6b46-d014-4944-8798-d1f805277064,2003,AES-128,encrypt,cuda_optimized_v1,optimized,pipeline,pinned,ECB,33554432,11,33554432:ECB:11,5d8552abbc872102e5a1e6238afd6d1147a1a6436e58c8756a7ff884fcd55130,0,1092,True,,6979.8040499519675,2162.48611164817,0.004807360172271728,0.0155166,5277700,4807360.1722717285,5293800,10571500,15516600,,,,,,
41fe6b46-d014-4944-8798-d1f805277064,2003,AES-128,encrypt,cpu_software,software,transform,bytes,ECB,33554432,11,33554432:ECB:11,5d8552abbc872102e5a1e6238afd6d1147a1a6436e58c8756a7ff884fcd55130,1,1093,True,,,,,,,,,,,118368800,0.1183688,283.47361804799914,109375000,0.9240188292860957,
41fe6b46-d014-4944-8798-d1f805277064,2003,AES-128,encrypt,cpu_aesni,aesni,transform,bytes,ECB,33554432,11,33554432:ECB:11,5d8552abbc872102e5a1e6238afd6d1147a1a6436e58c8756a7ff884fcd55130,2,1094,True,,,,,,,,,,,18064700,0.0180647,1857.4585794394593,15625000,0.8649465532225833,
41fe6b46-d014-4944-8798-d1f805277064,2003,AES-128,encrypt,cuda_baseline,baseline,resident,pinned,ECB,33554432,11,33554432:ECB:11,5d8552abbc872102e5a1e6238afd6d1147a1a6436e58c8756a7ff884fcd55130,3,1095,True,1,7053.233687982306,,0.004757311820983887,,,4757311.820983887,,,,,,,,,4757311.820983887
41fe6b46-d014-4944-8798-d1f805277064,2003,AES-128,encrypt,cuda_baseline,baseline,pipeline,pinned,ECB,33554432,11,33554432:ECB:11,5d8552abbc872102e5a1e6238afd6d1147a1a6436e58c8756a7ff884fcd55130,4,1096,True,,6988.5964943239605,2153.2163712668607,0.00480131196975708,0.0155834,5350100,4801311.96975708,5301000,10651100,15583400,,,,,,
41fe6b46-d014-4944-8798-d1f805277064,2003,AES-128,encrypt,cuda_optimized_v1,optimized,resident,pinned,ECB,33554432,11,33554432:ECB:11,5d8552abbc872102e5a1e6238afd6d1147a1a6436e58c8756a7ff884fcd55130,5,1097,True,1,7161.7196634556585,,0.0046852478981018065,,,4685247.898101807,,,,,,,,,4685247.898101807
41fe6b46-d014-4944-8798-d1f805277064,2003,AES-128,encrypt,cpu_aesni,aesni,transform,bytes,CTR,33554432,11,33554432:CTR:11,d5aade5794bf9777c0e6cddba5aaeb2ec568bd40660700d7f6e3ef52c4932f68,0,1098,True,,,,,,,,,,,23354000,0.023354,1436.774514001884,31250000,1.3381005395221375,
41fe6b46-d014-4944-8798-d1f805277064,2003,AES-128,encrypt,cuda_optimized_v1,optimized,pipeline,pinned,CTR,33554432,11,33554432:CTR:11,d5aade5794bf9777c0e6cddba5aaeb2ec568bd40660700d7f6e3ef52c4932f68,1,1099,True,,4220.131313835063,1167.585834931085,0.007951039791107178,0.0287383,10358100,7951039.791107178,10309400,20667500,28738300,,,,,,
41fe6b46-d014-4944-8798-d1f805277064,2003,AES-128,encrypt,cpu_software,software,transform,bytes,CTR,33554432,11,33554432:CTR:11,d5aade5794bf9777c0e6cddba5aaeb2ec568bd40660700d7f6e3ef52c4932f68,2,1100,True,,,,,,,,,,,124648100,0.1246481,269.1932889470437,125000000,1.0028231477254768,
41fe6b46-d014-4944-8798-d1f805277064,2003,AES-128,encrypt,cuda_baseline,baseline,pipeline,pinned,CTR,33554432,11,33554432:CTR:11,d5aade5794bf9777c0e6cddba5aaeb2ec568bd40660700d7f6e3ef52c4932f68,3,1101,True,,3951.939257865915,1145.171189865123,0.00849062442779541,0.0293008,10333800,8490624.42779541,10359200,20693000,29300800,,,,,,
41fe6b46-d014-4944-8798-d1f805277064,2003,AES-128,encrypt,cuda_baseline,baseline,resident,pinned,CTR,33554432,11,33554432:CTR:11,d5aade5794bf9777c0e6cddba5aaeb2ec568bd40660700d7f6e3ef52c4932f68,4,1102,True,1,3957.6224920735904,,0.008478431701660157,,,8478431.701660156,,,,,,,,,8478431.701660156
41fe6b46-d014-4944-8798-d1f805277064,2003,AES-128,encrypt,cuda_optimized_v1,optimized,resident,pinned,CTR,33554432,11,33554432:CTR:11,d5aade5794bf9777c0e6cddba5aaeb2ec568bd40660700d7f6e3ef52c4932f68,5,1103,True,1,3980.246503529117,,0.008430239677429199,,,8430239.6774292,,,,,,,,,8430239.6774292
41fe6b46-d014-4944-8798-d1f805277064,2003,AES-128,encrypt,cuda_baseline,baseline,resident,pinned,CTR,33554432,12,33554432:CTR:12,f9b163cbbd279525c4518897df1db5aeeeed075623f3adffcd50ce4e579c128e,0,1104,True,1,4135.709172920043,,0.008113344192504883,,,8113344.192504883,,,,,,,,,8113344.192504883
41fe6b46-d014-4944-8798-d1f805277064,2003,AES-128,encrypt,cuda_baseline,baseline,pipeline,pinned,CTR,33554432,12,33554432:CTR:12,f9b163cbbd279525c4518897df1db5aeeeed075623f3adffcd50ce4e579c128e,1,1105,True,,4134.029798542436,1160.0294549791706,0.008116640090942383,0.0289255,10471100,8116640.090942383,10187400,20658500,28925500,,,,,,
41fe6b46-d014-4944-8798-d1f805277064,2003,AES-128,encrypt,cpu_aesni,aesni,transform,bytes,CTR,33554432,12,33554432:CTR:12,f9b163cbbd279525c4518897df1db5aeeeed075623f3adffcd50ce4e579c128e,2,1106,True,,,,,,,,,,,23358600,0.0233586,1436.4915705564547,15625000,0.6689185139520348,
41fe6b46-d014-4944-8798-d1f805277064,2003,AES-128,encrypt,cuda_optimized_v1,optimized,pipeline,pinned,CTR,33554432,12,33554432:CTR:12,f9b163cbbd279525c4518897df1db5aeeeed075623f3adffcd50ce4e579c128e,3,1107,True,,4194.572517189232,1167.500521913404,0.00799948787689209,0.0287404,10407800,7999487.87689209,10184100,20591900,28740400,,,,,,
41fe6b46-d014-4944-8798-d1f805277064,2003,AES-128,encrypt,cuda_optimized_v1,optimized,resident,pinned,CTR,33554432,12,33554432:CTR:12,f9b163cbbd279525c4518897df1db5aeeeed075623f3adffcd50ce4e579c128e,4,1108,True,1,4172.108578597893,,0.008042559623718262,,,8042559.623718262,,,,,,,,,8042559.623718262
41fe6b46-d014-4944-8798-d1f805277064,2003,AES-128,encrypt,cpu_software,software,transform,bytes,CTR,33554432,12,33554432:CTR:12,f9b163cbbd279525c4518897df1db5aeeeed075623f3adffcd50ce4e579c128e,5,1109,True,,,,,,,,,,,129636900,0.1296369,258.83395854112524,140625000,1.0847605889989655,
41fe6b46-d014-4944-8798-d1f805277064,2003,AES-128,encrypt,cuda_baseline,baseline,pipeline,pinned,ECB,33554432,12,33554432:ECB:12,d80ef5650e244d849266ff88e1d23523043944f3656de11fc1c35da55b486ed2,0,1110,True,,4293.624228118585,1173.5724703322992,0.007814943790435791,0.0285917,10258800,7814943.790435791,10407800,20666600,28591700,,,,,,
41fe6b46-d014-4944-8798-d1f805277064,2003,AES-128,encrypt,cuda_baseline,baseline,resident,pinned,ECB,33554432,12,33554432:ECB:12,d80ef5650e244d849266ff88e1d23523043944f3656de11fc1c35da55b486ed2,1,1111,True,1,4330.042117143728,,0.007749216079711914,,,7749216.079711914,,,,,,,,,7749216.079711914
41fe6b46-d014-4944-8798-d1f805277064,2003,AES-128,encrypt,cpu_aesni,aesni,transform,bytes,ECB,33554432,12,33554432:ECB:12,d80ef5650e244d849266ff88e1d23523043944f3656de11fc1c35da55b486ed2,2,1112,True,,,,,,,,,,,17697000,0.017697,1896.0519862123524,15625000,0.8829180087020398,
41fe6b46-d014-4944-8798-d1f805277064,2003,AES-128,encrypt,cuda_optimized_v1,optimized,pipeline,pinned,ECB,33554432,12,33554432:ECB:12,d80ef5650e244d849266ff88e1d23523043944f3656de11fc1c35da55b486ed2,3,1113,True,,4284.011219698938,1174.9532356844468,0.00783247995376587,0.0285581,10348500,7832479.953765869,10289000,20637500,28558100,,,,,,
41fe6b46-d014-4944-8798-d1f805277064,2003,AES-128,encrypt,cpu_software,software,transform,bytes,ECB,33554432,12,33554432:ECB:12,d80ef5650e244d849266ff88e1d23523043944f3656de11fc1c35da55b486ed2,4,1114,True,,,,,,,,,,,118907600,0.1189076,282.18912836521804,109375000,0.9198318694515741,
41fe6b46-d014-4944-8798-d1f805277064,2003,AES-128,encrypt,cuda_optimized_v1,optimized,resident,pinned,ECB,33554432,12,33554432:ECB:12,d80ef5650e244d849266ff88e1d23523043944f3656de11fc1c35da55b486ed2,5,1115,True,1,4269.72447848538,,0.00785868787765503,,,7858687.877655029,,,,,,,,,7858687.877655029
41fe6b46-d014-4944-8798-d1f805277064,2003,AES-128,encrypt,cuda_optimized_v1,optimized,resident,pinned,CTR,33554432,13,33554432:CTR:13,d7d68a097ad8378591687851219376ec7ee576ff74d93caddeea7caf45d6f1e0,0,1116,True,1,4344.052115336426,,0.007724224090576172,,,7724224.090576172,,,,,,,,,7724224.090576172
41fe6b46-d014-4944-8798-d1f805277064,2003,AES-128,encrypt,cuda_baseline,baseline,pipeline,pinned,CTR,33554432,13,33554432:CTR:13,d7d68a097ad8378591687851219376ec7ee576ff74d93caddeea7caf45d6f1e0,1,1117,True,,4260.962557397255,1151.7078377868163,0.007874847888946533,0.0291345,10338100,7874847.888946533,10772900,21111000,29134500,,,,,,
41fe6b46-d014-4944-8798-d1f805277064,2003,AES-128,encrypt,cuda_optimized_v1,optimized,pipeline,pinned,CTR,33554432,13,33554432:CTR:13,d7d68a097ad8378591687851219376ec7ee576ff74d93caddeea7caf45d6f1e0,2,1118,True,,4162.865921241691,1170.8288233590497,0.008060416221618653,0.0286587,10292400,8060416.221618652,10203000,20495400,28658700,,,,,,
41fe6b46-d014-4944-8798-d1f805277064,2003,AES-128,encrypt,cuda_baseline,baseline,resident,pinned,CTR,33554432,13,33554432:CTR:13,d7d68a097ad8378591687851219376ec7ee576ff74d93caddeea7caf45d6f1e0,3,1119,True,1,4224.0583400867645,,0.007943647861480713,,,7943647.861480713,,,,,,,,,7943647.861480713
41fe6b46-d014-4944-8798-d1f805277064,2003,AES-128,encrypt,cpu_software,software,transform,bytes,CTR,33554432,13,33554432:CTR:13,d7d68a097ad8378591687851219376ec7ee576ff74d93caddeea7caf45d6f1e0,4,1120,True,,,,,,,,,,,126409500,0.1264095,265.4423283060213,125000000,0.9888497304395635,
41fe6b46-d014-4944-8798-d1f805277064,2003,AES-128,encrypt,cpu_aesni,aesni,transform,bytes,CTR,33554432,13,33554432:CTR:13,d7d68a097ad8378591687851219376ec7ee576ff74d93caddeea7caf45d6f1e0,5,1121,True,,,,,,,,,,,22734700,0.0227347,1475.9126797362621,15625000,0.6872753983998029,
41fe6b46-d014-4944-8798-d1f805277064,2003,AES-128,encrypt,cpu_aesni,aesni,transform,bytes,ECB,33554432,13,33554432:ECB:13,0e1b4b845b1b569428c91a1b652d1af2000adff733b030e3bb1f10ce055dbca7,0,1122,True,,,,,,,,,,,18059800,0.0180598,1857.962546650572,15625000,0.8651812312428709,
41fe6b46-d014-4944-8798-d1f805277064,2003,AES-128,encrypt,cuda_optimized_v1,optimized,pipeline,pinned,ECB,33554432,13,33554432:ECB:13,0e1b4b845b1b569428c91a1b652d1af2000adff733b030e3bb1f10ce055dbca7,1,1123,True,,2900.0796218423206,630.5860951110193,0.011570176124572755,0.0532115,21038800,11570176.124572754,20434200,41473000,53211500,,,,,,
41fe6b46-d014-4944-8798-d1f805277064,2003,AES-128,encrypt,cuda_optimized_v1,optimized,resident,pinned,ECB,33554432,13,33554432:ECB:13,0e1b4b845b1b569428c91a1b652d1af2000adff733b030e3bb1f10ce055dbca7,2,1124,True,1,2935.1733550770564,,0.01143183994293213,,,11431839.942932129,,,,,,,,,11431839.942932129
41fe6b46-d014-4944-8798-d1f805277064,2003,AES-128,encrypt,cuda_baseline,baseline,pipeline,pinned,ECB,33554432,13,33554432:ECB:13,0e1b4b845b1b569428c91a1b652d1af2000adff733b030e3bb1f10ce055dbca7,3,1125,True,,2931.6117869171376,639.9096807167567,0.011445728302001953,0.0524362,20641900,11445728.302001953,20198100,40840000,52436200,,,,,,
41fe6b46-d014-4944-8798-d1f805277064,2003,AES-128,encrypt,cpu_software,software,transform,bytes,ECB,33554432,13,33554432:ECB:13,0e1b4b845b1b569428c91a1b652d1af2000adff733b030e3bb1f10ce055dbca7,4,1126,True,,,,,,,,,,,118065200,0.1180652,284.2025592638644,109375000,0.926394907220756,
41fe6b46-d014-4944-8798-d1f805277064,2003,AES-128,encrypt,cuda_baseline,baseline,resident,pinned,ECB,33554432,13,33554432:ECB:13,0e1b4b845b1b569428c91a1b652d1af2000adff733b030e3bb1f10ce055dbca7,5,1127,True,1,8299.964706847375,,0.004042719841003418,,,4042719.841003418,,,,,,,,,4042719.841003418
41fe6b46-d014-4944-8798-d1f805277064,2003,AES-128,encrypt,cuda_baseline,baseline,resident,pinned,CTR,33554432,14,33554432:CTR:14,4a65c072bd72f74d2223d5e0a0b3bc00e836f14e06950d3abebcbf3d369ebfcf,0,1128,True,1,7905.011473273968,,0.004244703769683838,,,4244703.769683838,,,,,,,,,4244703.769683838
41fe6b46-d014-4944-8798-d1f805277064,2003,AES-128,encrypt,cuda_baseline,baseline,pipeline,pinned,CTR,33554432,14,33554432:CTR:14,4a65c072bd72f74d2223d5e0a0b3bc00e836f14e06950d3abebcbf3d369ebfcf,1,1129,True,,7909.662130753309,2230.0045192333255,0.004242208003997803,0.0150468,5403200,4242208.003997803,5256400,10659600,15046800,,,,,,
41fe6b46-d014-4944-8798-d1f805277064,2003,AES-128,encrypt,cpu_software,software,transform,bytes,CTR,33554432,14,33554432:CTR:14,4a65c072bd72f74d2223d5e0a0b3bc00e836f14e06950d3abebcbf3d369ebfcf,2,1130,True,,,,,,,,,,,125687600,0.1256876,266.96692434257636,125000000,0.9945292932636155,
41fe6b46-d014-4944-8798-d1f805277064,2003,AES-128,encrypt,cuda_optimized_v1,optimized,resident,pinned,CTR,33554432,14,33554432:CTR:14,4a65c072bd72f74d2223d5e0a0b3bc00e836f14e06950d3abebcbf3d369ebfcf,3,1131,True,1,7978.087721038356,,0.00420582389831543,,,4205823.89831543,,,,,,,,,4205823.89831543
41fe6b46-d014-4944-8798-d1f805277064,2003,AES-128,encrypt,cuda_optimized_v1,optimized,pipeline,pinned,CTR,33554432,14,33554432:CTR:14,4a65c072bd72f74d2223d5e0a0b3bc00e836f14e06950d3abebcbf3d369ebfcf,4,1132,True,,8201.675560734335,2152.705249854046,0.00409116792678833,0.0155871,6216000,4091167.92678833,5173400,11389400,15587100,,,,,,
41fe6b46-d014-4944-8798-d1f805277064,2003,AES-128,encrypt,cpu_aesni,aesni,transform,bytes,CTR,33554432,14,33554432:CTR:14,4a65c072bd72f74d2223d5e0a0b3bc00e836f14e06950d3abebcbf3d369ebfcf,5,1133,True,,,,,,,,,,,24494900,0.0244949,1369.8538063025364,31250000,1.2757757737324913,
41fe6b46-d014-4944-8798-d1f805277064,2003,AES-128,encrypt,cpu_aesni,aesni,transform,bytes,ECB,33554432,14,33554432:ECB:14,0099951642be55dfcc46f0545482d5271d3ad198ce714d480f0d9ccfb966ab68,0,1134,True,,,,,,,,,,,17799500,0.0177995,1885.133402623669,15625000,0.8778336470125565,
41fe6b46-d014-4944-8798-d1f805277064,2003,AES-128,encrypt,cuda_optimized_v1,optimized,pipeline,pinned,ECB,33554432,14,33554432:ECB:14,0099951642be55dfcc46f0545482d5271d3ad198ce714d480f0d9ccfb966ab68,1,1135,True,,8192.832253121936,2252.4288111700344,0.004095583915710449,0.014897,5373500,4095583.915710449,5286300,10659800,14897000,,,,,,
41fe6b46-d014-4944-8798-d1f805277064,2003,AES-128,encrypt,cuda_baseline,baseline,resident,pinned,ECB,33554432,14,33554432:ECB:14,0099951642be55dfcc46f0545482d5271d3ad198ce714d480f0d9ccfb966ab68,2,1136,True,1,8198.340727078226,,0.004092832088470459,,,4092832.088470459,,,,,,,,,4092832.088470459
41fe6b46-d014-4944-8798-d1f805277064,2003,AES-128,encrypt,cpu_software,software,transform,bytes,ECB,33554432,14,33554432:ECB:14,0099951642be55dfcc46f0545482d5271d3ad198ce714d480f0d9ccfb966ab68,3,1137,True,,,,,,,,,,,119796400,0.1197964,280.09549535712256,125000000,1.043437031496773,
41fe6b46-d014-4944-8798-d1f805277064,2003,AES-128,encrypt,cuda_optimized_v1,optimized,resident,pinned,ECB,33554432,14,33554432:ECB:14,0099951642be55dfcc46f0545482d5271d3ad198ce714d480f0d9ccfb966ab68,4,1138,True,1,8202.445155314677,,0.004090784072875976,,,4090784.0728759766,,,,,,,,,4090784.0728759766
41fe6b46-d014-4944-8798-d1f805277064,2003,AES-128,encrypt,cuda_baseline,baseline,pipeline,pinned,ECB,33554432,14,33554432:ECB:14,0099951642be55dfcc46f0545482d5271d3ad198ce714d480f0d9ccfb966ab68,5,1139,True,,8189.88872023332,2250.3441800574083,0.004097055912017822,0.0149108,5431700,4097055.9120178223,5282700,10714400,14910800,,,,,,
41fe6b46-d014-4944-8798-d1f805277064,2003,AES-128,encrypt,cuda_baseline,baseline,resident,pinned,CTR,33554432,15,33554432:CTR:15,a1a027b4253672fcea5c106b52a6db3bd77f57007720261590a8c7a0d4804cfd,0,1140,True,1,7938.885866597712,,0.004226592063903809,,,4226592.063903809,,,,,,,,,4226592.063903809
41fe6b46-d014-4944-8798-d1f805277064,2003,AES-128,encrypt,cuda_baseline,baseline,pipeline,pinned,CTR,33554432,15,33554432:CTR:15,a1a027b4253672fcea5c106b52a6db3bd77f57007720261590a8c7a0d4804cfd,1,1141,True,,8022.524140415033,2245.4799874189425,0.004182528018951416,0.0149431,5346300,4182528.018951416,5279300,10625600,14943100,,,,,,
41fe6b46-d014-4944-8798-d1f805277064,2003,AES-128,encrypt,cpu_software,software,transform,bytes,CTR,33554432,15,33554432:CTR:15,a1a027b4253672fcea5c106b52a6db3bd77f57007720261590a8c7a0d4804cfd,2,1142,True,,,,,,,,,,,125677700,0.1256777,266.987954108008,125000000,0.994607635244757,
41fe6b46-d014-4944-8798-d1f805277064,2003,AES-128,encrypt,cuda_optimized_v1,optimized,resident,pinned,CTR,33554432,15,33554432:CTR:15,a1a027b4253672fcea5c106b52a6db3bd77f57007720261590a8c7a0d4804cfd,3,1143,True,1,8089.240988464263,,0.004148032188415527,,,4148032.1884155273,,,,,,,,,4148032.1884155273
41fe6b46-d014-4944-8798-d1f805277064,2003,AES-128,encrypt,cpu_aesni,aesni,transform,bytes,CTR,33554432,15,33554432:CTR:15,a1a027b4253672fcea5c106b52a6db3bd77f57007720261590a8c7a0d4804cfd,4,1144,True,,,,,,,,,,,23118800,0.0231188,1451.3915947194491,15625000,0.6758568783846912,
41fe6b46-d014-4944-8798-d1f805277064,2003,AES-128,encrypt,cuda_optimized_v1,optimized,pipeline,pinned,CTR,33554432,15,33554432:CTR:15,a1a027b4253672fcea5c106b52a6db3bd77f57007720261590a8c7a0d4804cfd,5,1145,True,,8098.862925324665,2211.6461569896583,0.004143104076385498,0.0151717,5369000,4143104.076385498,5551000,10920000,15171700,,,,,,
41fe6b46-d014-4944-8798-d1f805277064,2003,AES-128,encrypt,cuda_baseline,baseline,resident,pinned,ECB,33554432,15,33554432:ECB:15,41c99a30da74f1c01c1222a906e725b33391390db9ad8144977df3a404da3394,0,1146,True,1,4144.02844547128,,0.008097056388854981,,,8097056.3888549805,,,,,,,,,8097056.3888549805
41fe6b46-d014-4944-8798-d1f805277064,2003,AES-128,encrypt,cuda_baseline,baseline,pipeline,pinned,ECB,33554432,15,33554432:ECB:15,41c99a30da74f1c01c1222a906e725b33391390db9ad8144977df3a404da3394,1,1147,True,,4031.8991642620563,1117.054959834611,0.008322239875793457,0.0300383,11391600,8322239.875793457,10187400,21579000,30038300,,,,,,
41fe6b46-d014-4944-8798-d1f805277064,2003,AES-128,encrypt,cpu_software,software,transform,bytes,ECB,33554432,15,33554432:ECB:15,41c99a30da74f1c01c1222a906e725b33391390db9ad8144977df3a404da3394,2,1148,True,,,,,,,,,,,119137400,0.1191374,281.64482353987916,109375000,0.9180576376519883,
41fe6b46-d014-4944-8798-d1f805277064,2003,AES-128,encrypt,cuda_optimized_v1,optimized,resident,pinned,ECB,33554432,15,33554432:ECB:15,41c99a30da74f1c01c1222a906e725b33391390db9ad8144977df3a404da3394,3,1149,True,1,3963.141739822902,,0.00846662425994873,,,8466624.25994873,,,,,,,,,8466624.25994873
41fe6b46-d014-4944-8798-d1f805277064,2003,AES-128,encrypt,cuda_optimized_v1,optimized,pipeline,pinned,ECB,33554432,15,33554432:ECB:15,41c99a30da74f1c01c1222a906e725b33391390db9ad8144977df3a404da3394,4,1150,True,,3449.0701988578116,651.9753311908102,0.009728544235229493,0.0514658,21069700,9728544.235229492,20467100,41536800,51465800,,,,,,
41fe6b46-d014-4944-8798-d1f805277064,2003,AES-128,encrypt,cpu_aesni,aesni,transform,bytes,ECB,33554432,15,33554432:ECB:15,41c99a30da74f1c01c1222a906e725b33391390db9ad8144977df3a404da3394,5,1151,True,,,,,,,,,,,19547500,0.0195475,1716.5587415270495,31250000,1.5986699066376775,
41fe6b46-d014-4944-8798-d1f805277064,2003,AES-128,encrypt,cpu_software,software,transform,bytes,CTR,33554432,16,33554432:CTR:16,8eb3d769dcd32280b16942addf2b76907ae8d83af8e87ac8f76ba2f726cd8045,0,1152,True,,,,,,,,,,,126412100,0.1264121,265.43686878075755,109375000,0.8652257181076811,
41fe6b46-d014-4944-8798-d1f805277064,2003,AES-128,encrypt,cuda_optimized_v1,optimized,pipeline,pinned,CTR,33554432,16,33554432:CTR:16,8eb3d769dcd32280b16942addf2b76907ae8d83af8e87ac8f76ba2f726cd8045,1,1153,True,,2921.4917260011175,636.2380638163933,0.011485376358032227,0.0527388,20728400,11485376.358032227,20372200,41100600,52738800,,,,,,
41fe6b46-d014-4944-8798-d1f805277064,2003,AES-128,encrypt,cpu_aesni,aesni,transform,bytes,CTR,33554432,16,33554432:CTR:16,8eb3d769dcd32280b16942addf2b76907ae8d83af8e87ac8f76ba2f726cd8045,2,1154,True,,,,,,,,,,,23587200,0.0235872,1422.5695292361959,31250000,1.3248711165377831,
41fe6b46-d014-4944-8798-d1f805277064,2003,AES-128,encrypt,cuda_baseline,baseline,pipeline,pinned,CTR,33554432,16,33554432:CTR:16,8eb3d769dcd32280b16942addf2b76907ae8d83af8e87ac8f76ba2f726cd8045,3,1155,True,,2928.819556758681,627.2208161205301,0.011456640243530273,0.053497,21235500,11456640.243530273,20634100,41869600,53497000,,,,,,
41fe6b46-d014-4944-8798-d1f805277064,2003,AES-128,encrypt,cuda_optimized_v1,optimized,resident,pinned,CTR,33554432,16,33554432:CTR:16,8eb3d769dcd32280b16942addf2b76907ae8d83af8e87ac8f76ba2f726cd8045,4,1156,True,1,2971.4045944496197,,0.011292448043823242,,,11292448.043823242,,,,,,,,,11292448.043823242
41fe6b46-d014-4944-8798-d1f805277064,2003,AES-128,encrypt,cuda_baseline,baseline,resident,pinned,CTR,33554432,16,33554432:CTR:16,8eb3d769dcd32280b16942addf2b76907ae8d83af8e87ac8f76ba2f726cd8045,5,1157,True,1,8004.458117710063,,0.004191967964172363,,,4191967.9641723633,,,,,,,,,4191967.9641723633
41fe6b46-d014-4944-8798-d1f805277064,2003,AES-128,encrypt,cuda_baseline,baseline,pipeline,pinned,ECB,33554432,16,33554432:ECB:16,def34b2851c75476f148c7dfd48155cdd1ddc9461cd0fb44267ee1c43895d685,0,1158,True,,8289.269471992737,2260.7299407773726,0.004047935962677002,0.0148423,5450500,4047935.962677002,5233800,10684300,14842300,,,,,,
41fe6b46-d014-4944-8798-d1f805277064,2003,AES-128,encrypt,cpu_software,software,transform,bytes,ECB,33554432,16,33554432:ECB:16,def34b2851c75476f148c7dfd48155cdd1ddc9461cd0fb44267ee1c43895d685,1,1159,True,,,,,,,,,,,117903600,0.1179036,284.592090487483,109375000,0.9276646344980136,
41fe6b46-d014-4944-8798-d1f805277064,2003,AES-128,encrypt,cpu_aesni,aesni,transform,bytes,ECB,33554432,16,33554432:ECB:16,def34b2851c75476f148c7dfd48155cdd1ddc9461cd0fb44267ee1c43895d685,2,1160,True,,,,,,,,,,,17557200,0.0175572,1911.1493860068804,15625000,0.8899482833253594,
41fe6b46-d014-4944-8798-d1f805277064,2003,AES-128,encrypt,cuda_baseline,baseline,resident,pinned,ECB,33554432,16,33554432:ECB:16,def34b2851c75476f148c7dfd48155cdd1ddc9461cd0fb44267ee1c43895d685,3,1161,True,1,8292.284888453874,,0.0040464639663696286,,,4046463.966369629,,,,,,,,,4046463.966369629
41fe6b46-d014-4944-8798-d1f805277064,2003,AES-128,encrypt,cuda_optimized_v1,optimized,pipeline,pinned,ECB,33554432,16,33554432:ECB:16,def34b2851c75476f148c7dfd48155cdd1ddc9461cd0fb44267ee1c43895d685,4,1162,True,,8405.890532932937,2291.609378308053,0.003991775989532471,0.0146423,5259800,3991775.9895324707,5292800,10552600,14642300,,,,,,
41fe6b46-d014-4944-8798-d1f805277064,2003,AES-128,encrypt,cuda_optimized_v1,optimized,resident,pinned,ECB,33554432,16,33554432:ECB:16,def34b2851c75476f148c7dfd48155cdd1ddc9461cd0fb44267ee1c43895d685,5,1163,True,1,8376.144545251153,,0.0040059518814086915,,,4005951.8814086914,,,,,,,,,4005951.8814086914
41fe6b46-d014-4944-8798-d1f805277064,2003,AES-128,encrypt,cuda_optimized_v1,optimized,resident,pinned,ECB,33554432,17,33554432:ECB:17,65b9a60fa7ea1a192e1e9fe36a584c6c9af5e59df483e65f670e181cc516b292,0,1164,True,1,8170.106603120207,,0.00410697603225708,,,4106976.03225708,,,,,,,,,4106976.03225708
41fe6b46-d014-4944-8798-d1f805277064,2003,AES-128,encrypt,cuda_baseline,baseline,resident,pinned,ECB,33554432,17,33554432:ECB:17,65b9a60fa7ea1a192e1e9fe36a584c6c9af5e59df483e65f670e181cc516b292,1,1165,True,1,8259.691128480808,,0.004062431812286377,,,4062431.812286377,,,,,,,,,4062431.812286377
41fe6b46-d014-4944-8798-d1f805277064,2003,AES-128,encrypt,cuda_baseline,baseline,pipeline,pinned,ECB,33554432,17,33554432:ECB:17,65b9a60fa7ea1a192e1e9fe36a584c6c9af5e59df483e65f670e181cc516b292,2,1166,True,,8357.851184796016,2270.4589713574264,0.00401471996307373,0.0147787,5438700,4014719.9630737305,5215900,10654600,14778700,,,,,,
41fe6b46-d014-4944-8798-d1f805277064,2003,AES-128,encrypt,cuda_optimized_v1,optimized,pipeline,pinned,ECB,33554432,17,33554432:ECB:17,65b9a60fa7ea1a192e1e9fe36a584c6c9af5e59df483e65f670e181cc516b292,3,1167,True,,8351.261016356517,2292.0789928480185,0.004017888069152832,0.0146393,5317200,4017888.069152832,5210400,10527600,14639300,,,,,,
41fe6b46-d014-4944-8798-d1f805277064,2003,AES-128,encrypt,cpu_aesni,aesni,transform,bytes,ECB,33554432,17,33554432:ECB:17,65b9a60fa7ea1a192e1e9fe36a584c6c9af5e59df483e65f670e181cc516b292,4,1168,True,,,,,,,,,,,17591900,0.0175919,1907.379646314497,15625000,0.8881928614873891,
41fe6b46-d014-4944-8798-d1f805277064,2003,AES-128,encrypt,cpu_software,software,transform,bytes,ECB,33554432,17,33554432:ECB:17,65b9a60fa7ea1a192e1e9fe36a584c6c9af5e59df483e65f670e181cc516b292,5,1169,True,,,,,,,,,,,119829800,0.1198298,280.01742471405277,109375000,0.9127529212266065,
41fe6b46-d014-4944-8798-d1f805277064,2003,AES-128,encrypt,cuda_optimized_v1,optimized,pipeline,pinned,CTR,33554432,17,33554432:CTR:17,10256534fbad439c771c618827344f81161cfc67a9a9c0877f62a151b5bdada4,0,1170,True,,7908.230097939732,2242.958308544843,0.004242976188659668,0.0149599,5294100,4242976.188659668,5287800,10581900,14959900,,,,,,
41fe6b46-d014-4944-8798-d1f805277064,2003,AES-128,encrypt,cuda_baseline,baseline,resident,pinned,CTR,33554432,17,33554432:CTR:17,10256534fbad439c771c618827344f81161cfc67a9a9c0877f62a151b5bdada4,1,1171,True,1,8027.068732721902,,0.0041801600456237795,,,4180160.0456237793,,,,,,,,,4180160.0456237793
41fe6b46-d014-4944-8798-d1f805277064,2003,AES-128,encrypt,cpu_aesni,aesni,transform,bytes,CTR,33554432,17,33554432:CTR:17,10256534fbad439c771c618827344f81161cfc67a9a9c0877f62a151b5bdada4,2,1172,True,,,,,,,,,,,22175600,0.0221756,1513.1239740976569,15625000,0.7046032576345173,
41fe6b46-d014-4944-8798-d1f805277064,2003,AES-128,encrypt,cpu_software,software,transform,bytes,CTR,33554432,17,33554432:CTR:17,10256534fbad439c771c618827344f81161cfc67a9a9c0877f62a151b5bdada4,3,1173,True,,,,,,,,,,,127246200,0.1272462,263.69692768821386,125000000,0.9823476064511161,
41fe6b46-d014-4944-8798-d1f805277064,2003,AES-128,encrypt,cuda_optimized_v1,optimized,resident,pinned,CTR,33554432,17,33554432:CTR:17,10256534fbad439c771c618827344f81161cfc67a9a9c0877f62a151b5bdada4,4,1174,True,1,8019.149685754034,,0.004184288024902344,,,4184288.0249023438,,,,,,,,,4184288.0249023438
41fe6b46-d014-4944-8798-d1f805277064,2003,AES-128,encrypt,cuda_baseline,baseline,pipeline,pinned,CTR,33554432,17,33554432:CTR:17,10256534fbad439c771c618827344f81161cfc67a9a9c0877f62a151b5bdada4,5,1175,True,,8049.498973823734,2263.749839770619,0.004168511867523194,0.0148225,5328600,4168511.8675231934,5226800,10555400,14822500,,,,,,
41fe6b46-d014-4944-8798-d1f805277064,2003,AES-128,encrypt,cuda_optimized_v1,optimized,pipeline,pinned,CTR,33554432,18,33554432:CTR:18,4f713f6d95eb217d4063dbc14f1306ecd9280b573598912e46c58a536bb2bbe1,0,1176,True,,4251.6502357218105,1159.96930203616,0.007892096042633056,0.028927,10655900,7892096.042633057,10157700,20813600,28927000,,,,,,
41fe6b46-d014-4944-8798-d1f805277064,2003,AES-128,encrypt,cuda_baseline,baseline,pipeline,pinned,CTR,33554432,18,33554432:CTR:18,4f713f6d95eb217d4063dbc14f1306ecd9280b573598912e46c58a536bb2bbe1,1,1177,True,,4262.850732964376,1182.518378595544,0.007871359825134277,0.0283754,10233200,7871359.825134277,10123900,20357100,28375400,,,,,,
41fe6b46-d014-4944-8798-d1f805277064,2003,AES-128,encrypt,cpu_software,software,transform,bytes,CTR,33554432,18,33554432:CTR:18,4f713f6d95eb217d4063dbc14f1306ecd9280b573598912e46c58a536bb2bbe1,2,1178,True,,,,,,,,,,,129579200,0.1295792,258.9492140713942,125000000,0.9646609949745021,
41fe6b46-d014-4944-8798-d1f805277064,2003,AES-128,encrypt,cuda_optimized_v1,optimized,resident,pinned,CTR,33554432,18,33554432:CTR:18,4f713f6d95eb217d4063dbc14f1306ecd9280b573598912e46c58a536bb2bbe1,3,1179,True,1,4127.537021662536,,0.00812940788269043,,,8129407.88269043,,,,,,,,,8129407.88269043
41fe6b46-d014-4944-8798-d1f805277064,2003,AES-128,encrypt,cpu_aesni,aesni,transform,bytes,CTR,33554432,18,33554432:CTR:18,4f713f6d95eb217d4063dbc14f1306ecd9280b573598912e46c58a536bb2bbe1,4,1180,True,,,,,,,,,,,25554800,0.0255548,1313.0383333072457,31250000,1.2228622411445207,
41fe6b46-d014-4944-8798-d1f805277064,2003,AES-128,encrypt,cuda_baseline,baseline,resident,pinned,CTR,33554432,18,33554432:CTR:18,4f713f6d95eb217d4063dbc14f1306ecd9280b573598912e46c58a536bb2bbe1,5,1181,True,1,4157.55139176555,,0.008070719718933106,,,8070719.7189331055,,,,,,,,,8070719.7189331055
41fe6b46-d014-4944-8798-d1f805277064,2003,AES-128,encrypt,cuda_optimized_v1,optimized,pipeline,pinned,ECB,33554432,18,33554432:ECB:18,4a1b6bc639e7d00151224333dabf1d3afea0274c09ad00ef2475dba9054d4acf,0,1182,True,,3349.8691151153057,656.4305459098334,0.010016639709472657,0.0511165,20651000,10016639.709472656,20308000,40959000,51116500,,,,,,
41fe6b46-d014-4944-8798-d1f805277064,2003,AES-128,encrypt,cuda_baseline,baseline,pipeline,pinned,ECB,33554432,18,33554432:ECB:18,4a1b6bc639e7d00151224333dabf1d3afea0274c09ad00ef2475dba9054d4acf,1,1183,True,,3373.3733826581065,658.8278536436909,0.009946847915649414,0.0509305,20643600,9946847.915649414,20219800,40863400,50930500,,,,,,
41fe6b46-d014-4944-8798-d1f805277064,2003,AES-128,encrypt,cuda_baseline,baseline,resident,pinned,ECB,33554432,18,33554432:ECB:18,4a1b6bc639e7d00151224333dabf1d3afea0274c09ad00ef2475dba9054d4acf,2,1184,True,1,4412.9944264750775,,0.0076035518646240235,,,7603551.864624023,,,,,,,,,7603551.864624023
41fe6b46-d014-4944-8798-d1f805277064,2003,AES-128,encrypt,cpu_software,software,transform,bytes,ECB,33554432,18,33554432:ECB:18,4a1b6bc639e7d00151224333dabf1d3afea0274c09ad00ef2475dba9054d4acf,3,1185,True,,,,,,,,,,,119103000,0.119103,281.7261697858156,109375000,0.9183227962351914,
41fe6b46-d014-4944-8798-d1f805277064,2003,AES-128,encrypt,cpu_aesni,aesni,transform,bytes,ECB,33554432,18,33554432:ECB:18,4a1b6bc639e7d00151224333dabf1d3afea0274c09ad00ef2475dba9054d4acf,4,1186,True,,,,,,,,,,,18009600,0.0180096,1863.141435678749,15625000,0.8675928393745558,
41fe6b46-d014-4944-8798-d1f805277064,2003,AES-128,encrypt,cuda_optimized_v1,optimized,resident,pinned,ECB,33554432,18,33554432:ECB:18,4a1b6bc639e7d00151224333dabf1d3afea0274c09ad00ef2475dba9054d4acf,5,1187,True,1,4326.147560946406,,0.007756192207336426,,,7756192.207336426,,,,,,,,,7756192.207336426
41fe6b46-d014-4944-8798-d1f805277064,2003,AES-128,encrypt,cuda_optimized_v1,optimized,resident,pinned,CTR,33554432,19,33554432:CTR:19,6808ee96218ee7dae02608030990e2c4d168f9b5d76850fc32deb64207ea1367,0,1188,True,1,4220.521865276282,,0.00795030403137207,,,7950304.03137207,,,,,,,,,7950304.03137207
41fe6b46-d014-4944-8798-d1f805277064,2003,AES-128,encrypt,cuda_baseline,baseline,resident,pinned,CTR,33554432,19,33554432:CTR:19,6808ee96218ee7dae02608030990e2c4d168f9b5d76850fc32deb64207ea1367,1,1189,True,1,4238.366069437926,,0.007916831970214843,,,7916831.970214844,,,,,,,,,7916831.970214844
41fe6b46-d014-4944-8798-d1f805277064,2003,AES-128,encrypt,cpu_aesni,aesni,transform,bytes,CTR,33554432,19,33554432:CTR:19,6808ee96218ee7dae02608030990e2c4d168f9b5d76850fc32deb64207ea1367,2,1190,True,,,,,,,,,,,23514400,0.0235144,1426.973769264791,15625000,0.6644864423502195,
41fe6b46-d014-4944-8798-d1f805277064,2003,AES-128,encrypt,cuda_baseline,baseline,pipeline,pinned,CTR,33554432,19,33554432:CTR:19,6808ee96218ee7dae02608030990e2c4d168f9b5d76850fc32deb64207ea1367,3,1191,True,,4253.426552412888,1168.7733854422465,0.007888800144195556,0.0287091,10470500,7888800.144195557,10236000,20706500,28709100,,,,,,
41fe6b46-d014-4944-8798-d1f805277064,2003,AES-128,encrypt,cuda_optimized_v1,optimized,pipeline,pinned,CTR,33554432,19,33554432:CTR:19,6808ee96218ee7dae02608030990e2c4d168f9b5d76850fc32deb64207ea1367,4,1192,True,,4226.731534428475,1160.9887341877265,0.007938623905181885,0.0289016,10349700,7938623.905181885,10498700,20848400,28901600,,,,,,
41fe6b46-d014-4944-8798-d1f805277064,2003,AES-128,encrypt,cpu_software,software,transform,bytes,CTR,33554432,19,33554432:CTR:19,6808ee96218ee7dae02608030990e2c4d168f9b5d76850fc32deb64207ea1367,5,1193,True,,,,,,,,,,,126868600,0.1268686,264.4817709031234,125000000,0.9852713752654321,
41fe6b46-d014-4944-8798-d1f805277064,2003,AES-128,encrypt,cpu_software,software,transform,bytes,ECB,33554432,19,33554432:ECB:19,99401f76804ed6e4304bf00009c2fcdbc67e59059df02e2fff2b3965766e0422,0,1194,True,,,,,,,,,,,124737600,0.1247376,269.0001410961891,125000000,1.0021036159105194,
41fe6b46-d014-4944-8798-d1f805277064,2003,AES-128,encrypt,cuda_optimized_v1,optimized,resident,pinned,ECB,33554432,19,33554432:ECB:19,99401f76804ed6e4304bf00009c2fcdbc67e59059df02e2fff2b3965766e0422,1,1195,True,1,4620.539645434327,,0.00726201581954956,,,7262015.819549561,,,,,,,,,7262015.819549561
41fe6b46-d014-4944-8798-d1f805277064,2003,AES-128,encrypt,cpu_aesni,aesni,transform,bytes,ECB,33554432,19,33554432:ECB:19,99401f76804ed6e4304bf00009c2fcdbc67e59059df02e2fff2b3965766e0422,2,1196,True,,,,,,,,,,,19627400,0.0196274,1709.5709059783771,31250000,1.5921619776434983,
41fe6b46-d014-4944-8798-d1f805277064,2003,AES-128,encrypt,cuda_optimized_v1,optimized,pipeline,pinned,ECB,33554432,19,33554432:ECB:19,99401f76804ed6e4304bf00009c2fcdbc67e59059df02e2fff2b3965766e0422,3,1197,True,,4636.926472575883,1194.4096907047688,0.00723635196685791,0.0280929,10508400,7236351.96685791,10165700,20674100,28092900,,,,,,
41fe6b46-d014-4944-8798-d1f805277064,2003,AES-128,encrypt,cuda_baseline,baseline,resident,pinned,ECB,33554432,19,33554432:ECB:19,99401f76804ed6e4304bf00009c2fcdbc67e59059df02e2fff2b3965766e0422,4,1198,True,1,4635.778504364837,,0.007238143920898437,,,7238143.9208984375,,,,,,,,,7238143.9208984375
41fe6b46-d014-4944-8798-d1f805277064,2003,AES-128,encrypt,cuda_baseline,baseline,pipeline,pinned,ECB,33554432,19,33554432:ECB:19,99401f76804ed6e4304bf00009c2fcdbc67e59059df02e2fff2b3965766e0422,5,1199,True,,4681.8325738053145,1156.8180157072034,0.007166944026947022,0.0290058,11149000,7166944.0269470215,10515300,21664300,29005800,,,,,,
