session_id,seed,algorithm,operation,backend,profile,measurement,host_memory,mode,bytes,repeat,pair_id,pair_sha256,job_order,global_order,validation_checked,resident_iterations,kernel_throughput_MB_s,end_to_end_throughput_MB_s,kernel_seconds,end_to_end_seconds,h2d_ns,kernel_ns,d2h_ns,transfer_ns,end_to_end_ns,wall_elapsed_ns,seconds,throughput_MB_s,process_cpu_ns,process_to_wall_ratio,resident_batch_ns
0e63ef0f-78d2-4dca-98d8-8f74edad751a,2007,AES-128,encrypt,cpu_aesni,aesni,transform,bytes,ECB,1024,0,1024:ECB:0,74495c7f70bdb323edf733973b0d0d8362fd52d677231e854706dee84f0d5ffe,0,0,True,,,,,,,,,,,3200,3.2e-06,320.0,0,0.0,
0e63ef0f-78d2-4dca-98d8-8f74edad751a,2007,AES-128,encrypt,cpu_software,software,transform,bytes,ECB,1024,0,1024:ECB:0,74495c7f70bdb323edf733973b0d0d8362fd52d677231e854706dee84f0d5ffe,1,1,True,,,,,,,,,,,5900,5.9e-06,173.5593220338983,0,0.0,
0e63ef0f-78d2-4dca-98d8-8f74edad751a,2007,AES-128,encrypt,cuda_optimized_v1,optimized,resident,pinned,ECB,1024,0,1024:ECB:0,74495c7f70bdb323edf733973b0d0d8362fd52d677231e854706dee84f0d5ffe,2,2,True,1,17.777778083159603,,5.7599999010562895e-05,,,57599.9990105629,,,,,,,,,57599.9990105629
0e63ef0f-78d2-4dca-98d8-8f74edad751a,2007,AES-128,encrypt,cuda_baseline,baseline,resident,pinned,ECB,1024,0,1024:ECB:0,74495c7f70bdb323edf733973b0d0d8362fd52d677231e854706dee84f0d5ffe,3,3,True,1,17.67955756930474,,5.792000144720077e-05,,,57920.001447200775,,,,,,,,,57920.001447200775
0e63ef0f-78d2-4dca-98d8-8f74edad751a,2007,AES-128,encrypt,cuda_baseline,baseline,pipeline,pinned,ECB,1024,0,1024:ECB:0,74495c7f70bdb323edf733973b0d0d8362fd52d677231e854706dee84f0d5ffe,4,4,True,,18.09954793875079,4.961240310077519,5.6575998663902286e-05,0.0002064,40900,56575.99866390228,51000,91900,206400,,,,,,
0e63ef0f-78d2-4dca-98d8-8f74edad751a,2007,AES-128,encrypt,cuda_optimized_v1,optimized,pipeline,pinned,ECB,1024,0,1024:ECB:0,74495c7f70bdb323edf733973b0d0d8362fd52d677231e854706dee84f0d5ffe,5,5,True,,17.83723483273539,4.975704567541302,5.740800127387047e-05,0.0002058,41300,57408.00127387047,49100,90400,205800,,,,,,
0e63ef0f-78d2-4dca-98d8-8f74edad751a,2007,AES-128,encrypt,cuda_baseline,baseline,resident,pinned,CTR,1024,0,1024:CTR:0,e723e59189dedd052add41a799a04b6cb29a9858aa133a537fb8452abbe50ea1,0,6,True,1,16.850973980225703,,6.07680007815361e-05,,,60768.0007815361,,,,,,,,,60768.0007815361
0e63ef0f-78d2-4dca-98d8-8f74edad751a,2007,AES-128,encrypt,cuda_baseline,baseline,pipeline,pinned,CTR,1024,0,1024:CTR:0,e723e59189dedd052add41a799a04b6cb29a9858aa133a537fb8452abbe50ea1,1,7,True,,17.30665231049786,4.8738695859114705,5.916799977421761e-05,0.0002101,41600,59167.999774217606,49500,91100,210100,,,,,,
0e63ef0f-78d2-4dca-98d8-8f74edad751a,2007,AES-128,encrypt,cpu_software,software,transform,bytes,CTR,1024,0,1024:CTR:0,e723e59189dedd052add41a799a04b6cb29a9858aa133a537fb8452abbe50ea1,2,8,True,,,,,,,,,,,9900,9.9e-06,103.43434343434343,0,0.0,
0e63ef0f-78d2-4dca-98d8-8f74edad751a,2007,AES-128,encrypt,cuda_optimized_v1,optimized,resident,pinned,CTR,1024,0,1024:CTR:0,e723e59189dedd052add41a799a04b6cb29a9858aa133a537fb8452abbe50ea1,3,9,True,1,17.084891071118577,,5.993599817156792e-05,,,59935.99817156792,,,,,,,,,59935.99817156792
0e63ef0f-78d2-4dca-98d8-8f74edad751a,2007,AES-128,encrypt,cuda_optimized_v1,optimized,pipeline,pinned,CTR,1024,0,1024:CTR:0,e723e59189dedd052add41a799a04b6cb29a9858aa133a537fb8452abbe50ea1,4,10,True,,17.877094878681902,4.966052376333657,5.728000029921532e-05,0.0002062,40200,57280.00029921532,49600,89800,206200,,,,,,
0e63ef0f-78d2-4dca-98d8-8f74edad751a,2007,AES-128,encrypt,cpu_aesni,aesni,transform,bytes,CTR,1024,0,1024:CTR:0,e723e59189dedd052add41a799a04b6cb29a9858aa133a537fb8452abbe50ea1,5,11,True,,,,,,,,,,,6000,6e-06,170.66666666666666,0,0.0,
0e63ef0f-78d2-4dca-98d8-8f74edad751a,2007,AES-128,encrypt,cuda_baseline,baseline,pipeline,pinned,ECB,1024,1,1024:ECB:1,61c24348e2232d75a36f44ca0767449c8980f5fada56d26f96a35318a2b1e9ba,0,12,True,,17.524643544646263,4.885496183206107,5.843200162053108e-05,0.0002096,40800,58432.00162053108,49300,90100,209600,,,,,,
0e63ef0f-78d2-4dca-98d8-8f74edad751a,2007,AES-128,encrypt,cuda_optimized_v1,optimized,pipeline,pinned,ECB,1024,1,1024:ECB:1,61c24348e2232d75a36f44ca0767449c8980f5fada56d26f96a35318a2b1e9ba,1,13,True,,17.787660192016045,4.946859903381642,5.756799876689911e-05,0.000207,42000,57567.99876689911,48400,90400,207000,,,,,,
0e63ef0f-78d2-4dca-98d8-8f74edad751a,2007,AES-128,encrypt,cuda_baseline,baseline,resident,pinned,ECB,1024,1,1024:ECB:1,61c24348e2232d75a36f44ca0767449c8980f5fada56d26f96a35318a2b1e9ba,2,14,True,1,17.057569608203483,,6.003199890255928e-05,,,60031.99890255928,,,,,,,,,60031.99890255928
0e63ef0f-78d2-4dca-98d8-8f74edad751a,2007,AES-128,encrypt,cuda_optimized_v1,optimized,resident,pinned,ECB,1024,1,1024:ECB:1,61c24348e2232d75a36f44ca0767449c8980f5fada56d26f96a35318a2b1e9ba,3,15,True,1,17.738359206315955,,5.772799998521805e-05,,,57727.99998521805,,,,,,,,,57727.99998521805
0e63ef0f-78d2-4dca-98d8-8f74edad751a,2007,AES-128,encrypt,cpu_software,software,transform,bytes,ECB,1024,1,1024:ECB:1,61c24348e2232d75a36f44ca0767449c8980f5fada56d26f96a35318a2b1e9ba,4,16,True,,,,,,,,,,,9200,9.2e-06,111.30434782608695,0,0.0,
0e63ef0f-78d2-4dca-98d8-8f74edad751a,2007,AES-128,encrypt,cpu_aesni,aesni,transform,bytes,ECB,1024,1,1024:ECB:1,61c24348e2232d75a36f44ca0767449c8980f5fada56d26f96a35318a2b1e9ba,5,17,True,,,,,,,,,,,3800,3.8e-06,269.4736842105263,0,0.0,
0e63ef0f-78d2-4dca-98d8-8f74edad751a,2007,AES-128,encrypt,cuda_baseline,baseline,resident,pinned,CTR,1024,1,1024:CTR:1,448b7b58834e3a0b86612effd14491d8bfb17084ec76780e9ebceafe92b70f61,0,18,True,1,17.457719704166628,,5.86559996008873e-05,,,58655.9996008873,,,,,,,,,58655.9996008873
0e63ef0f-78d2-4dca-98d8-8f74edad751a,2007,AES-128,encrypt,cpu_aesni,aesni,transform,bytes,CTR,1024,1,1024:CTR:1,448b7b58834e3a0b86612effd14491d8bfb17084ec76780e9ebceafe92b70f61,1,19,True,,,,,,,,,,,6400,6.4e-06,160.0,0,0.0,
0e63ef0f-78d2-4dca-98d8-8f74edad751a,2007,AES-128,encrypt,cuda_optimized_v1,optimized,resident,pinned,CTR,1024,1,1024:CTR:1,448b7b58834e3a0b86612effd14491d8bfb17084ec76780e9ebceafe92b70f61,2,20,True,1,17.41970587190766,,5.878400057554245e-05,,,58784.00057554245,,,,,,,,,58784.00057554245
0e63ef0f-78d2-4dca-98d8-8f74edad751a,2007,AES-128,encrypt,cuda_baseline,baseline,pipeline,pinned,CTR,1024,1,1024:CTR:1,448b7b58834e3a0b86612effd14491d8bfb17084ec76780e9ebceafe92b70f61,3,21,True,,17.27861756328779,4.866920152091255,5.9264000505208966e-05,0.0002104,43100,59264.00050520897,47500,90600,210400,,,,,,
0e63ef0f-78d2-4dca-98d8-8f74edad751a,2007,AES-128,encrypt,cuda_optimized_v1,optimized,pipeline,pinned,CTR,1024,1,1024:CTR:1,448b7b58834e3a0b86612effd14491d8bfb17084ec76780e9ebceafe92b70f61,4,22,True,,17.877094878681902,4.975704567541302,5.728000029921532e-05,0.0002058,41200,57280.00029921532,49100,90300,205800,,,,,,
0e63ef0f-78d2-4dca-98d8-8f74edad751a,2007,AES-128,encrypt,cpu_software,software,transform,bytes,CTR,1024,1,1024:CTR:1,448b7b58834e3a0b86612effd14491d8bfb17084ec76780e9ebceafe92b70f61,5,23,True,,,,,,,,,,,8900,8.9e-06,115.0561797752809,0,0.0,
0e63ef0f-78d2-4dca-98d8-8f74edad751a,2007,AES-128,encrypt,cpu_software,software,transform,bytes,ECB,1024,2,1024:ECB:2,14d77ad88e8dcb4d10ef85abcab423e946c24cc8b4e0000ee4f62265f5898e4a,0,24,True,,,,,,,,,,,6800,6.8e-06,150.58823529411765,0,0.0,
0e63ef0f-78d2-4dca-98d8-8f74edad751a,2007,AES-128,encrypt,cuda_baseline,baseline,resident,pinned,ECB,1024,2,1024:ECB:2,14d77ad88e8dcb4d10ef85abcab423e946c24cc8b4e0000ee4f62265f5898e4a,1,25,True,1,17.669795177435972,,5.795200169086456e-05,,,57952.00169086456,,,,,,,,,57952.00169086456
0e63ef0f-78d2-4dca-98d8-8f74edad751a,2007,AES-128,encrypt,cuda_optimized_v1,optimized,pipeline,pinned,ECB,1024,2,1024:ECB:2,14d77ad88e8dcb4d10ef85abcab423e946c24cc8b4e0000ee4f62265f5898e4a,2,26,True,,17.699114750606576,5.0,5.78560009598732e-05,0.0002048,40300,57856.0009598732,48800,89100,204800,,,,,,
0e63ef0f-78d2-4dca-98d8-8f74edad751a,2007,AES-128,encrypt,cuda_optimized_v1,optimized,resident,pinned,ECB,1024,2,1024:ECB:2,14d77ad88e8dcb4d10ef85abcab423e946c24cc8b4e0000ee4f62265f5898e4a,3,27,True,1,16.727652773444404,,6.121600046753883e-05,,,61216.00046753883,,,,,,,,,61216.00046753883
0e63ef0f-78d2-4dca-98d8-8f74edad751a,2007,AES-128,encrypt,cuda_baseline,baseline,pipeline,pinned,ECB,1024,2,1024:ECB:2,14d77ad88e8dcb4d10ef85abcab423e946c24cc8b4e0000ee4f62265f5898e4a,4,28,True,,17.91713347042878,4.859990507831039,5.7151999324560164e-05,0.0002107,41200,57151.999324560165,52200,93400,210700,,,,,,
0e63ef0f-78d2-4dca-98d8-8f74edad751a,2007,AES-128,encrypt,cpu_aesni,aesni,transform,bytes,ECB,1024,2,1024:ECB:2,14d77ad88e8dcb4d10ef85abcab423e946c24cc8b4e0000ee4f62265f5898e4a,5,29,True,,,,,,,,,,,5900,5.9e-06,173.5593220338983,0,0.0,
0e63ef0f-78d2-4dca-98d8-8f74edad751a,2007,AES-128,encrypt,cpu_software,software,transform,bytes,CTR,1024,2,1024:CTR:2,3c8890943a9a640dded859d790a153847677e76695c90319f326f95c91a22019,0,30,True,,,,,,,,,,,6900,6.9e-06,148.40579710144928,0,0.0,
0e63ef0f-78d2-4dca-98d8-8f74edad751a,2007,AES-128,encrypt,cuda_baseline,baseline,resident,pinned,CTR,1024,2,1024:CTR:2,3c8890943a9a640dded859d790a153847677e76695c90319f326f95c91a22019,1,31,True,1,17.41970587190766,,5.878400057554245e-05,,,58784.00057554245,,,,,,,,,58784.00057554245
0e63ef0f-78d2-4dca-98d8-8f74edad751a,2007,AES-128,encrypt,cpu_aesni,aesni,transform,bytes,CTR,1024,2,1024:CTR:2,3c8890943a9a640dded859d790a153847677e76695c90319f326f95c91a22019,2,32,True,,,,,,,,,,,5800,5.8e-06,176.55172413793105,0,0.0,
0e63ef0f-78d2-4dca-98d8-8f74edad751a,2007,AES-128,encrypt,cuda_baseline,baseline,pipeline,pinned,CTR,1024,2,1024:CTR:2,3c8890943a9a640dded859d790a153847677e76695c90319f326f95c91a22019,3,33,True,,17.63085431619595,4.894837476099426,5.8079998940229415e-05,0.0002092,42600,58079.998940229416,49500,92100,209200,,,,,,
0e63ef0f-78d2-4dca-98d8-8f74edad751a,2007,AES-128,encrypt,cuda_optimized_v1,optimized,pipeline,pinned,CTR,1024,2,1024:CTR:2,3c8890943a9a640dded859d790a153847677e76695c90319f326f95c91a22019,4,34,True,,17.381857228657772,4.963645176926805,5.89120015501976e-05,0.0002063,41200,58912.0015501976,48000,89200,206300,,,,,,
0e63ef0f-78d2-4dca-98d8-8f74edad751a,2007,AES-128,encrypt,cuda_optimized_v1,optimized,resident,pinned,CTR,1024,2,1024:CTR:2,3c8890943a9a640dded859d790a153847677e76695c90319f326f95c91a22019,5,35,True,1,17.777778083159603,,5.7599999010562895e-05,,,57599.9990105629,,,,,,,,,57599.9990105629
0e63ef0f-78d2-4dca-98d8-8f74edad751a,2007,AES-128,encrypt,cpu_aesni,aesni,transform,bytes,CTR,1024,3,1024:CTR:3,8c6723f50a77579de0a6805f5e61f6e0d7780515f360105ca72bc166f5a2221b,0,36,True,,,,,,,,,,,4400,4.4e-06,232.72727272727272,0,0.0,
0e63ef0f-78d2-4dca-98d8-8f74edad751a,2007,AES-128,encrypt,cuda_optimized_v1,optimized,resident,pinned,CTR,1024,3,1024:CTR:3,8c6723f50a77579de0a6805f5e61f6e0d7780515f360105ca72bc166f5a2221b,1,37,True,1,7.499413884039539,,0.00013654400408267975,,,136544.00408267975,,,,,,,,,136544.00408267975
0e63ef0f-78d2-4dca-98d8-8f74edad751a,2007,AES-128,encrypt,cuda_baseline,baseline,pipeline,pinned,CTR,1024,3,1024:CTR:3,8c6723f50a77579de0a6805f5e61f6e0d7780515f360105ca72bc166f5a2221b,2,38,True,,10.526315450740581,3.708801159000362,9.728000313043594e-05,0.0002761,42500,97280.00313043594,63200,105700,276100,,,,,,
0e63ef0f-78d2-4dca-98d8-8f74edad751a,2007,AES-128,encrypt,cuda_optimized_v1,optimized,pipeline,pinned,CTR,1024,3,1024:CTR:3,8c6723f50a77579de0a6805f5e61f6e0d7780515f360105ca72bc166f5a2221b,3,39,True,,21.3903745806208,5.727069351230425,4.787199944257736e-05,0.0001788,40400,47871.99944257736,40500,80900,178800,,,,,,
0e63ef0f-78d2-4dca-98d8-8f74edad751a,2007,AES-128,encrypt,cpu_software,software,transform,bytes,CTR,1024,3,1024:CTR:3,8c6723f50a77579de0a6805f5e61f6e0d7780515f360105ca72bc166f5a2221b,4,40,True,,,,,,,,,,,9000,9e-06,113.77777777777777,0,0.0,
0e63ef0f-78d2-4dca-98d8-8f74edad751a,2007,AES-128,encrypt,cuda_baseline,baseline,resident,pinned,CTR,1024,3,1024:CTR:3,8c6723f50a77579de0a6805f5e61f6e0d7780515f360105ca72bc166f5a2221b,5,41,True,1,20.176545156080213,,5.075199902057648e-05,,,50751.99902057648,,,,,,,,,50751.99902057648
0e63ef0f-78d2-4dca-98d8-8f74edad751a,2007,AES-128,encrypt,cuda_baseline,baseline,resident,pinned,ECB,1024,3,1024:ECB:3,8897ffda8b28b32d12064309b4a4f86f68409342a1bc70114658e9049674f8c5,0,42,True,1,20.291692865822597,,5.046400055289268e-05,,,50464.000552892685,,,,,,,,,50464.000552892685
0e63ef0f-78d2-4dca-98d8-8f74edad751a,2007,AES-128,encrypt,cuda_optimized_v1,optimized,resident,pinned,ECB,1024,3,1024:ECB:3,8897ffda8b28b32d12064309b4a4f86f68409342a1bc70114658e9049674f8c5,1,43,True,1,21.872864514365077,,4.681599885225296e-05,,,46815.99885225296,,,,,,,,,46815.99885225296
0e63ef0f-78d2-4dca-98d8-8f74edad751a,2007,AES-128,encrypt,cuda_optimized_v1,optimized,pipeline,pinned,ECB,1024,3,1024:ECB:3,8897ffda8b28b32d12064309b4a4f86f68409342a1bc70114658e9049674f8c5,2,44,True,,21.43335623775612,5.841414717626925,4.7775998711586e-05,0.0001753,40000,47775.998711586,39800,79800,175300,,,,,,
0e63ef0f-78d2-4dca-98d8-8f74edad751a,2007,AES-128,encrypt,cpu_aesni,aesni,transform,bytes,ECB,1024,3,1024:ECB:3,8897ffda8b28b32d12064309b4a4f86f68409342a1bc70114658e9049674f8c5,3,45,True,,,,,,,,,,,5700,5.7e-06,179.64912280701753,0,0.0,
0e63ef0f-78d2-4dca-98d8-8f74edad751a,2007,AES-128,encrypt,cuda_baseline,baseline,pipeline,pinned,ECB,1024,3,1024:ECB:3,8897ffda8b28b32d12064309b4a4f86f68409342a1bc70114658e9049674f8c5,4,46,True,,20.062695447744996,5.644983461962513,5.104000121355057e-05,0.0001814,40900,51040.00121355057,41900,82800,181400,,,,,,
0e63ef0f-78d2-4dca-98d8-8f74edad751a,2007,AES-128,encrypt,cpu_software,software,transform,bytes,ECB,1024,3,1024:ECB:3,8897ffda8b28b32d12064309b4a4f86f68409342a1bc70114658e9049674f8c5,5,47,True,,,,,,,,,,,8800,8.8e-06,116.36363636363636,0,0.0,
0e63ef0f-78d2-4dca-98d8-8f74edad751a,2007,AES-128,encrypt,cuda_optimized_v1,optimized,resident,pinned,CTR,1024,4,1024:CTR:4,85123beb88d4315ba28b916ef8f42c207878c30da59c2b910c8f3ffc22d124df,0,48,True,1,20.189274934803745,,5.071999877691269e-05,,,50719.99877691269,,,,,,,,,50719.99877691269
0e63ef0f-78d2-4dca-98d8-8f74edad751a,2007,AES-128,encrypt,cuda_baseline,baseline,pipeline,pinned,CTR,1024,4,1024:CTR:4,85123beb88d4315ba28b916ef8f42c207878c30da59c2b910c8f3ffc22d124df,1,49,True,,20.98360696232342,5.704735376044568,4.879999905824661e-05,0.0001795,41100,48799.99905824661,41500,82600,179500,,,,,,
0e63ef0f-78d2-4dca-98d8-8f74edad751a,2007,AES-128,encrypt,cpu_aesni,aesni,transform,bytes,CTR,1024,4,1024:CTR:4,85123beb88d4315ba28b916ef8f42c207878c30da59c2b910c8f3ffc22d124df,2,50,True,,,,,,,,,,,5800,5.8e-06,176.55172413793105,0,0.0,
0e63ef0f-78d2-4dca-98d8-8f74edad751a,2007,AES-128,encrypt,cuda_baseline,baseline,resident,pinned,CTR,1024,4,1024:CTR:4,85123beb88d4315ba28b916ef8f42c207878c30da59c2b910c8f3ffc22d124df,3,51,True,1,20.69857678460131,,4.947200044989586e-05,,,49472.00044989586,,,,,,,,,49472.00044989586
0e63ef0f-78d2-4dca-98d8-8f74edad751a,2007,AES-128,encrypt,cuda_optimized_v1,optimized,pipeline,pinned,CTR,1024,4,1024:CTR:4,85123beb88d4315ba28b916ef8f42c207878c30da59c2b910c8f3ffc22d124df,4,52,True,,21.31912029293538,5.743129556926529,4.80320006608963e-05,0.0001783,39600,48032.0006608963,42300,81900,178300,,,,,,
0e63ef0f-78d2-4dca-98d8-8f74edad751a,2007,AES-128,encrypt,cpu_software,software,transform,bytes,CTR,1024,4,1024:CTR:4,85123beb88d4315ba28b916ef8f42c207878c30da59c2b910c8f3ffc22d124df,5,53,True,,,,,,,,,,,8700,8.7e-06,117.70114942528735,0,0.0,
0e63ef0f-78d2-4dca-98d8-8f74edad751a,2007,AES-128,encrypt,cuda_optimized_v1,optimized,resident,pinned,ECB,1024,4,1024:ECB:4,98e80129b32f49c8ca3d3cf913852fe4f22fa0dd261df7057e32e0345ebebad2,0,54,True,1,20.163831420048346,,5.078399926424027e-05,,,50783.999264240265,,,,,,,,,50783.999264240265
0e63ef0f-78d2-4dca-98d8-8f74edad751a,2007,AES-128,encrypt,cpu_aesni,aesni,transform,bytes,ECB,1024,4,1024:ECB:4,98e80129b32f49c8ca3d3cf913852fe4f22fa0dd261df7057e32e0345ebebad2,1,55,True,,,,,,,,,,,5600,5.6e-06,182.85714285714286,0,0.0,
0e63ef0f-78d2-4dca-98d8-8f74edad751a,2007,AES-128,encrypt,cpu_software,software,transform,bytes,ECB,1024,4,1024:ECB:4,98e80129b32f49c8ca3d3cf913852fe4f22fa0dd261df7057e32e0345ebebad2,2,56,True,,,,,,,,,,,6800,6.8e-06,150.58823529411765,0,0.0,
0e63ef0f-78d2-4dca-98d8-8f74edad751a,2007,AES-128,encrypt,cuda_baseline,baseline,pipeline,pinned,ECB,1024,4,1024:ECB:4,98e80129b32f49c8ca3d3cf913852fe4f22fa0dd261df7057e32e0345ebebad2,3,57,True,,20.24035359507218,5.6078860898138005,5.0592001527547836e-05,0.0001826,41200,50592.001527547836,43000,84200,182600,,,,,,
0e63ef0f-78d2-4dca-98d8-8f74edad751a,2007,AES-128,encrypt,cuda_baseline,baseline,resident,pinned,ECB,1024,4,1024:ECB:4,98e80129b32f49c8ca3d3cf913852fe4f22fa0dd261df7057e32e0345ebebad2,4,58,True,1,21.72437143583793,,4.713600128889084e-05,,,47136.00128889084,,,,,,,,,47136.00128889084
0e63ef0f-78d2-4dca-98d8-8f74edad751a,2007,AES-128,encrypt,cuda_optimized_v1,optimized,pipeline,pinned,ECB,1024,4,1024:ECB:4,98e80129b32f49c8ca3d3cf913852fe4f22fa0dd261df7057e32e0345ebebad2,5,59,True,,22.114720741518155,5.851428571428571,4.6303998678922654e-05,0.000175,39700,46303.99867892265,41100,80800,175000,,,,,,
0e63ef0f-78d2-4dca-98d8-8f74edad751a,2007,AES-128,encrypt,cpu_aesni,aesni,transform,bytes,CTR,1024,5,1024:CTR:5,d6bbd6b1f28e112ce92f5fd2a358800802c4088d15c8c15e8aa71ac8b71a4dc5,0,60,True,,,,,,,,,,,4400,4.4e-06,232.72727272727272,0,0.0,
0e63ef0f-78d2-4dca-98d8-8f74edad751a,2007,AES-128,encrypt,cuda_optimized_v1,optimized,pipeline,pinned,CTR,1024,5,1024:CTR:5,d6bbd6b1f28e112ce92f5fd2a358800802c4088d15c8c15e8aa71ac8b71a4dc5,1,61,True,,20.36919196605326,5.682574916759156,5.027199909090996e-05,0.0001802,40000,50271.99909090996,40200,80200,180200,,,,,,
0e63ef0f-78d2-4dca-98d8-8f74edad751a,2007,AES-128,encrypt,cpu_software,software,transform,bytes,CTR,1024,5,1024:CTR:5,d6bbd6b1f28e112ce92f5fd2a358800802c4088d15c8c15e8aa71ac8b71a4dc5,2,62,True,,,,,,,,,,,8500,8.5e-06,120.47058823529412,0,0.0,
0e63ef0f-78d2-4dca-98d8-8f74edad751a,2007,AES-128,encrypt,cuda_baseline,baseline,pipeline,pinned,CTR,1024,5,1024:CTR:5,d6bbd6b1f28e112ce92f5fd2a358800802c4088d15c8c15e8aa71ac8b71a4dc5,3,63,True,,19.863438323474885,5.648097076668505,5.1552001386880875e-05,0.0001813,39800,51552.001386880875,41800,81600,181300,,,,,,
0e63ef0f-78d2-4dca-98d8-8f74edad751a,2007,AES-128,encrypt,cuda_baseline,baseline,resident,pinned,CTR,1024,5,1024:CTR:5,d6bbd6b1f28e112ce92f5fd2a358800802c4088d15c8c15e8aa71ac8b71a4dc5,4,64,True,1,21.27659512935027,,4.812800139188767e-05,,,48128.001391887665,,,,,,,,,48128.001391887665
0e63ef0f-78d2-4dca-98d8-8f74edad751a,2007,AES-128,encrypt,cuda_optimized_v1,optimized,resident,pinned,CTR,1024,5,1024:CTR:5,d6bbd6b1f28e112ce92f5fd2a358800802c4088d15c8c15e8aa71ac8b71a4dc5,5,65,True,1,20.4603576022553,,5.004800111055374e-05,,,50048.00111055374,,,,,,,,,50048.00111055374
0e63ef0f-78d2-4dca-98d8-8f74edad751a,2007,AES-128,encrypt,cuda_optimized_v1,optimized,pipeline,pinned,ECB,1024,5,1024:ECB:5,ddbc5998e78fb31c5a752002c157c3335ff2cfa54f4e901c2566435573095989,0,66,True,,20.40816393237903,5.473009086050241,5.0175998359918594e-05,0.0001871,46200,50175.998359918594,40300,86500,187100,,,,,,
0e63ef0f-78d2-4dca-98d8-8f74edad751a,2007,AES-128,encrypt,cuda_baseline,baseline,pipeline,pinned,ECB,1024,5,1024:ECB:5,ddbc5998e78fb31c5a752002c157c3335ff2cfa54f4e901c2566435573095989,1,67,True,,18.92371429352317,5.458422174840085,5.411199852824211e-05,0.0001876,40900,54111.99852824211,43800,84700,187600,,,,,,
0e63ef0f-78d2-4dca-98d8-8f74edad751a,2007,AES-128,encrypt,cpu_software,software,transform,bytes,ECB,1024,5,1024:ECB:5,ddbc5998e78fb31c5a752002c157c3335ff2cfa54f4e901c2566435573095989,2,68,True,,,,,,,,,,,8900,8.9e-06,115.0561797752809,0,0.0,
0e63ef0f-78d2-4dca-98d8-8f74edad751a,2007,AES-128,encrypt,cuda_optimized_v1,optimized,resident,pinned,ECB,1024,5,1024:ECB:5,ddbc5998e78fb31c5a752002c157c3335ff2cfa54f4e901c2566435573095989,3,69,True,1,22.06896579790059,,4.639999940991402e-05,,,46399.99940991402,,,,,,,,,46399.99940991402
0e63ef0f-78d2-4dca-98d8-8f74edad751a,2007,AES-128,encrypt,cpu_aesni,aesni,transform,bytes,ECB,1024,5,1024:ECB:5,ddbc5998e78fb31c5a752002c157c3335ff2cfa54f4e901c2566435573095989,4,70,True,,,,,,,,,,,5400,5.4e-06,189.62962962962962,0,0.0,
0e63ef0f-78d2-4dca-98d8-8f74edad751a,2007,AES-128,encrypt,cuda_baseline,baseline,resident,pinned,ECB,1024,5,1024:ECB:5,ddbc5998e78fb31c5a752002c157c3335ff2cfa54f4e901c2566435573095989,5,71,True,1,21.376085644349867,,4.790399968624115e-05,,,47903.99968624115,,,,,,,,,47903.99968624115
0e63ef0f-78d2-4dca-98d8-8f74edad751a,2007,AES-128,encrypt,cpu_software,software,transform,bytes,CTR,1024,6,1024:CTR:6,466acd23ddd0442552daea87cbea08e3999e0fa863a4e626b4541088a5111811,0,72,True,,,,,,,,,,,7200,7.2e-06,142.22222222222223,0,0.0,
0e63ef0f-78d2-4dca-98d8-8f74edad751a,2007,AES-128,encrypt,cuda_optimized_v1,optimized,resident,pinned,CTR,1024,6,1024:CTR:6,466acd23ddd0442552daea87cbea08e3999e0fa863a4e626b4541088a5111811,1,73,True,1,19.789734410641845,,5.1743999123573307e-05,,,51743.9991235733,,,,,,,,,51743.9991235733
0e63ef0f-78d2-4dca-98d8-8f74edad751a,2007,AES-128,encrypt,cuda_baseline,baseline,resident,pinned,CTR,1024,6,1024:CTR:6,466acd23ddd0442552daea87cbea08e3999e0fa863a4e626b4541088a5111811,2,74,True,1,18.539976957320295,,5.523199960589409e-05,,,55231.99960589409,,,,,,,,,55231.99960589409
0e63ef0f-78d2-4dca-98d8-8f74edad751a,2007,AES-128,encrypt,cuda_optimized_v1,optimized,pipeline,pinned,CTR,1024,6,1024:CTR:6,466acd23ddd0442552daea87cbea08e3999e0fa863a4e626b4541088a5111811,3,75,True,,21.534319991871296,5.804988662131519,4.755200073122978e-05,0.0001764,39500,47552.00073122978,40600,80100,176400,,,,,,
0e63ef0f-78d2-4dca-98d8-8f74edad751a,2007,AES-128,encrypt,cuda_baseline,baseline,pipeline,pinned,CTR,1024,6,1024:CTR:6,466acd23ddd0442552daea87cbea08e3999e0fa863a4e626b4541088a5111811,4,76,True,,21.066490539818368,5.772266065388951,4.860800132155419e-05,0.0001774,39500,48608.001321554184,42000,81500,177400,,,,,,
0e63ef0f-78d2-4dca-98d8-8f74edad751a,2007,AES-128,encrypt,cpu_aesni,aesni,transform,bytes,CTR,1024,6,1024:CTR:6,466acd23ddd0442552daea87cbea08e3999e0fa863a4e626b4541088a5111811,5,77,True,,,,,,,,,,,5800,5.8e-06,176.55172413793105,0,0.0,
0e63ef0f-78d2-4dca-98d8-8f74edad751a,2007,AES-128,encrypt,cpu_aesni,aesni,transform,bytes,ECB,1024,6,1024:ECB:6,3f55812695f194e26d5ddb5e3afca38912d2e4cbcfc5f9b3709100d95de69556,0,78,True,,,,,,,,,,,3500,3.5e-06,292.57142857142856,0,0.0,
0e63ef0f-78d2-4dca-98d8-8f74edad751a,2007,AES-128,encrypt,cpu_software,software,transform,bytes,ECB,1024,6,1024:ECB:6,3f55812695f194e26d5ddb5e3afca38912d2e4cbcfc5f9b3709100d95de69556,1,79,True,,,,,,,,,,,6300,6.3e-06,162.53968253968253,0,0.0,
0e63ef0f-78d2-4dca-98d8-8f74edad751a,2007,AES-128,encrypt,cuda_baseline,baseline,pipeline,pinned,ECB,1024,6,1024:ECB:6,3f55812695f194e26d5ddb5e3afca38912d2e4cbcfc5f9b3709100d95de69556,2,80,True,,20.35623436596638,5.5501355013550135,5.030399933457375e-05,0.0001845,40400,50303.999334573746,41600,82000,184500,,,,,,
0e63ef0f-78d2-4dca-98d8-8f74edad751a,2007,AES-128,encrypt,cuda_baseline,baseline,resident,pinned,ECB,1024,6,1024:ECB:6,3f55812695f194e26d5ddb5e3afca38912d2e4cbcfc5f9b3709100d95de69556,3,81,True,1,19.00237510371264,,5.38880005478859e-05,,,53888.000547885895,,,,,,,,,53888.000547885895
0e63ef0f-78d2-4dca-98d8-8f74edad751a,2007,AES-128,encrypt,cuda_optimized_v1,optimized,pipeline,pinned,ECB,1024,6,1024:ECB:6,3f55812695f194e26d5ddb5e3afca38912d2e4cbcfc5f9b3709100d95de69556,4,82,True,,22.17602148947712,5.922498554077501,4.61760014295578e-05,0.0001729,39300,46176.0014295578,40400,79700,172900,,,,,,
0e63ef0f-78d2-4dca-98d8-8f74edad751a,2007,AES-128,encrypt,cuda_optimized_v1,optimized,resident,pinned,ECB,1024,6,1024:ECB:6,3f55812695f194e26d5ddb5e3afca38912d2e4cbcfc5f9b3709100d95de69556,5,83,True,1,21.813224347641704,,4.694399982690811e-05,,,46943.99982690811,,,,,,,,,46943.99982690811
0e63ef0f-78d2-4dca-98d8-8f74edad751a,2007,AES-128,encrypt,cuda_optimized_v1,optimized,pipeline,pinned,CTR,1024,7,1024:CTR:7,93cc2c02630d08830d3e42e679fb19764a6b7fba58b3bddb1308eacdbbcfc5ff,0,84,True,,20.163831420048346,5.688888888888889,5.078399926424027e-05,0.00018,40100,50783.999264240265,39700,79800,180000,,,,,,
0e63ef0f-78d2-4dca-98d8-8f74edad751a,2007,AES-128,encrypt,cpu_software,software,transform,bytes,CTR,1024,7,1024:CTR:7,93cc2c02630d08830d3e42e679fb19764a6b7fba58b3bddb1308eacdbbcfc5ff,1,85,True,,,,,,,,,,,8900,8.9e-06,115.0561797752809,0,0.0,
0e63ef0f-78d2-4dca-98d8-8f74edad751a,2007,AES-128,encrypt,cuda_baseline,baseline,pipeline,pinned,CTR,1024,7,1024:CTR:7,93cc2c02630d08830d3e42e679fb19764a6b7fba58b3bddb1308eacdbbcfc5ff,2,86,True,,19.036287988653488,5.526173772261198,5.379199981689453e-05,0.0001853,41600,53791.99981689453,41600,83200,185300,,,,,,
0e63ef0f-78d2-4dca-98d8-8f74edad751a,2007,AES-128,encrypt,cuda_optimized_v1,optimized,resident,pinned,CTR,1024,7,1024:CTR:7,93cc2c02630d08830d3e42e679fb19764a6b7fba58b3bddb1308eacdbbcfc5ff,3,87,True,1,12.749003881129104,,8.032000064849854e-05,,,80320.00064849854,,,,,,,,,80320.00064849854
0e63ef0f-78d2-4dca-98d8-8f74edad751a,2007,AES-128,encrypt,cpu_aesni,aesni,transform,bytes,CTR,1024,7,1024:CTR:7,93cc2c02630d08830d3e42e679fb19764a6b7fba58b3bddb1308eacdbbcfc5ff,4,88,True,,,,,,,,,,,6000,6e-06,170.66666666666666,0,0.0,
0e63ef0f-78d2-4dca-98d8-8f74edad751a,2007,AES-128,encrypt,cuda_baseline,baseline,resident,pinned,CTR,1024,7,1024:CTR:7,93cc2c02630d08830d3e42e679fb19764a6b7fba58b3bddb1308eacdbbcfc5ff,5,89,True,1,18.979833562274255,,5.395200103521347e-05,,,53952.00103521347,,,,,,,,,53952.00103521347
0e63ef0f-78d2-4dca-98d8-8f74edad751a,2007,AES-128,encrypt,cuda_baseline,baseline,resident,pinned,ECB,1024,7,1024:ECB:7,4453daadde6781878e32eb24f55d1e3eaa15fd9ee0ec786645655dd22a4d341e,0,90,True,1,19.08169391197141,,5.366399884223938e-05,,,53663.99884223938,,,,,,,,,53663.99884223938
0e63ef0f-78d2-4dca-98d8-8f74edad751a,2007,AES-128,encrypt,cuda_optimized_v1,optimized,pipeline,pinned,ECB,1024,7,1024:ECB:7,4453daadde6781878e32eb24f55d1e3eaa15fd9ee0ec786645655dd22a4d341e,1,91,True,,21.31912029293538,5.5895196506550215,4.80320006608963e-05,0.0001832,41600,48032.0006608963,41500,83100,183200,,,,,,
0e63ef0f-78d2-4dca-98d8-8f74edad751a,2007,AES-128,encrypt,cpu_aesni,aesni,transform,bytes,ECB,1024,7,1024:ECB:7,4453daadde6781878e32eb24f55d1e3eaa15fd9ee0ec786645655dd22a4d341e,2,92,True,,,,,,,,,,,5600,5.6e-06,182.85714285714286,0,0.0,
0e63ef0f-78d2-4dca-98d8-8f74edad751a,2007,AES-128,encrypt,cuda_optimized_v1,optimized,resident,pinned,ECB,1024,7,1024:ECB:7,4453daadde6781878e32eb24f55d1e3eaa15fd9ee0ec786645655dd22a4d341e,3,93,True,1,20.846904903018835,,4.912000149488449e-05,,,49120.00149488449,,,,,,,,,49120.00149488449
0e63ef0f-78d2-4dca-98d8-8f74edad751a,2007,AES-128,encrypt,cpu_software,software,transform,bytes,ECB,1024,7,1024:ECB:7,4453daadde6781878e32eb24f55d1e3eaa15fd9ee0ec786645655dd22a4d341e,4,94,True,,,,,,,,,,,8700,8.7e-06,117.70114942528735,0,0.0,
0e63ef0f-78d2-4dca-98d8-8f74edad751a,2007,AES-128,encrypt,cuda_baseline,baseline,pipeline,pinned,ECB,1024,7,1024:ECB:7,4453daadde6781878e32eb24f55d1e3eaa15fd9ee0ec786645655dd22a4d341e,5,95,True,,19.668100209619126,5.604816639299398,5.2064001560211184e-05,0.0001827,40100,52064.00156021118,42400,82500,182700,,,,,,
0e63ef0f-78d2-4dca-98d8-8f74edad751a,2007,AES-128,encrypt,cuda_optimized_v1,optimized,resident,pinned,ECB,1024,8,1024:ECB:8,c58b4617acb6a0508e27527fff1dd6ccf660c16dad8fa4b651ab15cde315afb6,0,96,True,1,19.716574022929013,,5.193600058555603e-05,,,51936.00058555603,,,,,,,,,51936.00058555603
0e63ef0f-78d2-4dca-98d8-8f74edad751a,2007,AES-128,encrypt,cuda_baseline,baseline,pipeline,pinned,ECB,1024,8,1024:ECB:8,c58b4617acb6a0508e27527fff1dd6ccf660c16dad8fa4b651ab15cde315afb6,1,97,True,,20.40816393237903,5.7334826427771555,5.0175998359918594e-05,0.0001786,40700,50175.998359918594,40600,81300,178600,,,,,,
0e63ef0f-78d2-4dca-98d8-8f74edad751a,2007,AES-128,encrypt,cuda_baseline,baseline,resident,pinned,ECB,1024,8,1024:ECB:8,c58b4617acb6a0508e27527fff1dd6ccf660c16dad8fa4b651ab15cde315afb6,2,98,True,1,20.35623436596638,,5.030399933457375e-05,,,50303.999334573746,,,,,,,,,50303.999334573746
0e63ef0f-78d2-4dca-98d8-8f74edad751a,2007,AES-128,encrypt,cpu_software,software,transform,bytes,ECB,1024,8,1024:ECB:8,c58b4617acb6a0508e27527fff1dd6ccf660c16dad8fa4b651ab15cde315afb6,3,99,True,,,,,,,,,,,9000,9e-06,113.77777777777777,0,0.0,
0e63ef0f-78d2-4dca-98d8-8f74edad751a,2007,AES-128,encrypt,cpu_aesni,aesni,transform,bytes,ECB,1024,8,1024:ECB:8,c58b4617acb6a0508e27527fff1dd6ccf660c16dad8fa4b651ab15cde315afb6,4,100,True,,,,,,,,,,,3800,3.8e-06,269.4736842105263,0,0.0,
0e63ef0f-78d2-4dca-98d8-8f74edad751a,2007,AES-128,encrypt,cuda_optimized_v1,optimized,pipeline,pinned,ECB,1024,8,1024:ECB:8,c58b4617acb6a0508e27527fff1dd6ccf660c16dad8fa4b651ab15cde315afb6,5,101,True,,19.900497258773953,5.629466739967015,5.145600065588951e-05,0.0001819,40000,51456.00065588951,41800,81800,181900,,,,,,
0e63ef0f-78d2-4dca-98d8-8f74edad751a,2007,AES-128,encrypt,cuda_baseline,baseline,pipeline,pinned,CTR,1024,8,1024:CTR:8,85f49cb7f42294e916be5c22d671a5cf9e5bc076b59dabcb5a8b8ee08ae923cf,0,102,True,,18.73536335921734,5.461333333333333,5.465599894523621e-05,0.0001875,41400,54655.998945236206,41200,82600,187500,,,,,,
0e63ef0f-78d2-4dca-98d8-8f74edad751a,2007,AES-128,encrypt,cpu_software,software,transform,bytes,CTR,1024,8,1024:CTR:8,85f49cb7f42294e916be5c22d671a5cf9e5bc076b59dabcb5a8b8ee08ae923cf,1,103,True,,,,,,,,,,,8600,8.6e-06,119.06976744186046,0,0.0,
0e63ef0f-78d2-4dca-98d8-8f74edad751a,2007,AES-128,encrypt,cpu_aesni,aesni,transform,bytes,CTR,1024,8,1024:CTR:8,85f49cb7f42294e916be5c22d671a5cf9e5bc076b59dabcb5a8b8ee08ae923cf,2,104,True,,,,,,,,,,,4300,4.3e-06,238.13953488372093,0,0.0,
0e63ef0f-78d2-4dca-98d8-8f74edad751a,2007,AES-128,encrypt,cuda_optimized_v1,optimized,pipeline,pinned,CTR,1024,8,1024:CTR:8,85f49cb7f42294e916be5c22d671a5cf9e5bc076b59dabcb5a8b8ee08ae923cf,3,105,True,,20.658488855807263,5.580381471389646,4.956800118088722e-05,0.0001835,41700,49568.00118088722,43100,84800,183500,,,,,,
0e63ef0f-78d2-4dca-98d8-8f74edad751a,2007,AES-128,encrypt,cuda_optimized_v1,optimized,resident,pinned,CTR,1024,8,1024:CTR:8,85f49cb7f42294e916be5c22d671a5cf9e5bc076b59dabcb5a8b8ee08ae923cf,4,106,True,1,19.668100209619126,,5.2064001560211184e-05,,,52064.00156021118,,,,,,,,,52064.00156021118
0e63ef0f-78d2-4dca-98d8-8f74edad751a,2007,AES-128,encrypt,cuda_baseline,baseline,resident,pinned,CTR,1024,8,1024:CTR:8,85f49cb7f42294e916be5c22d671a5cf9e5bc076b59dabcb5a8b8ee08ae923cf,5,107,True,1,19.692307286008585,,5.200000107288361e-05,,,52000.001072883606,,,,,,,,,52000.001072883606
0e63ef0f-78d2-4dca-98d8-8f74edad751a,2007,AES-128,encrypt,cuda_baseline,baseline,resident,pinned,ECB,1024,9,1024:ECB:9,ab39b9965a99098590501c8361ff7a98baec328d841adcfe15905fd2905b8abe,0,108,True,1,19.18465214355293,,5.337600037455559e-05,,,53376.00037455559,,,,,,,,,53376.00037455559
0e63ef0f-78d2-4dca-98d8-8f74edad751a,2007,AES-128,encrypt,cuda_optimized_v1,optimized,pipeline,pinned,ECB,1024,9,1024:ECB:9,ab39b9965a99098590501c8361ff7a98baec328d841adcfe15905fd2905b8abe,1,109,True,,21.234240917924414,5.679423183582918,4.822399839758873e-05,0.0001803,42200,48223.99839758873,41500,83700,180300,,,,,,
0e63ef0f-78d2-4dca-98d8-8f74edad751a,2007,AES-128,encrypt,cpu_aesni,aesni,transform,bytes,ECB,1024,9,1024:ECB:9,ab39b9965a99098590501c8361ff7a98baec328d841adcfe15905fd2905b8abe,2,110,True,,,,,,,,,,,5700,5.7e-06,179.64912280701753,0,0.0,
0e63ef0f-78d2-4dca-98d8-8f74edad751a,2007,AES-128,encrypt,cuda_optimized_v1,optimized,resident,pinned,ECB,1024,9,1024:ECB:9,ab39b9965a99098590501c8361ff7a98baec328d841adcfe15905fd2905b8abe,3,111,True,1,19.900497258773953,,5.145600065588951e-05,,,51456.00065588951,,,,,,,,,51456.00065588951
0e63ef0f-78d2-4dca-98d8-8f74edad751a,2007,AES-128,encrypt,cuda_baseline,baseline,pipeline,pinned,ECB,1024,9,1024:ECB:9,ab39b9965a99098590501c8361ff7a98baec328d841adcfe15905fd2905b8abe,4,112,True,,19.104478198293872,5.592572364827963,5.35999983549118e-05,0.0001831,40500,53599.998354911804,41100,81600,183100,,,,,,
0e63ef0f-78d2-4dca-98d8-8f74edad751a,2007,AES-128,encrypt,cpu_software,software,transform,bytes,ECB,1024,9,1024:ECB:9,ab39b9965a99098590501c8361ff7a98baec328d841adcfe15905fd2905b8abe,5,113,True,,,,,,,,,,,8800,8.8e-06,116.36363636363636,0,0.0,
0e63ef0f-78d2-4dca-98d8-8f74edad751a,2007,AES-128,encrypt,cuda_optimized_v1,optimized,resident,pinned,CTR,1024,9,1024:CTR:9,a1e29642bd3aca572587a93cc1ac6c0005920d7c04f9edcbdd5475a3849bde84,0,114,True,1,19.230769447498055,,5.3247999399900436e-05,,,53247.99939990044,,,,,,,,,53247.99939990044
0e63ef0f-78d2-4dca-98d8-8f74edad751a,2007,AES-128,encrypt,cuda_baseline,baseline,pipeline,pinned,CTR,1024,9,1024:CTR:9,a1e29642bd3aca572587a93cc1ac6c0005920d7c04f9edcbdd5475a3849bde84,1,115,True,,20.2275593428554,5.532144786601837,5.0624001771211624e-05,0.0001851,41600,50624.001771211624,42100,83700,185100,,,,,,
0e63ef0f-78d2-4dca-98d8-8f74edad751a,2007,AES-128,encrypt,cpu_software,software,transform,bytes,CTR,1024,9,1024:CTR:9,a1e29642bd3aca572587a93cc1ac6c0005920d7c04f9edcbdd5475a3849bde84,2,116,True,,,,,,,,,,,8800,8.8e-06,116.36363636363636,0,0.0,
0e63ef0f-78d2-4dca-98d8-8f74edad751a,2007,AES-128,encrypt,cpu_aesni,aesni,transform,bytes,CTR,1024,9,1024:CTR:9,a1e29642bd3aca572587a93cc1ac6c0005920d7c04f9edcbdd5475a3849bde84,3,117,True,,,,,,,,,,,4100,4.1e-06,249.7560975609756,0,0.0,
0e63ef0f-78d2-4dca-98d8-8f74edad751a,2007,AES-128,encrypt,cuda_optimized_v1,optimized,pipeline,pinned,CTR,1024,9,1024:CTR:9,a1e29642bd3aca572587a93cc1ac6c0005920d7c04f9edcbdd5475a3849bde84,4,118,True,,19.888128925372282,5.657458563535911,5.14880008995533e-05,0.000181,39300,51488.0008995533,41300,80600,181000,,,,,,
0e63ef0f-78d2-4dca-98d8-8f74edad751a,2007,AES-128,encrypt,cuda_baseline,baseline,resident,pinned,CTR,1024,9,1024:CTR:9,a1e29642bd3aca572587a93cc1ac6c0005920d7c04f9edcbdd5475a3849bde84,5,119,True,1,19.16167633766605,,5.3440000861883166e-05,,,53440.00086188316,,,,,,,,,53440.00086188316
0e63ef0f-78d2-4dca-98d8-8f74edad751a,2007,AES-128,encrypt,cpu_software,software,transform,bytes,CTR,1024,10,1024:CTR:10,57b6943e75186a217560ea7e7402e54ef6826a4bc36827b59e5ddf1622ae76e4,0,120,True,,,,,,,,,,,7400,7.4e-06,138.3783783783784,0,0.0,
0e63ef0f-78d2-4dca-98d8-8f74edad751a,2007,AES-128,encrypt,cuda_optimized_v1,optimized,pipeline,pinned,CTR,1024,10,1024:CTR:10,57b6943e75186a217560ea7e7402e54ef6826a4bc36827b59e5ddf1622ae76e4,1,121,True,,19.452888093946388,5.526173772261198,5.263999849557876e-05,0.0001853,41000,52639.998495578766,41200,82200,185300,,,,,,
0e63ef0f-78d2-4dca-98d8-8f74edad751a,2007,AES-128,encrypt,cuda_optimized_v1,optimized,resident,pinned,CTR,1024,10,1024:CTR:10,57b6943e75186a217560ea7e7402e54ef6826a4bc36827b59e5ddf1622ae76e4,2,122,True,1,20.631849725613375,,4.9632001668214796e-05,,,49632.0016682148,,,,,,,,,49632.0016682148
0e63ef0f-78d2-4dca-98d8-8f74edad751a,2007,AES-128,encrypt,cpu_aesni,aesni,transform,bytes,CTR,1024,10,1024:CTR:10,57b6943e75186a217560ea7e7402e54ef6826a4bc36827b59e5ddf1622ae76e4,3,123,True,,,,,,,,,,,5600,5.6e-06,182.85714285714286,0,0.0,
0e63ef0f-78d2-4dca-98d8-8f74edad751a,2007,AES-128,encrypt,cuda_baseline,baseline,resident,pinned,CTR,1024,10,1024:CTR:10,57b6943e75186a217560ea7e7402e54ef6826a4bc36827b59e5ddf1622ae76e4,4,124,True,1,20.075281926937922,,5.100800096988678e-05,,,51008.00096988678,,,,,,,,,51008.00096988678
0e63ef0f-78d2-4dca-98d8-8f74edad751a,2007,AES-128,encrypt,cuda_baseline,baseline,pipeline,pinned,CTR,1024,10,1024:CTR:10,57b6943e75186a217560ea7e7402e54ef6826a4bc36827b59e5ddf1622ae76e4,5,125,True,,19.680196304006934,5.629466739967015,5.2032001316547395e-05,0.0001819,39600,52032.001316547394,41500,81100,181900,,,,,,
0e63ef0f-78d2-4dca-98d8-8f74edad751a,2007,AES-128,encrypt,cuda_baseline,baseline,pipeline,pinned,ECB,1024,10,1024:ECB:10,759c8d76319f1aa01363edca531da9ae510e9bb25d624f08ac75f04482968301,0,126,True,,18.51851848729877,5.473009086050241,5.529600009322166e-05,0.0001871,41000,55296.000093221664,41800,82800,187100,,,,,,
0e63ef0f-78d2-4dca-98d8-8f74edad751a,2007,AES-128,encrypt,cpu_aesni,aesni,transform,bytes,ECB,1024,10,1024:ECB:10,759c8d76319f1aa01363edca531da9ae510e9bb25d624f08ac75f04482968301,1,127,True,,,,,,,,,,,5400,5.4e-06,189.62962962962962,0,0.0,
0e63ef0f-78d2-4dca-98d8-8f74edad751a,2007,AES-128,encrypt,cuda_optimized_v1,optimized,pipeline,pinned,ECB,1024,10,1024:ECB:10,759c8d76319f1aa01363edca531da9ae510e9bb25d624f08ac75f04482968301,2,128,True,,21.01116279601635,5.648097076668505,4.8735998570919034e-05,0.0001813,41300,48735.99857091904,42600,83900,181300,,,,,,
0e63ef0f-78d2-4dca-98d8-8f74edad751a,2007,AES-128,encrypt,cuda_baseline,baseline,resident,pinned,ECB,1024,10,1024:ECB:10,759c8d76319f1aa01363edca531da9ae510e9bb25d624f08ac75f04482968301,3,129,True,1,20.395156717657667,,5.020799860358238e-05,,,50207.99860358238,,,,,,,,,50207.99860358238
0e63ef0f-78d2-4dca-98d8-8f74edad751a,2007,AES-128,encrypt,cpu_software,software,transform,bytes,ECB,1024,10,1024:ECB:10,759c8d76319f1aa01363edca531da9ae510e9bb25d624f08ac75f04482968301,4,130,True,,,,,,,,,,,8700,8.7e-06,117.70114942528735,0,0.0,
0e63ef0f-78d2-4dca-98d8-8f74edad751a,2007,AES-128,encrypt,cuda_optimized_v1,optimized,resident,pinned,ECB,1024,10,1024:ECB:10,759c8d76319f1aa01363edca531da9ae510e9bb25d624f08ac75f04482968301,5,131,True,1,19.704433183126028,,5.196800082921982e-05,,,51968.00082921982,,,,,,,,,51968.00082921982
0e63ef0f-78d2-4dca-98d8-8f74edad751a,2007,AES-128,encrypt,cpu_software,software,transform,bytes,CTR,1024,11,1024:CTR:11,469fce090b5508d836c1a8dda15c0c0cc7fe50d137b7e1ba320ddfb7632d9e64,0,132,True,,,,,,,,,,,7600,7.6e-06,134.73684210526315,0,0.0,
0e63ef0f-78d2-4dca-98d8-8f74edad751a,2007,AES-128,encrypt,cuda_optimized_v1,optimized,pipeline,pinned,CTR,1024,11,1024:CTR:11,469fce090b5508d836c1a8dda15c0c0cc7fe50d137b7e1ba320ddfb7632d9e64,1,133,True,,18.56148521535518,5.490616621983914,5.5167999118566515e-05,0.0001865,41000,55167.99911856651,40900,81900,186500,,,,,,
0e63ef0f-78d2-4dca-98d8-8f74edad751a,2007,AES-128,encrypt,cuda_optimized_v1,optimized,resident,pinned,CTR,1024,11,1024:CTR:11,469fce090b5508d836c1a8dda15c0c0cc7fe50d137b7e1ba320ddfb7632d9e64,2,134,True,1,20.5128204569779,,4.992000013589859e-05,,,49920.00013589859,,,,,,,,,49920.00013589859
0e63ef0f-78d2-4dca-98d8-8f74edad751a,2007,AES-128,encrypt,cuda_baseline,baseline,resident,pinned,CTR,1024,11,1024:CTR:11,469fce090b5508d836c1a8dda15c0c0cc7fe50d137b7e1ba320ddfb7632d9e64,3,135,True,1,19.207683113859705,,5.331199988722801e-05,,,53311.99988722801,,,,,,,,,53311.99988722801
0e63ef0f-78d2-4dca-98d8-8f74edad751a,2007,AES-128,encrypt,cuda_baseline,baseline,pipeline,pinned,CTR,1024,11,1024:CTR:11,469fce090b5508d836c1a8dda15c0c0cc7fe50d137b7e1ba320ddfb7632d9e64,4,136,True,,18.669778157768977,5.6078860898138005,5.484800040721893e-05,0.0001826,38200,54848.00040721893,40500,78700,182600,,,,,,
0e63ef0f-78d2-4dca-98d8-8f74edad751a,2007,AES-128,encrypt,cpu_aesni,aesni,transform,bytes,CTR,1024,11,1024:CTR:11,469fce090b5508d836c1a8dda15c0c0cc7fe50d137b7e1ba320ddfb7632d9e64,5,137,True,,,,,,,,,,,6000,6e-06,170.66666666666666,0,0.0,
0e63ef0f-78d2-4dca-98d8-8f74edad751a,2007,AES-128,encrypt,cuda_optimized_v1,optimized,resident,pinned,ECB,1024,11,1024:ECB:11,6cf2e3ba319c188bce1cc5c45fc7e9ecf32f29a4b792306d81aedd215310b093,0,138,True,1,10.873258366456122,,9.417600184679031e-05,,,94176.00184679031,,,,,,,,,94176.00184679031
0e63ef0f-78d2-4dca-98d8-8f74edad751a,2007,AES-128,encrypt,cpu_software,software,transform,bytes,ECB,1024,11,1024:ECB:11,6cf2e3ba319c188bce1cc5c45fc7e9ecf32f29a4b792306d81aedd215310b093,1,139,True,,,,,,,,,,,9000,9e-06,113.77777777777777,0,0.0,
0e63ef0f-78d2-4dca-98d8-8f74edad751a,2007,AES-128,encrypt,cuda_baseline,baseline,resident,pinned,ECB,1024,11,1024:ECB:11,6cf2e3ba319c188bce1cc5c45fc7e9ecf32f29a4b792306d81aedd215310b093,2,140,True,1,19.85111599782624,,5.1584001630544664e-05,,,51584.00163054466,,,,,,,,,51584.00163054466
0e63ef0f-78d2-4dca-98d8-8f74edad751a,2007,AES-128,encrypt,cuda_optimized_v1,optimized,pipeline,pinned,ECB,1024,11,1024:ECB:11,6cf2e3ba319c188bce1cc5c45fc7e9ecf32f29a4b792306d81aedd215310b093,3,141,True,,20.4603576022553,5.720670391061453,5.004800111055374e-05,0.000179,39300,50048.00111055374,40100,79400,179000,,,,,,
0e63ef0f-78d2-4dca-98d8-8f74edad751a,2007,AES-128,encrypt,cpu_aesni,aesni,transform,bytes,ECB,1024,11,1024:ECB:11,6cf2e3ba319c188bce1cc5c45fc7e9ecf32f29a4b792306d81aedd215310b093,4,142,True,,,,,,,,,,,5600,5.6e-06,182.85714285714286,0,0.0,
0e63ef0f-78d2-4dca-98d8-8f74edad751a,2007,AES-128,encrypt,cuda_baseline,baseline,pipeline,pinned,ECB,1024,11,1024:ECB:11,6cf2e3ba319c188bce1cc5c45fc7e9ecf32f29a4b792306d81aedd215310b093,5,143,True,,18.244014015236868,5.352848928384736,5.6127998977899554e-05,0.0001913,40300,56127.99897789955,42000,82300,191300,,,,,,
0e63ef0f-78d2-4dca-98d8-8f74edad751a,2007,AES-128,encrypt,cuda_baseline,baseline,pipeline,pinned,CTR,1024,12,1024:CTR:12,f2eb307f8e7eb7dae1705c9761b8e11164d9ab631c225c2a83fee6848e4eb24c,0,144,True,,21.038789487658562,5.717476270240089,4.867200180888176e-05,0.0001791,39900,48672.00180888176,40100,80000,179100,,,,,,
0e63ef0f-78d2-4dca-98d8-8f74edad751a,2007,AES-128,encrypt,cpu_aesni,aesni,transform,bytes,CTR,1024,12,1024:CTR:12,f2eb307f8e7eb7dae1705c9761b8e11164d9ab631c225c2a83fee6848e4eb24c,1,145,True,,,,,,,,,,,5800,5.8e-06,176.55172413793105,0,0.0,
0e63ef0f-78d2-4dca-98d8-8f74edad751a,2007,AES-128,encrypt,cuda_optimized_v1,optimized,resident,pinned,CTR,1024,12,1024:CTR:12,f2eb307f8e7eb7dae1705c9761b8e11164d9ab631c225c2a83fee6848e4eb24c,2,146,True,1,20.5128204569779,,4.992000013589859e-05,,,49920.00013589859,,,,,,,,,49920.00013589859
0e63ef0f-78d2-4dca-98d8-8f74edad751a,2007,AES-128,encrypt,cpu_software,software,transform,bytes,CTR,1024,12,1024:CTR:12,f2eb307f8e7eb7dae1705c9761b8e11164d9ab631c225c2a83fee6848e4eb24c,3,147,True,,,,,,,,,,,8700,8.7e-06,117.70114942528735,0,0.0,
0e63ef0f-78d2-4dca-98d8-8f74edad751a,2007,AES-128,encrypt,cuda_optimized_v1,optimized,pipeline,pinned,CTR,1024,12,1024:CTR:12,f2eb307f8e7eb7dae1705c9761b8e11164d9ab631c225c2a83fee6848e4eb24c,4,148,True,,19.716574022929013,5.6078860898138005,5.193600058555603e-05,0.0001826,39800,51936.00058555603,41700,81500,182600,,,,,,
0e63ef0f-78d2-4dca-98d8-8f74edad751a,2007,AES-128,encrypt,cuda_baseline,baseline,resident,pinned,CTR,1024,12,1024:CTR:12,f2eb307f8e7eb7dae1705c9761b8e11164d9ab631c225c2a83fee6848e4eb24c,5,149,True,1,18.048505395617084,,5.673599988222122e-05,,,56735.99988222122,,,,,,,,,56735.99988222122
0e63ef0f-78d2-4dca-98d8-8f74edad751a,2007,AES-128,encrypt,cuda_baseline,baseline,pipeline,pinned,ECB,1024,12,1024:ECB:12,31b5674f3a38d182f92432c83d174fd2dadfe1a78926dd75f325c15ded3c5630,0,150,True,,21.72437143583793,5.704735376044568,4.713600128889084e-05,0.0001795,40200,47136.00128889084,40300,80500,179500,,,,,,
0e63ef0f-78d2-4dca-98d8-8f74edad751a,2007,AES-128,encrypt,cuda_optimized_v1,optimized,resident,pinned,ECB,1024,12,1024:ECB:12,31b5674f3a38d182f92432c83d174fd2dadfe1a78926dd75f325c15ded3c5630,1,151,True,1,21.066490539818368,,4.860800132155419e-05,,,48608.001321554184,,,,,,,,,48608.001321554184
0e63ef0f-78d2-4dca-98d8-8f74edad751a,2007,AES-128,encrypt,cuda_baseline,baseline,resident,pinned,ECB,1024,12,1024:ECB:12,31b5674f3a38d182f92432c83d174fd2dadfe1a78926dd75f325c15ded3c5630,2,152,True,1,20.55234449724132,,4.982399940490723e-05,,,49823.99940490723,,,,,,,,,49823.99940490723
0e63ef0f-78d2-4dca-98d8-8f74edad751a,2007,AES-128,encrypt,cpu_aesni,aesni,transform,bytes,ECB,1024,12,1024:ECB:12,31b5674f3a38d182f92432c83d174fd2dadfe1a78926dd75f325c15ded3c5630,3,153,True,,,,,,,,,,,5700,5.7e-06,179.64912280701753,0,0.0,
0e63ef0f-78d2-4dca-98d8-8f74edad751a,2007,AES-128,encrypt,cuda_optimized_v1,optimized,pipeline,pinned,ECB,1024,12,1024:ECB:12,31b5674f3a38d182f92432c83d174fd2dadfe1a78926dd75f325c15ded3c5630,4,154,True,,19.01366596508509,5.657458563535911,5.385600030422211e-05,0.000181,38200,53856.00030422211,40400,78600,181000,,,,,,
0e63ef0f-78d2-4dca-98d8-8f74edad751a,2007,AES-128,encrypt,cpu_software,software,transform,bytes,ECB,1024,12,1024:ECB:12,31b5674f3a38d182f92432c83d174fd2dadfe1a78926dd75f325c15ded3c5630,5,155,True,,,,,,,,,,,8600,8.6e-06,119.06976744186046,0,0.0,
0e63ef0f-78d2-4dca-98d8-8f74edad751a,2007,AES-128,encrypt,cpu_software,software,transform,bytes,ECB,1024,13,1024:ECB:13,8423ab37406115735bb625c4644db65ad417e7f268b668b69a322640238ddaa6,0,156,True,,,,,,,,,,,6700,6.7e-06,152.83582089552237,0,0.0,
0e63ef0f-78d2-4dca-98d8-8f74edad751a,2007,AES-128,encrypt,cuda_baseline,baseline,resident,pinned,ECB,1024,13,1024:ECB:13,8423ab37406115735bb625c4644db65ad417e7f268b668b69a322640238ddaa6,1,157,True,1,21.024967870593887,,4.8703998327255246e-05,,,48703.99832725525,,,,,,,,,48703.99832725525
0e63ef0f-78d2-4dca-98d8-8f74edad751a,2007,AES-128,encrypt,cuda_baseline,baseline,pipeline,pinned,ECB,1024,13,1024:ECB:13,8423ab37406115735bb625c4644db65ad417e7f268b668b69a322640238ddaa6,2,158,True,,19.76528736277517,5.666851134477033,5.1807999610900877e-05,0.0001807,40200,51807.99961090088,40200,80400,180700,,,,,,
0e63ef0f-78d2-4dca-98d8-8f74edad751a,2007,AES-128,encrypt,cpu_aesni,aesni,transform,bytes,ECB,1024,13,1024:ECB:13,8423ab37406115735bb625c4644db65ad417e7f268b668b69a322640238ddaa6,3,159,True,,,,,,,,,,,5400,5.4e-06,189.62962962962962,0,0.0,
0e63ef0f-78d2-4dca-98d8-8f74edad751a,2007,AES-128,encrypt,cuda_optimized_v1,optimized,resident,pinned,ECB,1024,13,1024:ECB:13,8423ab37406115735bb625c4644db65ad417e7f268b668b69a322640238ddaa6,4,160,True,1,20.2275593428554,,5.0624001771211624e-05,,,50624.001771211624,,,,,,,,,50624.001771211624
0e63ef0f-78d2-4dca-98d8-8f74edad751a,2007,AES-128,encrypt,cuda_optimized_v1,optimized,pipeline,pinned,ECB,1024,13,1024:ECB:13,8423ab37406115735bb625c4644db65ad417e7f268b668b69a322640238ddaa6,5,161,True,,18.7683290600374,5.5895196506550215,5.455999821424484e-05,0.0001832,39400,54559.99821424484,40500,79900,183200,,,,,,
0e63ef0f-78d2-4dca-98d8-8f74edad751a,2007,AES-128,encrypt,cuda_baseline,baseline,pipeline,pinned,CTR,1024,13,1024:CTR:13,f15b144310969879d62f30619ea7d948159c36cc1804f06a3d0d9a2a1b3f3dfe,0,162,True,,20.956123312111234,5.707915273132665,4.886399954557419e-05,0.0001794,39700,48863.99954557419,40300,80000,179400,,,,,,
0e63ef0f-78d2-4dca-98d8-8f74edad751a,2007,AES-128,encrypt,cuda_baseline,baseline,resident,pinned,CTR,1024,13,1024:CTR:13,f15b144310969879d62f30619ea7d948159c36cc1804f06a3d0d9a2a1b3f3dfe,1,163,True,1,20.037569777679547,,5.1104001700878144e-05,,,51104.00170087814,,,,,,,,,51104.00170087814
0e63ef0f-78d2-4dca-98d8-8f74edad751a,2007,AES-128,encrypt,cpu_software,software,transform,bytes,CTR,1024,13,1024:CTR:13,f15b144310969879d62f30619ea7d948159c36cc1804f06a3d0d9a2a1b3f3dfe,2,164,True,,,,,,,,,,,8700,8.7e-06,117.70114942528735,0,0.0,
0e63ef0f-78d2-4dca-98d8-8f74edad751a,2007,AES-128,encrypt,cuda_optimized_v1,optimized,pipeline,pinned,CTR,1024,13,1024:CTR:13,f15b144310969879d62f30619ea7d948159c36cc1804f06a3d0d9a2a1b3f3dfe,3,165,True,,19.987508217169477,5.676274944567628,5.1231998950243e-05,0.0001804,39800,51231.998950242996,40100,79900,180400,,,,,,
0e63ef0f-78d2-4dca-98d8-8f74edad751a,2007,AES-128,encrypt,cpu_aesni,aesni,transform,bytes,CTR,1024,13,1024:CTR:13,f15b144310969879d62f30619ea7d948159c36cc1804f06a3d0d9a2a1b3f3dfe,4,166,True,,,,,,,,,,,5600,5.6e-06,182.85714285714286,0,0.0,
0e63ef0f-78d2-4dca-98d8-8f74edad751a,2007,AES-128,encrypt,cuda_optimized_v1,optimized,resident,pinned,CTR,1024,13,1024:CTR:13,f15b144310969879d62f30619ea7d948159c36cc1804f06a3d0d9a2a1b3f3dfe,5,167,True,1,18.779342138949744,,5.452800169587135e-05,,,54528.00169587135,,,,,,,,,54528.00169587135
0e63ef0f-78d2-4dca-98d8-8f74edad751a,2007,AES-128,encrypt,cuda_optimized_v1,optimized,pipeline,pinned,CTR,1024,14,1024:CTR:14,8fee256e22b05c5226770132073b0883ca9f3508172bd2598bc1d1ffc58f7eba,0,168,True,,21.68021758497668,5.7560427206295675,4.7231998294591905e-05,0.0001779,40100,47231.998294591904,40700,80800,177900,,,,,,
0e63ef0f-78d2-4dca-98d8-8f74edad751a,2007,AES-128,encrypt,cuda_baseline,baseline,resident,pinned,CTR,1024,14,1024:CTR:14,8fee256e22b05c5226770132073b0883ca9f3508172bd2598bc1d1ffc58f7eba,1,169,True,1,20.265990716412798,,5.052800104022026e-05,,,50528.00104022026,,,,,,,,,50528.00104022026
0e63ef0f-78d2-4dca-98d8-8f74edad751a,2007,AES-128,encrypt,cpu_aesni,aesni,transform,bytes,CTR,1024,14,1024:CTR:14,8fee256e22b05c5226770132073b0883ca9f3508172bd2598bc1d1ffc58f7eba,2,170,True,,,,,,,,,,,5900,5.9e-06,173.5593220338983,0,0.0,
0e63ef0f-78d2-4dca-98d8-8f74edad751a,2007,AES-128,encrypt,cpu_software,software,transform,bytes,CTR,1024,14,1024:CTR:14,8fee256e22b05c5226770132073b0883ca9f3508172bd2598bc1d1ffc58f7eba,3,171,True,,,,,,,,,,,7000,7e-06,146.28571428571428,0,0.0,
0e63ef0f-78d2-4dca-98d8-8f74edad751a,2007,AES-128,encrypt,cuda_optimized_v1,optimized,resident,pinned,CTR,1024,14,1024:CTR:14,8fee256e22b05c5226770132073b0883ca9f3508172bd2598bc1d1ffc58f7eba,4,172,True,1,19.777503331938938,,5.177599936723709e-05,,,51775.99936723709,,,,,,,,,51775.99936723709
0e63ef0f-78d2-4dca-98d8-8f74edad751a,2007,AES-128,encrypt,cuda_baseline,baseline,pipeline,pinned,CTR,1024,14,1024:CTR:14,8fee256e22b05c5226770132073b0883ca9f3508172bd2598bc1d1ffc58f7eba,5,173,True,,18.048505395617084,5.473009086050241,5.673599988222122e-05,0.0001871,39700,56735.99988222122,40800,80500,187100,,,,,,
0e63ef0f-78d2-4dca-98d8-8f74edad751a,2007,AES-128,encrypt,cuda_optimized_v1,optimized,pipeline,pinned,ECB,1024,14,1024:ECB:14,c162f3c7e577ba470dc4b0b1ffc9d842230cd8f1bdab1136263f83b6d5192b85,0,174,True,,21.72437143583793,5.811577752553916,4.713600128889084e-05,0.0001762,39800,47136.00128889084,39500,79300,176200,,,,,,
0e63ef0f-78d2-4dca-98d8-8f74edad751a,2007,AES-128,encrypt,cuda_baseline,baseline,pipeline,pinned,ECB,1024,14,1024:ECB:14,c162f3c7e577ba470dc4b0b1ffc9d842230cd8f1bdab1136263f83b6d5192b85,1,175,True,,21.636241148637495,5.704735376044568,4.732799902558327e-05,0.0001795,41400,47327.99902558327,41500,82900,179500,,,,,,
0e63ef0f-78d2-4dca-98d8-8f74edad751a,2007,AES-128,encrypt,cuda_optimized_v1,optimized,resident,pinned,ECB,1024,14,1024:ECB:14,c162f3c7e577ba470dc4b0b1ffc9d842230cd8f1bdab1136263f83b6d5192b85,2,176,True,1,21.66553892327095,,4.7263998538255694e-05,,,47263.99853825569,,,,,,,,,47263.99853825569
0e63ef0f-78d2-4dca-98d8-8f74edad751a,2007,AES-128,encrypt,cpu_software,software,transform,bytes,ECB,1024,14,1024:ECB:14,c162f3c7e577ba470dc4b0b1ffc9d842230cd8f1bdab1136263f83b6d5192b85,3,177,True,,,,,,,,,,,8900,8.9e-06,115.0561797752809,0,0.0,
0e63ef0f-78d2-4dca-98d8-8f74edad751a,2007,AES-128,encrypt,cpu_aesni,aesni,transform,bytes,ECB,1024,14,1024:ECB:14,c162f3c7e577ba470dc4b0b1ffc9d842230cd8f1bdab1136263f83b6d5192b85,4,178,True,,,,,,,,,,,3700,3.7e-06,276.7567567567568,0,0.0,
0e63ef0f-78d2-4dca-98d8-8f74edad751a,2007,AES-128,encrypt,cuda_baseline,baseline,resident,pinned,ECB,1024,14,1024:ECB:14,c162f3c7e577ba470dc4b0b1ffc9d842230cd8f1bdab1136263f83b6d5192b85,5,179,True,1,19.96257039978823,,5.1295999437570575e-05,,,51295.99943757057,,,,,,,,,51295.99943757057
0e63ef0f-78d2-4dca-98d8-8f74edad751a,2007,AES-128,encrypt,cpu_software,software,transform,bytes,ECB,1024,15,1024:ECB:15,f789d1cd32d37d0e6b96802da3c1f6567029081e8dc152c3c5558bc1b898ca28,0,180,True,,,,,,,,,,,6900,6.9e-06,148.40579710144928,0,0.0,
0e63ef0f-78d2-4dca-98d8-8f74edad751a,2007,AES-128,encrypt,cuda_baseline,baseline,resident,pinned,ECB,1024,15,1024:ECB:15,f789d1cd32d37d0e6b96802da3c1f6567029081e8dc152c3c5558bc1b898ca28,1,181,True,1,18.834608427852547,,5.436800047755242e-05,,,54368.000477552414,,,,,,,,,54368.000477552414
0e63ef0f-78d2-4dca-98d8-8f74edad751a,2007,AES-128,encrypt,cpu_aesni,aesni,transform,bytes,ECB,1024,15,1024:ECB:15,f789d1cd32d37d0e6b96802da3c1f6567029081e8dc152c3c5558bc1b898ca28,2,182,True,,,,,,,,,,,5400,5.4e-06,189.62962962962962,0,0.0,
0e63ef0f-78d2-4dca-98d8-8f74edad751a,2007,AES-128,encrypt,cuda_optimized_v1,optimized,pipeline,pinned,ECB,1024,15,1024:ECB:15,f789d1cd32d37d0e6b96802da3c1f6567029081e8dc152c3c5558bc1b898ca28,3,183,True,,21.476509298732097,5.701559020044543,4.7680001705884936e-05,0.0001796,42300,47680.00170588493,40400,82700,179600,,,,,,
0e63ef0f-78d2-4dca-98d8-8f74edad751a,2007,AES-128,encrypt,cuda_optimized_v1,optimized,resident,pinned,ECB,1024,15,1024:ECB:15,f789d1cd32d37d0e6b96802da3c1f6567029081e8dc152c3c5558bc1b898ca28,4,184,True,1,22.145329585807158,,4.623999819159508e-05,,,46239.99819159508,,,,,,,,,46239.99819159508
0e63ef0f-78d2-4dca-98d8-8f74edad751a,2007,AES-128,encrypt,cuda_baseline,baseline,pipeline,pinned,ECB,1024,15,1024:ECB:15,f789d1cd32d37d0e6b96802da3c1f6567029081e8dc152c3c5558bc1b898ca28,5,185,True,,19.72872983305526,5.632563256325633,5.190400034189224e-05,0.0001818,41400,51904.00034189224,39600,81000,181800,,,,,,
0e63ef0f-78d2-4dca-98d8-8f74edad751a,2007,AES-128,encrypt,cuda_optimized_v1,optimized,resident,pinned,CTR,1024,15,1024:CTR:15,733d883dd3a69995da916a36463f2e1226d3da47d137019fda1be880e4482541,0,186,True,1,18.73536335921734,,5.465599894523621e-05,,,54655.998945236206,,,,,,,,,54655.998945236206
0e63ef0f-78d2-4dca-98d8-8f74edad751a,2007,AES-128,encrypt,cuda_optimized_v1,optimized,pipeline,pinned,CTR,1024,15,1024:CTR:15,733d883dd3a69995da916a36463f2e1226d3da47d137019fda1be880e4482541,1,187,True,,21.548821327725747,5.676274944567628,4.7520000487565994e-05,0.0001804,42700,47520.000487565994,40000,82700,180400,,,,,,
0e63ef0f-78d2-4dca-98d8-8f74edad751a,2007,AES-128,encrypt,cpu_aesni,aesni,transform,bytes,CTR,1024,15,1024:CTR:15,733d883dd3a69995da916a36463f2e1226d3da47d137019fda1be880e4482541,2,188,True,,,,,,,,,,,5900,5.9e-06,173.5593220338983,0,0.0,
0e63ef0f-78d2-4dca-98d8-8f74edad751a,2007,AES-128,encrypt,cuda_baseline,baseline,pipeline,pinned,CTR,1024,15,1024:CTR:15,733d883dd3a69995da916a36463f2e1226d3da47d137019fda1be880e4482541,3,189,True,,13.805004580475934,4.585759068517689,7.417599856853485e-05,0.0002233,40000,74175.99856853485,58200,98200,223300,,,,,,
0e63ef0f-78d2-4dca-98d8-8f74edad751a,2007,AES-128,encrypt,cpu_software,software,transform,bytes,CTR,1024,15,1024:CTR:15,733d883dd3a69995da916a36463f2e1226d3da47d137019fda1be880e4482541,4,190,True,,,,,,,,,,,8800,8.8e-06,116.36363636363636,0,0.0,
0e63ef0f-78d2-4dca-98d8-8f74edad751a,2007,AES-128,encrypt,cuda_baseline,baseline,resident,pinned,CTR,1024,15,1024:CTR:15,733d883dd3a69995da916a36463f2e1226d3da47d137019fda1be880e4482541,5,191,True,1,15.511390357990356,,6.601600348949432e-05,,,66016.00348949432,,,,,,,,,66016.00348949432
0e63ef0f-78d2-4dca-98d8-8f74edad751a,2007,AES-128,encrypt,cpu_software,software,transform,bytes,ECB,1024,16,1024:ECB:16,e8aef40a2069741dbdafa0ba76af0486ec5039ac5f3923e6d0c981b4aa21bba8,0,192,True,,,,,,,,,,,7100,7.1e-06,144.22535211267606,0,0.0,
0e63ef0f-78d2-4dca-98d8-8f74edad751a,2007,AES-128,encrypt,cuda_baseline,baseline,resident,pinned,ECB,1024,16,1024:ECB:16,e8aef40a2069741dbdafa0ba76af0486ec5039ac5f3923e6d0c981b4aa21bba8,1,193,True,1,20.43422667920919,,5.0112001597881316e-05,,,50112.00159788132,,,,,,,,,50112.00159788132
0e63ef0f-78d2-4dca-98d8-8f74edad751a,2007,AES-128,encrypt,cuda_baseline,baseline,pipeline,pinned,ECB,1024,16,1024:ECB:16,e8aef40a2069741dbdafa0ba76af0486ec5039ac5f3923e6d0c981b4aa21bba8,2,194,True,,19.512194749200585,5.574305933587371,5.2480001002550127e-05,0.0001837,40700,52480.001002550125,41400,82100,183700,,,,,,
0e63ef0f-78d2-4dca-98d8-8f74edad751a,2007,AES-128,encrypt,cpu_aesni,aesni,transform,bytes,ECB,1024,16,1024:ECB:16,e8aef40a2069741dbdafa0ba76af0486ec5039ac5f3923e6d0c981b4aa21bba8,3,195,True,,,,,,,,,,,5600,5.6e-06,182.85714285714286,0,0.0,
0e63ef0f-78d2-4dca-98d8-8f74edad751a,2007,AES-128,encrypt,cuda_optimized_v1,optimized,pipeline,pinned,ECB,1024,16,1024:ECB:16,e8aef40a2069741dbdafa0ba76af0486ec5039ac5f3923e6d0c981b4aa21bba8,4,196,True,,19.393939499027475,5.601750547045952,5.2799999713897704e-05,0.0001828,39900,52799.999713897705,40600,80500,182800,,,,,,
0e63ef0f-78d2-4dca-98d8-8f74edad751a,2007,AES-128,encrypt,cuda_optimized_v1,optimized,resident,pinned,ECB,1024,16,1024:ECB:16,e8aef40a2069741dbdafa0ba76af0486ec5039ac5f3923e6d0c981b4aa21bba8,5,197,True,1,20.92871156212002,,4.8928000032901765e-05,,,48928.000032901764,,,,,,,,,48928.000032901764
0e63ef0f-78d2-4dca-98d8-8f74edad751a,2007,AES-128,encrypt,cuda_baseline,baseline,resident,pinned,CTR,1024,16,1024:CTR:16,2eafa18d8636a82d1dfac5676fda812ee17aa8085406fcdf2f064906d8faef60,0,198,True,1,19.96257039978823,,5.1295999437570575e-05,,,51295.99943757057,,,,,,,,,51295.99943757057
0e63ef0f-78d2-4dca-98d8-8f74edad751a,2007,AES-128,encrypt,cuda_optimized_v1,optimized,pipeline,pinned,CTR,1024,16,1024:CTR:16,2eafa18d8636a82d1dfac5676fda812ee17aa8085406fcdf2f064906d8faef60,1,199,True,,19.07032213632526,5.544125609095831,5.369599908590317e-05,0.0001847,40800,53695.99908590317,41200,82000,184700,,,,,,
0e63ef0f-78d2-4dca-98d8-8f74edad751a,2007,AES-128,encrypt,cpu_aesni,aesni,transform,bytes,CTR,1024,16,1024:CTR:16,2eafa18d8636a82d1dfac5676fda812ee17aa8085406fcdf2f064906d8faef60,2,200,True,,,,,,,,,,,5900,5.9e-06,173.5593220338983,0,0.0,
0e63ef0f-78d2-4dca-98d8-8f74edad751a,2007,AES-128,encrypt,cuda_baseline,baseline,pipeline,pinned,CTR,1024,16,1024:CTR:16,2eafa18d8636a82d1dfac5676fda812ee17aa8085406fcdf2f064906d8faef60,3,201,True,,18.85680613185637,5.556158437330439,5.430399999022484e-05,0.0001843,39700,54303.99999022484,40400,80100,184300,,,,,,
0e63ef0f-78d2-4dca-98d8-8f74edad751a,2007,AES-128,encrypt,cpu_software,software,transform,bytes,CTR,1024,16,1024:CTR:16,2eafa18d8636a82d1dfac5676fda812ee17aa8085406fcdf2f064906d8faef60,4,202,True,,,,,,,,,,,8500,8.5e-06,120.47058823529412,0,0.0,
0e63ef0f-78d2-4dca-98d8-8f74edad751a,2007,AES-128,encrypt,cuda_optimized_v1,optimized,resident,pinned,CTR,1024,16,1024:CTR:16,2eafa18d8636a82d1dfac5676fda812ee17aa8085406fcdf2f064906d8faef60,5,203,True,1,20.671834234210927,,4.953600093722343e-05,,,49536.000937223434,,,,,,,,,49536.000937223434
0e63ef0f-78d2-4dca-98d8-8f74edad751a,2007,AES-128,encrypt,cuda_optimized_v1,optimized,resident,pinned,ECB,1024,17,1024:ECB:17,8cc3a3318b93d179098280e35caf1eeb02c504c29e754360aba7f27880bbae05,0,204,True,1,21.577882670154573,,4.745600000023842e-05,,,47456.00000023842,,,,,,,,,47456.00000023842
0e63ef0f-78d2-4dca-98d8-8f74edad751a,2007,AES-128,encrypt,cpu_software,software,transform,bytes,ECB,1024,17,1024:ECB:17,8cc3a3318b93d179098280e35caf1eeb02c504c29e754360aba7f27880bbae05,1,205,True,,,,,,,,,,,8800,8.8e-06,116.36363636363636,0,0.0,
0e63ef0f-78d2-4dca-98d8-8f74edad751a,2007,AES-128,encrypt,cuda_baseline,baseline,resident,pinned,ECB,1024,17,1024:ECB:17,8cc3a3318b93d179098280e35caf1eeb02c504c29e754360aba7f27880bbae05,2,206,True,1,19.24233343798812,,5.321599915623665e-05,,,53215.99915623665,,,,,,,,,53215.99915623665
0e63ef0f-78d2-4dca-98d8-8f74edad751a,2007,AES-128,encrypt,cuda_optimized_v1,optimized,pipeline,pinned,ECB,1024,17,1024:ECB:17,8cc3a3318b93d179098280e35caf1eeb02c504c29e754360aba7f27880bbae05,3,207,True,,19.207683113859705,5.660585959093422,5.331199988722801e-05,0.0001809,38700,53311.99988722801,40000,78700,180900,,,,,,
0e63ef0f-78d2-4dca-98d8-8f74edad751a,2007,AES-128,encrypt,cpu_aesni,aesni,transform,bytes,ECB,1024,17,1024:ECB:17,8cc3a3318b93d179098280e35caf1eeb02c504c29e754360aba7f27880bbae05,4,208,True,,,,,,,,,,,5700,5.7e-06,179.64912280701753,0,0.0,
0e63ef0f-78d2-4dca-98d8-8f74edad751a,2007,AES-128,encrypt,cuda_baseline,baseline,pipeline,pinned,ECB,1024,17,1024:ECB:17,8cc3a3318b93d179098280e35caf1eeb02c504c29e754360aba7f27880bbae05,5,209,True,,20.765736858307744,5.7334826427771555,4.931199923157692e-05,0.0001786,39300,49311.99923157692,41200,80500,178600,,,,,,
0e63ef0f-78d2-4dca-98d8-8f74edad751a,2007,AES-128,encrypt,cuda_optimized_v1,optimized,resident,pinned,CTR,1024,17,1024:CTR:17,3b0173c7aaf3e59981b5ee21f2d8928fafea5f176bcf18ab012d24472c5e8b30,0,210,True,1,20.71197402363525,,4.944000020623207e-05,,,49440.00020623207,,,,,,,,,49440.00020623207
0e63ef0f-78d2-4dca-98d8-8f74edad751a,2007,AES-128,encrypt,cpu_aesni,aesni,transform,bytes,CTR,1024,17,1024:CTR:17,3b0173c7aaf3e59981b5ee21f2d8928fafea5f176bcf18ab012d24472c5e8b30,1,211,True,,,,,,,,,,,5700,5.7e-06,179.64912280701753,0,0.0,
0e63ef0f-78d2-4dca-98d8-8f74edad751a,2007,AES-128,encrypt,cuda_baseline,baseline,resident,pinned,CTR,1024,17,1024:CTR:17,3b0173c7aaf3e59981b5ee21f2d8928fafea5f176bcf18ab012d24472c5e8b30,2,212,True,1,19.28872881018274,,5.3087998181581494e-05,,,53087.9981815815,,,,,,,,,53087.9981815815
0e63ef0f-78d2-4dca-98d8-8f74edad751a,2007,AES-128,encrypt,cuda_baseline,baseline,pipeline,pinned,CTR,1024,17,1024:CTR:17,3b0173c7aaf3e59981b5ee21f2d8928fafea5f176bcf18ab012d24472c5e8b30,3,213,True,,18.583043434882157,5.565217391304348,5.510399863123894e-05,0.000184,40100,55103.99863123894,39700,79800,184000,,,,,,
0e63ef0f-78d2-4dca-98d8-8f74edad751a,2007,AES-128,encrypt,cuda_optimized_v1,optimized,pipeline,pinned,CTR,1024,17,1024:CTR:17,3b0173c7aaf3e59981b5ee21f2d8928fafea5f176bcf18ab012d24472c5e8b30,4,214,True,,20.819779527702188,5.775521714608009,4.9183998256921766e-05,0.0001773,39100,49183.99825692177,41200,80300,177300,,,,,,
0e63ef0f-78d2-4dca-98d8-8f74edad751a,2007,AES-128,encrypt,cpu_software,software,transform,bytes,CTR,1024,17,1024:CTR:17,3b0173c7aaf3e59981b5ee21f2d8928fafea5f176bcf18ab012d24472c5e8b30,5,215,True,,,,,,,,,,,8700,8.7e-06,117.70114942528735,0,0.0,
0e63ef0f-78d2-4dca-98d8-8f74edad751a,2007,AES-128,encrypt,cuda_optimized_v1,optimized,resident,pinned,CTR,1024,18,1024:CTR:18,8ae8e9da0fe1d07860a4fe959c0826714b664f823106d36641d2151afc77ed65,0,216,True,1,21.290751321387454,,4.809600114822388e-05,,,48096.00114822388,,,,,,,,,48096.00114822388
0e63ef0f-78d2-4dca-98d8-8f74edad751a,2007,AES-128,encrypt,cuda_baseline,baseline,pipeline,pinned,CTR,1024,18,1024:CTR:18,8ae8e9da0fe1d07860a4fe959c0826714b664f823106d36641d2151afc77ed65,1,217,True,,18.946121346530287,5.532144786601837,5.404800176620483e-05,0.0001851,41700,54048.001766204834,40500,82200,185100,,,,,,
0e63ef0f-78d2-4dca-98d8-8f74edad751a,2007,AES-128,encrypt,cuda_baseline,baseline,resident,pinned,CTR,1024,18,1024:CTR:18,8ae8e9da0fe1d07860a4fe959c0826714b664f823106d36641d2151afc77ed65,2,218,True,1,18.61547356275165,,5.500800162553787e-05,,,55008.00162553787,,,,,,,,,55008.00162553787
0e63ef0f-78d2-4dca-98d8-8f74edad751a,2007,AES-128,encrypt,cuda_optimized_v1,optimized,pipeline,pinned,CTR,1024,18,1024:CTR:18,8ae8e9da0fe1d07860a4fe959c0826714b664f823106d36641d2151afc77ed65,3,219,True,,20.87410263715251,5.8082813386273395,4.905600100755692e-05,0.0001763,39200,49056.001007556915,40100,79300,176300,,,,,,
0e63ef0f-78d2-4dca-98d8-8f74edad751a,2007,AES-128,encrypt,cpu_aesni,aesni,transform,bytes,CTR,1024,18,1024:CTR:18,8ae8e9da0fe1d07860a4fe959c0826714b664f823106d36641d2151afc77ed65,4,220,True,,,,,,,,,,,5800,5.8e-06,176.55172413793105,0,0.0,
0e63ef0f-78d2-4dca-98d8-8f74edad751a,2007,AES-128,encrypt,cpu_software,software,transform,bytes,CTR,1024,18,1024:CTR:18,8ae8e9da0fe1d07860a4fe959c0826714b664f823106d36641d2151afc77ed65,5,221,True,,,,,,,,,,,7000,7e-06,146.28571428571428,0,0.0,
0e63ef0f-78d2-4dca-98d8-8f74edad751a,2007,AES-128,encrypt,cpu_aesni,aesni,transform,bytes,ECB,1024,18,1024:ECB:18,39c900fc6041e8bea6dfb0d1c67fd9840e3dcb3bd97f6a411448381ff4b9e37d,0,222,True,,,,,,,,,,,3300,3.3e-06,310.3030303030303,0,0.0,
0e63ef0f-78d2-4dca-98d8-8f74edad751a,2007,AES-128,encrypt,cuda_optimized_v1,optimized,resident,pinned,ECB,1024,18,1024:ECB:18,39c900fc6041e8bea6dfb0d1c67fd9840e3dcb3bd97f6a411448381ff4b9e37d,1,223,True,1,20.473448141630147,,5.001600086688995e-05,,,50016.00086688995,,,,,,,,,50016.00086688995
0e63ef0f-78d2-4dca-98d8-8f74edad751a,2007,AES-128,encrypt,cuda_baseline,baseline,pipeline,pinned,ECB,1024,18,1024:ECB:18,39c900fc6041e8bea6dfb0d1c67fd9840e3dcb3bd97f6a411448381ff4b9e37d,2,224,True,,19.230769447498055,5.580381471389646,5.3247999399900436e-05,0.0001835,40200,53247.99939990044,41300,81500,183500,,,,,,
0e63ef0f-78d2-4dca-98d8-8f74edad751a,2007,AES-128,encrypt,cpu_software,software,transform,bytes,ECB,1024,18,1024:ECB:18,39c900fc6041e8bea6dfb0d1c67fd9840e3dcb3bd97f6a411448381ff4b9e37d,3,225,True,,,,,,,,,,,8800,8.8e-06,116.36363636363636,0,0.0,
0e63ef0f-78d2-4dca-98d8-8f74edad751a,2007,AES-128,encrypt,cuda_optimized_v1,optimized,pipeline,pinned,ECB,1024,18,1024:ECB:18,39c900fc6041e8bea6dfb0d1c67fd9840e3dcb3bd97f6a411448381ff4b9e37d,4,226,True,,19.76528736277517,5.714285714285714,5.1807999610900877e-05,0.0001792,39700,51807.99961090088,39700,79400,179200,,,,,,
0e63ef0f-78d2-4dca-98d8-8f74edad751a,2007,AES-128,encrypt,cuda_baseline,baseline,resident,pinned,ECB,1024,18,1024:ECB:18,39c900fc6041e8bea6dfb0d1c67fd9840e3dcb3bd97f6a411448381ff4b9e37d,5,227,True,1,20.69857678460131,,4.947200044989586e-05,,,49472.00044989586,,,,,,,,,49472.00044989586
0e63ef0f-78d2-4dca-98d8-8f74edad751a,2007,AES-128,encrypt,cuda_optimized_v1,optimized,resident,pinned,CTR,1024,19,1024:CTR:19,42a8bbabcd0228d829afd406746942e2c886ceada975d00165293aec95a5f519,0,228,True,1,20.860494905046384,,4.90880012512207e-05,,,49088.0012512207,,,,,,,,,49088.0012512207
0e63ef0f-78d2-4dca-98d8-8f74edad751a,2007,AES-128,encrypt,cuda_baseline,baseline,pipeline,pinned,CTR,1024,19,1024:CTR:19,42a8bbabcd0228d829afd406746942e2c886ceada975d00165293aec95a5f519,1,229,True,,18.62630919420813,5.496511003757381,5.4976001381874084e-05,0.0001863,40200,54976.001381874084,41700,81900,186300,,,,,,
0e63ef0f-78d2-4dca-98d8-8f74edad751a,2007,AES-128,encrypt,cuda_baseline,baseline,resident,pinned,CTR,1024,19,1024:CTR:19,42a8bbabcd0228d829afd406746942e2c886ceada975d00165293aec95a5f519,2,230,True,1,18.16118017807844,,5.6384000927209855e-05,,,56384.000927209854,,,,,,,,,56384.000927209854
0e63ef0f-78d2-4dca-98d8-8f74edad751a,2007,AES-128,encrypt,cpu_software,software,transform,bytes,CTR,1024,19,1024:CTR:19,42a8bbabcd0228d829afd406746942e2c886ceada975d00165293aec95a5f519,3,231,True,,,,,,,,,,,8800,8.8e-06,116.36363636363636,0,0.0,
0e63ef0f-78d2-4dca-98d8-8f74edad751a,2007,AES-128,encrypt,cpu_aesni,aesni,transform,bytes,CTR,1024,19,1024:CTR:19,42a8bbabcd0228d829afd406746942e2c886ceada975d00165293aec95a5f519,4,232,True,,,,,,,,,,,4300,4.3e-06,238.13953488372093,0,0.0,
0e63ef0f-78d2-4dca-98d8-8f74edad751a,2007,AES-128,encrypt,cuda_optimized_v1,optimized,pipeline,pinned,CTR,1024,19,1024:CTR:19,42a8bbabcd0228d829afd406746942e2c886ceada975d00165293aec95a5f519,5,233,True,,21.052630901481162,5.752808988764045,4.864000156521797e-05,0.000178,39600,48640.00156521797,40200,79800,178000,,,,,,
0e63ef0f-78d2-4dca-98d8-8f74edad751a,2007,AES-128,encrypt,cpu_aesni,aesni,transform,bytes,ECB,1024,19,1024:ECB:19,2e292fab47e2fa89bdddf78f693059437548f5579d3c118711d6d6930e743327,0,234,True,,,,,,,,,,,4000,4e-06,256.0,0,0.0,
0e63ef0f-78d2-4dca-98d8-8f74edad751a,2007,AES-128,encrypt,cuda_baseline,baseline,resident,pinned,ECB,1024,19,1024:ECB:19,2e292fab47e2fa89bdddf78f693059437548f5579d3c118711d6d6930e743327,1,235,True,1,21.150033108271405,,4.8415999859571457e-05,,,48415.99985957146,,,,,,,,,48415.99985957146
0e63ef0f-78d2-4dca-98d8-8f74edad751a,2007,AES-128,encrypt,cuda_baseline,baseline,pipeline,pinned,ECB,1024,19,1024:ECB:19,2e292fab47e2fa89bdddf78f693059437548f5579d3c118711d6d6930e743327,2,236,True,,19.28872881018274,5.592572364827963,5.3087998181581494e-05,0.0001831,40800,53087.9981815815,40200,81000,183100,,,,,,
0e63ef0f-78d2-4dca-98d8-8f74edad751a,2007,AES-128,encrypt,cpu_software,software,transform,bytes,ECB,1024,19,1024:ECB:19,2e292fab47e2fa89bdddf78f693059437548f5579d3c118711d6d6930e743327,3,237,True,,,,,,,,,,,8800,8.8e-06,116.36363636363636,0,0.0,
0e63ef0f-78d2-4dca-98d8-8f74edad751a,2007,AES-128,encrypt,cuda_optimized_v1,optimized,pipeline,pinned,ECB,1024,19,1024:ECB:19,2e292fab47e2fa89bdddf78f693059437548f5579d3c118711d6d6930e743327,4,238,True,,19.150209059480567,5.626373626373627,5.3472001105546954e-05,0.000182,40200,53472.00110554695,39800,80000,182000,,,,,,
0e63ef0f-78d2-4dca-98d8-8f74edad751a,2007,AES-128,encrypt,cuda_optimized_v1,optimized,resident,pinned,ECB,1024,19,1024:ECB:19,2e292fab47e2fa89bdddf78f693059437548f5579d3c118711d6d6930e743327,5,239,True,1,21.178028071116742,,4.835199937224388e-05,,,48351.99937224388,,,,,,,,,48351.99937224388
0e63ef0f-78d2-4dca-98d8-8f74edad751a,2007,AES-128,encrypt,cuda_baseline,baseline,resident,pinned,CTR,16384,0,16384:CTR:0,4a14b3b8c7720a89fffe68858332e964dd65343c34eafe46ecebfbef96a10971,0,240,True,1,315.4651843668642,,5.193600058555603e-05,,,51936.00058555603,,,,,,,,,51936.00058555603
0e63ef0f-78d2-4dca-98d8-8f74edad751a,2007,AES-128,encrypt,cuda_baseline,baseline,pipeline,pinned,CTR,16384,0,16384:CTR:0,4a14b3b8c7720a89fffe68858332e964dd65343c34eafe46ecebfbef96a10971,1,241,True,,320.40051178333636,87.61497326203208,5.113599821925163e-05,0.000187,44200,51135.99821925163,44500,88700,187000,,,,,,
0e63ef0f-78d2-4dca-98d8-8f74edad751a,2007,AES-128,encrypt,cpu_aesni,aesni,transform,bytes,CTR,16384,0,16384:CTR:0,4a14b3b8c7720a89fffe68858332e964dd65343c34eafe46ecebfbef96a10971,2,242,True,,,,,,,,,,,12300,1.23e-05,1332.0325203252032,0,0.0,
0e63ef0f-78d2-4dca-98d8-8f74edad751a,2007,AES-128,encrypt,cuda_optimized_v1,optimized,pipeline,pinned,CTR,16384,0,16384:CTR:0,4a14b3b8c7720a89fffe68858332e964dd65343c34eafe46ecebfbef96a10971,3,243,True,,339.97345259828415,90.9211986681465,4.8191998153924945e-05,0.0001802,41300,48191.99815392494,42500,83800,180200,,,,,,
0e63ef0f-78d2-4dca-98d8-8f74edad751a,2007,AES-128,encrypt,cpu_software,software,transform,bytes,CTR,16384,0,16384:CTR:0,4a14b3b8c7720a89fffe68858332e964dd65343c34eafe46ecebfbef96a10971,4,244,True,,,,,,,,,,,61800,6.18e-05,265.1132686084142,0,0.0,
0e63ef0f-78d2-4dca-98d8-8f74edad751a,2007,AES-128,encrypt,cuda_optimized_v1,optimized,resident,pinned,CTR,16384,0,16384:CTR:0,4a14b3b8c7720a89fffe68858332e964dd65343c34eafe46ecebfbef96a10971,5,245,True,1,349.2496620385355,,4.691199958324432e-05,,,46911.999583244324,,,,,,,,,46911.999583244324
0e63ef0f-78d2-4dca-98d8-8f74edad751a,2007,AES-128,encrypt,cuda_baseline,baseline,resident,pinned,ECB,16384,0,16384:ECB:0,823987f36db8bef64d1fee888151c50d90e8803ac9c494f6876a9b1836d80cc9,0,246,True,1,328.2051273116464,,4.992000013589859e-05,,,49920.00013589859,,,,,,,,,49920.00013589859
0e63ef0f-78d2-4dca-98d8-8f74edad751a,2007,AES-128,encrypt,cuda_optimized_v1,optimized,resident,pinned,ECB,16384,0,16384:ECB:0,823987f36db8bef64d1fee888151c50d90e8803ac9c494f6876a9b1836d80cc9,1,247,True,1,325.9070714568522,,5.027199909090996e-05,,,50271.99909090996,,,,,,,,,50271.99909090996
0e63ef0f-78d2-4dca-98d8-8f74edad751a,2007,AES-128,encrypt,cpu_software,software,transform,bytes,ECB,16384,0,16384:ECB:0,823987f36db8bef64d1fee888151c50d90e8803ac9c494f6876a9b1836d80cc9,2,248,True,,,,,,,,,,,57800,5.78e-05,283.46020761245677,0,0.0,
0e63ef0f-78d2-4dca-98d8-8f74edad751a,2007,AES-128,encrypt,cuda_baseline,baseline,pipeline,pinned,ECB,16384,0,16384:ECB:0,823987f36db8bef64d1fee888151c50d90e8803ac9c494f6876a9b1836d80cc9,3,249,True,,342.7041574221938,90.77008310249307,4.780799895524978e-05,0.0001805,41800,47807.99895524979,42400,84200,180500,,,,,,
0e63ef0f-78d2-4dca-98d8-8f74edad751a,2007,AES-128,encrypt,cuda_optimized_v1,optimized,pipeline,pinned,ECB,16384,0,16384:ECB:0,823987f36db8bef64d1fee888151c50d90e8803ac9c494f6876a9b1836d80cc9,4,250,True,,345.71236006905684,91.73572228443449,4.739199951291084e-05,0.0001786,42100,47391.99951291084,42800,84900,178600,,,,,,
0e63ef0f-78d2-4dca-98d8-8f74edad751a,2007,AES-128,encrypt,cpu_aesni,aesni,transform,bytes,ECB,16384,0,16384:ECB:0,823987f36db8bef64d1fee888151c50d90e8803ac9c494f6876a9b1836d80cc9,5,251,True,,,,,,,,,,,8700,8.7e-06,1883.2183908045977,0,0.0,
0e63ef0f-78d2-4dca-98d8-8f74edad751a,2007,AES-128,encrypt,cuda_optimized_v1,optimized,pipeline,pinned,CTR,16384,1,16384:CTR:1,e0da4e6757d703ec7ea3b99a7f20f8364f1aca08bc70b5e07a1920d5fb620cbe,0,252,True,,327.78488707818263,87.1953166577967,4.998400062322616e-05,0.0001879,42100,49984.000623226166,43700,85800,187900,,,,,,
0e63ef0f-78d2-4dca-98d8-8f74edad751a,2007,AES-128,encrypt,cuda_baseline,baseline,resident,pinned,CTR,16384,1,16384:CTR:1,e0da4e6757d703ec7ea3b99a7f20f8364f1aca08bc70b5e07a1920d5fb620cbe,1,253,True,1,313.7254958835556,,5.222399905323982e-05,,,52223.99905323982,,,,,,,,,52223.99905323982
0e63ef0f-78d2-4dca-98d8-8f74edad751a,2007,AES-128,encrypt,cuda_optimized_v1,optimized,resident,pinned,CTR,16384,1,16384:CTR:1,e0da4e6757d703ec7ea3b99a7f20f8364f1aca08bc70b5e07a1920d5fb620cbe,2,254,True,1,325.49269185633744,,5.0335999578237536e-05,,,50335.99957823753,,,,,,,,,50335.99957823753
0e63ef0f-78d2-4dca-98d8-8f74edad751a,2007,AES-128,encrypt,cuda_baseline,baseline,pipeline,pinned,CTR,16384,1,16384:CTR:1,e0da4e6757d703ec7ea3b99a7f20f8364f1aca08bc70b5e07a1920d5fb620cbe,3,255,True,,336.1786047362616,88.65800865800865,4.8735998570919034e-05,0.0001848,42100,48735.99857091904,45500,87600,184800,,,,,,
0e63ef0f-78d2-4dca-98d8-8f74edad751a,2007,AES-128,encrypt,cpu_aesni,aesni,transform,bytes,CTR,16384,1,16384:CTR:1,e0da4e6757d703ec7ea3b99a7f20f8364f1aca08bc70b5e07a1920d5fb620cbe,4,256,True,,,,,,,,,,,12200,1.22e-05,1342.950819672131,0,0.0,
0e63ef0f-78d2-4dca-98d8-8f74edad751a,2007,AES-128,encrypt,cpu_software,software,transform,bytes,CTR,16384,1,16384:CTR:1,e0da4e6757d703ec7ea3b99a7f20f8364f1aca08bc70b5e07a1920d5fb620cbe,5,257,True,,,,,,,,,,,60100,6.01e-05,272.61231281198,0,0.0,
0e63ef0f-78d2-4dca-98d8-8f74edad751a,2007,AES-128,encrypt,cuda_baseline,baseline,resident,pinned,ECB,16384,1,16384:ECB:1,a95aee9e603a9b7032b4f675ed96c93d3930d801d7b1dd43190715b5f5002517,0,258,True,1,340.4255220696043,,4.812800139188767e-05,,,48128.001391887665,,,,,,,,,48128.001391887665
0e63ef0f-78d2-4dca-98d8-8f74edad751a,2007,AES-128,encrypt,cpu_software,software,transform,bytes,ECB,16384,1,16384:ECB:1,a95aee9e603a9b7032b4f675ed96c93d3930d801d7b1dd43190715b5f5002517,1,259,True,,,,,,,,,,,57800,5.78e-05,283.46020761245677,0,0.0,
0e63ef0f-78d2-4dca-98d8-8f74edad751a,2007,AES-128,encrypt,cuda_optimized_v1,optimized,pipeline,pinned,ECB,16384,1,16384:ECB:1,a95aee9e603a9b7032b4f675ed96c93d3930d801d7b1dd43190715b5f5002517,2,260,True,,328.83751195586115,87.75575790037493,4.982399940490723e-05,0.0001867,44500,49823.99940490723,44500,89000,186700,,,,,,
0e63ef0f-78d2-4dca-98d8-8f74edad751a,2007,AES-128,encrypt,cuda_baseline,baseline,pipeline,pinned,ECB,16384,1,16384:ECB:1,a95aee9e603a9b7032b4f675ed96c93d3930d801d7b1dd43190715b5f5002517,3,261,True,,327.3657216360848,91.2249443207127,5.004800111055374e-05,0.0001796,41000,50048.00111055374,42000,83000,179600,,,,,,
0e63ef0f-78d2-4dca-98d8-8f74edad751a,2007,AES-128,encrypt,cuda_optimized_v1,optimized,resident,pinned,ECB,16384,1,16384:ECB:1,a95aee9e603a9b7032b4f675ed96c93d3930d801d7b1dd43190715b5f5002517,4,262,True,1,322.8247224972834,,5.075199902057648e-05,,,50751.99902057648,,,,,,,,,50751.99902057648
0e63ef0f-78d2-4dca-98d8-8f74edad751a,2007,AES-128,encrypt,cpu_aesni,aesni,transform,bytes,ECB,16384,1,16384:ECB:1,a95aee9e603a9b7032b4f675ed96c93d3930d801d7b1dd43190715b5f5002517,5,263,True,,,,,,,,,,,37600,3.76e-05,435.74468085106383,0,0.0,
0e63ef0f-78d2-4dca-98d8-8f74edad751a,2007,AES-128,encrypt,cpu_software,software,transform,bytes,CTR,16384,2,16384:CTR:2,f0961e80332a7125d8647d15572a78b2972d302bc670b2f51284189005ffba66,0,264,True,,,,,,,,,,,59900,5.99e-05,273.5225375626043,0,0.0,
0e63ef0f-78d2-4dca-98d8-8f74edad751a,2007,AES-128,encrypt,cuda_optimized_v1,optimized,resident,pinned,CTR,16384,2,16384:CTR:2,f0961e80332a7125d8647d15572a78b2972d302bc670b2f51284189005ffba66,1,265,True,1,336.3994859295022,,4.8703998327255246e-05,,,48703.99832725525,,,,,,,,,48703.99832725525
0e63ef0f-78d2-4dca-98d8-8f74edad751a,2007,AES-128,encrypt,cpu_aesni,aesni,transform,bytes,CTR,16384,2,16384:CTR:2,f0961e80332a7125d8647d15572a78b2972d302bc670b2f51284189005ffba66,2,266,True,,,,,,,,,,,11900,1.19e-05,1376.8067226890757,0,0.0,
0e63ef0f-78d2-4dca-98d8-8f74edad751a,2007,AES-128,encrypt,cuda_baseline,baseline,pipeline,pinned,CTR,16384,2,16384:CTR:2,f0961e80332a7125d8647d15572a78b2972d302bc670b2f51284189005ffba66,3,267,True,,345.24612272247316,87.52136752136752,4.745600000023842e-05,0.0001872,44600,47456.00000023842,45700,90300,187200,,,,,,
0e63ef0f-78d2-4dca-98d8-8f74edad751a,2007,AES-128,encrypt,cuda_baseline,baseline,resident,pinned,CTR,16384,2,16384:CTR:2,f0961e80332a7125d8647d15572a78b2972d302bc670b2f51284189005ffba66,4,268,True,1,334.85938499392034,,4.8928000032901765e-05,,,48928.000032901764,,,,,,,,,48928.000032901764
0e63ef0f-78d2-4dca-98d8-8f74edad751a,2007,AES-128,encrypt,cuda_optimized_v1,optimized,pipeline,pinned,CTR,16384,2,16384:CTR:2,f0961e80332a7125d8647d15572a78b2972d302bc670b2f51284189005ffba66,5,269,True,,325.9070714568522,89.43231441048034,5.027199909090996e-05,0.0001832,42000,50271.99909090996,43000,85000,183200,,,,,,
0e63ef0f-78d2-4dca-98d8-8f74edad751a,2007,AES-128,encrypt,cpu_aesni,aesni,transform,bytes,ECB,16384,2,16384:ECB:2,797b664bee357119ca6f2ea7b3b2b232f2da6c249ea0a311aaa2b242c5538579,0,270,True,,,,,,,,,,,7100,7.1e-06,2307.605633802817,0,0.0,
0e63ef0f-78d2-4dca-98d8-8f74edad751a,2007,AES-128,encrypt,cuda_baseline,baseline,resident,pinned,ECB,16384,2,16384:ECB:2,797b664bee357119ca6f2ea7b3b2b232f2da6c249ea0a311aaa2b242c5538579,1,271,True,1,303.6773369963881,,5.395200103521347e-05,,,53952.00103521347,,,,,,,,,53952.00103521347
0e63ef0f-78d2-4dca-98d8-8f74edad751a,2007,AES-128,encrypt,cpu_software,software,transform,bytes,ECB,16384,2,16384:ECB:2,797b664bee357119ca6f2ea7b3b2b232f2da6c249ea0a311aaa2b242c5538579,2,272,True,,,,,,,,,,,57900,5.79e-05,282.9706390328152,0,0.0,
0e63ef0f-78d2-4dca-98d8-8f74edad751a,2007,AES-128,encrypt,cuda_optimized_v1,optimized,pipeline,pinned,ECB,16384,2,16384:ECB:2,797b664bee357119ca6f2ea7b3b2b232f2da6c249ea0a311aaa2b242c5538579,3,273,True,,337.9537929613069,89.28610354223433,4.848000034689903e-05,0.0001835,44700,48480.00034689903,43000,87700,183500,,,,,,
0e63ef0f-78d2-4dca-98d8-8f74edad751a,2007,AES-128,encrypt,cuda_optimized_v1,optimized,resident,pinned,ECB,16384,2,16384:ECB:2,797b664bee357119ca6f2ea7b3b2b232f2da6c249ea0a311aaa2b242c5538579,4,274,True,1,249.51266749049984,,6.566400080919265e-05,,,65664.00080919266,,,,,,,,,65664.00080919266
0e63ef0f-78d2-4dca-98d8-8f74edad751a,2007,AES-128,encrypt,cuda_baseline,baseline,pipeline,pinned,ECB,16384,2,16384:ECB:2,797b664bee357119ca6f2ea7b3b2b232f2da6c249ea0a311aaa2b242c5538579,5,275,True,,263.37448318119,71.67104111986002,6.220800057053566e-05,0.0002286,50900,62208.00057053566,56000,106900,228600,,,,,,
0e63ef0f-78d2-4dca-98d8-8f74edad751a,2007,AES-128,encrypt,cuda_baseline,baseline,pipeline,pinned,CTR,16384,3,16384:CTR:3,e8ec49692daf5a93a077c4bcf8698c77d07423f5d060abcf5005ca48651303de,0,276,True,,194.60281185717702,50.18070444104135,8.419200032949447e-05,0.0003265,77100,84192.00032949448,56000,133100,326500,,,,,,
0e63ef0f-78d2-4dca-98d8-8f74edad751a,2007,AES-128,encrypt,cuda_baseline,baseline,resident,pinned,CTR,16384,3,16384:CTR:3,e8ec49692daf5a93a077c4bcf8698c77d07423f5d060abcf5005ca48651303de,1,277,True,1,159.90006573735582,,0.000102463997900486,,,102463.99790048599,,,,,,,,,102463.99790048599
0e63ef0f-78d2-4dca-98d8-8f74edad751a,2007,AES-128,encrypt,cuda_optimized_v1,optimized,resident,pinned,CTR,16384,3,16384:CTR:3,e8ec49692daf5a93a077c4bcf8698c77d07423f5d060abcf5005ca48651303de,2,278,True,1,329.68449206216894,,4.9695998430252074e-05,,,49695.998430252075,,,,,,,,,49695.998430252075
0e63ef0f-78d2-4dca-98d8-8f74edad751a,2007,AES-128,encrypt,cpu_aesni,aesni,transform,bytes,CTR,16384,3,16384:CTR:3,e8ec49692daf5a93a077c4bcf8698c77d07423f5d060abcf5005ca48651303de,3,279,True,,,,,,,,,,,14700,1.47e-05,1114.5578231292518,0,0.0,
0e63ef0f-78d2-4dca-98d8-8f74edad751a,2007,AES-128,encrypt,cuda_optimized_v1,optimized,pipeline,pinned,CTR,16384,3,16384:CTR:3,e8ec49692daf5a93a077c4bcf8698c77d07423f5d060abcf5005ca48651303de,4,280,True,,340.8788218137197,89.14036996735582,4.806400090456009e-05,0.0001838,43000,48064.00090456009,42600,85600,183800,,,,,,
0e63ef0f-78d2-4dca-98d8-8f74edad751a,2007,AES-128,encrypt,cpu_software,software,transform,bytes,CTR,16384,3,16384:CTR:3,e8ec49692daf5a93a077c4bcf8698c77d07423f5d060abcf5005ca48651303de,5,281,True,,,,,,,,,,,62000,6.2e-05,264.258064516129,0,0.0,
0e63ef0f-78d2-4dca-98d8-8f74edad751a,2007,AES-128,encrypt,cuda_optimized_v1,optimized,pipeline,pinned,ECB,16384,3,16384:ECB:3,13313f5fc28f50e976b12752a48f5a2380f799ac809eb86368a240463293edc6,0,282,True,,342.0173703095979,88.6100594916171,4.790399968624115e-05,0.0001849,43400,47903.99968624115,41900,85300,184900,,,,,,
0e63ef0f-78d2-4dca-98d8-8f74edad751a,2007,AES-128,encrypt,cpu_aesni,aesni,transform,bytes,ECB,16384,3,16384:ECB:3,13313f5fc28f50e976b12752a48f5a2380f799ac809eb86368a240463293edc6,1,283,True,,,,,,,,,,,9000,9e-06,1820.4444444444443,0,0.0,
0e63ef0f-78d2-4dca-98d8-8f74edad751a,2007,AES-128,encrypt,cpu_software,software,transform,bytes,ECB,16384,3,16384:ECB:3,13313f5fc28f50e976b12752a48f5a2380f799ac809eb86368a240463293edc6,2,284,True,,,,,,,,,,,55800,5.58e-05,293.6200716845878,0,0.0,
0e63ef0f-78d2-4dca-98d8-8f74edad751a,2007,AES-128,encrypt,cuda_baseline,baseline,resident,pinned,ECB,16384,3,16384:ECB:3,13313f5fc28f50e976b12752a48f5a2380f799ac809eb86368a240463293edc6,3,285,True,1,320.40051178333636,,5.113599821925163e-05,,,51135.99821925163,,,,,,,,,51135.99821925163
0e63ef0f-78d2-4dca-98d8-8f74edad751a,2007,AES-128,encrypt,cuda_optimized_v1,optimized,resident,pinned,ECB,16384,3,16384:ECB:3,13313f5fc28f50e976b12752a48f5a2380f799ac809eb86368a240463293edc6,4,286,True,1,303.1379415444846,,5.404800176620483e-05,,,54048.001766204834,,,,,,,,,54048.001766204834
0e63ef0f-78d2-4dca-98d8-8f74edad751a,2007,AES-128,encrypt,cuda_baseline,baseline,pipeline,pinned,ECB,16384,3,16384:ECB:3,13313f5fc28f50e976b12752a48f5a2380f799ac809eb86368a240463293edc6,5,287,True,,334.6405209854975,90.26997245179064,4.896000027656555e-05,0.0001815,42900,48960.00027656555,41600,84500,181500,,,,,,
0e63ef0f-78d2-4dca-98d8-8f74edad751a,2007,AES-128,encrypt,cuda_optimized_v1,optimized,resident,pinned,ECB,16384,4,16384:ECB:4,775cda368d1ff3fc7a00a5bd5923819550a99dca99e6173e42d79cb35eb6261c,0,288,True,1,342.0173703095979,,4.790399968624115e-05,,,47903.99968624115,,,,,,,,,47903.99968624115
0e63ef0f-78d2-4dca-98d8-8f74edad751a,2007,AES-128,encrypt,cpu_aesni,aesni,transform,bytes,ECB,16384,4,16384:ECB:4,775cda368d1ff3fc7a00a5bd5923819550a99dca99e6173e42d79cb35eb6261c,1,289,True,,,,,,,,,,,8600,8.6e-06,1905.1162790697674,0,0.0,
0e63ef0f-78d2-4dca-98d8-8f74edad751a,2007,AES-128,encrypt,cuda_optimized_v1,optimized,pipeline,pinned,ECB,16384,4,16384:ECB:4,775cda368d1ff3fc7a00a5bd5923819550a99dca99e6173e42d79cb35eb6261c,2,290,True,,341.78905256921155,88.94679695982627,4.793599992990494e-05,0.0001842,45100,47935.99992990494,42000,87100,184200,,,,,,
0e63ef0f-78d2-4dca-98d8-8f74edad751a,2007,AES-128,encrypt,cpu_software,software,transform,bytes,ECB,16384,4,16384:ECB:4,775cda368d1ff3fc7a00a5bd5923819550a99dca99e6173e42d79cb35eb6261c,3,291,True,,,,,,,,,,,57600,5.76e-05,284.44444444444446,0,0.0,
0e63ef0f-78d2-4dca-98d8-8f74edad751a,2007,AES-128,encrypt,cuda_baseline,baseline,resident,pinned,ECB,16384,4,16384:ECB:4,775cda368d1ff3fc7a00a5bd5923819550a99dca99e6173e42d79cb35eb6261c,4,292,True,1,323.6409494856864,,5.0624001771211624e-05,,,50624.001771211624,,,,,,,,,50624.001771211624
0e63ef0f-78d2-4dca-98d8-8f74edad751a,2007,AES-128,encrypt,cuda_baseline,baseline,pipeline,pinned,ECB,16384,4,16384:ECB:4,775cda368d1ff3fc7a00a5bd5923819550a99dca99e6173e42d79cb35eb6261c,5,293,True,,334.85938499392034,89.72617743702081,4.8928000032901765e-05,0.0001826,42600,48928.000032901764,43800,86400,182600,,,,,,
0e63ef0f-78d2-4dca-98d8-8f74edad751a,2007,AES-128,encrypt,cuda_baseline,baseline,pipeline,pinned,CTR,16384,4,16384:CTR:4,737d80a35e40187ddd6707a3f3a4b7f87e7f426252810b915785f08b14922804,0,294,True,,332.2517897329239,88.65800865800865,4.931199923157692e-05,0.0001848,43500,49311.99923157692,41900,85400,184800,,,,,,
0e63ef0f-78d2-4dca-98d8-8f74edad751a,2007,AES-128,encrypt,cuda_baseline,baseline,resident,pinned,CTR,16384,4,16384:CTR:4,737d80a35e40187ddd6707a3f3a4b7f87e7f426252810b915785f08b14922804,1,295,True,1,335.51769811233237,,4.88319993019104e-05,,,48831.9993019104,,,,,,,,,48831.9993019104
0e63ef0f-78d2-4dca-98d8-8f74edad751a,2007,AES-128,encrypt,cpu_software,software,transform,bytes,CTR,16384,4,16384:CTR:4,737d80a35e40187ddd6707a3f3a4b7f87e7f426252810b915785f08b14922804,2,296,True,,,,,,,,,,,61200,6.12e-05,267.7124183006536,0,0.0,
0e63ef0f-78d2-4dca-98d8-8f74edad751a,2007,AES-128,encrypt,cpu_aesni,aesni,transform,bytes,CTR,16384,4,16384:CTR:4,737d80a35e40187ddd6707a3f3a4b7f87e7f426252810b915785f08b14922804,3,297,True,,,,,,,,,,,10200,1.02e-05,1606.2745098039215,0,0.0,
0e63ef0f-78d2-4dca-98d8-8f74edad751a,2007,AES-128,encrypt,cuda_optimized_v1,optimized,pipeline,pinned,CTR,16384,4,16384:CTR:4,737d80a35e40187ddd6707a3f3a4b7f87e7f426252810b915785f08b14922804,4,298,True,,315.8544102593713,87.47463961558996,5.187200009822845e-05,0.0001873,43300,51872.000098228455,42400,85700,187300,,,,,,
0e63ef0f-78d2-4dca-98d8-8f74edad751a,2007,AES-128,encrypt,cuda_optimized_v1,optimized,resident,pinned,CTR,16384,4,16384:CTR:4,737d80a35e40187ddd6707a3f3a4b7f87e7f426252810b915785f08b14922804,5,299,True,1,322.4181391424091,,5.0815999507904055e-05,,,50815.99950790405,,,,,,,,,50815.99950790405
0e63ef0f-78d2-4dca-98d8-8f74edad751a,2007,AES-128,encrypt,cpu_software,software,transform,bytes,CTR,16384,5,16384:CTR:5,f6f3f2d7c2122c650a8b682f0d9b5170822d874eecdf5db5875fda59a392ac99,0,300,True,,,,,,,,,,,60100,6.01e-05,272.61231281198,0,0.0,
0e63ef0f-78d2-4dca-98d8-8f74edad751a,2007,AES-128,encrypt,cuda_optimized_v1,optimized,resident,pinned,CTR,16384,5,16384:CTR:5,f6f3f2d7c2122c650a8b682f0d9b5170822d874eecdf5db5875fda59a392ac99,1,301,True,1,338.8484491378679,,4.835199937224388e-05,,,48351.99937224388,,,,,,,,,48351.99937224388
0e63ef0f-78d2-4dca-98d8-8f74edad751a,2007,AES-128,encrypt,cpu_aesni,aesni,transform,bytes,CTR,16384,5,16384:CTR:5,f6f3f2d7c2122c650a8b682f0d9b5170822d874eecdf5db5875fda59a392ac99,2,302,True,,,,,,,,,,,11600,1.16e-05,1412.4137931034484,0,0.0,
0e63ef0f-78d2-4dca-98d8-8f74edad751a,2007,AES-128,encrypt,cuda_baseline,baseline,pipeline,pinned,CTR,16384,5,16384:CTR:5,f6f3f2d7c2122c650a8b682f0d9b5170822d874eecdf5db5875fda59a392ac99,3,303,True,,334.4219428891226,88.75406283856988,4.899200052022934e-05,0.0001846,44600,48992.00052022934,41900,86500,184600,,,,,,
0e63ef0f-78d2-4dca-98d8-8f74edad751a,2007,AES-128,encrypt,cuda_baseline,baseline,resident,pinned,CTR,16384,5,16384:CTR:5,f6f3f2d7c2122c650a8b682f0d9b5170822d874eecdf5db5875fda59a392ac99,4,304,True,1,332.4675392955769,,4.927999898791313e-05,,,49279.99898791313,,,,,,,,,49279.99898791313
0e63ef0f-78d2-4dca-98d8-8f74edad751a,2007,AES-128,encrypt,cuda_optimized_v1,optimized,pipeline,pinned,CTR,16384,5,16384:CTR:5,f6f3f2d7c2122c650a8b682f0d9b5170822d874eecdf5db5875fda59a392ac99,5,305,True,,321.00312716391994,88.80216802168022,5.104000121355057e-05,0.0001845,42900,51040.00121355057,42200,85100,184500,,,,,,
0e63ef0f-78d2-4dca-98d8-8f74edad751a,2007,AES-128,encrypt,cuda_baseline,baseline,pipeline,pinned,ECB,16384,5,16384:ECB:5,2f83feda5873bd58fc095b740773d74f66671094a71bbf7011f3d8a80f5fd419,0,306,True,,299.9414248215476,86.55044902271527,5.462399870157242e-05,0.0001893,42900,54623.99870157242,42200,85100,189300,,,,,,
0e63ef0f-78d2-4dca-98d8-8f74edad751a,2007,AES-128,encrypt,cpu_software,software,transform,bytes,ECB,16384,5,16384:ECB:5,2f83feda5873bd58fc095b740773d74f66671094a71bbf7011f3d8a80f5fd419,1,307,True,,,,,,,,,,,57700,5.77e-05,283.95147313691507,0,0.0,
0e63ef0f-78d2-4dca-98d8-8f74edad751a,2007,AES-128,encrypt,cuda_baseline,baseline,resident,pinned,ECB,16384,5,16384:ECB:5,2f83feda5873bd58fc095b740773d74f66671094a71bbf7011f3d8a80f5fd419,2,308,True,1,344.54911986994074,,4.755200073122978e-05,,,47552.00073122978,,,,,,,,,47552.00073122978
0e63ef0f-78d2-4dca-98d8-8f74edad751a,2007,AES-128,encrypt,cuda_optimized_v1,optimized,resident,pinned,ECB,16384,5,16384:ECB:5,2f83feda5873bd58fc095b740773d74f66671094a71bbf7011f3d8a80f5fd419,3,309,True,1,342.4749221227427,,4.783999919891357e-05,,,47839.999198913574,,,,,,,,,47839.999198913574
0e63ef0f-78d2-4dca-98d8-8f74edad751a,2007,AES-128,encrypt,cuda_optimized_v1,optimized,pipeline,pinned,ECB,16384,5,16384:ECB:5,2f83feda5873bd58fc095b740773d74f66671094a71bbf7011f3d8a80f5fd419,4,310,True,,339.5225559790579,91.2249443207127,4.8255998641252515e-05,0.0001796,42500,48255.99864125252,41800,84300,179600,,,,,,
0e63ef0f-78d2-4dca-98d8-8f74edad751a,2007,AES-128,encrypt,cpu_aesni,aesni,transform,bytes,ECB,16384,5,16384:ECB:5,2f83feda5873bd58fc095b740773d74f66671094a71bbf7011f3d8a80f5fd419,5,311,True,,,,,,,,,,,8600,8.6e-06,1905.1162790697674,0,0.0,
0e63ef0f-78d2-4dca-98d8-8f74edad751a,2007,AES-128,encrypt,cpu_software,software,transform,bytes,CTR,16384,6,16384:CTR:6,1f9d70c5edf4d71f0607ee2985e325c9a55a96587cd29ccbaa7c91453a24440a,0,312,True,,,,,,,,,,,60100,6.01e-05,272.61231281198,0,0.0,
0e63ef0f-78d2-4dca-98d8-8f74edad751a,2007,AES-128,encrypt,cpu_aesni,aesni,transform,bytes,CTR,16384,6,16384:CTR:6,1f9d70c5edf4d71f0607ee2985e325c9a55a96587cd29ccbaa7c91453a24440a,1,313,True,,,,,,,,,,,9800,9.8e-06,1671.8367346938776,0,0.0,
0e63ef0f-78d2-4dca-98d8-8f74edad751a,2007,AES-128,encrypt,cuda_baseline,baseline,pipeline,pinned,CTR,16384,6,16384:CTR:6,1f9d70c5edf4d71f0607ee2985e325c9a55a96587cd29ccbaa7c91453a24440a,2,314,True,,322.21523127848934,86.82564917859035,5.0847999751567844e-05,0.0001887,44000,50847.99975156784,43200,87200,188700,,,,,,
0e63ef0f-78d2-4dca-98d8-8f74edad751a,2007,AES-128,encrypt,cuda_baseline,baseline,resident,pinned,CTR,16384,6,16384:CTR:6,1f9d70c5edf4d71f0607ee2985e325c9a55a96587cd29ccbaa7c91453a24440a,3,315,True,1,300.1172417718385,,5.459199845790863e-05,,,54591.99845790863,,,,,,,,,54591.99845790863
0e63ef0f-78d2-4dca-98d8-8f74edad751a,2007,AES-128,encrypt,cuda_optimized_v1,optimized,resident,pinned,CTR,16384,6,16384:CTR:6,1f9d70c5edf4d71f0607ee2985e325c9a55a96587cd29ccbaa7c91453a24440a,4,316,True,1,336.8420944236986,,4.864000156521797e-05,,,48640.00156521797,,,,,,,,,48640.00156521797
0e63ef0f-78d2-4dca-98d8-8f74edad751a,2007,AES-128,encrypt,cuda_optimized_v1,optimized,pipeline,pinned,CTR,16384,6,16384:CTR:6,1f9d70c5edf4d71f0607ee2985e325c9a55a96587cd29ccbaa7c91453a24440a,5,317,True,,334.85938499392034,89.72617743702081,4.8928000032901765e-05,0.0001826,42400,48928.000032901764,43700,86100,182600,,,,,,
0e63ef0f-78d2-4dca-98d8-8f74edad751a,2007,AES-128,encrypt,cpu_aesni,aesni,transform,bytes,ECB,16384,6,16384:ECB:6,fff2f821109a6d412d9f4d2ea2440b0f22444bf3261e19dc4ee59ddecebab9ff,0,318,True,,,,,,,,,,,7400,7.4e-06,2214.054054054054,0,0.0,
0e63ef0f-78d2-4dca-98d8-8f74edad751a,2007,AES-128,encrypt,cuda_optimized_v1,optimized,resident,pinned,ECB,16384,6,16384:ECB:6,fff2f821109a6d412d9f4d2ea2440b0f22444bf3261e19dc4ee59ddecebab9ff,1,319,True,1,342.4749221227427,,4.783999919891357e-05,,,47839.999198913574,,,,,,,,,47839.999198913574
0e63ef0f-78d2-4dca-98d8-8f74edad751a,2007,AES-128,encrypt,cuda_optimized_v1,optimized,pipeline,pinned,ECB,16384,6,16384:ECB:6,fff2f821109a6d412d9f4d2ea2440b0f22444bf3261e19dc4ee59ddecebab9ff,2,320,True,,337.2858950189965,91.2249443207127,4.85760010778904e-05,0.0001796,42500,48576.001077890396,42600,85100,179600,,,,,,
0e63ef0f-78d2-4dca-98d8-8f74edad751a,2007,AES-128,encrypt,cuda_baseline,baseline,pipeline,pinned,ECB,16384,6,16384:ECB:6,fff2f821109a6d412d9f4d2ea2440b0f22444bf3261e19dc4ee59ddecebab9ff,3,321,True,,320.8019958592326,90.17061089708311,5.1072001457214356e-05,0.0001817,41200,51072.001457214355,42600,83800,181700,,,,,,
0e63ef0f-78d2-4dca-98d8-8f74edad751a,2007,AES-128,encrypt,cuda_baseline,baseline,resident,pinned,ECB,16384,6,16384:ECB:6,fff2f821109a6d412d9f4d2ea2440b0f22444bf3261e19dc4ee59ddecebab9ff,4,322,True,1,296.81159763220006,,5.51999993622303e-05,,,55199.9993622303,,,,,,,,,55199.9993622303
0e63ef0f-78d2-4dca-98d8-8f74edad751a,2007,AES-128,encrypt,cpu_software,software,transform,bytes,ECB,16384,6,16384:ECB:6,fff2f821109a6d412d9f4d2ea2440b0f22444bf3261e19dc4ee59ddecebab9ff,5,323,True,,,,,,,,,,,58000,5.8e-05,282.48275862068965,0,0.0,
0e63ef0f-78d2-4dca-98d8-8f74edad751a,2007,AES-128,encrypt,cuda_optimized_v1,optimized,resident,pinned,CTR,16384,7,16384:CTR:7,cc874e9bd36ba41ec585362d7259c43e51b16ba6e3bad79d97e57bebbe92c536,0,324,True,1,324.66708585316155,,5.046400055289268e-05,,,50464.000552892685,,,,,,,,,50464.000552892685
0e63ef0f-78d2-4dca-98d8-8f74edad751a,2007,AES-128,encrypt,cuda_optimized_v1,optimized,pipeline,pinned,CTR,16384,7,16384:CTR:7,cc874e9bd36ba41ec585362d7259c43e51b16ba6e3bad79d97e57bebbe92c536,1,325,True,,332.4675392955769,90.17061089708311,4.927999898791313e-05,0.0001817,42600,49279.99898791313,42000,84600,181700,,,,,,
0e63ef0f-78d2-4dca-98d8-8f74edad751a,2007,AES-128,encrypt,cpu_aesni,aesni,transform,bytes,CTR,16384,7,16384:CTR:7,cc874e9bd36ba41ec585362d7259c43e51b16ba6e3bad79d97e57bebbe92c536,2,326,True,,,,,,,,,,,11900,1.19e-05,1376.8067226890757,0,0.0,
0e63ef0f-78d2-4dca-98d8-8f74edad751a,2007,AES-128,encrypt,cpu_software,software,transform,bytes,CTR,16384,7,16384:CTR:7,cc874e9bd36ba41ec585362d7259c43e51b16ba6e3bad79d97e57bebbe92c536,3,327,True,,,,,,,,,,,59600,5.96e-05,274.8993288590604,0,0.0,
0e63ef0f-78d2-4dca-98d8-8f74edad751a,2007,AES-128,encrypt,cuda_baseline,baseline,pipeline,pinned,CTR,16384,7,16384:CTR:7,cc874e9bd36ba41ec585362d7259c43e51b16ba6e3bad79d97e57bebbe92c536,4,328,True,,307.5075095646899,86.87168610816543,5.3279999643564224e-05,0.0001886,42400,53279.999643564224,44000,86400,188600,,,,,,
0e63ef0f-78d2-4dca-98d8-8f74edad751a,2007,AES-128,encrypt,cuda_baseline,baseline,resident,pinned,CTR,16384,7,16384:CTR:7,cc874e9bd36ba41ec585362d7259c43e51b16ba6e3bad79d97e57bebbe92c536,5,329,True,1,319.00311573126413,,5.1359999924898145e-05,,,51359.99992489815,,,,,,,,,51359.99992489815
0e63ef0f-78d2-4dca-98d8-8f74edad751a,2007,AES-128,encrypt,cuda_baseline,baseline,pipeline,pinned,ECB,16384,7,16384:ECB:7,0ae76432bb056cae6f45054eea608b11953b14fcd803d0062da5b6efd4bc7215,0,330,True,,331.8211295624074,88.18083961248655,4.9375999718904496e-05,0.0001858,42500,49375.999718904495,44700,87200,185800,,,,,,
0e63ef0f-78d2-4dca-98d8-8f74edad751a,2007,AES-128,encrypt,cuda_optimized_v1,optimized,pipeline,pinned,ECB,16384,7,16384:ECB:7,0ae76432bb056cae6f45054eea608b11953b14fcd803d0062da5b6efd4bc7215,1,331,True,,335.078535475741,89.53005464480874,4.8895999789237976e-05,0.000183,42300,48895.999789237976,44000,86300,183000,,,,,,
0e63ef0f-78d2-4dca-98d8-8f74edad751a,2007,AES-128,encrypt,cpu_software,software,transform,bytes,ECB,16384,7,16384:ECB:7,0ae76432bb056cae6f45054eea608b11953b14fcd803d0062da5b6efd4bc7215,2,332,True,,,,,,,,,,,58000,5.8e-05,282.48275862068965,0,0.0,
0e63ef0f-78d2-4dca-98d8-8f74edad751a,2007,AES-128,encrypt,cuda_baseline,baseline,resident,pinned,ECB,16384,7,16384:ECB:7,0ae76432bb056cae6f45054eea608b11953b14fcd803d0062da5b6efd4bc7215,3,333,True,1,332.8998801031146,,4.9215998500585554e-05,,,49215.998500585556,,,,,,,,,49215.998500585556
0e63ef0f-78d2-4dca-98d8-8f74edad751a,2007,AES-128,encrypt,cpu_aesni,aesni,transform,bytes,ECB,16384,7,16384:ECB:7,0ae76432bb056cae6f45054eea608b11953b14fcd803d0062da5b6efd4bc7215,4,334,True,,,,,,,,,,,8800,8.8e-06,1861.8181818181818,0,0.0,
0e63ef0f-78d2-4dca-98d8-8f74edad751a,2007,AES-128,encrypt,cuda_optimized_v1,optimized,resident,pinned,ECB,16384,7,16384:ECB:7,0ae76432bb056cae6f45054eea608b11953b14fcd803d0062da5b6efd4bc7215,5,335,True,1,317.02787214295887,,5.167999863624573e-05,,,51679.99863624573,,,,,,,,,51679.99863624573
0e63ef0f-78d2-4dca-98d8-8f74edad751a,2007,AES-128,encrypt,cpu_software,software,transform,bytes,ECB,16384,8,16384:ECB:8,64298ee5d232b7602201449f5c330ea34bd13efe9524564f586fe5f230ff3ab5,0,336,True,,,,,,,,,,,56200,5.62e-05,291.5302491103203,0,0.0,
0e63ef0f-78d2-4dca-98d8-8f74edad751a,2007,AES-128,encrypt,cuda_optimized_v1,optimized,pipeline,pinned,ECB,16384,8,16384:ECB:8,64298ee5d232b7602201449f5c330ea34bd13efe9524564f586fe5f230ff3ab5,1,337,True,,319.60050440129135,88.46652267818574,5.126399919390679e-05,0.0001852,42400,51263.999193906784,42200,84600,185200,,,,,,
0e63ef0f-78d2-4dca-98d8-8f74edad751a,2007,AES-128,encrypt,cuda_baseline,baseline,resident,pinned,ECB,16384,8,16384:ECB:8,64298ee5d232b7602201449f5c330ea34bd13efe9524564f586fe5f230ff3ab5,2,338,True,1,332.0363200032252,,4.934399947524071e-05,,,49343.99947524071,,,,,,,,,49343.99947524071
0e63ef0f-78d2-4dca-98d8-8f74edad751a,2007,AES-128,encrypt,cuda_baseline,baseline,pipeline,pinned,ECB,16384,8,16384:ECB:8,64298ee5d232b7602201449f5c330ea34bd13efe9524564f586fe5f230ff3ab5,3,339,True,,337.2858950189965,90.87077093732668,4.85760010778904e-05,0.0001803,41500,48576.001077890396,42600,84100,180300,,,,,,
0e63ef0f-78d2-4dca-98d8-8f74edad751a,2007,AES-128,encrypt,cpu_aesni,aesni,transform,bytes,ECB,16384,8,16384:ECB:8,64298ee5d232b7602201449f5c330ea34bd13efe9524564f586fe5f230ff3ab5,4,340,True,,,,,,,,,,,8600,8.6e-06,1905.1162790697674,0,0.0,
0e63ef0f-78d2-4dca-98d8-8f74edad751a,2007,AES-128,encrypt,cuda_optimized_v1,optimized,resident,pinned,ECB,16384,8,16384:ECB:8,64298ee5d232b7602201449f5c330ea34bd13efe9524564f586fe5f230ff3ab5,5,341,True,1,325.6997498554621,,5.030399933457375e-05,,,50303.999334573746,,,,,,,,,50303.999334573746
0e63ef0f-78d2-4dca-98d8-8f74edad751a,2007,AES-128,encrypt,cuda_baseline,baseline,resident,pinned,CTR,16384,8,16384:CTR:8,02e890a20bc16f7aefdd940e41436f5d4c7143e956c4a13945dfe678a961a990,0,342,True,1,306.9544342968469,,5.337600037455559e-05,,,53376.00037455559,,,,,,,,,53376.00037455559
0e63ef0f-78d2-4dca-98d8-8f74edad751a,2007,AES-128,encrypt,cpu_aesni,aesni,transform,bytes,CTR,16384,8,16384:CTR:8,02e890a20bc16f7aefdd940e41436f5d4c7143e956c4a13945dfe678a961a990,1,343,True,,,,,,,,,,,12100,1.21e-05,1354.0495867768595,0,0.0,
0e63ef0f-78d2-4dca-98d8-8f74edad751a,2007,AES-128,encrypt,cuda_optimized_v1,optimized,resident,pinned,CTR,16384,8,16384:CTR:8,02e890a20bc16f7aefdd940e41436f5d4c7143e956c4a13945dfe678a961a990,2,344,True,1,338.4005297323425,,4.8415999859571457e-05,,,48415.99985957146,,,,,,,,,48415.99985957146
0e63ef0f-78d2-4dca-98d8-8f74edad751a,2007,AES-128,encrypt,cpu_software,software,transform,bytes,CTR,16384,8,16384:CTR:8,02e890a20bc16f7aefdd940e41436f5d4c7143e956c4a13945dfe678a961a990,3,345,True,,,,,,,,,,,61800,6.18e-05,265.1132686084142,0,0.0,
0e63ef0f-78d2-4dca-98d8-8f74edad751a,2007,AES-128,encrypt,cuda_baseline,baseline,pipeline,pinned,CTR,16384,8,16384:CTR:8,02e890a20bc16f7aefdd940e41436f5d4c7143e956c4a13945dfe678a961a990,4,346,True,,315.6596773288842,89.43231441048034,5.190400034189224e-05,0.0001832,40700,51904.00034189224,42500,83200,183200,,,,,,
0e63ef0f-78d2-4dca-98d8-8f74edad751a,2007,AES-128,encrypt,cuda_optimized_v1,optimized,pipeline,pinned,CTR,16384,8,16384:CTR:8,02e890a20bc16f7aefdd940e41436f5d4c7143e956c4a13945dfe678a961a990,5,347,True,,332.0363200032252,90.9211986681465,4.934399947524071e-05,0.0001802,41600,49343.99947524071,42800,84400,180200,,,,,,
0e63ef0f-78d2-4dca-98d8-8f74edad751a,2007,AES-128,encrypt,cpu_aesni,aesni,transform,bytes,CTR,16384,9,16384:CTR:9,c81d6a84f5acc4cc08ca86cf373ffe0a857c6da370c8ca91ea87716285dae854,0,348,True,,,,,,,,,,,10500,1.05e-05,1560.3809523809523,0,0.0,
0e63ef0f-78d2-4dca-98d8-8f74edad751a,2007,AES-128,encrypt,cuda_optimized_v1,optimized,resident,pinned,CTR,16384,9,16384:CTR:9,c81d6a84f5acc4cc08ca86cf373ffe0a857c6da370c8ca91ea87716285dae854,1,349,True,1,316.2445978044027,,5.1807999610900877e-05,,,51807.99961090088,,,,,,,,,51807.99961090088
0e63ef0f-78d2-4dca-98d8-8f74edad751a,2007,AES-128,encrypt,cpu_software,software,transform,bytes,CTR,16384,9,16384:CTR:9,c81d6a84f5acc4cc08ca86cf373ffe0a857c6da370c8ca91ea87716285dae854,2,350,True,,,,,,,,,,,61800,6.18e-05,265.1132686084142,0,0.0,
0e63ef0f-78d2-4dca-98d8-8f74edad751a,2007,AES-128,encrypt,cuda_baseline,baseline,resident,pinned,CTR,16384,9,16384:CTR:9,c81d6a84f5acc4cc08ca86cf373ffe0a857c6da370c8ca91ea87716285dae854,3,351,True,1,329.8969192622209,,4.9663998186588286e-05,,,49663.99818658829,,,,,,,,,49663.99818658829
0e63ef0f-78d2-4dca-98d8-8f74edad751a,2007,AES-128,encrypt,cuda_baseline,baseline,pipeline,pinned,CTR,16384,9,16384:CTR:9,c81d6a84f5acc4cc08ca86cf373ffe0a857c6da370c8ca91ea87716285dae854,4,352,True,,333.9856421944402,89.48115783724741,4.905600100755692e-05,0.0001831,42400,49056.001007556915,43300,85700,183100,,,,,,
0e63ef0f-78d2-4dca-98d8-8f74edad751a,2007,AES-128,encrypt,cuda_optimized_v1,optimized,pipeline,pinned,CTR,16384,9,16384:CTR:9,c81d6a84f5acc4cc08ca86cf373ffe0a857c6da370c8ca91ea87716285dae854,5,353,True,,327.78488707818263,90.61946902654867,4.998400062322616e-05,0.0001808,41700,49984.000623226166,42100,83800,180800,,,,,,
0e63ef0f-78d2-4dca-98d8-8f74edad751a,2007,AES-128,encrypt,cuda_baseline,baseline,pipeline,pinned,ECB,16384,9,16384:ECB:9,bb55e55835c63afbb1cbc4328cf63a8ed94cd6b383d32fca5c0189e779265283,0,354,True,,311.6250658054059,87.47463961558996,5.257600173354149e-05,0.0001873,42100,52576.00173354149,44100,86200,187300,,,,,,
0e63ef0f-78d2-4dca-98d8-8f74edad751a,2007,AES-128,encrypt,cuda_optimized_v1,optimized,resident,pinned,ECB,16384,9,16384:ECB:9,bb55e55835c63afbb1cbc4328cf63a8ed94cd6b383d32fca5c0189e779265283,1,355,True,1,300.4694742231959,,5.452800169587135e-05,,,54528.00169587135,,,,,,,,,54528.00169587135
0e63ef0f-78d2-4dca-98d8-8f74edad751a,2007,AES-128,encrypt,cuda_optimized_v1,optimized,pipeline,pinned,ECB,16384,9,16384:ECB:9,bb55e55835c63afbb1cbc4328cf63a8ed94cd6b383d32fca5c0189e779265283,2,356,True,,343.1635498859177,92.35625704622322,4.774399846792221e-05,0.0001774,41400,47743.99846792221,41500,82900,177400,,,,,,
0e63ef0f-78d2-4dca-98d8-8f74edad751a,2007,AES-128,encrypt,cuda_baseline,baseline,resident,pinned,ECB,16384,9,16384:ECB:9,bb55e55835c63afbb1cbc4328cf63a8ed94cd6b383d32fca5c0189e779265283,3,357,True,1,322.0125786465306,,5.0879999995231625e-05,,,50879.99999523163,,,,,,,,,50879.99999523163
0e63ef0f-78d2-4dca-98d8-8f74edad751a,2007,AES-128,encrypt,cpu_aesni,aesni,transform,bytes,ECB,16384,9,16384:ECB:9,bb55e55835c63afbb1cbc4328cf63a8ed94cd6b383d32fca5c0189e779265283,4,358,True,,,,,,,,,,,8700,8.7e-06,1883.2183908045977,0,0.0,
0e63ef0f-78d2-4dca-98d8-8f74edad751a,2007,AES-128,encrypt,cpu_software,software,transform,bytes,ECB,16384,9,16384:ECB:9,bb55e55835c63afbb1cbc4328cf63a8ed94cd6b383d32fca5c0189e779265283,5,359,True,,,,,,,,,,,56000,5.6e-05,292.57142857142856,0,0.0,
0e63ef0f-78d2-4dca-98d8-8f74edad751a,2007,AES-128,encrypt,cpu_aesni,aesni,transform,bytes,CTR,16384,10,16384:CTR:10,be64a52c70f1d0ff9c88ed89c7b4c0d80867736aba37d2662108b5489c5e0da9,0,360,True,,,,,,,,,,,10100,1.01e-05,1622.1782178217823,0,0.0,
0e63ef0f-78d2-4dca-98d8-8f74edad751a,2007,AES-128,encrypt,cuda_baseline,baseline,resident,pinned,CTR,16384,10,16384:CTR:10,be64a52c70f1d0ff9c88ed89c7b4c0d80867736aba37d2662108b5489c5e0da9,1,361,True,1,308.43374408334887,,5.311999842524528e-05,,,53119.998425245285,,,,,,,,,53119.998425245285
0e63ef0f-78d2-4dca-98d8-8f74edad751a,2007,AES-128,encrypt,cuda_baseline,baseline,pipeline,pinned,CTR,16384,10,16384:CTR:10,be64a52c70f1d0ff9c88ed89c7b4c0d80867736aba37d2662108b5489c5e0da9,2,362,True,,312.38559645620114,87.8969957081545,5.244800075888634e-05,0.0001864,43600,52448.00075888634,42400,86000,186400,,,,,,
0e63ef0f-78d2-4dca-98d8-8f74edad751a,2007,AES-128,encrypt,cuda_optimized_v1,optimized,resident,pinned,CTR,16384,10,16384:CTR:10,be64a52c70f1d0ff9c88ed89c7b4c0d80867736aba37d2662108b5489c5e0da9,3,363,True,1,123.64162948565851,,0.00013251200318336486,,,132512.00318336487,,,,,,,,,132512.00318336487
0e63ef0f-78d2-4dca-98d8-8f74edad751a,2007,AES-128,encrypt,cuda_optimized_v1,optimized,pipeline,pinned,CTR,16384,10,16384:CTR:10,be64a52c70f1d0ff9c88ed89c7b4c0d80867736aba37d2662108b5489c5e0da9,4,364,True,,312.0048676716787,88.27586206896552,5.2512001246213915e-05,0.0001856,40400,52512.00124621391,42300,82700,185600,,,,,,
0e63ef0f-78d2-4dca-98d8-8f74edad751a,2007,AES-128,encrypt,cpu_software,software,transform,bytes,CTR,16384,10,16384:CTR:10,be64a52c70f1d0ff9c88ed89c7b4c0d80867736aba37d2662108b5489c5e0da9,5,365,True,,,,,,,,,,,62200,6.22e-05,263.40836012861735,0,0.0,
0e63ef0f-78d2-4dca-98d8-8f74edad751a,2007,AES-128,encrypt,cuda_baseline,baseline,resident,pinned,ECB,16384,10,16384:ECB:10,eddfa5a129908e787f7ffaf948f20a456e1464610c6c9cefada61e317f1c8461,0,366,True,1,326.32250748252267,,5.020799860358238e-05,,,50207.99860358238,,,,,,,,,50207.99860358238
0e63ef0f-78d2-4dca-98d8-8f74edad751a,2007,AES-128,encrypt,cuda_baseline,baseline,pipeline,pinned,ECB,16384,10,16384:ECB:10,eddfa5a129908e787f7ffaf948f20a456e1464610c6c9cefada61e317f1c8461,1,367,True,,326.1146571642102,89.82456140350877,5.023999884724617e-05,0.0001824,42300,50239.99884724617,41800,84100,182400,,,,,,
0e63ef0f-78d2-4dca-98d8-8f74edad751a,2007,AES-128,encrypt,cpu_aesni,aesni,transform,bytes,ECB,16384,10,16384:ECB:10,eddfa5a129908e787f7ffaf948f20a456e1464610c6c9cefada61e317f1c8461,2,368,True,,,,,,,,,,,9100,9.1e-06,1800.4395604395604,0,0.0,
0e63ef0f-78d2-4dca-98d8-8f74edad751a,2007,AES-128,encrypt,cuda_optimized_v1,optimized,resident,pinned,ECB,16384,10,16384:ECB:10,eddfa5a129908e787f7ffaf948f20a456e1464610c6c9cefada61e317f1c8461,3,369,True,1,320.8019958592326,,5.1072001457214356e-05,,,51072.001457214355,,,,,,,,,51072.001457214355
0e63ef0f-78d2-4dca-98d8-8f74edad751a,2007,AES-128,encrypt,cpu_software,software,transform,bytes,ECB,16384,10,16384:ECB:10,eddfa5a129908e787f7ffaf948f20a456e1464610c6c9cefada61e317f1c8461,4,370,True,,,,,,,,,,,57700,5.77e-05,283.95147313691507,0,0.0,
0e63ef0f-78d2-4dca-98d8-8f74edad751a,2007,AES-128,encrypt,cuda_optimized_v1,optimized,pipeline,pinned,ECB,16384,10,16384:ECB:10,eddfa5a129908e787f7ffaf948f20a456e1464610c6c9cefada61e317f1c8461,5,371,True,,303.49732535314484,87.84986595174263,5.3984001278877256e-05,0.0001865,40600,53984.00127887726,42200,82800,186500,,,,,,
0e63ef0f-78d2-4dca-98d8-8f74edad751a,2007,AES-128,encrypt,cpu_aesni,aesni,transform,bytes,ECB,16384,11,16384:ECB:11,b67f0ea7bae14e63203924219faa3f6bb2ad790a3a6e03c6ff738ed379bac231,0,372,True,,,,,,,,,,,6900,6.9e-06,2374.4927536231885,0,0.0,
0e63ef0f-78d2-4dca-98d8-8f74edad751a,2007,AES-128,encrypt,cuda_optimized_v1,optimized,pipeline,pinned,ECB,16384,11,16384:ECB:11,b67f0ea7bae14e63203924219faa3f6bb2ad790a3a6e03c6ff738ed379bac231,1,373,True,,336.8420944236986,89.87383433900165,4.864000156521797e-05,0.0001823,42100,48640.00156521797,41900,84000,182300,,,,,,
0e63ef0f-78d2-4dca-98d8-8f74edad751a,2007,AES-128,encrypt,cuda_optimized_v1,optimized,resident,pinned,ECB,16384,11,16384:ECB:11,b67f0ea7bae14e63203924219faa3f6bb2ad790a3a6e03c6ff738ed379bac231,2,374,True,1,328.83751195586115,,4.982399940490723e-05,,,49823.99940490723,,,,,,,,,49823.99940490723
0e63ef0f-78d2-4dca-98d8-8f74edad751a,2007,AES-128,encrypt,cuda_baseline,baseline,pipeline,pinned,ECB,16384,11,16384:ECB:11,b67f0ea7bae14e63203924219faa3f6bb2ad790a3a6e03c6ff738ed379bac231,3,375,True,,310.67961620693444,88.94679695982627,5.273599922657013e-05,0.0001842,41000,52735.99922657013,42000,83000,184200,,,,,,
0e63ef0f-78d2-4dca-98d8-8f74edad751a,2007,AES-128,encrypt,cuda_baseline,baseline,resident,pinned,ECB,16384,11,16384:ECB:11,b67f0ea7bae14e63203924219faa3f6bb2ad790a3a6e03c6ff738ed379bac231,4,376,True,1,299.76581374747747,,5.465599894523621e-05,,,54655.998945236206,,,,,,,,,54655.998945236206
0e63ef0f-78d2-4dca-98d8-8f74edad751a,2007,AES-128,encrypt,cpu_software,software,transform,bytes,ECB,16384,11,16384:ECB:11,b67f0ea7bae14e63203924219faa3f6bb2ad790a3a6e03c6ff738ed379bac231,5,377,True,,,,,,,,,,,58000,5.8e-05,282.48275862068965,0,0.0,
0e63ef0f-78d2-4dca-98d8-8f74edad751a,2007,AES-128,encrypt,cpu_software,software,transform,bytes,CTR,16384,11,16384:CTR:11,0dc3998be107012ec2ba585c1f2a0fdbdebb1e5fb5b10598b92d6f28aa3e00a7,0,378,True,,,,,,,,,,,60100,6.01e-05,272.61231281198,0,0.0,
0e63ef0f-78d2-4dca-98d8-8f74edad751a,2007,AES-128,encrypt,cuda_optimized_v1,optimized,resident,pinned,CTR,16384,11,16384:CTR:11,0dc3998be107012ec2ba585c1f2a0fdbdebb1e5fb5b10598b92d6f28aa3e00a7,1,379,True,1,334.85938499392034,,4.8928000032901765e-05,,,48928.000032901764,,,,,,,,,48928.000032901764
0e63ef0f-78d2-4dca-98d8-8f74edad751a,2007,AES-128,encrypt,cuda_optimized_v1,optimized,pipeline,pinned,CTR,16384,11,16384:CTR:11,0dc3998be107012ec2ba585c1f2a0fdbdebb1e5fb5b10598b92d6f28aa3e00a7,2,380,True,,339.07285379707855,88.13340505648198,4.831999912858009e-05,0.0001859,42700,48319.99912858009,43100,85800,185900,,,,,,
0e63ef0f-78d2-4dca-98d8-8f74edad751a,2007,AES-128,encrypt,cuda_baseline,baseline,resident,pinned,CTR,16384,11,16384:CTR:11,0dc3998be107012ec2ba585c1f2a0fdbdebb1e5fb5b10598b92d6f28aa3e00a7,3,381,True,1,311.05711558641354,,5.267199873924255e-05,,,52671.998739242554,,,,,,,,,52671.998739242554
0e63ef0f-78d2-4dca-98d8-8f74edad751a,2007,AES-128,encrypt,cpu_aesni,aesni,transform,bytes,CTR,16384,11,16384:CTR:11,0dc3998be107012ec2ba585c1f2a0fdbdebb1e5fb5b10598b92d6f28aa3e00a7,4,382,True,,,,,,,,,,,12200,1.22e-05,1342.950819672131,0,0.0,
0e63ef0f-78d2-4dca-98d8-8f74edad751a,2007,AES-128,encrypt,cuda_baseline,baseline,pipeline,pinned,CTR,16384,11,16384:CTR:11,0dc3998be107012ec2ba585c1f2a0fdbdebb1e5fb5b10598b92d6f28aa3e00a7,5,383,True,,311.4355334628914,87.75575790037493,5.260799825191498e-05,0.0001867,41500,52607.99825191498,42800,84300,186700,,,,,,
0e63ef0f-78d2-4dca-98d8-8f74edad751a,2007,AES-128,encrypt,cuda_baseline,baseline,resident,pinned,CTR,16384,12,16384:CTR:12,63eb20048e5e1ce14bd922abbc3255840fb7ab1bdeb32ece1b1858d4643e7392,0,384,True,1,296.6396313171247,,5.523199960589409e-05,,,55231.99960589409,,,,,,,,,55231.99960589409
0e63ef0f-78d2-4dca-98d8-8f74edad751a,2007,AES-128,encrypt,cuda_optimized_v1,optimized,pipeline,pinned,CTR,16384,12,16384:CTR:12,63eb20048e5e1ce14bd922abbc3255840fb7ab1bdeb32ece1b1858d4643e7392,1,385,True,,325.07936465647094,88.9951113525258,5.040000006556511e-05,0.0001841,42700,50400.00006556511,42000,84700,184100,,,,,,
0e63ef0f-78d2-4dca-98d8-8f74edad751a,2007,AES-128,encrypt,cpu_software,software,transform,bytes,CTR,16384,12,16384:CTR:12,63eb20048e5e1ce14bd922abbc3255840fb7ab1bdeb32ece1b1858d4643e7392,2,386,True,,,,,,,,,,,62100,6.21e-05,263.83252818035425,0,0.0,
0e63ef0f-78d2-4dca-98d8-8f74edad751a,2007,AES-128,encrypt,cuda_baseline,baseline,pipeline,pinned,CTR,16384,12,16384:CTR:12,63eb20048e5e1ce14bd922abbc3255840fb7ab1bdeb32ece1b1858d4643e7392,3,387,True,,316.6357505702695,88.46652267818574,5.1743999123573307e-05,0.0001852,42000,51743.9991235733,41800,83800,185200,,,,,,
0e63ef0f-78d2-4dca-98d8-8f74edad751a,2007,AES-128,encrypt,cuda_optimized_v1,optimized,resident,pinned,CTR,16384,12,16384:CTR:12,63eb20048e5e1ce14bd922abbc3255840fb7ab1bdeb32ece1b1858d4643e7392,4,388,True,1,321.60803715462237,,5.09440004825592e-05,,,50944.000482559204,,,,,,,,,50944.000482559204
0e63ef0f-78d2-4dca-98d8-8f74edad751a,2007,AES-128,encrypt,cpu_aesni,aesni,transform,bytes,CTR,16384,12,16384:CTR:12,63eb20048e5e1ce14bd922abbc3255840fb7ab1bdeb32ece1b1858d4643e7392,5,389,True,,,,,,,,,,,12100,1.21e-05,1354.0495867768595,0,0.0,
0e63ef0f-78d2-4dca-98d8-8f74edad751a,2007,AES-128,encrypt,cuda_baseline,baseline,resident,pinned,ECB,16384,12,16384:ECB:12,2c1c7c691cbef1cd12bf9c6a4cf93313a562fe93264f9596e6db3631b225955f,0,390,True,1,311.8148510854523,,5.25440014898777e-05,,,52544.0014898777,,,,,,,,,52544.0014898777
0e63ef0f-78d2-4dca-98d8-8f74edad751a,2007,AES-128,encrypt,cuda_baseline,baseline,pipeline,pinned,ECB,16384,12,16384:ECB:12,2c1c7c691cbef1cd12bf9c6a4cf93313a562fe93264f9596e6db3631b225955f,1,391,True,,338.6243413124796,90.61946902654867,4.838399961590767e-05,0.0001808,41900,48383.99961590767,41300,83200,180800,,,,,,
0e63ef0f-78d2-4dca-98d8-8f74edad751a,2007,AES-128,encrypt,cuda_optimized_v1,optimized,resident,pinned,ECB,16384,12,16384:ECB:12,2c1c7c691cbef1cd12bf9c6a4cf93313a562fe93264f9596e6db3631b225955f,2,392,True,1,331.177228553621,,4.947200044989586e-05,,,49472.00044989586,,,,,,,,,49472.00044989586
0e63ef0f-78d2-4dca-98d8-8f74edad751a,2007,AES-128,encrypt,cpu_software,software,transform,bytes,ECB,16384,12,16384:ECB:12,2c1c7c691cbef1cd12bf9c6a4cf93313a562fe93264f9596e6db3631b225955f,3,393,True,,,,,,,,,,,57900,5.79e-05,282.9706390328152,0,0.0,
0e63ef0f-78d2-4dca-98d8-8f74edad751a,2007,AES-128,encrypt,cuda_optimized_v1,optimized,pipeline,pinned,ECB,16384,12,16384:ECB:12,2c1c7c691cbef1cd12bf9c6a4cf93313a562fe93264f9596e6db3631b225955f,4,394,True,,334.20365014491125,90.22026431718062,4.902400076389313e-05,0.0001816,41100,49024.00076389313,42900,84000,181600,,,,,,
0e63ef0f-78d2-4dca-98d8-8f74edad751a,2007,AES-128,encrypt,cpu_aesni,aesni,transform,bytes,ECB,16384,12,16384:ECB:12,2c1c7c691cbef1cd12bf9c6a4cf93313a562fe93264f9596e6db3631b225955f,5,395,True,,,,,,,,,,,8600,8.6e-06,1905.1162790697674,0,0.0,
0e63ef0f-78d2-4dca-98d8-8f74edad751a,2007,AES-128,encrypt,cuda_baseline,baseline,pipeline,pinned,CTR,16384,13,16384:CTR:13,1e5362a81a17fe78ca45c84fbae80bbe7394a80b0a7b291aa1d9a4aa7f7d5e09,0,396,True,,305.12515418120415,86.91777188328912,5.369599908590317e-05,0.0001885,41800,53695.99908590317,42400,84200,188500,,,,,,
0e63ef0f-78d2-4dca-98d8-8f74edad751a,2007,AES-128,encrypt,cpu_aesni,aesni,transform,bytes,CTR,16384,13,16384:CTR:13,1e5362a81a17fe78ca45c84fbae80bbe7394a80b0a7b291aa1d9a4aa7f7d5e09,1,397,True,,,,,,,,,,,12300,1.23e-05,1332.0325203252032,0,0.0,
0e63ef0f-78d2-4dca-98d8-8f74edad751a,2007,AES-128,encrypt,cpu_software,software,transform,bytes,CTR,16384,13,16384:CTR:13,1e5362a81a17fe78ca45c84fbae80bbe7394a80b0a7b291aa1d9a4aa7f7d5e09,2,398,True,,,,,,,,,,,60000,6e-05,273.06666666666666,0,0.0,
0e63ef0f-78d2-4dca-98d8-8f74edad751a,2007,AES-128,encrypt,cuda_baseline,baseline,resident,pinned,CTR,16384,13,16384:CTR:13,1e5362a81a17fe78ca45c84fbae80bbe7394a80b0a7b291aa1d9a4aa7f7d5e09,3,399,True,1,291.4058068588304,,5.622399970889091e-05,,,56223.999708890915,,,,,,,,,56223.999708890915
0e63ef0f-78d2-4dca-98d8-8f74edad751a,2007,AES-128,encrypt,cuda_optimized_v1,optimized,pipeline,pinned,CTR,16384,13,16384:CTR:13,1e5362a81a17fe78ca45c84fbae80bbe7394a80b0a7b291aa1d9a4aa7f7d5e09,4,400,True,,331.391584378164,90.36955322669608,4.944000020623207e-05,0.0001813,41500,49440.00020623207,42500,84000,181300,,,,,,
0e63ef0f-78d2-4dca-98d8-8f74edad751a,2007,AES-128,encrypt,cuda_optimized_v1,optimized,resident,pinned,CTR,16384,13,16384:CTR:13,1e5362a81a17fe78ca45c84fbae80bbe7394a80b0a7b291aa1d9a4aa7f7d5e09,5,401,True,1,337.2858950189965,,4.85760010778904e-05,,,48576.001077890396,,,,,,,,,48576.001077890396
0e63ef0f-78d2-4dca-98d8-8f74edad751a,2007,AES-128,encrypt,cuda_baseline,baseline,resident,pinned,ECB,16384,13,16384:ECB:13,09702faf5733139b55c13fc668191e8f1994677cd18a8c5d873c5a9279d31db4,0,402,True,1,313.3414960212534,,5.2287999540567396e-05,,,52287.9995405674,,,,,,,,,52287.9995405674
0e63ef0f-78d2-4dca-98d8-8f74edad751a,2007,AES-128,encrypt,cpu_software,software,transform,bytes,ECB,16384,13,16384:ECB:13,09702faf5733139b55c13fc668191e8f1994677cd18a8c5d873c5a9279d31db4,1,403,True,,,,,,,,,,,57800,5.78e-05,283.46020761245677,0,0.0,
0e63ef0f-78d2-4dca-98d8-8f74edad751a,2007,AES-128,encrypt,cpu_aesni,aesni,transform,bytes,ECB,16384,13,16384:ECB:13,09702faf5733139b55c13fc668191e8f1994677cd18a8c5d873c5a9279d31db4,2,404,True,,,,,,,,,,,6900,6.9e-06,2374.4927536231885,0,0.0,
0e63ef0f-78d2-4dca-98d8-8f74edad751a,2007,AES-128,encrypt,cuda_baseline,baseline,pipeline,pinned,ECB,16384,13,16384:ECB:13,09702faf5733139b55c13fc668191e8f1994677cd18a8c5d873c5a9279d31db4,3,405,True,,304.03800165940225,85.24453694068679,5.38880005478859e-05,0.0001922,42700,53888.000547885895,43700,86400,192200,,,,,,
0e63ef0f-78d2-4dca-98d8-8f74edad751a,2007,AES-128,encrypt,cuda_optimized_v1,optimized,pipeline,pinned,ECB,16384,13,16384:ECB:13,09702faf5733139b55c13fc668191e8f1994677cd18a8c5d873c5a9279d31db4,4,406,True,,343.1635498859177,91.53072625698324,4.774399846792221e-05,0.000179,41500,47743.99846792221,41100,82600,179000,,,,,,
0e63ef0f-78d2-4dca-98d8-8f74edad751a,2007,AES-128,encrypt,cuda_optimized_v1,optimized,resident,pinned,ECB,16384,13,16384:ECB:13,09702faf5733139b55c13fc668191e8f1994677cd18a8c5d873c5a9279d31db4,5,407,True,1,329.4723382582859,,4.972799867391586e-05,,,49727.99867391586,,,,,,,,,49727.99867391586
0e63ef0f-78d2-4dca-98d8-8f74edad751a,2007,AES-128,encrypt,cuda_baseline,baseline,pipeline,pinned,ECB,16384,14,16384:ECB:14,c4ea97e858b5bdf45620aba580a50d0505b0cacfa65f391c9942690494d8cc1b,0,408,True,,311.2462095031422,88.08602150537635,5.263999849557876e-05,0.000186,42000,52639.998495578766,41500,83500,186000,,,,,,
0e63ef0f-78d2-4dca-98d8-8f74edad751a,2007,AES-128,encrypt,cpu_aesni,aesni,transform,bytes,ECB,16384,14,16384:ECB:14,c4ea97e858b5bdf45620aba580a50d0505b0cacfa65f391c9942690494d8cc1b,1,409,True,,,,,,,,,,,8600,8.6e-06,1905.1162790697674,0,0.0,
0e63ef0f-78d2-4dca-98d8-8f74edad751a,2007,AES-128,encrypt,cuda_baseline,baseline,resident,pinned,ECB,16384,14,16384:ECB:14,c4ea97e858b5bdf45620aba580a50d0505b0cacfa65f391c9942690494d8cc1b,2,410,True,1,310.67961620693444,,5.273599922657013e-05,,,52735.99922657013,,,,,,,,,52735.99922657013
0e63ef0f-78d2-4dca-98d8-8f74edad751a,2007,AES-128,encrypt,cuda_optimized_v1,optimized,resident,pinned,ECB,16384,14,16384:ECB:14,c4ea97e858b5bdf45620aba580a50d0505b0cacfa65f391c9942690494d8cc1b,3,411,True,1,216.12493712904595,,7.580800354480744e-05,,,75808.00354480743,,,,,,,,,75808.00354480743
0e63ef0f-78d2-4dca-98d8-8f74edad751a,2007,AES-128,encrypt,cpu_software,software,transform,bytes,ECB,16384,14,16384:ECB:14,c4ea97e858b5bdf45620aba580a50d0505b0cacfa65f391c9942690494d8cc1b,4,412,True,,,,,,,,,,,60500,6.05e-05,270.8099173553719,0,0.0,
0e63ef0f-78d2-4dca-98d8-8f74edad751a,2007,AES-128,encrypt,cuda_optimized_v1,optimized,pipeline,pinned,ECB,16384,14,16384:ECB:14,c4ea97e858b5bdf45620aba580a50d0505b0cacfa65f391c9942690494d8cc1b,5,413,True,,337.9537929613069,90.77008310249307,4.848000034689903e-05,0.0001805,41600,48480.00034689903,42300,83900,180500,,,,,,
0e63ef0f-78d2-4dca-98d8-8f74edad751a,2007,AES-128,encrypt,cpu_aesni,aesni,transform,bytes,CTR,16384,14,16384:CTR:14,e1b9dbe84e59b8e4002d02a4ebc270b90ed974c44aefc65aaa895c15bb746ee3,0,414,True,,,,,,,,,,,11100,1.11e-05,1476.036036036036,0,0.0,
0e63ef0f-78d2-4dca-98d8-8f74edad751a,2007,AES-128,encrypt,cuda_baseline,baseline,pipeline,pinned,CTR,16384,14,16384:CTR:14,e1b9dbe84e59b8e4002d02a4ebc270b90ed974c44aefc65aaa895c15bb746ee3,1,415,True,,319.4011263966117,86.45910290237467,5.1295999437570575e-05,0.0001895,43500,51295.99943757057,45000,88500,189500,,,,,,
0e63ef0f-78d2-4dca-98d8-8f74edad751a,2007,AES-128,encrypt,cpu_software,software,transform,bytes,CTR,16384,14,16384:CTR:14,e1b9dbe84e59b8e4002d02a4ebc270b90ed974c44aefc65aaa895c15bb746ee3,2,416,True,,,,,,,,,,,62000,6.2e-05,264.258064516129,0,0.0,
0e63ef0f-78d2-4dca-98d8-8f74edad751a,2007,AES-128,encrypt,cuda_baseline,baseline,resident,pinned,CTR,16384,14,16384:CTR:14,e1b9dbe84e59b8e4002d02a4ebc270b90ed974c44aefc65aaa895c15bb746ee3,3,417,True,1,339.7478546867906,,4.822399839758873e-05,,,48223.99839758873,,,,,,,,,48223.99839758873
0e63ef0f-78d2-4dca-98d8-8f74edad751a,2007,AES-128,encrypt,cuda_optimized_v1,optimized,pipeline,pinned,CTR,16384,14,16384:CTR:14,e1b9dbe84e59b8e4002d02a4ebc270b90ed974c44aefc65aaa895c15bb746ee3,4,418,True,,326.947626867347,88.9951113525258,5.0112001597881316e-05,0.0001841,42200,50112.00159788132,43200,85400,184100,,,,,,
0e63ef0f-78d2-4dca-98d8-8f74edad751a,2007,AES-128,encrypt,cuda_optimized_v1,optimized,resident,pinned,CTR,16384,14,16384:CTR:14,e1b9dbe84e59b8e4002d02a4ebc270b90ed974c44aefc65aaa895c15bb746ee3,5,419,True,1,339.29755588024295,,4.82879988849163e-05,,,48287.998884916306,,,,,,,,,48287.998884916306
0e63ef0f-78d2-4dca-98d8-8f74edad751a,2007,AES-128,encrypt,cpu_software,software,transform,bytes,CTR,16384,15,16384:CTR:15,2a1787b888ce0415725803faf6ecd4988e460f66d9c76e582a254b78cdfd5180,0,420,True,,,,,,,,,,,60200,6.02e-05,272.1594684385382,0,0.0,
0e63ef0f-78d2-4dca-98d8-8f74edad751a,2007,AES-128,encrypt,cuda_baseline,baseline,resident,pinned,CTR,16384,15,16384:CTR:15,2a1787b888ce0415725803faf6ecd4988e460f66d9c76e582a254b78cdfd5180,1,421,True,1,144.91933637478394,,0.0001130559965968132,,,113055.9965968132,,,,,,,,,113055.9965968132
0e63ef0f-78d2-4dca-98d8-8f74edad751a,2007,AES-128,encrypt,cpu_aesni,aesni,transform,bytes,CTR,16384,15,16384:CTR:15,2a1787b888ce0415725803faf6ecd4988e460f66d9c76e582a254b78cdfd5180,2,422,True,,,,,,,,,,,12000,1.2e-05,1365.3333333333333,0,0.0,
0e63ef0f-78d2-4dca-98d8-8f74edad751a,2007,AES-128,encrypt,cuda_optimized_v1,optimized,pipeline,pinned,CTR,16384,15,16384:CTR:15,2a1787b888ce0415725803faf6ecd4988e460f66d9c76e582a254b78cdfd5180,3,423,True,,335.29797299377975,89.43231441048034,4.886399954557419e-05,0.0001832,44300,48863.99954557419,41400,85700,183200,,,,,,
0e63ef0f-78d2-4dca-98d8-8f74edad751a,2007,AES-128,encrypt,cuda_optimized_v1,optimized,resident,pinned,CTR,16384,15,16384:CTR:15,2a1787b888ce0415725803faf6ecd4988e460f66d9c76e582a254b78cdfd5180,4,424,True,1,322.0125786465306,,5.0879999995231625e-05,,,50879.99999523163,,,,,,,,,50879.99999523163
0e63ef0f-78d2-4dca-98d8-8f74edad751a,2007,AES-128,encrypt,cuda_baseline,baseline,pipeline,pinned,CTR,16384,15,16384:CTR:15,2a1787b888ce0415725803faf6ecd4988e460f66d9c76e582a254b78cdfd5180,5,425,True,,336.8420944236986,88.56216216216217,4.864000156521797e-05,0.000185,42900,48640.00156521797,42500,85400,185000,,,,,,
0e63ef0f-78d2-4dca-98d8-8f74edad751a,2007,AES-128,encrypt,cuda_baseline,baseline,pipeline,pinned,ECB,16384,15,16384:ECB:15,57407b6f40b9cee0d898e52fa2b58e2cba4b647bbe423cc36a973daaa74dd7f8,0,426,True,,345.47908409451696,90.61946902654867,4.742399975657463e-05,0.0001808,43100,47423.99975657463,40500,83600,180800,,,,,,
0e63ef0f-78d2-4dca-98d8-8f74edad751a,2007,AES-128,encrypt,cuda_optimized_v1,optimized,pipeline,pinned,ECB,16384,15,16384:ECB:15,57407b6f40b9cee0d898e52fa2b58e2cba4b647bbe423cc36a973daaa74dd7f8,1,427,True,,329.4723382582859,89.5790049207217,4.972799867391586e-05,0.0001829,42500,49727.99867391586,42900,85400,182900,,,,,,
0e63ef0f-78d2-4dca-98d8-8f74edad751a,2007,AES-128,encrypt,cuda_optimized_v1,optimized,resident,pinned,ECB,16384,15,16384:ECB:15,57407b6f40b9cee0d898e52fa2b58e2cba4b647bbe423cc36a973daaa74dd7f8,2,428,True,1,319.00311573126413,,5.1359999924898145e-05,,,51359.99992489815,,,,,,,,,51359.99992489815
0e63ef0f-78d2-4dca-98d8-8f74edad751a,2007,AES-128,encrypt,cuda_baseline,baseline,resident,pinned,ECB,16384,15,16384:ECB:15,57407b6f40b9cee0d898e52fa2b58e2cba4b647bbe423cc36a973daaa74dd7f8,3,429,True,1,305.489268125748,,5.363199859857559e-05,,,53631.99859857559,,,,,,,,,53631.99859857559
0e63ef0f-78d2-4dca-98d8-8f74edad751a,2007,AES-128,encrypt,cpu_software,software,transform,bytes,ECB,16384,15,16384:ECB:15,57407b6f40b9cee0d898e52fa2b58e2cba4b647bbe423cc36a973daaa74dd7f8,4,430,True,,,,,,,,,,,57800,5.78e-05,283.46020761245677,0,0.0,
0e63ef0f-78d2-4dca-98d8-8f74edad751a,2007,AES-128,encrypt,cpu_aesni,aesni,transform,bytes,ECB,16384,15,16384:ECB:15,57407b6f40b9cee0d898e52fa2b58e2cba4b647bbe423cc36a973daaa74dd7f8,5,431,True,,,,,,,,,,,6700,6.7e-06,2445.373134328358,0,0.0,
0e63ef0f-78d2-4dca-98d8-8f74edad751a,2007,AES-128,encrypt,cuda_baseline,baseline,resident,pinned,ECB,16384,16,16384:ECB:16,bc9e10351fcd8dc6fe5c889ea6154b4114e5c40ac1c05f5fe91ac2d59e8352ad,0,432,True,1,343.3937082867724,,4.7711998224258425e-05,,,47711.99822425842,,,,,,,,,47711.99822425842
0e63ef0f-78d2-4dca-98d8-8f74edad751a,2007,AES-128,encrypt,cuda_baseline,baseline,pipeline,pinned,ECB,16384,16,16384:ECB:16,bc9e10351fcd8dc6fe5c889ea6154b4114e5c40ac1c05f5fe91ac2d59e8352ad,1,433,True,,342.2459932899328,90.71982281284608,4.787199944257736e-05,0.0001806,43400,47871.99944257736,40800,84200,180600,,,,,,
0e63ef0f-78d2-4dca-98d8-8f74edad751a,2007,AES-128,encrypt,cpu_software,software,transform,bytes,ECB,16384,16,16384:ECB:16,bc9e10351fcd8dc6fe5c889ea6154b4114e5c40ac1c05f5fe91ac2d59e8352ad,2,434,True,,,,,,,,,,,57900,5.79e-05,282.9706390328152,0,0.0,
0e63ef0f-78d2-4dca-98d8-8f74edad751a,2007,AES-128,encrypt,cuda_optimized_v1,optimized,resident,pinned,ECB,16384,16,16384:ECB:16,bc9e10351fcd8dc6fe5c889ea6154b4114e5c40ac1c05f5fe91ac2d59e8352ad,3,435,True,1,319.60050440129135,,5.126399919390679e-05,,,51263.999193906784,,,,,,,,,51263.999193906784
0e63ef0f-78d2-4dca-98d8-8f74edad751a,2007,AES-128,encrypt,cpu_aesni,aesni,transform,bytes,ECB,16384,16,16384:ECB:16,bc9e10351fcd8dc6fe5c889ea6154b4114e5c40ac1c05f5fe91ac2d59e8352ad,4,436,True,,,,,,,,,,,9200,9.2e-06,1780.8695652173913,0,0.0,
0e63ef0f-78d2-4dca-98d8-8f74edad751a,2007,AES-128,encrypt,cuda_optimized_v1,optimized,pipeline,pinned,ECB,16384,16,16384:ECB:16,bc9e10351fcd8dc6fe5c889ea6154b4114e5c40ac1c05f5fe91ac2d59e8352ad,5,437,True,,301.35373484564076,88.2283252557889,5.436800047755242e-05,0.0001857,42500,54368.000477552414,40900,83400,185700,,,,,,
0e63ef0f-78d2-4dca-98d8-8f74edad751a,2007,AES-128,encrypt,cuda_optimized_v1,optimized,pipeline,pinned,CTR,16384,16,16384:CTR:16,ccce54ea2b6d75fe5dfba3260fa6f8b4fb8257a6fecbf683511eff1fbd027490,0,438,True,,343.8549256465761,88.80216802168022,4.764800146222115e-05,0.0001845,43300,47648.001462221146,43400,86700,184500,,,,,,
0e63ef0f-78d2-4dca-98d8-8f74edad751a,2007,AES-128,encrypt,cuda_baseline,baseline,resident,pinned,CTR,16384,16,16384:CTR:16,ccce54ea2b6d75fe5dfba3260fa6f8b4fb8257a6fecbf683511eff1fbd027490,1,439,True,1,331.177228553621,,4.947200044989586e-05,,,49472.00044989586,,,,,,,,,49472.00044989586
0e63ef0f-78d2-4dca-98d8-8f74edad751a,2007,AES-128,encrypt,cpu_software,software,transform,bytes,CTR,16384,16,16384:CTR:16,ccce54ea2b6d75fe5dfba3260fa6f8b4fb8257a6fecbf683511eff1fbd027490,2,440,True,,,,,,,,,,,61800,6.18e-05,265.1132686084142,0,0.0,
0e63ef0f-78d2-4dca-98d8-8f74edad751a,2007,AES-128,encrypt,cuda_optimized_v1,optimized,resident,pinned,CTR,16384,16,16384:CTR:16,ccce54ea2b6d75fe5dfba3260fa6f8b4fb8257a6fecbf683511eff1fbd027490,3,441,True,1,329.68449206216894,,4.9695998430252074e-05,,,49695.998430252075,,,,,,,,,49695.998430252075
0e63ef0f-78d2-4dca-98d8-8f74edad751a,2007,AES-128,encrypt,cuda_baseline,baseline,pipeline,pinned,CTR,16384,16,16384:CTR:16,ccce54ea2b6d75fe5dfba3260fa6f8b4fb8257a6fecbf683511eff1fbd027490,4,442,True,,317.81501317559815,88.9951113525258,5.1552001386880875e-05,0.0001841,42300,51552.001386880875,42500,84800,184100,,,,,,
0e63ef0f-78d2-4dca-98d8-8f74edad751a,2007,AES-128,encrypt,cpu_aesni,aesni,transform,bytes,CTR,16384,16,16384:CTR:16,ccce54ea2b6d75fe5dfba3260fa6f8b4fb8257a6fecbf683511eff1fbd027490,5,443,True,,,,,,,,,,,12300,1.23e-05,1332.0325203252032,0,0.0,
0e63ef0f-78d2-4dca-98d8-8f74edad751a,2007,AES-128,encrypt,cuda_baseline,baseline,pipeline,pinned,ECB,16384,17,16384:ECB:17,b1b4bee615712050d53e85272bbd1984706d74c47b74a1e85238c6d88164d659,0,444,True,,301.8867938625787,87.61497326203208,5.427199974656105e-05,0.000187,42900,54271.99974656105,41100,84000,187000,,,,,,
0e63ef0f-78d2-4dca-98d8-8f74edad751a,2007,AES-128,encrypt,cpu_software,software,transform,bytes,ECB,16384,17,16384:ECB:17,b1b4bee615712050d53e85272bbd1984706d74c47b74a1e85238c6d88164d659,1,445,True,,,,,,,,,,,57400,5.74e-05,285.4355400696864,0,0.0,
0e63ef0f-78d2-4dca-98d8-8f74edad751a,2007,AES-128,encrypt,cuda_baseline,baseline,resident,pinned,ECB,16384,17,16384:ECB:17,b1b4bee615712050d53e85272bbd1984706d74c47b74a1e85238c6d88164d659,2,446,True,1,350.2052087739253,,4.6783998608589174e-05,,,46783.99860858917,,,,,,,,,46783.99860858917
0e63ef0f-78d2-4dca-98d8-8f74edad751a,2007,AES-128,encrypt,cuda_optimized_v1,optimized,pipeline,pinned,ECB,16384,17,16384:ECB:17,b1b4bee615712050d53e85272bbd1984706d74c47b74a1e85238c6d88164d659,3,447,True,,337.9537929613069,91.17417918753478,4.848000034689903e-05,0.0001797,42400,48480.00034689903,41400,83800,179700,,,,,,
0e63ef0f-78d2-4dca-98d8-8f74edad751a,2007,AES-128,encrypt,cpu_aesni,aesni,transform,bytes,ECB,16384,17,16384:ECB:17,b1b4bee615712050d53e85272bbd1984706d74c47b74a1e85238c6d88164d659,4,448,True,,,,,,,,,,,8500,8.5e-06,1927.5294117647059,0,0.0,
0e63ef0f-78d2-4dca-98d8-8f74edad751a,2007,AES-128,encrypt,cuda_optimized_v1,optimized,resident,pinned,ECB,16384,17,16384:ECB:17,b1b4bee615712050d53e85272bbd1984706d74c47b74a1e85238c6d88164d659,5,449,True,1,321.40614733575535,,5.097600072622299e-05,,,50976.00072622299,,,,,,,,,50976.00072622299
0e63ef0f-78d2-4dca-98d8-8f74edad751a,2007,AES-128,encrypt,cuda_optimized_v1,optimized,resident,pinned,CTR,16384,17,16384:CTR:17,6cd963291d597bbb34139bea7411eb08edb579187ecdf1928f89422b20eaf175,0,450,True,1,300.82255501694283,,5.4464001208543776e-05,,,54464.00120854378,,,,,,,,,54464.00120854378
0e63ef0f-78d2-4dca-98d8-8f74edad751a,2007,AES-128,encrypt,cuda_optimized_v1,optimized,pipeline,pinned,CTR,16384,17,16384:CTR:17,6cd963291d597bbb34139bea7411eb08edb579187ecdf1928f89422b20eaf175,1,451,True,,338.1770138104403,89.72617743702081,4.8448000103235245e-05,0.0001826,43400,48448.000103235245,43100,86500,182600,,,,,,
0e63ef0f-78d2-4dca-98d8-8f74edad751a,2007,AES-128,encrypt,cuda_baseline,baseline,pipeline,pinned,CTR,16384,17,16384:CTR:17,6cd963291d597bbb34139bea7411eb08edb579187ecdf1928f89422b20eaf175,2,452,True,,337.50823414719946,91.78711484593838,4.854400083422661e-05,0.0001785,41700,48544.00083422661,40900,82600,178500,,,,,,
0e63ef0f-78d2-4dca-98d8-8f74edad751a,2007,AES-128,encrypt,cuda_baseline,baseline,resident,pinned,CTR,16384,17,16384:CTR:17,6cd963291d597bbb34139bea7411eb08edb579187ecdf1928f89422b20eaf175,3,453,True,1,153.75375478234494,,0.00010655999928712845,,,106559.99928712845,,,,,,,,,106559.99928712845
0e63ef0f-78d2-4dca-98d8-8f74edad751a,2007,AES-128,encrypt,cpu_software,software,transform,bytes,CTR,16384,17,16384:CTR:17,6cd963291d597bbb34139bea7411eb08edb579187ecdf1928f89422b20eaf175,4,454,True,,,,,,,,,,,96800,9.68e-05,169.25619834710744,0,0.0,
0e63ef0f-78d2-4dca-98d8-8f74edad751a,2007,AES-128,encrypt,cpu_aesni,aesni,transform,bytes,CTR,16384,17,16384:CTR:17,6cd963291d597bbb34139bea7411eb08edb579187ecdf1928f89422b20eaf175,5,455,True,,,,,,,,,,,16700,1.67e-05,981.0778443113772,0,0.0,
0e63ef0f-78d2-4dca-98d8-8f74edad751a,2007,AES-128,encrypt,cuda_optimized_v1,optimized,pipeline,pinned,ECB,16384,18,16384:ECB:18,7a32fa5f070176edd851f93e8ee7caf60ae3f835dd5e839ab9946487faeb9b53,0,456,True,,145.95211212189494,40.67527308838133,0.00011225599795579911,0.0004028,101600,112255.9979557991,96100,197700,402800,,,,,,
0e63ef0f-78d2-4dca-98d8-8f74edad751a,2007,AES-128,encrypt,cpu_aesni,aesni,transform,bytes,ECB,16384,18,16384:ECB:18,7a32fa5f070176edd851f93e8ee7caf60ae3f835dd5e839ab9946487faeb9b53,1,457,True,,,,,,,,,,,9500,9.5e-06,1724.6315789473683,0,0.0,
0e63ef0f-78d2-4dca-98d8-8f74edad751a,2007,AES-128,encrypt,cuda_baseline,baseline,resident,pinned,ECB,16384,18,16384:ECB:18,7a32fa5f070176edd851f93e8ee7caf60ae3f835dd5e839ab9946487faeb9b53,2,458,True,1,307.3229298217553,,5.331199988722801e-05,,,53311.99988722801,,,,,,,,,53311.99988722801
0e63ef0f-78d2-4dca-98d8-8f74edad751a,2007,AES-128,encrypt,cuda_optimized_v1,optimized,resident,pinned,ECB,16384,18,16384:ECB:18,7a32fa5f070176edd851f93e8ee7caf60ae3f835dd5e839ab9946487faeb9b53,3,459,True,1,301.35373484564076,,5.436800047755242e-05,,,54368.000477552414,,,,,,,,,54368.000477552414
0e63ef0f-78d2-4dca-98d8-8f74edad751a,2007,AES-128,encrypt,cuda_baseline,baseline,pipeline,pinned,ECB,16384,18,16384:ECB:18,7a32fa5f070176edd851f93e8ee7caf60ae3f835dd5e839ab9946487faeb9b53,4,460,True,,345.0134753169317,91.83856502242152,4.7488000243902205e-05,0.0001784,42600,47488.00024390221,40800,83400,178400,,,,,,
0e63ef0f-78d2-4dca-98d8-8f74edad751a,2007,AES-128,encrypt,cpu_software,software,transform,bytes,ECB,16384,18,16384:ECB:18,7a32fa5f070176edd851f93e8ee7caf60ae3f835dd5e839ab9946487faeb9b53,5,461,True,,,,,,,,,,,58100,5.81e-05,281.99655765920824,0,0.0,
0e63ef0f-78d2-4dca-98d8-8f74edad751a,2007,AES-128,encrypt,cpu_software,software,transform,bytes,CTR,16384,18,16384:CTR:18,80797c4eae295e4399d150b14f759fd4b18cce72bf76cb6ebb5582d3e5834453,0,462,True,,,,,,,,,,,60000,6e-05,273.06666666666666,0,0.0,
0e63ef0f-78d2-4dca-98d8-8f74edad751a,2007,AES-128,encrypt,cpu_aesni,aesni,transform,bytes,CTR,16384,18,16384:CTR:18,80797c4eae295e4399d150b14f759fd4b18cce72bf76cb6ebb5582d3e5834453,1,463,True,,,,,,,,,,,10000,1e-05,1638.4,0,0.0,
0e63ef0f-78d2-4dca-98d8-8f74edad751a,2007,AES-128,encrypt,cuda_baseline,baseline,resident,pinned,CTR,16384,18,16384:CTR:18,80797c4eae295e4399d150b14f759fd4b18cce72bf76cb6ebb5582d3e5834453,2,464,True,1,335.078535475741,,4.8895999789237976e-05,,,48895.999789237976,,,,,,,,,48895.999789237976
0e63ef0f-78d2-4dca-98d8-8f74edad751a,2007,AES-128,encrypt,cuda_optimized_v1,optimized,resident,pinned,CTR,16384,18,16384:CTR:18,80797c4eae295e4399d150b14f759fd4b18cce72bf76cb6ebb5582d3e5834453,3,465,True,1,337.7308666010205,,4.851200059056282e-05,,,48512.00059056282,,,,,,,,,48512.00059056282
0e63ef0f-78d2-4dca-98d8-8f74edad751a,2007,AES-128,encrypt,cuda_optimized_v1,optimized,pipeline,pinned,CTR,16384,18,16384:CTR:18,80797c4eae295e4399d150b14f759fd4b18cce72bf76cb6ebb5582d3e5834453,4,466,True,,351.1659705651293,92.8271954674221,4.665600135922432e-05,0.0001765,40700,46656.00135922432,42100,82800,176500,,,,,,
0e63ef0f-78d2-4dca-98d8-8f74edad751a,2007,AES-128,encrypt,cuda_baseline,baseline,pipeline,pinned,CTR,16384,18,16384:CTR:18,80797c4eae295e4399d150b14f759fd4b18cce72bf76cb6ebb5582d3e5834453,5,467,True,,317.61785596521986,88.89853499728703,5.1584001630544664e-05,0.0001843,41800,51584.00163054466,43600,85400,184300,,,,,,
0e63ef0f-78d2-4dca-98d8-8f74edad751a,2007,AES-128,encrypt,cuda_baseline,baseline,resident,pinned,ECB,16384,19,16384:ECB:19,984e9e6fc0c43a0e8eb8955b9a1f3c3553351c307cae4dec8e8169964ee0b006,0,468,True,1,316.8316900309437,,5.171199887990952e-05,,,51711.998879909515,,,,,,,,,51711.998879909515
0e63ef0f-78d2-4dca-98d8-8f74edad751a,2007,AES-128,encrypt,cpu_aesni,aesni,transform,bytes,ECB,16384,19,16384:ECB:19,984e9e6fc0c43a0e8eb8955b9a1f3c3553351c307cae4dec8e8169964ee0b006,1,469,True,,,,,,,,,,,8700,8.7e-06,1883.2183908045977,0,0.0,
0e63ef0f-78d2-4dca-98d8-8f74edad751a,2007,AES-128,encrypt,cpu_software,software,transform,bytes,ECB,16384,19,16384:ECB:19,984e9e6fc0c43a0e8eb8955b9a1f3c3553351c307cae4dec8e8169964ee0b006,2,470,True,,,,,,,,,,,56400,5.64e-05,290.49645390070924,0,0.0,
0e63ef0f-78d2-4dca-98d8-8f74edad751a,2007,AES-128,encrypt,cuda_optimized_v1,optimized,resident,pinned,ECB,16384,19,16384:ECB:19,984e9e6fc0c43a0e8eb8955b9a1f3c3553351c307cae4dec8e8169964ee0b006,3,471,True,1,325.07936465647094,,5.040000006556511e-05,,,50400.00006556511,,,,,,,,,50400.00006556511
0e63ef0f-78d2-4dca-98d8-8f74edad751a,2007,AES-128,encrypt,cuda_optimized_v1,optimized,pipeline,pinned,ECB,16384,19,16384:ECB:19,984e9e6fc0c43a0e8eb8955b9a1f3c3553351c307cae4dec8e8169964ee0b006,4,472,True,,302.24321546435317,88.65800865800865,5.4207999259233475e-05,0.0001848,41100,54207.999259233475,42600,83700,184800,,,,,,
0e63ef0f-78d2-4dca-98d8-8f74edad751a,2007,AES-128,encrypt,cuda_baseline,baseline,pipeline,pinned,ECB,16384,19,16384:ECB:19,984e9e6fc0c43a0e8eb8955b9a1f3c3553351c307cae4dec8e8169964ee0b006,5,473,True,,340.4255220696043,91.32664437012264,4.812800139188767e-05,0.0001794,41300,48128.001391887665,43700,85000,179400,,,,,,
0e63ef0f-78d2-4dca-98d8-8f74edad751a,2007,AES-128,encrypt,cuda_optimized_v1,optimized,resident,pinned,CTR,16384,19,16384:CTR:19,a80b4ac3d60bab2d26d6a814891236aacc6f6ed8fdbdf8cc41bca8e8259bead9,0,474,True,1,343.8549256465761,,4.764800146222115e-05,,,47648.001462221146,,,,,,,,,47648.001462221146
0e63ef0f-78d2-4dca-98d8-8f74edad751a,2007,AES-128,encrypt,cuda_baseline,baseline,resident,pinned,CTR,16384,19,16384:CTR:19,a80b4ac3d60bab2d26d6a814891236aacc6f6ed8fdbdf8cc41bca8e8259bead9,1,475,True,1,331.8211295624074,,4.9375999718904496e-05,,,49375.999718904495,,,,,,,,,49375.999718904495
0e63ef0f-78d2-4dca-98d8-8f74edad751a,2007,AES-128,encrypt,cuda_optimized_v1,optimized,pipeline,pinned,CTR,16384,19,16384:CTR:19,a80b4ac3d60bab2d26d6a814891236aacc6f6ed8fdbdf8cc41bca8e8259bead9,2,476,True,,319.80013147471163,90.87077093732668,5.1231998950243e-05,0.0001803,40900,51231.998950242996,41900,82800,180300,,,,,,
0e63ef0f-78d2-4dca-98d8-8f74edad751a,2007,AES-128,encrypt,cpu_aesni,aesni,transform,bytes,CTR,16384,19,16384:CTR:19,a80b4ac3d60bab2d26d6a814891236aacc6f6ed8fdbdf8cc41bca8e8259bead9,3,477,True,,,,,,,,,,,12300,1.23e-05,1332.0325203252032,0,0.0,
0e63ef0f-78d2-4dca-98d8-8f74edad751a,2007,AES-128,encrypt,cuda_baseline,baseline,pipeline,pinned,CTR,16384,19,16384:CTR:19,a80b4ac3d60bab2d26d6a814891236aacc6f6ed8fdbdf8cc41bca8e8259bead9,4,478,True,,300.82255501694283,88.7060097455333,5.4464001208543776e-05,0.0001847,40900,54464.00120854378,42200,83100,184700,,,,,,
0e63ef0f-78d2-4dca-98d8-8f74edad751a,2007,AES-128,encrypt,cpu_software,software,transform,bytes,CTR,16384,19,16384:CTR:19,a80b4ac3d60bab2d26d6a814891236aacc6f6ed8fdbdf8cc41bca8e8259bead9,5,479,True,,,,,,,,,,,61800,6.18e-05,265.1132686084142,0,0.0,
0e63ef0f-78d2-4dca-98d8-8f74edad751a,2007,AES-128,encrypt,cuda_optimized_v1,optimized,resident,pinned,ECB,1048576,0,1048576:ECB:0,71a74ec35ddcb0f012ee46bbea759d8dd42eaeb3ab365437f041f5dab21db16f,0,480,True,1,4010.7709776221545,,0.00026144000887870787,,,261440.0088787079,,,,,,,,,261440.0088787079
0e63ef0f-78d2-4dca-98d8-8f74edad751a,2007,AES-128,encrypt,cuda_baseline,baseline,resident,pinned,ECB,1048576,0,1048576:ECB:0,71a74ec35ddcb0f012ee46bbea759d8dd42eaeb3ab365437f041f5dab21db16f,1,481,True,1,4898.78909808627,,0.00021404799818992615,,,214047.99818992615,,,,,,,,,214047.99818992615
0e63ef0f-78d2-4dca-98d8-8f74edad751a,2007,AES-128,encrypt,cpu_aesni,aesni,transform,bytes,ECB,1048576,0,1048576:ECB:0,71a74ec35ddcb0f012ee46bbea759d8dd42eaeb3ab365437f041f5dab21db16f,2,482,True,,,,,,,,,,,609200,0.0006092,1721.2344057780697,0,0.0,
0e63ef0f-78d2-4dca-98d8-8f74edad751a,2007,AES-128,encrypt,cuda_optimized_v1,optimized,pipeline,pinned,ECB,1048576,0,1048576:ECB:0,71a74ec35ddcb0f012ee46bbea759d8dd42eaeb3ab365437f041f5dab21db16f,3,483,True,,4647.94317595946,1325.9686393525544,0.000225600004196167,0.0007908,259200,225600.004196167,213200,472400,790800,,,,,,
0e63ef0f-78d2-4dca-98d8-8f74edad751a,2007,AES-128,encrypt,cuda_baseline,baseline,pipeline,pinned,ECB,1048576,0,1048576:ECB:0,71a74ec35ddcb0f012ee46bbea759d8dd42eaeb3ab365437f041f5dab21db16f,4,484,True,,6183.808184606797,1655.9949463044852,0.0001695680022239685,0.0006332,207500,169568.0022239685,202600,410100,633200,,,,,,
0e63ef0f-78d2-4dca-98d8-8f74edad751a,2007,AES-128,encrypt,cpu_software,software,transform,bytes,ECB,1048576,0,1048576:ECB:0,71a74ec35ddcb0f012ee46bbea759d8dd42eaeb3ab365437f041f5dab21db16f,5,485,True,,,,,,,,,,,3689100,0.0036891,284.2362635873248,0,0.0,
0e63ef0f-78d2-4dca-98d8-8f74edad751a,2007,AES-128,encrypt,cpu_aesni,aesni,transform,bytes,CTR,1048576,0,1048576:CTR:0,c6a5252e2e9bc4c8024541a7fe203d57f0cdd5d12c6384d1db05d3190f4b2e20,0,486,True,,,,,,,,,,,831300,0.0008313,1261.3689402141224,0,0.0,
0e63ef0f-78d2-4dca-98d8-8f74edad751a,2007,AES-128,encrypt,cuda_optimized_v1,optimized,pipeline,pinned,CTR,1048576,0,1048576:CTR:0,c6a5252e2e9bc4c8024541a7fe203d57f0cdd5d12c6384d1db05d3190f4b2e20,1,487,True,,5931.933217367378,1489.2430052549353,0.0001767680048942566,0.0007041,227800,176768.0048942566,231800,459600,704100,,,,,,
0e63ef0f-78d2-4dca-98d8-8f74edad751a,2007,AES-128,encrypt,cuda_baseline,baseline,resident,pinned,CTR,1048576,0,1048576:CTR:0,c6a5252e2e9bc4c8024541a7fe203d57f0cdd5d12c6384d1db05d3190f4b2e20,2,488,True,1,6026.852834479729,,0.00017398400604724885,,,173984.00604724884,,,,,,,,,173984.00604724884
0e63ef0f-78d2-4dca-98d8-8f74edad751a,2007,AES-128,encrypt,cuda_baseline,baseline,pipeline,pinned,CTR,1048576,0,1048576:CTR:0,c6a5252e2e9bc4c8024541a7fe203d57f0cdd5d12c6384d1db05d3190f4b2e20,3,489,True,,6015.78872891596,1637.1209992193599,0.00017430399358272554,0.0006405,207600,174303.99358272552,204000,411600,640500,,,,,,
0e63ef0f-78d2-4dca-98d8-8f74edad751a,2007,AES-128,encrypt,cuda_optimized_v1,optimized,resident,pinned,CTR,1048576,0,1048576:CTR:0,c6a5252e2e9bc4c8024541a7fe203d57f0cdd5d12c6384d1db05d3190f4b2e20,4,490,True,1,6004.764659512931,,0.0001746239960193634,,,174623.9960193634,,,,,,,,,174623.9960193634
0e63ef0f-78d2-4dca-98d8-8f74edad751a,2007,AES-128,encrypt,cpu_software,software,transform,bytes,CTR,1048576,0,1048576:CTR:0,c6a5252e2e9bc4c8024541a7fe203d57f0cdd5d12c6384d1db05d3190f4b2e20,5,491,True,,,,,,,,,,,3972300,0.0039723,263.97200614253705,0,0.0,
0e63ef0f-78d2-4dca-98d8-8f74edad751a,2007,AES-128,encrypt,cuda_baseline,baseline,resident,pinned,CTR,1048576,1,1048576:CTR:1,e8973c3876d524aa89ffffc60d59ded4f4d823a23c8c840b760f57307d83326f,0,492,True,1,4266.666774451735,,0.0002457599937915802,,,245759.9937915802,,,,,,,,,245759.9937915802
0e63ef0f-78d2-4dca-98d8-8f74edad751a,2007,AES-128,encrypt,cpu_software,software,transform,bytes,CTR,1048576,1,1048576:CTR:1,e8973c3876d524aa89ffffc60d59ded4f4d823a23c8c840b760f57307d83326f,1,493,True,,,,,,,,,,,3926800,0.0039268,267.03066109809515,0,0.0,
0e63ef0f-78d2-4dca-98d8-8f74edad751a,2007,AES-128,encrypt,cuda_optimized_v1,optimized,resident,pinned,CTR,1048576,1,1048576:CTR:1,e8973c3876d524aa89ffffc60d59ded4f4d823a23c8c840b760f57307d83326f,2,494,True,1,4958.837753521422,,0.00021145600080490112,,,211456.00080490112,,,,,,,,,211456.00080490112
0e63ef0f-78d2-4dca-98d8-8f74edad751a,2007,AES-128,encrypt,cpu_aesni,aesni,transform,bytes,CTR,1048576,1,1048576:CTR:1,e8973c3876d524aa89ffffc60d59ded4f4d823a23c8c840b760f57307d83326f,3,495,True,,,,,,,,,,,751600,0.0007516,1395.1250665247471,0,0.0,
0e63ef0f-78d2-4dca-98d8-8f74edad751a,2007,AES-128,encrypt,cuda_optimized_v1,optimized,pipeline,pinned,CTR,1048576,1,1048576:CTR:1,e8973c3876d524aa89ffffc60d59ded4f4d823a23c8c840b760f57307d83326f,4,496,True,,4277.806721854864,1276.416311625076,0.0002451200038194656,0.0008215,244300,245120.00381946564,240800,485100,821500,,,,,,
0e63ef0f-78d2-4dca-98d8-8f74edad751a,2007,AES-128,encrypt,cuda_baseline,baseline,pipeline,pinned,CTR,1048576,1,1048576:CTR:1,e8973c3876d524aa89ffffc60d59ded4f4d823a23c8c840b760f57307d83326f,5,497,True,,4266.111157650807,1302.4170910445907,0.0002457920014858246,0.0008051,239100,245792.00148582458,234500,473600,805100,,,,,,
0e63ef0f-78d2-4dca-98d8-8f74edad751a,2007,AES-128,encrypt,cuda_baseline,baseline,resident,pinned,ECB,1048576,1,1048576:ECB:1,54a09f94f311b00769cff9eaa32c7fabc586ed10a14e33c9b743de29a340c355,0,498,True,1,4441.914021117679,,0.00023606400191783904,,,236064.00191783905,,,,,,,,,236064.00191783905
0e63ef0f-78d2-4dca-98d8-8f74edad751a,2007,AES-128,encrypt,cpu_software,software,transform,bytes,ECB,1048576,1,1048576:ECB:1,54a09f94f311b00769cff9eaa32c7fabc586ed10a14e33c9b743de29a340c355,1,499,True,,,,,,,,,,,3674800,0.0036748,285.3423315554588,0,0.0,
0e63ef0f-78d2-4dca-98d8-8f74edad751a,2007,AES-128,encrypt,cpu_aesni,aesni,transform,bytes,ECB,1048576,1,1048576:ECB:1,54a09f94f311b00769cff9eaa32c7fabc586ed10a14e33c9b743de29a340c355,2,500,True,,,,,,,,,,,547900,0.0005479,1913.809089249863,0,0.0,
0e63ef0f-78d2-4dca-98d8-8f74edad751a,2007,AES-128,encrypt,cuda_baseline,baseline,pipeline,pinned,ECB,1048576,1,1048576:ECB:1,54a09f94f311b00769cff9eaa32c7fabc586ed10a14e33c9b743de29a340c355,3,501,True,,4431.701405540349,1296.2986772159722,0.00023660799860954286,0.0008089,243800,236607.99860954285,238600,482400,808900,,,,,,
0e63ef0f-78d2-4dca-98d8-8f74edad751a,2007,AES-128,encrypt,cuda_optimized_v1,optimized,pipeline,pinned,ECB,1048576,1,1048576:ECB:1,54a09f94f311b00769cff9eaa32c7fabc586ed10a14e33c9b743de29a340c355,4,502,True,,4388.375628313105,1314.4991851573272,0.00023894399404525757,0.0007977,239000,238943.99404525757,234100,473100,797700,,,,,,
0e63ef0f-78d2-4dca-98d8-8f74edad751a,2007,AES-128,encrypt,cuda_optimized_v1,optimized,resident,pinned,ECB,1048576,1,1048576:ECB:1,54a09f94f311b00769cff9eaa32c7fabc586ed10a14e33c9b743de29a340c355,5,503,True,1,6223.7419142901945,,0.00016847999393939972,,,168479.99393939972,,,,,,,,,168479.99393939972
0e63ef0f-78d2-4dca-98d8-8f74edad751a,2007,AES-128,encrypt,cpu_aesni,aesni,transform,bytes,CTR,1048576,2,1048576:CTR:2,b1ba0079cd82553f718df3537a8579af0db92c514a36b65fb4beaf31cd5b767e,0,504,True,,,,,,,,,,,720900,0.0007209,1454.5373838257733,0,0.0,
0e63ef0f-78d2-4dca-98d8-8f74edad751a,2007,AES-128,encrypt,cuda_optimized_v1,optimized,pipeline,pinned,CTR,1048576,2,1048576:CTR:2,b1ba0079cd82553f718df3537a8579af0db92c514a36b65fb4beaf31cd5b767e,1,505,True,,4267.222277230073,1180.2971634398918,0.000245728000998497,0.0008884,251300,245728.000998497,296700,548000,888400,,,,,,
0e63ef0f-78d2-4dca-98d8-8f74edad751a,2007,AES-128,encrypt,cpu_software,software,transform,bytes,CTR,1048576,2,1048576:CTR:2,b1ba0079cd82553f718df3537a8579af0db92c514a36b65fb4beaf31cd5b767e,2,506,True,,,,,,,,,,,3919100,0.0039191,267.555306065168,0,0.0,
0e63ef0f-78d2-4dca-98d8-8f74edad751a,2007,AES-128,encrypt,cuda_baseline,baseline,pipeline,pinned,CTR,1048576,2,1048576:CTR:2,b1ba0079cd82553f718df3537a8579af0db92c514a36b65fb4beaf31cd5b767e,3,507,True,,4341.282345130394,1270.5391978674422,0.0002415360063314438,0.0008253,251300,241536.0063314438,244100,495400,825300,,,,,,
0e63ef0f-78d2-4dca-98d8-8f74edad751a,2007,AES-128,encrypt,cuda_baseline,baseline,resident,pinned,CTR,1048576,2,1048576:CTR:2,b1ba0079cd82553f718df3537a8579af0db92c514a36b65fb4beaf31cd5b767e,4,508,True,1,4348.195267647039,,0.00024115200340747833,,,241152.00340747833,,,,,,,,,241152.00340747833
0e63ef0f-78d2-4dca-98d8-8f74edad751a,2007,AES-128,encrypt,cuda_optimized_v1,optimized,resident,pinned,CTR,1048576,2,1048576:CTR:2,b1ba0079cd82553f718df3537a8579af0db92c514a36b65fb4beaf31cd5b767e,5,509,True,1,5833.718898242608,,0.00017974400520324706,,,179744.00520324707,,,,,,,,,179744.00520324707
0e63ef0f-78d2-4dca-98d8-8f74edad751a,2007,AES-128,encrypt,cuda_baseline,baseline,pipeline,pinned,ECB,1048576,2,1048576:ECB:2,90c75fc018c66bef6e3e13eb801550f0b33b15368ae8de4bc953dbbf812097a3,0,510,True,,4435.300540790083,1214.4730136668984,0.00023641599714756013,0.0008634,246400,236415.99714756012,287300,533700,863400,,,,,,
0e63ef0f-78d2-4dca-98d8-8f74edad751a,2007,AES-128,encrypt,cpu_software,software,transform,bytes,ECB,1048576,2,1048576:ECB:2,90c75fc018c66bef6e3e13eb801550f0b33b15368ae8de4bc953dbbf812097a3,1,511,True,,,,,,,,,,,3691100,0.0036911,284.0822519032267,0,0.0,
0e63ef0f-78d2-4dca-98d8-8f74edad751a,2007,AES-128,encrypt,cuda_optimized_v1,optimized,pipeline,pinned,ECB,1048576,2,1048576:ECB:2,90c75fc018c66bef6e3e13eb801550f0b33b15368ae8de4bc953dbbf812097a3,2,512,True,,3657.959464577044,1046.9009584664536,0.000286655992269516,0.0010016,287500,286655.992269516,296100,583600,1001600,,,,,,
0e63ef0f-78d2-4dca-98d8-8f74edad751a,2007,AES-128,encrypt,cuda_optimized_v1,optimized,resident,pinned,ECB,1048576,2,1048576:ECB:2,90c75fc018c66bef6e3e13eb801550f0b33b15368ae8de4bc953dbbf812097a3,3,513,True,1,5019.6079341368895,,0.00020889599621295928,,,208895.9962129593,,,,,,,,,208895.9962129593
0e63ef0f-78d2-4dca-98d8-8f74edad751a,2007,AES-128,encrypt,cuda_baseline,baseline,resident,pinned,ECB,1048576,2,1048576:ECB:2,90c75fc018c66bef6e3e13eb801550f0b33b15368ae8de4bc953dbbf812097a3,4,514,True,1,6272.587818702665,,0.0001671680063009262,,,167168.0063009262,,,,,,,,,167168.0063009262
0e63ef0f-78d2-4dca-98d8-8f74edad751a,2007,AES-128,encrypt,cpu_aesni,aesni,transform,bytes,ECB,1048576,2,1048576:ECB:2,90c75fc018c66bef6e3e13eb801550f0b33b15368ae8de4bc953dbbf812097a3,5,515,True,,,,,,,,,,,553900,0.0005539,1893.0781729554071,0,0.0,
0e63ef0f-78d2-4dca-98d8-8f74edad751a,2007,AES-128,encrypt,cuda_baseline,baseline,resident,pinned,CTR,1048576,3,1048576:CTR:3,4a09830b235f88a98e33e2e58ab6a35f6038e2072d37d344d26ab814bd2ca635,0,516,True,1,4328.093962933953,,0.0002422720044851303,,,242272.0044851303,,,,,,,,,242272.0044851303
0e63ef0f-78d2-4dca-98d8-8f74edad751a,2007,AES-128,encrypt,cuda_optimized_v1,optimized,resident,pinned,CTR,1048576,3,1048576:CTR:3,4a09830b235f88a98e33e2e58ab6a35f6038e2072d37d344d26ab814bd2ca635,1,517,True,1,4926.777839428565,,0.0002128320038318634,,,212832.0038318634,,,,,,,,,212832.0038318634
0e63ef0f-78d2-4dca-98d8-8f74edad751a,2007,AES-128,encrypt,cpu_aesni,aesni,transform,bytes,CTR,1048576,3,1048576:CTR:3,4a09830b235f88a98e33e2e58ab6a35f6038e2072d37d344d26ab814bd2ca635,2,518,True,,,,,,,,,,,761900,0.0007619,1376.2646016537603,0,0.0,
0e63ef0f-78d2-4dca-98d8-8f74edad751a,2007,AES-128,encrypt,cuda_optimized_v1,optimized,pipeline,pinned,CTR,1048576,3,1048576:CTR:3,4a09830b235f88a98e33e2e58ab6a35f6038e2072d37d344d26ab814bd2ca635,3,519,True,,5895.645972889766,1602.8370528890248,0.00017785599827766418,0.0006542,212500,177855.99827766418,205300,417800,654200,,,,,,
0e63ef0f-78d2-4dca-98d8-8f74edad751a,2007,AES-128,encrypt,cuda_baseline,baseline,pipeline,pinned,CTR,1048576,3,1048576:CTR:3,4a09830b235f88a98e33e2e58ab6a35f6038e2072d37d344d26ab814bd2ca635,4,520,True,,6025.744799259052,1654.427264121174,0.00017401599884033203,0.0006338,207000,174015.99884033203,200400,407400,633800,,,,,,
0e63ef0f-78d2-4dca-98d8-8f74edad751a,2007,AES-128,encrypt,cpu_software,software,transform,bytes,CTR,1048576,3,1048576:CTR:3,4a09830b235f88a98e33e2e58ab6a35f6038e2072d37d344d26ab814bd2ca635,5,521,True,,,,,,,,,,,3915700,0.0039157,267.7876241795847,0,0.0,
0e63ef0f-78d2-4dca-98d8-8f74edad751a,2007,AES-128,encrypt,cuda_optimized_v1,optimized,pipeline,pinned,ECB,1048576,3,1048576:ECB:3,7323fd7258d071992865ec514839f02908a38793a712d155ab67476ec82bbb03,0,522,True,,5083.462463747193,1161.985815602837,0.00020627200603485108,0.0009024,247800,206272.00603485107,305700,553500,902400,,,,,,
0e63ef0f-78d2-4dca-98d8-8f74edad751a,2007,AES-128,encrypt,cpu_software,software,transform,bytes,ECB,1048576,3,1048576:ECB:3,7323fd7258d071992865ec514839f02908a38793a712d155ab67476ec82bbb03,1,523,True,,,,,,,,,,,3707900,0.0037079,282.795113136816,0,0.0,
0e63ef0f-78d2-4dca-98d8-8f74edad751a,2007,AES-128,encrypt,cuda_baseline,baseline,pipeline,pinned,ECB,1048576,3,1048576:ECB:3,7323fd7258d071992865ec514839f02908a38793a712d155ab67476ec82bbb03,2,524,True,,5111.214975543449,1235.362865221489,0.0002051520049571991,0.0008488,242700,205152.0049571991,262800,505500,848800,,,,,,
0e63ef0f-78d2-4dca-98d8-8f74edad751a,2007,AES-128,encrypt,cuda_optimized_v1,optimized,resident,pinned,ECB,1048576,3,1048576:ECB:3,7323fd7258d071992865ec514839f02908a38793a712d155ab67476ec82bbb03,3,525,True,1,4969.366151767306,,0.0002110079973936081,,,211007.9973936081,,,,,,,,,211007.9973936081
0e63ef0f-78d2-4dca-98d8-8f74edad751a,2007,AES-128,encrypt,cpu_aesni,aesni,transform,bytes,ECB,1048576,3,1048576:ECB:3,7323fd7258d071992865ec514839f02908a38793a712d155ab67476ec82bbb03,4,526,True,,,,,,,,,,,563000,0.000563,1862.4795737122558,0,0.0,
0e63ef0f-78d2-4dca-98d8-8f74edad751a,2007,AES-128,encrypt,cuda_baseline,baseline,resident,pinned,ECB,1048576,3,1048576:ECB:3,7323fd7258d071992865ec514839f02908a38793a712d155ab67476ec82bbb03,5,527,True,1,5093.735540117448,,0.00020585599541664124,,,205855.99541664124,,,,,,,,,205855.99541664124
0e63ef0f-78d2-4dca-98d8-8f74edad751a,2007,AES-128,encrypt,cuda_optimized_v1,optimized,pipeline,pinned,CTR,1048576,4,1048576:CTR:4,6651418b8a74a97cc6336d00632894b15f105e34d11574e4ca411f70f381da65,0,528,True,,4909.799175210465,1156.2200904179072,0.00021356800198554993,0.0009069,268900,213568.00198554993,308500,577400,906900,,,,,,
0e63ef0f-78d2-4dca-98d8-8f74edad751a,2007,AES-128,encrypt,cuda_optimized_v1,optimized,resident,pinned,CTR,1048576,4,1048576:CTR:4,6651418b8a74a97cc6336d00632894b15f105e34d11574e4ca411f70f381da65,1,529,True,1,4988.278306355649,,0.000210207998752594,,,210207.998752594,,,,,,,,,210207.998752594
0e63ef0f-78d2-4dca-98d8-8f74edad751a,2007,AES-128,encrypt,cuda_baseline,baseline,pipeline,pinned,CTR,1048576,4,1048576:CTR:4,6651418b8a74a97cc6336d00632894b15f105e34d11574e4ca411f70f381da65,2,530,True,,5874.50688805229,1347.784061696658,0.00017849600315093995,0.000778,240400,178496.00315093994,226400,466800,778000,,,,,,
0e63ef0f-78d2-4dca-98d8-8f74edad751a,2007,AES-128,encrypt,cpu_aesni,aesni,transform,bytes,CTR,1048576,4,1048576:CTR:4,6651418b8a74a97cc6336d00632894b15f105e34d11574e4ca411f70f381da65,3,531,True,,,,,,,,,,,746000,0.000746,1405.597855227882,0,0.0,
0e63ef0f-78d2-4dca-98d8-8f74edad751a,2007,AES-128,encrypt,cpu_software,software,transform,bytes,CTR,1048576,4,1048576:CTR:4,6651418b8a74a97cc6336d00632894b15f105e34d11574e4ca411f70f381da65,4,532,True,,,,,,,,,,,4085100,0.0040851,256.68306773396,15625000,3.8248757680350542,
0e63ef0f-78d2-4dca-98d8-8f74edad751a,2007,AES-128,encrypt,cuda_baseline,baseline,resident,pinned,CTR,1048576,4,1048576:CTR:4,6651418b8a74a97cc6336d00632894b15f105e34d11574e4ca411f70f381da65,5,533,True,1,4336.686196030589,,0.0002417919933795929,,,241791.9933795929,,,,,,,,,241791.9933795929
0e63ef0f-78d2-4dca-98d8-8f74edad751a,2007,AES-128,encrypt,cuda_baseline,baseline,resident,pinned,ECB,1048576,4,1048576:ECB:4,a2fc6ef26ea5b330be40c340578b8d69a180c82a5bdffbe33c308fe982b3e0c7,0,534,True,1,5347.25840231858,,0.00019609600305557252,,,196096.0030555725,,,,,,,,,196096.0030555725
0e63ef0f-78d2-4dca-98d8-8f74edad751a,2007,AES-128,encrypt,cpu_aesni,aesni,transform,bytes,ECB,1048576,4,1048576:ECB:4,a2fc6ef26ea5b330be40c340578b8d69a180c82a5bdffbe33c308fe982b3e0c7,1,535,True,,,,,,,,,,,591500,0.0005915,1772.7404902789517,0,0.0,
0e63ef0f-78d2-4dca-98d8-8f74edad751a,2007,AES-128,encrypt,cuda_baseline,baseline,pipeline,pinned,ECB,1048576,4,1048576:ECB:4,a2fc6ef26ea5b330be40c340578b8d69a180c82a5bdffbe33c308fe982b3e0c7,2,536,True,,4330.954343938812,1277.1936662606577,0.00024211199581623079,0.000821,249200,242111.99581623077,240500,489700,821000,,,,,,
0e63ef0f-78d2-4dca-98d8-8f74edad751a,2007,AES-128,encrypt,cuda_optimized_v1,optimized,resident,pinned,ECB,1048576,4,1048576:ECB:4,a2fc6ef26ea5b330be40c340578b8d69a180c82a5bdffbe33c308fe982b3e0c7,3,537,True,1,4374.899736889816,,0.0002396800071001053,,,239680.0071001053,,,,,,,,,239680.0071001053
0e63ef0f-78d2-4dca-98d8-8f74edad751a,2007,AES-128,encrypt,cuda_optimized_v1,optimized,pipeline,pinned,ECB,1048576,4,1048576:ECB:4,a2fc6ef26ea5b330be40c340578b8d69a180c82a5bdffbe33c308fe982b3e0c7,4,538,True,,6209.588896847243,1654.427264121174,0.00016886399686336518,0.0006338,207400,168863.99686336517,204600,412000,633800,,,,,,
0e63ef0f-78d2-4dca-98d8-8f74edad751a,2007,AES-128,encrypt,cpu_software,software,transform,bytes,ECB,1048576,4,1048576:ECB:4,a2fc6ef26ea5b330be40c340578b8d69a180c82a5bdffbe33c308fe982b3e0c7,5,539,True,,,,,,,,,,,3692700,0.0036927,283.9591626722994,0,0.0,
0e63ef0f-78d2-4dca-98d8-8f74edad751a,2007,AES-128,encrypt,cuda_baseline,baseline,resident,pinned,ECB,1048576,5,1048576:ECB:5,b3dcb6637636ad4e8b2635f6c1abb714f2deb656633b2475bc8c090c0ce17593,0,540,True,1,4437.703213804814,,0.00023628799617290497,,,236287.99617290497,,,,,,,,,236287.99617290497
0e63ef0f-78d2-4dca-98d8-8f74edad751a,2007,AES-128,encrypt,cuda_optimized_v1,optimized,resident,pinned,ECB,1048576,5,1048576:ECB:5,b3dcb6637636ad4e8b2635f6c1abb714f2deb656633b2475bc8c090c0ce17593,1,541,True,1,4066.0133219733316,,0.00025788798928260803,,,257887.98928260803,,,,,,,,,257887.98928260803
0e63ef0f-78d2-4dca-98d8-8f74edad751a,2007,AES-128,encrypt,cuda_baseline,baseline,pipeline,pinned,ECB,1048576,5,1048576:ECB:5,b3dcb6637636ad4e8b2635f6c1abb714f2deb656633b2475bc8c090c0ce17593,2,542,True,,5209.539006992767,1366.5789130718103,0.00020127999782562257,0.0007673,241500,201279.99782562256,238600,480100,767300,,,,,,
0e63ef0f-78d2-4dca-98d8-8f74edad751a,2007,AES-128,encrypt,cpu_software,software,transform,bytes,ECB,1048576,5,1048576:ECB:5,b3dcb6637636ad4e8b2635f6c1abb714f2deb656633b2475bc8c090c0ce17593,3,543,True,,,,,,,,,,,3683900,0.0036839,284.63747658731234,0,0.0,
0e63ef0f-78d2-4dca-98d8-8f74edad751a,2007,AES-128,encrypt,cpu_aesni,aesni,transform,bytes,ECB,1048576,5,1048576:ECB:5,b3dcb6637636ad4e8b2635f6c1abb714f2deb656633b2475bc8c090c0ce17593,4,544,True,,,,,,,,,,,566600,0.0005666,1850.645958348041,0,0.0,
0e63ef0f-78d2-4dca-98d8-8f74edad751a,2007,AES-128,encrypt,cuda_optimized_v1,optimized,pipeline,pinned,ECB,1048576,5,1048576:ECB:5,b3dcb6637636ad4e8b2635f6c1abb714f2deb656633b2475bc8c090c0ce17593,5,545,True,,4399.570412305562,1161.2137320044296,0.0002383359968662262,0.000903,278300,238335.9968662262,289300,567600,903000,,,,,,
0e63ef0f-78d2-4dca-98d8-8f74edad751a,2007,AES-128,encrypt,cpu_software,software,transform,bytes,CTR,1048576,5,1048576:CTR:5,810eef5479bf475f760c38be8cb3108a6866dfc8407ec03048ead85dda74d027,0,546,True,,,,,,,,,,,3903500,0.0039035,268.62456769565773,0,0.0,
0e63ef0f-78d2-4dca-98d8-8f74edad751a,2007,AES-128,encrypt,cuda_optimized_v1,optimized,pipeline,pinned,CTR,1048576,5,1048576:CTR:5,810eef5479bf475f760c38be8cb3108a6866dfc8407ec03048ead85dda74d027,1,547,True,,4593.859484515245,1069.6480669182904,0.0002282560020685196,0.0009803,336800,228256.0020685196,297400,634200,980300,,,,,,
0e63ef0f-78d2-4dca-98d8-8f74edad751a,2007,AES-128,encrypt,cuda_optimized_v1,optimized,resident,pinned,CTR,1048576,5,1048576:CTR:5,810eef5479bf475f760c38be8cb3108a6866dfc8407ec03048ead85dda74d027,2,548,True,1,4761.4067178418645,,0.00022022399306297302,,,220223.99306297302,,,,,,,,,220223.99306297302
0e63ef0f-78d2-4dca-98d8-8f74edad751a,2007,AES-128,encrypt,cpu_aesni,aesni,transform,bytes,CTR,1048576,5,1048576:CTR:5,810eef5479bf475f760c38be8cb3108a6866dfc8407ec03048ead85dda74d027,3,549,True,,,,,,,,,,,733000,0.000733,1430.5266030013643,0,0.0,
0e63ef0f-78d2-4dca-98d8-8f74edad751a,2007,AES-128,encrypt,cuda_baseline,baseline,pipeline,pinned,CTR,1048576,5,1048576:CTR:5,810eef5479bf475f760c38be8cb3108a6866dfc8407ec03048ead85dda74d027,4,550,True,,5701.757219241704,1549.7723913686077,0.0001839040070772171,0.0006766,210500,183904.0070772171,215100,425600,676600,,,,,,
0e63ef0f-78d2-4dca-98d8-8f74edad751a,2007,AES-128,encrypt,cuda_baseline,baseline,resident,pinned,CTR,1048576,5,1048576:CTR:5,810eef5479bf475f760c38be8cb3108a6866dfc8407ec03048ead85dda74d027,5,551,True,1,5693.831632543309,,0.0001841599941253662,,,184159.9941253662,,,,,,,,,184159.9941253662
0e63ef0f-78d2-4dca-98d8-8f74edad751a,2007,AES-128,encrypt,cpu_software,software,transform,bytes,CTR,1048576,6,1048576:CTR:6,91cd2f25f1442b7fa68b83d5740c21f0141c5fd4203b5cd44db893435f9c50d5,0,552,True,,,,,,,,,,,3954800,0.0039548,265.14008293719024,0,0.0,
0e63ef0f-78d2-4dca-98d8-8f74edad751a,2007,AES-128,encrypt,cuda_optimized_v1,optimized,resident,pinned,CTR,1048576,6,1048576:CTR:6,91cd2f25f1442b7fa68b83d5740c21f0141c5fd4203b5cd44db893435f9c50d5,1,553,True,1,4744.859565810563,,0.00022099199891090394,,,220991.99891090393,,,,,,,,,220991.99891090393
0e63ef0f-78d2-4dca-98d8-8f74edad751a,2007,AES-128,encrypt,cuda_optimized_v1,optimized,pipeline,pinned,CTR,1048576,6,1048576:CTR:6,91cd2f25f1442b7fa68b83d5740c21f0141c5fd4203b5cd44db893435f9c50d5,2,554,True,,4773.197456849274,1272.5436893203882,0.00021967999637126923,0.000824,247500,219679.99637126923,254000,501500,824000,,,,,,
0e63ef0f-78d2-4dca-98d8-8f74edad751a,2007,AES-128,encrypt,cpu_aesni,aesni,transform,bytes,CTR,1048576,6,1048576:CTR:6,91cd2f25f1442b7fa68b83d5740c21f0141c5fd4203b5cd44db893435f9c50d5,3,555,True,,,,,,,,,,,731000,0.000731,1434.4404924760602,0,0.0,
0e63ef0f-78d2-4dca-98d8-8f74edad751a,2007,AES-128,encrypt,cuda_baseline,baseline,resident,pinned,CTR,1048576,6,1048576:CTR:6,91cd2f25f1442b7fa68b83d5740c21f0141c5fd4203b5cd44db893435f9c50d5,4,556,True,1,4750.362489279191,,0.00022073599696159364,,,220735.99696159363,,,,,,,,,220735.99696159363
0e63ef0f-78d2-4dca-98d8-8f74edad751a,2007,AES-128,encrypt,cuda_baseline,baseline,pipeline,pinned,CTR,1048576,6,1048576:CTR:6,91cd2f25f1442b7fa68b83d5740c21f0141c5fd4203b5cd44db893435f9c50d5,5,557,True,,5717.675699189801,1581.32408384859,0.0001833920031785965,0.0006631,206800,183392.0031785965,211200,418000,663100,,,,,,
0e63ef0f-78d2-4dca-98d8-8f74edad751a,2007,AES-128,encrypt,cpu_software,software,transform,bytes,ECB,1048576,6,1048576:ECB:6,846902b32f21ecd2970d757ddcc0486375af761bbf1d41d034215b838ce7b24b,0,558,True,,,,,,,,,,,3679400,0.0036794,284.98559547752353,0,0.0,
0e63ef0f-78d2-4dca-98d8-8f74edad751a,2007,AES-128,encrypt,cuda_baseline,baseline,resident,pinned,ECB,1048576,6,1048576:ECB:6,846902b32f21ecd2970d757ddcc0486375af761bbf1d41d034215b838ce7b24b,1,559,True,1,4103.694649441533,,0.0002555199861526489,,,255519.98615264893,,,,,,,,,255519.98615264893
0e63ef0f-78d2-4dca-98d8-8f74edad751a,2007,AES-128,encrypt,cuda_optimized_v1,optimized,resident,pinned,ECB,1048576,6,1048576:ECB:6,846902b32f21ecd2970d757ddcc0486375af761bbf1d41d034215b838ce7b24b,2,560,True,1,4030.504318488036,,0.0002601599991321564,,,260159.99913215637,,,,,,,,,260159.99913215637
0e63ef0f-78d2-4dca-98d8-8f74edad751a,2007,AES-128,encrypt,cuda_baseline,baseline,pipeline,pinned,ECB,1048576,6,1048576:ECB:6,846902b32f21ecd2970d757ddcc0486375af761bbf1d41d034215b838ce7b24b,3,561,True,,5144.920842891844,1377.3492709838433,0.00020380799472332,0.0007613,238200,203807.99472332,233900,472100,761300,,,,,,
0e63ef0f-78d2-4dca-98d8-8f74edad751a,2007,AES-128,encrypt,cpu_aesni,aesni,transform,bytes,ECB,1048576,6,1048576:ECB:6,846902b32f21ecd2970d757ddcc0486375af761bbf1d41d034215b838ce7b24b,4,562,True,,,,,,,,,,,567600,0.0005676,1847.38548273432,0,0.0,
0e63ef0f-78d2-4dca-98d8-8f74edad751a,2007,AES-128,encrypt,cuda_optimized_v1,optimized,pipeline,pinned,ECB,1048576,6,1048576:ECB:6,846902b32f21ecd2970d757ddcc0486375af761bbf1d41d034215b838ce7b24b,5,563,True,,5128.012336719883,1257.2853717026378,0.00020448000729084015,0.000834,271100,204480.00729084015,292100,563200,834000,,,,,,
0e63ef0f-78d2-4dca-98d8-8f74edad751a,2007,AES-128,encrypt,cuda_optimized_v1,optimized,resident,pinned,CTR,1048576,7,1048576:CTR:7,6a7d28ddd7cdf47f80ed264e143096c79024d42477ceb9a92155ff80dff283f7,0,564,True,1,4329.8097912464045,,0.00024217599630355836,,,242175.99630355835,,,,,,,,,242175.99630355835
0e63ef0f-78d2-4dca-98d8-8f74edad751a,2007,AES-128,encrypt,cpu_aesni,aesni,transform,bytes,CTR,1048576,7,1048576:CTR:7,6a7d28ddd7cdf47f80ed264e143096c79024d42477ceb9a92155ff80dff283f7,1,565,True,,,,,,,,,,,732800,0.0007328,1430.9170305676855,0,0.0,
0e63ef0f-78d2-4dca-98d8-8f74edad751a,2007,AES-128,encrypt,cuda_baseline,baseline,resident,pinned,CTR,1048576,7,1048576:CTR:7,6a7d28ddd7cdf47f80ed264e143096c79024d42477ceb9a92155ff80dff283f7,2,566,True,1,4315.5538893428575,,0.00024297599494457246,,,242975.99494457245,,,,,,,,,242975.99494457245
0e63ef0f-78d2-4dca-98d8-8f74edad751a,2007,AES-128,encrypt,cuda_optimized_v1,optimized,pipeline,pinned,CTR,1048576,7,1048576:CTR:7,6a7d28ddd7cdf47f80ed264e143096c79024d42477ceb9a92155ff80dff283f7,3,567,True,,3623.9768367079096,891.6462585034013,0.00028934401273727415,0.001176,309100,289344.01273727417,439900,749000,1176000,,,,,,
0e63ef0f-78d2-4dca-98d8-8f74edad751a,2007,AES-128,encrypt,cpu_software,software,transform,bytes,CTR,1048576,7,1048576:CTR:7,6a7d28ddd7cdf47f80ed264e143096c79024d42477ceb9a92155ff80dff283f7,4,568,True,,,,,,,,,,,3965900,0.0039659,264.39799288938195,0,0.0,
0e63ef0f-78d2-4dca-98d8-8f74edad751a,2007,AES-128,encrypt,cuda_baseline,baseline,pipeline,pinned,CTR,1048576,7,1048576:CTR:7,6a7d28ddd7cdf47f80ed264e143096c79024d42477ceb9a92155ff80dff283f7,5,569,True,,4106.7803048481765,1177.9105818917096,0.0002553279995918274,0.0008902,290800,255327.9995918274,243900,534700,890200,,,,,,
0e63ef0f-78d2-4dca-98d8-8f74edad751a,2007,AES-128,encrypt,cuda_optimized_v1,optimized,resident,pinned,ECB,1048576,7,1048576:ECB:7,6c8e9bac64b3d63e5b6e0bba3fe6be300d27264b071f7eaecfdc54e7846b28d5,0,570,True,1,5131.224395113517,,0.000204352006316185,,,204352.006316185,,,,,,,,,204352.006316185
0e63ef0f-78d2-4dca-98d8-8f74edad751a,2007,AES-128,encrypt,cpu_software,software,transform,bytes,ECB,1048576,7,1048576:ECB:7,6c8e9bac64b3d63e5b6e0bba3fe6be300d27264b071f7eaecfdc54e7846b28d5,1,571,True,,,,,,,,,,,3686800,0.0036868,284.41358359553,0,0.0,
0e63ef0f-78d2-4dca-98d8-8f74edad751a,2007,AES-128,encrypt,cuda_baseline,baseline,resident,pinned,ECB,1048576,7,1048576:ECB:7,6c8e9bac64b3d63e5b6e0bba3fe6be300d27264b071f7eaecfdc54e7846b28d5,2,572,True,1,5133.636268096007,,0.00020425599813461305,,,204255.99813461304,,,,,,,,,204255.99813461304
0e63ef0f-78d2-4dca-98d8-8f74edad751a,2007,AES-128,encrypt,cpu_aesni,aesni,transform,bytes,ECB,1048576,7,1048576:ECB:7,6c8e9bac64b3d63e5b6e0bba3fe6be300d27264b071f7eaecfdc54e7846b28d5,3,573,True,,,,,,,,,,,548600,0.0005486,1911.3671162960263,0,0.0,
0e63ef0f-78d2-4dca-98d8-8f74edad751a,2007,AES-128,encrypt,cuda_optimized_v1,optimized,pipeline,pinned,ECB,1048576,7,1048576:ECB:7,6c8e9bac64b3d63e5b6e0bba3fe6be300d27264b071f7eaecfdc54e7846b28d5,4,574,True,,5084.2513985491305,1325.8009862182323,0.00020623999834060668,0.0007909,246100,206239.9983406067,241400,487500,790900,,,,,,
0e63ef0f-78d2-4dca-98d8-8f74edad751a,2007,AES-128,encrypt,cuda_baseline,baseline,pipeline,pinned,ECB,1048576,7,1048576:ECB:7,6c8e9bac64b3d63e5b6e0bba3fe6be300d27264b071f7eaecfdc54e7846b28d5,5,575,True,,6110.012948532316,1470.2411665731913,0.00017161600291728973,0.0007132,241900,171616.00291728973,202200,444100,713200,,,,,,
0e63ef0f-78d2-4dca-98d8-8f74edad751a,2007,AES-128,encrypt,cuda_baseline,baseline,pipeline,pinned,ECB,1048576,8,1048576:ECB:8,d0a06039e77ab8b0ab98d71562c3283f2d2f5c610f5b9e41afb6afca35381813,0,576,True,,4367.31968752744,1203.3233876520542,0.00024009600281715393,0.0008714,249900,240096.00281715393,287800,537700,871400,,,,,,
0e63ef0f-78d2-4dca-98d8-8f74edad751a,2007,AES-128,encrypt,cuda_optimized_v1,optimized,pipeline,pinned,ECB,1048576,8,1048576:ECB:8,d0a06039e77ab8b0ab98d71562c3283f2d2f5c610f5b9e41afb6afca35381813,1,577,True,,4349.349562397314,1298.2245883372539,0.00024108800292015075,0.0008077,243900,241088.00292015076,236300,480200,807700,,,,,,
0e63ef0f-78d2-4dca-98d8-8f74edad751a,2007,AES-128,encrypt,cpu_software,software,transform,bytes,ECB,1048576,8,1048576:ECB:8,d0a06039e77ab8b0ab98d71562c3283f2d2f5c610f5b9e41afb6afca35381813,2,578,True,,,,,,,,,,,3680600,0.0036806,284.8926805412161,0,0.0,
0e63ef0f-78d2-4dca-98d8-8f74edad751a,2007,AES-128,encrypt,cuda_baseline,baseline,resident,pinned,ECB,1048576,8,1048576:ECB:8,d0a06039e77ab8b0ab98d71562c3283f2d2f5c610f5b9e41afb6afca35381813,3,579,True,1,4404.301169302055,,0.0002380799949169159,,,238079.9949169159,,,,,,,,,238079.9949169159
0e63ef0f-78d2-4dca-98d8-8f74edad751a,2007,AES-128,encrypt,cpu_aesni,aesni,transform,bytes,ECB,1048576,8,1048576:ECB:8,d0a06039e77ab8b0ab98d71562c3283f2d2f5c610f5b9e41afb6afca35381813,4,580,True,,,,,,,,,,,564600,0.0005646,1857.2015586255757,0,0.0,
0e63ef0f-78d2-4dca-98d8-8f74edad751a,2007,AES-128,encrypt,cuda_optimized_v1,optimized,resident,pinned,ECB,1048576,8,1048576:ECB:8,d0a06039e77ab8b0ab98d71562c3283f2d2f5c610f5b9e41afb6afca35381813,5,581,True,1,4350.504470160614,,0.00024102400243282318,,,241024.00243282318,,,,,,,,,241024.00243282318
0e63ef0f-78d2-4dca-98d8-8f74edad751a,2007,AES-128,encrypt,cuda_optimized_v1,optimized,resident,pinned,CTR,1048576,8,1048576:CTR:8,0a5724b4629087fa23c24ef8653b6d0505648efd3aec1bb2c74d226f79ded99a,0,582,True,1,4357.446817404116,,0.00024063999950885772,,,240639.99950885773,,,,,,,,,240639.99950885773
0e63ef0f-78d2-4dca-98d8-8f74edad751a,2007,AES-128,encrypt,cpu_software,software,transform,bytes,CTR,1048576,8,1048576:CTR:8,0a5724b4629087fa23c24ef8653b6d0505648efd3aec1bb2c74d226f79ded99a,1,583,True,,,,,,,,,,,4042800,0.0040428,259.3687543286831,15625000,3.8648956168991786,
0e63ef0f-78d2-4dca-98d8-8f74edad751a,2007,AES-128,encrypt,cuda_optimized_v1,optimized,pipeline,pinned,CTR,1048576,8,1048576:CTR:8,0a5724b4629087fa23c24ef8653b6d0505648efd3aec1bb2c74d226f79ded99a,2,584,True,,4316.6909165720945,1212.64716086504,0.00024291199445724488,0.0008647,243700,242911.99445724487,288100,531800,864700,,,,,,
0e63ef0f-78d2-4dca-98d8-8f74edad751a,2007,AES-128,encrypt,cpu_aesni,aesni,transform,bytes,CTR,1048576,8,1048576:CTR:8,0a5724b4629087fa23c24ef8653b6d0505648efd3aec1bb2c74d226f79ded99a,3,585,True,,,,,,,,,,,805200,0.0008052,1302.2553402881272,0,0.0,
0e63ef0f-78d2-4dca-98d8-8f74edad751a,2007,AES-128,encrypt,cuda_baseline,baseline,resident,pinned,CTR,1048576,8,1048576:CTR:8,0a5724b4629087fa23c24ef8653b6d0505648efd3aec1bb2c74d226f79ded99a,4,586,True,1,4274.458556551118,,0.0002453120052814484,,,245312.00528144836,,,,,,,,,245312.00528144836
0e63ef0f-78d2-4dca-98d8-8f74edad751a,2007,AES-128,encrypt,cuda_baseline,baseline,pipeline,pinned,CTR,1048576,8,1048576:CTR:8,0a5724b4629087fa23c24ef8653b6d0505648efd3aec1bb2c74d226f79ded99a,5,587,True,,5976.290271795186,1551.377422695665,0.0001754560023546219,0.0006759,244100,175456.0023546219,203400,447500,675900,,,,,,
0e63ef0f-78d2-4dca-98d8-8f74edad751a,2007,AES-128,encrypt,cuda_optimized_v1,optimized,resident,pinned,ECB,1048576,9,1048576:ECB:9,a30a5c8fa3aef9188e70b4b1dce1f947e95b2506507ce73106d80493a3f55483,0,588,True,1,3965.15024213171,,0.00026444798707962036,,,264447.98707962036,,,,,,,,,264447.98707962036
0e63ef0f-78d2-4dca-98d8-8f74edad751a,2007,AES-128,encrypt,cuda_optimized_v1,optimized,pipeline,pinned,ECB,1048576,9,1048576:ECB:9,a30a5c8fa3aef9188e70b4b1dce1f947e95b2506507ce73106d80493a3f55483,1,589,True,,5819.215262515547,1564.5717696210086,0.0001801919937133789,0.0006702,216900,180191.9937133789,207400,424300,670200,,,,,,
0e63ef0f-78d2-4dca-98d8-8f74edad751a,2007,AES-128,encrypt,cuda_baseline,baseline,pipeline,pinned,ECB,1048576,9,1048576:ECB:9,a30a5c8fa3aef9188e70b4b1dce1f947e95b2506507ce73106d80493a3f55483,2,590,True,,5894.585159190481,1561.3103037522335,0.00017788800597190856,0.0006716,218700,177888.00597190857,211600,430300,671600,,,,,,
0e63ef0f-78d2-4dca-98d8-8f74edad751a,2007,AES-128,encrypt,cuda_baseline,baseline,resident,pinned,ECB,1048576,9,1048576:ECB:9,a30a5c8fa3aef9188e70b4b1dce1f947e95b2506507ce73106d80493a3f55483,3,591,True,1,6021.315699157138,,0.00017414399981498718,,,174143.99981498718,,,,,,,,,174143.99981498718
0e63ef0f-78d2-4dca-98d8-8f74edad751a,2007,AES-128,encrypt,cpu_aesni,aesni,transform,bytes,ECB,1048576,9,1048576:ECB:9,a30a5c8fa3aef9188e70b4b1dce1f947e95b2506507ce73106d80493a3f55483,4,592,True,,,,,,,,,,,584700,0.0005847,1793.3572772361895,0,0.0,
0e63ef0f-78d2-4dca-98d8-8f74edad751a,2007,AES-128,encrypt,cpu_software,software,transform,bytes,ECB,1048576,9,1048576:ECB:9,a30a5c8fa3aef9188e70b4b1dce1f947e95b2506507ce73106d80493a3f55483,5,593,True,,,,,,,,,,,3774200,0.0037742,277.82735414127495,0,0.0,
0e63ef0f-78d2-4dca-98d8-8f74edad751a,2007,AES-128,encrypt,cuda_baseline,baseline,resident,pinned,CTR,1048576,9,1048576:CTR:9,15e7bb4b67cd44a96b72e0f15b6183897811d414a866732b194f51623ef0b2b9,0,594,True,1,3679.730466445875,,0.00028496000170707703,,,284960.001707077,,,,,,,,,284960.001707077
0e63ef0f-78d2-4dca-98d8-8f74edad751a,2007,AES-128,encrypt,cuda_optimized_v1,optimized,pipeline,pinned,CTR,1048576,9,1048576:CTR:9,15e7bb4b67cd44a96b72e0f15b6183897811d414a866732b194f51623ef0b2b9,1,595,True,,3553.2422830180467,1224.6858210698435,0.0002951039969921112,0.0008562,245000,295103.9969921112,214500,459500,856200,,,,,,
0e63ef0f-78d2-4dca-98d8-8f74edad751a,2007,AES-128,encrypt,cpu_aesni,aesni,transform,bytes,CTR,1048576,9,1048576:CTR:9,15e7bb4b67cd44a96b72e0f15b6183897811d414a866732b194f51623ef0b2b9,2,596,True,,,,,,,,,,,731800,0.0007318,1432.8723694998635,0,0.0,
0e63ef0f-78d2-4dca-98d8-8f74edad751a,2007,AES-128,encrypt,cuda_baseline,baseline,pipeline,pinned,CTR,1048576,9,1048576:CTR:9,15e7bb4b67cd44a96b72e0f15b6183897811d414a866732b194f51623ef0b2b9,3,597,True,,4691.867061549567,1335.0853068500128,0.00022348800301551819,0.0007854,260500,223488.0030155182,208700,469200,785400,,,,,,
0e63ef0f-78d2-4dca-98d8-8f74edad751a,2007,AES-128,encrypt,cuda_optimized_v1,optimized,resident,pinned,CTR,1048576,9,1048576:CTR:9,15e7bb4b67cd44a96b72e0f15b6183897811d414a866732b194f51623ef0b2b9,4,598,True,1,4403.117526520325,,0.00023814399540424347,,,238143.99540424347,,,,,,,,,238143.99540424347
0e63ef0f-78d2-4dca-98d8-8f74edad751a,2007,AES-128,encrypt,cpu_software,software,transform,bytes,CTR,1048576,9,1048576:CTR:9,15e7bb4b67cd44a96b72e0f15b6183897811d414a866732b194f51623ef0b2b9,5,599,True,,,,,,,,,,,4185700,0.0041857,250.51389253888237,15625000,3.732947894020116,
0e63ef0f-78d2-4dca-98d8-8f74edad751a,2007,AES-128,encrypt,cuda_optimized_v1,optimized,pipeline,pinned,CTR,1048576,10,1048576:CTR:10,1a56a6b3a9c75919c88847dc584f64c039399a99f8b62b1324d6ea503f2669a1,0,600,True,,4987.518872936986,1255.0281268701376,0.0002102400064468384,0.0008355,247400,210240.00644683838,283800,531200,835500,,,,,,
0e63ef0f-78d2-4dca-98d8-8f74edad751a,2007,AES-128,encrypt,cuda_baseline,baseline,resident,pinned,CTR,1048576,10,1048576:CTR:10,1a56a6b3a9c75919c88847dc584f64c039399a99f8b62b1324d6ea503f2669a1,1,601,True,1,4257.796297730373,,0.0002462719976902008,,,246271.9976902008,,,,,,,,,246271.9976902008
0e63ef0f-78d2-4dca-98d8-8f74edad751a,2007,AES-128,encrypt,cpu_aesni,aesni,transform,bytes,CTR,1048576,10,1048576:CTR:10,1a56a6b3a9c75919c88847dc584f64c039399a99f8b62b1324d6ea503f2669a1,2,602,True,,,,,,,,,,,762100,0.0007621,1375.9034247474085,0,0.0,
0e63ef0f-78d2-4dca-98d8-8f74edad751a,2007,AES-128,encrypt,cpu_software,software,transform,bytes,CTR,1048576,10,1048576:CTR:10,1a56a6b3a9c75919c88847dc584f64c039399a99f8b62b1324d6ea503f2669a1,3,603,True,,,,,,,,,,,3953400,0.0039534,265.233975818283,0,0.0,
0e63ef0f-78d2-4dca-98d8-8f74edad751a,2007,AES-128,encrypt,cuda_baseline,baseline,pipeline,pinned,CTR,1048576,10,1048576:CTR:10,1a56a6b3a9c75919c88847dc584f64c039399a99f8b62b1324d6ea503f2669a1,4,604,True,,4397.208842819443,1128.1075847229692,0.00023846399784088136,0.0009295,304400,238463.99784088135,280600,585000,929500,,,,,,
0e63ef0f-78d2-4dca-98d8-8f74edad751a,2007,AES-128,encrypt,cuda_optimized_v1,optimized,resident,pinned,CTR,1048576,10,1048576:CTR:10,1a56a6b3a9c75919c88847dc584f64c039399a99f8b62b1324d6ea503f2669a1,5,605,True,1,5838.916719950865,,0.00017958399653434753,,,179583.99653434753,,,,,,,,,179583.99653434753
0e63ef0f-78d2-4dca-98d8-8f74edad751a,2007,AES-128,encrypt,cuda_baseline,baseline,resident,pinned,ECB,1048576,10,1048576:ECB:10,eedce1a989485ff700cbcff486194ad9f02cbd8e84442fe2aaa295f8045ecb83,0,606,True,1,5038.130253825775,,0.00020812800526618958,,,208128.00526618958,,,,,,,,,208128.00526618958
0e63ef0f-78d2-4dca-98d8-8f74edad751a,2007,AES-128,encrypt,cpu_software,software,transform,bytes,ECB,1048576,10,1048576:ECB:10,eedce1a989485ff700cbcff486194ad9f02cbd8e84442fe2aaa295f8045ecb83,1,607,True,,,,,,,,,,,3835300,0.0038353,273.4012984642662,0,0.0,
0e63ef0f-78d2-4dca-98d8-8f74edad751a,2007,AES-128,encrypt,cuda_optimized_v1,optimized,pipeline,pinned,ECB,1048576,10,1048576:ECB:10,eedce1a989485ff700cbcff486194ad9f02cbd8e84442fe2aaa295f8045ecb83,2,608,True,,5014.2309347631,1325.6333754740836,0.0002091200053691864,0.000791,245400,209120.0053691864,240400,485800,791000,,,,,,
0e63ef0f-78d2-4dca-98d8-8f74edad751a,2007,AES-128,encrypt,cuda_baseline,baseline,pipeline,pinned,ECB,1048576,10,1048576:ECB:10,eedce1a989485ff700cbcff486194ad9f02cbd8e84442fe2aaa295f8045ecb83,3,609,True,,5030.396243717719,1358.9631933644375,0.00020844799280166627,0.0007716,240000,208447.99280166626,237000,477000,771600,,,,,,
0e63ef0f-78d2-4dca-98d8-8f74edad751a,2007,AES-128,encrypt,cuda_optimized_v1,optimized,resident,pinned,ECB,1048576,10,1048576:ECB:10,eedce1a989485ff700cbcff486194ad9f02cbd8e84442fe2aaa295f8045ecb83,4,610,True,1,5874.50688805229,,0.00017849600315093995,,,178496.00315093994,,,,,,,,,178496.00315093994
0e63ef0f-78d2-4dca-98d8-8f74edad751a,2007,AES-128,encrypt,cpu_aesni,aesni,transform,bytes,ECB,1048576,10,1048576:ECB:10,eedce1a989485ff700cbcff486194ad9f02cbd8e84442fe2aaa295f8045ecb83,5,611,True,,,,,,,,,,,576000,0.000576,1820.4444444444443,0,0.0,
0e63ef0f-78d2-4dca-98d8-8f74edad751a,2007,AES-128,encrypt,cpu_software,software,transform,bytes,ECB,1048576,11,1048576:ECB:11,146b5f9a1bc8cb9d7394dd219cce7504cb10e06267749d9fd186c2d8c046bec7,0,612,True,,,,,,,,,,,3873300,0.0038733,270.7190251206981,0,0.0,
0e63ef0f-78d2-4dca-98d8-8f74edad751a,2007,AES-128,encrypt,cuda_optimized_v1,optimized,resident,pinned,ECB,1048576,11,1048576:ECB:11,146b5f9a1bc8cb9d7394dd219cce7504cb10e06267749d9fd186c2d8c046bec7,1,613,True,1,4933.453913880002,,0.0002125439941883087,,,212543.99418830872,,,,,,,,,212543.99418830872
0e63ef0f-78d2-4dca-98d8-8f74edad751a,2007,AES-128,encrypt,cuda_baseline,baseline,pipeline,pinned,ECB,1048576,11,1048576:ECB:11,146b5f9a1bc8cb9d7394dd219cce7504cb10e06267749d9fd186c2d8c046bec7,2,614,True,,4195.646679680777,1124.1166380789023,0.00024991999566555026,0.0009328,291200,249919.99566555023,279500,570700,932800,,,,,,
0e63ef0f-78d2-4dca-98d8-8f74edad751a,2007,AES-128,encrypt,cuda_baseline,baseline,resident,pinned,ECB,1048576,11,1048576:ECB:11,146b5f9a1bc8cb9d7394dd219cce7504cb10e06267749d9fd186c2d8c046bec7,3,615,True,1,2700.0658731775957,,0.0003883520066738129,,,388352.00667381287,,,,,,,,,388352.00667381287
0e63ef0f-78d2-4dca-98d8-8f74edad751a,2007,AES-128,encrypt,cpu_aesni,aesni,transform,bytes,ECB,1048576,11,1048576:ECB:11,146b5f9a1bc8cb9d7394dd219cce7504cb10e06267749d9fd186c2d8c046bec7,4,616,True,,,,,,,,,,,611900,0.0006119,1713.6394835757476,0,0.0,
0e63ef0f-78d2-4dca-98d8-8f74edad751a,2007,AES-128,encrypt,cuda_optimized_v1,optimized,pipeline,pinned,ECB,1048576,11,1048576:ECB:11,146b5f9a1bc8cb9d7394dd219cce7504cb10e06267749d9fd186c2d8c046bec7,5,617,True,,4494.924495013911,1232.1692126909518,0.0002332800030708313,0.000851,263200,233280.0030708313,256600,519800,851000,,,,,,
0e63ef0f-78d2-4dca-98d8-8f74edad751a,2007,AES-128,encrypt,cuda_baseline,baseline,pipeline,pinned,CTR,1048576,11,1048576:CTR:11,125f49b6fa237b3534444350f78b6fdb21726834ac1753729b2d599e03b2977d,0,618,True,,4897.324794863987,1303.55047240179,0.00021411199867725372,0.0008044,226600,214111.99867725372,262000,488600,804400,,,,,,
0e63ef0f-78d2-4dca-98d8-8f74edad751a,2007,AES-128,encrypt,cuda_optimized_v1,optimized,pipeline,pinned,CTR,1048576,11,1048576:CTR:11,125f49b6fa237b3534444350f78b6fdb21726834ac1753729b2d599e03b2977d,1,619,True,,4878.368205426156,1333.7267870770797,0.0002149440050125122,0.0007862,244300,214944.0050125122,237400,481700,786200,,,,,,
0e63ef0f-78d2-4dca-98d8-8f74edad751a,2007,AES-128,encrypt,cpu_aesni,aesni,transform,bytes,CTR,1048576,11,1048576:CTR:11,125f49b6fa237b3534444350f78b6fdb21726834ac1753729b2d599e03b2977d,2,620,True,,,,,,,,,,,754700,0.0007547,1389.3944613753808,0,0.0,
0e63ef0f-78d2-4dca-98d8-8f74edad751a,2007,AES-128,encrypt,cuda_baseline,baseline,resident,pinned,CTR,1048576,11,1048576:CTR:11,125f49b6fa237b3534444350f78b6fdb21726834ac1753729b2d599e03b2977d,3,621,True,1,4931.226431121058,,0.00021264000236988068,,,212640.00236988068,,,,,,,,,212640.00236988068
0e63ef0f-78d2-4dca-98d8-8f74edad751a,2007,AES-128,encrypt,cuda_optimized_v1,optimized,resident,pinned,CTR,1048576,11,1048576:CTR:11,125f49b6fa237b3534444350f78b6fdb21726834ac1753729b2d599e03b2977d,4,622,True,1,4902.453519227025,,0.00021388800442218782,,,213888.0044221878,,,,,,,,,213888.0044221878
0e63ef0f-78d2-4dca-98d8-8f74edad751a,2007,AES-128,encrypt,cpu_software,software,transform,bytes,CTR,1048576,11,1048576:CTR:11,125f49b6fa237b3534444350f78b6fdb21726834ac1753729b2d599e03b2977d,5,623,True,,,,,,,,,,,3985500,0.0039855,263.0977292685987,0,0.0,
0e63ef0f-78d2-4dca-98d8-8f74edad751a,2007,AES-128,encrypt,cpu_software,software,transform,bytes,ECB,1048576,12,1048576:ECB:12,085961cdadc9675111130af1a94de2eb278112fa957167a527efd9d56b9fd2bc,0,624,True,,,,,,,,,,,3725000,0.003725,281.4969127516778,0,0.0,
0e63ef0f-78d2-4dca-98d8-8f74edad751a,2007,AES-128,encrypt,cuda_optimized_v1,optimized,resident,pinned,ECB,1048576,12,1048576:ECB:12,085961cdadc9675111130af1a94de2eb278112fa957167a527efd9d56b9fd2bc,1,625,True,1,4100.613149495161,,0.00025571200251579287,,,255712.00251579285,,,,,,,,,255712.00251579285
0e63ef0f-78d2-4dca-98d8-8f74edad751a,2007,AES-128,encrypt,cpu_aesni,aesni,transform,bytes,ECB,1048576,12,1048576:ECB:12,085961cdadc9675111130af1a94de2eb278112fa957167a527efd9d56b9fd2bc,2,626,True,,,,,,,,,,,658000,0.000658,1593.580547112462,0,0.0,
0e63ef0f-78d2-4dca-98d8-8f74edad751a,2007,AES-128,encrypt,cuda_baseline,baseline,pipeline,pinned,ECB,1048576,12,1048576:ECB:12,085961cdadc9675111130af1a94de2eb278112fa957167a527efd9d56b9fd2bc,3,627,True,,4921.598121692724,1362.8489732258904,0.00021305599808692932,0.0007694,253100,213055.99808692932,229800,482900,769400,,,,,,
0e63ef0f-78d2-4dca-98d8-8f74edad751a,2007,AES-128,encrypt,cuda_baseline,baseline,resident,pinned,ECB,1048576,12,1048576:ECB:12,085961cdadc9675111130af1a94de2eb278112fa957167a527efd9d56b9fd2bc,4,628,True,1,4785.046735968962,,0.00021913599967956544,,,219135.99967956543,,,,,,,,,219135.99967956543
0e63ef0f-78d2-4dca-98d8-8f74edad751a,2007,AES-128,encrypt,cuda_optimized_v1,optimized,pipeline,pinned,ECB,1048576,12,1048576:ECB:12,085961cdadc9675111130af1a94de2eb278112fa957167a527efd9d56b9fd2bc,5,629,True,,5780.208054869339,1571.6067146282974,0.00018140800297260283,0.0006672,208400,181408.00297260284,214100,422500,667200,,,,,,
0e63ef0f-78d2-4dca-98d8-8f74edad751a,2007,AES-128,encrypt,cuda_optimized_v1,optimized,pipeline,pinned,CTR,1048576,12,1048576:CTR:12,021e35b930895f3c09b0c7beef67a0dc4106581bf0bcc700fdf26e0a8a294f75,0,630,True,,4806.101335874413,1277.0381195956643,0.00021817600727081299,0.0008211,245700,218176.007270813,252700,498400,821100,,,,,,
0e63ef0f-78d2-4dca-98d8-8f74edad751a,2007,AES-128,encrypt,cuda_baseline,baseline,resident,pinned,CTR,1048576,12,1048576:CTR:12,021e35b930895f3c09b0c7beef67a0dc4106581bf0bcc700fdf26e0a8a294f75,1,631,True,1,5716.678422826957,,0.0001834239959716797,,,183423.9959716797,,,,,,,,,183423.9959716797
0e63ef0f-78d2-4dca-98d8-8f74edad751a,2007,AES-128,encrypt,cpu_aesni,aesni,transform,bytes,CTR,1048576,12,1048576:CTR:12,021e35b930895f3c09b0c7beef67a0dc4106581bf0bcc700fdf26e0a8a294f75,2,632,True,,,,,,,,,,,719500,0.0007195,1457.367616400278,0,0.0,
0e63ef0f-78d2-4dca-98d8-8f74edad751a,2007,AES-128,encrypt,cpu_software,software,transform,bytes,CTR,1048576,12,1048576:CTR:12,021e35b930895f3c09b0c7beef67a0dc4106581bf0bcc700fdf26e0a8a294f75,3,633,True,,,,,,,,,,,3986600,0.0039866,263.0251341995685,0,0.0,
0e63ef0f-78d2-4dca-98d8-8f74edad751a,2007,AES-128,encrypt,cuda_optimized_v1,optimized,resident,pinned,CTR,1048576,12,1048576:CTR:12,021e35b930895f3c09b0c7beef67a0dc4106581bf0bcc700fdf26e0a8a294f75,4,634,True,1,4659.178313231084,,0.000225055992603302,,,225055.992603302,,,,,,,,,225055.992603302
0e63ef0f-78d2-4dca-98d8-8f74edad751a,2007,AES-128,encrypt,cuda_baseline,baseline,pipeline,pinned,CTR,1048576,12,1048576:CTR:12,021e35b930895f3c09b0c7beef67a0dc4106581bf0bcc700fdf26e0a8a294f75,5,635,True,,4205.87860337857,1287.3861264579496,0.00024931199848651883,0.0008145,239200,249311.99848651886,240300,479500,814500,,,,,,
0e63ef0f-78d2-4dca-98d8-8f74edad751a,2007,AES-128,encrypt,cuda_baseline,baseline,pipeline,pinned,ECB,1048576,13,1048576:ECB:13,d1e48e4e16f7bcf438604ccc412d1a59a04e38612f5a095bef14112e7e573f34,0,636,True,,4429.305225405997,1248.453387308013,0.000236735999584198,0.0008399,252900,236735.999584198,256300,509200,839900,,,,,,
0e63ef0f-78d2-4dca-98d8-8f74edad751a,2007,AES-128,encrypt,cuda_optimized_v1,optimized,resident,pinned,ECB,1048576,13,1048576:ECB:13,d1e48e4e16f7bcf438604ccc412d1a59a04e38612f5a095bef14112e7e573f34,1,637,True,1,4390.727716840991,,0.00023881599307060242,,,238815.99307060242,,,,,,,,,238815.99307060242
0e63ef0f-78d2-4dca-98d8-8f74edad751a,2007,AES-128,encrypt,cuda_optimized_v1,optimized,pipeline,pinned,ECB,1048576,13,1048576:ECB:13,d1e48e4e16f7bcf438604ccc412d1a59a04e38612f5a095bef14112e7e573f34,2,638,True,,6117.9987290527615,1657.0417193426042,0.00017139199376106263,0.0006328,206900,171391.99376106262,202400,409300,632800,,,,,,
0e63ef0f-78d2-4dca-98d8-8f74edad751a,2007,AES-128,encrypt,cpu_aesni,aesni,transform,bytes,ECB,1048576,13,1048576:ECB:13,d1e48e4e16f7bcf438604ccc412d1a59a04e38612f5a095bef14112e7e573f34,3,639,True,,,,,,,,,,,532300,0.0005323,1969.8966748074395,0,0.0,
0e63ef0f-78d2-4dca-98d8-8f74edad751a,2007,AES-128,encrypt,cuda_baseline,baseline,resident,pinned,ECB,1048576,13,1048576:ECB:13,d1e48e4e16f7bcf438604ccc412d1a59a04e38612f5a095bef14112e7e573f34,4,640,True,1,6184.975662004077,,0.00016953599452972413,,,169535.99452972412,,,,,,,,,169535.99452972412
0e63ef0f-78d2-4dca-98d8-8f74edad751a,2007,AES-128,encrypt,cpu_software,software,transform,bytes,ECB,1048576,13,1048576:ECB:13,d1e48e4e16f7bcf438604ccc412d1a59a04e38612f5a095bef14112e7e573f34,5,641,True,,,,,,,,,,,3746300,0.0037463,279.8964311453968,0,0.0,
0e63ef0f-78d2-4dca-98d8-8f74edad751a,2007,AES-128,encrypt,cuda_optimized_v1,optimized,resident,pinned,CTR,1048576,13,1048576:CTR:13,4383017338280b45e6c9079a954f47b19532252700341f6e468126128f3123dd,0,642,True,1,4320.675101885757,,0.00024268800020217895,,,242688.00020217896,,,,,,,,,242688.00020217896
0e63ef0f-78d2-4dca-98d8-8f74edad751a,2007,AES-128,encrypt,cpu_software,software,transform,bytes,CTR,1048576,13,1048576:CTR:13,4383017338280b45e6c9079a954f47b19532252700341f6e468126128f3123dd,1,643,True,,,,,,,,,,,4010500,0.0040105,261.4576736067822,0,0.0,
0e63ef0f-78d2-4dca-98d8-8f74edad751a,2007,AES-128,encrypt,cuda_baseline,baseline,pipeline,pinned,CTR,1048576,13,1048576:CTR:13,4383017338280b45e6c9079a954f47b19532252700341f6e468126128f3123dd,2,644,True,,4269.446253657201,1275.0194552529183,0.0002456000000238419,0.0008224,247500,245600.00002384186,240300,487800,822400,,,,,,
0e63ef0f-78d2-4dca-98d8-8f74edad751a,2007,AES-128,encrypt,cuda_baseline,baseline,resident,pinned,CTR,1048576,13,1048576:CTR:13,4383017338280b45e6c9079a954f47b19532252700341f6e468126128f3123dd,3,645,True,1,4960.339078227783,,0.00021139200031757355,,,211392.00031757355,,,,,,,,,211392.00031757355
0e63ef0f-78d2-4dca-98d8-8f74edad751a,2007,AES-128,encrypt,cpu_aesni,aesni,transform,bytes,CTR,1048576,13,1048576:CTR:13,4383017338280b45e6c9079a954f47b19532252700341f6e468126128f3123dd,4,646,True,,,,,,,,,,,700100,0.0007001,1497.7517497500357,0,0.0,
0e63ef0f-78d2-4dca-98d8-8f74edad751a,2007,AES-128,encrypt,cuda_optimized_v1,optimized,pipeline,pinned,CTR,1048576,13,1048576:CTR:13,4383017338280b45e6c9079a954f47b19532252700341f6e468126128f3123dd,5,647,True,,4987.518872936986,1324.9633560778368,0.0002102400064468384,0.0007914,244200,210240.00644683838,241500,485700,791400,,,,,,
0e63ef0f-78d2-4dca-98d8-8f74edad751a,2007,AES-128,encrypt,cuda_optimized_v1,optimized,resident,pinned,ECB,1048576,14,1048576:ECB:14,658043a645af4530ed2337349eaa86c5387e7c97690c1519dce508e87ed79a10,0,648,True,1,4417.958803677023,,0.00023734399676322938,,,237343.99676322937,,,,,,,,,237343.99676322937
0e63ef0f-78d2-4dca-98d8-8f74edad751a,2007,AES-128,encrypt,cpu_software,software,transform,bytes,ECB,1048576,14,1048576:ECB:14,658043a645af4530ed2337349eaa86c5387e7c97690c1519dce508e87ed79a10,1,649,True,,,,,,,,,,,4091600,0.0040916,256.27529572783266,0,0.0,
0e63ef0f-78d2-4dca-98d8-8f74edad751a,2007,AES-128,encrypt,cpu_aesni,aesni,transform,bytes,ECB,1048576,14,1048576:ECB:14,658043a645af4530ed2337349eaa86c5387e7c97690c1519dce508e87ed79a10,2,650,True,,,,,,,,,,,574200,0.0005742,1826.151166840822,0,0.0,
0e63ef0f-78d2-4dca-98d8-8f74edad751a,2007,AES-128,encrypt,cuda_baseline,baseline,resident,pinned,ECB,1048576,14,1048576:ECB:14,658043a645af4530ed2337349eaa86c5387e7c97690c1519dce508e87ed79a10,3,651,True,1,4848.054438185686,,0.0002162880003452301,,,216288.0003452301,,,,,,,,,216288.0003452301
0e63ef0f-78d2-4dca-98d8-8f74edad751a,2007,AES-128,encrypt,cuda_baseline,baseline,pipeline,pinned,ECB,1048576,14,1048576:ECB:14,658043a645af4530ed2337349eaa86c5387e7c97690c1519dce508e87ed79a10,4,652,True,,4699.942625724807,1268.8480154888673,0.00022310400009155273,0.0008264,246600,223104.00009155273,252300,498900,826400,,,,,,
0e63ef0f-78d2-4dca-98d8-8f74edad751a,2007,AES-128,encrypt,cuda_optimized_v1,optimized,pipeline,pinned,ECB,1048576,14,1048576:ECB:14,658043a645af4530ed2337349eaa86c5387e7c97690c1519dce508e87ed79a10,5,653,True,,5910.534081566154,1582.278557416629,0.00017740799486637115,0.0006627,209300,177407.99486637115,211200,420500,662700,,,,,,
0e63ef0f-78d2-4dca-98d8-8f74edad751a,2007,AES-128,encrypt,cuda_optimized_v1,optimized,resident,pinned,CTR,1048576,14,1048576:CTR:14,278603ceb8af839d51e36c9f0338abe6d75d2883148d92bd7a91efab96ee5240,0,654,True,1,4965.600706053985,,0.00021116800606250764,,,211168.00606250763,,,,,,,,,211168.00606250763
0e63ef0f-78d2-4dca-98d8-8f74edad751a,2007,AES-128,encrypt,cuda_baseline,baseline,pipeline,pinned,CTR,1048576,14,1048576:CTR:14,278603ceb8af839d51e36c9f0338abe6d75d2883148d92bd7a91efab96ee5240,1,655,True,,4952.841531697907,1230.7230046948357,0.00021171200275421143,0.000852,266100,211712.00275421143,262300,528400,852000,,,,,,
0e63ef0f-78d2-4dca-98d8-8f74edad751a,2007,AES-128,encrypt,cpu_aesni,aesni,transform,bytes,CTR,1048576,14,1048576:CTR:14,278603ceb8af839d51e36c9f0338abe6d75d2883148d92bd7a91efab96ee5240,2,656,True,,,,,,,,,,,804000,0.000804,1304.1990049751244,0,0.0,
0e63ef0f-78d2-4dca-98d8-8f74edad751a,2007,AES-128,encrypt,cpu_software,software,transform,bytes,CTR,1048576,14,1048576:CTR:14,278603ceb8af839d51e36c9f0338abe6d75d2883148d92bd7a91efab96ee5240,3,657,True,,,,,,,,,,,3968000,0.003968,264.258064516129,0,0.0,
0e63ef0f-78d2-4dca-98d8-8f74edad751a,2007,AES-128,encrypt,cuda_baseline,baseline,resident,pinned,CTR,1048576,14,1048576:CTR:14,278603ceb8af839d51e36c9f0338abe6d75d2883148d92bd7a91efab96ee5240,4,658,True,1,4947.606894519667,,0.00021193599700927734,,,211935.99700927734,,,,,,,,,211935.99700927734
0e63ef0f-78d2-4dca-98d8-8f74edad751a,2007,AES-128,encrypt,cuda_optimized_v1,optimized,pipeline,pinned,CTR,1048576,14,1048576:CTR:14,278603ceb8af839d51e36c9f0338abe6d75d2883148d92bd7a91efab96ee5240,5,659,True,,4094.46448881319,1119.9145573000108,0.0002560960054397583,0.0009363,240600,256096.0054397583,323700,564300,936300,,,,,,
0e63ef0f-78d2-4dca-98d8-8f74edad751a,2007,AES-128,encrypt,cuda_optimized_v1,optimized,resident,pinned,CTR,1048576,15,1048576:CTR:15,66d054e5c0f791706122c9b789b7860864fa68c36bceedc4fe457e08030a9d6e,0,660,True,1,4287.882763138784,,0.00024454399943351745,,,244543.99943351746,,,,,,,,,244543.99943351746
0e63ef0f-78d2-4dca-98d8-8f74edad751a,2007,AES-128,encrypt,cuda_optimized_v1,optimized,pipeline,pinned,CTR,1048576,15,1048576:CTR:15,66d054e5c0f791706122c9b789b7860864fa68c36bceedc4fe457e08030a9d6e,1,661,True,,4172.141725248684,1279.3753050268424,0.0002513279914855957,0.0008196,239800,251327.9914855957,242700,482500,819600,,,,,,
0e63ef0f-78d2-4dca-98d8-8f74edad751a,2007,AES-128,encrypt,cpu_software,software,transform,bytes,CTR,1048576,15,1048576:CTR:15,66d054e5c0f791706122c9b789b7860864fa68c36bceedc4fe457e08030a9d6e,2,662,True,,,,,,,,,,,4013500,0.0040135,261.2622399402018,15625000,3.8931107512146506,
0e63ef0f-78d2-4dca-98d8-8f74edad751a,2007,AES-128,encrypt,cuda_baseline,baseline,resident,pinned,CTR,1048576,15,1048576:CTR:15,66d054e5c0f791706122c9b789b7860864fa68c36bceedc4fe457e08030a9d6e,3,663,True,1,4324.666648577598,,0.00024246400594711304,,,242464.00594711304,,,,,,,,,242464.00594711304
0e63ef0f-78d2-4dca-98d8-8f74edad751a,2007,AES-128,encrypt,cpu_aesni,aesni,transform,bytes,CTR,1048576,15,1048576:CTR:15,66d054e5c0f791706122c9b789b7860864fa68c36bceedc4fe457e08030a9d6e,4,664,True,,,,,,,,,,,788600,0.0007886,1329.6677656606644,0,0.0,
0e63ef0f-78d2-4dca-98d8-8f74edad751a,2007,AES-128,encrypt,cuda_baseline,baseline,pipeline,pinned,CTR,1048576,15,1048576:CTR:15,66d054e5c0f791706122c9b789b7860864fa68c36bceedc4fe457e08030a9d6e,5,665,True,,5054.450278151571,1351.0836232444274,0.00020745599269866944,0.0007761,240600,207455.99269866943,237900,478500,776100,,,,,,
0e63ef0f-78d2-4dca-98d8-8f74edad751a,2007,AES-128,encrypt,cuda_optimized_v1,optimized,resident,pinned,ECB,1048576,15,1048576:ECB:15,90b88083fb055c00c1fd381cdbf93af9fb9f4444178734641b53abb74b68759a,0,666,True,1,4443.11861713588,,0.00023600000143051146,,,236000.00143051147,,,,,,,,,236000.00143051147
0e63ef0f-78d2-4dca-98d8-8f74edad751a,2007,AES-128,encrypt,cuda_optimized_v1,optimized,pipeline,pinned,ECB,1048576,15,1048576:ECB:15,90b88083fb055c00c1fd381cdbf93af9fb9f4444178734641b53abb74b68759a,1,667,True,,4413.198677112029,1307.4513715710723,0.00023759999871253968,0.000802,245100,237599.99871253967,234700,479800,802000,,,,,,
0e63ef0f-78d2-4dca-98d8-8f74edad751a,2007,AES-128,encrypt,cpu_software,software,transform,bytes,ECB,1048576,15,1048576:ECB:15,90b88083fb055c00c1fd381cdbf93af9fb9f4444178734641b53abb74b68759a,2,668,True,,,,,,,,,,,3783200,0.0037832,277.166419961937,0,0.0,
0e63ef0f-78d2-4dca-98d8-8f74edad751a,2007,AES-128,encrypt,cuda_baseline,baseline,resident,pinned,ECB,1048576,15,1048576:ECB:15,90b88083fb055c00c1fd381cdbf93af9fb9f4444178734641b53abb74b68759a,3,669,True,1,4378.992420335017,,0.00023945599794387819,,,239455.99794387817,,,,,,,,,239455.99794387817
0e63ef0f-78d2-4dca-98d8-8f74edad751a,2007,AES-128,encrypt,cuda_baseline,baseline,pipeline,pinned,ECB,1048576,15,1048576:ECB:15,90b88083fb055c00c1fd381cdbf93af9fb9f4444178734641b53abb74b68759a,4,670,True,,6177.979029760269,1571.8423025033728,0.00016972799599170686,0.0006671,239000,169727.99599170685,203900,442900,667100,,,,,,
0e63ef0f-78d2-4dca-98d8-8f74edad751a,2007,AES-128,encrypt,cpu_aesni,aesni,transform,bytes,ECB,1048576,15,1048576:ECB:15,90b88083fb055c00c1fd381cdbf93af9fb9f4444178734641b53abb74b68759a,5,671,True,,,,,,,,,,,617800,0.0006178,1697.2741987698284,0,0.0,
0e63ef0f-78d2-4dca-98d8-8f74edad751a,2007,AES-128,encrypt,cuda_baseline,baseline,pipeline,pinned,CTR,1048576,16,1048576:CTR:16,aa7641746b82e16ac9d4c7fbd0f8f6e62c8c1d4d1aa737eb283d494fca75140e,0,672,True,,4303.086009056149,1211.9463707813222,0.00024368000030517578,0.0008652,246100,243680.00030517578,283100,529200,865200,,,,,,
0e63ef0f-78d2-4dca-98d8-8f74edad751a,2007,AES-128,encrypt,cpu_aesni,aesni,transform,bytes,CTR,1048576,16,1048576:CTR:16,aa7641746b82e16ac9d4c7fbd0f8f6e62c8c1d4d1aa737eb283d494fca75140e,1,673,True,,,,,,,,,,,765200,0.0007652,1370.3293256664924,0,0.0,
0e63ef0f-78d2-4dca-98d8-8f74edad751a,2007,AES-128,encrypt,cuda_optimized_v1,optimized,resident,pinned,CTR,1048576,16,1048576:CTR:16,aa7641746b82e16ac9d4c7fbd0f8f6e62c8c1d4d1aa737eb283d494fca75140e,2,674,True,1,4252.270955508076,,0.00024659200012683866,,,246592.00012683868,,,,,,,,,246592.00012683868
0e63ef0f-78d2-4dca-98d8-8f74edad751a,2007,AES-128,encrypt,cuda_optimized_v1,optimized,pipeline,pinned,CTR,1048576,16,1048576:CTR:16,aa7641746b82e16ac9d4c7fbd0f8f6e62c8c1d4d1aa737eb283d494fca75140e,3,675,True,,5988.303849905936,1627.4654663976407,0.00017510400712490083,0.0006443,210200,175104.00712490082,206200,416400,644300,,,,,,
0e63ef0f-78d2-4dca-98d8-8f74edad751a,2007,AES-128,encrypt,cpu_software,software,transform,bytes,CTR,1048576,16,1048576:CTR:16,aa7641746b82e16ac9d4c7fbd0f8f6e62c8c1d4d1aa737eb283d494fca75140e,4,676,True,,,,,,,,,,,4020800,0.0040208,260.78790290489457,15625000,3.8860425785913253,
0e63ef0f-78d2-4dca-98d8-8f74edad751a,2007,AES-128,encrypt,cuda_baseline,baseline,resident,pinned,CTR,1048576,16,1048576:CTR:16,aa7641746b82e16ac9d4c7fbd0f8f6e62c8c1d4d1aa737eb283d494fca75140e,5,677,True,1,6039.071280992866,,0.00017363199591636657,,,173631.99591636658,,,,,,,,,173631.99591636658
0e63ef0f-78d2-4dca-98d8-8f74edad751a,2007,AES-128,encrypt,cuda_baseline,baseline,resident,pinned,ECB,1048576,16,1048576:ECB:16,2703196a4b88a0fa194ca7c3aa48f4386ecc6198eb74fb6891e59f323d4830c4,0,678,True,1,4265.555944104884,,0.0002458239942789078,,,245823.99427890778,,,,,,,,,245823.99427890778
0e63ef0f-78d2-4dca-98d8-8f74edad751a,2007,AES-128,encrypt,cuda_optimized_v1,optimized,resident,pinned,ECB,1048576,16,1048576:ECB:16,2703196a4b88a0fa194ca7c3aa48f4386ecc6198eb74fb6891e59f323d4830c4,1,679,True,1,4244.009906304074,,0.0002470719963312149,,,247071.9963312149,,,,,,,,,247071.9963312149
0e63ef0f-78d2-4dca-98d8-8f74edad751a,2007,AES-128,encrypt,cpu_aesni,aesni,transform,bytes,ECB,1048576,16,1048576:ECB:16,2703196a4b88a0fa194ca7c3aa48f4386ecc6198eb74fb6891e59f323d4830c4,2,680,True,,,,,,,,,,,577900,0.0005779,1814.4592490050181,0,0.0,
0e63ef0f-78d2-4dca-98d8-8f74edad751a,2007,AES-128,encrypt,cuda_baseline,baseline,pipeline,pinned,ECB,1048576,16,1048576:ECB:16,2703196a4b88a0fa194ca7c3aa48f4386ecc6198eb74fb6891e59f323d4830c4,3,681,True,,6265.392236639283,1460.2088845564685,0.00016735999286174774,0.0007181,242300,167359.99286174774,249800,492100,718100,,,,,,
0e63ef0f-78d2-4dca-98d8-8f74edad751a,2007,AES-128,encrypt,cuda_optimized_v1,optimized,pipeline,pinned,ECB,1048576,16,1048576:ECB:16,2703196a4b88a0fa194ca7c3aa48f4386ecc6198eb74fb6891e59f323d4830c4,4,682,True,,6204.885517745434,1653.644535562214,0.00016899199783802034,0.0006341,207800,168991.99783802032,205200,413000,634100,,,,,,
0e63ef0f-78d2-4dca-98d8-8f74edad751a,2007,AES-128,encrypt,cpu_software,software,transform,bytes,ECB,1048576,16,1048576:ECB:16,2703196a4b88a0fa194ca7c3aa48f4386ecc6198eb74fb6891e59f323d4830c4,5,683,True,,,,,,,,,,,3692000,0.003692,284.0130010834236,0,0.0,
0e63ef0f-78d2-4dca-98d8-8f74edad751a,2007,AES-128,encrypt,cuda_optimized_v1,optimized,pipeline,pinned,ECB,1048576,17,1048576:ECB:17,de717a26a771cb7e7312bec1157ea5718c3bf1af82e57a83e2df720ef590fa80,0,684,True,,4370.232168467786,1211.2463902044587,0.0002399359941482544,0.0008657,248800,239935.9941482544,285700,534500,865700,,,,,,
0e63ef0f-78d2-4dca-98d8-8f74edad751a,2007,AES-128,encrypt,cuda_baseline,baseline,resident,pinned,ECB,1048576,17,1048576:ECB:17,de717a26a771cb7e7312bec1157ea5718c3bf1af82e57a83e2df720ef590fa80,1,685,True,1,4406.670365008321,,0.00023795199394226074,,,237951.99394226074,,,,,,,,,237951.99394226074
0e63ef0f-78d2-4dca-98d8-8f74edad751a,2007,AES-128,encrypt,cuda_optimized_v1,optimized,resident,pinned,ECB,1048576,17,1048576:ECB:17,de717a26a771cb7e7312bec1157ea5718c3bf1af82e57a83e2df720ef590fa80,2,686,True,1,6227.2899794296645,,0.00016838400065898894,,,168384.00065898895,,,,,,,,,168384.00065898895
0e63ef0f-78d2-4dca-98d8-8f74edad751a,2007,AES-128,encrypt,cuda_baseline,baseline,pipeline,pinned,ECB,1048576,17,1048576:ECB:17,de717a26a771cb7e7312bec1157ea5718c3bf1af82e57a83e2df720ef590fa80,3,687,True,,6265.392236639283,1663.3502538071066,0.00016735999286174774,0.0006304,206300,167359.99286174774,204400,410700,630400,,,,,,
0e63ef0f-78d2-4dca-98d8-8f74edad751a,2007,AES-128,encrypt,cpu_aesni,aesni,transform,bytes,ECB,1048576,17,1048576:ECB:17,de717a26a771cb7e7312bec1157ea5718c3bf1af82e57a83e2df720ef590fa80,4,688,True,,,,,,,,,,,532700,0.0005327,1968.4174957762343,0,0.0,
0e63ef0f-78d2-4dca-98d8-8f74edad751a,2007,AES-128,encrypt,cpu_software,software,transform,bytes,ECB,1048576,17,1048576:ECB:17,de717a26a771cb7e7312bec1157ea5718c3bf1af82e57a83e2df720ef590fa80,5,689,True,,,,,,,,,,,3713300,0.0037133,282.38386340990496,0,0.0,
0e63ef0f-78d2-4dca-98d8-8f74edad751a,2007,AES-128,encrypt,cuda_baseline,baseline,resident,pinned,CTR,1048576,17,1048576:CTR:17,4e0e2ee4e0f6ee0db00ec6961763070d7d3931aa870086dff9f73865f176956a,0,690,True,1,4340.132327837872,,0.00024160000681877137,,,241600.00681877136,,,,,,,,,241600.00681877136
0e63ef0f-78d2-4dca-98d8-8f74edad751a,2007,AES-128,encrypt,cuda_optimized_v1,optimized,resident,pinned,CTR,1048576,17,1048576:CTR:17,4e0e2ee4e0f6ee0db00ec6961763070d7d3931aa870086dff9f73865f176956a,1,691,True,1,4313.84933893778,,0.0002430720031261444,,,243072.0031261444,,,,,,,,,243072.0031261444
0e63ef0f-78d2-4dca-98d8-8f74edad751a,2007,AES-128,encrypt,cpu_aesni,aesni,transform,bytes,CTR,1048576,17,1048576:CTR:17,4e0e2ee4e0f6ee0db00ec6961763070d7d3931aa870086dff9f73865f176956a,2,692,True,,,,,,,,,,,778300,0.0007783,1347.264550944366,0,0.0,
0e63ef0f-78d2-4dca-98d8-8f74edad751a,2007,AES-128,encrypt,cpu_software,software,transform,bytes,CTR,1048576,17,1048576:CTR:17,4e0e2ee4e0f6ee0db00ec6961763070d7d3931aa870086dff9f73865f176956a,3,693,True,,,,,,,,,,,3980800,0.0039808,263.40836012861735,0,0.0,
0e63ef0f-78d2-4dca-98d8-8f74edad751a,2007,AES-128,encrypt,cuda_baseline,baseline,pipeline,pinned,CTR,1048576,17,1048576:CTR:17,4e0e2ee4e0f6ee0db00ec6961763070d7d3931aa870086dff9f73865f176956a,4,694,True,,4342.432972031196,1192.105502501137,0.00024147200584411621,0.0008796,246500,241472.0058441162,300600,547100,879600,,,,,,
0e63ef0f-78d2-4dca-98d8-8f74edad751a,2007,AES-128,encrypt,cuda_optimized_v1,optimized,pipeline,pinned,CTR,1048576,17,1048576:CTR:17,4e0e2ee4e0f6ee0db00ec6961763070d7d3931aa870086dff9f73865f176956a,5,695,True,,4192.9624292459375,1282.3480494068729,0.00025007998943328856,0.0008177,244700,250079.98943328857,236600,481300,817700,,,,,,
0e63ef0f-78d2-4dca-98d8-8f74edad751a,2007,AES-128,encrypt,cpu_software,software,transform,bytes,ECB,1048576,18,1048576:ECB:18,97896e4f55bf2ce4b6446f40f368cf4d1682fc129124785a35c077a67751ce35,0,696,True,,,,,,,,,,,3710700,0.0037107,282.5817231250168,0,0.0,
0e63ef0f-78d2-4dca-98d8-8f74edad751a,2007,AES-128,encrypt,cpu_aesni,aesni,transform,bytes,ECB,1048576,18,1048576:ECB:18,97896e4f55bf2ce4b6446f40f368cf4d1682fc129124785a35c077a67751ce35,1,697,True,,,,,,,,,,,601400,0.0006014,1743.5583638177586,0,0.0,
0e63ef0f-78d2-4dca-98d8-8f74edad751a,2007,AES-128,encrypt,cuda_optimized_v1,optimized,resident,pinned,ECB,1048576,18,1048576:ECB:18,97896e4f55bf2ce4b6446f40f368cf4d1682fc129124785a35c077a67751ce35,2,698,True,1,4362.087371228815,,0.00024038399755954744,,,240383.99755954742,,,,,,,,,240383.99755954742
0e63ef0f-78d2-4dca-98d8-8f74edad751a,2007,AES-128,encrypt,cuda_baseline,baseline,resident,pinned,ECB,1048576,18,1048576:ECB:18,97896e4f55bf2ce4b6446f40f368cf4d1682fc129124785a35c077a67751ce35,3,699,True,1,4404.893091497278,,0.0002380480021238327,,,238048.0021238327,,,,,,,,,238048.0021238327
0e63ef0f-78d2-4dca-98d8-8f74edad751a,2007,AES-128,encrypt,cuda_optimized_v1,optimized,pipeline,pinned,ECB,1048576,18,1048576:ECB:18,97896e4f55bf2ce4b6446f40f368cf4d1682fc129124785a35c077a67751ce35,4,700,True,,6183.808184606797,1658.08981657179,0.0001695680022239685,0.0006324,206000,169568.0022239685,205400,411400,632400,,,,,,
0e63ef0f-78d2-4dca-98d8-8f74edad751a,2007,AES-128,encrypt,cuda_baseline,baseline,pipeline,pinned,ECB,1048576,18,1048576:ECB:18,97896e4f55bf2ce4b6446f40f368cf4d1682fc129124785a35c077a67751ce35,5,701,True,,6203.710512586563,1669.9729256250996,0.0001690240055322647,0.0006279,206500,169024.0055322647,201500,408000,627900,,,,,,
0e63ef0f-78d2-4dca-98d8-8f74edad751a,2007,AES-128,encrypt,cuda_optimized_v1,optimized,resident,pinned,CTR,1048576,18,1048576:CTR:18,a4a8ab96f5868f2b60a09137436fb3805ac98f02c8b3824d3bee0d1862300383,0,702,True,1,4248.9626282463905,,0.0002467840015888214,,,246784.0015888214,,,,,,,,,246784.0015888214
0e63ef0f-78d2-4dca-98d8-8f74edad751a,2007,AES-128,encrypt,cpu_software,software,transform,bytes,CTR,1048576,18,1048576:CTR:18,a4a8ab96f5868f2b60a09137436fb3805ac98f02c8b3824d3bee0d1862300383,1,703,True,,,,,,,,,,,3908600,0.0039086,268.27406232410584,0,0.0,
0e63ef0f-78d2-4dca-98d8-8f74edad751a,2007,AES-128,encrypt,cpu_aesni,aesni,transform,bytes,CTR,1048576,18,1048576:CTR:18,a4a8ab96f5868f2b60a09137436fb3805ac98f02c8b3824d3bee0d1862300383,2,704,True,,,,,,,,,,,726100,0.0007261,1444.1206445393198,0,0.0,
0e63ef0f-78d2-4dca-98d8-8f74edad751a,2007,AES-128,encrypt,cuda_baseline,baseline,pipeline,pinned,CTR,1048576,18,1048576:CTR:18,a4a8ab96f5868f2b60a09137436fb3805ac98f02c8b3824d3bee0d1862300383,3,705,True,,4259.4565726012725,1278.9071838029029,0.00024617600440979005,0.0008199,243000,246176.00440979004,240500,483500,819900,,,,,,
0e63ef0f-78d2-4dca-98d8-8f74edad751a,2007,AES-128,encrypt,cuda_optimized_v1,optimized,pipeline,pinned,CTR,1048576,18,1048576:CTR:18,a4a8ab96f5868f2b60a09137436fb3805ac98f02c8b3824d3bee0d1862300383,4,706,True,,4249.513786899717,1301.124208958928,0.000246751993894577,0.0008059,239100,246751.99389457703,235100,474200,805900,,,,,,
0e63ef0f-78d2-4dca-98d8-8f74edad751a,2007,AES-128,encrypt,cuda_baseline,baseline,resident,pinned,CTR,1048576,18,1048576:CTR:18,a4a8ab96f5868f2b60a09137436fb3805ac98f02c8b3824d3bee0d1862300383,5,707,True,1,5804.783086197164,,0.00018063999712467194,,,180639.99712467194,,,,,,,,,180639.99712467194
0e63ef0f-78d2-4dca-98d8-8f74edad751a,2007,AES-128,encrypt,cpu_aesni,aesni,transform,bytes,CTR,1048576,19,1048576:CTR:19,4f343dff02381922dc5157b5083adbbecb24dec8c3b4611a06670766e05be590,0,708,True,,,,,,,,,,,708300,0.0007083,1480.4122546943386,0,0.0,
0e63ef0f-78d2-4dca-98d8-8f74edad751a,2007,AES-128,encrypt,cuda_optimized_v1,optimized,resident,pinned,CTR,1048576,19,1048576:CTR:19,4f343dff02381922dc5157b5083adbbecb24dec8c3b4611a06670766e05be590,1,709,True,1,4353.972876415871,,0.00024083200097084045,,,240832.00097084045,,,,,,,,,240832.00097084045
0e63ef0f-78d2-4dca-98d8-8f74edad751a,2007,AES-128,encrypt,cpu_software,software,transform,bytes,CTR,1048576,19,1048576:CTR:19,4f343dff02381922dc5157b5083adbbecb24dec8c3b4611a06670766e05be590,2,710,True,,,,,,,,,,,3911300,0.0039113,268.0888707079488,0,0.0,
0e63ef0f-78d2-4dca-98d8-8f74edad751a,2007,AES-128,encrypt,cuda_optimized_v1,optimized,pipeline,pinned,CTR,1048576,19,1048576:CTR:19,4f343dff02381922dc5157b5083adbbecb24dec8c3b4611a06670766e05be590,3,711,True,,4341.282345130394,1291.8270296907724,0.0002415360063314438,0.0008117,242300,241536.0063314438,238600,480900,811700,,,,,,
0e63ef0f-78d2-4dca-98d8-8f74edad751a,2007,AES-128,encrypt,cuda_baseline,baseline,resident,pinned,CTR,1048576,19,1048576:CTR:19,4f343dff02381922dc5157b5083adbbecb24dec8c3b4611a06670766e05be590,4,712,True,1,4139.464511718241,,0.00025331199169158935,,,253311.99169158936,,,,,,,,,253311.99169158936
0e63ef0f-78d2-4dca-98d8-8f74edad751a,2007,AES-128,encrypt,cuda_baseline,baseline,pipeline,pinned,CTR,1048576,19,1048576:CTR:19,4f343dff02381922dc5157b5083adbbecb24dec8c3b4611a06670766e05be590,5,713,True,,6019.10358984855,1489.8778061949417,0.00017420800030231476,0.0007038,212500,174208.00030231476,257000,469500,703800,,,,,,
0e63ef0f-78d2-4dca-98d8-8f74edad751a,2007,AES-128,encrypt,cuda_optimized_v1,optimized,pipeline,pinned,ECB,1048576,19,1048576:ECB:19,c52230b322f6f8a944cf49ed6fb1feea4601c2defb01814b551faeb3286bdf22,0,714,True,,4460.051824081819,1297.5819824279174,0.0002351039946079254,0.0008081,243300,235103.99460792542,238800,482100,808100,,,,,,
0e63ef0f-78d2-4dca-98d8-8f74edad751a,2007,AES-128,encrypt,cuda_optimized_v1,optimized,resident,pinned,ECB,1048576,19,1048576:ECB:19,c52230b322f6f8a944cf49ed6fb1feea4601c2defb01814b551faeb3286bdf22,1,715,True,1,4365.5742782289635,,0.0002401919960975647,,,240191.9960975647,,,,,,,,,240191.9960975647
0e63ef0f-78d2-4dca-98d8-8f74edad751a,2007,AES-128,encrypt,cuda_baseline,baseline,resident,pinned,ECB,1048576,19,1048576:ECB:19,c52230b322f6f8a944cf49ed6fb1feea4601c2defb01814b551faeb3286bdf22,2,716,True,1,6204.885517745434,,0.00016899199783802034,,,168991.99783802032,,,,,,,,,168991.99783802032
0e63ef0f-78d2-4dca-98d8-8f74edad751a,2007,AES-128,encrypt,cuda_baseline,baseline,pipeline,pinned,ECB,1048576,19,1048576:ECB:19,c52230b322f6f8a944cf49ed6fb1feea4601c2defb01814b551faeb3286bdf22,3,717,True,,5948.085161470022,1477.7001127395715,0.00017628799378871916,0.0007096,216000,176287.99378871918,250500,466500,709600,,,,,,
0e63ef0f-78d2-4dca-98d8-8f74edad751a,2007,AES-128,encrypt,cpu_aesni,aesni,transform,bytes,ECB,1048576,19,1048576:ECB:19,c52230b322f6f8a944cf49ed6fb1feea4601c2defb01814b551faeb3286bdf22,4,718,True,,,,,,,,,,,528200,0.0005282,1985.187429004165,0,0.0,
0e63ef0f-78d2-4dca-98d8-8f74edad751a,2007,AES-128,encrypt,cpu_software,software,transform,bytes,ECB,1048576,19,1048576:ECB:19,c52230b322f6f8a944cf49ed6fb1feea4601c2defb01814b551faeb3286bdf22,5,719,True,,,,,,,,,,,3661800,0.0036618,286.3553443661587,15625000,4.2670271451198865,
0e63ef0f-78d2-4dca-98d8-8f74edad751a,2007,AES-128,encrypt,cuda_baseline,baseline,pipeline,pinned,ECB,16777216,0,16777216:ECB:0,acb3d80c5bcbdb7528b09cc901b84304ca1640c2c4187a14610ce7e32fc8317b,0,720,True,,7958.469121240625,2113.771528643963,0.0021080958843231203,0.0079371,2715100,2108095.88432312,2971300,5686400,7937100,,,,,,
0e63ef0f-78d2-4dca-98d8-8f74edad751a,2007,AES-128,encrypt,cuda_optimized_v1,optimized,resident,pinned,ECB,16777216,0,16777216:ECB:0,acb3d80c5bcbdb7528b09cc901b84304ca1640c2c4187a14610ce7e32fc8317b,1,721,True,1,7975.538695955637,,0.002103584051132202,,,2103584.051132202,,,,,,,,,2103584.051132202
0e63ef0f-78d2-4dca-98d8-8f74edad751a,2007,AES-128,encrypt,cpu_software,software,transform,bytes,ECB,16777216,0,16777216:ECB:0,acb3d80c5bcbdb7528b09cc901b84304ca1640c2c4187a14610ce7e32fc8317b,2,722,True,,,,,,,,,,,78373900,0.0783739,214.06636648169862,78125000,0.9968241978515807,
0e63ef0f-78d2-4dca-98d8-8f74edad751a,2007,AES-128,encrypt,cuda_baseline,baseline,resident,pinned,ECB,16777216,0,16777216:ECB:0,acb3d80c5bcbdb7528b09cc901b84304ca1640c2c4187a14610ce7e32fc8317b,3,723,True,1,8222.191266241689,,0.002040479898452759,,,2040479.8984527588,,,,,,,,,2040479.8984527588
0e63ef0f-78d2-4dca-98d8-8f74edad751a,2007,AES-128,encrypt,cpu_aesni,aesni,transform,bytes,ECB,16777216,0,16777216:ECB:0,acb3d80c5bcbdb7528b09cc901b84304ca1640c2c4187a14610ce7e32fc8317b,4,724,True,,,,,,,,,,,12225300,0.0122253,1372.3357300025357,15625000,1.2780872453027738,
0e63ef0f-78d2-4dca-98d8-8f74edad751a,2007,AES-128,encrypt,cuda_optimized_v1,optimized,pipeline,pinned,ECB,16777216,0,16777216:ECB:0,acb3d80c5bcbdb7528b09cc901b84304ca1640c2c4187a14610ce7e32fc8317b,5,725,True,,8160.632713444769,2149.4370563968537,0.0020558719635009764,0.0078054,2864900,2055871.9635009766,2696600,5561500,7805400,,,,,,
0e63ef0f-78d2-4dca-98d8-8f74edad751a,2007,AES-128,encrypt,cuda_optimized_v1,optimized,resident,pinned,CTR,16777216,0,16777216:CTR:0,d78d02ef58d5fb1c63b39d17fa37b6004cb58e54813111647d9328d5f7d3aa57,0,726,True,1,7893.169664748432,,0.0021255359649658204,,,2125535.9649658203,,,,,,,,,2125535.9649658203
0e63ef0f-78d2-4dca-98d8-8f74edad751a,2007,AES-128,encrypt,cuda_baseline,baseline,resident,pinned,CTR,16777216,0,16777216:CTR:0,d78d02ef58d5fb1c63b39d17fa37b6004cb58e54813111647d9328d5f7d3aa57,1,727,True,1,7918.801652215824,,0.0021186559200286866,,,2118655.9200286865,,,,,,,,,2118655.9200286865
0e63ef0f-78d2-4dca-98d8-8f74edad751a,2007,AES-128,encrypt,cuda_baseline,baseline,pipeline,pinned,CTR,16777216,0,16777216:CTR:0,d78d02ef58d5fb1c63b39d17fa37b6004cb58e54813111647d9328d5f7d3aa57,2,728,True,,7875.148541881217,2216.0426903365565,0.0021303999423980713,0.0075708,2703700,2130399.9423980713,2641300,5345000,7570800,,,,,,
0e63ef0f-78d2-4dca-98d8-8f74edad751a,2007,AES-128,encrypt,cuda_optimized_v1,optimized,pipeline,pinned,CTR,16777216,0,16777216:CTR:0,d78d02ef58d5fb1c63b39d17fa37b6004cb58e54813111647d9328d5f7d3aa57,3,729,True,,8038.514295395598,2190.837697018765,0.002087104082107544,0.0076579,2721600,2087104.082107544,2674100,5395700,7657900,,,,,,
0e63ef0f-78d2-4dca-98d8-8f74edad751a,2007,AES-128,encrypt,cpu_aesni,aesni,transform,bytes,CTR,16777216,0,16777216:CTR:0,d78d02ef58d5fb1c63b39d17fa37b6004cb58e54813111647d9328d5f7d3aa57,4,730,True,,,,,,,,,,,14977300,0.0149773,1120.1762667503488,15625000,1.04324544477309,
0e63ef0f-78d2-4dca-98d8-8f74edad751a,2007,AES-128,encrypt,cpu_software,software,transform,bytes,CTR,16777216,0,16777216:CTR:0,d78d02ef58d5fb1c63b39d17fa37b6004cb58e54813111647d9328d5f7d3aa57,5,731,True,,,,,,,,,,,65360900,0.0653609,256.68581674976934,62500000,0.9562291828906885,
0e63ef0f-78d2-4dca-98d8-8f74edad751a,2007,AES-128,encrypt,cpu_aesni,aesni,transform,bytes,CTR,16777216,1,16777216:CTR:1,e579f711e79bf8b0b882a8b31f8eca3e3ba52e6d003c9a5119d717d0c3a73a10,0,732,True,,,,,,,,,,,25179600,0.0251796,666.3019269567427,31250000,1.2410840521692164,
0e63ef0f-78d2-4dca-98d8-8f74edad751a,2007,AES-128,encrypt,cuda_baseline,baseline,resident,pinned,CTR,16777216,1,16777216:CTR:1,e579f711e79bf8b0b882a8b31f8eca3e3ba52e6d003c9a5119d717d0c3a73a10,1,733,True,1,7769.992649200048,,0.0021592319011688233,,,2159231.9011688232,,,,,,,,,2159231.9011688232
0e63ef0f-78d2-4dca-98d8-8f74edad751a,2007,AES-128,encrypt,cuda_optimized_v1,optimized,pipeline,pinned,CTR,16777216,1,16777216:CTR:1,e579f711e79bf8b0b882a8b31f8eca3e3ba52e6d003c9a5119d717d0c3a73a10,2,734,True,,7841.696771726774,2157.5082945397494,0.0021394879817962648,0.0077762,2874400,2139487.9817962646,2646000,5520400,7776200,,,,,,
0e63ef0f-78d2-4dca-98d8-8f74edad751a,2007,AES-128,encrypt,cuda_baseline,baseline,pipeline,pinned,CTR,16777216,1,16777216:CTR:1,e579f711e79bf8b0b882a8b31f8eca3e3ba52e6d003c9a5119d717d0c3a73a10,3,735,True,,7923.109915848699,2130.3860219423,0.0021175038814544678,0.0078752,2919600,2117503.881454468,2649900,5569500,7875200,,,,,,
0e63ef0f-78d2-4dca-98d8-8f74edad751a,2007,AES-128,encrypt,cpu_software,software,transform,bytes,CTR,16777216,1,16777216:CTR:1,e579f711e79bf8b0b882a8b31f8eca3e3ba52e6d003c9a5119d717d0c3a73a10,4,736,True,,,,,,,,,,,63695300,0.0636953,263.3980215180712,62500000,0.9812340941953331,
0e63ef0f-78d2-4dca-98d8-8f74edad751a,2007,AES-128,encrypt,cuda_optimized_v1,optimized,resident,pinned,CTR,16777216,1,16777216:CTR:1,e579f711e79bf8b0b882a8b31f8eca3e3ba52e6d003c9a5119d717d0c3a73a10,5,737,True,1,8010.266822533737,,0.002094464063644409,,,2094464.0636444092,,,,,,,,,2094464.0636444092
0e63ef0f-78d2-4dca-98d8-8f74edad751a,2007,AES-128,encrypt,cuda_baseline,baseline,pipeline,pinned,ECB,16777216,1,16777216:ECB:1,eaf98364b3798d4d9fd04c9e041cf7c591408f815c2de3c04ccc6fb60600f095,0,738,True,,8070.935600384641,2048.775293384948,0.0020787200927734374,0.0081889,3229900,2078720.0927734375,2722500,5952400,8188900,,,,,,
0e63ef0f-78d2-4dca-98d8-8f74edad751a,2007,AES-128,encrypt,cuda_optimized_v1,optimized,resident,pinned,ECB,16777216,1,16777216:ECB:1,eaf98364b3798d4d9fd04c9e041cf7c591408f815c2de3c04ccc6fb60600f095,1,739,True,1,8034.69609451812,,0.0020880959033966065,,,2088095.9033966064,,,,,,,,,2088095.9033966064
0e63ef0f-78d2-4dca-98d8-8f74edad751a,2007,AES-128,encrypt,cuda_optimized_v1,optimized,pipeline,pinned,ECB,16777216,1,16777216:ECB:1,eaf98364b3798d4d9fd04c9e041cf7c591408f815c2de3c04ccc6fb60600f095,2,740,True,,8136.822255498003,2207.1799189601643,0.002061887979507446,0.0076012,2698000,2061887.9795074463,2742400,5440400,7601200,,,,,,
0e63ef0f-78d2-4dca-98d8-8f74edad751a,2007,AES-128,encrypt,cpu_software,software,transform,bytes,ECB,16777216,1,16777216:ECB:1,eaf98364b3798d4d9fd04c9e041cf7c591408f815c2de3c04ccc6fb60600f095,3,741,True,,,,,,,,,,,61582900,0.0615829,272.43302929871766,62500000,1.0148921210271034,
0e63ef0f-78d2-4dca-98d8-8f74edad751a,2007,AES-128,encrypt,cpu_aesni,aesni,transform,bytes,ECB,16777216,1,16777216:ECB:1,eaf98364b3798d4d9fd04c9e041cf7c591408f815c2de3c04ccc6fb60600f095,4,742,True,,,,,,,,,,,11158300,0.0111583,1503.5638045221942,15625000,1.400302913526254,
0e63ef0f-78d2-4dca-98d8-8f74edad751a,2007,AES-128,encrypt,cuda_baseline,baseline,resident,pinned,ECB,16777216,1,16777216:ECB:1,eaf98364b3798d4d9fd04c9e041cf7c591408f815c2de3c04ccc6fb60600f095,5,743,True,1,8014.06274765103,,0.0020934720039367674,,,2093472.0039367676,,,,,,,,,2093472.0039367676
0e63ef0f-78d2-4dca-98d8-8f74edad751a,2007,AES-128,encrypt,cuda_baseline,baseline,resident,pinned,ECB,16777216,2,16777216:ECB:2,042d8283a5e0d8d811bbbe92cab83741b504d061572490ceb24aee9fb0cfa814,0,744,True,1,8125.599058866784,,0.0020647358894348143,,,2064735.8894348145,,,,,,,,,2064735.8894348145
0e63ef0f-78d2-4dca-98d8-8f74edad751a,2007,AES-128,encrypt,cpu_aesni,aesni,transform,bytes,ECB,16777216,2,16777216:ECB:2,042d8283a5e0d8d811bbbe92cab83741b504d061572490ceb24aee9fb0cfa814,1,745,True,,,,,,,,,,,8486300,0.0084863,1976.9765386564227,0,0.0,
0e63ef0f-78d2-4dca-98d8-8f74edad751a,2007,AES-128,encrypt,cpu_software,software,transform,bytes,ECB,16777216,2,16777216:ECB:2,042d8283a5e0d8d811bbbe92cab83741b504d061572490ceb24aee9fb0cfa814,2,746,True,,,,,,,,,,,60673100,0.0606731,276.5181934003702,46875000,0.7725829074169607,
0e63ef0f-78d2-4dca-98d8-8f74edad751a,2007,AES-128,encrypt,cuda_optimized_v1,optimized,pipeline,pinned,ECB,16777216,2,16777216:ECB:2,042d8283a5e0d8d811bbbe92cab83741b504d061572490ceb24aee9fb0cfa814,3,747,True,,8052.837279965082,2169.252530999082,0.002083391904830933,0.0077341,2847200,2083391.9048309326,2665700,5512900,7734100,,,,,,
0e63ef0f-78d2-4dca-98d8-8f74edad751a,2007,AES-128,encrypt,cuda_optimized_v1,optimized,resident,pinned,ECB,16777216,2,16777216:ECB:2,042d8283a5e0d8d811bbbe92cab83741b504d061572490ceb24aee9fb0cfa814,4,748,True,1,8054.56924141979,,0.0020829439163208008,,,2082943.9163208008,,,,,,,,,2082943.9163208008
0e63ef0f-78d2-4dca-98d8-8f74edad751a,2007,AES-128,encrypt,cuda_baseline,baseline,pipeline,pinned,ECB,16777216,2,16777216:ECB:2,042d8283a5e0d8d811bbbe92cab83741b504d061572490ceb24aee9fb0cfa814,5,749,True,,8137.57972676857,2193.329498509648,0.0020616960525512693,0.0076492,2764500,2061696.0525512695,2709400,5473900,7649200,,,,,,
0e63ef0f-78d2-4dca-98d8-8f74edad751a,2007,AES-128,encrypt,cpu_aesni,aesni,transform,bytes,CTR,16777216,2,16777216:CTR:2,7c1271c570e04ec61318d85b1b615fe88b5179a22fb5ad0737ce6b01807dfac3,0,750,True,,,,,,,,,,,12529900,0.0125299,1338.9744531081653,15625000,1.2470171350130488,
0e63ef0f-78d2-4dca-98d8-8f74edad751a,2007,AES-128,encrypt,cuda_baseline,baseline,resident,pinned,CTR,16777216,2,16777216:CTR:2,7c1271c570e04ec61318d85b1b615fe88b5179a22fb5ad0737ce6b01807dfac3,1,751,True,1,7778.638372161153,,0.002156831979751587,,,2156831.979751587,,,,,,,,,2156831.979751587
0e63ef0f-78d2-4dca-98d8-8f74edad751a,2007,AES-128,encrypt,cpu_software,software,transform,bytes,CTR,16777216,2,16777216:CTR:2,7c1271c570e04ec61318d85b1b615fe88b5179a22fb5ad0737ce6b01807dfac3,2,752,True,,,,,,,,,,,65681200,0.0656812,255.43406636906755,78125000,1.1894575616767051,
0e63ef0f-78d2-4dca-98d8-8f74edad751a,2007,AES-128,encrypt,cuda_optimized_v1,optimized,pipeline,pinned,CTR,16777216,2,16777216:CTR:2,7c1271c570e04ec61318d85b1b615fe88b5179a22fb5ad0737ce6b01807dfac3,3,753,True,,7700.492041187042,2116.865308182449,0.002178719997406006,0.0079255,2964500,2178719.997406006,2660100,5624600,7925500,,,,,,
0e63ef0f-78d2-4dca-98d8-8f74edad751a,2007,AES-128,encrypt,cuda_optimized_v1,optimized,resident,pinned,CTR,16777216,2,16777216:CTR:2,7c1271c570e04ec61318d85b1b615fe88b5179a22fb5ad0737ce6b01807dfac3,4,754,True,1,7749.77805059637,,0.0021648640632629394,,,2164864.0632629395,,,,,,,,,2164864.0632629395
0e63ef0f-78d2-4dca-98d8-8f74edad751a,2007,AES-128,encrypt,cuda_baseline,baseline,pipeline,pinned,CTR,16777216,2,16777216:CTR:2,7c1271c570e04ec61318d85b1b615fe88b5179a22fb5ad0737ce6b01807dfac3,5,755,True,,7830.33651103533,2171.9765936512867,0.002142591953277588,0.0077244,2804700,2142591.953277588,2676000,5480700,7724400,,,,,,
0e63ef0f-78d2-4dca-98d8-8f74edad751a,2007,AES-128,encrypt,cpu_software,software,transform,bytes,CTR,16777216,3,16777216:CTR:3,e1df49e950bd429b2680c0f8d55c8269c440b463520109bedc97ad8daa1222be,0,756,True,,,,,,,,,,,62716900,0.0627169,267.5070993623728,62500000,0.9965416020243347,
0e63ef0f-78d2-4dca-98d8-8f74edad751a,2007,AES-128,encrypt,cuda_optimized_v1,optimized,resident,pinned,CTR,16777216,3,16777216:CTR:3,e1df49e950bd429b2680c0f8d55c8269c440b463520109bedc97ad8daa1222be,1,757,True,1,7759.0683237647845,,0.0021622719764709474,,,2162271.9764709473,,,,,,,,,2162271.9764709473
0e63ef0f-78d2-4dca-98d8-8f74edad751a,2007,AES-128,encrypt,cuda_baseline,baseline,resident,pinned,CTR,16777216,3,16777216:CTR:3,e1df49e950bd429b2680c0f8d55c8269c440b463520109bedc97ad8daa1222be,2,758,True,1,7689.988190806907,,0.0021816959381103515,,,2181695.9381103516,,,,,,,,,2181695.9381103516
0e63ef0f-78d2-4dca-98d8-8f74edad751a,2007,AES-128,encrypt,cuda_optimized_v1,optimized,pipeline,pinned,CTR,16777216,3,16777216:CTR:3,e1df49e950bd429b2680c0f8d55c8269c440b463520109bedc97ad8daa1222be,3,759,True,,7768.380897640344,2192.8994732508136,0.002159679889678955,0.0076507,2700100,2159679.889678955,2691100,5391200,7650700,,,,,,
0e63ef0f-78d2-4dca-98d8-8f74edad751a,2007,AES-128,encrypt,cuda_baseline,baseline,pipeline,pinned,CTR,16777216,3,16777216:CTR:3,e1df49e950bd429b2680c0f8d55c8269c440b463520109bedc97ad8daa1222be,4,760,True,,7697.778759862538,2165.5006131010005,0.002179487943649292,0.0077475,2743800,2179487.943649292,2721700,5465500,7747500,,,,,,
0e63ef0f-78d2-4dca-98d8-8f74edad751a,2007,AES-128,encrypt,cpu_aesni,aesni,transform,bytes,CTR,16777216,3,16777216:CTR:3,e1df49e950bd429b2680c0f8d55c8269c440b463520109bedc97ad8daa1222be,5,761,True,,,,,,,,,,,11267900,0.0112679,1488.939021468064,15625000,1.3866825229190887,
0e63ef0f-78d2-4dca-98d8-8f74edad751a,2007,AES-128,encrypt,cuda_baseline,baseline,pipeline,pinned,ECB,16777216,3,16777216:ECB:3,1fdd978f79a01fbbcea7d3ca925d73090c0666178058ff440aa4d9ddef8b5ef4,0,762,True,,4140.2487475282205,1135.6828766381457,0.004052224159240722,0.0147728,5363700,4052224.1592407227,5202400,10566100,14772800,,,,,,
0e63ef0f-78d2-4dca-98d8-8f74edad751a,2007,AES-128,encrypt,cpu_software,software,transform,bytes,ECB,16777216,3,16777216:ECB:3,1fdd978f79a01fbbcea7d3ca925d73090c0666178058ff440aa4d9ddef8b5ef4,1,763,True,,,,,,,,,,,58654800,0.0586548,286.0331294284526,46875000,0.7991673315738865,
0e63ef0f-78d2-4dca-98d8-8f74edad751a,2007,AES-128,encrypt,cpu_aesni,aesni,transform,bytes,ECB,16777216,3,16777216:ECB:3,1fdd978f79a01fbbcea7d3ca925d73090c0666178058ff440aa4d9ddef8b5ef4,2,764,True,,,,,,,,,,,8423700,0.0084237,1991.6682692878426,0,0.0,
0e63ef0f-78d2-4dca-98d8-8f74edad751a,2007,AES-128,encrypt,cuda_optimized_v1,optimized,resident,pinned,ECB,16777216,3,16777216:ECB:3,1fdd978f79a01fbbcea7d3ca925d73090c0666178058ff440aa4d9ddef8b5ef4,3,765,True,1,4068.190035194143,,0.004124000072479248,,,4124000.072479248,,,,,,,,,4124000.072479248
0e63ef0f-78d2-4dca-98d8-8f74edad751a,2007,AES-128,encrypt,cuda_optimized_v1,optimized,pipeline,pinned,ECB,16777216,3,16777216:ECB:3,1fdd978f79a01fbbcea7d3ca925d73090c0666178058ff440aa4d9ddef8b5ef4,4,766,True,,4041.3471116610194,1148.031394767995,0.004151391983032227,0.0146139,5200300,4151391.9830322266,5168500,10368800,14613900,,,,,,
0e63ef0f-78d2-4dca-98d8-8f74edad751a,2007,AES-128,encrypt,cuda_baseline,baseline,resident,pinned,ECB,16777216,3,16777216:ECB:3,1fdd978f79a01fbbcea7d3ca925d73090c0666178058ff440aa4d9ddef8b5ef4,5,767,True,1,4041.783039834875,,0.004150944232940674,,,4150944.232940674,,,,,,,,,4150944.232940674
0e63ef0f-78d2-4dca-98d8-8f74edad751a,2007,AES-128,encrypt,cuda_baseline,baseline,resident,pinned,CTR,16777216,4,16777216:CTR:4,0f4ba6a540ffbfdfbc7b257376585832e7a7df7d3a2e2bf3a6ddf788dc78cba2,0,768,True,1,3399.5669316799977,,0.0049351038932800295,,,4935103.893280029,,,,,,,,,4935103.893280029
0e63ef0f-78d2-4dca-98d8-8f74edad751a,2007,AES-128,encrypt,cuda_optimized_v1,optimized,pipeline,pinned,CTR,16777216,4,16777216:CTR:4,0f4ba6a540ffbfdfbc7b257376585832e7a7df7d3a2e2bf3a6ddf788dc78cba2,1,769,True,,3372.8634121555433,649.909392710355,0.004974175930023193,0.0258147,10393100,4974175.930023193,10320200,20713300,25814700,,,,,,
0e63ef0f-78d2-4dca-98d8-8f74edad751a,2007,AES-128,encrypt,cuda_baseline,baseline,pipeline,pinned,CTR,16777216,4,16777216:CTR:4,0f4ba6a540ffbfdfbc7b257376585832e7a7df7d3a2e2bf3a6ddf788dc78cba2,2,770,True,,3338.11712876311,651.1504143137141,0.005025951862335205,0.0257655,10416900,5025951.862335205,10205900,20622800,25765500,,,,,,
0e63ef0f-78d2-4dca-98d8-8f74edad751a,2007,AES-128,encrypt,cpu_software,software,transform,bytes,CTR,16777216,4,16777216:CTR:4,0f4ba6a540ffbfdfbc7b257376585832e7a7df7d3a2e2bf3a6ddf788dc78cba2,3,771,True,,,,,,,,,,,64291000,0.064291,260.95745905336673,62500000,0.9721422905227792,
0e63ef0f-78d2-4dca-98d8-8f74edad751a,2007,AES-128,encrypt,cpu_aesni,aesni,transform,bytes,CTR,16777216,4,16777216:CTR:4,0f4ba6a540ffbfdfbc7b257376585832e7a7df7d3a2e2bf3a6ddf788dc78cba2,4,772,True,,,,,,,,,,,12192800,0.0121928,1375.9937012007085,15625000,1.2814939964569254,
0e63ef0f-78d2-4dca-98d8-8f74edad751a,2007,AES-128,encrypt,cuda_optimized_v1,optimized,resident,pinned,CTR,16777216,4,16777216:CTR:4,0f4ba6a540ffbfdfbc7b257376585832e7a7df7d3a2e2bf3a6ddf788dc78cba2,5,773,True,1,3400.4707963914257,,0.004933792114257813,,,4933792.1142578125,,,,,,,,,4933792.1142578125
0e63ef0f-78d2-4dca-98d8-8f74edad751a,2007,AES-128,encrypt,cuda_optimized_v1,optimized,resident,pinned,ECB,16777216,4,16777216:ECB:4,a638056c0e76159169e2a57367bb8c67be1e50dd25d36fa179e33e06b07fce87,0,774,True,1,3163.0871426355257,,0.00530406379699707,,,5304063.79699707,,,,,,,,,5304063.79699707
0e63ef0f-78d2-4dca-98d8-8f74edad751a,2007,AES-128,encrypt,cpu_software,software,transform,bytes,ECB,16777216,4,16777216:ECB:4,a638056c0e76159169e2a57367bb8c67be1e50dd25d36fa179e33e06b07fce87,1,775,True,,,,,,,,,,,74915400,0.0749154,223.9488276108784,62500000,0.834274394850725,
0e63ef0f-78d2-4dca-98d8-8f74edad751a,2007,AES-128,encrypt,cuda_baseline,baseline,resident,pinned,ECB,16777216,4,16777216:ECB:4,a638056c0e76159169e2a57367bb8c67be1e50dd25d36fa179e33e06b07fce87,2,776,True,1,3245.280340023271,,0.005169727802276611,,,5169727.802276611,,,,,,,,,5169727.802276611
0e63ef0f-78d2-4dca-98d8-8f74edad751a,2007,AES-128,encrypt,cuda_optimized_v1,optimized,pipeline,pinned,ECB,16777216,4,16777216:ECB:4,a638056c0e76159169e2a57367bb8c67be1e50dd25d36fa179e33e06b07fce87,3,777,True,,3179.4686509126914,638.4704610841337,0.005276735782623291,0.0262772,10372000,5276735.782623291,10462000,20834000,26277200,,,,,,
0e63ef0f-78d2-4dca-98d8-8f74edad751a,2007,AES-128,encrypt,cuda_baseline,baseline,pipeline,pinned,ECB,16777216,4,16777216:ECB:4,a638056c0e76159169e2a57367bb8c67be1e50dd25d36fa179e33e06b07fce87,4,778,True,,3299.0893365296206,644.1774815315384,0.0050854082107543944,0.0260444,10491100,5085408.2107543945,10311000,20802100,26044400,,,,,,
0e63ef0f-78d2-4dca-98d8-8f74edad751a,2007,AES-128,encrypt,cpu_aesni,aesni,transform,bytes,ECB,16777216,4,16777216:ECB:4,a638056c0e76159169e2a57367bb8c67be1e50dd25d36fa179e33e06b07fce87,5,779,True,,,,,,,,,,,8653600,0.0086536,1938.7556623832857,15625000,1.805606915041139,
0e63ef0f-78d2-4dca-98d8-8f74edad751a,2007,AES-128,encrypt,cpu_aesni,aesni,transform,bytes,CTR,16777216,5,16777216:CTR:5,418bdf6554a99d4ab2d838946efa836e83357bc3cf7d17d47a72cd055a34886e,0,780,True,,,,,,,,,,,11041700,0.0110417,1519.441390365614,15625000,1.415090067652626,
0e63ef0f-78d2-4dca-98d8-8f74edad751a,2007,AES-128,encrypt,cuda_optimized_v1,optimized,resident,pinned,CTR,16777216,5,16777216:CTR:5,418bdf6554a99d4ab2d838946efa836e83357bc3cf7d17d47a72cd055a34886e,1,781,True,1,3093.1628837418575,,0.005423967838287354,,,5423967.8382873535,,,,,,,,,5423967.8382873535
0e63ef0f-78d2-4dca-98d8-8f74edad751a,2007,AES-128,encrypt,cuda_baseline,baseline,resident,pinned,CTR,16777216,5,16777216:CTR:5,418bdf6554a99d4ab2d838946efa836e83357bc3cf7d17d47a72cd055a34886e,2,782,True,1,3143.382905787689,,0.0053373122215271,,,5337312.2215271,,,,,,,,,5337312.2215271
0e63ef0f-78d2-4dca-98d8-8f74edad751a,2007,AES-128,encrypt,cuda_baseline,baseline,pipeline,pinned,CTR,16777216,5,16777216:CTR:5,418bdf6554a99d4ab2d838946efa836e83357bc3cf7d17d47a72cd055a34886e,3,783,True,,3143.948600847045,645.6425748403906,0.005336351871490478,0.0259853,10350400,5336351.8714904785,10172000,20522400,25985300,,,,,,
0e63ef0f-78d2-4dca-98d8-8f74edad751a,2007,AES-128,encrypt,cuda_optimized_v1,optimized,pipeline,pinned,CTR,16777216,5,16777216:CTR:5,418bdf6554a99d4ab2d838946efa836e83357bc3cf7d17d47a72cd055a34886e,4,784,True,,3119.703532774363,643.749870499622,0.005377823829650879,0.0260617,10352200,5377823.829650879,10214800,20567000,26061700,,,,,,
0e63ef0f-78d2-4dca-98d8-8f74edad751a,2007,AES-128,encrypt,cpu_software,software,transform,bytes,CTR,16777216,5,16777216:CTR:5,418bdf6554a99d4ab2d838946efa836e83357bc3cf7d17d47a72cd055a34886e,5,785,True,,,,,,,,,,,63099000,0.063099,265.88719314093726,46875000,0.742880235819902,
0e63ef0f-78d2-4dca-98d8-8f74edad751a,2007,AES-128,encrypt,cuda_optimized_v1,optimized,pipeline,pinned,ECB,16777216,5,16777216:ECB:5,778eb81080c1033a12c43015926e2f15010fd347e8fcd5a650b570aeb8a0821a,0,786,True,,4098.4335968327405,1144.2651752830445,0.004093567848205567,0.014662,5317200,4093567.8482055664,5148000,10465200,14662000,,,,,,
0e63ef0f-78d2-4dca-98d8-8f74edad751a,2007,AES-128,encrypt,cuda_baseline,baseline,resident,pinned,ECB,16777216,5,16777216:ECB:5,778eb81080c1033a12c43015926e2f15010fd347e8fcd5a650b570aeb8a0821a,1,787,True,1,4366.374197169668,,0.003842367887496948,,,3842367.8874969482,,,,,,,,,3842367.8874969482
0e63ef0f-78d2-4dca-98d8-8f74edad751a,2007,AES-128,encrypt,cpu_software,software,transform,bytes,ECB,16777216,5,16777216:ECB:5,778eb81080c1033a12c43015926e2f15010fd347e8fcd5a650b570aeb8a0821a,2,788,True,,,,,,,,,,,76430000,0.07643,219.51087269396834,62500000,0.8177417244537485,
0e63ef0f-78d2-4dca-98d8-8f74edad751a,2007,AES-128,encrypt,cpu_aesni,aesni,transform,bytes,ECB,16777216,5,16777216:ECB:5,778eb81080c1033a12c43015926e2f15010fd347e8fcd5a650b570aeb8a0821a,3,789,True,,,,,,,,,,,9066300,0.0090663,1850.5030718154044,0,0.0,
0e63ef0f-78d2-4dca-98d8-8f74edad751a,2007,AES-128,encrypt,cuda_baseline,baseline,pipeline,pinned,ECB,16777216,5,16777216:ECB:5,778eb81080c1033a12c43015926e2f15010fd347e8fcd5a650b570aeb8a0821a,4,790,True,,4173.10469215874,1147.3169664227587,0.004020319938659668,0.014623,5253200,4020319.938659668,5240000,10493200,14623000,,,,,,
0e63ef0f-78d2-4dca-98d8-8f74edad751a,2007,AES-128,encrypt,cuda_optimized_v1,optimized,resident,pinned,ECB,16777216,5,16777216:ECB:5,778eb81080c1033a12c43015926e2f15010fd347e8fcd5a650b570aeb8a0821a,5,791,True,1,4238.96580747499,,0.0039578559398651125,,,3957855.9398651123,,,,,,,,,3957855.9398651123
0e63ef0f-78d2-4dca-98d8-8f74edad751a,2007,AES-128,encrypt,cuda_optimized_v1,optimized,resident,pinned,CTR,16777216,6,16777216:CTR:6,a49bd04ad65374164a17ca32647f3e2371c829219695864e0003e326fe8fb816,0,792,True,1,4109.677624153024,,0.004082367897033691,,,4082367.8970336914,,,,,,,,,4082367.8970336914
0e63ef0f-78d2-4dca-98d8-8f74edad751a,2007,AES-128,encrypt,cpu_aesni,aesni,transform,bytes,CTR,16777216,6,16777216:CTR:6,a49bd04ad65374164a17ca32647f3e2371c829219695864e0003e326fe8fb816,1,793,True,,,,,,,,,,,11447800,0.0114478,1465.540627893569,0,0.0,
0e63ef0f-78d2-4dca-98d8-8f74edad751a,2007,AES-128,encrypt,cuda_baseline,baseline,pipeline,pinned,CTR,16777216,6,16777216:CTR:6,a49bd04ad65374164a17ca32647f3e2371c829219695864e0003e326fe8fb816,2,794,True,,4120.91884003077,1158.8075701063683,0.004071231842041016,0.014478,5182900,4071231.8420410156,5142100,10325000,14478000,,,,,,
0e63ef0f-78d2-4dca-98d8-8f74edad751a,2007,AES-128,encrypt,cuda_optimized_v1,optimized,pipeline,pinned,CTR,16777216,6,16777216:CTR:6,a49bd04ad65374164a17ca32647f3e2371c829219695864e0003e326fe8fb816,3,795,True,,4226.492900131842,1151.0875397081325,0.003969536066055298,0.0145751,5360400,3969536.066055298,5146700,10507100,14575100,,,,,,
0e63ef0f-78d2-4dca-98d8-8f74edad751a,2007,AES-128,encrypt,cuda_baseline,baseline,resident,pinned,CTR,16777216,6,16777216:CTR:6,a49bd04ad65374164a17ca32647f3e2371c829219695864e0003e326fe8fb816,4,796,True,1,4176.395789656408,,0.004017151832580566,,,4017151.8325805664,,,,,,,,,4017151.8325805664
0e63ef0f-78d2-4dca-98d8-8f74edad751a,2007,AES-128,encrypt,cpu_software,software,transform,bytes,CTR,16777216,6,16777216:CTR:6,a49bd04ad65374164a17ca32647f3e2371c829219695864e0003e326fe8fb816,5,797,True,,,,,,,,,,,62847100,0.0628471,266.9529063393538,62500000,0.9944770721322066,
0e63ef0f-78d2-4dca-98d8-8f74edad751a,2007,AES-128,encrypt,cuda_optimized_v1,optimized,pipeline,pinned,ECB,16777216,6,16777216:ECB:6,1e1bea3ecb5f668d53c5b8800a87dd800e554025d751010c8697c538f6ea1f1f,0,798,True,,4113.611367312592,1137.6080500142393,0.004078464031219482,0.0147478,5205300,4078464.0312194824,5321500,10526800,14747800,,,,,,
0e63ef0f-78d2-4dca-98d8-8f74edad751a,2007,AES-128,encrypt,cuda_baseline,baseline,resident,pinned,ECB,16777216,6,16777216:ECB:6,1e1bea3ecb5f668d53c5b8800a87dd800e554025d751010c8697c538f6ea1f1f,1,799,True,1,3920.613769342337,,0.004279232025146485,,,4279232.025146484,,,,,,,,,4279232.025146484
0e63ef0f-78d2-4dca-98d8-8f74edad751a,2007,AES-128,encrypt,cuda_baseline,baseline,pipeline,pinned,ECB,16777216,6,16777216:ECB:6,1e1bea3ecb5f668d53c5b8800a87dd800e554025d751010c8697c538f6ea1f1f,2,800,True,,4097.984886258595,1120.9995790542753,0.004094016075134277,0.0149663,5369300,4094016.0751342773,5364700,10734000,14966300,,,,,,
0e63ef0f-78d2-4dca-98d8-8f74edad751a,2007,AES-128,encrypt,cpu_aesni,aesni,transform,bytes,ECB,16777216,6,16777216:ECB:6,1e1bea3ecb5f668d53c5b8800a87dd800e554025d751010c8697c538f6ea1f1f,3,801,True,,,,,,,,,,,8119700,0.0081197,2066.235944677759,0,0.0,
0e63ef0f-78d2-4dca-98d8-8f74edad751a,2007,AES-128,encrypt,cuda_optimized_v1,optimized,resident,pinned,ECB,16777216,6,16777216:ECB:6,1e1bea3ecb5f668d53c5b8800a87dd800e554025d751010c8697c538f6ea1f1f,4,802,True,1,4169.022806606618,,0.004024256229400635,,,4024256.2294006348,,,,,,,,,4024256.2294006348
0e63ef0f-78d2-4dca-98d8-8f74edad751a,2007,AES-128,encrypt,cpu_software,software,transform,bytes,ECB,16777216,6,16777216:ECB:6,1e1bea3ecb5f668d53c5b8800a87dd800e554025d751010c8697c538f6ea1f1f,5,803,True,,,,,,,,,,,60369900,0.0603699,277.90697019541193,62500000,1.0352841399439126,
0e63ef0f-78d2-4dca-98d8-8f74edad751a,2007,AES-128,encrypt,cuda_baseline,baseline,pipeline,pinned,ECB,16777216,7,16777216:ECB:7,a89004acee1e1407c355fc226ea449e66c0f6cab9273a81df6a5ddb21e69687c,0,804,True,,4178.159383603558,1157.9997377157806,0.0040154561996459965,0.0144881,5208500,4015456.199645996,5163200,10371700,14488100,,,,,,
0e63ef0f-78d2-4dca-98d8-8f74edad751a,2007,AES-128,encrypt,cuda_optimized_v1,optimized,resident,pinned,ECB,16777216,7,16777216:ECB:7,a89004acee1e1407c355fc226ea449e66c0f6cab9273a81df6a5ddb21e69687c,1,805,True,1,4308.390256243527,,0.0038940799236297607,,,3894079.9236297607,,,,,,,,,3894079.9236297607
0e63ef0f-78d2-4dca-98d8-8f74edad751a,2007,AES-128,encrypt,cuda_baseline,baseline,resident,pinned,ECB,16777216,7,16777216:ECB:7,a89004acee1e1407c355fc226ea449e66c0f6cab9273a81df6a5ddb21e69687c,2,806,True,1,4288.479086795685,,0.00391215991973877,,,3912159.9197387695,,,,,,,,,3912159.9197387695
0e63ef0f-78d2-4dca-98d8-8f74edad751a,2007,AES-128,encrypt,cpu_software,software,transform,bytes,ECB,16777216,7,16777216:ECB:7,a89004acee1e1407c355fc226ea449e66c0f6cab9273a81df6a5ddb21e69687c,3,807,True,,,,,,,,,,,58457100,0.0584571,287.00048411570197,62500000,1.069160119130097,
0e63ef0f-78d2-4dca-98d8-8f74edad751a,2007,AES-128,encrypt,cpu_aesni,aesni,transform,bytes,ECB,16777216,7,16777216:ECB:7,a89004acee1e1407c355fc226ea449e66c0f6cab9273a81df6a5ddb21e69687c,4,808,True,,,,,,,,,,,9247200,0.0092472,1814.302275283329,0,0.0,
0e63ef0f-78d2-4dca-98d8-8f74edad751a,2007,AES-128,encrypt,cuda_optimized_v1,optimized,pipeline,pinned,ECB,16777216,7,16777216:ECB:7,a89004acee1e1407c355fc226ea449e66c0f6cab9273a81df6a5ddb21e69687c,5,809,True,,4206.857208615477,1151.2613138085076,0.003988064050674438,0.0145729,5260500,3988064.0506744385,5213700,10474200,14572900,,,,,,
0e63ef0f-78d2-4dca-98d8-8f74edad751a,2007,AES-128,encrypt,cpu_aesni,aesni,transform,bytes,CTR,16777216,7,16777216:CTR:7,d6d1f9d294909ce855bb20d06c8b59a63c01a676b1dc43c98175708f772be86c,0,810,True,,,,,,,,,,,13372100,0.0133721,1254.6433245339176,15625000,1.1684776512290516,
0e63ef0f-78d2-4dca-98d8-8f74edad751a,2007,AES-128,encrypt,cuda_baseline,baseline,pipeline,pinned,CTR,16777216,7,16777216:CTR:7,d6d1f9d294909ce855bb20d06c8b59a63c01a676b1dc43c98175708f772be86c,1,811,True,,4107.005611918221,1109.3547747199705,0.0040850238800048825,0.0151234,5583200,4085023.880004883,5229200,10812400,15123400,,,,,,
0e63ef0f-78d2-4dca-98d8-8f74edad751a,2007,AES-128,encrypt,cuda_optimized_v1,optimized,pipeline,pinned,CTR,16777216,7,16777216:CTR:7,d6d1f9d294909ce855bb20d06c8b59a63c01a676b1dc43c98175708f772be86c,2,812,True,,4070.148245673142,1129.5810834466693,0.004122015953063965,0.0148526,5283300,4122015.953063965,5310300,10593600,14852600,,,,,,
0e63ef0f-78d2-4dca-98d8-8f74edad751a,2007,AES-128,encrypt,cpu_software,software,transform,bytes,CTR,16777216,7,16777216:CTR:7,d6d1f9d294909ce855bb20d06c8b59a63c01a676b1dc43c98175708f772be86c,3,813,True,,,,,,,,,,,63142700,0.0631427,265.70317708935477,62500000,0.9898214678814812,
0e63ef0f-78d2-4dca-98d8-8f74edad751a,2007,AES-128,encrypt,cuda_optimized_v1,optimized,resident,pinned,CTR,16777216,7,16777216:CTR:7,d6d1f9d294909ce855bb20d06c8b59a63c01a676b1dc43c98175708f772be86c,4,814,True,1,4206.114664047197,,0.003988768100738525,,,3988768.1007385254,,,,,,,,,3988768.1007385254
0e63ef0f-78d2-4dca-98d8-8f74edad751a,2007,AES-128,encrypt,cuda_baseline,baseline,resident,pinned,CTR,16777216,7,16777216:CTR:7,d6d1f9d294909ce855bb20d06c8b59a63c01a676b1dc43c98175708f772be86c,5,815,True,1,4216.601408806472,,0.0039788479804992675,,,3978847.9804992676,,,,,,,,,3978847.9804992676
0e63ef0f-78d2-4dca-98d8-8f74edad751a,2007,AES-128,encrypt,cpu_aesni,aesni,transform,bytes,CTR,16777216,8,16777216:CTR:8,329cccf15d4dc7ff4d1a027afd12bd05dbcbee5d86d668f7aab79cceac1e1ece,0,816,True,,,,,,,,,,,12058000,0.012058,1391.3763476530105,15625000,1.2958202023552827,
0e63ef0f-78d2-4dca-98d8-8f74edad751a,2007,AES-128,encrypt,cuda_baseline,baseline,pipeline,pinned,CTR,16777216,8,16777216:CTR:8,329cccf15d4dc7ff4d1a027afd12bd05dbcbee5d86d668f7aab79cceac1e1ece,1,817,True,,4009.1147701605328,1140.3142841607307,0.004184768199920654,0.0147128,5207900,4184768.1999206543,5201900,10409800,14712800,,,,,,
0e63ef0f-78d2-4dca-98d8-8f74edad751a,2007,AES-128,encrypt,cuda_optimized_v1,optimized,resident,pinned,CTR,16777216,8,16777216:CTR:8,329cccf15d4dc7ff4d1a027afd12bd05dbcbee5d86d668f7aab79cceac1e1ece,2,818,True,1,4059.967908410751,,0.004132351875305176,,,4132351.875305176,,,,,,,,,4132351.875305176
0e63ef0f-78d2-4dca-98d8-8f74edad751a,2007,AES-128,encrypt,cpu_software,software,transform,bytes,CTR,16777216,8,16777216:CTR:8,329cccf15d4dc7ff4d1a027afd12bd05dbcbee5d86d668f7aab79cceac1e1ece,3,819,True,,,,,,,,,,,62384800,0.0623848,268.93114989548735,62500000,1.0018466036598659,
0e63ef0f-78d2-4dca-98d8-8f74edad751a,2007,AES-128,encrypt,cuda_baseline,baseline,resident,pinned,CTR,16777216,8,16777216:CTR:8,329cccf15d4dc7ff4d1a027afd12bd05dbcbee5d86d668f7aab79cceac1e1ece,4,820,True,1,3086.4981510797847,,0.005435679912567139,,,5435679.912567139,,,,,,,,,5435679.912567139
0e63ef0f-78d2-4dca-98d8-8f74edad751a,2007,AES-128,encrypt,cuda_optimized_v1,optimized,pipeline,pinned,CTR,16777216,8,16777216:CTR:8,329cccf15d4dc7ff4d1a027afd12bd05dbcbee5d86d668f7aab79cceac1e1ece,5,821,True,,3089.116710978189,635.7727360574792,0.005431072235107422,0.0263887,10430200,5431072.235107422,10395300,20825500,26388700,,,,,,
0e63ef0f-78d2-4dca-98d8-8f74edad751a,2007,AES-128,encrypt,cuda_optimized_v1,optimized,pipeline,pinned,ECB,16777216,8,16777216:ECB:8,e9fc1d831ba5203bf0c465e176387bde50d721b8ea291a12dbfea487b1655221,0,822,True,,3098.1526622558845,636.936124978645,0.0054152321815490725,0.0263405,10359400,5415232.181549072,10418100,20777500,26340500,,,,,,
0e63ef0f-78d2-4dca-98d8-8f74edad751a,2007,AES-128,encrypt,cpu_software,software,transform,bytes,ECB,16777216,8,16777216:ECB:8,e9fc1d831ba5203bf0c465e176387bde50d721b8ea291a12dbfea487b1655221,1,823,True,,,,,,,,,,,58635700,0.0586357,286.12630189457957,62500000,1.0659035365826621,
0e63ef0f-78d2-4dca-98d8-8f74edad751a,2007,AES-128,encrypt,cuda_baseline,baseline,resident,pinned,ECB,16777216,8,16777216:ECB:8,e9fc1d831ba5203bf0c465e176387bde50d721b8ea291a12dbfea487b1655221,2,824,True,1,3095.6100051999433,,0.005419680118560791,,,5419680.118560791,,,,,,,,,5419680.118560791
0e63ef0f-78d2-4dca-98d8-8f74edad751a,2007,AES-128,encrypt,cuda_baseline,baseline,pipeline,pinned,ECB,16777216,8,16777216:ECB:8,e9fc1d831ba5203bf0c465e176387bde50d721b8ea291a12dbfea487b1655221,3,825,True,,2943.453815798326,634.4911882610998,0.005699840068817139,0.026442,10386400,5699840.068817139,10213600,20600000,26442000,,,,,,
0e63ef0f-78d2-4dca-98d8-8f74edad751a,2007,AES-128,encrypt,cpu_aesni,aesni,transform,bytes,ECB,16777216,8,16777216:ECB:8,e9fc1d831ba5203bf0c465e176387bde50d721b8ea291a12dbfea487b1655221,4,826,True,,,,,,,,,,,9425400,0.0094254,1780.000424385172,15625000,1.6577545780550427,
0e63ef0f-78d2-4dca-98d8-8f74edad751a,2007,AES-128,encrypt,cuda_optimized_v1,optimized,resident,pinned,ECB,16777216,8,16777216:ECB:8,e9fc1d831ba5203bf0c465e176387bde50d721b8ea291a12dbfea487b1655221,5,827,True,1,3033.5123603571787,,0.005530623912811279,,,5530623.912811279,,,,,,,,,5530623.912811279
0e63ef0f-78d2-4dca-98d8-8f74edad751a,2007,AES-128,encrypt,cuda_baseline,baseline,resident,pinned,ECB,16777216,9,16777216:ECB:9,74c808e97579f5415430a617f19cb03c1ffb41bd8046f96526e25ab4e0d6ccfc,0,828,True,1,2883.7772434180924,,0.005817791938781738,,,5817791.938781738,,,,,,,,,5817791.938781738
0e63ef0f-78d2-4dca-98d8-8f74edad751a,2007,AES-128,encrypt,cpu_aesni,aesni,transform,bytes,ECB,16777216,9,16777216:ECB:9,74c808e97579f5415430a617f19cb03c1ffb41bd8046f96526e25ab4e0d6ccfc,1,829,True,,,,,,,,,,,8798000,0.008798,1906.9352125483065,0,0.0,
0e63ef0f-78d2-4dca-98d8-8f74edad751a,2007,AES-128,encrypt,cuda_optimized_v1,optimized,resident,pinned,ECB,16777216,9,16777216:ECB:9,74c808e97579f5415430a617f19cb03c1ffb41bd8046f96526e25ab4e0d6ccfc,2,830,True,1,2861.584054225078,,0.005862912178039551,,,5862912.178039551,,,,,,,,,5862912.178039551
0e63ef0f-78d2-4dca-98d8-8f74edad751a,2007,AES-128,encrypt,cuda_baseline,baseline,pipeline,pinned,ECB,16777216,9,16777216:ECB:9,74c808e97579f5415430a617f19cb03c1ffb41bd8046f96526e25ab4e0d6ccfc,3,831,True,,2921.573236004389,632.9591790537992,0.005742527961730957,0.026506,10503200,5742527.961730957,10149000,20652200,26506000,,,,,,
0e63ef0f-78d2-4dca-98d8-8f74edad751a,2007,AES-128,encrypt,cuda_optimized_v1,optimized,pipeline,pinned,ECB,16777216,9,16777216:ECB:9,74c808e97579f5415430a617f19cb03c1ffb41bd8046f96526e25ab4e0d6ccfc,4,832,True,,2873.692651826708,632.0125670070859,0.0058382081985473636,0.0265457,10349800,5838208.198547363,10238800,20588600,26545700,,,,,,
0e63ef0f-78d2-4dca-98d8-8f74edad751a,2007,AES-128,encrypt,cpu_software,software,transform,bytes,ECB,16777216,9,16777216:ECB:9,74c808e97579f5415430a617f19cb03c1ffb41bd8046f96526e25ab4e0d6ccfc,5,833,True,,,,,,,,,,,72531500,0.0725315,231.30937592632168,78125000,1.0771182176020073,
0e63ef0f-78d2-4dca-98d8-8f74edad751a,2007,AES-128,encrypt,cuda_baseline,baseline,pipeline,pinned,CTR,16777216,9,16777216:CTR:9,65e5388d0d42a117d78a4ff8e662c56a55118f9d6563d936696429a03883d44f,0,834,True,,3645.7497051881337,1101.8649433213802,0.004601856231689453,0.0152262,5282400,4601856.231689453,5193800,10476200,15226200,,,,,,
0e63ef0f-78d2-4dca-98d8-8f74edad751a,2007,AES-128,encrypt,cpu_software,software,transform,bytes,CTR,16777216,9,16777216:CTR:9,65e5388d0d42a117d78a4ff8e662c56a55118f9d6563d936696429a03883d44f,1,835,True,,,,,,,,,,,60845600,0.0608456,275.734251942622,46875000,0.7703926002866271,
0e63ef0f-78d2-4dca-98d8-8f74edad751a,2007,AES-128,encrypt,cuda_optimized_v1,optimized,resident,pinned,CTR,16777216,9,16777216:CTR:9,65e5388d0d42a117d78a4ff8e662c56a55118f9d6563d936696429a03883d44f,2,836,True,1,3680.8156553561034,,0.004558015823364258,,,4558015.823364258,,,,,,,,,4558015.823364258
0e63ef0f-78d2-4dca-98d8-8f74edad751a,2007,AES-128,encrypt,cuda_baseline,baseline,resident,pinned,CTR,16777216,9,16777216:CTR:9,65e5388d0d42a117d78a4ff8e662c56a55118f9d6563d936696429a03883d44f,3,837,True,1,3708.5442324738515,,0.004523935794830322,,,4523935.794830322,,,,,,,,,4523935.794830322
0e63ef0f-78d2-4dca-98d8-8f74edad751a,2007,AES-128,encrypt,cpu_aesni,aesni,transform,bytes,CTR,16777216,9,16777216:CTR:9,65e5388d0d42a117d78a4ff8e662c56a55118f9d6563d936696429a03883d44f,4,838,True,,,,,,,,,,,11200200,0.0112002,1497.9389653756182,0,0.0,
0e63ef0f-78d2-4dca-98d8-8f74edad751a,2007,AES-128,encrypt,cuda_optimized_v1,optimized,pipeline,pinned,CTR,16777216,9,16777216:CTR:9,65e5388d0d42a117d78a4ff8e662c56a55118f9d6563d936696429a03883d44f,5,839,True,,3750.2718917122575,1086.1500016184896,0.004473599910736084,0.0154465,5266000,4473599.910736084,5558700,10824700,15446500,,,,,,
0e63ef0f-78d2-4dca-98d8-8f74edad751a,2007,AES-128,encrypt,cuda_baseline,baseline,pipeline,pinned,CTR,16777216,10,16777216:CTR:10,04bc72a64a2b3f16e570a9e6a20c39185db9cf982fdaa413c0576afa28ce1a25,0,840,True,,3688.843713093946,1091.7051776755445,0.004548096179962159,0.0153679,5214300,4548096.179962158,5491100,10705400,15367900,,,,,,
0e63ef0f-78d2-4dca-98d8-8f74edad751a,2007,AES-128,encrypt,cpu_software,software,transform,bytes,CTR,16777216,10,16777216:CTR:10,04bc72a64a2b3f16e570a9e6a20c39185db9cf982fdaa413c0576afa28ce1a25,1,841,True,,,,,,,,,,,63819900,0.0638199,262.8837713628508,62500000,0.979318363081108,
0e63ef0f-78d2-4dca-98d8-8f74edad751a,2007,AES-128,encrypt,cuda_optimized_v1,optimized,pipeline,pinned,CTR,16777216,10,16777216:CTR:10,04bc72a64a2b3f16e570a9e6a20c39185db9cf982fdaa413c0576afa28ce1a25,2,842,True,,3722.658139491765,1112.7467119444464,0.004506783962249756,0.0150773,5199400,4506783.962249756,5265200,10464600,15077300,,,,,,
0e63ef0f-78d2-4dca-98d8-8f74edad751a,2007,AES-128,encrypt,cuda_optimized_v1,optimized,resident,pinned,CTR,16777216,10,16777216:CTR:10,04bc72a64a2b3f16e570a9e6a20c39185db9cf982fdaa413c0576afa28ce1a25,3,843,True,1,3695.9950276064296,,0.004539296150207519,,,4539296.1502075195,,,,,,,,,4539296.1502075195
0e63ef0f-78d2-4dca-98d8-8f74edad751a,2007,AES-128,encrypt,cuda_baseline,baseline,resident,pinned,CTR,16777216,10,16777216:CTR:10,04bc72a64a2b3f16e570a9e6a20c39185db9cf982fdaa413c0576afa28ce1a25,4,844,True,1,3727.7930487345725,,0.004500576019287109,,,4500576.019287109,,,,,,,,,4500576.019287109
0e63ef0f-78d2-4dca-98d8-8f74edad751a,2007,AES-128,encrypt,cpu_aesni,aesni,transform,bytes,CTR,16777216,10,16777216:CTR:10,04bc72a64a2b3f16e570a9e6a20c39185db9cf982fdaa413c0576afa28ce1a25,5,845,True,,,,,,,,,,,12037500,0.0120375,1393.7458774662514,15625000,1.2980269989615785,
0e63ef0f-78d2-4dca-98d8-8f74edad751a,2007,AES-128,encrypt,cpu_software,software,transform,bytes,ECB,16777216,10,16777216:ECB:10,228e5315bbe215b0c7e542b3ba61a9b5a445520210702e54f35ec981c8e092fb,0,846,True,,,,,,,,,,,59855900,0.0598559,280.29343807377387,62500000,1.044174425578765,
0e63ef0f-78d2-4dca-98d8-8f74edad751a,2007,AES-128,encrypt,cuda_baseline,baseline,resident,pinned,ECB,16777216,10,16777216:ECB:10,228e5315bbe215b0c7e542b3ba61a9b5a445520210702e54f35ec981c8e092fb,1,847,True,1,3783.2877834808933,,0.0044345598220825195,,,4434559.8220825195,,,,,,,,,4434559.8220825195
0e63ef0f-78d2-4dca-98d8-8f74edad751a,2007,AES-128,encrypt,cuda_optimized_v1,optimized,resident,pinned,ECB,16777216,10,16777216:ECB:10,228e5315bbe215b0c7e542b3ba61a9b5a445520210702e54f35ec981c8e092fb,2,848,True,1,3806.8020862353164,,0.004407167911529541,,,4407167.911529541,,,,,,,,,4407167.911529541
0e63ef0f-78d2-4dca-98d8-8f74edad751a,2007,AES-128,encrypt,cuda_optimized_v1,optimized,pipeline,pinned,ECB,16777216,10,16777216:ECB:10,228e5315bbe215b0c7e542b3ba61a9b5a445520210702e54f35ec981c8e092fb,3,849,True,,3848.211207603243,1094.9112765860248,0.004359744071960449,0.0153229,5598000,4359744.071960449,5198800,10796800,15322900,,,,,,
0e63ef0f-78d2-4dca-98d8-8f74edad751a,2007,AES-128,encrypt,cuda_baseline,baseline,pipeline,pinned,ECB,16777216,10,16777216:ECB:10,228e5315bbe215b0c7e542b3ba61a9b5a445520210702e54f35ec981c8e092fb,4,850,True,,3880.969858145125,1118.8017898464227,0.004322944164276123,0.0149957,5367400,4322944.164276123,5214700,10582100,14995700,,,,,,
0e63ef0f-78d2-4dca-98d8-8f74edad751a,2007,AES-128,encrypt,cpu_aesni,aesni,transform,bytes,ECB,16777216,10,16777216:ECB:10,228e5315bbe215b0c7e542b3ba61a9b5a445520210702e54f35ec981c8e092fb,5,851,True,,,,,,,,,,,8888500,0.0088885,1887.51937897283,15625000,1.7578894076615852,
0e63ef0f-78d2-4dca-98d8-8f74edad751a,2007,AES-128,encrypt,cuda_baseline,baseline,pipeline,pinned,CTR,16777216,11,16777216:CTR:11,36a8d49340285f94d24a6f5a0532354defcc62bc527451701c0d95cff374a97f,0,852,True,,3700.1948501362267,1089.146715138925,0.004534143924713135,0.015404,5603100,4534143.924713135,5148000,10751100,15404000,,,,,,
0e63ef0f-78d2-4dca-98d8-8f74edad751a,2007,AES-128,encrypt,cuda_optimized_v1,optimized,resident,pinned,CTR,16777216,11,16777216:CTR:11,36a8d49340285f94d24a6f5a0532354defcc62bc527451701c0d95cff374a97f,1,853,True,1,3694.484570968236,,0.0045411520004272465,,,4541152.000427246,,,,,,,,,4541152.000427246
0e63ef0f-78d2-4dca-98d8-8f74edad751a,2007,AES-128,encrypt,cuda_optimized_v1,optimized,pipeline,pinned,CTR,16777216,11,16777216:CTR:11,36a8d49340285f94d24a6f5a0532354defcc62bc527451701c0d95cff374a97f,2,854,True,,3804.730222006429,1108.1603994795141,0.004409567832946777,0.0151397,5398300,4409567.832946777,5202300,10600600,15139700,,,,,,
0e63ef0f-78d2-4dca-98d8-8f74edad751a,2007,AES-128,encrypt,cpu_aesni,aesni,transform,bytes,CTR,16777216,11,16777216:CTR:11,36a8d49340285f94d24a6f5a0532354defcc62bc527451701c0d95cff374a97f,3,855,True,,,,,,,,,,,10761100,0.0107611,1559.061434239994,0,0.0,
0e63ef0f-78d2-4dca-98d8-8f74edad751a,2007,AES-128,encrypt,cuda_baseline,baseline,resident,pinned,CTR,16777216,11,16777216:CTR:11,36a8d49340285f94d24a6f5a0532354defcc62bc527451701c0d95cff374a97f,4,856,True,1,3649.6073828701997,,0.004596992015838623,,,4596992.015838623,,,,,,,,,4596992.015838623
0e63ef0f-78d2-4dca-98d8-8f74edad751a,2007,AES-128,encrypt,cpu_software,software,transform,bytes,CTR,16777216,11,16777216:CTR:11,36a8d49340285f94d24a6f5a0532354defcc62bc527451701c0d95cff374a97f,5,857,True,,,,,,,,,,,61550800,0.0615508,272.5751086907075,62500000,1.0154214080076944,
0e63ef0f-78d2-4dca-98d8-8f74edad751a,2007,AES-128,encrypt,cpu_aesni,aesni,transform,bytes,ECB,16777216,11,16777216:ECB:11,66bc5bc4234b41325891dfc3b0f1a2d1a0743f1a89fa0ae9c203ac4277756883,0,858,True,,,,,,,,,,,8777700,0.0087777,1911.3453410346674,15625000,1.7800790639917063,
0e63ef0f-78d2-4dca-98d8-8f74edad751a,2007,AES-128,encrypt,cuda_optimized_v1,optimized,pipeline,pinned,ECB,16777216,11,16777216:ECB:11,66bc5bc4234b41325891dfc3b0f1a2d1a0743f1a89fa0ae9c203ac4277756883,1,859,True,,3809.0147557523264,1130.4030508428896,0.004404607772827148,0.0148418,5208800,4404607.772827148,5132300,10341100,14841800,,,,,,
0e63ef0f-78d2-4dca-98d8-8f74edad751a,2007,AES-128,encrypt,cuda_optimized_v1,optimized,resident,pinned,ECB,16777216,11,16777216:ECB:11,66bc5bc4234b41325891dfc3b0f1a2d1a0743f1a89fa0ae9c203ac4277756883,2,860,True,1,3761.248759955781,,0.004460544109344483,,,4460544.109344482,,,,,,,,,4460544.109344482
0e63ef0f-78d2-4dca-98d8-8f74edad751a,2007,AES-128,encrypt,cuda_baseline,baseline,resident,pinned,ECB,16777216,11,16777216:ECB:11,66bc5bc4234b41325891dfc3b0f1a2d1a0743f1a89fa0ae9c203ac4277756883,3,861,True,1,3923.8414439583808,,0.004275712013244629,,,4275712.013244629,,,,,,,,,4275712.013244629
0e63ef0f-78d2-4dca-98d8-8f74edad751a,2007,AES-128,encrypt,cuda_baseline,baseline,pipeline,pinned,ECB,16777216,11,16777216:ECB:11,66bc5bc4234b41325891dfc3b0f1a2d1a0743f1a89fa0ae9c203ac4277756883,4,862,True,,3890.8202195366343,1127.6147461101589,0.004311999797821045,0.0148785,5268500,4311999.797821045,5167300,10435800,14878500,,,,,,
0e63ef0f-78d2-4dca-98d8-8f74edad751a,2007,AES-128,encrypt,cpu_software,software,transform,bytes,ECB,16777216,11,16777216:ECB:11,66bc5bc4234b41325891dfc3b0f1a2d1a0743f1a89fa0ae9c203ac4277756883,5,863,True,,,,,,,,,,,76800300,0.0768003,218.4524800033333,78125000,1.0172486305392037,
0e63ef0f-78d2-4dca-98d8-8f74edad751a,2007,AES-128,encrypt,cuda_baseline,baseline,resident,pinned,ECB,16777216,12,16777216:ECB:12,f165a23dbb694b18a7d676f0683bbc0ce7e1117345f74e7797f505663bd1980b,0,864,True,1,3779.3876765843393,,0.004439136028289795,,,4439136.028289795,,,,,,,,,4439136.028289795
0e63ef0f-78d2-4dca-98d8-8f74edad751a,2007,AES-128,encrypt,cpu_software,software,transform,bytes,ECB,16777216,12,16777216:ECB:12,f165a23dbb694b18a7d676f0683bbc0ce7e1117345f74e7797f505663bd1980b,1,865,True,,,,,,,,,,,58326000,0.058326,287.64557830127217,62500000,1.071563282241196,
0e63ef0f-78d2-4dca-98d8-8f74edad751a,2007,AES-128,encrypt,cuda_optimized_v1,optimized,pipeline,pinned,ECB,16777216,12,16777216:ECB:12,f165a23dbb694b18a7d676f0683bbc0ce7e1117345f74e7797f505663bd1980b,2,866,True,,2812.3869121184744,620.1358019671695,0.005965472221374512,0.0270541,10403500,5965472.221374512,10548400,20951900,27054100,,,,,,
0e63ef0f-78d2-4dca-98d8-8f74edad751a,2007,AES-128,encrypt,cuda_optimized_v1,optimized,resident,pinned,ECB,16777216,12,16777216:ECB:12,f165a23dbb694b18a7d676f0683bbc0ce7e1117345f74e7797f505663bd1980b,3,867,True,1,2793.8930204417993,,0.006004960060119629,,,6004960.060119629,,,,,,,,,6004960.060119629
0e63ef0f-78d2-4dca-98d8-8f74edad751a,2007,AES-128,encrypt,cuda_baseline,baseline,pipeline,pinned,ECB,16777216,12,16777216:ECB:12,f165a23dbb694b18a7d676f0683bbc0ce7e1117345f74e7797f505663bd1980b,4,868,True,,2844.876554639948,628.0378981571254,0.00589734411239624,0.0267137,10452900,5897344.11239624,10225600,20678500,26713700,,,,,,
0e63ef0f-78d2-4dca-98d8-8f74edad751a,2007,AES-128,encrypt,cpu_aesni,aesni,transform,bytes,ECB,16777216,12,16777216:ECB:12,f165a23dbb694b18a7d676f0683bbc0ce7e1117345f74e7797f505663bd1980b,5,869,True,,,,,,,,,,,8600500,0.0086005,1950.7256554851463,15625000,1.8167548398348934,
0e63ef0f-78d2-4dca-98d8-8f74edad751a,2007,AES-128,encrypt,cuda_optimized_v1,optimized,resident,pinned,CTR,16777216,12,16777216:CTR:12,8718f8d9af056a95e5c2b721ef41564976504197362e2d40f3ce7a0c2b3f406c,0,870,True,1,2776.1256420931436,,0.0060433921813964845,,,6043392.181396484,,,,,,,,,6043392.181396484
0e63ef0f-78d2-4dca-98d8-8f74edad751a,2007,AES-128,encrypt,cuda_optimized_v1,optimized,pipeline,pinned,CTR,16777216,12,16777216:CTR:12,8718f8d9af056a95e5c2b721ef41564976504197362e2d40f3ce7a0c2b3f406c,1,871,True,,2798.277093375445,626.1276646563564,0.005995552062988282,0.0267952,10361200,5995552.062988281,10322900,20684100,26795200,,,,,,
0e63ef0f-78d2-4dca-98d8-8f74edad751a,2007,AES-128,encrypt,cuda_baseline,baseline,resident,pinned,CTR,16777216,12,16777216:CTR:12,8718f8d9af056a95e5c2b721ef41564976504197362e2d40f3ce7a0c2b3f406c,2,872,True,1,2689.0563875673115,,0.0062390718460083,,,6239071.846008301,,,,,,,,,6239071.846008301
0e63ef0f-78d2-4dca-98d8-8f74edad751a,2007,AES-128,encrypt,cuda_baseline,baseline,pipeline,pinned,CTR,16777216,12,16777216:CTR:12,8718f8d9af056a95e5c2b721ef41564976504197362e2d40f3ce7a0c2b3f406c,3,873,True,,2726.8604374224155,623.7880404674353,0.006152575969696045,0.0268957,10449100,6152575.969696045,10165200,20614300,26895700,,,,,,
0e63ef0f-78d2-4dca-98d8-8f74edad751a,2007,AES-128,encrypt,cpu_software,software,transform,bytes,CTR,16777216,12,16777216:CTR:12,8718f8d9af056a95e5c2b721ef41564976504197362e2d40f3ce7a0c2b3f406c,4,874,True,,,,,,,,,,,63493100,0.0634931,264.23683833361423,62500000,0.9843589303404622,
0e63ef0f-78d2-4dca-98d8-8f74edad751a,2007,AES-128,encrypt,cpu_aesni,aesni,transform,bytes,CTR,16777216,12,16777216:CTR:12,8718f8d9af056a95e5c2b721ef41564976504197362e2d40f3ce7a0c2b3f406c,5,875,True,,,,,,,,,,,11239300,0.0112393,1492.7278389223527,15625000,1.390211134145365,
0e63ef0f-78d2-4dca-98d8-8f74edad751a,2007,AES-128,encrypt,cuda_baseline,baseline,resident,pinned,CTR,16777216,13,16777216:CTR:13,32cfe12621de4a47f977fb807978069d8647c63328274df6ef956f8fd1969a7e,0,876,True,1,2617.605149392669,,0.0064093761444091795,,,6409376.14440918,,,,,,,,,6409376.14440918
0e63ef0f-78d2-4dca-98d8-8f74edad751a,2007,AES-128,encrypt,cpu_aesni,aesni,transform,bytes,CTR,16777216,13,16777216:CTR:13,32cfe12621de4a47f977fb807978069d8647c63328274df6ef956f8fd1969a7e,1,877,True,,,,,,,,,,,14230500,0.0142305,1178.9618073855452,15625000,1.0979937458276237,
0e63ef0f-78d2-4dca-98d8-8f74edad751a,2007,AES-128,encrypt,cuda_optimized_v1,optimized,resident,pinned,CTR,16777216,13,16777216:CTR:13,32cfe12621de4a47f977fb807978069d8647c63328274df6ef956f8fd1969a7e,2,878,True,1,2709.218760774371,,0.006192639827728271,,,6192639.8277282715,,,,,,,,,6192639.8277282715
0e63ef0f-78d2-4dca-98d8-8f74edad751a,2007,AES-128,encrypt,cuda_optimized_v1,optimized,pipeline,pinned,CTR,16777216,13,16777216:CTR:13,32cfe12621de4a47f977fb807978069d8647c63328274df6ef956f8fd1969a7e,3,879,True,,2624.247848043455,615.3976172310581,0.006393152236938477,0.0272624,10403200,6393152.236938477,10333000,20736200,27262400,,,,,,
0e63ef0f-78d2-4dca-98d8-8f74edad751a,2007,AES-128,encrypt,cpu_software,software,transform,bytes,CTR,16777216,13,16777216:CTR:13,32cfe12621de4a47f977fb807978069d8647c63328274df6ef956f8fd1969a7e,4,880,True,,,,,,,,,,,63963800,0.0639638,262.2923591156248,78125000,1.2213939759676566,
0e63ef0f-78d2-4dca-98d8-8f74edad751a,2007,AES-128,encrypt,cuda_baseline,baseline,pipeline,pinned,CTR,16777216,13,16777216:CTR:13,32cfe12621de4a47f977fb807978069d8647c63328274df6ef956f8fd1969a7e,5,881,True,,2631.5451711897617,622.7992753838387,0.006375423908233643,0.0269384,10327200,6375423.908233643,10146400,20473600,26938400,,,,,,
0e63ef0f-78d2-4dca-98d8-8f74edad751a,2007,AES-128,encrypt,cuda_optimized_v1,optimized,pipeline,pinned,ECB,16777216,13,16777216:ECB:13,90f2e805b2e441cc48cfb9ed3cc23116c74f2522b78c15fbec20b42922386ef6,0,882,True,,2531.9727689749684,609.6394245618625,0.00662614393234253,0.0275199,10390700,6626143.932342529,10340300,20731000,27519900,,,,,,
0e63ef0f-78d2-4dca-98d8-8f74edad751a,2007,AES-128,encrypt,cuda_baseline,baseline,pipeline,pinned,ECB,16777216,13,16777216:ECB:13,90f2e805b2e441cc48cfb9ed3cc23116c74f2522b78c15fbec20b42922386ef6,1,883,True,,2535.045611016841,597.8241007988939,0.006618112087249756,0.0280638,10496300,6618112.087249756,10788800,21285100,28063800,,,,,,
0e63ef0f-78d2-4dca-98d8-8f74edad751a,2007,AES-128,encrypt,cpu_aesni,aesni,transform,bytes,ECB,16777216,13,16777216:ECB:13,90f2e805b2e441cc48cfb9ed3cc23116c74f2522b78c15fbec20b42922386ef6,2,884,True,,,,,,,,,,,8338400,0.0083384,2012.042598100355,0,0.0,
0e63ef0f-78d2-4dca-98d8-8f74edad751a,2007,AES-128,encrypt,cuda_optimized_v1,optimized,resident,pinned,ECB,16777216,13,16777216:ECB:13,90f2e805b2e441cc48cfb9ed3cc23116c74f2522b78c15fbec20b42922386ef6,3,885,True,1,2545.062706432031,,0.0065920639038085935,,,6592063.903808594,,,,,,,,,6592063.903808594
0e63ef0f-78d2-4dca-98d8-8f74edad751a,2007,AES-128,encrypt,cpu_software,software,transform,bytes,ECB,16777216,13,16777216:ECB:13,90f2e805b2e441cc48cfb9ed3cc23116c74f2522b78c15fbec20b42922386ef6,4,886,True,,,,,,,,,,,59558800,0.0595588,281.6916391868204,46875000,0.7870373479653721,
0e63ef0f-78d2-4dca-98d8-8f74edad751a,2007,AES-128,encrypt,cuda_baseline,baseline,resident,pinned,ECB,16777216,13,16777216:ECB:13,90f2e805b2e441cc48cfb9ed3cc23116c74f2522b78c15fbec20b42922386ef6,5,887,True,1,2630.9772678185245,,0.006376800060272217,,,6376800.060272217,,,,,,,,,6376800.060272217
0e63ef0f-78d2-4dca-98d8-8f74edad751a,2007,AES-128,encrypt,cuda_optimized_v1,optimized,resident,pinned,CTR,16777216,14,16777216:CTR:14,d349c0c1bb66092f6ea83a0e366734dc2ba95f9cd607d8135267c70e9178bf80,0,888,True,1,2560.3750700837045,,0.006552639961242676,,,6552639.961242676,,,,,,,,,6552639.961242676
0e63ef0f-78d2-4dca-98d8-8f74edad751a,2007,AES-128,encrypt,cuda_baseline,baseline,resident,pinned,CTR,16777216,14,16777216:CTR:14,d349c0c1bb66092f6ea83a0e366734dc2ba95f9cd607d8135267c70e9178bf80,1,889,True,1,2554.051406044147,,0.006568863868713379,,,6568863.868713379,,,,,,,,,6568863.868713379
0e63ef0f-78d2-4dca-98d8-8f74edad751a,2007,AES-128,encrypt,cuda_baseline,baseline,pipeline,pinned,CTR,16777216,14,16777216:CTR:14,d349c0c1bb66092f6ea83a0e366734dc2ba95f9cd607d8135267c70e9178bf80,2,890,True,,2549.5925498563115,612.1328964747262,0.006580351829528808,0.0274078,10400000,6580351.829528809,10282300,20682300,27407800,,,,,,
0e63ef0f-78d2-4dca-98d8-8f74edad751a,2007,AES-128,encrypt,cpu_aesni,aesni,transform,bytes,CTR,16777216,14,16777216:CTR:14,d349c0c1bb66092f6ea83a0e366734dc2ba95f9cd607d8135267c70e9178bf80,3,891,True,,,,,,,,,,,10997600,0.0109976,1525.5342983923765,15625000,1.4207645304430057,
0e63ef0f-78d2-4dca-98d8-8f74edad751a,2007,AES-128,encrypt,cuda_optimized_v1,optimized,pipeline,pinned,CTR,16777216,14,16777216:CTR:14,d349c0c1bb66092f6ea83a0e366734dc2ba95f9cd607d8135267c70e9178bf80,4,892,True,,2558.500954834326,613.5297344343107,0.006557439804077149,0.0273454,10407200,6557439.804077148,10234800,20642000,27345400,,,,,,
0e63ef0f-78d2-4dca-98d8-8f74edad751a,2007,AES-128,encrypt,cpu_software,software,transform,bytes,CTR,16777216,14,16777216:CTR:14,d349c0c1bb66092f6ea83a0e366734dc2ba95f9cd607d8135267c70e9178bf80,5,893,True,,,,,,,,,,,63608100,0.0636081,263.75911244008233,62500000,0.9825792627039638,
0e63ef0f-78d2-4dca-98d8-8f74edad751a,2007,AES-128,encrypt,cpu_software,software,transform,bytes,ECB,16777216,14,16777216:ECB:14,78a9b040910fbd3d951992fe80fc2751bace6586d8d699db2901ddd7322bb48a,0,894,True,,,,,,,,,,,58143400,0.0581434,288.5489324669696,62500000,1.074928538750744,
0e63ef0f-78d2-4dca-98d8-8f74edad751a,2007,AES-128,encrypt,cuda_optimized_v1,optimized,resident,pinned,ECB,16777216,14,16777216:ECB:14,78a9b040910fbd3d951992fe80fc2751bace6586d8d699db2901ddd7322bb48a,1,895,True,1,3138.2277378822646,,0.00534607982635498,,,5346079.8263549805,,,,,,,,,5346079.8263549805
0e63ef0f-78d2-4dca-98d8-8f74edad751a,2007,AES-128,encrypt,cuda_baseline,baseline,resident,pinned,ECB,16777216,14,16777216:ECB:14,78a9b040910fbd3d951992fe80fc2751bace6586d8d699db2901ddd7322bb48a,2,896,True,1,3130.058877367647,,0.005360032081604004,,,5360032.081604004,,,,,,,,,5360032.081604004
0e63ef0f-78d2-4dca-98d8-8f74edad751a,2007,AES-128,encrypt,cuda_baseline,baseline,pipeline,pinned,ECB,16777216,14,16777216:ECB:14,78a9b040910fbd3d951992fe80fc2751bace6586d8d699db2901ddd7322bb48a,3,897,True,,3139.2612275834144,642.4679765793434,0.005344319820404053,0.0261137,10403400,5344319.820404053,10218900,20622300,26113700,,,,,,
0e63ef0f-78d2-4dca-98d8-8f74edad751a,2007,AES-128,encrypt,cpu_aesni,aesni,transform,bytes,ECB,16777216,14,16777216:ECB:14,78a9b040910fbd3d951992fe80fc2751bace6586d8d699db2901ddd7322bb48a,4,898,True,,,,,,,,,,,8782200,0.0087822,1910.3659675252215,15625000,1.779166951333379,
0e63ef0f-78d2-4dca-98d8-8f74edad751a,2007,AES-128,encrypt,cuda_optimized_v1,optimized,pipeline,pinned,ECB,16777216,14,16777216:ECB:14,78a9b040910fbd3d951992fe80fc2751bace6586d8d699db2901ddd7322bb48a,5,899,True,,3168.7649475504877,645.0691315113579,0.0052945599555969235,0.0260084,10359800,5294559.955596924,10236600,20596400,26008400,,,,,,
0e63ef0f-78d2-4dca-98d8-8f74edad751a,2007,AES-128,encrypt,cuda_baseline,baseline,resident,pinned,CTR,16777216,15,16777216:CTR:15,6d8e558efce12a7a0bab2bff2cf3afe7e59407e1848030d91b3ec68d362f485a,0,900,True,1,4191.520848001079,,0.004002655982971191,,,4002655.9829711914,,,,,,,,,4002655.9829711914
0e63ef0f-78d2-4dca-98d8-8f74edad751a,2007,AES-128,encrypt,cpu_software,software,transform,bytes,CTR,16777216,15,16777216:CTR:15,6d8e558efce12a7a0bab2bff2cf3afe7e59407e1848030d91b3ec68d362f485a,1,901,True,,,,,,,,,,,61519200,0.0615192,272.7151198325076,62500000,1.0159429901559187,
0e63ef0f-78d2-4dca-98d8-8f74edad751a,2007,AES-128,encrypt,cuda_optimized_v1,optimized,pipeline,pinned,CTR,16777216,15,16777216:CTR:15,6d8e558efce12a7a0bab2bff2cf3afe7e59407e1848030d91b3ec68d362f485a,2,902,True,,4224.517840016209,1156.411359250069,0.003971391916275024,0.014508,5261600,3971391.9162750244,5173500,10435100,14508000,,,,,,
0e63ef0f-78d2-4dca-98d8-8f74edad751a,2007,AES-128,encrypt,cuda_optimized_v1,optimized,resident,pinned,CTR,16777216,15,16777216:CTR:15,6d8e558efce12a7a0bab2bff2cf3afe7e59407e1848030d91b3ec68d362f485a,3,903,True,1,4384.00891455958,,0.0038269119262695312,,,3826911.9262695312,,,,,,,,,3826911.9262695312
0e63ef0f-78d2-4dca-98d8-8f74edad751a,2007,AES-128,encrypt,cpu_aesni,aesni,transform,bytes,CTR,16777216,15,16777216:CTR:15,6d8e558efce12a7a0bab2bff2cf3afe7e59407e1848030d91b3ec68d362f485a,4,904,True,,,,,,,,,,,11430800,0.0114308,1467.7201945620604,15625000,1.366920950414669,
0e63ef0f-78d2-4dca-98d8-8f74edad751a,2007,AES-128,encrypt,cuda_baseline,baseline,pipeline,pinned,CTR,16777216,15,16777216:CTR:15,6d8e558efce12a7a0bab2bff2cf3afe7e59407e1848030d91b3ec68d362f485a,5,905,True,,4236.123088851875,1162.5816644723166,0.003960511922836304,0.014431,5233600,3960511.9228363037,5135600,10369200,14431000,,,,,,
0e63ef0f-78d2-4dca-98d8-8f74edad751a,2007,AES-128,encrypt,cuda_optimized_v1,optimized,resident,pinned,ECB,16777216,15,16777216:ECB:15,c4b21842f97f5d131fbab1bb714a3268117e906c764c19e4dafdf8dcaa92aa1a,0,906,True,1,4296.033962635743,,0.003905280113220215,,,3905280.113220215,,,,,,,,,3905280.113220215
0e63ef0f-78d2-4dca-98d8-8f74edad751a,2007,AES-128,encrypt,cpu_aesni,aesni,transform,bytes,ECB,16777216,15,16777216:ECB:15,c4b21842f97f5d131fbab1bb714a3268117e906c764c19e4dafdf8dcaa92aa1a,1,907,True,,,,,,,,,,,8202600,0.0082026,2045.3534245239314,0,0.0,
0e63ef0f-78d2-4dca-98d8-8f74edad751a,2007,AES-128,encrypt,cuda_baseline,baseline,pipeline,pinned,ECB,16777216,15,16777216:ECB:15,c4b21842f97f5d131fbab1bb714a3268117e906c764c19e4dafdf8dcaa92aa1a,2,908,True,,4293.922906181816,1157.6960922998364,0.00390720009803772,0.0144919,5203200,3907200.0980377197,5289400,10492600,14491900,,,,,,
0e63ef0f-78d2-4dca-98d8-8f74edad751a,2007,AES-128,encrypt,cuda_optimized_v1,optimized,pipeline,pinned,ECB,16777216,15,16777216:ECB:15,c4b21842f97f5d131fbab1bb714a3268117e906c764c19e4dafdf8dcaa92aa1a,3,909,True,,4379.358147628763,1149.4235485948398,0.0038309760093688965,0.0145962,5437500,3830976.0093688965,5177100,10614600,14596200,,,,,,
0e63ef0f-78d2-4dca-98d8-8f74edad751a,2007,AES-128,encrypt,cuda_baseline,baseline,resident,pinned,ECB,16777216,15,16777216:ECB:15,c4b21842f97f5d131fbab1bb714a3268117e906c764c19e4dafdf8dcaa92aa1a,4,910,True,1,4343.944313656526,,0.0038622078895568846,,,3862207.8895568848,,,,,,,,,3862207.8895568848
0e63ef0f-78d2-4dca-98d8-8f74edad751a,2007,AES-128,encrypt,cpu_software,software,transform,bytes,ECB,16777216,15,16777216:ECB:15,c4b21842f97f5d131fbab1bb714a3268117e906c764c19e4dafdf8dcaa92aa1a,5,911,True,,,,,,,,,,,58665400,0.0586654,285.98144732670363,62500000,1.065363911266266,
0e63ef0f-78d2-4dca-98d8-8f74edad751a,2007,AES-128,encrypt,cuda_optimized_v1,optimized,resident,pinned,ECB,16777216,16,16777216:ECB:16,c5672dbbaa356a54b6f64fdd82a5f92de3fe661467d043c6b775a6a80a28e452,0,912,True,1,4321.885966484733,,0.0038819200992584227,,,3881920.099258423,,,,,,,,,3881920.099258423
0e63ef0f-78d2-4dca-98d8-8f74edad751a,2007,AES-128,encrypt,cpu_aesni,aesni,transform,bytes,ECB,16777216,16,16777216:ECB:16,c5672dbbaa356a54b6f64fdd82a5f92de3fe661467d043c6b775a6a80a28e452,1,913,True,,,,,,,,,,,9784900,0.0097849,1714.602704166624,15625000,1.596848204887122,
0e63ef0f-78d2-4dca-98d8-8f74edad751a,2007,AES-128,encrypt,cuda_baseline,baseline,pipeline,pinned,ECB,16777216,16,16777216:ECB:16,c5672dbbaa356a54b6f64fdd82a5f92de3fe661467d043c6b775a6a80a28e452,2,914,True,,4362.668000289155,1155.789966794803,0.0038456320762634277,0.0145158,5254500,3845632.0762634277,5277400,10531900,14515800,,,,,,
0e63ef0f-78d2-4dca-98d8-8f74edad751a,2007,AES-128,encrypt,cuda_optimized_v1,optimized,pipeline,pinned,ECB,16777216,16,16777216:ECB:16,c5672dbbaa356a54b6f64fdd82a5f92de3fe661467d043c6b775a6a80a28e452,3,915,True,,4280.286467262949,1163.726763220687,0.003919647932052612,0.0144168,5239900,3919647.9320526123,5154000,10393900,14416800,,,,,,
0e63ef0f-78d2-4dca-98d8-8f74edad751a,2007,AES-128,encrypt,cpu_software,software,transform,bytes,ECB,16777216,16,16777216:ECB:16,c5672dbbaa356a54b6f64fdd82a5f92de3fe661467d043c6b775a6a80a28e452,4,916,True,,,,,,,,,,,59505900,0.0595059,281.9420595268704,62500000,1.0503160190838219,
0e63ef0f-78d2-4dca-98d8-8f74edad751a,2007,AES-128,encrypt,cuda_baseline,baseline,resident,pinned,ECB,16777216,16,16777216:ECB:16,c5672dbbaa356a54b6f64fdd82a5f92de3fe661467d043c6b775a6a80a28e452,5,917,True,1,4503.689557043571,,0.0037252159118652344,,,3725215.9118652344,,,,,,,,,3725215.9118652344
0e63ef0f-78d2-4dca-98d8-8f74edad751a,2007,AES-128,encrypt,cpu_aesni,aesni,transform,bytes,CTR,16777216,16,16777216:CTR:16,73e9048d975ba4e7416e17176cf2d37a8d5726dbc34aaa84bb5f468b596f4921,0,918,True,,,,,,,,,,,10935400,0.0109354,1534.211460028897,0,0.0,
0e63ef0f-78d2-4dca-98d8-8f74edad751a,2007,AES-128,encrypt,cuda_optimized_v1,optimized,resident,pinned,CTR,16777216,16,16777216:CTR:16,73e9048d975ba4e7416e17176cf2d37a8d5726dbc34aaa84bb5f468b596f4921,1,919,True,1,4200.8236183547215,,0.0039937920570373535,,,3993792.0570373535,,,,,,,,,3993792.0570373535
0e63ef0f-78d2-4dca-98d8-8f74edad751a,2007,AES-128,encrypt,cuda_baseline,baseline,pipeline,pinned,CTR,16777216,16,16777216:CTR:16,73e9048d975ba4e7416e17176cf2d37a8d5726dbc34aaa84bb5f468b596f4921,2,920,True,,4227.41305984945,1162.8636977993415,0.003968672037124634,0.0144275,5207600,3968672.037124634,5149000,10356600,14427500,,,,,,
0e63ef0f-78d2-4dca-98d8-8f74edad751a,2007,AES-128,encrypt,cuda_optimized_v1,optimized,pipeline,pinned,CTR,16777216,16,16777216:CTR:16,73e9048d975ba4e7416e17176cf2d37a8d5726dbc34aaa84bb5f468b596f4921,3,921,True,,4180.658538110083,1156.873853622209,0.004013055801391601,0.0145022,5203600,4013055.8013916016,5184900,10388500,14502200,,,,,,
0e63ef0f-78d2-4dca-98d8-8f74edad751a,2007,AES-128,encrypt,cpu_software,software,transform,bytes,CTR,16777216,16,16777216:CTR:16,73e9048d975ba4e7416e17176cf2d37a8d5726dbc34aaa84bb5f468b596f4921,4,922,True,,,,,,,,,,,64104000,0.064104,261.71870710096096,62500000,0.974978160489205,
0e63ef0f-78d2-4dca-98d8-8f74edad751a,2007,AES-128,encrypt,cuda_baseline,baseline,resident,pinned,CTR,16777216,16,16777216:CTR:16,73e9048d975ba4e7416e17176cf2d37a8d5726dbc34aaa84bb5f468b596f4921,5,923,True,1,4346.717214200807,,0.0038597440719604493,,,3859744.071960449,,,,,,,,,3859744.071960449
0e63ef0f-78d2-4dca-98d8-8f74edad751a,2007,AES-128,encrypt,cuda_baseline,baseline,pipeline,pinned,ECB,16777216,17,16777216:ECB:17,3e7e946af021fd67e86eff1ebb80871d1c5df0153f6a66add8b3b64f715dea02,0,924,True,,4331.813088973594,1163.5814850262855,0.003873023986816406,0.0144186,5206200,3873023.9868164062,5205100,10411300,14418600,,,,,,
0e63ef0f-78d2-4dca-98d8-8f74edad751a,2007,AES-128,encrypt,cpu_aesni,aesni,transform,bytes,ECB,16777216,17,16777216:ECB:17,3e7e946af021fd67e86eff1ebb80871d1c5df0153f6a66add8b3b64f715dea02,1,925,True,,,,,,,,,,,8840800,0.0088408,1897.7033752601574,15625000,1.7673739933037733,
0e63ef0f-78d2-4dca-98d8-8f74edad751a,2007,AES-128,encrypt,cpu_software,software,transform,bytes,ECB,16777216,17,16777216:ECB:17,3e7e946af021fd67e86eff1ebb80871d1c5df0153f6a66add8b3b64f715dea02,2,926,True,,,,,,,,,,,58484700,0.0584847,286.8650433361204,62500000,1.0686555629079058,
0e63ef0f-78d2-4dca-98d8-8f74edad751a,2007,AES-128,encrypt,cuda_optimized_v1,optimized,pipeline,pinned,ECB,16777216,17,16777216:ECB:17,3e7e946af021fd67e86eff1ebb80871d1c5df0153f6a66add8b3b64f715dea02,3,927,True,,4283.713658104971,1139.5165420325882,0.00391651201248169,0.0147231,5203200,3916512.0124816895,5459800,10663000,14723100,,,,,,
0e63ef0f-78d2-4dca-98d8-8f74edad751a,2007,AES-128,encrypt,cuda_baseline,baseline,resident,pinned,ECB,16777216,17,16777216:ECB:17,3e7e946af021fd67e86eff1ebb80871d1c5df0153f6a66add8b3b64f715dea02,4,928,True,1,4332.99445294547,,0.0038719680309295653,,,3871968.0309295654,,,,,,,,,3871968.0309295654
0e63ef0f-78d2-4dca-98d8-8f74edad751a,2007,AES-128,encrypt,cuda_optimized_v1,optimized,resident,pinned,ECB,16777216,17,16777216:ECB:17,3e7e946af021fd67e86eff1ebb80871d1c5df0153f6a66add8b3b64f715dea02,5,929,True,1,4419.075788010194,,0.003796544075012207,,,3796544.075012207,,,,,,,,,3796544.075012207
0e63ef0f-78d2-4dca-98d8-8f74edad751a,2007,AES-128,encrypt,cpu_aesni,aesni,transform,bytes,CTR,16777216,17,16777216:CTR:17,9e55facd077c0e289dd11855c19523d04e52c0379316608aec120befd98cb63f,0,930,True,,,,,,,,,,,13475600,0.0134756,1245.006975570661,15625000,1.1595031019026982,
0e63ef0f-78d2-4dca-98d8-8f74edad751a,2007,AES-128,encrypt,cuda_optimized_v1,optimized,pipeline,pinned,CTR,16777216,17,16777216:CTR:17,9e55facd077c0e289dd11855c19523d04e52c0379316608aec120befd98cb63f,1,931,True,,4215.042031233917,1135.0758759733978,0.00398031997680664,0.0147807,5482500,3980319.9768066406,5172100,10654600,14780700,,,,,,
0e63ef0f-78d2-4dca-98d8-8f74edad751a,2007,AES-128,encrypt,cuda_baseline,baseline,pipeline,pinned,CTR,16777216,17,16777216:CTR:17,9e55facd077c0e289dd11855c19523d04e52c0379316608aec120befd98cb63f,2,932,True,,4264.896444118617,1163.2507089518606,0.003933792114257813,0.0144227,5202000,3933792.1142578125,5195200,10397200,14422700,,,,,,
0e63ef0f-78d2-4dca-98d8-8f74edad751a,2007,AES-128,encrypt,cuda_baseline,baseline,resident,pinned,CTR,16777216,17,16777216:CTR:17,9e55facd077c0e289dd11855c19523d04e52c0379316608aec120befd98cb63f,3,933,True,1,4257.899865965673,,0.003940256118774414,,,3940256.118774414,,,,,,,,,3940256.118774414
0e63ef0f-78d2-4dca-98d8-8f74edad751a,2007,AES-128,encrypt,cuda_optimized_v1,optimized,resident,pinned,CTR,16777216,17,16777216:CTR:17,9e55facd077c0e289dd11855c19523d04e52c0379316608aec120befd98cb63f,4,934,True,1,4262.088292013435,,0.0039363839626312255,,,3936383.9626312256,,,,,,,,,3936383.9626312256
0e63ef0f-78d2-4dca-98d8-8f74edad751a,2007,AES-128,encrypt,cpu_software,software,transform,bytes,CTR,16777216,17,16777216:CTR:17,9e55facd077c0e289dd11855c19523d04e52c0379316608aec120befd98cb63f,5,935,True,,,,,,,,,,,63478000,0.063478,264.2996943823057,62500000,0.9845930873688522,
0e63ef0f-78d2-4dca-98d8-8f74edad751a,2007,AES-128,encrypt,cuda_baseline,baseline,resident,pinned,CTR,16777216,18,16777216:CTR:18,d4cc2ec77ff177700746d62650612bd7942bb656a621d33496d21194485e1b64,0,936,True,1,3015.1767681674605,,0.005564256191253662,,,5564256.191253662,,,,,,,,,5564256.191253662
0e63ef0f-78d2-4dca-98d8-8f74edad751a,2007,AES-128,encrypt,cuda_baseline,baseline,pipeline,pinned,CTR,16777216,18,16777216:CTR:18,d4cc2ec77ff177700746d62650612bd7942bb656a621d33496d21194485e1b64,1,937,True,,3022.6342161454418,637.6866151010091,0.005550528049468994,0.0263095,10379400,5550528.049468994,10267300,20646700,26309500,,,,,,
0e63ef0f-78d2-4dca-98d8-8f74edad751a,2007,AES-128,encrypt,cuda_optimized_v1,optimized,resident,pinned,CTR,16777216,18,16777216:CTR:18,d4cc2ec77ff177700746d62650612bd7942bb656a621d33496d21194485e1b64,2,938,True,1,3032.3369223736336,,0.005532767772674561,,,5532767.772674561,,,,,,,,,5532767.772674561
0e63ef0f-78d2-4dca-98d8-8f74edad751a,2007,AES-128,encrypt,cuda_optimized_v1,optimized,pipeline,pinned,CTR,16777216,18,16777216:CTR:18,d4cc2ec77ff177700746d62650612bd7942bb656a621d33496d21194485e1b64,3,939,True,,3030.268786135599,636.7185715098958,0.005536543846130371,0.0263495,10352100,5536543.846130371,10314700,20666800,26349500,,,,,,
0e63ef0f-78d2-4dca-98d8-8f74edad751a,2007,AES-128,encrypt,cpu_aesni,aesni,transform,bytes,CTR,16777216,18,16777216:CTR:18,d4cc2ec77ff177700746d62650612bd7942bb656a621d33496d21194485e1b64,4,940,True,,,,,,,,,,,11164100,0.0111641,1502.7826694493958,15625000,1.399575424799133,
0e63ef0f-78d2-4dca-98d8-8f74edad751a,2007,AES-128,encrypt,cpu_software,software,transform,bytes,CTR,16777216,18,16777216:CTR:18,d4cc2ec77ff177700746d62650612bd7942bb656a621d33496d21194485e1b64,5,941,True,,,,,,,,,,,63960800,0.0639608,262.3046616052332,62500000,0.9771610111193105,
0e63ef0f-78d2-4dca-98d8-8f74edad751a,2007,AES-128,encrypt,cpu_software,software,transform,bytes,ECB,16777216,18,16777216:ECB:18,58c6c1ef542742446884428515fd33c5bef93b8925c25b42c86b382a285efe97,0,942,True,,,,,,,,,,,57975400,0.0579754,289.385084018394,46875000,0.8085325845099818,
0e63ef0f-78d2-4dca-98d8-8f74edad751a,2007,AES-128,encrypt,cpu_aesni,aesni,transform,bytes,ECB,16777216,18,16777216:ECB:18,58c6c1ef542742446884428515fd33c5bef93b8925c25b42c86b382a285efe97,1,943,True,,,,,,,,,,,8538300,0.0085383,1964.9363456425751,15625000,1.829989576379373,
0e63ef0f-78d2-4dca-98d8-8f74edad751a,2007,AES-128,encrypt,cuda_optimized_v1,optimized,pipeline,pinned,ECB,16777216,18,16777216:ECB:18,58c6c1ef542742446884428515fd33c5bef93b8925c25b42c86b382a285efe97,2,944,True,,3967.670781626712,1137.1454133850261,0.0042284798622131345,0.0147538,5263300,4228479.862213135,5149100,10412400,14753800,,,,,,
0e63ef0f-78d2-4dca-98d8-8f74edad751a,2007,AES-128,encrypt,cuda_baseline,baseline,resident,pinned,ECB,16777216,18,16777216:ECB:18,58c6c1ef542742446884428515fd33c5bef93b8925c25b42c86b382a285efe97,3,945,True,1,3983.3156369334047,,0.004211872100830078,,,4211872.100830078,,,,,,,,,4211872.100830078
0e63ef0f-78d2-4dca-98d8-8f74edad751a,2007,AES-128,encrypt,cuda_baseline,baseline,pipeline,pinned,ECB,16777216,18,16777216:ECB:18,58c6c1ef542742446884428515fd33c5bef93b8925c25b42c86b382a285efe97,4,946,True,,4026.387307588179,1145.984699453552,0.004166816234588623,0.01464,5201600,4166816.234588623,5146500,10348100,14640000,,,,,,
0e63ef0f-78d2-4dca-98d8-8f74edad751a,2007,AES-128,encrypt,cuda_optimized_v1,optimized,resident,pinned,ECB,16777216,18,16777216:ECB:18,58c6c1ef542742446884428515fd33c5bef93b8925c25b42c86b382a285efe97,5,947,True,1,4005.1028651745737,,0.004188960075378418,,,4188960.075378418,,,,,,,,,4188960.075378418
0e63ef0f-78d2-4dca-98d8-8f74edad751a,2007,AES-128,encrypt,cuda_baseline,baseline,resident,pinned,ECB,16777216,19,16777216:ECB:19,d34ea49d214c3a63eb0840a7200b029efbbcec5e6e6a4ef8d4919e56a340bd20,0,948,True,1,3998.3222416404765,,0.004196063995361328,,,4196063.995361328,,,,,,,,,4196063.995361328
0e63ef0f-78d2-4dca-98d8-8f74edad751a,2007,AES-128,encrypt,cuda_optimized_v1,optimized,pipeline,pinned,ECB,16777216,19,16777216:ECB:19,d34ea49d214c3a63eb0840a7200b029efbbcec5e6e6a4ef8d4919e56a340bd20,1,949,True,,4120.335873247142,1081.5358036151724,0.004071807861328125,0.0155124,5359000,4071807.861328125,5964400,11323400,15512400,,,,,,
0e63ef0f-78d2-4dca-98d8-8f74edad751a,2007,AES-128,encrypt,cuda_baseline,baseline,pipeline,pinned,ECB,16777216,19,16777216:ECB:19,d34ea49d214c3a63eb0840a7200b029efbbcec5e6e6a4ef8d4919e56a340bd20,2,950,True,,4026.3255657677146,1141.0277755107593,0.004166880130767822,0.0147036,5262100,4166880.1307678223,5165100,10427200,14703600,,,,,,
0e63ef0f-78d2-4dca-98d8-8f74edad751a,2007,AES-128,encrypt,cuda_optimized_v1,optimized,resident,pinned,ECB,16777216,19,16777216:ECB:19,d34ea49d214c3a63eb0840a7200b029efbbcec5e6e6a4ef8d4919e56a340bd20,3,951,True,1,4165.280238193171,,0.004027872085571289,,,4027872.085571289,,,,,,,,,4027872.085571289
0e63ef0f-78d2-4dca-98d8-8f74edad751a,2007,AES-128,encrypt,cpu_aesni,aesni,transform,bytes,ECB,16777216,19,16777216:ECB:19,d34ea49d214c3a63eb0840a7200b029efbbcec5e6e6a4ef8d4919e56a340bd20,4,952,True,,,,,,,,,,,9861000,0.009861,1701.3706520636852,15625000,1.5845248960551668,
0e63ef0f-78d2-4dca-98d8-8f74edad751a,2007,AES-128,encrypt,cpu_software,software,transform,bytes,ECB,16777216,19,16777216:ECB:19,d34ea49d214c3a63eb0840a7200b029efbbcec5e6e6a4ef8d4919e56a340bd20,5,953,True,,,,,,,,,,,66046500,0.0660465,254.02127289106917,62500000,0.9463029835040464,
0e63ef0f-78d2-4dca-98d8-8f74edad751a,2007,AES-128,encrypt,cuda_baseline,baseline,resident,pinned,CTR,16777216,19,16777216:CTR:19,9a47e14e5b266d6fe432165f208dcfa4a988519394f01adee60c68bb30490582,0,954,True,1,3908.19309948981,,0.0042928318977355955,,,4292831.897735596,,,,,,,,,4292831.897735596
0e63ef0f-78d2-4dca-98d8-8f74edad751a,2007,AES-128,encrypt,cpu_aesni,aesni,transform,bytes,CTR,16777216,19,16777216:CTR:19,9a47e14e5b266d6fe432165f208dcfa4a988519394f01adee60c68bb30490582,1,955,True,,,,,,,,,,,11065900,0.0110659,1516.1185262834474,0,0.0,
0e63ef0f-78d2-4dca-98d8-8f74edad751a,2007,AES-128,encrypt,cuda_optimized_v1,optimized,pipeline,pinned,CTR,16777216,19,16777216:CTR:19,9a47e14e5b266d6fe432165f208dcfa4a988519394f01adee60c68bb30490582,2,956,True,,3967.0100431166497,1138.1328268095788,0.004229184150695801,0.014741,5235800,4229184.150695801,5175100,10410900,14741000,,,,,,
0e63ef0f-78d2-4dca-98d8-8f74edad751a,2007,AES-128,encrypt,cuda_optimized_v1,optimized,resident,pinned,CTR,16777216,19,16777216:CTR:19,9a47e14e5b266d6fe432165f208dcfa4a988519394f01adee60c68bb30490582,3,957,True,1,3954.3536922962285,,0.004242720127105713,,,4242720.127105713,,,,,,,,,4242720.127105713
0e63ef0f-78d2-4dca-98d8-8f74edad751a,2007,AES-128,encrypt,cpu_software,software,transform,bytes,CTR,16777216,19,16777216:CTR:19,9a47e14e5b266d6fe432165f208dcfa4a988519394f01adee60c68bb30490582,4,958,True,,,,,,,,,,,63063900,0.0630639,266.0351801902515,62500000,0.991058275812311,
0e63ef0f-78d2-4dca-98d8-8f74edad751a,2007,AES-128,encrypt,cuda_baseline,baseline,pipeline,pinned,CTR,16777216,19,16777216:CTR:19,9a47e14e5b266d6fe432165f208dcfa4a988519394f01adee60c68bb30490582,5,959,True,,3961.1954758852503,1140.9036259282432,0.0042353920936584475,0.0147052,5209700,4235392.093658447,5163600,10373300,14705200,,,,,,
0e63ef0f-78d2-4dca-98d8-8f74edad751a,2007,AES-128,encrypt,cuda_baseline,baseline,resident,pinned,ECB,33554432,0,33554432:ECB:0,05ccee836a97ce5c4d87c7af63d32a8432e4cdeb0dd6904d3312db3a7e9eff16,0,960,True,1,5111.86289194686,,0.006564032077789306,,,6564032.077789307,,,,,,,,,6564032.077789307
0e63ef0f-78d2-4dca-98d8-8f74edad751a,2007,AES-128,encrypt,cpu_software,software,transform,bytes,ECB,33554432,0,33554432:ECB:0,05ccee836a97ce5c4d87c7af63d32a8432e4cdeb0dd6904d3312db3a7e9eff16,1,961,True,,,,,,,,,,,116584300,0.1165843,287.8126128475275,125000000,1.072185534415869,
0e63ef0f-78d2-4dca-98d8-8f74edad751a,2007,AES-128,encrypt,cuda_baseline,baseline,pipeline,pinned,ECB,33554432,0,33554432:ECB:0,05ccee836a97ce5c4d87c7af63d32a8432e4cdeb0dd6904d3312db3a7e9eff16,2,962,True,,5116.901818642333,1228.1058922996401,0.006557568073272705,0.0273221,10402500,6557568.073272705,10223100,20625600,27322100,,,,,,
0e63ef0f-78d2-4dca-98d8-8f74edad751a,2007,AES-128,encrypt,cuda_optimized_v1,optimized,resident,pinned,ECB,33554432,0,33554432:ECB:0,05ccee836a97ce5c4d87c7af63d32a8432e4cdeb0dd6904d3312db3a7e9eff16,3,963,True,1,5149.595165782602,,0.006515935897827148,,,6515935.897827148,,,,,,,,,6515935.897827148
0e63ef0f-78d2-4dca-98d8-8f74edad751a,2007,AES-128,encrypt,cuda_optimized_v1,optimized,pipeline,pinned,ECB,33554432,0,33554432:ECB:0,05ccee836a97ce5c4d87c7af63d32a8432e4cdeb0dd6904d3312db3a7e9eff16,4,964,True,,5212.050560212035,1212.3360852678168,0.006437856197357178,0.0276775,10447900,6437856.197357178,10669900,21117800,27677500,,,,,,
0e63ef0f-78d2-4dca-98d8-8f74edad751a,2007,AES-128,encrypt,cpu_aesni,aesni,transform,bytes,ECB,33554432,0,33554432:ECB:0,05ccee836a97ce5c4d87c7af63d32a8432e4cdeb0dd6904d3312db3a7e9eff16,5,965,True,,,,,,,,,,,17376800,0.0173768,1930.9902858984392,15625000,0.8991874223102068,
0e63ef0f-78d2-4dca-98d8-8f74edad751a,2007,AES-128,encrypt,cuda_baseline,baseline,pipeline,pinned,CTR,33554432,0,33554432:CTR:0,3bb72a3a821af734bf52af673e50973a66a2bddf683045c3dcf0fc0bec11ad93,0,966,True,,4938.286401417918,1222.0942946114762,0.00679475212097168,0.0274565,10350200,6794752.12097168,10218300,20568500,27456500,,,,,,
0e63ef0f-78d2-4dca-98d8-8f74edad751a,2007,AES-128,encrypt,cpu_software,software,transform,bytes,CTR,33554432,0,33554432:CTR:0,3bb72a3a821af734bf52af673e50973a66a2bddf683045c3dcf0fc0bec11ad93,1,967,True,,,,,,,,,,,123929500,0.1239295,270.75419492534064,125000000,1.0086379756232373,
0e63ef0f-78d2-4dca-98d8-8f74edad751a,2007,AES-128,encrypt,cuda_baseline,baseline,resident,pinned,CTR,33554432,0,33554432:CTR:0,3bb72a3a821af734bf52af673e50973a66a2bddf683045c3dcf0fc0bec11ad93,2,968,True,1,5028.225172590746,,0.006673215866088867,,,6673215.866088867,,,,,,,,,6673215.866088867
0e63ef0f-78d2-4dca-98d8-8f74edad751a,2007,AES-128,encrypt,cuda_optimized_v1,optimized,resident,pinned,CTR,33554432,0,33554432:CTR:0,3bb72a3a821af734bf52af673e50973a66a2bddf683045c3dcf0fc0bec11ad93,3,969,True,1,5077.8005650598225,,0.0066080641746520995,,,6608064.1746521,,,,,,,,,6608064.1746521
0e63ef0f-78d2-4dca-98d8-8f74edad751a,2007,AES-128,encrypt,cpu_aesni,aesni,transform,bytes,CTR,33554432,0,33554432:CTR:0,3bb72a3a821af734bf52af673e50973a66a2bddf683045c3dcf0fc0bec11ad93,4,970,True,,,,,,,,,,,23148500,0.0231485,1449.5294295526708,31250000,1.3499794803118992,
0e63ef0f-78d2-4dca-98d8-8f74edad751a,2007,AES-128,encrypt,cuda_optimized_v1,optimized,pipeline,pinned,CTR,33554432,0,33554432:CTR:0,3bb72a3a821af734bf52af673e50973a66a2bddf683045c3dcf0fc0bec11ad93,5,971,True,,5049.484625323204,1225.974511867181,0.0066451201438903805,0.0273696,10420000,6645120.143890381,10217000,20637000,27369600,,,,,,
0e63ef0f-78d2-4dca-98d8-8f74edad751a,2007,AES-128,encrypt,cuda_baseline,baseline,resident,pinned,CTR,33554432,1,33554432:CTR:1,0b4455ea1c78bdc1582b4dee2ca0573f6177387fcd71212173570f250bc7f922,0,972,True,1,5039.437808536904,,0.0066583681106567386,,,6658368.110656738,,,,,,,,,6658368.110656738
0e63ef0f-78d2-4dca-98d8-8f74edad751a,2007,AES-128,encrypt,cpu_aesni,aesni,transform,bytes,CTR,33554432,1,33554432:CTR:1,0b4455ea1c78bdc1582b4dee2ca0573f6177387fcd71212173570f250bc7f922,1,973,True,,,,,,,,,,,22538600,0.0225386,1488.7540486099404,31250000,1.3865102535206268,
0e63ef0f-78d2-4dca-98d8-8f74edad751a,2007,AES-128,encrypt,cuda_optimized_v1,optimized,resident,pinned,CTR,33554432,1,33554432:CTR:1,0b4455ea1c78bdc1582b4dee2ca0573f6177387fcd71212173570f250bc7f922,2,974,True,1,4973.514462227756,,0.006746623992919922,,,6746623.992919922,,,,,,,,,6746623.992919922
0e63ef0f-78d2-4dca-98d8-8f74edad751a,2007,AES-128,encrypt,cuda_baseline,baseline,pipeline,pinned,CTR,33554432,1,33554432:CTR:1,0b4455ea1c78bdc1582b4dee2ca0573f6177387fcd71212173570f250bc7f922,3,975,True,,4987.613966224951,1225.1598156843559,0.006727551937103272,0.0273878,10323000,6727551.9371032715,10189400,20512400,27387800,,,,,,
0e63ef0f-78d2-4dca-98d8-8f74edad751a,2007,AES-128,encrypt,cuda_optimized_v1,optimized,pipeline,pinned,CTR,33554432,1,33554432:CTR:1,0b4455ea1c78bdc1582b4dee2ca0573f6177387fcd71212173570f250bc7f922,4,976,True,,5100.350788750239,1234.503853865823,0.0065788478851318355,0.0271805,10332700,6578847.885131836,10173200,20505900,27180500,,,,,,
0e63ef0f-78d2-4dca-98d8-8f74edad751a,2007,AES-128,encrypt,cpu_software,software,transform,bytes,CTR,33554432,1,33554432:CTR:1,0b4455ea1c78bdc1582b4dee2ca0573f6177387fcd71212173570f250bc7f922,5,977,True,,,,,,,,,,,125295100,0.1252951,267.8032261437199,125000000,0.9976447602500018,
0e63ef0f-78d2-4dca-98d8-8f74edad751a,2007,AES-128,encrypt,cpu_aesni,aesni,transform,bytes,ECB,33554432,1,33554432:ECB:1,3b16d63529de356d351505c874d51e1f154505893995c8b2e8cf43ea0dd840b4,0,978,True,,,,,,,,,,,17581300,0.0175813,1908.529630914665,15625000,0.8887283647966874,
0e63ef0f-78d2-4dca-98d8-8f74edad751a,2007,AES-128,encrypt,cuda_baseline,baseline,pipeline,pinned,ECB,33554432,1,33554432:ECB:1,3b16d63529de356d351505c874d51e1f154505893995c8b2e8cf43ea0dd840b4,1,979,True,,5102.385922997916,1227.113318363675,0.006576223850250244,0.0273442,10366800,6576223.850250244,10289100,20655900,27344200,,,,,,
0e63ef0f-78d2-4dca-98d8-8f74edad751a,2007,AES-128,encrypt,cuda_baseline,baseline,resident,pinned,ECB,33554432,1,33554432:ECB:1,3b16d63529de356d351505c874d51e1f154505893995c8b2e8cf43ea0dd840b4,2,980,True,1,5153.441888150519,,0.006511072158813477,,,6511072.158813477,,,,,,,,,6511072.158813477
0e63ef0f-78d2-4dca-98d8-8f74edad751a,2007,AES-128,encrypt,cuda_optimized_v1,optimized,resident,pinned,ECB,33554432,1,33554432:ECB:1,3b16d63529de356d351505c874d51e1f154505893995c8b2e8cf43ea0dd840b4,3,981,True,1,5260.502629376062,,0.006378560066223144,,,6378560.0662231445,,,,,,,,,6378560.0662231445
0e63ef0f-78d2-4dca-98d8-8f74edad751a,2007,AES-128,encrypt,cuda_optimized_v1,optimized,pipeline,pinned,ECB,33554432,1,33554432:ECB:1,3b16d63529de356d351505c874d51e1f154505893995c8b2e8cf43ea0dd840b4,4,982,True,,5230.848999535928,1240.381639601208,0.006414720058441162,0.0270517,10368900,6414720.058441162,10167800,20536700,27051700,,,,,,
0e63ef0f-78d2-4dca-98d8-8f74edad751a,2007,AES-128,encrypt,cpu_software,software,transform,bytes,ECB,33554432,1,33554432:ECB:1,3b16d63529de356d351505c874d51e1f154505893995c8b2e8cf43ea0dd840b4,5,983,True,,,,,,,,,,,119394300,0.1193943,281.0388100604468,109375000,0.9160822585332801,
0e63ef0f-78d2-4dca-98d8-8f74edad751a,2007,AES-128,encrypt,cpu_software,software,transform,bytes,ECB,33554432,2,33554432:ECB:2,603646ececd0f45ca54c6bd5cff959096ade1090fd57ca2a0d92f030506bb4b9,0,984,True,,,,,,,,,,,117919500,0.1179195,284.55371673048137,109375000,0.9275395502864242,
0e63ef0f-78d2-4dca-98d8-8f74edad751a,2007,AES-128,encrypt,cpu_aesni,aesni,transform,bytes,ECB,33554432,2,33554432:ECB:2,603646ececd0f45ca54c6bd5cff959096ade1090fd57ca2a0d92f030506bb4b9,1,985,True,,,,,,,,,,,17049300,0.0170493,1968.0826778812034,15625000,0.9164599133102239,
0e63ef0f-78d2-4dca-98d8-8f74edad751a,2007,AES-128,encrypt,cuda_optimized_v1,optimized,pipeline,pinned,ECB,33554432,2,33554432:ECB:2,603646ececd0f45ca54c6bd5cff959096ade1090fd57ca2a0d92f030506bb4b9,2,986,True,,4287.461882532415,1175.508922878583,0.007826176166534424,0.0285446,10373500,7826176.166534424,10210600,20584100,28544600,,,,,,
0e63ef0f-78d2-4dca-98d8-8f74edad751a,2007,AES-128,encrypt,cuda_baseline,baseline,pipeline,pinned,ECB,33554432,2,33554432:ECB:2,603646ececd0f45ca54c6bd5cff959096ade1090fd57ca2a0d92f030506bb4b9,3,987,True,,4246.914741388272,1169.9184826191556,0.007900896072387696,0.028681,10357200,7900896.072387695,10275700,20632900,28681000,,,,,,
0e63ef0f-78d2-4dca-98d8-8f74edad751a,2007,AES-128,encrypt,cuda_baseline,baseline,resident,pinned,ECB,33554432,2,33554432:ECB:2,603646ececd0f45ca54c6bd5cff959096ade1090fd57ca2a0d92f030506bb4b9,4,988,True,1,4288.496597490079,,0.00782428789138794,,,7824287.891387939,,,,,,,,,7824287.891387939
0e63ef0f-78d2-4dca-98d8-8f74edad751a,2007,AES-128,encrypt,cuda_optimized_v1,optimized,resident,pinned,ECB,33554432,2,33554432:ECB:2,603646ececd0f45ca54c6bd5cff959096ade1090fd57ca2a0d92f030506bb4b9,5,989,True,1,4489.439719003652,,0.007474080085754394,,,7474080.0857543945,,,,,,,,,7474080.0857543945
0e63ef0f-78d2-4dca-98d8-8f74edad751a,2007,AES-128,encrypt,cuda_optimized_v1,optimized,pipeline,pinned,CTR,33554432,2,33554432:CTR:2,0e6a0a01cea42f5181bb365134ba277b553119dfae5003eac4b37d8ea9886b29,0,990,True,,4414.183386131388,1187.7044404721873,0.007601503849029541,0.0282515,10358700,7601503.849029541,10173000,20531700,28251500,,,,,,
0e63ef0f-78d2-4dca-98d8-8f74edad751a,2007,AES-128,encrypt,cpu_software,software,transform,bytes,CTR,33554432,2,33554432:CTR:2,0e6a0a01cea42f5181bb365134ba277b553119dfae5003eac4b37d8ea9886b29,1,991,True,,,,,,,,,,,124027800,0.1240278,270.5396048305299,125000000,1.0078385652248931,
0e63ef0f-78d2-4dca-98d8-8f74edad751a,2007,AES-128,encrypt,cuda_baseline,baseline,resident,pinned,CTR,33554432,2,33554432:CTR:2,0e6a0a01cea42f5181bb365134ba277b553119dfae5003eac4b37d8ea9886b29,2,992,True,1,4427.921141555935,,0.007577919960021972,,,7577919.960021973,,,,,,,,,7577919.960021973
0e63ef0f-78d2-4dca-98d8-8f74edad751a,2007,AES-128,encrypt,cuda_optimized_v1,optimized,resident,pinned,CTR,33554432,2,33554432:CTR:2,0e6a0a01cea42f5181bb365134ba277b553119dfae5003eac4b37d8ea9886b29,3,993,True,1,4450.114238353434,,0.007540128231048584,,,7540128.231048584,,,,,,,,,7540128.231048584
0e63ef0f-78d2-4dca-98d8-8f74edad751a,2007,AES-128,encrypt,cuda_baseline,baseline,pipeline,pinned,CTR,33554432,2,33554432:CTR:2,0e6a0a01cea42f5181bb365134ba277b553119dfae5003eac4b37d8ea9886b29,4,994,True,,4429.342584804761,1187.128766115223,0.007575488090515137,0.0282652,10386300,7575488.090515137,10201700,20588000,28265200,,,,,,
0e63ef0f-78d2-4dca-98d8-8f74edad751a,2007,AES-128,encrypt,cpu_aesni,aesni,transform,bytes,CTR,33554432,2,33554432:CTR:2,0e6a0a01cea42f5181bb365134ba277b553119dfae5003eac4b37d8ea9886b29,5,995,True,,,,,,,,,,,23335400,0.0233354,1437.9197271098847,15625000,0.669583551171182,
0e63ef0f-78d2-4dca-98d8-8f74edad751a,2007,AES-128,encrypt,cuda_optimized_v1,optimized,resident,pinned,ECB,33554432,3,33554432:ECB:3,15a732632c84d6728539938bde200d56209d2e9653686e42a86c2b8ee11cdcc6,0,996,True,1,4516.006288871687,,0.007430111885070801,,,7430111.885070801,,,,,,,,,7430111.885070801
0e63ef0f-78d2-4dca-98d8-8f74edad751a,2007,AES-128,encrypt,cuda_baseline,baseline,resident,pinned,ECB,33554432,3,33554432:ECB:3,15a732632c84d6728539938bde200d56209d2e9653686e42a86c2b8ee11cdcc6,1,997,True,1,4532.598978067421,,0.007402912139892578,,,7402912.139892578,,,,,,,,,7402912.139892578
0e63ef0f-78d2-4dca-98d8-8f74edad751a,2007,AES-128,encrypt,cuda_baseline,baseline,pipeline,pinned,ECB,33554432,3,33554432:ECB:3,15a732632c84d6728539938bde200d56209d2e9653686e42a86c2b8ee11cdcc6,2,998,True,,4584.379773075601,1194.1588964653295,0.007319295883178711,0.0280988,10306400,7319295.883178711,10283500,20589900,28098800,,,,,,
0e63ef0f-78d2-4dca-98d8-8f74edad751a,2007,AES-128,encrypt,cuda_optimized_v1,optimized,pipeline,pinned,ECB,33554432,3,33554432:ECB:3,15a732632c84d6728539938bde200d56209d2e9653686e42a86c2b8ee11cdcc6,3,999,True,,4583.417981483494,1201.0405973269192,0.007320831775665284,0.0279378,10347400,7320831.775665283,10168600,20516000,27937800,,,,,,
0e63ef0f-78d2-4dca-98d8-8f74edad751a,2007,AES-128,encrypt,cpu_aesni,aesni,transform,bytes,ECB,33554432,3,33554432:ECB:3,15a732632c84d6728539938bde200d56209d2e9653686e42a86c2b8ee11cdcc6,4,1000,True,,,,,,,,,,,17152000,0.017152,1956.2985074626865,15625000,0.9109724813432836,
0e63ef0f-78d2-4dca-98d8-8f74edad751a,2007,AES-128,encrypt,cpu_software,software,transform,bytes,ECB,33554432,3,33554432:ECB:3,15a732632c84d6728539938bde200d56209d2e9653686e42a86c2b8ee11cdcc6,5,1001,True,,,,,,,,,,,119969400,0.1199694,279.6915880216122,125000000,1.0419323594183183,
0e63ef0f-78d2-4dca-98d8-8f74edad751a,2007,AES-128,encrypt,cuda_optimized_v1,optimized,pipeline,pinned,CTR,33554432,3,33554432:CTR:3,bc6ddb60edccca6cbfe164e204bc3427d9eb82b3d147c7216be069eb5829b891,0,1002,True,,4551.427042250118,1198.9335010308394,0.0073722882270812985,0.0279869,10353000,7372288.227081299,10158900,20511900,27986900,,,,,,
0e63ef0f-78d2-4dca-98d8-8f74edad751a,2007,AES-128,encrypt,cpu_software,software,transform,bytes,CTR,33554432,3,33554432:CTR:3,bc6ddb60edccca6cbfe164e204bc3427d9eb82b3d147c7216be069eb5829b891,1,1003,True,,,,,,,,,,,124635400,0.1246354,269.22071899315927,125000000,1.0029253326101573,
0e63ef0f-78d2-4dca-98d8-8f74edad751a,2007,AES-128,encrypt,cuda_optimized_v1,optimized,resident,pinned,CTR,33554432,3,33554432:CTR:3,bc6ddb60edccca6cbfe164e204bc3427d9eb82b3d147c7216be069eb5829b891,2,1004,True,1,4561.902049389484,,0.00735536003112793,,,7355360.03112793,,,,,,,,,7355360.03112793
0e63ef0f-78d2-4dca-98d8-8f74edad751a,2007,AES-128,encrypt,cuda_baseline,baseline,resident,pinned,CTR,33554432,3,33554432:CTR:3,bc6ddb60edccca6cbfe164e204bc3427d9eb82b3d147c7216be069eb5829b891,3,1005,True,1,4571.9467938343305,,0.007339200019836426,,,7339200.019836426,,,,,,,,,7339200.019836426
0e63ef0f-78d2-4dca-98d8-8f74edad751a,2007,AES-128,encrypt,cpu_aesni,aesni,transform,bytes,CTR,33554432,3,33554432:CTR:3,bc6ddb60edccca6cbfe164e204bc3427d9eb82b3d147c7216be069eb5829b891,4,1006,True,,,,,,,,,,,22482400,0.0224824,1492.4755364195994,15625000,0.6949880795644593,
0e63ef0f-78d2-4dca-98d8-8f74edad751a,2007,AES-128,encrypt,cuda_baseline,baseline,pipeline,pinned,CTR,33554432,3,33554432:CTR:3,bc6ddb60edccca6cbfe164e204bc3427d9eb82b3d147c7216be069eb5829b891,5,1007,True,,4585.422045076344,1203.030016205596,0.00731763219833374,0.0278916,10335100,7317632.19833374,10139500,20474600,27891600,,,,,,
0e63ef0f-78d2-4dca-98d8-8f74edad751a,2007,AES-128,encrypt,cpu_software,software,transform,bytes,CTR,33554432,4,33554432:CTR:4,fd483c77cffc4e7d6119006cfa2252b8a1f7293396aad977da2fe79aadbf9b21,0,1008,True,,,,,,,,,,,128029100,0.1280291,262.08441674588045,125000000,0.9763405350814776,
0e63ef0f-78d2-4dca-98d8-8f74edad751a,2007,AES-128,encrypt,cuda_optimized_v1,optimized,resident,pinned,CTR,33554432,4,33554432:CTR:4,fd483c77cffc4e7d6119006cfa2252b8a1f7293396aad977da2fe79aadbf9b21,1,1009,True,1,4610.888586419567,,0.0072772159576416015,,,7277215.957641602,,,,,,,,,7277215.957641602
0e63ef0f-78d2-4dca-98d8-8f74edad751a,2007,AES-128,encrypt,cuda_baseline,baseline,pipeline,pinned,CTR,33554432,4,33554432:CTR:4,fd483c77cffc4e7d6119006cfa2252b8a1f7293396aad977da2fe79aadbf9b21,2,1010,True,,4643.538492114719,1187.6287725681602,0.0072260479927062984,0.0282533,10752000,7226047.992706299,10186300,20938300,28253300,,,,,,
0e63ef0f-78d2-4dca-98d8-8f74edad751a,2007,AES-128,encrypt,cuda_optimized_v1,optimized,pipeline,pinned,CTR,33554432,4,33554432:CTR:4,fd483c77cffc4e7d6119006cfa2252b8a1f7293396aad977da2fe79aadbf9b21,3,1011,True,,4625.512749747407,1204.481010840692,0.007254208087921142,0.027858,10308800,7254208.087921143,10199900,20508700,27858000,,,,,,
0e63ef0f-78d2-4dca-98d8-8f74edad751a,2007,AES-128,encrypt,cpu_aesni,aesni,transform,bytes,CTR,33554432,4,33554432:CTR:4,fd483c77cffc4e7d6119006cfa2252b8a1f7293396aad977da2fe79aadbf9b21,4,1012,True,,,,,,,,,,,22399100,0.0223991,1498.025902826453,15625000,0.6975726703305043,
0e63ef0f-78d2-4dca-98d8-8f74edad751a,2007,AES-128,encrypt,cuda_baseline,baseline,resident,pinned,CTR,33554432,4,33554432:CTR:4,fd483c77cffc4e7d6119006cfa2252b8a1f7293396aad977da2fe79aadbf9b21,5,1013,True,1,4573.04345064505,,0.007337440013885498,,,7337440.013885498,,,,,,,,,7337440.013885498
0e63ef0f-78d2-4dca-98d8-8f74edad751a,2007,AES-128,encrypt,cuda_baseline,baseline,pipeline,pinned,ECB,33554432,4,33554432:ECB:4,c5160598c9a3acdc57fa1c6479afcf2bd5efd8c74a5953b6c0c443f0423a2b78,0,1014,True,,4704.919598908241,1197.5129282193855,0.007131775856018066,0.0280201,10485700,7131775.856018066,10291600,20777300,28020100,,,,,,
0e63ef0f-78d2-4dca-98d8-8f74edad751a,2007,AES-128,encrypt,cuda_optimized_v1,optimized,pipeline,pinned,ECB,33554432,4,33554432:ECB:4,c5160598c9a3acdc57fa1c6479afcf2bd5efd8c74a5953b6c0c443f0423a2b78,1,1015,True,,4749.953655748508,1209.425859912558,0.007064159870147705,0.0277441,10396500,7064159.870147705,10192100,20588600,27744100,,,,,,
0e63ef0f-78d2-4dca-98d8-8f74edad751a,2007,AES-128,encrypt,cuda_optimized_v1,optimized,resident,pinned,ECB,33554432,4,33554432:ECB:4,c5160598c9a3acdc57fa1c6479afcf2bd5efd8c74a5953b6c0c443f0423a2b78,2,1016,True,1,4757.0433266870095,,0.0070536317825317385,,,7053631.782531738,,,,,,,,,7053631.782531738
0e63ef0f-78d2-4dca-98d8-8f74edad751a,2007,AES-128,encrypt,cpu_aesni,aesni,transform,bytes,ECB,33554432,4,33554432:ECB:4,c5160598c9a3acdc57fa1c6479afcf2bd5efd8c74a5953b6c0c443f0423a2b78,3,1017,True,,,,,,,,,,,17219600,0.0172196,1948.6185509535646,15625000,0.9073962229087784,
0e63ef0f-78d2-4dca-98d8-8f74edad751a,2007,AES-128,encrypt,cuda_baseline,baseline,resident,pinned,ECB,33554432,4,33554432:ECB:4,c5160598c9a3acdc57fa1c6479afcf2bd5efd8c74a5953b6c0c443f0423a2b78,4,1018,True,1,4794.038266718425,,0.006999199867248535,,,6999199.867248535,,,,,,,,,6999199.867248535
0e63ef0f-78d2-4dca-98d8-8f74edad751a,2007,AES-128,encrypt,cpu_software,software,transform,bytes,ECB,33554432,4,33554432:ECB:4,c5160598c9a3acdc57fa1c6479afcf2bd5efd8c74a5953b6c0c443f0423a2b78,5,1019,True,,,,,,,,,,,116273100,0.1162731,288.58293104768,109375000,0.9406732941669226,
0e63ef0f-78d2-4dca-98d8-8f74edad751a,2007,AES-128,encrypt,cuda_baseline,baseline,resident,pinned,ECB,33554432,5,33554432:ECB:5,b325b73e184d1c92d81f9e362269a9898ffa97d2a477e3bcf28f9b1cb172a565,0,1020,True,1,6560.11907594585,,0.0051149120330810545,,,5114912.033081055,,,,,,,,,5114912.033081055
0e63ef0f-78d2-4dca-98d8-8f74edad751a,2007,AES-128,encrypt,cuda_baseline,baseline,pipeline,pinned,ECB,33554432,5,33554432:ECB:5,b325b73e184d1c92d81f9e362269a9898ffa97d2a477e3bcf28f9b1cb172a565,1,1021,True,,6643.115692690422,2130.846002413158,0.005051008224487305,0.015747,5324000,5051008.224487305,5270100,10594100,15747000,,,,,,
0e63ef0f-78d2-4dca-98d8-8f74edad751a,2007,AES-128,encrypt,cuda_optimized_v1,optimized,resident,pinned,ECB,33554432,5,33554432:ECB:5,b325b73e184d1c92d81f9e362269a9898ffa97d2a477e3bcf28f9b1cb172a565,2,1022,True,1,6604.745719571965,,0.005080351829528809,,,5080351.829528809,,,,,,,,,5080351.829528809
0e63ef0f-78d2-4dca-98d8-8f74edad751a,2007,AES-128,encrypt,cuda_optimized_v1,optimized,pipeline,pinned,ECB,33554432,5,33554432:ECB:5,b325b73e184d1c92d81f9e362269a9898ffa97d2a477e3bcf28f9b1cb172a565,3,1023,True,,6605.369413323841,2133.325195343544,0.005079872131347656,0.0157287,5319300,5079872.131347656,5225700,10545000,15728700,,,,,,
0e63ef0f-78d2-4dca-98d8-8f74edad751a,2007,AES-128,encrypt,cpu_software,software,transform,bytes,ECB,33554432,5,33554432:ECB:5,b325b73e184d1c92d81f9e362269a9898ffa97d2a477e3bcf28f9b1cb172a565,4,1024,True,,,,,,,,,,,115713300,0.1157133,289.9790430313542,109375000,0.9452241012917271,
0e63ef0f-78d2-4dca-98d8-8f74edad751a,2007,AES-128,encrypt,cpu_aesni,aesni,transform,bytes,ECB,33554432,5,33554432:ECB:5,b325b73e184d1c92d81f9e362269a9898ffa97d2a477e3bcf28f9b1cb172a565,5,1025,True,,,,,,,,,,,17150000,0.01715,1956.5266472303208,15625000,0.9110787172011662,
0e63ef0f-78d2-4dca-98d8-8f74edad751a,2007,AES-128,encrypt,cpu_software,software,transform,bytes,CTR,33554432,5,33554432:CTR:5,665d61a1b99f8e581d347f23c1d821f51cb8e1888e71dcff19c118d2dfd8e714,0,1026,True,,,,,,,,,,,121700800,0.1217008,275.7125014790371,125000000,1.027109106924523,
0e63ef0f-78d2-4dca-98d8-8f74edad751a,2007,AES-128,encrypt,cuda_optimized_v1,optimized,pipeline,pinned,CTR,33554432,5,33554432:CTR:5,665d61a1b99f8e581d347f23c1d821f51cb8e1888e71dcff19c118d2dfd8e714,1,1027,True,,6357.356309634164,2063.491298198143,0.005278048038482666,0.016261,5553200,5278048.038482666,5288600,10841800,16261000,,,,,,
0e63ef0f-78d2-4dca-98d8-8f74edad751a,2007,AES-128,encrypt,cuda_baseline,baseline,resident,pinned,CTR,33554432,5,33554432:CTR:5,665d61a1b99f8e581d347f23c1d821f51cb8e1888e71dcff19c118d2dfd8e714,2,1028,True,1,6363.259166115497,,0.005273151874542237,,,5273151.874542236,,,,,,,,,5273151.874542236
0e63ef0f-78d2-4dca-98d8-8f74edad751a,2007,AES-128,encrypt,cuda_baseline,baseline,pipeline,pinned,CTR,33554432,5,33554432:CTR:5,665d61a1b99f8e581d347f23c1d821f51cb8e1888e71dcff19c118d2dfd8e714,3,1029,True,,6343.4725996364405,2098.384801070629,0.005289599895477295,0.0159906,5373300,5289599.895477295,5226700,10600000,15990600,,,,,,
0e63ef0f-78d2-4dca-98d8-8f74edad751a,2007,AES-128,encrypt,cuda_optimized_v1,optimized,resident,pinned,CTR,33554432,5,33554432:CTR:5,665d61a1b99f8e581d347f23c1d821f51cb8e1888e71dcff19c118d2dfd8e714,4,1030,True,1,6473.251039092989,,0.005183551788330078,,,5183551.788330078,,,,,,,,,5183551.788330078
0e63ef0f-78d2-4dca-98d8-8f74edad751a,2007,AES-128,encrypt,cpu_aesni,aesni,transform,bytes,CTR,33554432,5,33554432:CTR:5,665d61a1b99f8e581d347f23c1d821f51cb8e1888e71dcff19c118d2dfd8e714,5,1031,True,,,,,,,,,,,23927600,0.0239276,1402.3317006302345,15625000,0.6530115849479262,
0e63ef0f-78d2-4dca-98d8-8f74edad751a,2007,AES-128,encrypt,cuda_optimized_v1,optimized,pipeline,pinned,CTR,33554432,6,33554432:CTR:6,e7c1e1fc2208f60445679b40632bde7ac91a61d3d306b503af017652ee0807e9,0,1032,True,,6357.626263533145,2077.8796660969506,0.00527782392501831,0.0161484,5475900,5277823.925018311,5273100,10749000,16148400,,,,,,
0e63ef0f-78d2-4dca-98d8-8f74edad751a,2007,AES-128,encrypt,cpu_software,software,transform,bytes,CTR,33554432,6,33554432:CTR:6,e7c1e1fc2208f60445679b40632bde7ac91a61d3d306b503af017652ee0807e9,1,1033,True,,,,,,,,,,,120980700,0.1209807,277.3535944162995,109375000,0.9040698227072582,
0e63ef0f-78d2-4dca-98d8-8f74edad751a,2007,AES-128,encrypt,cuda_optimized_v1,optimized,resident,pinned,CTR,33554432,6,33554432:CTR:6,e7c1e1fc2208f60445679b40632bde7ac91a61d3d306b503af017652ee0807e9,2,1034,True,1,6361.869272749875,,0.005274303913116455,,,5274303.913116455,,,,,,,,,5274303.913116455
0e63ef0f-78d2-4dca-98d8-8f74edad751a,2007,AES-128,encrypt,cuda_baseline,baseline,resident,pinned,CTR,33554432,6,33554432:CTR:6,e7c1e1fc2208f60445679b40632bde7ac91a61d3d306b503af017652ee0807e9,3,1035,True,1,6421.714028466305,,0.005225152015686035,,,5225152.015686035,,,,,,,,,5225152.015686035
0e63ef0f-78d2-4dca-98d8-8f74edad751a,2007,AES-128,encrypt,cuda_baseline,baseline,pipeline,pinned,CTR,33554432,6,33554432:CTR:6,e7c1e1fc2208f60445679b40632bde7ac91a61d3d306b503af017652ee0807e9,4,1036,True,,3473.704921131817,920.1541157403726,0.009659551620483398,0.0364661,6489600,9659551.620483398,20201700,26691300,36466100,,,,,,
0e63ef0f-78d2-4dca-98d8-8f74edad751a,2007,AES-128,encrypt,cpu_aesni,aesni,transform,bytes,CTR,33554432,6,33554432:CTR:6,e7c1e1fc2208f60445679b40632bde7ac91a61d3d306b503af017652ee0807e9,5,1037,True,,,,,,,,,,,23044400,0.0230444,1456.0774852024788,31250000,1.3560778323584037,
0e63ef0f-78d2-4dca-98d8-8f74edad751a,2007,AES-128,encrypt,cuda_baseline,baseline,resident,pinned,ECB,33554432,6,33554432:ECB:6,4b0c2dd4957bcfe2294de695c2097771f91f998bcbbb37e7e761fd1d6685f376,0,1038,True,1,3499.04410682553,,0.009589599609375,,,9589599.609375,,,,,,,,,9589599.609375
0e63ef0f-78d2-4dca-98d8-8f74edad751a,2007,AES-128,encrypt,cuda_optimized_v1,optimized,pipeline,pinned,ECB,33554432,6,33554432:ECB:6,4b0c2dd4957bcfe2294de695c2097771f91f998bcbbb37e7e761fd1d6685f376,1,1039,True,,3392.0994813308757,658.7114518202966,0.009891936302185059,0.0509395,20645200,9891936.302185059,20261500,40906700,50939500,,,,,,
0e63ef0f-78d2-4dca-98d8-8f74edad751a,2007,AES-128,encrypt,cpu_aesni,aesni,transform,bytes,ECB,33554432,6,33554432:ECB:6,4b0c2dd4957bcfe2294de695c2097771f91f998bcbbb37e7e761fd1d6685f376,2,1040,True,,,,,,,,,,,17867400,0.0178674,1877.9694863270538,15625000,0.8744976885277097,
0e63ef0f-78d2-4dca-98d8-8f74edad751a,2007,AES-128,encrypt,cpu_software,software,transform,bytes,ECB,33554432,6,33554432:ECB:6,4b0c2dd4957bcfe2294de695c2097771f91f998bcbbb37e7e761fd1d6685f376,3,1041,True,,,,,,,,,,,118875300,0.1188753,282.26580290438807,109375000,0.9200818000038696,
0e63ef0f-78d2-4dca-98d8-8f74edad751a,2007,AES-128,encrypt,cuda_baseline,baseline,pipeline,pinned,ECB,33554432,6,33554432:ECB:6,4b0c2dd4957bcfe2294de695c2097771f91f998bcbbb37e7e761fd1d6685f376,4,1042,True,,3434.3170471307785,660.2097044894233,0.009770336151123047,0.0508239,20676600,9770336.151123047,20252500,40929100,50823900,,,,,,
0e63ef0f-78d2-4dca-98d8-8f74edad751a,2007,AES-128,encrypt,cuda_optimized_v1,optimized,resident,pinned,ECB,33554432,6,33554432:ECB:6,4b0c2dd4957bcfe2294de695c2097771f91f998bcbbb37e7e761fd1d6685f376,5,1043,True,1,3309.7215352595813,,0.01013814353942871,,,10138143.539428711,,,,,,,,,10138143.539428711
0e63ef0f-78d2-4dca-98d8-8f74edad751a,2007,AES-128,encrypt,cpu_aesni,aesni,transform,bytes,CTR,33554432,7,33554432:CTR:7,13e802f5b2ed51c2188b2deefad6e60b96728f918322f1ef469a6d47beb0d691,0,1044,True,,,,,,,,,,,22814000,0.022814,1470.782501972473,31250000,1.3697729464363988,
0e63ef0f-78d2-4dca-98d8-8f74edad751a,2007,AES-128,encrypt,cpu_software,software,transform,bytes,CTR,33554432,7,33554432:CTR:7,13e802f5b2ed51c2188b2deefad6e60b96728f918322f1ef469a6d47beb0d691,1,1045,True,,,,,,,,,,,126806200,0.1268062,264.6119196064546,125000000,0.9857562169673092,
0e63ef0f-78d2-4dca-98d8-8f74edad751a,2007,AES-128,encrypt,cuda_baseline,baseline,resident,pinned,CTR,33554432,7,33554432:CTR:7,13e802f5b2ed51c2188b2deefad6e60b96728f918322f1ef469a6d47beb0d691,2,1046,True,1,4051.763085474323,,0.008281439781188964,,,8281439.781188965,,,,,,,,,8281439.781188965
0e63ef0f-78d2-4dca-98d8-8f74edad751a,2007,AES-128,encrypt,cuda_optimized_v1,optimized,resident,pinned,CTR,33554432,7,33554432:CTR:7,13e802f5b2ed51c2188b2deefad6e60b96728f918322f1ef469a6d47beb0d691,3,1047,True,1,4114.5316236758945,,0.008155103683471679,,,8155103.68347168,,,,,,,,,8155103.68347168
0e63ef0f-78d2-4dca-98d8-8f74edad751a,2007,AES-128,encrypt,cuda_optimized_v1,optimized,pipeline,pinned,CTR,33554432,7,33554432:CTR:7,13e802f5b2ed51c2188b2deefad6e60b96728f918322f1ef469a6d47beb0d691,4,1048,True,,4115.080702381082,1153.1089277675255,0.00815401554107666,0.0290991,10529300,8154015.54107666,10258700,20788000,29099100,,,,,,
0e63ef0f-78d2-4dca-98d8-8f74edad751a,2007,AES-128,encrypt,cuda_baseline,baseline,pipeline,pinned,CTR,33554432,7,33554432:CTR:7,13e802f5b2ed51c2188b2deefad6e60b96728f918322f1ef469a6d47beb0d691,5,1049,True,,4086.8208030768847,1156.5508660060318,0.008210399627685546,0.0290125,10531600,8210399.627685547,10153300,20684900,29012500,,,,,,
0e63ef0f-78d2-4dca-98d8-8f74edad751a,2007,AES-128,encrypt,cuda_optimized_v1,optimized,resident,pinned,ECB,33554432,7,33554432:ECB:7,fea9ac7375db2f3f820932c90fd14fe87281c07cb83619dc27b60136dc58c4c3,0,1050,True,1,6195.207197385447,,0.005416192054748535,,,5416192.054748535,,,,,,,,,5416192.054748535
0e63ef0f-78d2-4dca-98d8-8f74edad751a,2007,AES-128,encrypt,cpu_aesni,aesni,transform,bytes,ECB,33554432,7,33554432:ECB:7,fea9ac7375db2f3f820932c90fd14fe87281c07cb83619dc27b60136dc58c4c3,1,1051,True,,,,,,,,,,,17911200,0.0179112,1873.3771048282638,15625000,0.872359194247175,
0e63ef0f-78d2-4dca-98d8-8f74edad751a,2007,AES-128,encrypt,cuda_optimized_v1,optimized,pipeline,pinned,ECB,33554432,7,33554432:ECB:7,fea9ac7375db2f3f820932c90fd14fe87281c07cb83619dc27b60136dc58c4c3,2,1052,True,,6181.657549883845,2064.5323882654066,0.0054280638694763185,0.0162528,5413500,5428063.869476318,5309400,10722900,16252800,,,,,,
0e63ef0f-78d2-4dca-98d8-8f74edad751a,2007,AES-128,encrypt,cuda_baseline,baseline,resident,pinned,ECB,33554432,7,33554432:ECB:7,fea9ac7375db2f3f820932c90fd14fe87281c07cb83619dc27b60136dc58c4c3,3,1053,True,1,6278.710124318716,,0.0053441600799560545,,,5344160.079956055,,,,,,,,,5344160.079956055
0e63ef0f-78d2-4dca-98d8-8f74edad751a,2007,AES-128,encrypt,cuda_baseline,baseline,pipeline,pinned,ECB,33554432,7,33554432:ECB:7,fea9ac7375db2f3f820932c90fd14fe87281c07cb83619dc27b60136dc58c4c3,4,1054,True,,6305.517043046294,2092.7311055395476,0.005321440219879151,0.0160338,5408600,5321440.21987915,5207400,10616000,16033800,,,,,,
0e63ef0f-78d2-4dca-98d8-8f74edad751a,2007,AES-128,encrypt,cpu_software,software,transform,bytes,ECB,33554432,7,33554432:ECB:7,fea9ac7375db2f3f820932c90fd14fe87281c07cb83619dc27b60136dc58c4c3,5,1055,True,,,,,,,,,,,115923700,0.1159237,289.45273485922206,125000000,1.0782954650343286,
0e63ef0f-78d2-4dca-98d8-8f74edad751a,2007,AES-128,encrypt,cuda_baseline,baseline,pipeline,pinned,CTR,33554432,8,33554432:CTR:8,a2f4f746fe91c1c476e3820c96f087720e70d2086d266e178095e69672e12e59,0,1056,True,,6038.201740260533,2034.9462372112487,0.005557024002075196,0.0164891,5578200,5557024.002075195,5238700,10816900,16489100,,,,,,
0e63ef0f-78d2-4dca-98d8-8f74edad751a,2007,AES-128,encrypt,cuda_baseline,baseline,resident,pinned,CTR,33554432,8,33554432:CTR:8,a2f4f746fe91c1c476e3820c96f087720e70d2086d266e178095e69672e12e59,1,1057,True,1,6111.473297601579,,0.005490399837493896,,,5490399.8374938965,,,,,,,,,5490399.8374938965
0e63ef0f-78d2-4dca-98d8-8f74edad751a,2007,AES-128,encrypt,cpu_software,software,transform,bytes,CTR,33554432,8,33554432:CTR:8,a2f4f746fe91c1c476e3820c96f087720e70d2086d266e178095e69672e12e59,2,1058,True,,,,,,,,,,,124409100,0.1244091,269.71043115013293,140625000,1.1303433591272665,
0e63ef0f-78d2-4dca-98d8-8f74edad751a,2007,AES-128,encrypt,cuda_optimized_v1,optimized,resident,pinned,CTR,33554432,8,33554432:CTR:8,a2f4f746fe91c1c476e3820c96f087720e70d2086d266e178095e69672e12e59,3,1059,True,1,6054.728440769381,,0.005541855812072754,,,5541855.812072754,,,,,,,,,5541855.812072754
0e63ef0f-78d2-4dca-98d8-8f74edad751a,2007,AES-128,encrypt,cpu_aesni,aesni,transform,bytes,CTR,33554432,8,33554432:CTR:8,a2f4f746fe91c1c476e3820c96f087720e70d2086d266e178095e69672e12e59,4,1060,True,,,,,,,,,,,22473300,0.0224733,1493.079877009607,31250000,1.390538995163149,
0e63ef0f-78d2-4dca-98d8-8f74edad751a,2007,AES-128,encrypt,cuda_optimized_v1,optimized,pipeline,pinned,CTR,33554432,8,33554432:CTR:8,a2f4f746fe91c1c476e3820c96f087720e70d2086d266e178095e69672e12e59,5,1061,True,,6015.408695003505,2025.6955881287581,0.005578080177307129,0.0165644,5555200,5578080.177307129,5286400,10841600,16564400,,,,,,
0e63ef0f-78d2-4dca-98d8-8f74edad751a,2007,AES-128,encrypt,cpu_software,software,transform,bytes,ECB,33554432,8,33554432:ECB:8,8b8e88bc6209d2958cb81257eabcfa76b7da0149ba4353424927490516c9d422,0,1062,True,,,,,,,,,,,115068100,0.1150681,291.6049886979971,109375000,0.9505240809572766,
0e63ef0f-78d2-4dca-98d8-8f74edad751a,2007,AES-128,encrypt,cuda_optimized_v1,optimized,pipeline,pinned,ECB,33554432,8,33554432:ECB:8,8b8e88bc6209d2958cb81257eabcfa76b7da0149ba4353424927490516c9d422,1,1063,True,,6254.405174980618,2082.108764178808,0.005364927768707275,0.0161156,5340600,5364927.768707275,5322900,10663500,16115600,,,,,,
0e63ef0f-78d2-4dca-98d8-8f74edad751a,2007,AES-128,encrypt,cuda_baseline,baseline,pipeline,pinned,ECB,33554432,8,33554432:ECB:8,8b8e88bc6209d2958cb81257eabcfa76b7da0149ba4353424927490516c9d422,2,1064,True,,6293.935726979455,2081.2176771592494,0.005331232070922852,0.0161225,5371200,5331232.070922852,5323700,10694900,16122500,,,,,,
0e63ef0f-78d2-4dca-98d8-8f74edad751a,2007,AES-128,encrypt,cuda_optimized_v1,optimized,resident,pinned,ECB,33554432,8,33554432:ECB:8,8b8e88bc6209d2958cb81257eabcfa76b7da0149ba4353424927490516c9d422,3,1065,True,1,6174.9230799581255,,0.00543398380279541,,,5433983.80279541,,,,,,,,,5433983.80279541
0e63ef0f-78d2-4dca-98d8-8f74edad751a,2007,AES-128,encrypt,cpu_aesni,aesni,transform,bytes,ECB,33554432,8,33554432:ECB:8,8b8e88bc6209d2958cb81257eabcfa76b7da0149ba4353424927490516c9d422,4,1066,True,,,,,,,,,,,17105000,0.017105,1961.673896521485,15625000,0.9134755919321835,
0e63ef0f-78d2-4dca-98d8-8f74edad751a,2007,AES-128,encrypt,cuda_baseline,baseline,resident,pinned,ECB,33554432,8,33554432:ECB:8,8b8e88bc6209d2958cb81257eabcfa76b7da0149ba4353424927490516c9d422,5,1067,True,1,6276.868650782228,,0.005345727920532227,,,5345727.920532227,,,,,,,,,5345727.920532227
0e63ef0f-78d2-4dca-98d8-8f74edad751a,2007,AES-128,encrypt,cpu_aesni,aesni,transform,bytes,CTR,33554432,9,33554432:CTR:9,3ac345bdbfd8fcc639605de13648456afdc0be5e95f71a80dd9fc724c0f43f00,0,1068,True,,,,,,,,,,,23308700,0.0233087,1439.5668570104724,15625000,0.6703505558010528,
0e63ef0f-78d2-4dca-98d8-8f74edad751a,2007,AES-128,encrypt,cuda_optimized_v1,optimized,resident,pinned,CTR,33554432,9,33554432:CTR:9,3ac345bdbfd8fcc639605de13648456afdc0be5e95f71a80dd9fc724c0f43f00,1,1069,True,1,3045.1850069526836,,0.011018848419189453,,,11018848.419189453,,,,,,,,,11018848.419189453
0e63ef0f-78d2-4dca-98d8-8f74edad751a,2007,AES-128,encrypt,cuda_baseline,baseline,resident,pinned,CTR,33554432,9,33554432:CTR:9,3ac345bdbfd8fcc639605de13648456afdc0be5e95f71a80dd9fc724c0f43f00,2,1070,True,1,3039.517988620588,,0.011039392471313476,,,11039392.471313477,,,,,,,,,11039392.471313477
0e63ef0f-78d2-4dca-98d8-8f74edad751a,2007,AES-128,encrypt,cpu_software,software,transform,bytes,CTR,33554432,9,33554432:CTR:9,3ac345bdbfd8fcc639605de13648456afdc0be5e95f71a80dd9fc724c0f43f00,3,1071,True,,,,,,,,,,,125385600,0.1253856,267.60993287905467,125000000,0.9969246867263865,
0e63ef0f-78d2-4dca-98d8-8f74edad751a,2007,AES-128,encrypt,cuda_optimized_v1,optimized,pipeline,pinned,CTR,33554432,9,33554432:CTR:9,3ac345bdbfd8fcc639605de13648456afdc0be5e95f71a80dd9fc724c0f43f00,4,1072,True,,3992.4916995690846,1152.8355665498523,0.008404383659362793,0.029106,10444400,8404383.659362793,10156200,20600600,29106000,,,,,,
0e63ef0f-78d2-4dca-98d8-8f74edad751a,2007,AES-128,encrypt,cuda_baseline,baseline,pipeline,pinned,CTR,33554432,9,33554432:CTR:9,3ac345bdbfd8fcc639605de13648456afdc0be5e95f71a80dd9fc724c0f43f00,5,1073,True,,3977.0912841347567,1154.144119973859,0.008436927795410156,0.029073,10396800,8436927.795410156,10136300,20533100,29073000,,,,,,
0e63ef0f-78d2-4dca-98d8-8f74edad751a,2007,AES-128,encrypt,cpu_aesni,aesni,transform,bytes,ECB,33554432,9,33554432:ECB:9,6fea6e71b748b2f966a1151f977a91bb6c89512243cf375f8b260cbcda8a5163,0,1074,True,,,,,,,,,,,16907200,0.0169072,1984.6238289012965,15625000,0.9241624869877921,
0e63ef0f-78d2-4dca-98d8-8f74edad751a,2007,AES-128,encrypt,cuda_baseline,baseline,resident,pinned,ECB,33554432,9,33554432:ECB:9,6fea6e71b748b2f966a1151f977a91bb6c89512243cf375f8b260cbcda8a5163,1,1075,True,1,4078.3327520864955,,0.008227487564086915,,,8227487.564086914,,,,,,,,,8227487.564086914
0e63ef0f-78d2-4dca-98d8-8f74edad751a,2007,AES-128,encrypt,cuda_baseline,baseline,pipeline,pinned,ECB,33554432,9,33554432:ECB:9,6fea6e71b748b2f966a1151f977a91bb6c89512243cf375f8b260cbcda8a5163,2,1076,True,,4060.266355091141,1155.7262719920643,0.0082640962600708,0.0290332,10356400,8264096.260070801,10274300,20630700,29033200,,,,,,
0e63ef0f-78d2-4dca-98d8-8f74edad751a,2007,AES-128,encrypt,cpu_software,software,transform,bytes,ECB,33554432,9,33554432:ECB:9,6fea6e71b748b2f966a1151f977a91bb6c89512243cf375f8b260cbcda8a5163,3,1077,True,,,,,,,,,,,118205000,0.118205,283.86643542997336,125000000,1.0574848779662451,
0e63ef0f-78d2-4dca-98d8-8f74edad751a,2007,AES-128,encrypt,cuda_optimized_v1,optimized,resident,pinned,ECB,33554432,9,33554432:ECB:9,6fea6e71b748b2f966a1151f977a91bb6c89512243cf375f8b260cbcda8a5163,4,1078,True,1,3977.6492582099477,,0.008435744285583496,,,8435744.285583496,,,,,,,,,8435744.285583496
0e63ef0f-78d2-4dca-98d8-8f74edad751a,2007,AES-128,encrypt,cuda_optimized_v1,optimized,pipeline,pinned,ECB,33554432,9,33554432:ECB:9,6fea6e71b748b2f966a1151f977a91bb6c89512243cf375f8b260cbcda8a5163,5,1079,True,,3920.5696453497603,1144.4681228426812,0.008558560371398925,0.0293188,10448100,8558560.371398926,10194200,20642300,29318800,,,,,,
0e63ef0f-78d2-4dca-98d8-8f74edad751a,2007,AES-128,encrypt,cuda_baseline,baseline,pipeline,pinned,CTR,33554432,10,33554432:CTR:10,19afbf2057b372100825f88c16db567fd3e955a13966c0819497617b095c9a6d,0,1080,True,,3794.5965629446205,1132.3179925354498,0.008842687606811523,0.0296334,10438500,8842687.606811523,10210200,20648700,29633400,,,,,,
0e63ef0f-78d2-4dca-98d8-8f74edad751a,2007,AES-128,encrypt,cpu_aesni,aesni,transform,bytes,CTR,33554432,10,33554432:CTR:10,19afbf2057b372100825f88c16db567fd3e955a13966c0819497617b095c9a6d,1,1081,True,,,,,,,,,,,24204900,0.0242049,1386.266086618825,31250000,1.2910609008919682,
0e63ef0f-78d2-4dca-98d8-8f74edad751a,2007,AES-128,encrypt,cuda_optimized_v1,optimized,resident,pinned,CTR,33554432,10,33554432:CTR:10,19afbf2057b372100825f88c16db567fd3e955a13966c0819497617b095c9a6d,2,1082,True,1,3841.6695197725858,,0.008734335899353027,,,8734335.899353027,,,,,,,,,8734335.899353027
0e63ef0f-78d2-4dca-98d8-8f74edad751a,2007,AES-128,encrypt,cuda_optimized_v1,optimized,pipeline,pinned,CTR,33554432,10,33554432:CTR:10,19afbf2057b372100825f88c16db567fd3e955a13966c0819497617b095c9a6d,3,1083,True,,3675.809263291576,1129.1667479918294,0.009128447532653808,0.0297161,10349800,9128447.532653809,10138100,20487900,29716100,,,,,,
0e63ef0f-78d2-4dca-98d8-8f74edad751a,2007,AES-128,encrypt,cuda_baseline,baseline,resident,pinned,CTR,33554432,10,33554432:CTR:10,19afbf2057b372100825f88c16db567fd3e955a13966c0819497617b095c9a6d,4,1084,True,1,4027.7023049413697,,0.008330911636352538,,,8330911.636352539,,,,,,,,,8330911.636352539
0e63ef0f-78d2-4dca-98d8-8f74edad751a,2007,AES-128,encrypt,cpu_software,software,transform,bytes,CTR,33554432,10,33554432:CTR:10,19afbf2057b372100825f88c16db567fd3e955a13966c0819497617b095c9a6d,5,1085,True,,,,,,,,,,,124475000,0.124475,269.56764008837115,125000000,1.004217714400482,
0e63ef0f-78d2-4dca-98d8-8f74edad751a,2007,AES-128,encrypt,cpu_software,software,transform,bytes,ECB,33554432,10,33554432:ECB:10,b7764fa96a9f1ffe4ca14ccebe4a6f855304751b2a4ae5e7de3b8c1dadf7ec60,0,1086,True,,,,,,,,,,,116552500,0.1165525,287.89113918620365,125000000,1.072478067823513,
0e63ef0f-78d2-4dca-98d8-8f74edad751a,2007,AES-128,encrypt,cuda_optimized_v1,optimized,pipeline,pinned,ECB,33554432,10,33554432:ECB:10,b7764fa96a9f1ffe4ca14ccebe4a6f855304751b2a4ae5e7de3b8c1dadf7ec60,1,1087,True,,4052.686683640837,1134.047762283613,0.008279552459716797,0.0295882,10682800,8279552.459716797,10473800,21156600,29588200,,,,,,
0e63ef0f-78d2-4dca-98d8-8f74edad751a,2007,AES-128,encrypt,cuda_optimized_v1,optimized,resident,pinned,ECB,33554432,10,33554432:ECB:10,b7764fa96a9f1ffe4ca14ccebe4a6f855304751b2a4ae5e7de3b8c1dadf7ec60,2,1088,True,1,4118.879177641409,,0.008146495819091796,,,8146495.819091797,,,,,,,,,8146495.819091797
0e63ef0f-78d2-4dca-98d8-8f74edad751a,2007,AES-128,encrypt,cuda_baseline,baseline,pipeline,pinned,ECB,33554432,10,33554432:ECB:10,b7764fa96a9f1ffe4ca14ccebe4a6f855304751b2a4ae5e7de3b8c1dadf7ec60,3,1089,True,,4152.759611869326,1168.4844094970783,0.008080032348632813,0.0287162,10309000,8080032.3486328125,10230300,20539300,28716200,,,,,,
0e63ef0f-78d2-4dca-98d8-8f74edad751a,2007,AES-128,encrypt,cuda_baseline,baseline,resident,pinned,ECB,33554432,10,33554432:ECB:10,b7764fa96a9f1ffe4ca14ccebe4a6f855304751b2a4ae5e7de3b8c1dadf7ec60,4,1090,True,1,4100.500843287331,,0.008183008193969726,,,8183008.193969727,,,,,,,,,8183008.193969727
0e63ef0f-78d2-4dca-98d8-8f74edad751a,2007,AES-128,encrypt,cpu_aesni,aesni,transform,bytes,ECB,33554432,10,33554432:ECB:10,b7764fa96a9f1ffe4ca14ccebe4a6f855304751b2a4ae5e7de3b8c1dadf7ec60,5,1091,True,,,,,,,,,,,19071200,0.0190712,1759.4295062712363,15625000,0.8192982088174839,
0e63ef0f-78d2-4dca-98d8-8f74edad751a,2007,AES-128,encrypt,cuda_baseline,baseline,pipeline,pinned,CTR,33554432,11,33554432:CTR:11,76d8f54281337415cfb0ae6291ad43fbabba762a5058f29c843a576b615343c3,0,1092,True,,5297.309892487909,1236.8701550030412,0.006334239959716797,0.0271285,10347000,6334239.959716797,10335700,20682700,27128500,,,,,,
0e63ef0f-78d2-4dca-98d8-8f74edad751a,2007,AES-128,encrypt,cuda_baseline,baseline,resident,pinned,CTR,33554432,11,33554432:CTR:11,76d8f54281337415cfb0ae6291ad43fbabba762a5058f29c843a576b615343c3,1,1093,True,1,5275.376191388096,,0.006360576152801513,,,6360576.152801514,,,,,,,,,6360576.152801514
0e63ef0f-78d2-4dca-98d8-8f74edad751a,2007,AES-128,encrypt,cpu_aesni,aesni,transform,bytes,CTR,33554432,11,33554432:CTR:11,76d8f54281337415cfb0ae6291ad43fbabba762a5058f29c843a576b615343c3,2,1094,True,,,,,,,,,,,22275600,0.0222756,1506.3312323798236,31250000,1.402880281563684,
0e63ef0f-78d2-4dca-98d8-8f74edad751a,2007,AES-128,encrypt,cuda_optimized_v1,optimized,resident,pinned,CTR,33554432,11,33554432:CTR:11,76d8f54281337415cfb0ae6291ad43fbabba762a5058f29c843a576b615343c3,3,1095,True,1,5277.952038382954,,0.006357471942901611,,,6357471.942901611,,,,,,,,,6357471.942901611
0e63ef0f-78d2-4dca-98d8-8f74edad751a,2007,AES-128,encrypt,cuda_optimized_v1,optimized,pipeline,pinned,CTR,33554432,11,33554432:CTR:11,76d8f54281337415cfb0ae6291ad43fbabba762a5058f29c843a576b615343c3,4,1096,True,,5395.5191761848255,1245.0393128142334,0.006218944072723389,0.0269505,10283800,6218944.072723389,10344700,20628500,26950500,,,,,,
0e63ef0f-78d2-4dca-98d8-8f74edad751a,2007,AES-128,encrypt,cpu_software,software,transform,bytes,CTR,33554432,11,33554432:CTR:11,76d8f54281337415cfb0ae6291ad43fbabba762a5058f29c843a576b615343c3,5,1097,True,,,,,,,,,,,126514900,0.1265149,265.2211873858336,125000000,0.9880259163149953,
0e63ef0f-78d2-4dca-98d8-8f74edad751a,2007,AES-128,encrypt,cpu_software,software,transform,bytes,ECB,33554432,11,33554432:ECB:11,a9f42149eb15f79914e10b33416bf4847daf172b71c55abd68b4c778d8f3adcb,0,1098,True,,,,,,,,,,,116805600,0.1168056,287.2673227995918,125000000,1.0701541706904463,
0e63ef0f-78d2-4dca-98d8-8f74edad751a,2007,AES-128,encrypt,cuda_baseline,baseline,resident,pinned,ECB,33554432,11,33554432:ECB:11,a9f42149eb15f79914e10b33416bf4847daf172b71c55abd68b4c778d8f3adcb,1,1099,True,1,5462.1866397873955,,0.0061430401802062985,,,6143040.180206299,,,,,,,,,6143040.180206299
0e63ef0f-78d2-4dca-98d8-8f74edad751a,2007,AES-128,encrypt,cuda_optimized_v1,optimized,resident,pinned,ECB,33554432,11,33554432:ECB:11,a9f42149eb15f79914e10b33416bf4847daf172b71c55abd68b4c778d8f3adcb,2,1100,True,1,5508.789182826487,,0.0060910720825195315,,,6091072.082519531,,,,,,,,,6091072.082519531
0e63ef0f-78d2-4dca-98d8-8f74edad751a,2007,AES-128,encrypt,cuda_optimized_v1,optimized,pipeline,pinned,ECB,33554432,11,33554432:ECB:11,a9f42149eb15f79914e10b33416bf4847daf172b71c55abd68b4c778d8f3adcb,3,1101,True,,5526.267096446038,1249.778645202862,0.006071807861328125,0.0268483,10449500,6071807.861328125,10223000,20672500,26848300,,,,,,
0e63ef0f-78d2-4dca-98d8-8f74edad751a,2007,AES-128,encrypt,cuda_baseline,baseline,pipeline,pinned,ECB,33554432,11,33554432:ECB:11,a9f42149eb15f79914e10b33416bf4847daf172b71c55abd68b4c778d8f3adcb,4,1102,True,,5539.316361825439,1249.1830937675672,0.006057504177093506,0.0268611,10535300,6057504.177093506,10175600,20710900,26861100,,,,,,
0e63ef0f-78d2-4dca-98d8-8f74edad751a,2007,AES-128,encrypt,cpu_aesni,aesni,transform,bytes,ECB,33554432,11,33554432:ECB:11,a9f42149eb15f79914e10b33416bf4847daf172b71c55abd68b4c778d8f3adcb,5,1103,True,,,,,,,,,,,18030200,0.0180302,1861.0127452829142,15625000,0.8666015906645517,
0e63ef0f-78d2-4dca-98d8-8f74edad751a,2007,AES-128,encrypt,cuda_optimized_v1,optimized,resident,pinned,CTR,33554432,12,33554432:CTR:12,f890ee24f0bd6667e66225c79c789ed62ede601ed6cb62c635f4fbe3781b6fe7,0,1104,True,1,7491.380200202804,,0.004479072093963623,,,4479072.093963623,,,,,,,,,4479072.093963623
0e63ef0f-78d2-4dca-98d8-8f74edad751a,2007,AES-128,encrypt,cuda_baseline,baseline,resident,pinned,CTR,33554432,12,33554432:CTR:12,f890ee24f0bd6667e66225c79c789ed62ede601ed6cb62c635f4fbe3781b6fe7,1,1105,True,1,7450.447254790362,,0.004503680229187012,,,4503680.229187012,,,,,,,,,4503680.229187012
0e63ef0f-78d2-4dca-98d8-8f74edad751a,2007,AES-128,encrypt,cpu_aesni,aesni,transform,bytes,CTR,33554432,12,33554432:CTR:12,f890ee24f0bd6667e66225c79c789ed62ede601ed6cb62c635f4fbe3781b6fe7,2,1106,True,,,,,,,,,,,24666800,0.0246668,1360.3074577975253,31250000,1.2668850438646277,
0e63ef0f-78d2-4dca-98d8-8f74edad751a,2007,AES-128,encrypt,cuda_optimized_v1,optimized,pipeline,pinned,CTR,33554432,12,33554432:CTR:12,f890ee24f0bd6667e66225c79c789ed62ede601ed6cb62c635f4fbe3781b6fe7,3,1107,True,,7523.954946312303,2213.119459687632,0.0044596800804138186,0.0151616,5382700,4459680.080413818,5221900,10604600,15161600,,,,,,
0e63ef0f-78d2-4dca-98d8-8f74edad751a,2007,AES-128,encrypt,cuda_baseline,baseline,pipeline,pinned,CTR,33554432,12,33554432:CTR:12,f890ee24f0bd6667e66225c79c789ed62ede601ed6cb62c635f4fbe3781b6fe7,4,1108,True,,7452.671637991744,2201.3010562225286,0.004502336025238037,0.015243,5374100,4502336.025238037,5264200,10638300,15243000,,,,,,
0e63ef0f-78d2-4dca-98d8-8f74edad751a,2007,AES-128,encrypt,cpu_software,software,transform,bytes,CTR,33554432,12,33554432:CTR:12,f890ee24f0bd6667e66225c79c789ed62ede601ed6cb62c635f4fbe3781b6fe7,5,1109,True,,,,,,,,,,,126390800,0.1263908,265.4816015089706,125000000,0.9889960345215,
0e63ef0f-78d2-4dca-98d8-8f74edad751a,2007,AES-128,encrypt,cuda_optimized_v1,optimized,resident,pinned,ECB,33554432,12,33554432:ECB:12,a9f24fa7e09d539ffb923f20ee1b201e761f4ff1fcf5e9aa1cea44d716e8cddc,0,1110,True,1,7696.591616467741,,0.00435964822769165,,,4359648.22769165,,,,,,,,,4359648.22769165
0e63ef0f-78d2-4dca-98d8-8f74edad751a,2007,AES-128,encrypt,cuda_baseline,baseline,pipeline,pinned,ECB,33554432,12,33554432:ECB:12,a9f24fa7e09d539ffb923f20ee1b201e761f4ff1fcf5e9aa1cea44d716e8cddc,1,1111,True,,7698.513119778727,2196.6894926350246,0.004358560085296631,0.015275,5324500,4358560.085296631,5460500,10785000,15275000,,,,,,
0e63ef0f-78d2-4dca-98d8-8f74edad751a,2007,AES-128,encrypt,cpu_aesni,aesni,transform,bytes,ECB,33554432,12,33554432:ECB:12,a9f24fa7e09d539ffb923f20ee1b201e761f4ff1fcf5e9aa1cea44d716e8cddc,2,1112,True,,,,,,,,,,,17355800,0.0173558,1933.3267265121747,31250000,1.8005508245082336,
0e63ef0f-78d2-4dca-98d8-8f74edad751a,2007,AES-128,encrypt,cpu_software,software,transform,bytes,ECB,33554432,12,33554432:ECB:12,a9f24fa7e09d539ffb923f20ee1b201e761f4ff1fcf5e9aa1cea44d716e8cddc,3,1113,True,,,,,,,,,,,118997200,0.1189972,281.97665155146507,109375000,0.9191392738652674,
0e63ef0f-78d2-4dca-98d8-8f74edad751a,2007,AES-128,encrypt,cuda_baseline,baseline,resident,pinned,ECB,33554432,12,33554432:ECB:12,a9f24fa7e09d539ffb923f20ee1b201e761f4ff1fcf5e9aa1cea44d716e8cddc,4,1114,True,1,7695.010169543007,,0.004360544204711914,,,4360544.204711914,,,,,,,,,4360544.204711914
0e63ef0f-78d2-4dca-98d8-8f74edad751a,2007,AES-128,encrypt,cuda_optimized_v1,optimized,pipeline,pinned,ECB,33554432,12,33554432:ECB:12,a9f24fa7e09d539ffb923f20ee1b201e761f4ff1fcf5e9aa1cea44d716e8cddc,5,1115,True,,7661.501295375798,2222.8102414626874,0.004379615783691406,0.0150955,5321700,4379615.783691406,5292000,10613700,15095500,,,,,,
0e63ef0f-78d2-4dca-98d8-8f74edad751a,2007,AES-128,encrypt,cuda_baseline,baseline,resident,pinned,CTR,33554432,13,33554432:CTR:13,c1b7e830d0ce82ea369b51beb2f20055eb5b39e9c560afef85d75f6155223c1d,0,1116,True,1,7502.099887457325,,0.0044726719856262205,,,4472671.985626221,,,,,,,,,4472671.985626221
0e63ef0f-78d2-4dca-98d8-8f74edad751a,2007,AES-128,encrypt,cuda_optimized_v1,optimized,resident,pinned,CTR,33554432,13,33554432:CTR:13,c1b7e830d0ce82ea369b51beb2f20055eb5b39e9c560afef85d75f6155223c1d,1,1117,True,1,7519.261350837343,,0.004462463855743408,,,4462463.855743408,,,,,,,,,4462463.855743408
0e63ef0f-78d2-4dca-98d8-8f74edad751a,2007,AES-128,encrypt,cpu_aesni,aesni,transform,bytes,CTR,33554432,13,33554432:CTR:13,c1b7e830d0ce82ea369b51beb2f20055eb5b39e9c560afef85d75f6155223c1d,2,1118,True,,,,,,,,,,,24323600,0.0243236,1379.5010606982519,31250000,1.2847604795342795,
0e63ef0f-78d2-4dca-98d8-8f74edad751a,2007,AES-128,encrypt,cuda_baseline,baseline,pipeline,pinned,CTR,33554432,13,33554432:CTR:13,c1b7e830d0ce82ea369b51beb2f20055eb5b39e9c560afef85d75f6155223c1d,3,1119,True,,7514.034386388004,2197.9845408096426,0.004465568065643311,0.015266,5426900,4465568.065643311,5271800,10698700,15266000,,,,,,
0e63ef0f-78d2-4dca-98d8-8f74edad751a,2007,AES-128,encrypt,cuda_optimized_v1,optimized,pipeline,pinned,CTR,33554432,13,33554432:CTR:13,c1b7e830d0ce82ea369b51beb2f20055eb5b39e9c560afef85d75f6155223c1d,4,1120,True,,7383.090414901413,2197.5670807982237,0.0045447678565979,0.0152689,5425600,4544767.8565979,5195800,10621400,15268900,,,,,,
0e63ef0f-78d2-4dca-98d8-8f74edad751a,2007,AES-128,encrypt,cpu_software,software,transform,bytes,CTR,33554432,13,33554432:CTR:13,c1b7e830d0ce82ea369b51beb2f20055eb5b39e9c560afef85d75f6155223c1d,5,1121,True,,,,,,,,,,,126665500,0.1266655,264.9058504486226,125000000,0.9868511946820563,
0e63ef0f-78d2-4dca-98d8-8f74edad751a,2007,AES-128,encrypt,cuda_baseline,baseline,pipeline,pinned,ECB,33554432,13,33554432:ECB:13,6d8adfa8e07f3064fcda371ab7ee66203933647ec6684bdddd9e401ca7dede71,0,1122,True,,5258.181480937463,1211.307606223602,0.006381375789642334,0.027701,10727900,6381375.789642334,10455400,21183300,27701000,,,,,,
0e63ef0f-78d2-4dca-98d8-8f74edad751a,2007,AES-128,encrypt,cuda_optimized_v1,optimized,pipeline,pinned,ECB,33554432,13,33554432:ECB:13,6d8adfa8e07f3064fcda371ab7ee66203933647ec6684bdddd9e401ca7dede71,1,1123,True,,5231.031758041173,1233.8456333884906,0.006414495944976807,0.027195,10453600,6414495.944976807,10207200,20660800,27195000,,,,,,
0e63ef0f-78d2-4dca-98d8-8f74edad751a,2007,AES-128,encrypt,cpu_aesni,aesni,transform,bytes,ECB,33554432,13,33554432:ECB:13,6d8adfa8e07f3064fcda371ab7ee66203933647ec6684bdddd9e401ca7dede71,2,1124,True,,,,,,,,,,,17313500,0.0173135,1938.0501920466688,15625000,0.9024749472954631,
0e63ef0f-78d2-4dca-98d8-8f74edad751a,2007,AES-128,encrypt,cpu_software,software,transform,bytes,ECB,33554432,13,33554432:ECB:13,6d8adfa8e07f3064fcda371ab7ee66203933647ec6684bdddd9e401ca7dede71,3,1125,True,,,,,,,,,,,130363900,0.1303639,257.3905199215427,125000000,0.9588544067797911,
0e63ef0f-78d2-4dca-98d8-8f74edad751a,2007,AES-128,encrypt,cuda_baseline,baseline,resident,pinned,ECB,33554432,13,33554432:ECB:13,6d8adfa8e07f3064fcda371ab7ee66203933647ec6684bdddd9e401ca7dede71,4,1126,True,1,5231.083865997118,,0.006414432048797608,,,6414432.048797607,,,,,,,,,6414432.048797607
0e63ef0f-78d2-4dca-98d8-8f74edad751a,2007,AES-128,encrypt,cuda_optimized_v1,optimized,resident,pinned,ECB,33554432,13,33554432:ECB:13,6d8adfa8e07f3064fcda371ab7ee66203933647ec6684bdddd9e401ca7dede71,5,1127,True,1,5192.846759336,,0.006461664199829102,,,6461664.199829102,,,,,,,,,6461664.199829102
0e63ef0f-78d2-4dca-98d8-8f74edad751a,2007,AES-128,encrypt,cpu_aesni,aesni,transform,bytes,ECB,33554432,14,33554432:ECB:14,2a8bea11b6bed90b7f70436e0e3c9c997324782622b7a58b07d5abece20980ba,0,1128,True,,,,,,,,,,,17823200,0.0178232,1882.6266888100902,15625000,0.8766663674312133,
0e63ef0f-78d2-4dca-98d8-8f74edad751a,2007,AES-128,encrypt,cuda_optimized_v1,optimized,resident,pinned,ECB,33554432,14,33554432:ECB:14,2a8bea11b6bed90b7f70436e0e3c9c997324782622b7a58b07d5abece20980ba,1,1129,True,1,4506.263586202224,,0.007446176052093506,,,7446176.052093506,,,,,,,,,7446176.052093506
0e63ef0f-78d2-4dca-98d8-8f74edad751a,2007,AES-128,encrypt,cpu_software,software,transform,bytes,ECB,33554432,14,33554432:ECB:14,2a8bea11b6bed90b7f70436e0e3c9c997324782622b7a58b07d5abece20980ba,2,1130,True,,,,,,,,,,,126628200,0.1266282,264.98388194730717,125000000,0.9871418846670805,
0e63ef0f-78d2-4dca-98d8-8f74edad751a,2007,AES-128,encrypt,cuda_baseline,baseline,pipeline,pinned,ECB,33554432,14,33554432:ECB:14,2a8bea11b6bed90b7f70436e0e3c9c997324782622b7a58b07d5abece20980ba,3,1131,True,,4257.709737100579,1177.4848315769896,0.007880864143371582,0.0284967,10317500,7880864.143371582,10174800,20492300,28496700,,,,,,
0e63ef0f-78d2-4dca-98d8-8f74edad751a,2007,AES-128,encrypt,cuda_baseline,baseline,resident,pinned,ECB,33554432,14,33554432:ECB:14,2a8bea11b6bed90b7f70436e0e3c9c997324782622b7a58b07d5abece20980ba,4,1132,True,1,4243.906756723127,,0.007906496047973633,,,7906496.047973633,,,,,,,,,7906496.047973633
0e63ef0f-78d2-4dca-98d8-8f74edad751a,2007,AES-128,encrypt,cuda_optimized_v1,optimized,pipeline,pinned,ECB,33554432,14,33554432:ECB:14,2a8bea11b6bed90b7f70436e0e3c9c997324782622b7a58b07d5abece20980ba,5,1133,True,,4233.301243270273,1144.1793345199856,0.007926303863525391,0.0293262,10345600,7926303.863525391,10953200,21298800,29326200,,,,,,
0e63ef0f-78d2-4dca-98d8-8f74edad751a,2007,AES-128,encrypt,cuda_optimized_v1,optimized,resident,pinned,CTR,33554432,14,33554432:CTR:14,58446cc4f722b380aaac3047b1d6cea7bef4514f1c03d7702d12d1e72e5d3416,0,1134,True,1,4307.239932827649,,0.007790239810943603,,,7790239.8109436035,,,,,,,,,7790239.8109436035
0e63ef0f-78d2-4dca-98d8-8f74edad751a,2007,AES-128,encrypt,cpu_software,software,transform,bytes,CTR,33554432,14,33554432:CTR:14,58446cc4f722b380aaac3047b1d6cea7bef4514f1c03d7702d12d1e72e5d3416,1,1135,True,,,,,,,,,,,126083200,0.1260832,266.12928605872946,125000000,0.9914088474911804,
0e63ef0f-78d2-4dca-98d8-8f74edad751a,2007,AES-128,encrypt,cpu_aesni,aesni,transform,bytes,CTR,33554432,14,33554432:CTR:14,58446cc4f722b380aaac3047b1d6cea7bef4514f1c03d7702d12d1e72e5d3416,2,1136,True,,,,,,,,,,,23517900,0.0235179,1426.7614030164257,15625000,0.664387551609625,
0e63ef0f-78d2-4dca-98d8-8f74edad751a,2007,AES-128,encrypt,cuda_baseline,baseline,resident,pinned,CTR,33554432,14,33554432:CTR:14,58446cc4f722b380aaac3047b1d6cea7bef4514f1c03d7702d12d1e72e5d3416,3,1137,True,1,4373.622562605948,,0.007671999931335449,,,7671999.931335449,,,,,,,,,7671999.931335449
0e63ef0f-78d2-4dca-98d8-8f74edad751a,2007,AES-128,encrypt,cuda_baseline,baseline,pipeline,pinned,CTR,33554432,14,33554432:CTR:14,58446cc4f722b380aaac3047b1d6cea7bef4514f1c03d7702d12d1e72e5d3416,4,1138,True,,4388.448973199613,1180.2971634398918,0.007646080017089844,0.0284288,10504800,7646080.017089844,10177000,20681800,28428800,,,,,,
0e63ef0f-78d2-4dca-98d8-8f74edad751a,2007,AES-128,encrypt,cuda_optimized_v1,optimized,pipeline,pinned,CTR,33554432,14,33554432:CTR:14,58446cc4f722b380aaac3047b1d6cea7bef4514f1c03d7702d12d1e72e5d3416,5,1139,True,,4363.703076962535,1185.5432992968942,0.007689439773559571,0.028303,10368100,7689439.77355957,10142900,20511000,28303000,,,,,,
0e63ef0f-78d2-4dca-98d8-8f74edad751a,2007,AES-128,encrypt,cuda_optimized_v1,optimized,pipeline,pinned,ECB,33554432,15,33554432:ECB:15,196911c4a0e8cb4052d2bbe928b1ec9e6ae09c8fdb8e1226622176d3c2b281e3,0,1140,True,,4466.3968994555935,1183.4484412639183,0.007512639999389648,0.0283531,10453000,7512639.999389648,10275900,20728900,28353100,,,,,,
0e63ef0f-78d2-4dca-98d8-8f74edad751a,2007,AES-128,encrypt,cpu_software,software,transform,bytes,ECB,33554432,15,33554432:ECB:15,196911c4a0e8cb4052d2bbe928b1ec9e6ae09c8fdb8e1226622176d3c2b281e3,1,1141,True,,,,,,,,,,,118147900,0.1181479,284.0036259637285,109375000,0.9257464584643486,
0e63ef0f-78d2-4dca-98d8-8f74edad751a,2007,AES-128,encrypt,cuda_baseline,baseline,resident,pinned,ECB,33554432,15,33554432:ECB:15,196911c4a0e8cb4052d2bbe928b1ec9e6ae09c8fdb8e1226622176d3c2b281e3,2,1142,True,1,4449.189105650496,,0.007541696071624756,,,7541696.071624756,,,,,,,,,7541696.071624756
0e63ef0f-78d2-4dca-98d8-8f74edad751a,2007,AES-128,encrypt,cuda_optimized_v1,optimized,resident,pinned,ECB,33554432,15,33554432:ECB:15,196911c4a0e8cb4052d2bbe928b1ec9e6ae09c8fdb8e1226622176d3c2b281e3,3,1143,True,1,4417.791276992609,,0.007595295906066894,,,7595295.9060668945,,,,,,,,,7595295.9060668945
0e63ef0f-78d2-4dca-98d8-8f74edad751a,2007,AES-128,encrypt,cpu_aesni,aesni,transform,bytes,ECB,33554432,15,33554432:ECB:15,196911c4a0e8cb4052d2bbe928b1ec9e6ae09c8fdb8e1226622176d3c2b281e3,4,1144,True,,,,,,,,,,,17309400,0.0173094,1938.5092493096238,15625000,0.9026887124914786,
0e63ef0f-78d2-4dca-98d8-8f74edad751a,2007,AES-128,encrypt,cuda_baseline,baseline,pipeline,pinned,ECB,33554432,15,33554432:ECB:15,196911c4a0e8cb4052d2bbe928b1ec9e6ae09c8fdb8e1226622176d3c2b281e3,5,1145,True,,4421.218670810049,1186.3145315825573,0.007589407920837402,0.0282846,10341600,7589407.920837402,10237000,20578600,28284600,,,,,,
0e63ef0f-78d2-4dca-98d8-8f74edad751a,2007,AES-128,encrypt,cuda_optimized_v1,optimized,resident,pinned,CTR,33554432,15,33554432:CTR:15,3522d3c5998f027ac1e7e0996da809b8e73fd691ef520305df3d44995c6490ea,0,1146,True,1,4310.976374096261,,0.007783487796783447,,,7783487.796783447,,,,,,,,,7783487.796783447
0e63ef0f-78d2-4dca-98d8-8f74edad751a,2007,AES-128,encrypt,cuda_optimized_v1,optimized,pipeline,pinned,CTR,33554432,15,33554432:CTR:15,3522d3c5998f027ac1e7e0996da809b8e73fd691ef520305df3d44995c6490ea,1,1147,True,,4381.444123957295,1160.3704395338382,0.007658304214477539,0.028917,10422800,7658304.214477539,10693600,21116400,28917000,,,,,,
0e63ef0f-78d2-4dca-98d8-8f74edad751a,2007,AES-128,encrypt,cpu_software,software,transform,bytes,CTR,33554432,15,33554432:CTR:15,3522d3c5998f027ac1e7e0996da809b8e73fd691ef520305df3d44995c6490ea,2,1148,True,,,,,,,,,,,149402900,0.1494029,224.5902321842481,140625000,0.9412467897209492,
0e63ef0f-78d2-4dca-98d8-8f74edad751a,2007,AES-128,encrypt,cpu_aesni,aesni,transform,bytes,CTR,33554432,15,33554432:CTR:15,3522d3c5998f027ac1e7e0996da809b8e73fd691ef520305df3d44995c6490ea,3,1149,True,,,,,,,,,,,36279800,0.0362798,924.8791889701707,62500000,1.7227217349599502,
0e63ef0f-78d2-4dca-98d8-8f74edad751a,2007,AES-128,encrypt,cuda_baseline,baseline,resident,pinned,CTR,33554432,15,33554432:CTR:15,3522d3c5998f027ac1e7e0996da809b8e73fd691ef520305df3d44995c6490ea,4,1150,True,1,3240.536271474934,,0.010354592323303222,,,10354592.323303223,,,,,,,,,10354592.323303223
0e63ef0f-78d2-4dca-98d8-8f74edad751a,2007,AES-128,encrypt,cuda_baseline,baseline,pipeline,pinned,CTR,33554432,15,33554432:CTR:15,3522d3c5998f027ac1e7e0996da809b8e73fd691ef520305df3d44995c6490ea,5,1151,True,,3225.147163550649,643.3919052622698,0.010404000282287598,0.0521524,20983200,10404000.282287598,20576100,41559300,52152400,,,,,,
0e63ef0f-78d2-4dca-98d8-8f74edad751a,2007,AES-128,encrypt,cuda_baseline,baseline,pipeline,pinned,ECB,33554432,16,33554432:ECB:16,7511840f5ad70bcac0bf26ab178f675a642ee668ad54c1a3a8210d627e919cd7,0,1152,True,,4364.992604605624,1191.3521036747736,0.0076871681213378906,0.028165,10287700,7687168.121337891,10087300,20375000,28165000,,,,,,
0e63ef0f-78d2-4dca-98d8-8f74edad751a,2007,AES-128,encrypt,cpu_software,software,transform,bytes,ECB,33554432,16,33554432:ECB:16,7511840f5ad70bcac0bf26ab178f675a642ee668ad54c1a3a8210d627e919cd7,1,1153,True,,,,,,,,,,,120137100,0.1201371,279.3011650855564,125000000,1.040477920642333,
0e63ef0f-78d2-4dca-98d8-8f74edad751a,2007,AES-128,encrypt,cuda_baseline,baseline,resident,pinned,ECB,33554432,16,33554432:ECB:16,7511840f5ad70bcac0bf26ab178f675a642ee668ad54c1a3a8210d627e919cd7,2,1154,True,1,4315.447232775956,,0.007775424003601074,,,7775424.003601074,,,,,,,,,7775424.003601074
0e63ef0f-78d2-4dca-98d8-8f74edad751a,2007,AES-128,encrypt,cuda_optimized_v1,optimized,pipeline,pinned,ECB,33554432,16,33554432:ECB:16,7511840f5ad70bcac0bf26ab178f675a642ee668ad54c1a3a8210d627e919cd7,3,1155,True,,4372.874605049359,1132.604646609892,0.007673312187194825,0.0296259,10565600,7673312.187194824,11268700,21834300,29625900,,,,,,
0e63ef0f-78d2-4dca-98d8-8f74edad751a,2007,AES-128,encrypt,cpu_aesni,aesni,transform,bytes,ECB,33554432,16,33554432:ECB:16,7511840f5ad70bcac0bf26ab178f675a642ee668ad54c1a3a8210d627e919cd7,4,1156,True,,,,,,,,,,,17388200,0.0173882,1929.724295786798,31250000,1.797195799450202,
0e63ef0f-78d2-4dca-98d8-8f74edad751a,2007,AES-128,encrypt,cuda_optimized_v1,optimized,resident,pinned,ECB,33554432,16,33554432:ECB:16,7511840f5ad70bcac0bf26ab178f675a642ee668ad54c1a3a8210d627e919cd7,5,1157,True,1,4353.105323810068,,0.007708159923553467,,,7708159.923553467,,,,,,,,,7708159.923553467
0e63ef0f-78d2-4dca-98d8-8f74edad751a,2007,AES-128,encrypt,cuda_baseline,baseline,pipeline,pinned,CTR,33554432,16,33554432:CTR:16,9dc2a0cf9096af42c7634534a132dd4f370f34be87e21de6bc1e081a3686e6bb,0,1158,True,,4459.93790565919,1183.2064008124435,0.007523519992828369,0.0283589,10387700,7523519.992828369,10301000,20688700,28358900,,,,,,
0e63ef0f-78d2-4dca-98d8-8f74edad751a,2007,AES-128,encrypt,cuda_baseline,baseline,resident,pinned,CTR,33554432,16,33554432:CTR:16,9dc2a0cf9096af42c7634534a132dd4f370f34be87e21de6bc1e081a3686e6bb,1,1159,True,1,4501.504591121751,,0.007454048156738282,,,7454048.156738281,,,,,,,,,7454048.156738281
0e63ef0f-78d2-4dca-98d8-8f74edad751a,2007,AES-128,encrypt,cpu_aesni,aesni,transform,bytes,CTR,33554432,16,33554432:CTR:16,9dc2a0cf9096af42c7634534a132dd4f370f34be87e21de6bc1e081a3686e6bb,2,1160,True,,,,,,,,,,,22175500,0.0221755,1513.1307975017473,15625000,0.7046064350296498,
0e63ef0f-78d2-4dca-98d8-8f74edad751a,2007,AES-128,encrypt,cpu_software,software,transform,bytes,CTR,33554432,16,33554432:CTR:16,9dc2a0cf9096af42c7634534a132dd4f370f34be87e21de6bc1e081a3686e6bb,3,1161,True,,,,,,,,,,,128282500,0.1282825,261.5667140880479,140625000,1.0962134351918618,
0e63ef0f-78d2-4dca-98d8-8f74edad751a,2007,AES-128,encrypt,cuda_optimized_v1,optimized,resident,pinned,CTR,33554432,16,33554432:CTR:16,9dc2a0cf9096af42c7634534a132dd4f370f34be87e21de6bc1e081a3686e6bb,4,1162,True,1,4519.314984835202,,0.007424672126770019,,,7424672.1267700195,,,,,,,,,7424672.1267700195
0e63ef0f-78d2-4dca-98d8-8f74edad751a,2007,AES-128,encrypt,cuda_optimized_v1,optimized,pipeline,pinned,CTR,33554432,16,33554432:CTR:16,9dc2a0cf9096af42c7634534a132dd4f370f34be87e21de6bc1e081a3686e6bb,5,1163,True,,4567.227167085677,1194.167396240382,0.007346784114837647,0.0280986,10366700,7346784.1148376465,10261400,20628100,28098600,,,,,,
0e63ef0f-78d2-4dca-98d8-8f74edad751a,2007,AES-128,encrypt,cpu_software,software,transform,bytes,ECB,33554432,17,33554432:ECB:17,98bc5ae2d5439f7848e21b81b737a62bc5c6a89ffb607701443439a638a2d34c,0,1164,True,,,,,,,,,,,120472300,0.1204723,278.5240424562327,125000000,1.0375829132505978,
0e63ef0f-78d2-4dca-98d8-8f74edad751a,2007,AES-128,encrypt,cuda_optimized_v1,optimized,resident,pinned,ECB,33554432,17,33554432:ECB:17,98bc5ae2d5439f7848e21b81b737a62bc5c6a89ffb607701443439a638a2d34c,1,1165,True,1,4625.390526296541,,0.00725439977645874,,,7254399.77645874,,,,,,,,,7254399.77645874
0e63ef0f-78d2-4dca-98d8-8f74edad751a,2007,AES-128,encrypt,cuda_baseline,baseline,resident,pinned,ECB,33554432,17,33554432:ECB:17,98bc5ae2d5439f7848e21b81b737a62bc5c6a89ffb607701443439a638a2d34c,2,1166,True,1,4650.272649331067,,0.007215583801269531,,,7215583.801269531,,,,,,,,,7215583.801269531
0e63ef0f-78d2-4dca-98d8-8f74edad751a,2007,AES-128,encrypt,cuda_optimized_v1,optimized,pipeline,pinned,ECB,33554432,17,33554432:ECB:17,98bc5ae2d5439f7848e21b81b737a62bc5c6a89ffb607701443439a638a2d34c,3,1167,True,,4632.399302281463,1201.199680677022,0.0072434239387512206,0.0279341,10366700,7243423.938751221,10212600,20579300,27934100,,,,,,
0e63ef0f-78d2-4dca-98d8-8f74edad751a,2007,AES-128,encrypt,cuda_baseline,baseline,pipeline,pinned,ECB,33554432,17,33554432:ECB:17,98bc5ae2d5439f7848e21b81b737a62bc5c6a89ffb607701443439a638a2d34c,4,1168,True,,4563.867801883743,1184.9655328285683,0.0073521919250488284,0.0283168,10489100,7352191.925048828,10265200,20754300,28316800,,,,,,
0e63ef0f-78d2-4dca-98d8-8f74edad751a,2007,AES-128,encrypt,cpu_aesni,aesni,transform,bytes,ECB,33554432,17,33554432:ECB:17,98bc5ae2d5439f7848e21b81b737a62bc5c6a89ffb607701443439a638a2d34c,5,1169,True,,,,,,,,,,,20889500,0.0208895,1606.2821991909811,31250000,1.4959668733095575,
0e63ef0f-78d2-4dca-98d8-8f74edad751a,2007,AES-128,encrypt,cuda_baseline,baseline,resident,pinned,CTR,33554432,17,33554432:CTR:17,438169025032377f23c2a825af6e6cb7fad68343f3d07d0484023363464e481d,0,1170,True,1,6350.080221404366,,0.005284095764160156,,,5284095.764160156,,,,,,,,,5284095.764160156
0e63ef0f-78d2-4dca-98d8-8f74edad751a,2007,AES-128,encrypt,cuda_optimized_v1,optimized,pipeline,pinned,CTR,33554432,17,33554432:CTR:17,438169025032377f23c2a825af6e6cb7fad68343f3d07d0484023363464e481d,1,1171,True,,6503.078937777353,2092.7050018710243,0.005159776210784912,0.016034,5562300,5159776.210784912,5212800,10775100,16034000,,,,,,
0e63ef0f-78d2-4dca-98d8-8f74edad751a,2007,AES-128,encrypt,cuda_baseline,baseline,pipeline,pinned,CTR,33554432,17,33554432:CTR:17,438169025032377f23c2a825af6e6cb7fad68343f3d07d0484023363464e481d,2,1172,True,,6426.909309061949,2112.520587272407,0.005220928192138672,0.0158836,5321500,5220928.192138672,5225700,10547200,15883600,,,,,,
0e63ef0f-78d2-4dca-98d8-8f74edad751a,2007,AES-128,encrypt,cpu_aesni,aesni,transform,bytes,CTR,33554432,17,33554432:CTR:17,438169025032377f23c2a825af6e6cb7fad68343f3d07d0484023363464e481d,3,1173,True,,,,,,,,,,,22343900,0.0223439,1501.726735261078,15625000,0.6992960047261221,
0e63ef0f-78d2-4dca-98d8-8f74edad751a,2007,AES-128,encrypt,cpu_software,software,transform,bytes,CTR,33554432,17,33554432:CTR:17,438169025032377f23c2a825af6e6cb7fad68343f3d07d0484023363464e481d,4,1174,True,,,,,,,,,,,123318600,0.1233186,272.09546653951634,125000000,1.0136346017551285,
0e63ef0f-78d2-4dca-98d8-8f74edad751a,2007,AES-128,encrypt,cuda_optimized_v1,optimized,resident,pinned,CTR,33554432,17,33554432:CTR:17,438169025032377f23c2a825af6e6cb7fad68343f3d07d0484023363464e481d,5,1175,True,1,6328.846716200257,,0.00530182409286499,,,5301824.09286499,,,,,,,,,5301824.09286499
0e63ef0f-78d2-4dca-98d8-8f74edad751a,2007,AES-128,encrypt,cpu_software,software,transform,bytes,ECB,33554432,18,33554432:ECB:18,981744abd9df37dae363f0f6e4ede47583523938a6913fc8e0dc285bb6cae947,0,1176,True,,,,,,,,,,,120709300,0.1207093,277.97718982713013,125000000,1.0355457284567138,
0e63ef0f-78d2-4dca-98d8-8f74edad751a,2007,AES-128,encrypt,cuda_optimized_v1,optimized,pipeline,pinned,ECB,33554432,18,33554432:ECB:18,981744abd9df37dae363f0f6e4ede47583523938a6913fc8e0dc285bb6cae947,1,1177,True,,6614.494619215539,2117.092363700605,0.0050728640556335445,0.0158493,5390600,5072864.055633545,5286400,10677000,15849300,,,,,,
0e63ef0f-78d2-4dca-98d8-8f74edad751a,2007,AES-128,encrypt,cuda_baseline,baseline,resident,pinned,ECB,33554432,18,33554432:ECB:18,981744abd9df37dae363f0f6e4ede47583523938a6913fc8e0dc285bb6cae947,2,1178,True,1,6581.861142387549,,0.005098015785217285,,,5098015.785217285,,,,,,,,,5098015.785217285
0e63ef0f-78d2-4dca-98d8-8f74edad751a,2007,AES-128,encrypt,cuda_baseline,baseline,pipeline,pinned,ECB,33554432,18,33554432:ECB:18,981744abd9df37dae363f0f6e4ede47583523938a6913fc8e0dc285bb6cae947,3,1179,True,,6584.258035068139,2121.52299540977,0.005096159934997559,0.0158162,5402300,5096159.934997559,5215800,10618100,15816200,,,,,,
0e63ef0f-78d2-4dca-98d8-8f74edad751a,2007,AES-128,encrypt,cuda_optimized_v1,optimized,resident,pinned,ECB,33554432,18,33554432:ECB:18,981744abd9df37dae363f0f6e4ede47583523938a6913fc8e0dc285bb6cae947,4,1180,True,1,6613.701987084395,,0.005073472023010254,,,5073472.023010254,,,,,,,,,5073472.023010254
0e63ef0f-78d2-4dca-98d8-8f74edad751a,2007,AES-128,encrypt,cpu_aesni,aesni,transform,bytes,ECB,33554432,18,33554432:ECB:18,981744abd9df37dae363f0f6e4ede47583523938a6913fc8e0dc285bb6cae947,5,1181,True,,,,,,,,,,,17564900,0.0175649,1910.3115873133352,15625000,0.8895581529072184,
0e63ef0f-78d2-4dca-98d8-8f74edad751a,2007,AES-128,encrypt,cuda_optimized_v1,optimized,resident,pinned,CTR,33554432,18,33554432:CTR:18,4d27f7a9e4650ac24f784f6b7ac5e9d14382b4de725bfbf172acae36c5636d68,0,1182,True,1,6414.485837257479,,0.005231040000915527,,,5231040.000915527,,,,,,,,,5231040.000915527
0e63ef0f-78d2-4dca-98d8-8f74edad751a,2007,AES-128,encrypt,cuda_baseline,baseline,pipeline,pinned,CTR,33554432,18,33554432:CTR:18,4d27f7a9e4650ac24f784f6b7ac5e9d14382b4de725bfbf172acae36c5636d68,1,1183,True,,6386.162750470009,2105.9046662691812,0.005254240036010742,0.0159335,5324700,5254240.036010742,5252100,10576800,15933500,,,,,,
0e63ef0f-78d2-4dca-98d8-8f74edad751a,2007,AES-128,encrypt,cuda_baseline,baseline,resident,pinned,CTR,33554432,18,33554432:CTR:18,4d27f7a9e4650ac24f784f6b7ac5e9d14382b4de725bfbf172acae36c5636d68,2,1184,True,1,6389.781848905885,,0.005251264095306397,,,5251264.0953063965,,,,,,,,,5251264.0953063965
0e63ef0f-78d2-4dca-98d8-8f74edad751a,2007,AES-128,encrypt,cpu_aesni,aesni,transform,bytes,CTR,33554432,18,33554432:CTR:18,4d27f7a9e4650ac24f784f6b7ac5e9d14382b4de725bfbf172acae36c5636d68,3,1185,True,,,,,,,,,,,22085100,0.0220851,1519.3244314039782,31250000,1.414981141131351,
0e63ef0f-78d2-4dca-98d8-8f74edad751a,2007,AES-128,encrypt,cuda_optimized_v1,optimized,pipeline,pinned,CTR,33554432,18,33554432:CTR:18,4d27f7a9e4650ac24f784f6b7ac5e9d14382b4de725bfbf172acae36c5636d68,4,1186,True,,6424.940588797285,2091.0226897406974,0.005222527980804443,0.0160469,5422600,5222527.980804443,5275800,10698400,16046900,,,,,,
0e63ef0f-78d2-4dca-98d8-8f74edad751a,2007,AES-128,encrypt,cpu_software,software,transform,bytes,CTR,33554432,18,33554432:CTR:18,4d27f7a9e4650ac24f784f6b7ac5e9d14382b4de725bfbf172acae36c5636d68,5,1187,True,,,,,,,,,,,123431400,0.1234314,271.8468072143717,125000000,1.012708273583545,
0e63ef0f-78d2-4dca-98d8-8f74edad751a,2007,AES-128,encrypt,cuda_optimized_v1,optimized,pipeline,pinned,ECB,33554432,19,33554432:ECB:19,88768937b3b9a2f6b3e0d0be18b76efbba3f9775f1db8b5e932c31c393923423,0,1188,True,,4639.819379274058,1204.8789175835225,0.007231840133666992,0.0278488,10378900,7231840.133666992,10134900,20513800,27848800,,,,,,
0e63ef0f-78d2-4dca-98d8-8f74edad751a,2007,AES-128,encrypt,cpu_aesni,aesni,transform,bytes,ECB,33554432,19,33554432:ECB:19,88768937b3b9a2f6b3e0d0be18b76efbba3f9775f1db8b5e932c31c393923423,1,1189,True,,,,,,,,,,,17431700,0.0174317,1924.9087581819329,15625000,0.8963554902849407,
0e63ef0f-78d2-4dca-98d8-8f74edad751a,2007,AES-128,encrypt,cpu_software,software,transform,bytes,ECB,33554432,19,33554432:ECB:19,88768937b3b9a2f6b3e0d0be18b76efbba3f9775f1db8b5e932c31c393923423,2,1190,True,,,,,,,,,,,115406400,0.1154064,290.750183698651,109375000,0.9477377337825286,
0e63ef0f-78d2-4dca-98d8-8f74edad751a,2007,AES-128,encrypt,cuda_baseline,baseline,resident,pinned,ECB,33554432,19,33554432:ECB:19,88768937b3b9a2f6b3e0d0be18b76efbba3f9775f1db8b5e932c31c393923423,3,1191,True,1,4335.75365441264,,0.007739007949829102,,,7739007.949829102,,,,,,,,,7739007.949829102
0e63ef0f-78d2-4dca-98d8-8f74edad751a,2007,AES-128,encrypt,cuda_optimized_v1,optimized,resident,pinned,ECB,33554432,19,33554432:ECB:19,88768937b3b9a2f6b3e0d0be18b76efbba3f9775f1db8b5e932c31c393923423,4,1192,True,1,4326.790225427765,,0.007755040168762207,,,7755040.168762207,,,,,,,,,7755040.168762207
0e63ef0f-78d2-4dca-98d8-8f74edad751a,2007,AES-128,encrypt,cuda_baseline,baseline,pipeline,pinned,ECB,33554432,19,33554432:ECB:19,88768937b3b9a2f6b3e0d0be18b76efbba3f9775f1db8b5e932c31c393923423,5,1193,True,,4330.417567991384,1180.4632574371676,0.007748544216156006,0.0284248,10353600,7748544.216156006,10175000,20528600,28424800,,,,,,
0e63ef0f-78d2-4dca-98d8-8f74edad751a,2007,AES-128,encrypt,cuda_baseline,baseline,pipeline,pinned,CTR,33554432,19,33554432:CTR:19,db6381ab89195183c01f95c3e81b8ffe2f3291e01ee646b5e43a8aeb46ee3a88,0,1194,True,,4408.504309921693,1185.7360133435106,0.0076112961769104,0.0282984,10344700,7611296.1769104,10203300,20548000,28298400,,,,,,
0e63ef0f-78d2-4dca-98d8-8f74edad751a,2007,AES-128,encrypt,cpu_software,software,transform,bytes,CTR,33554432,19,33554432:CTR:19,db6381ab89195183c01f95c3e81b8ffe2f3291e01ee646b5e43a8aeb46ee3a88,1,1195,True,,,,,,,,,,,129160100,0.1291601,259.7894551026207,140625000,1.0887650288285624,
0e63ef0f-78d2-4dca-98d8-8f74edad751a,2007,AES-128,encrypt,cpu_aesni,aesni,transform,bytes,CTR,33554432,19,33554432:CTR:19,db6381ab89195183c01f95c3e81b8ffe2f3291e01ee646b5e43a8aeb46ee3a88,2,1196,True,,,,,,,,,,,25051500,0.0250515,1339.418078757759,15625000,0.623715146797597,
0e63ef0f-78d2-4dca-98d8-8f74edad751a,2007,AES-128,encrypt,cuda_optimized_v1,optimized,pipeline,pinned,CTR,33554432,19,33554432:CTR:19,db6381ab89195183c01f95c3e81b8ffe2f3291e01ee646b5e43a8aeb46ee3a88,3,1197,True,,4325.398204215547,1174.9079806157035,0.007757535934448242,0.0285592,10393200,7757535.934448242,10282100,20675300,28559200,,,,,,
0e63ef0f-78d2-4dca-98d8-8f74edad751a,2007,AES-128,encrypt,cuda_baseline,baseline,resident,pinned,CTR,33554432,19,33554432:CTR:19,db6381ab89195183c01f95c3e81b8ffe2f3291e01ee646b5e43a8aeb46ee3a88,4,1198,True,1,4411.546117946549,,0.007606048107147217,,,7606048.107147217,,,,,,,,,7606048.107147217
0e63ef0f-78d2-4dca-98d8-8f74edad751a,2007,AES-128,encrypt,cuda_optimized_v1,optimized,resident,pinned,CTR,33554432,19,33554432:CTR:19,db6381ab89195183c01f95c3e81b8ffe2f3291e01ee646b5e43a8aeb46ee3a88,5,1199,True,1,4401.897621285422,,0.007622719764709473,,,7622719.764709473,,,,,,,,,7622719.764709473
