session_id,pair_id,variant_order,job_order,algorithm,backend,mode,bytes,repeat,operation,wall_elapsed_ns,process_cpu_ns,process_to_wall_ratio,seconds,throughput_MB_s
6ca05b01-d8f6-4feb-a3d4-4f4260a6cc3d,1024:0:AES-128:encrypt,0,0,AES-128,software,CBC,1024,0,encrypt,8000,0,0.0,8e-06,128.0
6ca05b01-d8f6-4feb-a3d4-4f4260a6cc3d,1024:0:AES-128:decrypt,0,1,AES-128,aesni,CBC,1024,0,decrypt,4600,0,0.0,4.6e-06,222.6086956521739
6ca05b01-d8f6-4feb-a3d4-4f4260a6cc3d,1024:0:AES-128:encrypt,0,2,AES-128,aesni,CBC,1024,0,encrypt,4300,0,0.0,4.3e-06,238.13953488372093
6ca05b01-d8f6-4feb-a3d4-4f4260a6cc3d,1024:0:AES-128:decrypt,0,3,AES-128,software,CBC,1024,0,decrypt,7800,0,0.0,7.8e-06,131.28205128205127
6ca05b01-d8f6-4feb-a3d4-4f4260a6cc3d,1024:0:AES-256:decrypt,1,0,AES-256,aesni,CBC,1024,0,decrypt,4900,0,0.0,4.9e-06,208.9795918367347
6ca05b01-d8f6-4feb-a3d4-4f4260a6cc3d,1024:0:AES-256:encrypt,1,1,AES-256,aesni,CBC,1024,0,encrypt,4800,0,0.0,4.8e-06,213.33333333333334
6ca05b01-d8f6-4feb-a3d4-4f4260a6cc3d,1024:0:AES-256:decrypt,1,2,AES-256,software,CBC,1024,0,decrypt,9600,0,0.0,9.6e-06,106.66666666666667
6ca05b01-d8f6-4feb-a3d4-4f4260a6cc3d,1024:0:AES-256:encrypt,1,3,AES-256,software,CBC,1024,0,encrypt,9500,0,0.0,9.5e-06,107.78947368421052
6ca05b01-d8f6-4feb-a3d4-4f4260a6cc3d,1024:0:AES-192:encrypt,2,0,AES-192,software,CBC,1024,0,encrypt,8500,0,0.0,8.5e-06,120.47058823529412
6ca05b01-d8f6-4feb-a3d4-4f4260a6cc3d,1024:0:AES-192:encrypt,2,1,AES-192,aesni,CBC,1024,0,encrypt,4600,0,0.0,4.6e-06,222.6086956521739
6ca05b01-d8f6-4feb-a3d4-4f4260a6cc3d,1024:0:AES-192:decrypt,2,2,AES-192,software,CBC,1024,0,decrypt,8600,0,0.0,8.6e-06,119.06976744186046
6ca05b01-d8f6-4feb-a3d4-4f4260a6cc3d,1024:0:AES-192:decrypt,2,3,AES-192,aesni,CBC,1024,0,decrypt,4700,0,0.0,4.7e-06,217.87234042553192
6ca05b01-d8f6-4feb-a3d4-4f4260a6cc3d,1024:1:AES-128:decrypt,0,0,AES-128,software,CBC,1024,1,decrypt,8000,0,0.0,8e-06,128.0
6ca05b01-d8f6-4feb-a3d4-4f4260a6cc3d,1024:1:AES-128:decrypt,0,1,AES-128,aesni,CBC,1024,1,decrypt,4400,0,0.0,4.4e-06,232.72727272727272
6ca05b01-d8f6-4feb-a3d4-4f4260a6cc3d,1024:1:AES-128:encrypt,0,2,AES-128,software,CBC,1024,1,encrypt,7900,0,0.0,7.9e-06,129.62025316455697
6ca05b01-d8f6-4feb-a3d4-4f4260a6cc3d,1024:1:AES-128:encrypt,0,3,AES-128,aesni,CBC,1024,1,encrypt,4600,0,0.0,4.6e-06,222.6086956521739
6ca05b01-d8f6-4feb-a3d4-4f4260a6cc3d,1024:1:AES-192:encrypt,1,0,AES-192,aesni,CBC,1024,1,encrypt,4700,0,0.0,4.7e-06,217.87234042553192
6ca05b01-d8f6-4feb-a3d4-4f4260a6cc3d,1024:1:AES-192:decrypt,1,1,AES-192,software,CBC,1024,1,decrypt,8700,0,0.0,8.7e-06,117.70114942528735
6ca05b01-d8f6-4feb-a3d4-4f4260a6cc3d,1024:1:AES-192:encrypt,1,2,AES-192,software,CBC,1024,1,encrypt,8800,0,0.0,8.8e-06,116.36363636363636
6ca05b01-d8f6-4feb-a3d4-4f4260a6cc3d,1024:1:AES-192:decrypt,1,3,AES-192,aesni,CBC,1024,1,decrypt,4800,0,0.0,4.8e-06,213.33333333333334
6ca05b01-d8f6-4feb-a3d4-4f4260a6cc3d,1024:1:AES-256:encrypt,2,0,AES-256,software,CBC,1024,1,encrypt,9700,0,0.0,9.7e-06,105.56701030927834
6ca05b01-d8f6-4feb-a3d4-4f4260a6cc3d,1024:1:AES-256:encrypt,2,1,AES-256,aesni,CBC,1024,1,encrypt,5200,0,0.0,5.2e-06,196.92307692307693
6ca05b01-d8f6-4feb-a3d4-4f4260a6cc3d,1024:1:AES-256:decrypt,2,2,AES-256,software,CBC,1024,1,decrypt,9700,0,0.0,9.7e-06,105.56701030927834
6ca05b01-d8f6-4feb-a3d4-4f4260a6cc3d,1024:1:AES-256:decrypt,2,3,AES-256,aesni,CBC,1024,1,decrypt,4900,0,0.0,4.9e-06,208.9795918367347
6ca05b01-d8f6-4feb-a3d4-4f4260a6cc3d,1024:2:AES-256:decrypt,0,0,AES-256,aesni,CBC,1024,2,decrypt,4800,0,0.0,4.8e-06,213.33333333333334
6ca05b01-d8f6-4feb-a3d4-4f4260a6cc3d,1024:2:AES-256:decrypt,0,1,AES-256,software,CBC,1024,2,decrypt,9300,0,0.0,9.3e-06,110.10752688172043
6ca05b01-d8f6-4feb-a3d4-4f4260a6cc3d,1024:2:AES-256:encrypt,0,2,AES-256,software,CBC,1024,2,encrypt,9200,0,0.0,9.2e-06,111.30434782608695
6ca05b01-d8f6-4feb-a3d4-4f4260a6cc3d,1024:2:AES-256:encrypt,0,3,AES-256,aesni,CBC,1024,2,encrypt,4700,0,0.0,4.7e-06,217.87234042553192
6ca05b01-d8f6-4feb-a3d4-4f4260a6cc3d,1024:2:AES-128:decrypt,1,0,AES-128,software,CBC,1024,2,decrypt,7600,0,0.0,7.6e-06,134.73684210526315
6ca05b01-d8f6-4feb-a3d4-4f4260a6cc3d,1024:2:AES-128:encrypt,1,1,AES-128,software,CBC,1024,2,encrypt,7700,0,0.0,7.7e-06,132.98701298701297
6ca05b01-d8f6-4feb-a3d4-4f4260a6cc3d,1024:2:AES-128:encrypt,1,2,AES-128,aesni,CBC,1024,2,encrypt,4900,0,0.0,4.9e-06,208.9795918367347
6ca05b01-d8f6-4feb-a3d4-4f4260a6cc3d,1024:2:AES-128:decrypt,1,3,AES-128,aesni,CBC,1024,2,decrypt,4300,0,0.0,4.3e-06,238.13953488372093
6ca05b01-d8f6-4feb-a3d4-4f4260a6cc3d,1024:2:AES-192:decrypt,2,0,AES-192,software,CBC,1024,2,decrypt,8500,0,0.0,8.5e-06,120.47058823529412
6ca05b01-d8f6-4feb-a3d4-4f4260a6cc3d,1024:2:AES-192:decrypt,2,1,AES-192,aesni,CBC,1024,2,decrypt,4400,0,0.0,4.4e-06,232.72727272727272
6ca05b01-d8f6-4feb-a3d4-4f4260a6cc3d,1024:2:AES-192:encrypt,2,2,AES-192,aesni,CBC,1024,2,encrypt,4500,0,0.0,4.5e-06,227.55555555555554
6ca05b01-d8f6-4feb-a3d4-4f4260a6cc3d,1024:2:AES-192:encrypt,2,3,AES-192,software,CBC,1024,2,encrypt,8500,0,0.0,8.5e-06,120.47058823529412
6ca05b01-d8f6-4feb-a3d4-4f4260a6cc3d,1024:3:AES-192:decrypt,0,0,AES-192,aesni,CBC,1024,3,decrypt,4500,0,0.0,4.5e-06,227.55555555555554
6ca05b01-d8f6-4feb-a3d4-4f4260a6cc3d,1024:3:AES-192:encrypt,0,1,AES-192,aesni,CBC,1024,3,encrypt,4400,0,0.0,4.4e-06,232.72727272727272
6ca05b01-d8f6-4feb-a3d4-4f4260a6cc3d,1024:3:AES-192:decrypt,0,2,AES-192,software,CBC,1024,3,decrypt,8300,0,0.0,8.3e-06,123.37349397590361
6ca05b01-d8f6-4feb-a3d4-4f4260a6cc3d,1024:3:AES-192:encrypt,0,3,AES-192,software,CBC,1024,3,encrypt,8400,0,0.0,8.4e-06,121.9047619047619
6ca05b01-d8f6-4feb-a3d4-4f4260a6cc3d,1024:3:AES-256:decrypt,1,0,AES-256,aesni,CBC,1024,3,decrypt,5400,0,0.0,5.4e-06,189.62962962962962
6ca05b01-d8f6-4feb-a3d4-4f4260a6cc3d,1024:3:AES-256:encrypt,1,1,AES-256,aesni,CBC,1024,3,encrypt,4900,0,0.0,4.9e-06,208.9795918367347
6ca05b01-d8f6-4feb-a3d4-4f4260a6cc3d,1024:3:AES-256:decrypt,1,2,AES-256,software,CBC,1024,3,decrypt,9200,0,0.0,9.2e-06,111.30434782608695
6ca05b01-d8f6-4feb-a3d4-4f4260a6cc3d,1024:3:AES-256:encrypt,1,3,AES-256,software,CBC,1024,3,encrypt,9300,0,0.0,9.3e-06,110.10752688172043
6ca05b01-d8f6-4feb-a3d4-4f4260a6cc3d,1024:3:AES-128:decrypt,2,0,AES-128,aesni,CBC,1024,3,decrypt,4400,0,0.0,4.4e-06,232.72727272727272
6ca05b01-d8f6-4feb-a3d4-4f4260a6cc3d,1024:3:AES-128:decrypt,2,1,AES-128,software,CBC,1024,3,decrypt,7700,0,0.0,7.7e-06,132.98701298701297
6ca05b01-d8f6-4feb-a3d4-4f4260a6cc3d,1024:3:AES-128:encrypt,2,2,AES-128,software,CBC,1024,3,encrypt,7500,0,0.0,7.5e-06,136.53333333333333
6ca05b01-d8f6-4feb-a3d4-4f4260a6cc3d,1024:3:AES-128:encrypt,2,3,AES-128,aesni,CBC,1024,3,encrypt,4200,0,0.0,4.2e-06,243.8095238095238
6ca05b01-d8f6-4feb-a3d4-4f4260a6cc3d,1024:4:AES-192:decrypt,0,0,AES-192,aesni,CBC,1024,4,decrypt,4700,0,0.0,4.7e-06,217.87234042553192
6ca05b01-d8f6-4feb-a3d4-4f4260a6cc3d,1024:4:AES-192:encrypt,0,1,AES-192,aesni,CBC,1024,4,encrypt,4500,0,0.0,4.5e-06,227.55555555555554
6ca05b01-d8f6-4feb-a3d4-4f4260a6cc3d,1024:4:AES-192:decrypt,0,2,AES-192,software,CBC,1024,4,decrypt,8300,0,0.0,8.3e-06,123.37349397590361
6ca05b01-d8f6-4feb-a3d4-4f4260a6cc3d,1024:4:AES-192:encrypt,0,3,AES-192,software,CBC,1024,4,encrypt,8600,0,0.0,8.6e-06,119.06976744186046
6ca05b01-d8f6-4feb-a3d4-4f4260a6cc3d,1024:4:AES-128:decrypt,1,0,AES-128,software,CBC,1024,4,decrypt,7800,0,0.0,7.8e-06,131.28205128205127
6ca05b01-d8f6-4feb-a3d4-4f4260a6cc3d,1024:4:AES-128:decrypt,1,1,AES-128,aesni,CBC,1024,4,decrypt,4600,0,0.0,4.6e-06,222.6086956521739
6ca05b01-d8f6-4feb-a3d4-4f4260a6cc3d,1024:4:AES-128:encrypt,1,2,AES-128,aesni,CBC,1024,4,encrypt,4200,0,0.0,4.2e-06,243.8095238095238
6ca05b01-d8f6-4feb-a3d4-4f4260a6cc3d,1024:4:AES-128:encrypt,1,3,AES-128,software,CBC,1024,4,encrypt,7600,0,0.0,7.6e-06,134.73684210526315
6ca05b01-d8f6-4feb-a3d4-4f4260a6cc3d,1024:4:AES-256:decrypt,2,0,AES-256,aesni,CBC,1024,4,decrypt,4700,0,0.0,4.7e-06,217.87234042553192
6ca05b01-d8f6-4feb-a3d4-4f4260a6cc3d,1024:4:AES-256:encrypt,2,1,AES-256,software,CBC,1024,4,encrypt,9300,0,0.0,9.3e-06,110.10752688172043
6ca05b01-d8f6-4feb-a3d4-4f4260a6cc3d,1024:4:AES-256:decrypt,2,2,AES-256,software,CBC,1024,4,decrypt,9200,0,0.0,9.2e-06,111.30434782608695
6ca05b01-d8f6-4feb-a3d4-4f4260a6cc3d,1024:4:AES-256:encrypt,2,3,AES-256,aesni,CBC,1024,4,encrypt,4700,0,0.0,4.7e-06,217.87234042553192
6ca05b01-d8f6-4feb-a3d4-4f4260a6cc3d,1024:5:AES-128:decrypt,0,0,AES-128,aesni,CBC,1024,5,decrypt,4400,0,0.0,4.4e-06,232.72727272727272
6ca05b01-d8f6-4feb-a3d4-4f4260a6cc3d,1024:5:AES-128:decrypt,0,1,AES-128,software,CBC,1024,5,decrypt,7500,0,0.0,7.5e-06,136.53333333333333
6ca05b01-d8f6-4feb-a3d4-4f4260a6cc3d,1024:5:AES-128:encrypt,0,2,AES-128,software,CBC,1024,5,encrypt,7600,0,0.0,7.6e-06,134.73684210526315
6ca05b01-d8f6-4feb-a3d4-4f4260a6cc3d,1024:5:AES-128:encrypt,0,3,AES-128,aesni,CBC,1024,5,encrypt,4200,0,0.0,4.2e-06,243.8095238095238
6ca05b01-d8f6-4feb-a3d4-4f4260a6cc3d,1024:5:AES-256:decrypt,1,0,AES-256,aesni,CBC,1024,5,decrypt,4700,0,0.0,4.7e-06,217.87234042553192
6ca05b01-d8f6-4feb-a3d4-4f4260a6cc3d,1024:5:AES-256:decrypt,1,1,AES-256,software,CBC,1024,5,decrypt,9200,0,0.0,9.2e-06,111.30434782608695
6ca05b01-d8f6-4feb-a3d4-4f4260a6cc3d,1024:5:AES-256:encrypt,1,2,AES-256,software,CBC,1024,5,encrypt,9000,0,0.0,9e-06,113.77777777777777
6ca05b01-d8f6-4feb-a3d4-4f4260a6cc3d,1024:5:AES-256:encrypt,1,3,AES-256,aesni,CBC,1024,5,encrypt,4700,0,0.0,4.7e-06,217.87234042553192
6ca05b01-d8f6-4feb-a3d4-4f4260a6cc3d,1024:5:AES-192:decrypt,2,0,AES-192,aesni,CBC,1024,5,decrypt,4400,0,0.0,4.4e-06,232.72727272727272
6ca05b01-d8f6-4feb-a3d4-4f4260a6cc3d,1024:5:AES-192:decrypt,2,1,AES-192,software,CBC,1024,5,decrypt,8300,0,0.0,8.3e-06,123.37349397590361
6ca05b01-d8f6-4feb-a3d4-4f4260a6cc3d,1024:5:AES-192:encrypt,2,2,AES-192,software,CBC,1024,5,encrypt,8300,0,0.0,8.3e-06,123.37349397590361
6ca05b01-d8f6-4feb-a3d4-4f4260a6cc3d,1024:5:AES-192:encrypt,2,3,AES-192,aesni,CBC,1024,5,encrypt,4500,0,0.0,4.5e-06,227.55555555555554
6ca05b01-d8f6-4feb-a3d4-4f4260a6cc3d,1024:6:AES-256:encrypt,0,0,AES-256,aesni,CBC,1024,6,encrypt,4600,0,0.0,4.6e-06,222.6086956521739
6ca05b01-d8f6-4feb-a3d4-4f4260a6cc3d,1024:6:AES-256:decrypt,0,1,AES-256,aesni,CBC,1024,6,decrypt,4600,0,0.0,4.6e-06,222.6086956521739
6ca05b01-d8f6-4feb-a3d4-4f4260a6cc3d,1024:6:AES-256:decrypt,0,2,AES-256,software,CBC,1024,6,decrypt,9200,0,0.0,9.2e-06,111.30434782608695
6ca05b01-d8f6-4feb-a3d4-4f4260a6cc3d,1024:6:AES-256:encrypt,0,3,AES-256,software,CBC,1024,6,encrypt,9200,0,0.0,9.2e-06,111.30434782608695
6ca05b01-d8f6-4feb-a3d4-4f4260a6cc3d,1024:6:AES-192:decrypt,1,0,AES-192,aesni,CBC,1024,6,decrypt,4800,0,0.0,4.8e-06,213.33333333333334
6ca05b01-d8f6-4feb-a3d4-4f4260a6cc3d,1024:6:AES-192:decrypt,1,1,AES-192,software,CBC,1024,6,decrypt,8300,0,0.0,8.3e-06,123.37349397590361
6ca05b01-d8f6-4feb-a3d4-4f4260a6cc3d,1024:6:AES-192:encrypt,1,2,AES-192,software,CBC,1024,6,encrypt,8200,0,0.0,8.2e-06,124.8780487804878
6ca05b01-d8f6-4feb-a3d4-4f4260a6cc3d,1024:6:AES-192:encrypt,1,3,AES-192,aesni,CBC,1024,6,encrypt,4600,0,0.0,4.6e-06,222.6086956521739
6ca05b01-d8f6-4feb-a3d4-4f4260a6cc3d,1024:6:AES-128:encrypt,2,0,AES-128,software,CBC,1024,6,encrypt,7400,0,0.0,7.4e-06,138.3783783783784
6ca05b01-d8f6-4feb-a3d4-4f4260a6cc3d,1024:6:AES-128:decrypt,2,1,AES-128,software,CBC,1024,6,decrypt,7600,0,0.0,7.6e-06,134.73684210526315
6ca05b01-d8f6-4feb-a3d4-4f4260a6cc3d,1024:6:AES-128:decrypt,2,2,AES-128,aesni,CBC,1024,6,decrypt,4300,0,0.0,4.3e-06,238.13953488372093
6ca05b01-d8f6-4feb-a3d4-4f4260a6cc3d,1024:6:AES-128:encrypt,2,3,AES-128,aesni,CBC,1024,6,encrypt,4300,0,0.0,4.3e-06,238.13953488372093
6ca05b01-d8f6-4feb-a3d4-4f4260a6cc3d,1024:7:AES-256:decrypt,0,0,AES-256,software,CBC,1024,7,decrypt,9400,0,0.0,9.4e-06,108.93617021276596
6ca05b01-d8f6-4feb-a3d4-4f4260a6cc3d,1024:7:AES-256:encrypt,0,1,AES-256,software,CBC,1024,7,encrypt,9100,0,0.0,9.1e-06,112.52747252747253
6ca05b01-d8f6-4feb-a3d4-4f4260a6cc3d,1024:7:AES-256:encrypt,0,2,AES-256,aesni,CBC,1024,7,encrypt,4600,0,0.0,4.6e-06,222.6086956521739
6ca05b01-d8f6-4feb-a3d4-4f4260a6cc3d,1024:7:AES-256:decrypt,0,3,AES-256,aesni,CBC,1024,7,decrypt,4500,0,0.0,4.5e-06,227.55555555555554
6ca05b01-d8f6-4feb-a3d4-4f4260a6cc3d,1024:7:AES-128:decrypt,1,0,AES-128,software,CBC,1024,7,decrypt,7700,0,0.0,7.7e-06,132.98701298701297
6ca05b01-d8f6-4feb-a3d4-4f4260a6cc3d,1024:7:AES-128:decrypt,1,1,AES-128,aesni,CBC,1024,7,decrypt,4300,0,0.0,4.3e-06,238.13953488372093
6ca05b01-d8f6-4feb-a3d4-4f4260a6cc3d,1024:7:AES-128:encrypt,1,2,AES-128,software,CBC,1024,7,encrypt,7500,0,0.0,7.5e-06,136.53333333333333
6ca05b01-d8f6-4feb-a3d4-4f4260a6cc3d,1024:7:AES-128:encrypt,1,3,AES-128,aesni,CBC,1024,7,encrypt,36900,0,0.0,3.69e-05,27.75067750677507
6ca05b01-d8f6-4feb-a3d4-4f4260a6cc3d,1024:7:AES-192:encrypt,2,0,AES-192,aesni,CBC,1024,7,encrypt,4600,0,0.0,4.6e-06,222.6086956521739
6ca05b01-d8f6-4feb-a3d4-4f4260a6cc3d,1024:7:AES-192:decrypt,2,1,AES-192,aesni,CBC,1024,7,decrypt,4600,0,0.0,4.6e-06,222.6086956521739
6ca05b01-d8f6-4feb-a3d4-4f4260a6cc3d,1024:7:AES-192:decrypt,2,2,AES-192,software,CBC,1024,7,decrypt,8600,0,0.0,8.6e-06,119.06976744186046
6ca05b01-d8f6-4feb-a3d4-4f4260a6cc3d,1024:7:AES-192:encrypt,2,3,AES-192,software,CBC,1024,7,encrypt,8300,0,0.0,8.3e-06,123.37349397590361
6ca05b01-d8f6-4feb-a3d4-4f4260a6cc3d,1024:8:AES-256:encrypt,0,0,AES-256,software,CBC,1024,8,encrypt,9100,0,0.0,9.1e-06,112.52747252747253
6ca05b01-d8f6-4feb-a3d4-4f4260a6cc3d,1024:8:AES-256:decrypt,0,1,AES-256,software,CBC,1024,8,decrypt,9400,0,0.0,9.4e-06,108.93617021276596
6ca05b01-d8f6-4feb-a3d4-4f4260a6cc3d,1024:8:AES-256:encrypt,0,2,AES-256,aesni,CBC,1024,8,encrypt,4600,0,0.0,4.6e-06,222.6086956521739
6ca05b01-d8f6-4feb-a3d4-4f4260a6cc3d,1024:8:AES-256:decrypt,0,3,AES-256,aesni,CBC,1024,8,decrypt,4700,0,0.0,4.7e-06,217.87234042553192
6ca05b01-d8f6-4feb-a3d4-4f4260a6cc3d,1024:8:AES-192:encrypt,1,0,AES-192,software,CBC,1024,8,encrypt,8300,0,0.0,8.3e-06,123.37349397590361
6ca05b01-d8f6-4feb-a3d4-4f4260a6cc3d,1024:8:AES-192:decrypt,1,1,AES-192,software,CBC,1024,8,decrypt,8500,0,0.0,8.5e-06,120.47058823529412
6ca05b01-d8f6-4feb-a3d4-4f4260a6cc3d,1024:8:AES-192:encrypt,1,2,AES-192,aesni,CBC,1024,8,encrypt,4500,0,0.0,4.5e-06,227.55555555555554
6ca05b01-d8f6-4feb-a3d4-4f4260a6cc3d,1024:8:AES-192:decrypt,1,3,AES-192,aesni,CBC,1024,8,decrypt,4400,0,0.0,4.4e-06,232.72727272727272
6ca05b01-d8f6-4feb-a3d4-4f4260a6cc3d,1024:8:AES-128:decrypt,2,0,AES-128,software,CBC,1024,8,decrypt,7800,0,0.0,7.8e-06,131.28205128205127
6ca05b01-d8f6-4feb-a3d4-4f4260a6cc3d,1024:8:AES-128:encrypt,2,1,AES-128,software,CBC,1024,8,encrypt,7700,0,0.0,7.7e-06,132.98701298701297
6ca05b01-d8f6-4feb-a3d4-4f4260a6cc3d,1024:8:AES-128:decrypt,2,2,AES-128,aesni,CBC,1024,8,decrypt,4300,0,0.0,4.3e-06,238.13953488372093
6ca05b01-d8f6-4feb-a3d4-4f4260a6cc3d,1024:8:AES-128:encrypt,2,3,AES-128,aesni,CBC,1024,8,encrypt,4200,0,0.0,4.2e-06,243.8095238095238
6ca05b01-d8f6-4feb-a3d4-4f4260a6cc3d,1024:9:AES-256:encrypt,0,0,AES-256,aesni,CBC,1024,9,encrypt,4700,0,0.0,4.7e-06,217.87234042553192
6ca05b01-d8f6-4feb-a3d4-4f4260a6cc3d,1024:9:AES-256:decrypt,0,1,AES-256,software,CBC,1024,9,decrypt,9300,0,0.0,9.3e-06,110.10752688172043
6ca05b01-d8f6-4feb-a3d4-4f4260a6cc3d,1024:9:AES-256:decrypt,0,2,AES-256,aesni,CBC,1024,9,decrypt,4700,0,0.0,4.7e-06,217.87234042553192
6ca05b01-d8f6-4feb-a3d4-4f4260a6cc3d,1024:9:AES-256:encrypt,0,3,AES-256,software,CBC,1024,9,encrypt,10700,0,0.0,1.07e-05,95.70093457943925
6ca05b01-d8f6-4feb-a3d4-4f4260a6cc3d,1024:9:AES-128:encrypt,1,0,AES-128,software,CBC,1024,9,encrypt,7600,0,0.0,7.6e-06,134.73684210526315
6ca05b01-d8f6-4feb-a3d4-4f4260a6cc3d,1024:9:AES-128:decrypt,1,1,AES-128,aesni,CBC,1024,9,decrypt,4600,0,0.0,4.6e-06,222.6086956521739
6ca05b01-d8f6-4feb-a3d4-4f4260a6cc3d,1024:9:AES-128:encrypt,1,2,AES-128,aesni,CBC,1024,9,encrypt,4500,0,0.0,4.5e-06,227.55555555555554
6ca05b01-d8f6-4feb-a3d4-4f4260a6cc3d,1024:9:AES-128:decrypt,1,3,AES-128,software,CBC,1024,9,decrypt,7600,0,0.0,7.6e-06,134.73684210526315
6ca05b01-d8f6-4feb-a3d4-4f4260a6cc3d,1024:9:AES-192:encrypt,2,0,AES-192,aesni,CBC,1024,9,encrypt,4400,0,0.0,4.4e-06,232.72727272727272
6ca05b01-d8f6-4feb-a3d4-4f4260a6cc3d,1024:9:AES-192:encrypt,2,1,AES-192,software,CBC,1024,9,encrypt,8300,0,0.0,8.3e-06,123.37349397590361
6ca05b01-d8f6-4feb-a3d4-4f4260a6cc3d,1024:9:AES-192:decrypt,2,2,AES-192,software,CBC,1024,9,decrypt,8500,0,0.0,8.5e-06,120.47058823529412
6ca05b01-d8f6-4feb-a3d4-4f4260a6cc3d,1024:9:AES-192:decrypt,2,3,AES-192,aesni,CBC,1024,9,decrypt,4500,0,0.0,4.5e-06,227.55555555555554
6ca05b01-d8f6-4feb-a3d4-4f4260a6cc3d,1024:10:AES-192:decrypt,0,0,AES-192,aesni,CBC,1024,10,decrypt,4700,0,0.0,4.7e-06,217.87234042553192
6ca05b01-d8f6-4feb-a3d4-4f4260a6cc3d,1024:10:AES-192:encrypt,0,1,AES-192,software,CBC,1024,10,encrypt,8500,0,0.0,8.5e-06,120.47058823529412
6ca05b01-d8f6-4feb-a3d4-4f4260a6cc3d,1024:10:AES-192:encrypt,0,2,AES-192,aesni,CBC,1024,10,encrypt,4500,0,0.0,4.5e-06,227.55555555555554
6ca05b01-d8f6-4feb-a3d4-4f4260a6cc3d,1024:10:AES-192:decrypt,0,3,AES-192,software,CBC,1024,10,decrypt,8400,0,0.0,8.4e-06,121.9047619047619
6ca05b01-d8f6-4feb-a3d4-4f4260a6cc3d,1024:10:AES-256:decrypt,1,0,AES-256,software,CBC,1024,10,decrypt,9600,0,0.0,9.6e-06,106.66666666666667
6ca05b01-d8f6-4feb-a3d4-4f4260a6cc3d,1024:10:AES-256:decrypt,1,1,AES-256,aesni,CBC,1024,10,decrypt,4700,0,0.0,4.7e-06,217.87234042553192
6ca05b01-d8f6-4feb-a3d4-4f4260a6cc3d,1024:10:AES-256:encrypt,1,2,AES-256,software,CBC,1024,10,encrypt,9300,0,0.0,9.3e-06,110.10752688172043
6ca05b01-d8f6-4feb-a3d4-4f4260a6cc3d,1024:10:AES-256:encrypt,1,3,AES-256,aesni,CBC,1024,10,encrypt,4700,0,0.0,4.7e-06,217.87234042553192
6ca05b01-d8f6-4feb-a3d4-4f4260a6cc3d,1024:10:AES-128:encrypt,2,0,AES-128,aesni,CBC,1024,10,encrypt,4400,0,0.0,4.4e-06,232.72727272727272
6ca05b01-d8f6-4feb-a3d4-4f4260a6cc3d,1024:10:AES-128:decrypt,2,1,AES-128,software,CBC,1024,10,decrypt,7700,0,0.0,7.7e-06,132.98701298701297
6ca05b01-d8f6-4feb-a3d4-4f4260a6cc3d,1024:10:AES-128:decrypt,2,2,AES-128,aesni,CBC,1024,10,decrypt,4300,0,0.0,4.3e-06,238.13953488372093
6ca05b01-d8f6-4feb-a3d4-4f4260a6cc3d,1024:10:AES-128:encrypt,2,3,AES-128,software,CBC,1024,10,encrypt,7700,0,0.0,7.7e-06,132.98701298701297
6ca05b01-d8f6-4feb-a3d4-4f4260a6cc3d,1024:11:AES-256:decrypt,0,0,AES-256,software,CBC,1024,11,decrypt,9300,0,0.0,9.3e-06,110.10752688172043
6ca05b01-d8f6-4feb-a3d4-4f4260a6cc3d,1024:11:AES-256:decrypt,0,1,AES-256,aesni,CBC,1024,11,decrypt,4800,0,0.0,4.8e-06,213.33333333333334
6ca05b01-d8f6-4feb-a3d4-4f4260a6cc3d,1024:11:AES-256:encrypt,0,2,AES-256,aesni,CBC,1024,11,encrypt,4500,0,0.0,4.5e-06,227.55555555555554
6ca05b01-d8f6-4feb-a3d4-4f4260a6cc3d,1024:11:AES-256:encrypt,0,3,AES-256,software,CBC,1024,11,encrypt,9200,0,0.0,9.2e-06,111.30434782608695
6ca05b01-d8f6-4feb-a3d4-4f4260a6cc3d,1024:11:AES-128:decrypt,1,0,AES-128,aesni,CBC,1024,11,decrypt,4300,0,0.0,4.3e-06,238.13953488372093
6ca05b01-d8f6-4feb-a3d4-4f4260a6cc3d,1024:11:AES-128:encrypt,1,1,AES-128,aesni,CBC,1024,11,encrypt,4300,0,0.0,4.3e-06,238.13953488372093
6ca05b01-d8f6-4feb-a3d4-4f4260a6cc3d,1024:11:AES-128:decrypt,1,2,AES-128,software,CBC,1024,11,decrypt,7600,0,0.0,7.6e-06,134.73684210526315
6ca05b01-d8f6-4feb-a3d4-4f4260a6cc3d,1024:11:AES-128:encrypt,1,3,AES-128,software,CBC,1024,11,encrypt,7500,0,0.0,7.5e-06,136.53333333333333
6ca05b01-d8f6-4feb-a3d4-4f4260a6cc3d,1024:11:AES-192:decrypt,2,0,AES-192,aesni,CBC,1024,11,decrypt,4700,0,0.0,4.7e-06,217.87234042553192
6ca05b01-d8f6-4feb-a3d4-4f4260a6cc3d,1024:11:AES-192:encrypt,2,1,AES-192,aesni,CBC,1024,11,encrypt,4500,0,0.0,4.5e-06,227.55555555555554
6ca05b01-d8f6-4feb-a3d4-4f4260a6cc3d,1024:11:AES-192:decrypt,2,2,AES-192,software,CBC,1024,11,decrypt,8900,0,0.0,8.9e-06,115.0561797752809
6ca05b01-d8f6-4feb-a3d4-4f4260a6cc3d,1024:11:AES-192:encrypt,2,3,AES-192,software,CBC,1024,11,encrypt,8400,0,0.0,8.4e-06,121.9047619047619
6ca05b01-d8f6-4feb-a3d4-4f4260a6cc3d,1024:12:AES-256:decrypt,0,0,AES-256,software,CBC,1024,12,decrypt,9300,0,0.0,9.3e-06,110.10752688172043
6ca05b01-d8f6-4feb-a3d4-4f4260a6cc3d,1024:12:AES-256:decrypt,0,1,AES-256,aesni,CBC,1024,12,decrypt,4800,0,0.0,4.8e-06,213.33333333333334
6ca05b01-d8f6-4feb-a3d4-4f4260a6cc3d,1024:12:AES-256:encrypt,0,2,AES-256,software,CBC,1024,12,encrypt,9000,0,0.0,9e-06,113.77777777777777
6ca05b01-d8f6-4feb-a3d4-4f4260a6cc3d,1024:12:AES-256:encrypt,0,3,AES-256,aesni,CBC,1024,12,encrypt,4800,0,0.0,4.8e-06,213.33333333333334
6ca05b01-d8f6-4feb-a3d4-4f4260a6cc3d,1024:12:AES-128:decrypt,1,0,AES-128,aesni,CBC,1024,12,decrypt,4400,0,0.0,4.4e-06,232.72727272727272
6ca05b01-d8f6-4feb-a3d4-4f4260a6cc3d,1024:12:AES-128:encrypt,1,1,AES-128,software,CBC,1024,12,encrypt,7700,0,0.0,7.7e-06,132.98701298701297
6ca05b01-d8f6-4feb-a3d4-4f4260a6cc3d,1024:12:AES-128:encrypt,1,2,AES-128,aesni,CBC,1024,12,encrypt,4400,0,0.0,4.4e-06,232.72727272727272
6ca05b01-d8f6-4feb-a3d4-4f4260a6cc3d,1024:12:AES-128:decrypt,1,3,AES-128,software,CBC,1024,12,decrypt,7600,0,0.0,7.6e-06,134.73684210526315
6ca05b01-d8f6-4feb-a3d4-4f4260a6cc3d,1024:12:AES-192:decrypt,2,0,AES-192,aesni,CBC,1024,12,decrypt,4600,0,0.0,4.6e-06,222.6086956521739
6ca05b01-d8f6-4feb-a3d4-4f4260a6cc3d,1024:12:AES-192:encrypt,2,1,AES-192,aesni,CBC,1024,12,encrypt,4500,0,0.0,4.5e-06,227.55555555555554
6ca05b01-d8f6-4feb-a3d4-4f4260a6cc3d,1024:12:AES-192:decrypt,2,2,AES-192,software,CBC,1024,12,decrypt,8300,0,0.0,8.3e-06,123.37349397590361
6ca05b01-d8f6-4feb-a3d4-4f4260a6cc3d,1024:12:AES-192:encrypt,2,3,AES-192,software,CBC,1024,12,encrypt,8200,0,0.0,8.2e-06,124.8780487804878
6ca05b01-d8f6-4feb-a3d4-4f4260a6cc3d,1024:13:AES-256:encrypt,0,0,AES-256,software,CBC,1024,13,encrypt,9100,0,0.0,9.1e-06,112.52747252747253
6ca05b01-d8f6-4feb-a3d4-4f4260a6cc3d,1024:13:AES-256:decrypt,0,1,AES-256,aesni,CBC,1024,13,decrypt,4900,0,0.0,4.9e-06,208.9795918367347
6ca05b01-d8f6-4feb-a3d4-4f4260a6cc3d,1024:13:AES-256:encrypt,0,2,AES-256,aesni,CBC,1024,13,encrypt,4600,0,0.0,4.6e-06,222.6086956521739
6ca05b01-d8f6-4feb-a3d4-4f4260a6cc3d,1024:13:AES-256:decrypt,0,3,AES-256,software,CBC,1024,13,decrypt,9200,0,0.0,9.2e-06,111.30434782608695
6ca05b01-d8f6-4feb-a3d4-4f4260a6cc3d,1024:13:AES-128:encrypt,1,0,AES-128,aesni,CBC,1024,13,encrypt,4200,0,0.0,4.2e-06,243.8095238095238
6ca05b01-d8f6-4feb-a3d4-4f4260a6cc3d,1024:13:AES-128:decrypt,1,1,AES-128,aesni,CBC,1024,13,decrypt,4300,0,0.0,4.3e-06,238.13953488372093
6ca05b01-d8f6-4feb-a3d4-4f4260a6cc3d,1024:13:AES-128:encrypt,1,2,AES-128,software,CBC,1024,13,encrypt,7500,0,0.0,7.5e-06,136.53333333333333
6ca05b01-d8f6-4feb-a3d4-4f4260a6cc3d,1024:13:AES-128:decrypt,1,3,AES-128,software,CBC,1024,13,decrypt,8000,0,0.0,8e-06,128.0
6ca05b01-d8f6-4feb-a3d4-4f4260a6cc3d,1024:13:AES-192:decrypt,2,0,AES-192,aesni,CBC,1024,13,decrypt,4800,0,0.0,4.8e-06,213.33333333333334
6ca05b01-d8f6-4feb-a3d4-4f4260a6cc3d,1024:13:AES-192:decrypt,2,1,AES-192,software,CBC,1024,13,decrypt,8400,0,0.0,8.4e-06,121.9047619047619
6ca05b01-d8f6-4feb-a3d4-4f4260a6cc3d,1024:13:AES-192:encrypt,2,2,AES-192,aesni,CBC,1024,13,encrypt,4500,0,0.0,4.5e-06,227.55555555555554
6ca05b01-d8f6-4feb-a3d4-4f4260a6cc3d,1024:13:AES-192:encrypt,2,3,AES-192,software,CBC,1024,13,encrypt,8400,0,0.0,8.4e-06,121.9047619047619
6ca05b01-d8f6-4feb-a3d4-4f4260a6cc3d,1024:14:AES-192:encrypt,0,0,AES-192,aesni,CBC,1024,14,encrypt,4400,0,0.0,4.4e-06,232.72727272727272
6ca05b01-d8f6-4feb-a3d4-4f4260a6cc3d,1024:14:AES-192:encrypt,0,1,AES-192,software,CBC,1024,14,encrypt,8100,0,0.0,8.1e-06,126.41975308641975
6ca05b01-d8f6-4feb-a3d4-4f4260a6cc3d,1024:14:AES-192:decrypt,0,2,AES-192,aesni,CBC,1024,14,decrypt,4500,0,0.0,4.5e-06,227.55555555555554
6ca05b01-d8f6-4feb-a3d4-4f4260a6cc3d,1024:14:AES-192:decrypt,0,3,AES-192,software,CBC,1024,14,decrypt,8400,0,0.0,8.4e-06,121.9047619047619
6ca05b01-d8f6-4feb-a3d4-4f4260a6cc3d,1024:14:AES-128:encrypt,1,0,AES-128,aesni,CBC,1024,14,encrypt,4300,0,0.0,4.3e-06,238.13953488372093
6ca05b01-d8f6-4feb-a3d4-4f4260a6cc3d,1024:14:AES-128:decrypt,1,1,AES-128,aesni,CBC,1024,14,decrypt,4400,0,0.0,4.4e-06,232.72727272727272
6ca05b01-d8f6-4feb-a3d4-4f4260a6cc3d,1024:14:AES-128:decrypt,1,2,AES-128,software,CBC,1024,14,decrypt,7500,0,0.0,7.5e-06,136.53333333333333
6ca05b01-d8f6-4feb-a3d4-4f4260a6cc3d,1024:14:AES-128:encrypt,1,3,AES-128,software,CBC,1024,14,encrypt,7700,0,0.0,7.7e-06,132.98701298701297
6ca05b01-d8f6-4feb-a3d4-4f4260a6cc3d,1024:14:AES-256:encrypt,2,0,AES-256,software,CBC,1024,14,encrypt,9200,0,0.0,9.2e-06,111.30434782608695
6ca05b01-d8f6-4feb-a3d4-4f4260a6cc3d,1024:14:AES-256:decrypt,2,1,AES-256,software,CBC,1024,14,decrypt,9300,0,0.0,9.3e-06,110.10752688172043
6ca05b01-d8f6-4feb-a3d4-4f4260a6cc3d,1024:14:AES-256:encrypt,2,2,AES-256,aesni,CBC,1024,14,encrypt,4600,0,0.0,4.6e-06,222.6086956521739
6ca05b01-d8f6-4feb-a3d4-4f4260a6cc3d,1024:14:AES-256:decrypt,2,3,AES-256,aesni,CBC,1024,14,decrypt,4600,0,0.0,4.6e-06,222.6086956521739
6ca05b01-d8f6-4feb-a3d4-4f4260a6cc3d,1024:15:AES-128:encrypt,0,0,AES-128,software,CBC,1024,15,encrypt,7500,0,0.0,7.5e-06,136.53333333333333
6ca05b01-d8f6-4feb-a3d4-4f4260a6cc3d,1024:15:AES-128:decrypt,0,1,AES-128,software,CBC,1024,15,decrypt,7800,0,0.0,7.8e-06,131.28205128205127
6ca05b01-d8f6-4feb-a3d4-4f4260a6cc3d,1024:15:AES-128:decrypt,0,2,AES-128,aesni,CBC,1024,15,decrypt,4300,0,0.0,4.3e-06,238.13953488372093
6ca05b01-d8f6-4feb-a3d4-4f4260a6cc3d,1024:15:AES-128:encrypt,0,3,AES-128,aesni,CBC,1024,15,encrypt,4200,0,0.0,4.2e-06,243.8095238095238
6ca05b01-d8f6-4feb-a3d4-4f4260a6cc3d,1024:15:AES-192:encrypt,1,0,AES-192,software,CBC,1024,15,encrypt,8200,0,0.0,8.2e-06,124.8780487804878
6ca05b01-d8f6-4feb-a3d4-4f4260a6cc3d,1024:15:AES-192:decrypt,1,1,AES-192,software,CBC,1024,15,decrypt,8600,0,0.0,8.6e-06,119.06976744186046
6ca05b01-d8f6-4feb-a3d4-4f4260a6cc3d,1024:15:AES-192:decrypt,1,2,AES-192,aesni,CBC,1024,15,decrypt,4600,0,0.0,4.6e-06,222.6086956521739
6ca05b01-d8f6-4feb-a3d4-4f4260a6cc3d,1024:15:AES-192:encrypt,1,3,AES-192,aesni,CBC,1024,15,encrypt,4400,0,0.0,4.4e-06,232.72727272727272
6ca05b01-d8f6-4feb-a3d4-4f4260a6cc3d,1024:15:AES-256:encrypt,2,0,AES-256,software,CBC,1024,15,encrypt,9100,0,0.0,9.1e-06,112.52747252747253
6ca05b01-d8f6-4feb-a3d4-4f4260a6cc3d,1024:15:AES-256:decrypt,2,1,AES-256,aesni,CBC,1024,15,decrypt,4800,0,0.0,4.8e-06,213.33333333333334
6ca05b01-d8f6-4feb-a3d4-4f4260a6cc3d,1024:15:AES-256:encrypt,2,2,AES-256,aesni,CBC,1024,15,encrypt,4700,0,0.0,4.7e-06,217.87234042553192
6ca05b01-d8f6-4feb-a3d4-4f4260a6cc3d,1024:15:AES-256:decrypt,2,3,AES-256,software,CBC,1024,15,decrypt,9600,0,0.0,9.6e-06,106.66666666666667
6ca05b01-d8f6-4feb-a3d4-4f4260a6cc3d,1024:16:AES-192:encrypt,0,0,AES-192,aesni,CBC,1024,16,encrypt,4500,0,0.0,4.5e-06,227.55555555555554
6ca05b01-d8f6-4feb-a3d4-4f4260a6cc3d,1024:16:AES-192:encrypt,0,1,AES-192,software,CBC,1024,16,encrypt,8300,0,0.0,8.3e-06,123.37349397590361
6ca05b01-d8f6-4feb-a3d4-4f4260a6cc3d,1024:16:AES-192:decrypt,0,2,AES-192,software,CBC,1024,16,decrypt,8900,0,0.0,8.9e-06,115.0561797752809
6ca05b01-d8f6-4feb-a3d4-4f4260a6cc3d,1024:16:AES-192:decrypt,0,3,AES-192,aesni,CBC,1024,16,decrypt,6000,0,0.0,6e-06,170.66666666666666
6ca05b01-d8f6-4feb-a3d4-4f4260a6cc3d,1024:16:AES-256:decrypt,1,0,AES-256,software,CBC,1024,16,decrypt,11600,0,0.0,1.16e-05,88.27586206896552
6ca05b01-d8f6-4feb-a3d4-4f4260a6cc3d,1024:16:AES-256:decrypt,1,1,AES-256,aesni,CBC,1024,16,decrypt,5300,0,0.0,5.3e-06,193.20754716981133
6ca05b01-d8f6-4feb-a3d4-4f4260a6cc3d,1024:16:AES-256:encrypt,1,2,AES-256,software,CBC,1024,16,encrypt,9200,0,0.0,9.2e-06,111.30434782608695
6ca05b01-d8f6-4feb-a3d4-4f4260a6cc3d,1024:16:AES-256:encrypt,1,3,AES-256,aesni,CBC,1024,16,encrypt,4700,0,0.0,4.7e-06,217.87234042553192
6ca05b01-d8f6-4feb-a3d4-4f4260a6cc3d,1024:16:AES-128:decrypt,2,0,AES-128,software,CBC,1024,16,decrypt,7800,0,0.0,7.8e-06,131.28205128205127
6ca05b01-d8f6-4feb-a3d4-4f4260a6cc3d,1024:16:AES-128:decrypt,2,1,AES-128,aesni,CBC,1024,16,decrypt,4400,0,0.0,4.4e-06,232.72727272727272
6ca05b01-d8f6-4feb-a3d4-4f4260a6cc3d,1024:16:AES-128:encrypt,2,2,AES-128,aesni,CBC,1024,16,encrypt,4400,0,0.0,4.4e-06,232.72727272727272
6ca05b01-d8f6-4feb-a3d4-4f4260a6cc3d,1024:16:AES-128:encrypt,2,3,AES-128,software,CBC,1024,16,encrypt,11500,0,0.0,1.15e-05,89.04347826086956
6ca05b01-d8f6-4feb-a3d4-4f4260a6cc3d,1024:17:AES-192:decrypt,0,0,AES-192,software,CBC,1024,17,decrypt,14300,0,0.0,1.43e-05,71.60839160839161
6ca05b01-d8f6-4feb-a3d4-4f4260a6cc3d,1024:17:AES-192:encrypt,0,1,AES-192,aesni,CBC,1024,17,encrypt,7500,0,0.0,7.5e-06,136.53333333333333
6ca05b01-d8f6-4feb-a3d4-4f4260a6cc3d,1024:17:AES-192:encrypt,0,2,AES-192,software,CBC,1024,17,encrypt,9100,0,0.0,9.1e-06,112.52747252747253
6ca05b01-d8f6-4feb-a3d4-4f4260a6cc3d,1024:17:AES-192:decrypt,0,3,AES-192,aesni,CBC,1024,17,decrypt,4800,0,0.0,4.8e-06,213.33333333333334
6ca05b01-d8f6-4feb-a3d4-4f4260a6cc3d,1024:17:AES-128:encrypt,1,0,AES-128,software,CBC,1024,17,encrypt,7700,0,0.0,7.7e-06,132.98701298701297
6ca05b01-d8f6-4feb-a3d4-4f4260a6cc3d,1024:17:AES-128:decrypt,1,1,AES-128,aesni,CBC,1024,17,decrypt,4400,0,0.0,4.4e-06,232.72727272727272
6ca05b01-d8f6-4feb-a3d4-4f4260a6cc3d,1024:17:AES-128:encrypt,1,2,AES-128,aesni,CBC,1024,17,encrypt,4200,0,0.0,4.2e-06,243.8095238095238
6ca05b01-d8f6-4feb-a3d4-4f4260a6cc3d,1024:17:AES-128:decrypt,1,3,AES-128,software,CBC,1024,17,decrypt,7800,0,0.0,7.8e-06,131.28205128205127
6ca05b01-d8f6-4feb-a3d4-4f4260a6cc3d,1024:17:AES-256:encrypt,2,0,AES-256,aesni,CBC,1024,17,encrypt,7400,0,0.0,7.4e-06,138.3783783783784
6ca05b01-d8f6-4feb-a3d4-4f4260a6cc3d,1024:17:AES-256:decrypt,2,1,AES-256,software,CBC,1024,17,decrypt,9600,0,0.0,9.6e-06,106.66666666666667
6ca05b01-d8f6-4feb-a3d4-4f4260a6cc3d,1024:17:AES-256:encrypt,2,2,AES-256,software,CBC,1024,17,encrypt,9300,0,0.0,9.3e-06,110.10752688172043
6ca05b01-d8f6-4feb-a3d4-4f4260a6cc3d,1024:17:AES-256:decrypt,2,3,AES-256,aesni,CBC,1024,17,decrypt,4800,0,0.0,4.8e-06,213.33333333333334
6ca05b01-d8f6-4feb-a3d4-4f4260a6cc3d,1024:18:AES-128:decrypt,0,0,AES-128,aesni,CBC,1024,18,decrypt,4300,0,0.0,4.3e-06,238.13953488372093
6ca05b01-d8f6-4feb-a3d4-4f4260a6cc3d,1024:18:AES-128:encrypt,0,1,AES-128,aesni,CBC,1024,18,encrypt,4400,0,0.0,4.4e-06,232.72727272727272
6ca05b01-d8f6-4feb-a3d4-4f4260a6cc3d,1024:18:AES-128:encrypt,0,2,AES-128,software,CBC,1024,18,encrypt,7600,0,0.0,7.6e-06,134.73684210526315
6ca05b01-d8f6-4feb-a3d4-4f4260a6cc3d,1024:18:AES-128:decrypt,0,3,AES-128,software,CBC,1024,18,decrypt,7700,0,0.0,7.7e-06,132.98701298701297
6ca05b01-d8f6-4feb-a3d4-4f4260a6cc3d,1024:18:AES-256:decrypt,1,0,AES-256,software,CBC,1024,18,decrypt,9400,0,0.0,9.4e-06,108.93617021276596
6ca05b01-d8f6-4feb-a3d4-4f4260a6cc3d,1024:18:AES-256:decrypt,1,1,AES-256,aesni,CBC,1024,18,decrypt,4600,0,0.0,4.6e-06,222.6086956521739
6ca05b01-d8f6-4feb-a3d4-4f4260a6cc3d,1024:18:AES-256:encrypt,1,2,AES-256,software,CBC,1024,18,encrypt,9200,0,0.0,9.2e-06,111.30434782608695
6ca05b01-d8f6-4feb-a3d4-4f4260a6cc3d,1024:18:AES-256:encrypt,1,3,AES-256,aesni,CBC,1024,18,encrypt,4700,0,0.0,4.7e-06,217.87234042553192
6ca05b01-d8f6-4feb-a3d4-4f4260a6cc3d,1024:18:AES-192:decrypt,2,0,AES-192,aesni,CBC,1024,18,decrypt,4600,0,0.0,4.6e-06,222.6086956521739
6ca05b01-d8f6-4feb-a3d4-4f4260a6cc3d,1024:18:AES-192:encrypt,2,1,AES-192,software,CBC,1024,18,encrypt,8200,0,0.0,8.2e-06,124.8780487804878
6ca05b01-d8f6-4feb-a3d4-4f4260a6cc3d,1024:18:AES-192:decrypt,2,2,AES-192,software,CBC,1024,18,decrypt,8300,0,0.0,8.3e-06,123.37349397590361
6ca05b01-d8f6-4feb-a3d4-4f4260a6cc3d,1024:18:AES-192:encrypt,2,3,AES-192,aesni,CBC,1024,18,encrypt,4400,0,0.0,4.4e-06,232.72727272727272
6ca05b01-d8f6-4feb-a3d4-4f4260a6cc3d,1024:19:AES-128:decrypt,0,0,AES-128,software,CBC,1024,19,decrypt,7800,0,0.0,7.8e-06,131.28205128205127
6ca05b01-d8f6-4feb-a3d4-4f4260a6cc3d,1024:19:AES-128:encrypt,0,1,AES-128,aesni,CBC,1024,19,encrypt,4200,0,0.0,4.2e-06,243.8095238095238
6ca05b01-d8f6-4feb-a3d4-4f4260a6cc3d,1024:19:AES-128:encrypt,0,2,AES-128,software,CBC,1024,19,encrypt,7500,0,0.0,7.5e-06,136.53333333333333
6ca05b01-d8f6-4feb-a3d4-4f4260a6cc3d,1024:19:AES-128:decrypt,0,3,AES-128,aesni,CBC,1024,19,decrypt,4300,0,0.0,4.3e-06,238.13953488372093
6ca05b01-d8f6-4feb-a3d4-4f4260a6cc3d,1024:19:AES-192:decrypt,1,0,AES-192,aesni,CBC,1024,19,decrypt,4600,0,0.0,4.6e-06,222.6086956521739
6ca05b01-d8f6-4feb-a3d4-4f4260a6cc3d,1024:19:AES-192:decrypt,1,1,AES-192,software,CBC,1024,19,decrypt,8500,0,0.0,8.5e-06,120.47058823529412
6ca05b01-d8f6-4feb-a3d4-4f4260a6cc3d,1024:19:AES-192:encrypt,1,2,AES-192,software,CBC,1024,19,encrypt,8400,0,0.0,8.4e-06,121.9047619047619
6ca05b01-d8f6-4feb-a3d4-4f4260a6cc3d,1024:19:AES-192:encrypt,1,3,AES-192,aesni,CBC,1024,19,encrypt,4600,0,0.0,4.6e-06,222.6086956521739
6ca05b01-d8f6-4feb-a3d4-4f4260a6cc3d,1024:19:AES-256:decrypt,2,0,AES-256,software,CBC,1024,19,decrypt,9400,0,0.0,9.4e-06,108.93617021276596
6ca05b01-d8f6-4feb-a3d4-4f4260a6cc3d,1024:19:AES-256:decrypt,2,1,AES-256,aesni,CBC,1024,19,decrypt,4700,0,0.0,4.7e-06,217.87234042553192
6ca05b01-d8f6-4feb-a3d4-4f4260a6cc3d,1024:19:AES-256:encrypt,2,2,AES-256,aesni,CBC,1024,19,encrypt,4500,0,0.0,4.5e-06,227.55555555555554
6ca05b01-d8f6-4feb-a3d4-4f4260a6cc3d,1024:19:AES-256:encrypt,2,3,AES-256,software,CBC,1024,19,encrypt,9100,0,0.0,9.1e-06,112.52747252747253
6ca05b01-d8f6-4feb-a3d4-4f4260a6cc3d,1048576:0:AES-256:encrypt,0,0,AES-256,aesni,CBC,1048576,0,encrypt,3025400,0,0.0,0.0030254,346.5908640179811
6ca05b01-d8f6-4feb-a3d4-4f4260a6cc3d,1048576:0:AES-256:decrypt,0,1,AES-256,aesni,CBC,1048576,0,decrypt,2425900,0,0.0,0.0024259,432.2420544952389
6ca05b01-d8f6-4feb-a3d4-4f4260a6cc3d,1048576:0:AES-256:decrypt,0,2,AES-256,software,CBC,1048576,0,decrypt,6736800,15625000,2.319350433440209,0.0067368,155.64897280608002
6ca05b01-d8f6-4feb-a3d4-4f4260a6cc3d,1048576:0:AES-256:encrypt,0,3,AES-256,software,CBC,1048576,0,encrypt,7281400,0,0.0,0.0072814,144.00747109072432
6ca05b01-d8f6-4feb-a3d4-4f4260a6cc3d,1048576:0:AES-128:decrypt,1,0,AES-128,software,CBC,1048576,0,decrypt,5374100,0,0.0,0.0053741,195.1165776595151
6ca05b01-d8f6-4feb-a3d4-4f4260a6cc3d,1048576:0:AES-128:encrypt,1,1,AES-128,software,CBC,1048576,0,encrypt,5140400,0,0.0,0.0051404,203.98723834721034
6ca05b01-d8f6-4feb-a3d4-4f4260a6cc3d,1048576:0:AES-128:encrypt,1,2,AES-128,aesni,CBC,1048576,0,encrypt,2016100,0,0.0,0.0020161,520.1011854570705
6ca05b01-d8f6-4feb-a3d4-4f4260a6cc3d,1048576:0:AES-128:decrypt,1,3,AES-128,aesni,CBC,1048576,0,decrypt,1977300,15625000,7.902189854852577,0.0019773,530.3069842714813
6ca05b01-d8f6-4feb-a3d4-4f4260a6cc3d,1048576:0:AES-192:decrypt,2,0,AES-192,aesni,CBC,1048576,0,decrypt,4002400,0,0.0,0.0040024,261.98680791525084
6ca05b01-d8f6-4feb-a3d4-4f4260a6cc3d,1048576:0:AES-192:encrypt,2,1,AES-192,software,CBC,1048576,0,encrypt,5465400,15625000,2.8588941340066603,0.0054654,191.85713762945073
6ca05b01-d8f6-4feb-a3d4-4f4260a6cc3d,1048576:0:AES-192:encrypt,2,2,AES-192,aesni,CBC,1048576,0,encrypt,2053100,0,0.0,0.0020531,510.7281671618528
6ca05b01-d8f6-4feb-a3d4-4f4260a6cc3d,1048576:0:AES-192:decrypt,2,3,AES-192,software,CBC,1048576,0,decrypt,6045300,0,0.0,0.0060453,173.4530957934263
6ca05b01-d8f6-4feb-a3d4-4f4260a6cc3d,1048576:1:AES-256:encrypt,0,0,AES-256,aesni,CBC,1048576,1,encrypt,2187800,0,0.0,0.0021878,479.2832982905202
6ca05b01-d8f6-4feb-a3d4-4f4260a6cc3d,1048576:1:AES-256:decrypt,0,1,AES-256,software,CBC,1048576,1,decrypt,10187000,0,0.0,0.010187,102.93275743594778
6ca05b01-d8f6-4feb-a3d4-4f4260a6cc3d,1048576:1:AES-256:decrypt,0,2,AES-256,aesni,CBC,1048576,1,decrypt,4839300,0,0.0,0.0048393,216.67927179550762
6ca05b01-d8f6-4feb-a3d4-4f4260a6cc3d,1048576:1:AES-256:encrypt,0,3,AES-256,software,CBC,1048576,1,encrypt,9130300,0,0.0,0.0091303,114.8457334370174
6ca05b01-d8f6-4feb-a3d4-4f4260a6cc3d,1048576:1:AES-128:encrypt,1,0,AES-128,aesni,CBC,1048576,1,encrypt,4922700,0,0.0,0.0049227,213.0083084486156
6ca05b01-d8f6-4feb-a3d4-4f4260a6cc3d,1048576:1:AES-128:decrypt,1,1,AES-128,software,CBC,1048576,1,decrypt,9771100,0,0.0,0.0097711,107.31401786902191
6ca05b01-d8f6-4feb-a3d4-4f4260a6cc3d,1048576:1:AES-128:encrypt,1,2,AES-128,software,CBC,1048576,1,encrypt,7243000,15625000,2.157255280960928,0.007243,144.77095126328868
6ca05b01-d8f6-4feb-a3d4-4f4260a6cc3d,1048576:1:AES-128:decrypt,1,3,AES-128,aesni,CBC,1048576,1,decrypt,3317800,0,0.0,0.0033178,316.0455723672313
6ca05b01-d8f6-4feb-a3d4-4f4260a6cc3d,1048576:1:AES-192:encrypt,2,0,AES-192,aesni,CBC,1048576,1,encrypt,4312300,15625000,3.623356445516314,0.0043123,243.1593349256777
6ca05b01-d8f6-4feb-a3d4-4f4260a6cc3d,1048576:1:AES-192:decrypt,2,1,AES-192,software,CBC,1048576,1,decrypt,8742100,0,0.0,0.0087421,119.94555084018714
6ca05b01-d8f6-4feb-a3d4-4f4260a6cc3d,1048576:1:AES-192:encrypt,2,2,AES-192,software,CBC,1048576,1,encrypt,9048800,15625000,1.7267482981168774,0.0090488,115.88011670055698
6ca05b01-d8f6-4feb-a3d4-4f4260a6cc3d,1048576:1:AES-192:decrypt,2,3,AES-192,aesni,CBC,1048576,1,decrypt,2704900,0,0.0,0.0027049,387.65795408333025
6ca05b01-d8f6-4feb-a3d4-4f4260a6cc3d,1048576:2:AES-192:decrypt,0,0,AES-192,aesni,CBC,1048576,2,decrypt,2703300,15625000,5.779972626049643,0.0027033,387.88739688528835
6ca05b01-d8f6-4feb-a3d4-4f4260a6cc3d,1048576:2:AES-192:encrypt,0,1,AES-192,software,CBC,1048576,2,encrypt,6972800,0,0.0,0.0069728,150.38090867370354
6ca05b01-d8f6-4feb-a3d4-4f4260a6cc3d,1048576:2:AES-192:decrypt,0,2,AES-192,software,CBC,1048576,2,decrypt,5381700,0,0.0,0.0053817,194.84103536057378
6ca05b01-d8f6-4feb-a3d4-4f4260a6cc3d,1048576:2:AES-192:encrypt,0,3,AES-192,aesni,CBC,1048576,2,encrypt,3322400,15625000,4.702925595954731,0.0033224,315.60799422104503
6ca05b01-d8f6-4feb-a3d4-4f4260a6cc3d,1048576:2:AES-128:decrypt,1,0,AES-128,aesni,CBC,1048576,2,decrypt,1882200,0,0.0,0.0018822,557.1012644777388
6ca05b01-d8f6-4feb-a3d4-4f4260a6cc3d,1048576:2:AES-128:encrypt,1,1,AES-128,software,CBC,1048576,2,encrypt,4719700,15625000,3.310591774900947,0.0047197,222.17005318134628
6ca05b01-d8f6-4feb-a3d4-4f4260a6cc3d,1048576:2:AES-128:decrypt,1,2,AES-128,software,CBC,1048576,2,decrypt,5520500,0,0.0,0.0055205,189.94221537904176
6ca05b01-d8f6-4feb-a3d4-4f4260a6cc3d,1048576:2:AES-128:encrypt,1,3,AES-128,aesni,CBC,1048576,2,encrypt,2216000,0,0.0,0.002216,473.1841155234657
6ca05b01-d8f6-4feb-a3d4-4f4260a6cc3d,1048576:2:AES-256:encrypt,2,0,AES-256,software,CBC,1048576,2,encrypt,8090500,15625000,1.9312774241394228,0.0080905,129.60583400284284
6ca05b01-d8f6-4feb-a3d4-4f4260a6cc3d,1048576:2:AES-256:decrypt,2,1,AES-256,software,CBC,1048576,2,decrypt,6280300,0,0.0,0.0062803,166.962724710603
6ca05b01-d8f6-4feb-a3d4-4f4260a6cc3d,1048576:2:AES-256:decrypt,2,2,AES-256,aesni,CBC,1048576,2,decrypt,2269500,15625000,6.884776382463097,0.0022695,462.029521921128
6ca05b01-d8f6-4feb-a3d4-4f4260a6cc3d,1048576:2:AES-256:encrypt,2,3,AES-256,aesni,CBC,1048576,2,encrypt,2241100,0,0.0,0.0022411,467.8845209941547
6ca05b01-d8f6-4feb-a3d4-4f4260a6cc3d,1048576:3:AES-256:decrypt,0,0,AES-256,software,CBC,1048576,3,decrypt,6008500,15625000,2.600482649579762,0.0060085,174.5154364650079
6ca05b01-d8f6-4feb-a3d4-4f4260a6cc3d,1048576:3:AES-256:decrypt,0,1,AES-256,aesni,CBC,1048576,3,decrypt,2148800,0,0.0,0.0021488,487.98212956068505
6ca05b01-d8f6-4feb-a3d4-4f4260a6cc3d,1048576:3:AES-256:encrypt,0,2,AES-256,aesni,CBC,1048576,3,encrypt,2431400,0,0.0,0.0024314,431.26429217734636
6ca05b01-d8f6-4feb-a3d4-4f4260a6cc3d,1048576:3:AES-256:encrypt,0,3,AES-256,software,CBC,1048576,3,encrypt,6592800,0,0.0,0.0065928,159.04865914330784
6ca05b01-d8f6-4feb-a3d4-4f4260a6cc3d,1048576:3:AES-192:decrypt,1,0,AES-192,aesni,CBC,1048576,3,decrypt,1981300,0,0.0,0.0019813,529.2363599656791
6ca05b01-d8f6-4feb-a3d4-4f4260a6cc3d,1048576:3:AES-192:encrypt,1,1,AES-192,software,CBC,1048576,3,encrypt,6284100,0,0.0,0.0062841,166.86176222529878
6ca05b01-d8f6-4feb-a3d4-4f4260a6cc3d,1048576:3:AES-192:encrypt,1,2,AES-192,aesni,CBC,1048576,3,encrypt,2047700,0,0.0,0.0020477,512.0750109879377
6ca05b01-d8f6-4feb-a3d4-4f4260a6cc3d,1048576:3:AES-192:decrypt,1,3,AES-192,software,CBC,1048576,3,decrypt,6632700,15625000,2.3557525592895803,0.0066327,158.0918781190164
6ca05b01-d8f6-4feb-a3d4-4f4260a6cc3d,1048576:3:AES-128:encrypt,2,0,AES-128,software,CBC,1048576,3,encrypt,4953400,15625000,3.154398998667582,0.0049534,211.68813340331894
6ca05b01-d8f6-4feb-a3d4-4f4260a6cc3d,1048576:3:AES-128:decrypt,2,1,AES-128,aesni,CBC,1048576,3,decrypt,1966800,0,0.0,0.0019668,533.1380923327232
6ca05b01-d8f6-4feb-a3d4-4f4260a6cc3d,1048576:3:AES-128:encrypt,2,2,AES-128,aesni,CBC,1048576,3,encrypt,1984800,0,0.0,0.0019848,528.3031035872632
6ca05b01-d8f6-4feb-a3d4-4f4260a6cc3d,1048576:3:AES-128:decrypt,2,3,AES-128,software,CBC,1048576,3,decrypt,6057700,0,0.0,0.0060577,173.09804051042474
6ca05b01-d8f6-4feb-a3d4-4f4260a6cc3d,1048576:4:AES-128:encrypt,0,0,AES-128,aesni,CBC,1048576,4,encrypt,3068700,0,0.0,0.0030687,341.7003943037768
6ca05b01-d8f6-4feb-a3d4-4f4260a6cc3d,1048576:4:AES-128:decrypt,0,1,AES-128,aesni,CBC,1048576,4,decrypt,2593700,0,0.0,0.0025937,404.27805837220956
6ca05b01-d8f6-4feb-a3d4-4f4260a6cc3d,1048576:4:AES-128:decrypt,0,2,AES-128,software,CBC,1048576,4,decrypt,7715500,15625000,2.025144190266347,0.0077155,135.9051260449744
6ca05b01-d8f6-4feb-a3d4-4f4260a6cc3d,1048576:4:AES-128:encrypt,0,3,AES-128,software,CBC,1048576,4,encrypt,5249400,0,0.0,0.0052494,199.75159065797996
6ca05b01-d8f6-4feb-a3d4-4f4260a6cc3d,1048576:4:AES-192:decrypt,1,0,AES-192,software,CBC,1048576,4,decrypt,7553300,0,0.0,0.0075533,138.82356056293276
6ca05b01-d8f6-4feb-a3d4-4f4260a6cc3d,1048576:4:AES-192:encrypt,1,1,AES-192,aesni,CBC,1048576,4,encrypt,3858900,0,0.0,0.0038589,271.7292492679261
6ca05b01-d8f6-4feb-a3d4-4f4260a6cc3d,1048576:4:AES-192:decrypt,1,2,AES-192,aesni,CBC,1048576,4,decrypt,2281600,0,0.0,0.0022816,459.57924263674613
6ca05b01-d8f6-4feb-a3d4-4f4260a6cc3d,1048576:4:AES-192:encrypt,1,3,AES-192,software,CBC,1048576,4,encrypt,5794600,15625000,2.696476029406689,0.0057946,180.9574431367135
6ca05b01-d8f6-4feb-a3d4-4f4260a6cc3d,1048576:4:AES-256:decrypt,2,0,AES-256,aesni,CBC,1048576,4,decrypt,2711300,0,0.0,0.0027113,386.7428908641611
6ca05b01-d8f6-4feb-a3d4-4f4260a6cc3d,1048576:4:AES-256:encrypt,2,1,AES-256,software,CBC,1048576,4,encrypt,6060400,0,0.0,0.0060604,173.02092271137218
6ca05b01-d8f6-4feb-a3d4-4f4260a6cc3d,1048576:4:AES-256:encrypt,2,2,AES-256,aesni,CBC,1048576,4,encrypt,2237500,0,0.0,0.0022375,468.6373184357542
6ca05b01-d8f6-4feb-a3d4-4f4260a6cc3d,1048576:4:AES-256:decrypt,2,3,AES-256,software,CBC,1048576,4,decrypt,6631200,0,0.0,0.0066312,158.12763903969116
6ca05b01-d8f6-4feb-a3d4-4f4260a6cc3d,1048576:5:AES-128:decrypt,0,0,AES-128,software,CBC,1048576,5,decrypt,5032700,15625000,3.104695292785185,0.0050327,208.35257416496114
6ca05b01-d8f6-4feb-a3d4-4f4260a6cc3d,1048576:5:AES-128:encrypt,0,1,AES-128,software,CBC,1048576,5,encrypt,4714000,0,0.0,0.004714,222.4386932541366
6ca05b01-d8f6-4feb-a3d4-4f4260a6cc3d,1048576:5:AES-128:encrypt,0,2,AES-128,aesni,CBC,1048576,5,encrypt,1952300,0,0.0,0.0019523,537.0977821031604
6ca05b01-d8f6-4feb-a3d4-4f4260a6cc3d,1048576:5:AES-128:decrypt,0,3,AES-128,aesni,CBC,1048576,5,decrypt,1880200,0,0.0,0.0018802,557.6938623550686
6ca05b01-d8f6-4feb-a3d4-4f4260a6cc3d,1048576:5:AES-256:encrypt,1,0,AES-256,software,CBC,1048576,5,encrypt,6353900,0,0.0,0.0063539,165.02872251687938
6ca05b01-d8f6-4feb-a3d4-4f4260a6cc3d,1048576:5:AES-256:decrypt,1,1,AES-256,aesni,CBC,1048576,5,decrypt,2236900,0,0.0,0.0022369,468.76302025124056
6ca05b01-d8f6-4feb-a3d4-4f4260a6cc3d,1048576:5:AES-256:decrypt,1,2,AES-256,software,CBC,1048576,5,decrypt,6166600,15625000,2.5338111763370414,0.0061666,170.04118963448252
6ca05b01-d8f6-4feb-a3d4-4f4260a6cc3d,1048576:5:AES-256:encrypt,1,3,AES-256,aesni,CBC,1048576,5,encrypt,2630500,0,0.0,0.0026305,398.6223151492112
6ca05b01-d8f6-4feb-a3d4-4f4260a6cc3d,1048576:5:AES-192:decrypt,2,0,AES-192,aesni,CBC,1048576,5,decrypt,2039100,0,0.0,0.0020391,514.2347113922809
6ca05b01-d8f6-4feb-a3d4-4f4260a6cc3d,1048576:5:AES-192:encrypt,2,1,AES-192,aesni,CBC,1048576,5,encrypt,2112600,0,0.0,0.0021126,496.343841711635
6ca05b01-d8f6-4feb-a3d4-4f4260a6cc3d,1048576:5:AES-192:encrypt,2,2,AES-192,software,CBC,1048576,5,encrypt,5740600,15625000,2.7218409225516496,0.0057406,182.6596523011532
6ca05b01-d8f6-4feb-a3d4-4f4260a6cc3d,1048576:5:AES-192:decrypt,2,3,AES-192,software,CBC,1048576,5,decrypt,5503500,0,0.0,0.0055035,190.52893613155265
6ca05b01-d8f6-4feb-a3d4-4f4260a6cc3d,1048576:6:AES-128:encrypt,0,0,AES-128,software,CBC,1048576,6,encrypt,4793300,15625000,3.2597584127845116,0.0047933,218.75868399641166
6ca05b01-d8f6-4feb-a3d4-4f4260a6cc3d,1048576:6:AES-128:encrypt,0,1,AES-128,aesni,CBC,1048576,6,encrypt,3021900,0,0.0,0.0030219,346.9922896191138
6ca05b01-d8f6-4feb-a3d4-4f4260a6cc3d,1048576:6:AES-128:decrypt,0,2,AES-128,software,CBC,1048576,6,decrypt,4883800,0,0.0,0.0048838,214.70494287235348
6ca05b01-d8f6-4feb-a3d4-4f4260a6cc3d,1048576:6:AES-128:decrypt,0,3,AES-128,aesni,CBC,1048576,6,decrypt,1912200,0,0.0,0.0019122,548.361050099362
6ca05b01-d8f6-4feb-a3d4-4f4260a6cc3d,1048576:6:AES-256:decrypt,1,0,AES-256,software,CBC,1048576,6,decrypt,6390100,0,0.0,0.0063901,164.09383264737642
6ca05b01-d8f6-4feb-a3d4-4f4260a6cc3d,1048576:6:AES-256:encrypt,1,1,AES-256,aesni,CBC,1048576,6,encrypt,2239400,0,0.0,0.0022394,468.23970706439223
6ca05b01-d8f6-4feb-a3d4-4f4260a6cc3d,1048576:6:AES-256:encrypt,1,2,AES-256,software,CBC,1048576,6,encrypt,6115500,15625000,2.55498323930995,0.0061155,171.4620227291309
6ca05b01-d8f6-4feb-a3d4-4f4260a6cc3d,1048576:6:AES-256:decrypt,1,3,AES-256,aesni,CBC,1048576,6,decrypt,2407800,0,0.0,0.0024078,435.4913198770662
6ca05b01-d8f6-4feb-a3d4-4f4260a6cc3d,1048576:6:AES-192:encrypt,2,0,AES-192,software,CBC,1048576,6,encrypt,5324900,15625000,2.9343274052094874,0.0053249,196.9193787676764
6ca05b01-d8f6-4feb-a3d4-4f4260a6cc3d,1048576:6:AES-192:decrypt,2,1,AES-192,aesni,CBC,1048576,6,decrypt,2050200,0,0.0,0.0020502,511.45059018632327
6ca05b01-d8f6-4feb-a3d4-4f4260a6cc3d,1048576:6:AES-192:encrypt,2,2,AES-192,aesni,CBC,1048576,6,encrypt,2340300,0,0.0,0.0023403,448.0519591505363
6ca05b01-d8f6-4feb-a3d4-4f4260a6cc3d,1048576:6:AES-192:decrypt,2,3,AES-192,software,CBC,1048576,6,decrypt,5532100,0,0.0,0.0055321,189.5439344914228
6ca05b01-d8f6-4feb-a3d4-4f4260a6cc3d,1048576:7:AES-256:encrypt,0,0,AES-256,software,CBC,1048576,7,encrypt,6251400,0,0.0,0.0062514,167.73458745241066
6ca05b01-d8f6-4feb-a3d4-4f4260a6cc3d,1048576:7:AES-256:decrypt,0,1,AES-256,software,CBC,1048576,7,decrypt,6199500,15625000,2.520364545527865,0.0061995,169.1388015162513
6ca05b01-d8f6-4feb-a3d4-4f4260a6cc3d,1048576:7:AES-256:encrypt,0,2,AES-256,aesni,CBC,1048576,7,encrypt,2229000,0,0.0,0.002229,470.42440556303274
6ca05b01-d8f6-4feb-a3d4-4f4260a6cc3d,1048576:7:AES-256:decrypt,0,3,AES-256,aesni,CBC,1048576,7,decrypt,2184300,0,0.0,0.0021843,480.0512750080117
6ca05b01-d8f6-4feb-a3d4-4f4260a6cc3d,1048576:7:AES-192:encrypt,1,0,AES-192,software,CBC,1048576,7,encrypt,5413700,15625000,2.8861961320353915,0.0054137,193.68934370208913
6ca05b01-d8f6-4feb-a3d4-4f4260a6cc3d,1048576:7:AES-192:encrypt,1,1,AES-192,aesni,CBC,1048576,7,encrypt,2118600,0,0.0,0.0021186,494.93816671386764
6ca05b01-d8f6-4feb-a3d4-4f4260a6cc3d,1048576:7:AES-192:decrypt,1,2,AES-192,software,CBC,1048576,7,decrypt,5457700,0,0.0,0.0054577,192.12781941110725
6ca05b01-d8f6-4feb-a3d4-4f4260a6cc3d,1048576:7:AES-192:decrypt,1,3,AES-192,aesni,CBC,1048576,7,decrypt,2264000,0,0.0,0.002264,463.1519434628975
6ca05b01-d8f6-4feb-a3d4-4f4260a6cc3d,1048576:7:AES-128:decrypt,2,0,AES-128,aesni,CBC,1048576,7,decrypt,1964700,0,0.0,0.0019647,533.707945233369
6ca05b01-d8f6-4feb-a3d4-4f4260a6cc3d,1048576:7:AES-128:encrypt,2,1,AES-128,aesni,CBC,1048576,7,encrypt,2070200,0,0.0,0.0020702,506.50951598879334
6ca05b01-d8f6-4feb-a3d4-4f4260a6cc3d,1048576:7:AES-128:decrypt,2,2,AES-128,software,CBC,1048576,7,decrypt,4901300,0,0.0,0.0049013,213.93834288862138
6ca05b01-d8f6-4feb-a3d4-4f4260a6cc3d,1048576:7:AES-128:encrypt,2,3,AES-128,software,CBC,1048576,7,encrypt,4798000,15625000,3.256565235514798,0.004798,218.54439349729054
6ca05b01-d8f6-4feb-a3d4-4f4260a6cc3d,1048576:8:AES-192:decrypt,0,0,AES-192,aesni,CBC,1048576,8,decrypt,2134900,0,0.0,0.0021349,491.15930488547474
6ca05b01-d8f6-4feb-a3d4-4f4260a6cc3d,1048576:8:AES-192:encrypt,0,1,AES-192,software,CBC,1048576,8,encrypt,6250400,0,0.0,0.0062504,167.7614232689108
6ca05b01-d8f6-4feb-a3d4-4f4260a6cc3d,1048576:8:AES-192:encrypt,0,2,AES-192,aesni,CBC,1048576,8,encrypt,2597100,15625000,6.016325901967579,0.0025971,403.7487967348196
6ca05b01-d8f6-4feb-a3d4-4f4260a6cc3d,1048576:8:AES-192:decrypt,0,3,AES-192,software,CBC,1048576,8,decrypt,6555700,0,0.0,0.0065557,159.94874689201762
6ca05b01-d8f6-4feb-a3d4-4f4260a6cc3d,1048576:8:AES-128:decrypt,1,0,AES-128,software,CBC,1048576,8,decrypt,4919500,15625000,3.17613578615713,0.0049195,213.1468645187519
6ca05b01-d8f6-4feb-a3d4-4f4260a6cc3d,1048576:8:AES-128:encrypt,1,1,AES-128,aesni,CBC,1048576,8,encrypt,2098800,0,0.0,0.0020988,499.60739470173434
6ca05b01-d8f6-4feb-a3d4-4f4260a6cc3d,1048576:8:AES-128:decrypt,1,2,AES-128,aesni,CBC,1048576,8,decrypt,2013000,0,0.0,0.002013,520.9021361152509
6ca05b01-d8f6-4feb-a3d4-4f4260a6cc3d,1048576:8:AES-128:encrypt,1,3,AES-128,software,CBC,1048576,8,encrypt,5276000,0,0.0,0.005276,198.7445034116755
6ca05b01-d8f6-4feb-a3d4-4f4260a6cc3d,1048576:8:AES-256:encrypt,2,0,AES-256,software,CBC,1048576,8,encrypt,6129500,0,0.0,0.0061295,171.07039725915655
6ca05b01-d8f6-4feb-a3d4-4f4260a6cc3d,1048576:8:AES-256:decrypt,2,1,AES-256,aesni,CBC,1048576,8,decrypt,2453800,15625000,6.367674627108974,0.0024538,427.32741054690683
6ca05b01-d8f6-4feb-a3d4-4f4260a6cc3d,1048576:8:AES-256:decrypt,2,2,AES-256,software,CBC,1048576,8,decrypt,6509400,0,0.0,0.0065094,161.08642885673027
6ca05b01-d8f6-4feb-a3d4-4f4260a6cc3d,1048576:8:AES-256:encrypt,2,3,AES-256,aesni,CBC,1048576,8,encrypt,2233200,0,0.0,0.0022332,469.5396740103887
6ca05b01-d8f6-4feb-a3d4-4f4260a6cc3d,1048576:9:AES-128:encrypt,0,0,AES-128,software,CBC,1048576,9,encrypt,4867400,15625000,3.2101327197271643,0.0048674,215.4283601101204
6ca05b01-d8f6-4feb-a3d4-4f4260a6cc3d,1048576:9:AES-128:encrypt,0,1,AES-128,aesni,CBC,1048576,9,encrypt,1985800,0,0.0,0.0019858,528.0370631483534
6ca05b01-d8f6-4feb-a3d4-4f4260a6cc3d,1048576:9:AES-128:decrypt,0,2,AES-128,software,CBC,1048576,9,decrypt,4687800,0,0.0,0.0046878,223.68189769188106
6ca05b01-d8f6-4feb-a3d4-4f4260a6cc3d,1048576:9:AES-128:decrypt,0,3,AES-128,aesni,CBC,1048576,9,decrypt,1897600,0,0.0,0.0018976,552.5801011804384
6ca05b01-d8f6-4feb-a3d4-4f4260a6cc3d,1048576:9:AES-256:decrypt,1,0,AES-256,software,CBC,1048576,9,decrypt,6178700,0,0.0,0.0061787,169.70819104342337
6ca05b01-d8f6-4feb-a3d4-4f4260a6cc3d,1048576:9:AES-256:encrypt,1,1,AES-256,aesni,CBC,1048576,9,encrypt,2246500,0,0.0,0.0022465,466.75984865346095
6ca05b01-d8f6-4feb-a3d4-4f4260a6cc3d,1048576:9:AES-256:decrypt,1,2,AES-256,aesni,CBC,1048576,9,decrypt,2572600,0,0.0,0.0025726,407.59387390188914
6ca05b01-d8f6-4feb-a3d4-4f4260a6cc3d,1048576:9:AES-256:encrypt,1,3,AES-256,software,CBC,1048576,9,encrypt,6106200,15625000,2.558874586485867,0.0061062,171.72316661753626
6ca05b01-d8f6-4feb-a3d4-4f4260a6cc3d,1048576:9:AES-192:encrypt,2,0,AES-192,aesni,CBC,1048576,9,encrypt,2187600,0,0.0,0.0021876,479.32711647467545
6ca05b01-d8f6-4feb-a3d4-4f4260a6cc3d,1048576:9:AES-192:decrypt,2,1,AES-192,software,CBC,1048576,9,decrypt,5523100,15625000,2.829027176766671,0.0055231,189.85280005793848
6ca05b01-d8f6-4feb-a3d4-4f4260a6cc3d,1048576:9:AES-192:encrypt,2,2,AES-192,software,CBC,1048576,9,encrypt,5399300,0,0.0,0.0053993,194.20591558164946
6ca05b01-d8f6-4feb-a3d4-4f4260a6cc3d,1048576:9:AES-192:decrypt,2,3,AES-192,aesni,CBC,1048576,9,decrypt,2151400,0,0.0,0.0021514,487.3923956493446
6ca05b01-d8f6-4feb-a3d4-4f4260a6cc3d,1048576:10:AES-192:decrypt,0,0,AES-192,software,CBC,1048576,10,decrypt,5504800,0,0.0,0.0055048,190.48394128760356
6ca05b01-d8f6-4feb-a3d4-4f4260a6cc3d,1048576:10:AES-192:decrypt,0,1,AES-192,aesni,CBC,1048576,10,decrypt,2057200,0,0.0,0.0020572,509.7102858253937
6ca05b01-d8f6-4feb-a3d4-4f4260a6cc3d,1048576:10:AES-192:encrypt,0,2,AES-192,software,CBC,1048576,10,encrypt,5327100,0,0.0,0.0053271,196.83805447616902
6ca05b01-d8f6-4feb-a3d4-4f4260a6cc3d,1048576:10:AES-192:encrypt,0,3,AES-192,aesni,CBC,1048576,10,encrypt,2119800,15625000,7.370978394188131,0.0021198,494.65798660250965
6ca05b01-d8f6-4feb-a3d4-4f4260a6cc3d,1048576:10:AES-256:decrypt,1,0,AES-256,aesni,CBC,1048576,10,decrypt,2258300,0,0.0,0.0022583,464.32094938670684
6ca05b01-d8f6-4feb-a3d4-4f4260a6cc3d,1048576:10:AES-256:encrypt,1,1,AES-256,software,CBC,1048576,10,encrypt,6184300,15625000,2.5265591902074607,0.0061843,169.55451708358262
6ca05b01-d8f6-4feb-a3d4-4f4260a6cc3d,1048576:10:AES-256:encrypt,1,2,AES-256,aesni,CBC,1048576,10,encrypt,2242900,0,0.0,0.0022429,467.5090284899015
6ca05b01-d8f6-4feb-a3d4-4f4260a6cc3d,1048576:10:AES-256:decrypt,1,3,AES-256,software,CBC,1048576,10,decrypt,6291500,0,0.0,0.0062915,166.6655010728761
6ca05b01-d8f6-4feb-a3d4-4f4260a6cc3d,1048576:10:AES-128:decrypt,2,0,AES-128,software,CBC,1048576,10,decrypt,4709300,15625000,3.317902873038456,0.0047093,222.660692671947
6ca05b01-d8f6-4feb-a3d4-4f4260a6cc3d,1048576:10:AES-128:encrypt,2,1,AES-128,software,CBC,1048576,10,encrypt,4825400,0,0.0,0.0048254,217.3034359845816
6ca05b01-d8f6-4feb-a3d4-4f4260a6cc3d,1048576:10:AES-128:encrypt,2,2,AES-128,aesni,CBC,1048576,10,encrypt,2006700,0,0.0,0.0020067,522.5374993770868
6ca05b01-d8f6-4feb-a3d4-4f4260a6cc3d,1048576:10:AES-128:decrypt,2,3,AES-128,aesni,CBC,1048576,10,decrypt,1911600,0,0.0,0.0019116,548.5331659342959
6ca05b01-d8f6-4feb-a3d4-4f4260a6cc3d,1048576:11:AES-256:decrypt,0,0,AES-256,aesni,CBC,1048576,11,decrypt,2233500,0,0.0,0.0022335,469.4766062234162
6ca05b01-d8f6-4feb-a3d4-4f4260a6cc3d,1048576:11:AES-256:encrypt,0,1,AES-256,aesni,CBC,1048576,11,encrypt,2278700,0,0.0,0.0022787,460.16412866985564
6ca05b01-d8f6-4feb-a3d4-4f4260a6cc3d,1048576:11:AES-256:encrypt,0,2,AES-256,software,CBC,1048576,11,encrypt,6129000,0,0.0,0.006129,171.0843530755425
6ca05b01-d8f6-4feb-a3d4-4f4260a6cc3d,1048576:11:AES-256:decrypt,0,3,AES-256,software,CBC,1048576,11,decrypt,6276900,15625000,2.4892861125714925,0.0062769,167.05316318564897
6ca05b01-d8f6-4feb-a3d4-4f4260a6cc3d,1048576:11:AES-128:encrypt,1,0,AES-128,software,CBC,1048576,11,encrypt,4906500,15625000,3.1845511056761437,0.0049065,213.71160705186998
6ca05b01-d8f6-4feb-a3d4-4f4260a6cc3d,1048576:11:AES-128:encrypt,1,1,AES-128,aesni,CBC,1048576,11,encrypt,1999100,0,0.0,0.0019991,524.5240358161172
6ca05b01-d8f6-4feb-a3d4-4f4260a6cc3d,1048576:11:AES-128:decrypt,1,2,AES-128,software,CBC,1048576,11,decrypt,4681200,0,0.0,0.0046812,223.99726565837818
6ca05b01-d8f6-4feb-a3d4-4f4260a6cc3d,1048576:11:AES-128:decrypt,1,3,AES-128,aesni,CBC,1048576,11,decrypt,1887300,0,0.0,0.0018873,555.5958247231495
6ca05b01-d8f6-4feb-a3d4-4f4260a6cc3d,1048576:11:AES-192:decrypt,2,0,AES-192,aesni,CBC,1048576,11,decrypt,2145700,15625000,7.2820058722095355,0.0021457,488.6871417253111
6ca05b01-d8f6-4feb-a3d4-4f4260a6cc3d,1048576:11:AES-192:decrypt,2,1,AES-192,software,CBC,1048576,11,decrypt,5427500,0,0.0,0.0054275,193.19686780285582
6ca05b01-d8f6-4feb-a3d4-4f4260a6cc3d,1048576:11:AES-192:encrypt,2,2,AES-192,software,CBC,1048576,11,encrypt,5423900,0,0.0,0.0054239,193.3250981765888
6ca05b01-d8f6-4feb-a3d4-4f4260a6cc3d,1048576:11:AES-192:encrypt,2,3,AES-192,aesni,CBC,1048576,11,encrypt,2156600,0,0.0,0.0021566,486.2171937308727
6ca05b01-d8f6-4feb-a3d4-4f4260a6cc3d,1048576:12:AES-192:decrypt,0,0,AES-192,software,CBC,1048576,12,decrypt,5411300,0,0.0,0.0054113,193.77524809195572
6ca05b01-d8f6-4feb-a3d4-4f4260a6cc3d,1048576:12:AES-192:decrypt,0,1,AES-192,aesni,CBC,1048576,12,decrypt,2098700,0,0.0,0.0020987,499.63120026683185
6ca05b01-d8f6-4feb-a3d4-4f4260a6cc3d,1048576:12:AES-192:encrypt,0,2,AES-192,software,CBC,1048576,12,encrypt,5456700,15625000,2.863452269686807,0.0054567,192.16302893690326
6ca05b01-d8f6-4feb-a3d4-4f4260a6cc3d,1048576:12:AES-192:encrypt,0,3,AES-192,aesni,CBC,1048576,12,encrypt,2141800,0,0.0,0.0021418,489.57699131571576
6ca05b01-d8f6-4feb-a3d4-4f4260a6cc3d,1048576:12:AES-256:decrypt,1,0,AES-256,software,CBC,1048576,12,decrypt,7157600,15625000,2.1829942997652845,0.0071576,146.4982675757237
6ca05b01-d8f6-4feb-a3d4-4f4260a6cc3d,1048576:12:AES-256:decrypt,1,1,AES-256,aesni,CBC,1048576,12,decrypt,2200800,0,0.0,0.0022008,476.4521992002908
6ca05b01-d8f6-4feb-a3d4-4f4260a6cc3d,1048576:12:AES-256:encrypt,1,2,AES-256,software,CBC,1048576,12,encrypt,6032000,0,0.0,0.006032,173.83554376657824
6ca05b01-d8f6-4feb-a3d4-4f4260a6cc3d,1048576:12:AES-256:encrypt,1,3,AES-256,aesni,CBC,1048576,12,encrypt,2226500,0,0.0,0.0022265,470.9526162137885
6ca05b01-d8f6-4feb-a3d4-4f4260a6cc3d,1048576:12:AES-128:decrypt,2,0,AES-128,software,CBC,1048576,12,decrypt,4662700,0,0.0,0.0046627,224.88601025157098
6ca05b01-d8f6-4feb-a3d4-4f4260a6cc3d,1048576:12:AES-128:decrypt,2,1,AES-128,aesni,CBC,1048576,12,decrypt,1915500,0,0.0,0.0019155,547.4163403811016
6ca05b01-d8f6-4feb-a3d4-4f4260a6cc3d,1048576:12:AES-128:encrypt,2,2,AES-128,software,CBC,1048576,12,encrypt,4799800,0,0.0,0.0047998,218.4624359348306
6ca05b01-d8f6-4feb-a3d4-4f4260a6cc3d,1048576:12:AES-128:encrypt,2,3,AES-128,aesni,CBC,1048576,12,encrypt,2345000,15625000,6.663113006396588,0.002345,447.15394456289977
6ca05b01-d8f6-4feb-a3d4-4f4260a6cc3d,1048576:13:AES-192:decrypt,0,0,AES-192,aesni,CBC,1048576,13,decrypt,2093100,0,0.0,0.0020931,500.9679422865606
6ca05b01-d8f6-4feb-a3d4-4f4260a6cc3d,1048576:13:AES-192:decrypt,0,1,AES-192,software,CBC,1048576,13,decrypt,5482600,15625000,2.8499252179622805,0.0054826,191.25524386240104
6ca05b01-d8f6-4feb-a3d4-4f4260a6cc3d,1048576:13:AES-192:encrypt,0,2,AES-192,aesni,CBC,1048576,13,encrypt,2183200,0,0.0,0.0021832,480.29314767314037
6ca05b01-d8f6-4feb-a3d4-4f4260a6cc3d,1048576:13:AES-192:encrypt,0,3,AES-192,software,CBC,1048576,13,encrypt,5347500,0,0.0,0.0053475,196.0871435250117
6ca05b01-d8f6-4feb-a3d4-4f4260a6cc3d,1048576:13:AES-128:encrypt,1,0,AES-128,software,CBC,1048576,13,encrypt,4859300,15625000,3.2154837116457102,0.0048593,215.7874590990472
6ca05b01-d8f6-4feb-a3d4-4f4260a6cc3d,1048576:13:AES-128:decrypt,1,1,AES-128,software,CBC,1048576,13,decrypt,4747200,0,0.0,0.0047472,220.8830468486687
6ca05b01-d8f6-4feb-a3d4-4f4260a6cc3d,1048576:13:AES-128:encrypt,1,2,AES-128,aesni,CBC,1048576,13,encrypt,1989200,0,0.0,0.0019892,527.1345264427911
6ca05b01-d8f6-4feb-a3d4-4f4260a6cc3d,1048576:13:AES-128:decrypt,1,3,AES-128,aesni,CBC,1048576,13,decrypt,1891400,0,0.0,0.0018914,554.391456064291
6ca05b01-d8f6-4feb-a3d4-4f4260a6cc3d,1048576:13:AES-256:decrypt,2,0,AES-256,software,CBC,1048576,13,decrypt,6299000,0,0.0,0.006299,166.4670582632164
6ca05b01-d8f6-4feb-a3d4-4f4260a6cc3d,1048576:13:AES-256:encrypt,2,1,AES-256,aesni,CBC,1048576,13,encrypt,2251000,0,0.0,0.002251,465.8267436694802
6ca05b01-d8f6-4feb-a3d4-4f4260a6cc3d,1048576:13:AES-256:encrypt,2,2,AES-256,software,CBC,1048576,13,encrypt,6048200,15625000,2.583413246916438,0.0060482,173.36992824311366
6ca05b01-d8f6-4feb-a3d4-4f4260a6cc3d,1048576:13:AES-256:decrypt,2,3,AES-256,aesni,CBC,1048576,13,decrypt,2219700,0,0.0,0.0022197,472.3953687435239
6ca05b01-d8f6-4feb-a3d4-4f4260a6cc3d,1048576:14:AES-256:decrypt,0,0,AES-256,software,CBC,1048576,14,decrypt,7052600,15625000,2.215494994753708,0.0070526,148.6793522956073
6ca05b01-d8f6-4feb-a3d4-4f4260a6cc3d,1048576:14:AES-256:encrypt,0,1,AES-256,aesni,CBC,1048576,14,encrypt,2458300,0,0.0,0.0024583,426.5451734938779
6ca05b01-d8f6-4feb-a3d4-4f4260a6cc3d,1048576:14:AES-256:decrypt,0,2,AES-256,aesni,CBC,1048576,14,decrypt,2462200,0,0.0,0.0024622,425.8695475590935
6ca05b01-d8f6-4feb-a3d4-4f4260a6cc3d,1048576:14:AES-256:encrypt,0,3,AES-256,software,CBC,1048576,14,encrypt,6104100,0,0.0,0.0061041,171.78224472076147
6ca05b01-d8f6-4feb-a3d4-4f4260a6cc3d,1048576:14:AES-192:encrypt,1,0,AES-192,software,CBC,1048576,14,encrypt,5433000,0,0.0,0.005433,193.0012884226026
6ca05b01-d8f6-4feb-a3d4-4f4260a6cc3d,1048576:14:AES-192:decrypt,1,1,AES-192,aesni,CBC,1048576,14,decrypt,2146200,0,0.0,0.0021462,488.57329233063086
6ca05b01-d8f6-4feb-a3d4-4f4260a6cc3d,1048576:14:AES-192:encrypt,1,2,AES-192,aesni,CBC,1048576,14,encrypt,3367800,0,0.0,0.0033678,311.35340578419147
6ca05b01-d8f6-4feb-a3d4-4f4260a6cc3d,1048576:14:AES-192:decrypt,1,3,AES-192,software,CBC,1048576,14,decrypt,5758800,0,0.0,0.0057588,182.08237827325138
6ca05b01-d8f6-4feb-a3d4-4f4260a6cc3d,1048576:14:AES-128:decrypt,2,0,AES-128,software,CBC,1048576,14,decrypt,4617500,0,0.0,0.0046175,227.08738494856524
6ca05b01-d8f6-4feb-a3d4-4f4260a6cc3d,1048576:14:AES-128:encrypt,2,1,AES-128,aesni,CBC,1048576,14,encrypt,2950400,0,0.0,0.0029504,355.4013015184382
6ca05b01-d8f6-4feb-a3d4-4f4260a6cc3d,1048576:14:AES-128:decrypt,2,2,AES-128,aesni,CBC,1048576,14,decrypt,2016700,0,0.0,0.0020167,519.9464471661626
6ca05b01-d8f6-4feb-a3d4-4f4260a6cc3d,1048576:14:AES-128:encrypt,2,3,AES-128,software,CBC,1048576,14,encrypt,8944400,0,0.0,0.0089444,117.23268190152497
6ca05b01-d8f6-4feb-a3d4-4f4260a6cc3d,1048576:15:AES-256:decrypt,0,0,AES-256,software,CBC,1048576,15,decrypt,9318100,0,0.0,0.0093181,112.53109539498395
6ca05b01-d8f6-4feb-a3d4-4f4260a6cc3d,1048576:15:AES-256:decrypt,0,1,AES-256,aesni,CBC,1048576,15,decrypt,2366200,0,0.0,0.0023662,443.1476629194489
6ca05b01-d8f6-4feb-a3d4-4f4260a6cc3d,1048576:15:AES-256:encrypt,0,2,AES-256,aesni,CBC,1048576,15,encrypt,2457100,15625000,6.359122542835049,0.0024571,426.7534898864515
6ca05b01-d8f6-4feb-a3d4-4f4260a6cc3d,1048576:15:AES-256:encrypt,0,3,AES-256,software,CBC,1048576,15,encrypt,21766300,0,0.0,0.0217663,48.17428777513863
6ca05b01-d8f6-4feb-a3d4-4f4260a6cc3d,1048576:15:AES-192:encrypt,1,0,AES-192,software,CBC,1048576,15,encrypt,5677200,0,0.0,0.0056772,184.69949975339955
6ca05b01-d8f6-4feb-a3d4-4f4260a6cc3d,1048576:15:AES-192:encrypt,1,1,AES-192,aesni,CBC,1048576,15,encrypt,2300000,0,0.0,0.0023,455.9026086956522
6ca05b01-d8f6-4feb-a3d4-4f4260a6cc3d,1048576:15:AES-192:decrypt,1,2,AES-192,software,CBC,1048576,15,decrypt,5450200,0,0.0,0.0054502,192.3922057906132
6ca05b01-d8f6-4feb-a3d4-4f4260a6cc3d,1048576:15:AES-192:decrypt,1,3,AES-192,aesni,CBC,1048576,15,decrypt,2234600,15625000,6.992302872997405,0.0022346,469.2455025507921
6ca05b01-d8f6-4feb-a3d4-4f4260a6cc3d,1048576:15:AES-128:decrypt,2,0,AES-128,aesni,CBC,1048576,15,decrypt,2073200,0,0.0,0.0020732,505.7765772718503
6ca05b01-d8f6-4feb-a3d4-4f4260a6cc3d,1048576:15:AES-128:encrypt,2,1,AES-128,aesni,CBC,1048576,15,encrypt,1995500,0,0.0,0.0019955,525.4703081934352
6ca05b01-d8f6-4feb-a3d4-4f4260a6cc3d,1048576:15:AES-128:decrypt,2,2,AES-128,software,CBC,1048576,15,decrypt,5023600,15625000,3.1103192929373358,0.0050236,208.72999442630783
6ca05b01-d8f6-4feb-a3d4-4f4260a6cc3d,1048576:15:AES-128:encrypt,2,3,AES-128,software,CBC,1048576,15,encrypt,4981800,0,0.0,0.0049818,210.48135212172306
6ca05b01-d8f6-4feb-a3d4-4f4260a6cc3d,1048576:16:AES-192:decrypt,0,0,AES-192,aesni,CBC,1048576,16,decrypt,1965800,0,0.0,0.0019658,533.4092990131244
6ca05b01-d8f6-4feb-a3d4-4f4260a6cc3d,1048576:16:AES-192:encrypt,0,1,AES-192,aesni,CBC,1048576,16,encrypt,2019700,0,0.0,0.0020197,519.174134772491
6ca05b01-d8f6-4feb-a3d4-4f4260a6cc3d,1048576:16:AES-192:encrypt,0,2,AES-192,software,CBC,1048576,16,encrypt,5353800,15625000,2.9184878030557733,0.0053538,195.85640106092868
6ca05b01-d8f6-4feb-a3d4-4f4260a6cc3d,1048576:16:AES-192:decrypt,0,3,AES-192,software,CBC,1048576,16,decrypt,5428000,0,0.0,0.005428,193.17907148120855
6ca05b01-d8f6-4feb-a3d4-4f4260a6cc3d,1048576:16:AES-128:decrypt,1,0,AES-128,software,CBC,1048576,16,decrypt,4830800,0,0.0,0.0048308,217.06052827688995
6ca05b01-d8f6-4feb-a3d4-4f4260a6cc3d,1048576:16:AES-128:encrypt,1,1,AES-128,aesni,CBC,1048576,16,encrypt,1977600,0,0.0,0.0019776,530.2265372168284
6ca05b01-d8f6-4feb-a3d4-4f4260a6cc3d,1048576:16:AES-128:encrypt,1,2,AES-128,software,CBC,1048576,16,encrypt,4724500,0,0.0,0.0047245,221.94433273362262
6ca05b01-d8f6-4feb-a3d4-4f4260a6cc3d,1048576:16:AES-128:decrypt,1,3,AES-128,aesni,CBC,1048576,16,decrypt,1844200,0,0.0,0.0018442,568.5804142717709
6ca05b01-d8f6-4feb-a3d4-4f4260a6cc3d,1048576:16:AES-256:decrypt,2,0,AES-256,software,CBC,1048576,16,decrypt,6201400,0,0.0,0.0062014,169.08698035927372
6ca05b01-d8f6-4feb-a3d4-4f4260a6cc3d,1048576:16:AES-256:decrypt,2,1,AES-256,aesni,CBC,1048576,16,decrypt,2248600,0,0.0,0.0022486,466.3239348928222
6ca05b01-d8f6-4feb-a3d4-4f4260a6cc3d,1048576:16:AES-256:encrypt,2,2,AES-256,aesni,CBC,1048576,16,encrypt,2284400,15625000,6.839870425494659,0.0022844,459.01593416214325
6ca05b01-d8f6-4feb-a3d4-4f4260a6cc3d,1048576:16:AES-256:encrypt,2,3,AES-256,software,CBC,1048576,16,encrypt,6076800,0,0.0,0.0060768,172.5539757767246
6ca05b01-d8f6-4feb-a3d4-4f4260a6cc3d,1048576:17:AES-256:encrypt,0,0,AES-256,software,CBC,1048576,17,encrypt,6023200,15625000,2.594136007437907,0.0060232,174.08952052065348
6ca05b01-d8f6-4feb-a3d4-4f4260a6cc3d,1048576:17:AES-256:encrypt,0,1,AES-256,aesni,CBC,1048576,17,encrypt,2271200,0,0.0,0.0022712,461.6836914406481
6ca05b01-d8f6-4feb-a3d4-4f4260a6cc3d,1048576:17:AES-256:decrypt,0,2,AES-256,aesni,CBC,1048576,17,decrypt,2261700,0,0.0,0.0022617,463.6229384975903
6ca05b01-d8f6-4feb-a3d4-4f4260a6cc3d,1048576:17:AES-256:decrypt,0,3,AES-256,software,CBC,1048576,17,decrypt,6096100,15625000,2.5631141221436655,0.0060961,172.00767703941864
6ca05b01-d8f6-4feb-a3d4-4f4260a6cc3d,1048576:17:AES-192:decrypt,1,0,AES-192,aesni,CBC,1048576,17,decrypt,2140400,0,0.0,0.0021404,489.89721547374324
6ca05b01-d8f6-4feb-a3d4-4f4260a6cc3d,1048576:17:AES-192:encrypt,1,1,AES-192,software,CBC,1048576,17,encrypt,5419800,0,0.0,0.0054198,193.4713458061183
6ca05b01-d8f6-4feb-a3d4-4f4260a6cc3d,1048576:17:AES-192:decrypt,1,2,AES-192,software,CBC,1048576,17,decrypt,5464500,15625000,2.859364992222527,0.0054645,191.88873638942263
6ca05b01-d8f6-4feb-a3d4-4f4260a6cc3d,1048576:17:AES-192:encrypt,1,3,AES-192,aesni,CBC,1048576,17,encrypt,2063100,0,0.0,0.0020631,508.2526295380738
6ca05b01-d8f6-4feb-a3d4-4f4260a6cc3d,1048576:17:AES-128:decrypt,2,0,AES-128,software,CBC,1048576,17,decrypt,4632700,15625000,3.3727631834567315,0.0046327,226.34230578280486
6ca05b01-d8f6-4feb-a3d4-4f4260a6cc3d,1048576:17:AES-128:encrypt,2,1,AES-128,aesni,CBC,1048576,17,encrypt,2050000,0,0.0,0.00205,511.50048780487805
6ca05b01-d8f6-4feb-a3d4-4f4260a6cc3d,1048576:17:AES-128:encrypt,2,2,AES-128,software,CBC,1048576,17,encrypt,4666700,0,0.0,0.0046667,224.6932521910558
6ca05b01-d8f6-4feb-a3d4-4f4260a6cc3d,1048576:17:AES-128:decrypt,2,3,AES-128,aesni,CBC,1048576,17,decrypt,1872500,0,0.0,0.0018725,559.9871829105474
6ca05b01-d8f6-4feb-a3d4-4f4260a6cc3d,1048576:18:AES-128:encrypt,0,0,AES-128,software,CBC,1048576,18,encrypt,4729500,15625000,3.3037318955492125,0.0047295,221.7096944708743
6ca05b01-d8f6-4feb-a3d4-4f4260a6cc3d,1048576:18:AES-128:decrypt,0,1,AES-128,aesni,CBC,1048576,18,decrypt,1874400,0,0.0,0.0018744,559.4195475885617
6ca05b01-d8f6-4feb-a3d4-4f4260a6cc3d,1048576:18:AES-128:encrypt,0,2,AES-128,aesni,CBC,1048576,18,encrypt,1946600,0,0.0,0.0019466,538.6705024144662
6ca05b01-d8f6-4feb-a3d4-4f4260a6cc3d,1048576:18:AES-128:decrypt,0,3,AES-128,software,CBC,1048576,18,decrypt,4821100,0,0.0,0.0048211,217.4972516645579
6ca05b01-d8f6-4feb-a3d4-4f4260a6cc3d,1048576:18:AES-192:encrypt,1,0,AES-192,aesni,CBC,1048576,18,encrypt,2141200,0,0.0,0.0021412,489.7141789650663
6ca05b01-d8f6-4feb-a3d4-4f4260a6cc3d,1048576:18:AES-192:decrypt,1,1,AES-192,software,CBC,1048576,18,decrypt,5381000,0,0.0,0.005381,194.86638171343617
6ca05b01-d8f6-4feb-a3d4-4f4260a6cc3d,1048576:18:AES-192:decrypt,1,2,AES-192,aesni,CBC,1048576,18,decrypt,2049600,0,0.0,0.0020496,511.60031225604996
6ca05b01-d8f6-4feb-a3d4-4f4260a6cc3d,1048576:18:AES-192:encrypt,1,3,AES-192,software,CBC,1048576,18,encrypt,5365100,15625000,2.91234086969488,0.0053651,195.44388734599542
6ca05b01-d8f6-4feb-a3d4-4f4260a6cc3d,1048576:18:AES-256:encrypt,2,0,AES-256,software,CBC,1048576,18,encrypt,6079300,0,0.0,0.0060793,172.48301613672626
6ca05b01-d8f6-4feb-a3d4-4f4260a6cc3d,1048576:18:AES-256:encrypt,2,1,AES-256,aesni,CBC,1048576,18,encrypt,2355700,15625000,6.632847985736723,0.0023557,445.12289340747975
6ca05b01-d8f6-4feb-a3d4-4f4260a6cc3d,1048576:18:AES-256:decrypt,2,2,AES-256,aesni,CBC,1048576,18,decrypt,2353900,0,0.0,0.0023539,445.4632737159607
6ca05b01-d8f6-4feb-a3d4-4f4260a6cc3d,1048576:18:AES-256:decrypt,2,3,AES-256,software,CBC,1048576,18,decrypt,6282400,0,0.0,0.0062824,166.90691455494715
6ca05b01-d8f6-4feb-a3d4-4f4260a6cc3d,1048576:19:AES-128:encrypt,0,0,AES-128,software,CBC,1048576,19,encrypt,4834500,0,0.0,0.0048345,216.89440479884166
6ca05b01-d8f6-4feb-a3d4-4f4260a6cc3d,1048576:19:AES-128:decrypt,0,1,AES-128,aesni,CBC,1048576,19,decrypt,1897100,0,0.0,0.0018971,552.725739286279
6ca05b01-d8f6-4feb-a3d4-4f4260a6cc3d,1048576:19:AES-128:decrypt,0,2,AES-128,software,CBC,1048576,19,decrypt,4660900,0,0.0,0.0046609,224.97285931901564
6ca05b01-d8f6-4feb-a3d4-4f4260a6cc3d,1048576:19:AES-128:encrypt,0,3,AES-128,aesni,CBC,1048576,19,encrypt,5041600,15625000,3.0992145350682323,0.0050416,207.98476674071722
6ca05b01-d8f6-4feb-a3d4-4f4260a6cc3d,1048576:19:AES-192:decrypt,1,0,AES-192,software,CBC,1048576,19,decrypt,5415800,0,0.0,0.0054158,193.61423981683222
6ca05b01-d8f6-4feb-a3d4-4f4260a6cc3d,1048576:19:AES-192:encrypt,1,1,AES-192,software,CBC,1048576,19,encrypt,16894000,31250000,1.8497691488102286,0.016894,62.06795311945069
6ca05b01-d8f6-4feb-a3d4-4f4260a6cc3d,1048576:19:AES-192:encrypt,1,2,AES-192,aesni,CBC,1048576,19,encrypt,2196400,0,0.0,0.0021964,477.40666545255874
6ca05b01-d8f6-4feb-a3d4-4f4260a6cc3d,1048576:19:AES-192:decrypt,1,3,AES-192,aesni,CBC,1048576,19,decrypt,2131000,0,0.0,0.002131,492.05818864382917
6ca05b01-d8f6-4feb-a3d4-4f4260a6cc3d,1048576:19:AES-256:decrypt,2,0,AES-256,software,CBC,1048576,19,decrypt,6238700,15625000,2.5045281869620273,0.0062387,168.07604148300126
6ca05b01-d8f6-4feb-a3d4-4f4260a6cc3d,1048576:19:AES-256:decrypt,2,1,AES-256,aesni,CBC,1048576,19,decrypt,2327300,0,0.0,0.0023273,450.55472006187426
6ca05b01-d8f6-4feb-a3d4-4f4260a6cc3d,1048576:19:AES-256:encrypt,2,2,AES-256,software,CBC,1048576,19,encrypt,6090300,0,0.0,0.0060903,172.17148580529695
6ca05b01-d8f6-4feb-a3d4-4f4260a6cc3d,1048576:19:AES-256:encrypt,2,3,AES-256,aesni,CBC,1048576,19,encrypt,2240900,0,0.0,0.0022409,467.9262796197956
6ca05b01-d8f6-4feb-a3d4-4f4260a6cc3d,10485760:0:AES-192:decrypt,0,0,AES-192,software,CBC,10485760,0,decrypt,60511800,62500000,1.0328564015613484,0.0605118,173.28454945977478
6ca05b01-d8f6-4feb-a3d4-4f4260a6cc3d,10485760:0:AES-192:decrypt,0,1,AES-192,aesni,CBC,10485760,0,decrypt,21198800,15625000,0.737070022831481,0.0211988,494.63931920674753
6ca05b01-d8f6-4feb-a3d4-4f4260a6cc3d,10485760:0:AES-192:encrypt,0,2,AES-192,software,CBC,10485760,0,encrypt,52656700,62500000,1.1869334766515942,0.0526567,199.13439315414752
6ca05b01-d8f6-4feb-a3d4-4f4260a6cc3d,10485760:0:AES-192:encrypt,0,3,AES-192,aesni,CBC,10485760,0,encrypt,20738900,15625000,0.7534150798740531,0.0207389,505.60830130816964
6ca05b01-d8f6-4feb-a3d4-4f4260a6cc3d,10485760:0:AES-256:encrypt,1,0,AES-256,software,CBC,10485760,0,encrypt,62399900,62500000,1.0016041692374507,0.0623999,168.04129493797265
6ca05b01-d8f6-4feb-a3d4-4f4260a6cc3d,10485760:0:AES-256:decrypt,1,1,AES-256,aesni,CBC,10485760,0,decrypt,23147600,31250000,1.3500319687570201,0.0231476,452.99555893483557
6ca05b01-d8f6-4feb-a3d4-4f4260a6cc3d,10485760:0:AES-256:decrypt,1,2,AES-256,software,CBC,10485760,0,decrypt,63327300,62500000,0.9869361239149624,0.0633273,165.5804052912409
6ca05b01-d8f6-4feb-a3d4-4f4260a6cc3d,10485760:0:AES-256:encrypt,1,3,AES-256,aesni,CBC,10485760,0,encrypt,22321200,31250000,1.400014336146802,0.0223212,469.76685841263014
6ca05b01-d8f6-4feb-a3d4-4f4260a6cc3d,10485760:0:AES-128:encrypt,2,0,AES-128,software,CBC,10485760,0,encrypt,45312700,46875000,1.0344781926479774,0.0453127,231.40885447126303
6ca05b01-d8f6-4feb-a3d4-4f4260a6cc3d,10485760:0:AES-128:decrypt,2,1,AES-128,software,CBC,10485760,0,decrypt,45453900,46875000,1.0312646439579443,0.0454539,230.68999579794033
6ca05b01-d8f6-4feb-a3d4-4f4260a6cc3d,10485760:0:AES-128:encrypt,2,2,AES-128,aesni,CBC,10485760,0,encrypt,18899200,15625000,0.8267545716220792,0.0188992,554.8256010836437
6ca05b01-d8f6-4feb-a3d4-4f4260a6cc3d,10485760:0:AES-128:decrypt,2,3,AES-128,aesni,CBC,10485760,0,decrypt,18697200,15625000,0.8356866268746123,0.0186972,560.819801895471
6ca05b01-d8f6-4feb-a3d4-4f4260a6cc3d,10485760:1:AES-192:encrypt,0,0,AES-192,aesni,CBC,10485760,1,encrypt,20066200,15625000,0.778672593714804,0.0200662,522.5583319213404
6ca05b01-d8f6-4feb-a3d4-4f4260a6cc3d,10485760:1:AES-192:encrypt,0,1,AES-192,software,CBC,10485760,1,encrypt,52084400,62500000,1.199975424503306,0.0520844,201.3224689158366
6ca05b01-d8f6-4feb-a3d4-4f4260a6cc3d,10485760:1:AES-192:decrypt,0,2,AES-192,aesni,CBC,10485760,1,decrypt,19345200,15625000,0.8076938982279842,0.0193452,542.0341996981164
6ca05b01-d8f6-4feb-a3d4-4f4260a6cc3d,10485760:1:AES-192:decrypt,0,3,AES-192,software,CBC,10485760,1,decrypt,53558500,46875000,0.8752112176405239,0.0535585,195.78143525304105
6ca05b01-d8f6-4feb-a3d4-4f4260a6cc3d,10485760:1:AES-256:encrypt,1,0,AES-256,software,CBC,10485760,1,encrypt,59414400,62500000,1.0519335379975225,0.0594144,176.48516184628642
6ca05b01-d8f6-4feb-a3d4-4f4260a6cc3d,10485760:1:AES-256:encrypt,1,1,AES-256,aesni,CBC,10485760,1,encrypt,22230200,31250000,1.4057453374238649,0.0222302,471.6898633390613
6ca05b01-d8f6-4feb-a3d4-4f4260a6cc3d,10485760:1:AES-256:decrypt,1,2,AES-256,software,CBC,10485760,1,decrypt,60272300,62500000,1.036960593838297,0.0602723,173.97311866313382
6ca05b01-d8f6-4feb-a3d4-4f4260a6cc3d,10485760:1:AES-256:decrypt,1,3,AES-256,aesni,CBC,10485760,1,decrypt,21424000,15625000,0.7293222554144885,0.021424,489.4398805078417
6ca05b01-d8f6-4feb-a3d4-4f4260a6cc3d,10485760:1:AES-128:encrypt,2,0,AES-128,software,CBC,10485760,1,encrypt,47662400,46875000,0.9834796401356205,0.0476624,220.00067138876767
6ca05b01-d8f6-4feb-a3d4-4f4260a6cc3d,10485760:1:AES-128:decrypt,2,1,AES-128,aesni,CBC,10485760,1,decrypt,18667200,31250000,1.6740593125910688,0.0186672,561.7210936830377
6ca05b01-d8f6-4feb-a3d4-4f4260a6cc3d,10485760:1:AES-128:decrypt,2,2,AES-128,software,CBC,10485760,1,decrypt,45299200,46875000,1.0347864862955638,0.0452992,231.47781859282284
6ca05b01-d8f6-4feb-a3d4-4f4260a6cc3d,10485760:1:AES-128:encrypt,2,3,AES-128,aesni,CBC,10485760,1,encrypt,19481200,15625000,0.8020553148676672,0.0194812,538.2502104593146
6ca05b01-d8f6-4feb-a3d4-4f4260a6cc3d,10485760:2:AES-256:encrypt,0,0,AES-256,aesni,CBC,10485760,2,encrypt,21687600,15625000,0.720457773105369,0.0216876,483.4910271307106
6ca05b01-d8f6-4feb-a3d4-4f4260a6cc3d,10485760:2:AES-256:encrypt,0,1,AES-256,software,CBC,10485760,2,encrypt,58677600,62500000,1.0651424052790162,0.0586776,178.70124204125594
6ca05b01-d8f6-4feb-a3d4-4f4260a6cc3d,10485760:2:AES-256:decrypt,0,2,AES-256,aesni,CBC,10485760,2,decrypt,22802900,31250000,1.3704397247718492,0.0228029,459.8432655495573
6ca05b01-d8f6-4feb-a3d4-4f4260a6cc3d,10485760:2:AES-256:decrypt,0,3,AES-256,software,CBC,10485760,2,decrypt,60517800,62500000,1.03275399964969,0.0605178,173.26736926986771
6ca05b01-d8f6-4feb-a3d4-4f4260a6cc3d,10485760:2:AES-128:decrypt,1,0,AES-128,software,CBC,10485760,2,decrypt,46326400,46875000,1.0118420598190232,0.0463264,226.34523727291565
6ca05b01-d8f6-4feb-a3d4-4f4260a6cc3d,10485760:2:AES-128:decrypt,1,1,AES-128,aesni,CBC,10485760,2,decrypt,17890000,15625000,0.873392956959195,0.01789,586.1240916713248
6ca05b01-d8f6-4feb-a3d4-4f4260a6cc3d,10485760:2:AES-128:encrypt,1,2,AES-128,aesni,CBC,10485760,2,encrypt,18676400,15625000,0.8366173352466214,0.0186764,561.4443897110792
6ca05b01-d8f6-4feb-a3d4-4f4260a6cc3d,10485760:2:AES-128:encrypt,1,3,AES-128,software,CBC,10485760,2,encrypt,45513100,46875000,1.0299232528656586,0.0455131,230.38993168999696
6ca05b01-d8f6-4feb-a3d4-4f4260a6cc3d,10485760:2:AES-192:decrypt,2,0,AES-192,aesni,CBC,10485760,2,decrypt,20229400,15625000,0.7723906789128694,0.0202294,518.3426102603142
6ca05b01-d8f6-4feb-a3d4-4f4260a6cc3d,10485760:2:AES-192:encrypt,2,1,AES-192,aesni,CBC,10485760,2,encrypt,19940700,31250000,1.5671465896382775,0.0199407,525.8471367604949
6ca05b01-d8f6-4feb-a3d4-4f4260a6cc3d,10485760:2:AES-192:encrypt,2,2,AES-192,software,CBC,10485760,2,encrypt,54510200,46875000,0.8599308019416549,0.0545102,192.36326412304487
6ca05b01-d8f6-4feb-a3d4-4f4260a6cc3d,10485760:2:AES-192:decrypt,2,3,AES-192,software,CBC,10485760,2,decrypt,51960700,62500000,1.2028321404446052,0.0519607,201.80174631981478
6ca05b01-d8f6-4feb-a3d4-4f4260a6cc3d,10485760:3:AES-256:decrypt,0,0,AES-256,aesni,CBC,10485760,3,decrypt,20889400,15625000,0.7479870173389375,0.0208894,501.96559020364396
6ca05b01-d8f6-4feb-a3d4-4f4260a6cc3d,10485760:3:AES-256:decrypt,0,1,AES-256,software,CBC,10485760,3,decrypt,61662100,62500000,1.0135885738565504,0.0616621,170.051944387233
6ca05b01-d8f6-4feb-a3d4-4f4260a6cc3d,10485760:3:AES-256:encrypt,0,2,AES-256,aesni,CBC,10485760,3,encrypt,22080600,15625000,0.7076347563019121,0.0220806,474.8856462233816
6ca05b01-d8f6-4feb-a3d4-4f4260a6cc3d,10485760:3:AES-256:encrypt,0,3,AES-256,software,CBC,10485760,3,encrypt,58076000,62500000,1.0761760451821751,0.058076,180.55237964047112
6ca05b01-d8f6-4feb-a3d4-4f4260a6cc3d,10485760:3:AES-128:decrypt,1,0,AES-128,aesni,CBC,10485760,3,decrypt,18311200,31250000,1.7066057931757612,0.0183112,572.6418803792214
6ca05b01-d8f6-4feb-a3d4-4f4260a6cc3d,10485760:3:AES-128:encrypt,1,1,AES-128,software,CBC,10485760,3,encrypt,47919200,46875000,0.9782091520726557,0.0479192,218.8216831666639
6ca05b01-d8f6-4feb-a3d4-4f4260a6cc3d,10485760:3:AES-128:encrypt,1,2,AES-128,aesni,CBC,10485760,3,encrypt,28384700,31250000,1.1009452275345522,0.0283847,369.41591773032656
6ca05b01-d8f6-4feb-a3d4-4f4260a6cc3d,10485760:3:AES-128:decrypt,1,3,AES-128,software,CBC,10485760,3,decrypt,46273600,46875000,1.0129966114588016,0.0462736,226.60350610283186
6ca05b01-d8f6-4feb-a3d4-4f4260a6cc3d,10485760:3:AES-192:encrypt,2,0,AES-192,aesni,CBC,10485760,3,encrypt,20827100,31250000,1.500448934321149,0.0208271,503.46711736151457
6ca05b01-d8f6-4feb-a3d4-4f4260a6cc3d,10485760:3:AES-192:decrypt,2,1,AES-192,aesni,CBC,10485760,3,decrypt,19584100,15625000,0.7978411057950072,0.0195841,535.4221026240675
6ca05b01-d8f6-4feb-a3d4-4f4260a6cc3d,10485760:3:AES-192:decrypt,2,2,AES-192,software,CBC,10485760,3,decrypt,52136500,46875000,0.899082216873016,0.0521365,201.12128738983245
6ca05b01-d8f6-4feb-a3d4-4f4260a6cc3d,10485760:3:AES-192:encrypt,2,3,AES-192,software,CBC,10485760,3,encrypt,51438600,46875000,0.9112806336097794,0.0514386,203.85002702250839
6ca05b01-d8f6-4feb-a3d4-4f4260a6cc3d,10485760:4:AES-128:encrypt,0,0,AES-128,aesni,CBC,10485760,4,encrypt,18396400,15625000,0.849350959970429,0.0183964,569.9897806092497
6ca05b01-d8f6-4feb-a3d4-4f4260a6cc3d,10485760:4:AES-128:decrypt,0,1,AES-128,aesni,CBC,10485760,4,decrypt,17978400,15625000,0.8690984737240244,0.0179784,583.2421127575312
6ca05b01-d8f6-4feb-a3d4-4f4260a6cc3d,10485760:4:AES-128:decrypt,0,2,AES-128,software,CBC,10485760,4,decrypt,45080600,46875000,1.0398042617001548,0.0450806,232.600275950187
6ca05b01-d8f6-4feb-a3d4-4f4260a6cc3d,10485760:4:AES-128:encrypt,0,3,AES-128,software,CBC,10485760,4,encrypt,45941400,46875000,1.0203215400488448,0.0459414,228.2420648913616
6ca05b01-d8f6-4feb-a3d4-4f4260a6cc3d,10485760:4:AES-192:decrypt,1,0,AES-192,aesni,CBC,10485760,4,decrypt,19210500,15625000,0.8133572785716144,0.0192105,545.834829910726
6ca05b01-d8f6-4feb-a3d4-4f4260a6cc3d,10485760:4:AES-192:encrypt,1,1,AES-192,software,CBC,10485760,4,encrypt,51666500,62500000,1.20968132155265,0.0516665,202.95084822854267
6ca05b01-d8f6-4feb-a3d4-4f4260a6cc3d,10485760:4:AES-192:decrypt,1,2,AES-192,software,CBC,10485760,4,decrypt,52718400,46875000,0.8891582445597742,0.0527184,198.90133236213543
6ca05b01-d8f6-4feb-a3d4-4f4260a6cc3d,10485760:4:AES-192:encrypt,1,3,AES-192,aesni,CBC,10485760,4,encrypt,21572600,31250000,1.4485968311654598,0.0215726,486.06843866756907
6ca05b01-d8f6-4feb-a3d4-4f4260a6cc3d,10485760:4:AES-256:encrypt,2,0,AES-256,aesni,CBC,10485760,4,encrypt,24892700,15625000,0.6276940629180442,0.0248927,421.23835501974474
6ca05b01-d8f6-4feb-a3d4-4f4260a6cc3d,10485760:4:AES-256:encrypt,2,1,AES-256,software,CBC,10485760,4,encrypt,74772500,62500000,0.835868802032833,0.0747725,140.23551439366076
6ca05b01-d8f6-4feb-a3d4-4f4260a6cc3d,10485760:4:AES-256:decrypt,2,2,AES-256,aesni,CBC,10485760,4,decrypt,22339100,31250000,1.3988925247659934,0.0223391,469.39044097568836
6ca05b01-d8f6-4feb-a3d4-4f4260a6cc3d,10485760:4:AES-256:decrypt,2,3,AES-256,software,CBC,10485760,4,decrypt,63818200,62500000,0.9793444503292165,0.0638182,164.30673381574536
6ca05b01-d8f6-4feb-a3d4-4f4260a6cc3d,10485760:5:AES-256:encrypt,0,0,AES-256,software,CBC,10485760,5,encrypt,61417500,62500000,1.0176252696706964,0.0614175,170.72918956323522
6ca05b01-d8f6-4feb-a3d4-4f4260a6cc3d,10485760:5:AES-256:decrypt,0,1,AES-256,software,CBC,10485760,5,decrypt,62125700,62500000,1.0060248818121968,0.0621257,168.78296743537697
6ca05b01-d8f6-4feb-a3d4-4f4260a6cc3d,10485760:5:AES-256:encrypt,0,2,AES-256,aesni,CBC,10485760,5,encrypt,23563500,31250000,1.3262036624440343,0.0235635,445.000106096293
6ca05b01-d8f6-4feb-a3d4-4f4260a6cc3d,10485760:5:AES-256:decrypt,0,3,AES-256,aesni,CBC,10485760,5,decrypt,22159700,15625000,0.7051088236754107,0.0221597,473.1905215323312
6ca05b01-d8f6-4feb-a3d4-4f4260a6cc3d,10485760:5:AES-128:encrypt,1,0,AES-128,software,CBC,10485760,5,encrypt,48617300,62500000,1.285550616755764,0.0486173,215.6796037624467
6ca05b01-d8f6-4feb-a3d4-4f4260a6cc3d,10485760:5:AES-128:decrypt,1,1,AES-128,aesni,CBC,10485760,5,decrypt,20699700,15625000,0.7548418576114629,0.0206997,506.56579563955034
6ca05b01-d8f6-4feb-a3d4-4f4260a6cc3d,10485760:5:AES-128:decrypt,1,2,AES-128,software,CBC,10485760,5,decrypt,47426200,46875000,0.988377732139619,0.0474262,221.0963560226204
6ca05b01-d8f6-4feb-a3d4-4f4260a6cc3d,10485760:5:AES-128:encrypt,1,3,AES-128,aesni,CBC,10485760,5,encrypt,19421400,15625000,0.8045249055165951,0.0194214,539.9075246892603
6ca05b01-d8f6-4feb-a3d4-4f4260a6cc3d,10485760:5:AES-192:decrypt,2,0,AES-192,software,CBC,10485760,5,decrypt,54420400,62500000,1.148466383929556,0.0544204,192.68068591925086
6ca05b01-d8f6-4feb-a3d4-4f4260a6cc3d,10485760:5:AES-192:encrypt,2,1,AES-192,software,CBC,10485760,5,encrypt,52347900,46875000,0.8954513934656405,0.0523479,200.3090859423205
6ca05b01-d8f6-4feb-a3d4-4f4260a6cc3d,10485760:5:AES-192:decrypt,2,2,AES-192,aesni,CBC,10485760,5,decrypt,19894100,15625000,0.7854087392744583,0.0198941,527.0788826838108
6ca05b01-d8f6-4feb-a3d4-4f4260a6cc3d,10485760:5:AES-192:encrypt,2,3,AES-192,aesni,CBC,10485760,5,encrypt,20718100,15625000,0.7541714732528562,0.0207181,506.11590831205564
6ca05b01-d8f6-4feb-a3d4-4f4260a6cc3d,10485760:6:AES-128:decrypt,0,0,AES-128,software,CBC,10485760,6,decrypt,47359900,46875000,0.9897613804083201,0.0473599,221.40587290091406
6ca05b01-d8f6-4feb-a3d4-4f4260a6cc3d,10485760:6:AES-128:encrypt,0,1,AES-128,aesni,CBC,10485760,6,encrypt,20200200,15625000,0.7735071929980891,0.0202002,519.0918901793052
6ca05b01-d8f6-4feb-a3d4-4f4260a6cc3d,10485760:6:AES-128:decrypt,0,2,AES-128,aesni,CBC,10485760,6,decrypt,19638000,15625000,0.795651288318566,0.019638,533.9525409919544
6ca05b01-d8f6-4feb-a3d4-4f4260a6cc3d,10485760:6:AES-128:encrypt,0,3,AES-128,software,CBC,10485760,6,encrypt,50873600,46875000,0.9214012768901748,0.0508736,206.11397660083028
6ca05b01-d8f6-4feb-a3d4-4f4260a6cc3d,10485760:6:AES-192:encrypt,1,0,AES-192,software,CBC,10485760,6,encrypt,56938100,46875000,0.8232624551925688,0.0569381,184.16069380608064
6ca05b01-d8f6-4feb-a3d4-4f4260a6cc3d,10485760:6:AES-192:decrypt,1,1,AES-192,software,CBC,10485760,6,decrypt,54815600,46875000,0.8551397777275083,0.0548156,191.29153014835194
6ca05b01-d8f6-4feb-a3d4-4f4260a6cc3d,10485760:6:AES-192:encrypt,1,2,AES-192,aesni,CBC,10485760,6,encrypt,22499000,31250000,1.3889506200275568,0.022499,466.0544913107249
6ca05b01-d8f6-4feb-a3d4-4f4260a6cc3d,10485760:6:AES-192:decrypt,1,3,AES-192,aesni,CBC,10485760,6,decrypt,21488700,15625000,0.7271263501282069,0.0214887,487.9662334157022
6ca05b01-d8f6-4feb-a3d4-4f4260a6cc3d,10485760:6:AES-256:decrypt,2,0,AES-256,aesni,CBC,10485760,6,decrypt,22793600,31250000,1.3709988768777202,0.0227936,460.0308858626983
6ca05b01-d8f6-4feb-a3d4-4f4260a6cc3d,10485760:6:AES-256:encrypt,2,1,AES-256,software,CBC,10485760,6,encrypt,61971400,62500000,1.0085297411386542,0.0619714,169.2032130950729
6ca05b01-d8f6-4feb-a3d4-4f4260a6cc3d,10485760:6:AES-256:decrypt,2,2,AES-256,software,CBC,10485760,6,decrypt,63429200,62500000,0.985350595624728,0.0634292,165.31439778524717
6ca05b01-d8f6-4feb-a3d4-4f4260a6cc3d,10485760:6:AES-256:encrypt,2,3,AES-256,aesni,CBC,10485760,6,encrypt,22970700,31250000,1.3604287200651264,0.0229707,456.4841297827232
6ca05b01-d8f6-4feb-a3d4-4f4260a6cc3d,10485760:7:AES-192:decrypt,0,0,AES-192,software,CBC,10485760,7,decrypt,55460500,62500000,1.1269281741058952,0.0554605,189.0671739346021
6ca05b01-d8f6-4feb-a3d4-4f4260a6cc3d,10485760:7:AES-192:encrypt,0,1,AES-192,aesni,CBC,10485760,7,encrypt,20743600,15625000,0.7532443741684182,0.0207436,505.4937426483349
6ca05b01-d8f6-4feb-a3d4-4f4260a6cc3d,10485760:7:AES-192:decrypt,0,2,AES-192,aesni,CBC,10485760,7,decrypt,19816900,15625000,0.7884684284625749,0.0198169,529.1322053398867
6ca05b01-d8f6-4feb-a3d4-4f4260a6cc3d,10485760:7:AES-192:encrypt,0,3,AES-192,software,CBC,10485760,7,encrypt,52804600,46875000,0.8877067528207769,0.0528046,198.57663915643712
6ca05b01-d8f6-4feb-a3d4-4f4260a6cc3d,10485760:7:AES-128:decrypt,1,0,AES-128,aesni,CBC,10485760,7,decrypt,19247400,15625000,0.8117979571266768,0.0192474,544.7883870029199
6ca05b01-d8f6-4feb-a3d4-4f4260a6cc3d,10485760:7:AES-128:decrypt,1,1,AES-128,software,CBC,10485760,7,decrypt,47195100,46875000,0.9932175162252014,0.0471951,222.1789973959161
6ca05b01-d8f6-4feb-a3d4-4f4260a6cc3d,10485760:7:AES-128:encrypt,1,2,AES-128,software,CBC,10485760,7,encrypt,47147500,46875000,0.994220266185906,0.0471475,222.40330876504586
6ca05b01-d8f6-4feb-a3d4-4f4260a6cc3d,10485760:7:AES-128:encrypt,1,3,AES-128,aesni,CBC,10485760,7,encrypt,19864600,15625000,0.7865751135185204,0.0198646,527.8616231889895
6ca05b01-d8f6-4feb-a3d4-4f4260a6cc3d,10485760:7:AES-256:encrypt,2,0,AES-256,aesni,CBC,10485760,7,encrypt,21875900,15625000,0.7142563277396587,0.0218759,479.32930759420185
6ca05b01-d8f6-4feb-a3d4-4f4260a6cc3d,10485760:7:AES-256:encrypt,2,1,AES-256,software,CBC,10485760,7,encrypt,61685200,62500000,1.0132090031320318,0.0616852,169.98826298690773
6ca05b01-d8f6-4feb-a3d4-4f4260a6cc3d,10485760:7:AES-256:decrypt,2,2,AES-256,aesni,CBC,10485760,7,decrypt,22878800,31250000,1.3658933160830113,0.0228788,458.3177439376191
6ca05b01-d8f6-4feb-a3d4-4f4260a6cc3d,10485760:7:AES-256:decrypt,2,3,AES-256,software,CBC,10485760,7,decrypt,63756200,62500000,0.9802968181917994,0.0637562,164.4665146291655
6ca05b01-d8f6-4feb-a3d4-4f4260a6cc3d,10485760:8:AES-256:encrypt,0,0,AES-256,software,CBC,10485760,8,encrypt,60362600,62500000,1.035409342871248,0.0603626,173.7128619376899
6ca05b01-d8f6-4feb-a3d4-4f4260a6cc3d,10485760:8:AES-256:decrypt,0,1,AES-256,software,CBC,10485760,8,decrypt,60317100,62500000,1.0361904004005498,0.0603171,173.8439016464651
6ca05b01-d8f6-4feb-a3d4-4f4260a6cc3d,10485760:8:AES-256:decrypt,0,2,AES-256,aesni,CBC,10485760,8,decrypt,21518200,15625000,0.7261295089737989,0.0215182,487.2972646410945
6ca05b01-d8f6-4feb-a3d4-4f4260a6cc3d,10485760:8:AES-256:encrypt,0,3,AES-256,aesni,CBC,10485760,8,encrypt,24068800,31250000,1.29836136408961,0.0240688,435.65778102772055
6ca05b01-d8f6-4feb-a3d4-4f4260a6cc3d,10485760:8:AES-128:encrypt,1,0,AES-128,software,CBC,10485760,8,encrypt,45862200,46875000,1.0220835459267108,0.0458622,228.63621893411133
6ca05b01-d8f6-4feb-a3d4-4f4260a6cc3d,10485760:8:AES-128:decrypt,1,1,AES-128,software,CBC,10485760,8,decrypt,46478300,46875000,1.0085351658731063,0.0464783,225.60549761931912
6ca05b01-d8f6-4feb-a3d4-4f4260a6cc3d,10485760:8:AES-128:encrypt,1,2,AES-128,aesni,CBC,10485760,8,encrypt,19907700,15625000,0.7848721851343953,0.0199077,526.7188072956695
6ca05b01-d8f6-4feb-a3d4-4f4260a6cc3d,10485760:8:AES-128:decrypt,1,3,AES-128,aesni,CBC,10485760,8,decrypt,19381400,31250000,1.6123706233811799,0.0193814,541.0218044104141
6ca05b01-d8f6-4feb-a3d4-4f4260a6cc3d,10485760:8:AES-192:encrypt,2,0,AES-192,aesni,CBC,10485760,8,encrypt,19838500,15625000,0.7876099503490688,0.0198385,528.556090430224
6ca05b01-d8f6-4feb-a3d4-4f4260a6cc3d,10485760:8:AES-192:decrypt,2,1,AES-192,aesni,CBC,10485760,8,decrypt,19127300,15625000,0.816895223058142,0.0191273,548.2091042645852
6ca05b01-d8f6-4feb-a3d4-4f4260a6cc3d,10485760:8:AES-192:encrypt,2,2,AES-192,software,CBC,10485760,8,encrypt,50630800,46875000,0.9258198566880239,0.0506308,207.1023961699203
6ca05b01-d8f6-4feb-a3d4-4f4260a6cc3d,10485760:8:AES-192:decrypt,2,3,AES-192,software,CBC,10485760,8,decrypt,52032000,62500000,1.2011838868388685,0.052032,201.52521525215252
6ca05b01-d8f6-4feb-a3d4-4f4260a6cc3d,10485760:9:AES-128:encrypt,0,0,AES-128,software,CBC,10485760,9,encrypt,44697700,31250000,0.6991411191179859,0.0446977,234.59283139848358
6ca05b01-d8f6-4feb-a3d4-4f4260a6cc3d,10485760:9:AES-128:decrypt,0,1,AES-128,aesni,CBC,10485760,9,decrypt,17924400,15625000,0.8717167659726407,0.0179244,584.9992189417777
6ca05b01-d8f6-4feb-a3d4-4f4260a6cc3d,10485760:9:AES-128:encrypt,0,2,AES-128,aesni,CBC,10485760,9,encrypt,19175800,15625000,0.8148291075209378,0.0191758,546.82255759864
6ca05b01-d8f6-4feb-a3d4-4f4260a6cc3d,10485760:9:AES-128:decrypt,0,3,AES-128,software,CBC,10485760,9,decrypt,45279100,46875000,1.035245841900568,0.0452791,231.58057470223568
6ca05b01-d8f6-4feb-a3d4-4f4260a6cc3d,10485760:9:AES-256:encrypt,1,0,AES-256,software,CBC,10485760,9,encrypt,59731600,62500000,1.0463473270429722,0.0597316,175.54795116822586
6ca05b01-d8f6-4feb-a3d4-4f4260a6cc3d,10485760:9:AES-256:decrypt,1,1,AES-256,software,CBC,10485760,9,decrypt,61389400,62500000,1.0180910710969646,0.0613894,170.8073380746513
6ca05b01-d8f6-4feb-a3d4-4f4260a6cc3d,10485760:9:AES-256:encrypt,1,2,AES-256,aesni,CBC,10485760,9,encrypt,21817900,15625000,0.7161550836698307,0.0218179,480.60354112907294
6ca05b01-d8f6-4feb-a3d4-4f4260a6cc3d,10485760:9:AES-256:decrypt,1,3,AES-256,aesni,CBC,10485760,9,decrypt,21455900,31250000,1.4564758411439278,0.0214559,488.7121957130673
6ca05b01-d8f6-4feb-a3d4-4f4260a6cc3d,10485760:9:AES-192:decrypt,2,0,AES-192,software,CBC,10485760,9,decrypt,53694400,62500000,1.1639947555052297,0.0536944,195.28591435978427
6ca05b01-d8f6-4feb-a3d4-4f4260a6cc3d,10485760:9:AES-192:encrypt,2,1,AES-192,aesni,CBC,10485760,9,encrypt,20633500,15625000,0.7572636731528825,0.0206335,508.1910485375724
6ca05b01-d8f6-4feb-a3d4-4f4260a6cc3d,10485760:9:AES-192:decrypt,2,2,AES-192,aesni,CBC,10485760,9,decrypt,19597000,31250000,1.5946318314027657,0.019597,535.0696535183956
6ca05b01-d8f6-4feb-a3d4-4f4260a6cc3d,10485760:9:AES-192:encrypt,2,3,AES-192,software,CBC,10485760,9,encrypt,51281400,46875000,0.914074108741181,0.0512814,204.47491683144375
6ca05b01-d8f6-4feb-a3d4-4f4260a6cc3d,10485760:10:AES-192:encrypt,0,0,AES-192,aesni,CBC,10485760,10,encrypt,20924100,15625000,0.7467465745241133,0.0209241,501.13314312204585
6ca05b01-d8f6-4feb-a3d4-4f4260a6cc3d,10485760:10:AES-192:decrypt,0,1,AES-192,aesni,CBC,10485760,10,decrypt,21794700,15625000,0.7169174157019826,0.0217947,481.11513349575813
6ca05b01-d8f6-4feb-a3d4-4f4260a6cc3d,10485760:10:AES-192:encrypt,0,2,AES-192,software,CBC,10485760,10,encrypt,55156600,46875000,0.8498529641058369,0.0551566,190.10888996058495
6ca05b01-d8f6-4feb-a3d4-4f4260a6cc3d,10485760:10:AES-192:decrypt,0,3,AES-192,software,CBC,10485760,10,decrypt,52472800,62500000,1.19109329023799,0.0524728,199.8322940647345
6ca05b01-d8f6-4feb-a3d4-4f4260a6cc3d,10485760:10:AES-256:encrypt,1,0,AES-256,software,CBC,10485760,10,encrypt,57681700,62500000,1.0835325588531544,0.0576817,181.78659782912084
6ca05b01-d8f6-4feb-a3d4-4f4260a6cc3d,10485760:10:AES-256:decrypt,1,1,AES-256,aesni,CBC,10485760,10,decrypt,20570600,31250000,1.5191584105470914,0.0205706,509.74497583930463
6ca05b01-d8f6-4feb-a3d4-4f4260a6cc3d,10485760:10:AES-256:decrypt,1,2,AES-256,software,CBC,10485760,10,decrypt,58438100,62500000,1.0695077355355496,0.0584381,179.4336229275079
6ca05b01-d8f6-4feb-a3d4-4f4260a6cc3d,10485760:10:AES-256:encrypt,1,3,AES-256,aesni,CBC,10485760,10,encrypt,20705600,15625000,0.7546267676377405,0.0207056,506.4214512016073
6ca05b01-d8f6-4feb-a3d4-4f4260a6cc3d,10485760:10:AES-128:decrypt,2,0,AES-128,software,CBC,10485760,10,decrypt,46691100,46875000,1.003938652119997,0.0466911,224.577274898214
6ca05b01-d8f6-4feb-a3d4-4f4260a6cc3d,10485760:10:AES-128:decrypt,2,1,AES-128,aesni,CBC,10485760,10,decrypt,18408100,15625000,0.8488111211912147,0.0184081,569.6275009370875
6ca05b01-d8f6-4feb-a3d4-4f4260a6cc3d,10485760:10:AES-128:encrypt,2,2,AES-128,aesni,CBC,10485760,10,encrypt,21351700,31250000,1.463583695911801,0.0213517,491.09719600781204
6ca05b01-d8f6-4feb-a3d4-4f4260a6cc3d,10485760:10:AES-128:encrypt,2,3,AES-128,software,CBC,10485760,10,encrypt,50324300,46875000,0.9314585597812588,0.0503243,208.36375269998788
6ca05b01-d8f6-4feb-a3d4-4f4260a6cc3d,10485760:11:AES-192:decrypt,0,0,AES-192,aesni,CBC,10485760,11,decrypt,19966800,15625000,0.7825490313921108,0.0199668,525.159765210249
6ca05b01-d8f6-4feb-a3d4-4f4260a6cc3d,10485760:11:AES-192:encrypt,0,1,AES-192,software,CBC,10485760,11,encrypt,52856800,46875000,0.8868300767356329,0.0528568,198.3805300358705
6ca05b01-d8f6-4feb-a3d4-4f4260a6cc3d,10485760:11:AES-192:decrypt,0,2,AES-192,software,CBC,10485760,11,decrypt,52363700,46875000,0.8951812037728426,0.0523637,200.24864553115995
6ca05b01-d8f6-4feb-a3d4-4f4260a6cc3d,10485760:11:AES-192:encrypt,0,3,AES-192,aesni,CBC,10485760,11,encrypt,21179900,15625000,0.7377277513113849,0.0211799,495.0807133178155
6ca05b01-d8f6-4feb-a3d4-4f4260a6cc3d,10485760:11:AES-256:decrypt,1,0,AES-256,aesni,CBC,10485760,11,decrypt,21103200,31250000,1.4808180749838886,0.0211032,496.8800940141779
6ca05b01-d8f6-4feb-a3d4-4f4260a6cc3d,10485760:11:AES-256:encrypt,1,1,AES-256,software,CBC,10485760,11,encrypt,58081100,46875000,0.8070611610317298,0.0580811,180.53652565120152
6ca05b01-d8f6-4feb-a3d4-4f4260a6cc3d,10485760:11:AES-256:encrypt,1,2,AES-256,aesni,CBC,10485760,11,encrypt,21768500,15625000,0.7177802788432828,0.0217685,481.6941911477594
6ca05b01-d8f6-4feb-a3d4-4f4260a6cc3d,10485760:11:AES-256:decrypt,1,3,AES-256,software,CBC,10485760,11,decrypt,61953500,62500000,1.0088211319780158,0.0619535,169.2521003655968
6ca05b01-d8f6-4feb-a3d4-4f4260a6cc3d,10485760:11:AES-128:decrypt,2,0,AES-128,aesni,CBC,10485760,11,decrypt,18527600,15625000,0.8433364278157991,0.0185276,565.9534964053628
6ca05b01-d8f6-4feb-a3d4-4f4260a6cc3d,10485760:11:AES-128:decrypt,2,1,AES-128,software,CBC,10485760,11,decrypt,45904100,46875000,1.0211506161758972,0.0459041,228.42752608154828
6ca05b01-d8f6-4feb-a3d4-4f4260a6cc3d,10485760:11:AES-128:encrypt,2,2,AES-128,aesni,CBC,10485760,11,encrypt,18895300,15625000,0.8269252142067075,0.0188953,554.9401173836881
6ca05b01-d8f6-4feb-a3d4-4f4260a6cc3d,10485760:11:AES-128:encrypt,2,3,AES-128,software,CBC,10485760,11,encrypt,49883100,46875000,0.9396970116131516,0.0498831,210.20666317851135
6ca05b01-d8f6-4feb-a3d4-4f4260a6cc3d,10485760:12:AES-256:decrypt,0,0,AES-256,aesni,CBC,10485760,12,decrypt,21185000,15625000,0.737550153410432,0.021185,494.9615293839981
6ca05b01-d8f6-4feb-a3d4-4f4260a6cc3d,10485760:12:AES-256:decrypt,0,1,AES-256,software,CBC,10485760,12,decrypt,58885700,46875000,0.7960336720120504,0.0588857,178.06971811492434
6ca05b01-d8f6-4feb-a3d4-4f4260a6cc3d,10485760:12:AES-256:encrypt,0,2,AES-256,software,CBC,10485760,12,encrypt,57278600,62500000,1.0911579542796088,0.0572786,183.06592689067122
6ca05b01-d8f6-4feb-a3d4-4f4260a6cc3d,10485760:12:AES-256:encrypt,0,3,AES-256,aesni,CBC,10485760,12,encrypt,20291000,31250000,1.5400916662559756,0.020291,516.7690108915283
6ca05b01-d8f6-4feb-a3d4-4f4260a6cc3d,10485760:12:AES-192:encrypt,1,0,AES-192,aesni,CBC,10485760,12,encrypt,19313500,15625000,0.8090195976907345,0.0193135,542.9238615476221
6ca05b01-d8f6-4feb-a3d4-4f4260a6cc3d,10485760:12:AES-192:decrypt,1,1,AES-192,aesni,CBC,10485760,12,decrypt,21017000,31250000,1.4868915639720226,0.021017,498.9180187467288
6ca05b01-d8f6-4feb-a3d4-4f4260a6cc3d,10485760:12:AES-192:decrypt,1,2,AES-192,software,CBC,10485760,12,decrypt,52847800,46875000,0.8869811042276121,0.0528478,198.41431431393548
6ca05b01-d8f6-4feb-a3d4-4f4260a6cc3d,10485760:12:AES-192:encrypt,1,3,AES-192,software,CBC,10485760,12,encrypt,50990000,46875000,0.9192979015493234,0.05099,205.6434595018631
6ca05b01-d8f6-4feb-a3d4-4f4260a6cc3d,10485760:12:AES-128:encrypt,2,0,AES-128,software,CBC,10485760,12,encrypt,47888000,46875000,0.9788464751085867,0.047888,218.96424991647177
6ca05b01-d8f6-4feb-a3d4-4f4260a6cc3d,10485760:12:AES-128:decrypt,2,1,AES-128,aesni,CBC,10485760,12,decrypt,18432200,15625000,0.847701305324378,0.0184322,568.8827161163616
6ca05b01-d8f6-4feb-a3d4-4f4260a6cc3d,10485760:12:AES-128:encrypt,2,2,AES-128,aesni,CBC,10485760,12,encrypt,19540600,15625000,0.799617207250545,0.0195406,536.6140241343664
6ca05b01-d8f6-4feb-a3d4-4f4260a6cc3d,10485760:12:AES-128:decrypt,2,3,AES-128,software,CBC,10485760,12,decrypt,62564500,62500000,0.9989690639260284,0.0625645,167.59919762804785
6ca05b01-d8f6-4feb-a3d4-4f4260a6cc3d,10485760:13:AES-192:encrypt,0,0,AES-192,software,CBC,10485760,13,encrypt,52272100,46875000,0.8967498914334798,0.0522721,200.5995550207472
6ca05b01-d8f6-4feb-a3d4-4f4260a6cc3d,10485760:13:AES-192:encrypt,0,1,AES-192,aesni,CBC,10485760,13,encrypt,21560700,15625000,0.7246981777029503,0.0215607,486.3367144851512
6ca05b01-d8f6-4feb-a3d4-4f4260a6cc3d,10485760:13:AES-192:decrypt,0,2,AES-192,software,CBC,10485760,13,decrypt,53854200,46875000,0.87040565081275,0.0538542,194.70644815074775
6ca05b01-d8f6-4feb-a3d4-4f4260a6cc3d,10485760:13:AES-192:decrypt,0,3,AES-192,aesni,CBC,10485760,13,decrypt,21058100,15625000,0.7419947668593083,0.0210581,497.94425897873026
6ca05b01-d8f6-4feb-a3d4-4f4260a6cc3d,10485760:13:AES-128:encrypt,1,0,AES-128,software,CBC,10485760,13,encrypt,45771600,46875000,1.0241066512859502,0.0457716,229.08877994214754
6ca05b01-d8f6-4feb-a3d4-4f4260a6cc3d,10485760:13:AES-128:encrypt,1,1,AES-128,aesni,CBC,10485760,13,encrypt,18868100,15625000,0.8281172985091239,0.0188681,555.7401116169619
6ca05b01-d8f6-4feb-a3d4-4f4260a6cc3d,10485760:13:AES-128:decrypt,1,2,AES-128,aesni,CBC,10485760,13,decrypt,17672400,31250000,1.768294063058781,0.0176724,593.3410289490957
6ca05b01-d8f6-4feb-a3d4-4f4260a6cc3d,10485760:13:AES-128:decrypt,1,3,AES-128,software,CBC,10485760,13,decrypt,45654000,46875000,1.0267446444999342,0.045654,229.6788890349148
6ca05b01-d8f6-4feb-a3d4-4f4260a6cc3d,10485760:13:AES-256:decrypt,2,0,AES-256,software,CBC,10485760,13,decrypt,114704700,93750000,0.8173161169507439,0.1147047,91.41526022909262
6ca05b01-d8f6-4feb-a3d4-4f4260a6cc3d,10485760:13:AES-256:encrypt,2,1,AES-256,software,CBC,10485760,13,encrypt,116567400,109375000,0.9382983578599162,0.1165674,89.9544812700635
6ca05b01-d8f6-4feb-a3d4-4f4260a6cc3d,10485760:13:AES-256:encrypt,2,2,AES-256,aesni,CBC,10485760,13,encrypt,41581500,15625000,0.37576806993494705,0.0415815,252.17368300806848
6ca05b01-d8f6-4feb-a3d4-4f4260a6cc3d,10485760:13:AES-256:decrypt,2,3,AES-256,aesni,CBC,10485760,13,decrypt,24327500,15625000,0.64227725824684,0.0243275,431.02497173980066
6ca05b01-d8f6-4feb-a3d4-4f4260a6cc3d,10485760:14:AES-128:decrypt,0,0,AES-128,aesni,CBC,10485760,14,decrypt,19391500,31250000,1.6115308253616276,0.0193915,540.740014955006
6ca05b01-d8f6-4feb-a3d4-4f4260a6cc3d,10485760:14:AES-128:encrypt,0,1,AES-128,aesni,CBC,10485760,14,encrypt,19928000,15625000,0.7840726615816941,0.019928,526.1822561220393
6ca05b01-d8f6-4feb-a3d4-4f4260a6cc3d,10485760:14:AES-128:encrypt,0,2,AES-128,software,CBC,10485760,14,encrypt,55202200,62500000,1.1322012528486183,0.0552022,189.95184974511886
6ca05b01-d8f6-4feb-a3d4-4f4260a6cc3d,10485760:14:AES-128:decrypt,0,3,AES-128,software,CBC,10485760,14,decrypt,49238900,46875000,0.9519912102016901,0.0492389,212.95682884873546
6ca05b01-d8f6-4feb-a3d4-4f4260a6cc3d,10485760:14:AES-256:encrypt,1,0,AES-256,software,CBC,10485760,14,encrypt,58793700,62500000,1.063039067110932,0.0587937,178.34836045358603
6ca05b01-d8f6-4feb-a3d4-4f4260a6cc3d,10485760:14:AES-256:decrypt,1,1,AES-256,software,CBC,10485760,14,decrypt,62290900,62500000,1.0033568306124971,0.0622909,168.33534272261278
6ca05b01-d8f6-4feb-a3d4-4f4260a6cc3d,10485760:14:AES-256:decrypt,1,2,AES-256,aesni,CBC,10485760,14,decrypt,21045600,15625000,0.7424354734481317,0.0210456,498.2400121640628
6ca05b01-d8f6-4feb-a3d4-4f4260a6cc3d,10485760:14:AES-256:encrypt,1,3,AES-256,aesni,CBC,10485760,14,encrypt,21930900,31250000,1.4249301214268453,0.0219309,478.1272086416882
6ca05b01-d8f6-4feb-a3d4-4f4260a6cc3d,10485760:14:AES-192:encrypt,2,0,AES-192,software,CBC,10485760,14,encrypt,53569000,62500000,1.1667195579532939,0.053569,195.7430603520693
6ca05b01-d8f6-4feb-a3d4-4f4260a6cc3d,10485760:14:AES-192:encrypt,2,1,AES-192,aesni,CBC,10485760,14,encrypt,19970000,15625000,0.7824236354531797,0.01997,525.0756134201301
6ca05b01-d8f6-4feb-a3d4-4f4260a6cc3d,10485760:14:AES-192:decrypt,2,2,AES-192,software,CBC,10485760,14,decrypt,52452800,62500000,1.1915474483726323,0.0524528,199.908489155965
6ca05b01-d8f6-4feb-a3d4-4f4260a6cc3d,10485760:14:AES-192:decrypt,2,3,AES-192,aesni,CBC,10485760,14,decrypt,19662600,15625000,0.7946558440897948,0.0196626,533.2845096782725
6ca05b01-d8f6-4feb-a3d4-4f4260a6cc3d,10485760:15:AES-192:decrypt,0,0,AES-192,software,CBC,10485760,15,decrypt,113855200,78125000,0.6861785847286729,0.1138552,92.09733064453798
6ca05b01-d8f6-4feb-a3d4-4f4260a6cc3d,10485760:15:AES-192:encrypt,0,1,AES-192,aesni,CBC,10485760,15,encrypt,30707200,31250000,1.0176766360983742,0.0307072,341.4756148395165
6ca05b01-d8f6-4feb-a3d4-4f4260a6cc3d,10485760:15:AES-192:decrypt,0,2,AES-192,aesni,CBC,10485760,15,decrypt,45438400,31250000,0.6877442867706609,0.0454384,230.76868903834642
6ca05b01-d8f6-4feb-a3d4-4f4260a6cc3d,10485760:15:AES-192:encrypt,0,3,AES-192,software,CBC,10485760,15,encrypt,65833300,78125000,1.1867094616250438,0.0658333,159.2774477354166
6ca05b01-d8f6-4feb-a3d4-4f4260a6cc3d,10485760:15:AES-128:decrypt,1,0,AES-128,software,CBC,10485760,15,decrypt,50800000,46875000,0.922736220472441,0.0508,206.41259842519685
6ca05b01-d8f6-4feb-a3d4-4f4260a6cc3d,10485760:15:AES-128:encrypt,1,1,AES-128,aesni,CBC,10485760,15,encrypt,19244100,31250000,1.6238743303142262,0.0192441,544.8818079307424
6ca05b01-d8f6-4feb-a3d4-4f4260a6cc3d,10485760:15:AES-128:decrypt,1,2,AES-128,aesni,CBC,10485760,15,decrypt,19061900,15625000,0.819697931475876,0.0190619,550.0899700449588
6ca05b01-d8f6-4feb-a3d4-4f4260a6cc3d,10485760:15:AES-128:encrypt,1,3,AES-128,software,CBC,10485760,15,encrypt,48949500,46875000,0.9576195875340913,0.0489495,214.21587554520474
6ca05b01-d8f6-4feb-a3d4-4f4260a6cc3d,10485760:15:AES-256:decrypt,2,0,AES-256,aesni,CBC,10485760,15,decrypt,21469200,31250000,1.455573565852477,0.0214692,488.4094423639446
6ca05b01-d8f6-4feb-a3d4-4f4260a6cc3d,10485760:15:AES-256:encrypt,2,1,AES-256,software,CBC,10485760,15,encrypt,60198500,62500000,1.0382318496308047,0.0601985,174.1863999933553
6ca05b01-d8f6-4feb-a3d4-4f4260a6cc3d,10485760:15:AES-256:encrypt,2,2,AES-256,aesni,CBC,10485760,15,encrypt,24319800,15625000,0.6424806125050371,0.0243198,431.1614404723723
6ca05b01-d8f6-4feb-a3d4-4f4260a6cc3d,10485760:15:AES-256:decrypt,2,3,AES-256,software,CBC,10485760,15,decrypt,64692600,78125000,1.2076342580140542,0.0646926,162.08592636561215
6ca05b01-d8f6-4feb-a3d4-4f4260a6cc3d,10485760:16:AES-192:encrypt,0,0,AES-192,software,CBC,10485760,16,encrypt,56292200,62500000,1.1102781557658077,0.0562922,186.27376439364602
6ca05b01-d8f6-4feb-a3d4-4f4260a6cc3d,10485760:16:AES-192:encrypt,0,1,AES-192,aesni,CBC,10485760,16,encrypt,21797100,31250000,1.4336769570263934,0.0217971,481.0621596450904
6ca05b01-d8f6-4feb-a3d4-4f4260a6cc3d,10485760:16:AES-192:decrypt,0,2,AES-192,software,CBC,10485760,16,decrypt,53842000,46875000,0.8706028750789346,0.053842,194.75056647227072
6ca05b01-d8f6-4feb-a3d4-4f4260a6cc3d,10485760:16:AES-192:decrypt,0,3,AES-192,aesni,CBC,10485760,16,decrypt,26101500,31250000,1.1972492002375343,0.0261015,401.73016876424725
6ca05b01-d8f6-4feb-a3d4-4f4260a6cc3d,10485760:16:AES-128:decrypt,1,0,AES-128,aesni,CBC,10485760,16,decrypt,18863700,15625000,0.8283104587117055,0.0188637,555.8697392346146
6ca05b01-d8f6-4feb-a3d4-4f4260a6cc3d,10485760:16:AES-128:encrypt,1,1,AES-128,aesni,CBC,10485760,16,encrypt,18858000,15625000,0.8285608229928942,0.018858,556.0377558595821
6ca05b01-d8f6-4feb-a3d4-4f4260a6cc3d,10485760:16:AES-128:decrypt,1,2,AES-128,software,CBC,10485760,16,decrypt,46168600,46875000,1.0153004422919474,0.0461686,227.11886433636715
6ca05b01-d8f6-4feb-a3d4-4f4260a6cc3d,10485760:16:AES-128:encrypt,1,3,AES-128,software,CBC,10485760,16,encrypt,59182900,62500000,1.0560482842172316,0.0591829,177.17550170741887
6ca05b01-d8f6-4feb-a3d4-4f4260a6cc3d,10485760:16:AES-256:encrypt,2,0,AES-256,software,CBC,10485760,16,encrypt,60931300,62500000,1.0257453886590306,0.0609313,172.09151946536508
6ca05b01-d8f6-4feb-a3d4-4f4260a6cc3d,10485760:16:AES-256:decrypt,2,1,AES-256,aesni,CBC,10485760,16,decrypt,23405400,15625000,0.6675809855845233,0.0234054,448.0060157057773
6ca05b01-d8f6-4feb-a3d4-4f4260a6cc3d,10485760:16:AES-256:decrypt,2,2,AES-256,software,CBC,10485760,16,decrypt,65276800,62500000,0.9574611500563753,0.0652768,160.6353252610422
6ca05b01-d8f6-4feb-a3d4-4f4260a6cc3d,10485760:16:AES-256:encrypt,2,3,AES-256,aesni,CBC,10485760,16,encrypt,22673200,15625000,0.689139600938553,0.0226732,462.4737575639963
6ca05b01-d8f6-4feb-a3d4-4f4260a6cc3d,10485760:17:AES-256:decrypt,0,0,AES-256,aesni,CBC,10485760,17,decrypt,23028300,15625000,0.678512960140349,0.0230283,455.34233964296106
6ca05b01-d8f6-4feb-a3d4-4f4260a6cc3d,10485760:17:AES-256:decrypt,0,1,AES-256,software,CBC,10485760,17,decrypt,64698800,78125000,1.2075185320284147,0.0646988,162.07039388674906
6ca05b01-d8f6-4feb-a3d4-4f4260a6cc3d,10485760:17:AES-256:encrypt,0,2,AES-256,aesni,CBC,10485760,17,encrypt,24183600,15625000,0.6460990092459352,0.0241836,433.5897054202021
6ca05b01-d8f6-4feb-a3d4-4f4260a6cc3d,10485760:17:AES-256:encrypt,0,3,AES-256,software,CBC,10485760,17,encrypt,60572600,62500000,1.0318196676385032,0.0605726,173.1106143701938
6ca05b01-d8f6-4feb-a3d4-4f4260a6cc3d,10485760:17:AES-128:encrypt,1,0,AES-128,aesni,CBC,10485760,17,encrypt,22887300,15625000,0.6826930218942383,0.0228873,458.1475316004946
6ca05b01-d8f6-4feb-a3d4-4f4260a6cc3d,10485760:17:AES-128:decrypt,1,1,AES-128,software,CBC,10485760,17,decrypt,47620600,46875000,0.9843429104211203,0.0476206,220.19378168271714
6ca05b01-d8f6-4feb-a3d4-4f4260a6cc3d,10485760:17:AES-128:encrypt,1,2,AES-128,software,CBC,10485760,17,encrypt,50944900,62500000,1.2268156380717206,0.0509449,205.8255095210708
6ca05b01-d8f6-4feb-a3d4-4f4260a6cc3d,10485760:17:AES-128:decrypt,1,3,AES-128,aesni,CBC,10485760,17,decrypt,22983400,15625000,0.6798384921291019,0.0229834,456.23188910256965
6ca05b01-d8f6-4feb-a3d4-4f4260a6cc3d,10485760:17:AES-192:decrypt,2,0,AES-192,aesni,CBC,10485760,17,decrypt,20474000,15625000,0.7631630360457166,0.020474,512.1500439581908
6ca05b01-d8f6-4feb-a3d4-4f4260a6cc3d,10485760:17:AES-192:decrypt,2,1,AES-192,software,CBC,10485760,17,decrypt,60197700,62500000,1.0382456472589485,0.0601977,174.18871485123185
6ca05b01-d8f6-4feb-a3d4-4f4260a6cc3d,10485760:17:AES-192:encrypt,2,2,AES-192,software,CBC,10485760,17,encrypt,53054400,62500000,1.1780361289544317,0.0530544,197.64166591272354
6ca05b01-d8f6-4feb-a3d4-4f4260a6cc3d,10485760:17:AES-192:encrypt,2,3,AES-192,aesni,CBC,10485760,17,encrypt,21202300,15625000,0.7369483499431665,0.0212023,494.5576659136037
6ca05b01-d8f6-4feb-a3d4-4f4260a6cc3d,10485760:18:AES-192:decrypt,0,0,AES-192,software,CBC,10485760,18,decrypt,62139900,62500000,1.0057949884051953,0.0621399,168.7443977219146
6ca05b01-d8f6-4feb-a3d4-4f4260a6cc3d,10485760:18:AES-192:encrypt,0,1,AES-192,software,CBC,10485760,18,encrypt,53021100,46875000,0.8840819975443739,0.0530211,197.76579512684572
6ca05b01-d8f6-4feb-a3d4-4f4260a6cc3d,10485760:18:AES-192:decrypt,0,2,AES-192,aesni,CBC,10485760,18,decrypt,20275000,31250000,1.5413070283600494,0.020275,517.1768187422934
6ca05b01-d8f6-4feb-a3d4-4f4260a6cc3d,10485760:18:AES-192:encrypt,0,3,AES-192,aesni,CBC,10485760,18,encrypt,20837500,15625000,0.7498500299940012,0.0208375,503.2158368326335
6ca05b01-d8f6-4feb-a3d4-4f4260a6cc3d,10485760:18:AES-256:encrypt,1,0,AES-256,aesni,CBC,10485760,18,encrypt,24027800,31250000,1.3005768318364561,0.0240278,436.401168646318
6ca05b01-d8f6-4feb-a3d4-4f4260a6cc3d,10485760:18:AES-256:decrypt,1,1,AES-256,software,CBC,10485760,18,decrypt,66624500,62500000,0.9380933440401054,0.0666245,157.38594661123162
6ca05b01-d8f6-4feb-a3d4-4f4260a6cc3d,10485760:18:AES-256:encrypt,1,2,AES-256,software,CBC,10485760,18,encrypt,60540700,62500000,1.0323633522572417,0.0605407,173.20182951303835
6ca05b01-d8f6-4feb-a3d4-4f4260a6cc3d,10485760:18:AES-256:decrypt,1,3,AES-256,aesni,CBC,10485760,18,decrypt,25627100,31250000,1.2194122627999266,0.0256271,409.16685852086266
6ca05b01-d8f6-4feb-a3d4-4f4260a6cc3d,10485760:18:AES-128:decrypt,2,0,AES-128,aesni,CBC,10485760,18,decrypt,19757100,15625000,0.7908549331632679,0.0197571,530.7337615338283
6ca05b01-d8f6-4feb-a3d4-4f4260a6cc3d,10485760:18:AES-128:encrypt,2,1,AES-128,aesni,CBC,10485760,18,encrypt,19991300,31250000,1.5631799832927324,0.0199913,524.5161645315712
6ca05b01-d8f6-4feb-a3d4-4f4260a6cc3d,10485760:18:AES-128:encrypt,2,2,AES-128,software,CBC,10485760,18,encrypt,47586100,46875000,0.9850565606343029,0.0475861,220.3534225330506
6ca05b01-d8f6-4feb-a3d4-4f4260a6cc3d,10485760:18:AES-128:decrypt,2,3,AES-128,software,CBC,10485760,18,decrypt,50556500,46875000,0.927180481243757,0.0505565,207.40676273080612
6ca05b01-d8f6-4feb-a3d4-4f4260a6cc3d,10485760:19:AES-192:decrypt,0,0,AES-192,software,CBC,10485760,19,decrypt,53139200,46875000,0.8821171564494761,0.0531392,197.32626761411538
6ca05b01-d8f6-4feb-a3d4-4f4260a6cc3d,10485760:19:AES-192:encrypt,0,1,AES-192,aesni,CBC,10485760,19,encrypt,19490200,31250000,1.6033698987183302,0.0194902,538.001662373911
6ca05b01-d8f6-4feb-a3d4-4f4260a6cc3d,10485760:19:AES-192:encrypt,0,2,AES-192,software,CBC,10485760,19,encrypt,54288400,46875000,0.863444124343322,0.0542884,193.14918104051694
6ca05b01-d8f6-4feb-a3d4-4f4260a6cc3d,10485760:19:AES-192:decrypt,0,3,AES-192,aesni,CBC,10485760,19,decrypt,20431600,31250000,1.5294935296305723,0.0204316,513.2128663442902
6ca05b01-d8f6-4feb-a3d4-4f4260a6cc3d,10485760:19:AES-256:decrypt,1,0,AES-256,aesni,CBC,10485760,19,decrypt,20831700,31250000,1.5001176092205628,0.0208317,503.3559431059395
6ca05b01-d8f6-4feb-a3d4-4f4260a6cc3d,10485760:19:AES-256:decrypt,1,1,AES-256,software,CBC,10485760,19,decrypt,60081900,62500000,1.04024672988038,0.0600819,174.5244408049679
6ca05b01-d8f6-4feb-a3d4-4f4260a6cc3d,10485760:19:AES-256:encrypt,1,2,AES-256,aesni,CBC,10485760,19,encrypt,21411300,15625000,0.7297548490750211,0.0214113,489.7301891991612
6ca05b01-d8f6-4feb-a3d4-4f4260a6cc3d,10485760:19:AES-256:encrypt,1,3,AES-256,software,CBC,10485760,19,encrypt,57918700,62500000,1.0790988057397697,0.0579187,181.04273749238158
6ca05b01-d8f6-4feb-a3d4-4f4260a6cc3d,10485760:19:AES-128:decrypt,2,0,AES-128,software,CBC,10485760,19,decrypt,45126900,46875000,1.038737427122182,0.0451269,232.36162909484145
6ca05b01-d8f6-4feb-a3d4-4f4260a6cc3d,10485760:19:AES-128:decrypt,2,1,AES-128,aesni,CBC,10485760,19,decrypt,20961800,31250000,1.4908070871776278,0.0209618,500.23185031819787
6ca05b01-d8f6-4feb-a3d4-4f4260a6cc3d,10485760:19:AES-128:encrypt,2,2,AES-128,aesni,CBC,10485760,19,encrypt,19698900,15625000,0.7931914980024265,0.0196989,532.3018036540111
6ca05b01-d8f6-4feb-a3d4-4f4260a6cc3d,10485760:19:AES-128:encrypt,2,3,AES-128,software,CBC,10485760,19,encrypt,46344300,46875000,1.0114512464316,0.0463443,226.2578137980291
