session_id,pair_id,variant_order,job_order,algorithm,backend,mode,bytes,repeat,operation,wall_elapsed_ns,process_cpu_ns,process_to_wall_ratio,seconds,throughput_MB_s
4eb63467-31d2-4ffd-9fae-f67eb4ccc31e,10485760:0:AES-128:decrypt,0,0,AES-128,software,CBC,10485760,0,decrypt,46748400,46875000,1.0027081140744925,0.0467484,224.30200819707198
4eb63467-31d2-4ffd-9fae-f67eb4ccc31e,10485760:0:AES-128:decrypt,0,1,AES-128,aesni,CBC,10485760,0,decrypt,19150900,15625000,0.8158885483188779,0.0191509,547.53353628289
4eb63467-31d2-4ffd-9fae-f67eb4ccc31e,10485760:0:AES-128:encrypt,0,2,AES-128,aesni,CBC,10485760,0,encrypt,20086300,15625000,0.7778933900220548,0.0200863,522.0354171748903
4eb63467-31d2-4ffd-9fae-f67eb4ccc31e,10485760:0:AES-128:encrypt,0,3,AES-128,software,CBC,10485760,0,encrypt,47385300,46875000,0.9892308374116023,0.0473853,221.28719244153777
4eb63467-31d2-4ffd-9fae-f67eb4ccc31e,10485760:0:AES-256:encrypt,1,0,AES-256,aesni,CBC,10485760,0,encrypt,22212000,15625000,0.7034485863497209,0.022212,472.07635512335673
4eb63467-31d2-4ffd-9fae-f67eb4ccc31e,10485760:0:AES-256:decrypt,1,1,AES-256,software,CBC,10485760,0,decrypt,62119500,62500000,1.006125290770209,0.0621195,168.79981326314604
4eb63467-31d2-4ffd-9fae-f67eb4ccc31e,10485760:0:AES-256:decrypt,1,2,AES-256,aesni,CBC,10485760,0,decrypt,21873100,31250000,1.428695520982394,0.0218731,479.3906670750831
4eb63467-31d2-4ffd-9fae-f67eb4ccc31e,10485760:0:AES-256:encrypt,1,3,AES-256,software,CBC,10485760,0,encrypt,59486000,46875000,0.7880005379417006,0.059486,176.2727364421881
4eb63467-31d2-4ffd-9fae-f67eb4ccc31e,10485760:0:AES-192:encrypt,2,0,AES-192,aesni,CBC,10485760,0,encrypt,20203300,15625000,0.7733885058381551,0.0202033,519.0122405745597
4eb63467-31d2-4ffd-9fae-f67eb4ccc31e,10485760:0:AES-192:decrypt,2,1,AES-192,software,CBC,10485760,0,decrypt,53573500,62500000,1.1666215572997845,0.0535735,195.7266185707486
4eb63467-31d2-4ffd-9fae-f67eb4ccc31e,10485760:0:AES-192:decrypt,2,2,AES-192,aesni,CBC,10485760,0,decrypt,19619100,15625000,0.7964177765544801,0.0196191,534.4669225397699
4eb63467-31d2-4ffd-9fae-f67eb4ccc31e,10485760:0:AES-192:encrypt,2,3,AES-192,software,CBC,10485760,0,encrypt,51925700,62500000,1.2036428974476994,0.0519257,201.937768773459
4eb63467-31d2-4ffd-9fae-f67eb4ccc31e,10485760:1:AES-192:decrypt,0,0,AES-192,aesni,CBC,10485760,1,decrypt,20630000,15625000,0.7573921473582161,0.02063,508.2772661173049
4eb63467-31d2-4ffd-9fae-f67eb4ccc31e,10485760:1:AES-192:encrypt,0,1,AES-192,software,CBC,10485760,1,encrypt,53028100,46875000,0.883965293872494,0.0530281,197.7396889573641
4eb63467-31d2-4ffd-9fae-f67eb4ccc31e,10485760:1:AES-192:encrypt,0,2,AES-192,aesni,CBC,10485760,1,encrypt,21391600,15625000,0.7304268965388283,0.0213916,490.181192617663
4eb63467-31d2-4ffd-9fae-f67eb4ccc31e,10485760:1:AES-192:decrypt,0,3,AES-192,software,CBC,10485760,1,decrypt,54327600,46875000,0.8628211075033685,0.0543276,193.00981453257646
4eb63467-31d2-4ffd-9fae-f67eb4ccc31e,10485760:1:AES-256:encrypt,1,0,AES-256,aesni,CBC,10485760,1,encrypt,22363200,15625000,0.698692494812907,0.0223632,468.8845961222008
4eb63467-31d2-4ffd-9fae-f67eb4ccc31e,10485760:1:AES-256:encrypt,1,1,AES-256,software,CBC,10485760,1,encrypt,60190700,46875000,0.7787747941127118,0.0601907,174.20897248245993
4eb63467-31d2-4ffd-9fae-f67eb4ccc31e,10485760:1:AES-256:decrypt,1,2,AES-256,software,CBC,10485760,1,decrypt,61316900,46875000,0.7644711327545913,0.0613169,171.00929759984604
4eb63467-31d2-4ffd-9fae-f67eb4ccc31e,10485760:1:AES-256:decrypt,1,3,AES-256,aesni,CBC,10485760,1,decrypt,21893800,15625000,0.7136723638655692,0.0218938,478.93741607213
4eb63467-31d2-4ffd-9fae-f67eb4ccc31e,10485760:1:AES-128:decrypt,2,0,AES-128,software,CBC,10485760,1,decrypt,46963500,46875000,0.9981155578268229,0.0469635,223.274670754948
4eb63467-31d2-4ffd-9fae-f67eb4ccc31e,10485760:1:AES-128:encrypt,2,1,AES-128,software,CBC,10485760,1,encrypt,54156000,62500000,1.15407341753453,0.054156,193.62139005834996
4eb63467-31d2-4ffd-9fae-f67eb4ccc31e,10485760:1:AES-128:encrypt,2,2,AES-128,aesni,CBC,10485760,1,encrypt,20038500,15625000,0.7797489832073259,0.0200385,523.2806846819872
4eb63467-31d2-4ffd-9fae-f67eb4ccc31e,10485760:1:AES-128:decrypt,2,3,AES-128,aesni,CBC,10485760,1,decrypt,19501100,15625000,0.8012368533057109,0.0195011,537.700950202809
4eb63467-31d2-4ffd-9fae-f67eb4ccc31e,10485760:2:AES-256:encrypt,0,0,AES-256,software,CBC,10485760,2,encrypt,60536900,62500000,1.0324281553895227,0.0605369,173.21270167451587
4eb63467-31d2-4ffd-9fae-f67eb4ccc31e,10485760:2:AES-256:encrypt,0,1,AES-256,aesni,CBC,10485760,2,encrypt,21848300,31250000,1.4303172329197238,0.0218483,479.93482330433034
4eb63467-31d2-4ffd-9fae-f67eb4ccc31e,10485760:2:AES-256:decrypt,0,2,AES-256,aesni,CBC,10485760,2,decrypt,22545400,15625000,0.6930460315629796,0.0225454,465.09531877899707
4eb63467-31d2-4ffd-9fae-f67eb4ccc31e,10485760:2:AES-256:decrypt,0,3,AES-256,software,CBC,10485760,2,decrypt,61157200,62500000,1.0219565316920984,0.0611572,171.4558547480918
4eb63467-31d2-4ffd-9fae-f67eb4ccc31e,10485760:2:AES-128:encrypt,1,0,AES-128,software,CBC,10485760,2,encrypt,46429700,46875000,1.009590843791797,0.0464297,225.84164877222983
4eb63467-31d2-4ffd-9fae-f67eb4ccc31e,10485760:2:AES-128:encrypt,1,1,AES-128,aesni,CBC,10485760,2,encrypt,19475100,15625000,0.8023065350113735,0.0194751,538.4188014438951
4eb63467-31d2-4ffd-9fae-f67eb4ccc31e,10485760:2:AES-128:decrypt,1,2,AES-128,aesni,CBC,10485760,2,decrypt,18730900,15625000,0.8341830878388118,0.0187309,559.8107939287488
4eb63467-31d2-4ffd-9fae-f67eb4ccc31e,10485760:2:AES-128:decrypt,1,3,AES-128,software,CBC,10485760,2,decrypt,46775800,46875000,1.0021207547492508,0.0467758,224.1706181401494
4eb63467-31d2-4ffd-9fae-f67eb4ccc31e,10485760:2:AES-192:decrypt,2,0,AES-192,software,CBC,10485760,2,decrypt,54239100,46875000,0.8642289418519112,0.0542391,193.32474174534607
4eb63467-31d2-4ffd-9fae-f67eb4ccc31e,10485760:2:AES-192:encrypt,2,1,AES-192,aesni,CBC,10485760,2,encrypt,21263600,15625000,0.7348238303956056,0.0212636,493.13192497977764
4eb63467-31d2-4ffd-9fae-f67eb4ccc31e,10485760:2:AES-192:decrypt,2,2,AES-192,aesni,CBC,10485760,2,decrypt,20096600,15625000,0.7774947005961207,0.0200966,521.7678612302578
4eb63467-31d2-4ffd-9fae-f67eb4ccc31e,10485760:2:AES-192:encrypt,2,3,AES-192,software,CBC,10485760,2,encrypt,53720600,62500000,1.163427065222652,0.0537206,195.19067173486522
4eb63467-31d2-4ffd-9fae-f67eb4ccc31e,10485760:3:AES-192:encrypt,0,0,AES-192,software,CBC,10485760,3,encrypt,52225700,62500000,1.1967288135917757,0.0522257,200.77777799052956
4eb63467-31d2-4ffd-9fae-f67eb4ccc31e,10485760:3:AES-192:encrypt,0,1,AES-192,aesni,CBC,10485760,3,encrypt,21092900,15625000,0.7407705910519653,0.0210929,497.1227285010596
4eb63467-31d2-4ffd-9fae-f67eb4ccc31e,10485760:3:AES-192:decrypt,0,2,AES-192,aesni,CBC,10485760,3,decrypt,20527700,31250000,1.5223332375278282,0.0205277,510.8102709996736
4eb63467-31d2-4ffd-9fae-f67eb4ccc31e,10485760:3:AES-192:decrypt,0,3,AES-192,software,CBC,10485760,3,decrypt,53762700,46875000,0.8718870146030613,0.0537627,195.0378236212095
4eb63467-31d2-4ffd-9fae-f67eb4ccc31e,10485760:3:AES-256:encrypt,1,0,AES-256,software,CBC,10485760,3,encrypt,59704100,62500000,1.0468292797312078,0.0597041,175.62880941174893
4eb63467-31d2-4ffd-9fae-f67eb4ccc31e,10485760:3:AES-256:encrypt,1,1,AES-256,aesni,CBC,10485760,3,encrypt,23058900,31250000,1.355225097467789,0.0230589,454.738083776763
4eb63467-31d2-4ffd-9fae-f67eb4ccc31e,10485760:3:AES-256:decrypt,1,2,AES-256,software,CBC,10485760,3,decrypt,62056200,62500000,1.0071515819531327,0.0620562,168.97199635169412
4eb63467-31d2-4ffd-9fae-f67eb4ccc31e,10485760:3:AES-256:decrypt,1,3,AES-256,aesni,CBC,10485760,3,decrypt,21685200,15625000,0.7205375094534521,0.0216852,483.5445372881043
4eb63467-31d2-4ffd-9fae-f67eb4ccc31e,10485760:3:AES-128:decrypt,2,0,AES-128,aesni,CBC,10485760,3,decrypt,19344600,31250000,1.615437899982424,0.0193446,542.0510116518304
4eb63467-31d2-4ffd-9fae-f67eb4ccc31e,10485760:3:AES-128:decrypt,2,1,AES-128,software,CBC,10485760,3,decrypt,45801300,46875000,1.0234425660407018,0.0458013,228.94022658745493
4eb63467-31d2-4ffd-9fae-f67eb4ccc31e,10485760:3:AES-128:encrypt,2,2,AES-128,software,CBC,10485760,3,encrypt,45944200,46875000,1.0202593580909016,0.0459442,228.22815502283206
4eb63467-31d2-4ffd-9fae-f67eb4ccc31e,10485760:3:AES-128:encrypt,2,3,AES-128,aesni,CBC,10485760,3,encrypt,18938300,15625000,0.8250476547525385,0.0189383,553.6801085630706
4eb63467-31d2-4ffd-9fae-f67eb4ccc31e,10485760:4:AES-128:decrypt,0,0,AES-128,aesni,CBC,10485760,4,decrypt,18542300,15625000,0.8426678459522281,0.0185423,565.5048187118103
4eb63467-31d2-4ffd-9fae-f67eb4ccc31e,10485760:4:AES-128:decrypt,0,1,AES-128,software,CBC,10485760,4,decrypt,46554400,46875000,1.006886567112883,0.0465544,225.2367123193511
4eb63467-31d2-4ffd-9fae-f67eb4ccc31e,10485760:4:AES-128:encrypt,0,2,AES-128,aesni,CBC,10485760,4,encrypt,19577700,15625000,0.798101922084821,0.0195777,535.5971334732885
4eb63467-31d2-4ffd-9fae-f67eb4ccc31e,10485760:4:AES-128:encrypt,0,3,AES-128,software,CBC,10485760,4,encrypt,47062200,46875000,0.9960222854010224,0.0470622,222.80641363982133
4eb63467-31d2-4ffd-9fae-f67eb4ccc31e,10485760:4:AES-192:encrypt,1,0,AES-192,software,CBC,10485760,4,encrypt,54350700,62500000,1.1499391912155685,0.0543507,192.92778197888896
4eb63467-31d2-4ffd-9fae-f67eb4ccc31e,10485760:4:AES-192:encrypt,1,1,AES-192,aesni,CBC,10485760,4,encrypt,21043600,15625000,0.7425060350890532,0.0210436,498.287365279705
4eb63467-31d2-4ffd-9fae-f67eb4ccc31e,10485760:4:AES-192:decrypt,1,2,AES-192,aesni,CBC,10485760,4,decrypt,20732900,31250000,1.5072662290369412,0.0207329,505.7546218811647
4eb63467-31d2-4ffd-9fae-f67eb4ccc31e,10485760:4:AES-192:decrypt,1,3,AES-192,software,CBC,10485760,4,decrypt,54266500,46875000,0.8637925792155381,0.0542665,193.22712907594925
4eb63467-31d2-4ffd-9fae-f67eb4ccc31e,10485760:4:AES-256:encrypt,2,0,AES-256,software,CBC,10485760,4,encrypt,59443600,62500000,1.051416805173307,0.0594436,176.39846846422492
4eb63467-31d2-4ffd-9fae-f67eb4ccc31e,10485760:4:AES-256:decrypt,2,1,AES-256,software,CBC,10485760,4,decrypt,61725400,62500000,1.0125491288837334,0.0617254,169.87755445894234
4eb63467-31d2-4ffd-9fae-f67eb4ccc31e,10485760:4:AES-256:decrypt,2,2,AES-256,aesni,CBC,10485760,4,decrypt,22225800,31250000,1.4060236301955384,0.0222258,471.78324289789344
4eb63467-31d2-4ffd-9fae-f67eb4ccc31e,10485760:4:AES-256:encrypt,2,3,AES-256,aesni,CBC,10485760,4,encrypt,22303400,15625000,0.7005658330120071,0.0223034,470.14177210649495
4eb63467-31d2-4ffd-9fae-f67eb4ccc31e,10485760:5:AES-128:encrypt,0,0,AES-128,software,CBC,10485760,5,encrypt,47091100,46875000,0.9954110224649668,0.0470911,222.6696764356747
4eb63467-31d2-4ffd-9fae-f67eb4ccc31e,10485760:5:AES-128:encrypt,0,1,AES-128,aesni,CBC,10485760,5,encrypt,19883400,15625000,0.785831397044771,0.0198834,527.3625235120754
4eb63467-31d2-4ffd-9fae-f67eb4ccc31e,10485760:5:AES-128:decrypt,0,2,AES-128,software,CBC,10485760,5,decrypt,47693900,46875000,0.9828300893824996,0.0476939,219.85536934492671
4eb63467-31d2-4ffd-9fae-f67eb4ccc31e,10485760:5:AES-128:decrypt,0,3,AES-128,aesni,CBC,10485760,5,decrypt,19007300,15625000,0.822052579798288,0.0190073,551.6701477853246
4eb63467-31d2-4ffd-9fae-f67eb4ccc31e,10485760:5:AES-256:decrypt,1,0,AES-256,aesni,CBC,10485760,5,decrypt,21061100,31250000,1.4837781502390663,0.0210611,497.87333045282537
4eb63467-31d2-4ffd-9fae-f67eb4ccc31e,10485760:5:AES-256:encrypt,1,1,AES-256,software,CBC,10485760,5,encrypt,60247400,62500000,1.037389165341575,0.0602474,174.04502102995315
4eb63467-31d2-4ffd-9fae-f67eb4ccc31e,10485760:5:AES-256:decrypt,1,2,AES-256,software,CBC,10485760,5,decrypt,60631000,62500000,1.0308258151770546,0.060631,172.94387359601524
4eb63467-31d2-4ffd-9fae-f67eb4ccc31e,10485760:5:AES-256:encrypt,1,3,AES-256,aesni,CBC,10485760,5,encrypt,21502800,15625000,0.7266495526164034,0.0215028,487.64626002195064
4eb63467-31d2-4ffd-9fae-f67eb4ccc31e,10485760:5:AES-192:encrypt,2,0,AES-192,software,CBC,10485760,5,encrypt,52534200,46875000,0.8922758888495494,0.0525342,199.59873758427844
4eb63467-31d2-4ffd-9fae-f67eb4ccc31e,10485760:5:AES-192:decrypt,2,1,AES-192,software,CBC,10485760,5,decrypt,53519100,62500000,1.1678073809163458,0.0535191,195.92556676027812
4eb63467-31d2-4ffd-9fae-f67eb4ccc31e,10485760:5:AES-192:encrypt,2,2,AES-192,aesni,CBC,10485760,5,encrypt,21046400,15625000,0.7424072525467539,0.0210464,498.2210734377376
4eb63467-31d2-4ffd-9fae-f67eb4ccc31e,10485760:5:AES-192:decrypt,2,3,AES-192,aesni,CBC,10485760,5,decrypt,20674500,31250000,1.511523857892573,0.0206745,507.18324506034
4eb63467-31d2-4ffd-9fae-f67eb4ccc31e,10485760:6:AES-192:encrypt,0,0,AES-192,aesni,CBC,10485760,6,encrypt,21664700,31250000,1.4424386213517841,0.0216647,484.00208634322195
4eb63467-31d2-4ffd-9fae-f67eb4ccc31e,10485760:6:AES-192:decrypt,0,1,AES-192,aesni,CBC,10485760,6,decrypt,20519400,15625000,0.7614745070518631,0.0205194,511.0168913321052
4eb63467-31d2-4ffd-9fae-f67eb4ccc31e,10485760:6:AES-192:decrypt,0,2,AES-192,software,CBC,10485760,6,decrypt,55025900,62500000,1.1358287642728242,0.0550259,190.56044517218254
4eb63467-31d2-4ffd-9fae-f67eb4ccc31e,10485760:6:AES-192:encrypt,0,3,AES-192,software,CBC,10485760,6,encrypt,53093200,46875000,0.8828814236098032,0.0530932,197.49723128385557
4eb63467-31d2-4ffd-9fae-f67eb4ccc31e,10485760:6:AES-256:encrypt,1,0,AES-256,software,CBC,10485760,6,encrypt,59531700,62500000,1.0498608304483157,0.0595317,176.1374192237077
4eb63467-31d2-4ffd-9fae-f67eb4ccc31e,10485760:6:AES-256:encrypt,1,1,AES-256,aesni,CBC,10485760,6,encrypt,22458400,15625000,0.6957307733409326,0.0224584,466.8970184875147
4eb63467-31d2-4ffd-9fae-f67eb4ccc31e,10485760:6:AES-256:decrypt,1,2,AES-256,aesni,CBC,10485760,6,decrypt,22253500,31250000,1.4042734850697642,0.0222535,471.19599164176424
4eb63467-31d2-4ffd-9fae-f67eb4ccc31e,10485760:6:AES-256:decrypt,1,3,AES-256,software,CBC,10485760,6,decrypt,63217800,62500000,0.9886456029789078,0.0632178,165.8672082862738
4eb63467-31d2-4ffd-9fae-f67eb4ccc31e,10485760:6:AES-128:encrypt,2,0,AES-128,aesni,CBC,10485760,6,encrypt,20068000,31250000,1.557205501295595,0.020068,522.5114610324896
4eb63467-31d2-4ffd-9fae-f67eb4ccc31e,10485760:6:AES-128:decrypt,2,1,AES-128,aesni,CBC,10485760,6,decrypt,19014600,15625000,0.8217369810566617,0.0190146,551.4583530550209
4eb63467-31d2-4ffd-9fae-f67eb4ccc31e,10485760:6:AES-128:encrypt,2,2,AES-128,software,CBC,10485760,6,encrypt,47520700,46875000,0.9864122371934757,0.0475207,220.65668224584235
4eb63467-31d2-4ffd-9fae-f67eb4ccc31e,10485760:6:AES-128:decrypt,2,3,AES-128,software,CBC,10485760,6,decrypt,46160500,46875000,1.0154786018349022,0.0461605,227.15871795149533
4eb63467-31d2-4ffd-9fae-f67eb4ccc31e,10485760:7:AES-192:encrypt,0,0,AES-192,software,CBC,10485760,7,encrypt,51825400,46875000,0.9044792707822805,0.0518254,202.32858791249078
4eb63467-31d2-4ffd-9fae-f67eb4ccc31e,10485760:7:AES-192:encrypt,0,1,AES-192,aesni,CBC,10485760,7,encrypt,20515800,15625000,0.7616081264196376,0.0205158,511.10656177190265
4eb63467-31d2-4ffd-9fae-f67eb4ccc31e,10485760:7:AES-192:decrypt,0,2,AES-192,aesni,CBC,10485760,7,decrypt,20306600,15625000,0.7694542661006766,0.0203066,516.3720169797011
4eb63467-31d2-4ffd-9fae-f67eb4ccc31e,10485760:7:AES-192:decrypt,0,3,AES-192,software,CBC,10485760,7,decrypt,53025300,46875000,0.8840119716437248,0.0530253,197.75013059803527
4eb63467-31d2-4ffd-9fae-f67eb4ccc31e,10485760:7:AES-256:decrypt,1,0,AES-256,software,CBC,10485760,7,decrypt,60838400,62500000,1.0273116978750263,0.0608384,172.35430254576056
4eb63467-31d2-4ffd-9fae-f67eb4ccc31e,10485760:7:AES-256:decrypt,1,1,AES-256,aesni,CBC,10485760,7,decrypt,22036600,31250000,1.4180953504624125,0.0220366,475.8338400660719
4eb63467-31d2-4ffd-9fae-f67eb4ccc31e,10485760:7:AES-256:encrypt,1,2,AES-256,aesni,CBC,10485760,7,encrypt,22224300,15625000,0.7030592639588199,0.0222243,471.8150852895254
4eb63467-31d2-4ffd-9fae-f67eb4ccc31e,10485760:7:AES-256:encrypt,1,3,AES-256,software,CBC,10485760,7,encrypt,60320800,62500000,1.036126841819074,0.0603208,173.83323828596437
4eb63467-31d2-4ffd-9fae-f67eb4ccc31e,10485760:7:AES-128:encrypt,2,0,AES-128,software,CBC,10485760,7,encrypt,46965400,46875000,0.9980751787486106,0.0469654,223.26563810805402
4eb63467-31d2-4ffd-9fae-f67eb4ccc31e,10485760:7:AES-128:encrypt,2,1,AES-128,aesni,CBC,10485760,7,encrypt,20578200,15625000,0.7592986752971591,0.0205782,509.5567153589721
4eb63467-31d2-4ffd-9fae-f67eb4ccc31e,10485760:7:AES-128:decrypt,2,2,AES-128,aesni,CBC,10485760,7,decrypt,19710000,15625000,0.7927447995941147,0.01971,532.0020294266869
4eb63467-31d2-4ffd-9fae-f67eb4ccc31e,10485760:7:AES-128:decrypt,2,3,AES-128,software,CBC,10485760,7,decrypt,47350600,46875000,0.9899557766955435,0.0473506,221.449358614252
4eb63467-31d2-4ffd-9fae-f67eb4ccc31e,10485760:8:AES-256:encrypt,0,0,AES-256,aesni,CBC,10485760,8,encrypt,22474100,31250000,1.390489496798537,0.0224741,466.57085267040725
4eb63467-31d2-4ffd-9fae-f67eb4ccc31e,10485760:8:AES-256:encrypt,0,1,AES-256,software,CBC,10485760,8,encrypt,59736400,62500000,1.0462632498777964,0.0597364,175.53384536061765
4eb63467-31d2-4ffd-9fae-f67eb4ccc31e,10485760:8:AES-256:decrypt,0,2,AES-256,aesni,CBC,10485760,8,decrypt,21901500,15625000,0.7134214551514736,0.0219015,478.7690340844234
4eb63467-31d2-4ffd-9fae-f67eb4ccc31e,10485760:8:AES-256:decrypt,0,3,AES-256,software,CBC,10485760,8,decrypt,61339200,62500000,1.0189242768083053,0.0613392,170.9471267965673
4eb63467-31d2-4ffd-9fae-f67eb4ccc31e,10485760:8:AES-192:decrypt,1,0,AES-192,aesni,CBC,10485760,8,decrypt,20368600,15625000,0.7671121235627387,0.0203686,514.8002317292303
4eb63467-31d2-4ffd-9fae-f67eb4ccc31e,10485760:8:AES-192:encrypt,1,1,AES-192,software,CBC,10485760,8,encrypt,52600200,62500000,1.188208409853955,0.0526002,199.3482914513633
4eb63467-31d2-4ffd-9fae-f67eb4ccc31e,10485760:8:AES-192:encrypt,1,2,AES-192,aesni,CBC,10485760,8,encrypt,20367700,15625000,0.7671460204146762,0.0203677,514.8229795214972
4eb63467-31d2-4ffd-9fae-f67eb4ccc31e,10485760:8:AES-192:decrypt,1,3,AES-192,software,CBC,10485760,8,decrypt,53327900,62500000,1.171994396929187,0.0533279,196.6280314807071
4eb63467-31d2-4ffd-9fae-f67eb4ccc31e,10485760:8:AES-128:decrypt,2,0,AES-128,aesni,CBC,10485760,8,decrypt,18309300,15625000,0.8533914458772318,0.0183093,572.701304801385
4eb63467-31d2-4ffd-9fae-f67eb4ccc31e,10485760:8:AES-128:encrypt,2,1,AES-128,software,CBC,10485760,8,encrypt,46209900,46875000,1.0143930196776016,0.0462099,226.91587733364494
4eb63467-31d2-4ffd-9fae-f67eb4ccc31e,10485760:8:AES-128:decrypt,2,2,AES-128,software,CBC,10485760,8,decrypt,46147000,46875000,1.015775673391553,0.046147,227.22517173380717
4eb63467-31d2-4ffd-9fae-f67eb4ccc31e,10485760:8:AES-128:encrypt,2,3,AES-128,aesni,CBC,10485760,8,encrypt,19713400,15625000,0.7926080736960646,0.0197134,531.9102742297117
4eb63467-31d2-4ffd-9fae-f67eb4ccc31e,10485760:9:AES-256:decrypt,0,0,AES-256,aesni,CBC,10485760,9,decrypt,21839900,31250000,1.4308673574512705,0.0218399,480.11941446618346
4eb63467-31d2-4ffd-9fae-f67eb4ccc31e,10485760:9:AES-256:encrypt,0,1,AES-256,software,CBC,10485760,9,encrypt,59884100,62500000,1.043682713775443,0.0598841,175.1009032447678
4eb63467-31d2-4ffd-9fae-f67eb4ccc31e,10485760:9:AES-256:decrypt,0,2,AES-256,software,CBC,10485760,9,decrypt,62189800,62500000,1.0049879562243327,0.0621898,168.60900018974172
4eb63467-31d2-4ffd-9fae-f67eb4ccc31e,10485760:9:AES-256:encrypt,0,3,AES-256,aesni,CBC,10485760,9,encrypt,22746000,15625000,0.6869339664116768,0.022746,460.99358128901787
4eb63467-31d2-4ffd-9fae-f67eb4ccc31e,10485760:9:AES-192:decrypt,1,0,AES-192,aesni,CBC,10485760,9,decrypt,20182200,15625000,0.7741970647402167,0.0201822,519.554855268504
4eb63467-31d2-4ffd-9fae-f67eb4ccc31e,10485760:9:AES-192:decrypt,1,1,AES-192,software,CBC,10485760,9,decrypt,54230400,62500000,1.1524901162447632,0.0542304,193.355756181035
4eb63467-31d2-4ffd-9fae-f67eb4ccc31e,10485760:9:AES-192:encrypt,1,2,AES-192,aesni,CBC,10485760,9,encrypt,21407200,15625000,0.7298946148959229,0.0214072,489.82398445382864
4eb63467-31d2-4ffd-9fae-f67eb4ccc31e,10485760:9:AES-192:encrypt,1,3,AES-192,software,CBC,10485760,9,encrypt,52795200,62500000,1.183819741188593,0.0527952,198.6119950298512
4eb63467-31d2-4ffd-9fae-f67eb4ccc31e,10485760:9:AES-128:decrypt,2,0,AES-128,software,CBC,10485760,9,decrypt,46974100,46875000,0.9978903267971073,0.0469741,223.22428742647543
4eb63467-31d2-4ffd-9fae-f67eb4ccc31e,10485760:9:AES-128:decrypt,2,1,AES-128,aesni,CBC,10485760,9,decrypt,18876900,15625000,0.8277312482452097,0.0188769,555.4810376703801
4eb63467-31d2-4ffd-9fae-f67eb4ccc31e,10485760:9:AES-128:encrypt,2,2,AES-128,aesni,CBC,10485760,9,encrypt,19733100,15625000,0.7918167951310235,0.0197331,531.3792561736371
4eb63467-31d2-4ffd-9fae-f67eb4ccc31e,10485760:9:AES-128:encrypt,2,3,AES-128,software,CBC,10485760,9,encrypt,47116800,46875000,0.9948680725346374,0.0471168,222.54822059223036
4eb63467-31d2-4ffd-9fae-f67eb4ccc31e,10485760:10:AES-128:decrypt,0,0,AES-128,software,CBC,10485760,10,decrypt,48266900,46875000,0.9711624322258111,0.0482669,217.2453586205039
4eb63467-31d2-4ffd-9fae-f67eb4ccc31e,10485760:10:AES-128:encrypt,0,1,AES-128,software,CBC,10485760,10,encrypt,47041000,46875000,0.9964711634531579,0.047041,222.90682596033247
4eb63467-31d2-4ffd-9fae-f67eb4ccc31e,10485760:10:AES-128:decrypt,0,2,AES-128,aesni,CBC,10485760,10,decrypt,17924200,31250000,1.7434529853494158,0.0179242,585.0057464210397
4eb63467-31d2-4ffd-9fae-f67eb4ccc31e,10485760:10:AES-128:encrypt,0,3,AES-128,aesni,CBC,10485760,10,encrypt,19175900,15625000,0.8148248582856606,0.0191759,546.8197059851167
4eb63467-31d2-4ffd-9fae-f67eb4ccc31e,10485760:10:AES-256:encrypt,1,0,AES-256,software,CBC,10485760,10,encrypt,58999500,62500000,1.0593310112797567,0.0589995,177.72625191738913
4eb63467-31d2-4ffd-9fae-f67eb4ccc31e,10485760:10:AES-256:encrypt,1,1,AES-256,aesni,CBC,10485760,10,encrypt,21684000,15625000,0.720577384246449,0.021684,483.5712968087069
4eb63467-31d2-4ffd-9fae-f67eb4ccc31e,10485760:10:AES-256:decrypt,1,2,AES-256,aesni,CBC,10485760,10,decrypt,21545100,31250000,1.4504458090238617,0.0215451,486.6888526857615
4eb63467-31d2-4ffd-9fae-f67eb4ccc31e,10485760:10:AES-256:decrypt,1,3,AES-256,software,CBC,10485760,10,decrypt,60596200,62500000,1.03141781167796,0.0605962,173.0431941276846
4eb63467-31d2-4ffd-9fae-f67eb4ccc31e,10485760:10:AES-192:encrypt,2,0,AES-192,software,CBC,10485760,10,encrypt,52733300,62500000,1.1852093458971844,0.0527333,198.84513201335778
4eb63467-31d2-4ffd-9fae-f67eb4ccc31e,10485760:10:AES-192:encrypt,2,1,AES-192,aesni,CBC,10485760,10,encrypt,20986100,15625000,0.7445404339062522,0.0209861,499.6526272151567
4eb63467-31d2-4ffd-9fae-f67eb4ccc31e,10485760:10:AES-192:decrypt,2,2,AES-192,software,CBC,10485760,10,decrypt,53503600,62500000,1.1681456948691302,0.0535036,195.98232642289491
4eb63467-31d2-4ffd-9fae-f67eb4ccc31e,10485760:10:AES-192:decrypt,2,3,AES-192,aesni,CBC,10485760,10,decrypt,20960800,15625000,0.7454391053776573,0.0209608,500.25571543070873
4eb63467-31d2-4ffd-9fae-f67eb4ccc31e,10485760:11:AES-192:encrypt,0,0,AES-192,software,CBC,10485760,11,encrypt,52942200,46875000,0.8853995489420537,0.0529422,198.06052638537878
4eb63467-31d2-4ffd-9fae-f67eb4ccc31e,10485760:11:AES-192:encrypt,0,1,AES-192,aesni,CBC,10485760,11,encrypt,22037900,31250000,1.418011698029304,0.0220379,475.8057709672882
4eb63467-31d2-4ffd-9fae-f67eb4ccc31e,10485760:11:AES-192:decrypt,0,2,AES-192,aesni,CBC,10485760,11,decrypt,20633900,15625000,0.7572489931617387,0.0206339,508.1811969622805
4eb63467-31d2-4ffd-9fae-f67eb4ccc31e,10485760:11:AES-192:decrypt,0,3,AES-192,software,CBC,10485760,11,decrypt,54010000,62500000,1.157193112386595,0.05401,194.14478800222182
4eb63467-31d2-4ffd-9fae-f67eb4ccc31e,10485760:11:AES-128:decrypt,1,0,AES-128,software,CBC,10485760,11,decrypt,46858200,46875000,1.0003585284966132,0.0468582,223.7764148003978
4eb63467-31d2-4ffd-9fae-f67eb4ccc31e,10485760:11:AES-128:decrypt,1,1,AES-128,aesni,CBC,10485760,11,decrypt,18873800,15625000,0.8278672021532495,0.0188738,555.5722747936293
4eb63467-31d2-4ffd-9fae-f67eb4ccc31e,10485760:11:AES-128:encrypt,1,2,AES-128,aesni,CBC,10485760,11,encrypt,19856600,15625000,0.7868920157529486,0.0198566,528.0742926785049
4eb63467-31d2-4ffd-9fae-f67eb4ccc31e,10485760:11:AES-128:encrypt,1,3,AES-128,software,CBC,10485760,11,encrypt,46945200,46875000,0.9985046394519568,0.0469452,223.361706841168
4eb63467-31d2-4ffd-9fae-f67eb4ccc31e,10485760:11:AES-256:decrypt,2,0,AES-256,aesni,CBC,10485760,11,decrypt,22671100,15625000,0.6892034352104662,0.0226711,462.5165960187199
4eb63467-31d2-4ffd-9fae-f67eb4ccc31e,10485760:11:AES-256:encrypt,2,1,AES-256,software,CBC,10485760,11,encrypt,60015400,62500000,1.041399374160632,0.0600154,174.71782242557742
4eb63467-31d2-4ffd-9fae-f67eb4ccc31e,10485760:11:AES-256:encrypt,2,2,AES-256,aesni,CBC,10485760,11,encrypt,21399400,15625000,0.7301606587100573,0.0213994,490.0025234352365
4eb63467-31d2-4ffd-9fae-f67eb4ccc31e,10485760:11:AES-256:decrypt,2,3,AES-256,software,CBC,10485760,11,decrypt,60504100,46875000,0.7747408853284323,0.0605041,173.30660236248454
4eb63467-31d2-4ffd-9fae-f67eb4ccc31e,10485760:12:AES-256:encrypt,0,0,AES-256,aesni,CBC,10485760,12,encrypt,21563200,31250000,1.4492283149068783,0.0215632,486.28032945017435
4eb63467-31d2-4ffd-9fae-f67eb4ccc31e,10485760:12:AES-256:decrypt,0,1,AES-256,aesni,CBC,10485760,12,decrypt,21018800,15625000,0.7433821150588996,0.0210188,498.8752925952005
4eb63467-31d2-4ffd-9fae-f67eb4ccc31e,10485760:12:AES-256:encrypt,0,2,AES-256,software,CBC,10485760,12,encrypt,59377600,62500000,1.0525854867828945,0.0593776,176.59454070221767
4eb63467-31d2-4ffd-9fae-f67eb4ccc31e,10485760:12:AES-256:decrypt,0,3,AES-256,software,CBC,10485760,12,decrypt,60358000,62500000,1.0354882534212533,0.060358,173.72610093111103
4eb63467-31d2-4ffd-9fae-f67eb4ccc31e,10485760:12:AES-128:encrypt,1,0,AES-128,aesni,CBC,10485760,12,encrypt,19963500,31250000,1.5653567761164124,0.0199635,525.2465749993738
4eb63467-31d2-4ffd-9fae-f67eb4ccc31e,10485760:12:AES-128:decrypt,1,1,AES-128,software,CBC,10485760,12,decrypt,47457300,46875000,0.9877300225676555,0.0474573,220.9514658440324
4eb63467-31d2-4ffd-9fae-f67eb4ccc31e,10485760:12:AES-128:encrypt,1,2,AES-128,software,CBC,10485760,12,encrypt,47388600,46875000,0.9891619503424874,0.0473886,221.27178266502915
4eb63467-31d2-4ffd-9fae-f67eb4ccc31e,10485760:12:AES-128:decrypt,1,3,AES-128,aesni,CBC,10485760,12,decrypt,19244100,15625000,0.8119371651571131,0.0192441,544.8818079307424
4eb63467-31d2-4ffd-9fae-f67eb4ccc31e,10485760:12:AES-192:decrypt,2,0,AES-192,aesni,CBC,10485760,12,decrypt,20320800,15625000,0.7689165780874768,0.0203208,516.0111806621786
4eb63467-31d2-4ffd-9fae-f67eb4ccc31e,10485760:12:AES-192:encrypt,2,1,AES-192,software,CBC,10485760,12,encrypt,53878800,62500000,1.1600109876240747,0.0538788,194.6175490174243
4eb63467-31d2-4ffd-9fae-f67eb4ccc31e,10485760:12:AES-192:encrypt,2,2,AES-192,aesni,CBC,10485760,12,encrypt,21046200,15625000,0.7424143075709629,0.0210462,498.2258079843392
4eb63467-31d2-4ffd-9fae-f67eb4ccc31e,10485760:12:AES-192:decrypt,2,3,AES-192,software,CBC,10485760,12,decrypt,53692000,62500000,1.1640467853683976,0.053692,195.29464352231244
4eb63467-31d2-4ffd-9fae-f67eb4ccc31e,10485760:13:AES-192:decrypt,0,0,AES-192,aesni,CBC,10485760,13,decrypt,20155000,15625000,0.7752418754651451,0.020155,520.2560158769536
4eb63467-31d2-4ffd-9fae-f67eb4ccc31e,10485760:13:AES-192:encrypt,0,1,AES-192,aesni,CBC,10485760,13,encrypt,20937400,15625000,0.7462722210016526,0.0209374,500.81480986177843
4eb63467-31d2-4ffd-9fae-f67eb4ccc31e,10485760:13:AES-192:encrypt,0,2,AES-192,software,CBC,10485760,13,encrypt,53522300,46875000,0.8758031698936705,0.0535223,195.91385273054408
4eb63467-31d2-4ffd-9fae-f67eb4ccc31e,10485760:13:AES-192:decrypt,0,3,AES-192,software,CBC,10485760,13,decrypt,54098500,46875000,0.866475040897622,0.0540985,193.82718559664315
4eb63467-31d2-4ffd-9fae-f67eb4ccc31e,10485760:13:AES-256:encrypt,1,0,AES-256,software,CBC,10485760,13,encrypt,59334700,62500000,1.0533465240407385,0.0593347,176.7222215668066
4eb63467-31d2-4ffd-9fae-f67eb4ccc31e,10485760:13:AES-256:decrypt,1,1,AES-256,software,CBC,10485760,13,decrypt,60583200,62500000,1.031639134281451,0.0605832,173.0803258989291
4eb63467-31d2-4ffd-9fae-f67eb4ccc31e,10485760:13:AES-256:decrypt,1,2,AES-256,aesni,CBC,10485760,13,decrypt,21349300,15625000,0.7318741129685751,0.0213493,491.1524031232874
4eb63467-31d2-4ffd-9fae-f67eb4ccc31e,10485760:13:AES-256:encrypt,1,3,AES-256,aesni,CBC,10485760,13,encrypt,21686100,15625000,0.7205076062546977,0.0216861,483.5244695911206
4eb63467-31d2-4ffd-9fae-f67eb4ccc31e,10485760:13:AES-128:encrypt,2,0,AES-128,software,CBC,10485760,13,encrypt,46424300,46875000,1.0097082777769402,0.0464243,225.867918310023
4eb63467-31d2-4ffd-9fae-f67eb4ccc31e,10485760:13:AES-128:decrypt,2,1,AES-128,aesni,CBC,10485760,13,decrypt,18330300,15625000,0.8524137630044244,0.0183303,572.0451929319215
4eb63467-31d2-4ffd-9fae-f67eb4ccc31e,10485760:13:AES-128:encrypt,2,2,AES-128,aesni,CBC,10485760,13,encrypt,19698200,31250000,1.5864393700947295,0.0196982,532.3207196596643
4eb63467-31d2-4ffd-9fae-f67eb4ccc31e,10485760:13:AES-128:decrypt,2,3,AES-128,software,CBC,10485760,13,decrypt,46670300,46875000,1.00438608708322,0.0466703,224.67736440519988
4eb63467-31d2-4ffd-9fae-f67eb4ccc31e,10485760:14:AES-192:decrypt,0,0,AES-192,software,CBC,10485760,14,decrypt,53646600,62500000,1.1650318939131277,0.0536466,195.45991731069628
4eb63467-31d2-4ffd-9fae-f67eb4ccc31e,10485760:14:AES-192:encrypt,0,1,AES-192,aesni,CBC,10485760,14,encrypt,21179400,15625000,0.7377451674740549,0.0211794,495.0924011067358
4eb63467-31d2-4ffd-9fae-f67eb4ccc31e,10485760:14:AES-192:encrypt,0,2,AES-192,software,CBC,10485760,14,encrypt,55412600,46875000,0.8459267386839816,0.0554126,189.23060820102287
4eb63467-31d2-4ffd-9fae-f67eb4ccc31e,10485760:14:AES-192:decrypt,0,3,AES-192,aesni,CBC,10485760,14,decrypt,26357400,31250000,1.1856252892925705,0.0263574,397.8298314704789
4eb63467-31d2-4ffd-9fae-f67eb4ccc31e,10485760:14:AES-128:decrypt,1,0,AES-128,software,CBC,10485760,14,decrypt,50700000,46875000,0.9245562130177515,0.0507,206.8197238658777
4eb63467-31d2-4ffd-9fae-f67eb4ccc31e,10485760:14:AES-128:decrypt,1,1,AES-128,aesni,CBC,10485760,14,decrypt,50144200,31250000,0.6232026834608988,0.0501442,209.11212064406251
4eb63467-31d2-4ffd-9fae-f67eb4ccc31e,10485760:14:AES-128:encrypt,1,2,AES-128,aesni,CBC,10485760,14,encrypt,56492400,46875000,0.8297576311149818,0.0564924,185.6136400648583
4eb63467-31d2-4ffd-9fae-f67eb4ccc31e,10485760:14:AES-128:encrypt,1,3,AES-128,software,CBC,10485760,14,encrypt,64042400,78125000,1.2198949445992031,0.0640424,163.7315278627909
4eb63467-31d2-4ffd-9fae-f67eb4ccc31e,10485760:14:AES-256:decrypt,2,0,AES-256,aesni,CBC,10485760,14,decrypt,20404800,15625000,0.7657511957970674,0.0204048,513.8869285658277
4eb63467-31d2-4ffd-9fae-f67eb4ccc31e,10485760:14:AES-256:decrypt,2,1,AES-256,software,CBC,10485760,14,decrypt,62181200,62500000,1.0051269515544892,0.0621812,168.632319736512
4eb63467-31d2-4ffd-9fae-f67eb4ccc31e,10485760:14:AES-256:encrypt,2,2,AES-256,software,CBC,10485760,14,encrypt,59407900,62500000,1.0520486332625796,0.0594079,176.5044716275108
4eb63467-31d2-4ffd-9fae-f67eb4ccc31e,10485760:14:AES-256:encrypt,2,3,AES-256,aesni,CBC,10485760,14,encrypt,21915700,31250000,1.4259184055266316,0.0219157,478.45882175791786
4eb63467-31d2-4ffd-9fae-f67eb4ccc31e,10485760:15:AES-256:decrypt,0,0,AES-256,software,CBC,10485760,15,decrypt,67539800,78125000,1.1567253678571745,0.0675398,155.2530507937542
4eb63467-31d2-4ffd-9fae-f67eb4ccc31e,10485760:15:AES-256:decrypt,0,1,AES-256,aesni,CBC,10485760,15,decrypt,26589200,31250000,1.1752892151700691,0.0265892,394.3616205075745
4eb63467-31d2-4ffd-9fae-f67eb4ccc31e,10485760:15:AES-256:encrypt,0,2,AES-256,aesni,CBC,10485760,15,encrypt,23286600,15625000,0.6709867477433373,0.0232866,450.29158400109935
4eb63467-31d2-4ffd-9fae-f67eb4ccc31e,10485760:15:AES-256:encrypt,0,3,AES-256,software,CBC,10485760,15,encrypt,60823000,62500000,1.0275718067178534,0.060823,172.3979415681568
4eb63467-31d2-4ffd-9fae-f67eb4ccc31e,10485760:15:AES-128:encrypt,1,0,AES-128,aesni,CBC,10485760,15,encrypt,20517300,15625000,0.7615524459846081,0.0205173,511.0691952644841
4eb63467-31d2-4ffd-9fae-f67eb4ccc31e,10485760:15:AES-128:encrypt,1,1,AES-128,software,CBC,10485760,15,encrypt,46658400,46875000,1.0046422509130188,0.0466584,224.73466728391887
4eb63467-31d2-4ffd-9fae-f67eb4ccc31e,10485760:15:AES-128:decrypt,1,2,AES-128,software,CBC,10485760,15,decrypt,49904000,46875000,0.9393034626482847,0.049904,210.11862776530938
4eb63467-31d2-4ffd-9fae-f67eb4ccc31e,10485760:15:AES-128:decrypt,1,3,AES-128,aesni,CBC,10485760,15,decrypt,20411100,31250000,1.531029684828353,0.0204111,513.728314495544
4eb63467-31d2-4ffd-9fae-f67eb4ccc31e,10485760:15:AES-192:decrypt,2,0,AES-192,software,CBC,10485760,15,decrypt,54590700,46875000,0.8586627392577857,0.0545907,192.079603302394
4eb63467-31d2-4ffd-9fae-f67eb4ccc31e,10485760:15:AES-192:decrypt,2,1,AES-192,aesni,CBC,10485760,15,decrypt,21185500,31250000,1.475065492907885,0.0211855,494.9498477732411
4eb63467-31d2-4ffd-9fae-f67eb4ccc31e,10485760:15:AES-192:encrypt,2,2,AES-192,software,CBC,10485760,15,encrypt,54572800,46875000,0.8589443825495485,0.0545728,192.14260584027207
4eb63467-31d2-4ffd-9fae-f67eb4ccc31e,10485760:15:AES-192:encrypt,2,3,AES-192,aesni,CBC,10485760,15,encrypt,21627800,31250000,1.444899619933604,0.0216278,484.8278604388796
4eb63467-31d2-4ffd-9fae-f67eb4ccc31e,10485760:16:AES-256:encrypt,0,0,AES-256,aesni,CBC,10485760,16,encrypt,24743400,15625000,0.6314815263868345,0.0247434,423.78007872806484
4eb63467-31d2-4ffd-9fae-f67eb4ccc31e,10485760:16:AES-256:decrypt,0,1,AES-256,software,CBC,10485760,16,decrypt,66549000,62500000,0.9391576131872755,0.066549,157.5645013448737
4eb63467-31d2-4ffd-9fae-f67eb4ccc31e,10485760:16:AES-256:encrypt,0,2,AES-256,software,CBC,10485760,16,encrypt,60083500,62500000,1.0402190285186448,0.0600835,174.51979328767464
4eb63467-31d2-4ffd-9fae-f67eb4ccc31e,10485760:16:AES-256:decrypt,0,3,AES-256,aesni,CBC,10485760,16,decrypt,22903700,15625000,0.6822041853499653,0.0229037,457.81947894881614
4eb63467-31d2-4ffd-9fae-f67eb4ccc31e,10485760:16:AES-128:encrypt,1,0,AES-128,aesni,CBC,10485760,16,encrypt,19810300,15625000,0.7887311146221915,0.0198103,529.3084910374906
4eb63467-31d2-4ffd-9fae-f67eb4ccc31e,10485760:16:AES-128:decrypt,1,1,AES-128,software,CBC,10485760,16,decrypt,47268700,46875000,0.9916710212043064,0.0472687,221.83305231580306
4eb63467-31d2-4ffd-9fae-f67eb4ccc31e,10485760:16:AES-128:decrypt,1,2,AES-128,aesni,CBC,10485760,16,decrypt,19501200,15625000,0.8012327446516112,0.0195012,537.698192931717
4eb63467-31d2-4ffd-9fae-f67eb4ccc31e,10485760:16:AES-128:encrypt,1,3,AES-128,software,CBC,10485760,16,encrypt,48444200,62500000,1.290144124580445,0.0484442,216.45026649217039
4eb63467-31d2-4ffd-9fae-f67eb4ccc31e,10485760:16:AES-192:encrypt,2,0,AES-192,software,CBC,10485760,16,encrypt,53678300,62500000,1.1643438782524782,0.0536783,195.34448743719528
4eb63467-31d2-4ffd-9fae-f67eb4ccc31e,10485760:16:AES-192:decrypt,2,1,AES-192,aesni,CBC,10485760,16,decrypt,21056000,15625000,0.7420687689969605,0.021056,497.9939209726444
4eb63467-31d2-4ffd-9fae-f67eb4ccc31e,10485760:16:AES-192:encrypt,2,2,AES-192,aesni,CBC,10485760,16,encrypt,21585000,31250000,1.447764651378272,0.021585,485.7892054667593
4eb63467-31d2-4ffd-9fae-f67eb4ccc31e,10485760:16:AES-192:decrypt,2,3,AES-192,software,CBC,10485760,16,decrypt,54623200,46875000,0.8581518475666018,0.0546232,191.96531876565268
4eb63467-31d2-4ffd-9fae-f67eb4ccc31e,10485760:17:AES-128:encrypt,0,0,AES-128,aesni,CBC,10485760,17,encrypt,20697600,31250000,1.509836889301175,0.0206976,506.61719233147807
4eb63467-31d2-4ffd-9fae-f67eb4ccc31e,10485760:17:AES-128:encrypt,0,1,AES-128,software,CBC,10485760,17,encrypt,56620800,62500000,1.1038346332089974,0.0566208,185.1927206962812
4eb63467-31d2-4ffd-9fae-f67eb4ccc31e,10485760:17:AES-128:decrypt,0,2,AES-128,software,CBC,10485760,17,decrypt,49087600,46875000,0.9549254801619961,0.0490876,213.61321392775366
4eb63467-31d2-4ffd-9fae-f67eb4ccc31e,10485760:17:AES-128:decrypt,0,3,AES-128,aesni,CBC,10485760,17,decrypt,22987600,15625000,0.6797142807426613,0.0229876,456.14853225217075
4eb63467-31d2-4ffd-9fae-f67eb4ccc31e,10485760:17:AES-192:decrypt,1,0,AES-192,aesni,CBC,10485760,17,decrypt,22494100,31250000,1.3892531819454879,0.0224941,466.156014243735
4eb63467-31d2-4ffd-9fae-f67eb4ccc31e,10485760:17:AES-192:encrypt,1,1,AES-192,aesni,CBC,10485760,17,encrypt,21853700,15625000,0.714981902378087,0.0218537,479.8162324915232
4eb63467-31d2-4ffd-9fae-f67eb4ccc31e,10485760:17:AES-192:encrypt,1,2,AES-192,software,CBC,10485760,17,encrypt,54351900,62500000,1.1499138024613675,0.0543519,192.92352245275694
4eb63467-31d2-4ffd-9fae-f67eb4ccc31e,10485760:17:AES-192:decrypt,1,3,AES-192,software,CBC,10485760,17,decrypt,55606300,46875000,0.8429800220478615,0.0556063,188.57143884775647
4eb63467-31d2-4ffd-9fae-f67eb4ccc31e,10485760:17:AES-256:encrypt,2,0,AES-256,aesni,CBC,10485760,17,encrypt,23159500,15625000,0.6746691422526393,0.0231595,452.7627971242903
4eb63467-31d2-4ffd-9fae-f67eb4ccc31e,10485760:17:AES-256:encrypt,2,1,AES-256,software,CBC,10485760,17,encrypt,60561600,62500000,1.0320070803941772,0.0605616,173.14205701302475
4eb63467-31d2-4ffd-9fae-f67eb4ccc31e,10485760:17:AES-256:decrypt,2,2,AES-256,aesni,CBC,10485760,17,decrypt,21421200,31250000,1.458835172632719,0.0214212,489.5038559931283
4eb63467-31d2-4ffd-9fae-f67eb4ccc31e,10485760:17:AES-256:decrypt,2,3,AES-256,software,CBC,10485760,17,decrypt,61253500,62500000,1.0203498575591599,0.0612535,171.1862995583926
4eb63467-31d2-4ffd-9fae-f67eb4ccc31e,10485760:18:AES-192:encrypt,0,0,AES-192,software,CBC,10485760,18,encrypt,52727900,62500000,1.185330726237912,0.0527279,198.86549625530316
4eb63467-31d2-4ffd-9fae-f67eb4ccc31e,10485760:18:AES-192:encrypt,0,1,AES-192,aesni,CBC,10485760,18,encrypt,21001600,15625000,0.7439909340240743,0.0210016,499.2838640865458
4eb63467-31d2-4ffd-9fae-f67eb4ccc31e,10485760:18:AES-192:decrypt,0,2,AES-192,aesni,CBC,10485760,18,decrypt,20340500,15625000,0.7681718738477422,0.0203405,515.5114181067329
4eb63467-31d2-4ffd-9fae-f67eb4ccc31e,10485760:18:AES-192:decrypt,0,3,AES-192,software,CBC,10485760,18,decrypt,53736200,46875000,0.8723169855702487,0.0537362,195.13400649841262
4eb63467-31d2-4ffd-9fae-f67eb4ccc31e,10485760:18:AES-256:encrypt,1,0,AES-256,software,CBC,10485760,18,encrypt,60276700,62500000,1.036884899140132,0.0602767,173.9604192001221
4eb63467-31d2-4ffd-9fae-f67eb4ccc31e,10485760:18:AES-256:decrypt,1,1,AES-256,aesni,CBC,10485760,18,decrypt,21741300,15625000,0.7186782759080643,0.0217413,482.2968267766877
4eb63467-31d2-4ffd-9fae-f67eb4ccc31e,10485760:18:AES-256:encrypt,1,2,AES-256,aesni,CBC,10485760,18,encrypt,22282700,15625000,0.7012166389171869,0.0222827,470.578520556306
4eb63467-31d2-4ffd-9fae-f67eb4ccc31e,10485760:18:AES-256:decrypt,1,3,AES-256,software,CBC,10485760,18,decrypt,60819800,62500000,1.0276258718377898,0.0608198,172.40701219010913
4eb63467-31d2-4ffd-9fae-f67eb4ccc31e,10485760:18:AES-128:encrypt,2,0,AES-128,aesni,CBC,10485760,18,encrypt,19696500,15625000,0.7932881476404438,0.0196965,532.3666641281446
4eb63467-31d2-4ffd-9fae-f67eb4ccc31e,10485760:18:AES-128:encrypt,2,1,AES-128,software,CBC,10485760,18,encrypt,48341000,46875000,0.9696737758838253,0.048341,216.91235183384705
4eb63467-31d2-4ffd-9fae-f67eb4ccc31e,10485760:18:AES-128:decrypt,2,2,AES-128,aesni,CBC,10485760,18,decrypt,18785200,15625000,0.8317718203692268,0.0187852,558.1926197219087
4eb63467-31d2-4ffd-9fae-f67eb4ccc31e,10485760:18:AES-128:decrypt,2,3,AES-128,software,CBC,10485760,18,decrypt,47900500,46875000,0.9785910376718406,0.0479005,218.9071095291281
4eb63467-31d2-4ffd-9fae-f67eb4ccc31e,10485760:19:AES-256:decrypt,0,0,AES-256,software,CBC,10485760,19,decrypt,60981500,62500000,1.0249009945639251,0.0609815,171.949853644138
4eb63467-31d2-4ffd-9fae-f67eb4ccc31e,10485760:19:AES-256:encrypt,0,1,AES-256,software,CBC,10485760,19,encrypt,60762000,62500000,1.0286034034429412,0.060762,172.5710147789737
4eb63467-31d2-4ffd-9fae-f67eb4ccc31e,10485760:19:AES-256:encrypt,0,2,AES-256,aesni,CBC,10485760,19,encrypt,22514900,31250000,1.3879697444803218,0.0225149,465.72536409222334
4eb63467-31d2-4ffd-9fae-f67eb4ccc31e,10485760:19:AES-256:decrypt,0,3,AES-256,aesni,CBC,10485760,19,decrypt,21028400,15625000,0.7430427421962679,0.0210284,498.647543322364
4eb63467-31d2-4ffd-9fae-f67eb4ccc31e,10485760:19:AES-128:decrypt,1,0,AES-128,software,CBC,10485760,19,decrypt,45608900,46875000,1.0277599328201295,0.0456089,229.90600518758401
4eb63467-31d2-4ffd-9fae-f67eb4ccc31e,10485760:19:AES-128:encrypt,1,1,AES-128,software,CBC,10485760,19,encrypt,46678200,46875000,1.0042161008779258,0.0466782,224.63933913475668
4eb63467-31d2-4ffd-9fae-f67eb4ccc31e,10485760:19:AES-128:decrypt,1,2,AES-128,aesni,CBC,10485760,19,decrypt,18589300,31250000,1.6810745966765828,0.0185893,564.0750324111182
4eb63467-31d2-4ffd-9fae-f67eb4ccc31e,10485760:19:AES-128:encrypt,1,3,AES-128,aesni,CBC,10485760,19,encrypt,19428200,15625000,0.8042433164163433,0.0194282,539.7185534429335
4eb63467-31d2-4ffd-9fae-f67eb4ccc31e,10485760:19:AES-192:decrypt,2,0,AES-192,software,CBC,10485760,19,decrypt,53521300,62500000,1.1677593780420132,0.0535213,195.91751321436513
4eb63467-31d2-4ffd-9fae-f67eb4ccc31e,10485760:19:AES-192:encrypt,2,1,AES-192,software,CBC,10485760,19,encrypt,58117900,62500000,1.0754001779142055,0.0581179,180.42221071305053
4eb63467-31d2-4ffd-9fae-f67eb4ccc31e,10485760:19:AES-192:decrypt,2,2,AES-192,aesni,CBC,10485760,19,decrypt,24327500,15625000,0.64227725824684,0.0243275,431.02497173980066
4eb63467-31d2-4ffd-9fae-f67eb4ccc31e,10485760:19:AES-192:encrypt,2,3,AES-192,aesni,CBC,10485760,19,encrypt,22573000,15625000,0.6921986443981748,0.022573,464.5266468790148
4eb63467-31d2-4ffd-9fae-f67eb4ccc31e,1048576:0:AES-256:encrypt,0,0,AES-256,software,CBC,1048576,0,encrypt,6034500,15625000,2.5892783163476674,0.0060345,173.7635263899246
4eb63467-31d2-4ffd-9fae-f67eb4ccc31e,1048576:0:AES-256:encrypt,0,1,AES-256,aesni,CBC,1048576,0,encrypt,2291700,0,0.0,0.0022917,457.5537810359122
4eb63467-31d2-4ffd-9fae-f67eb4ccc31e,1048576:0:AES-256:decrypt,0,2,AES-256,aesni,CBC,1048576,0,decrypt,2448200,0,0.0,0.0024482,428.3048770525284
4eb63467-31d2-4ffd-9fae-f67eb4ccc31e,1048576:0:AES-256:decrypt,0,3,AES-256,software,CBC,1048576,0,decrypt,6356800,0,0.0,0.0063568,164.95343569091366
4eb63467-31d2-4ffd-9fae-f67eb4ccc31e,1048576:0:AES-128:encrypt,1,0,AES-128,software,CBC,1048576,0,encrypt,4723200,0,0.0,0.0047232,222.00542005420056
4eb63467-31d2-4ffd-9fae-f67eb4ccc31e,1048576:0:AES-128:encrypt,1,1,AES-128,aesni,CBC,1048576,0,encrypt,2069800,0,0.0,0.0020698,506.60740168132185
4eb63467-31d2-4ffd-9fae-f67eb4ccc31e,1048576:0:AES-128:decrypt,1,2,AES-128,aesni,CBC,1048576,0,decrypt,2148500,0,0.0,0.0021485,488.05026762857807
4eb63467-31d2-4ffd-9fae-f67eb4ccc31e,1048576:0:AES-128:decrypt,1,3,AES-128,software,CBC,1048576,0,decrypt,5167300,15625000,3.0238228862268497,0.0051673,202.92531883188514
4eb63467-31d2-4ffd-9fae-f67eb4ccc31e,1048576:0:AES-192:encrypt,2,0,AES-192,software,CBC,1048576,0,encrypt,5853600,0,0.0,0.0058536,179.13352466858
4eb63467-31d2-4ffd-9fae-f67eb4ccc31e,1048576:0:AES-192:decrypt,2,1,AES-192,aesni,CBC,1048576,0,decrypt,2085600,0,0.0,0.0020856,502.76946682009975
4eb63467-31d2-4ffd-9fae-f67eb4ccc31e,1048576:0:AES-192:encrypt,2,2,AES-192,aesni,CBC,1048576,0,encrypt,2091300,15625000,7.471429254530674,0.0020913,501.3991297279204
4eb63467-31d2-4ffd-9fae-f67eb4ccc31e,1048576:0:AES-192:decrypt,2,3,AES-192,software,CBC,1048576,0,decrypt,5306200,0,0.0,0.0053062,197.61335795861444
4eb63467-31d2-4ffd-9fae-f67eb4ccc31e,1048576:1:AES-128:encrypt,0,0,AES-128,aesni,CBC,1048576,1,encrypt,1962900,0,0.0,0.0019629,534.1973610474298
4eb63467-31d2-4ffd-9fae-f67eb4ccc31e,1048576:1:AES-128:encrypt,0,1,AES-128,software,CBC,1048576,1,encrypt,4650600,15625000,3.3597815335655614,0.0046506,225.4711220057627
4eb63467-31d2-4ffd-9fae-f67eb4ccc31e,1048576:1:AES-128:decrypt,0,2,AES-128,software,CBC,1048576,1,decrypt,4630000,0,0.0,0.00463,226.4742980561555
4eb63467-31d2-4ffd-9fae-f67eb4ccc31e,1048576:1:AES-128:decrypt,0,3,AES-128,aesni,CBC,1048576,1,decrypt,1856000,0,0.0,0.001856,564.9655172413793
4eb63467-31d2-4ffd-9fae-f67eb4ccc31e,1048576:1:AES-192:decrypt,1,0,AES-192,aesni,CBC,1048576,1,decrypt,2068100,0,0.0,0.0020681,507.02383830569124
4eb63467-31d2-4ffd-9fae-f67eb4ccc31e,1048576:1:AES-192:encrypt,1,1,AES-192,software,CBC,1048576,1,encrypt,5346800,0,0.0,0.0053468,196.11281514176704
4eb63467-31d2-4ffd-9fae-f67eb4ccc31e,1048576:1:AES-192:decrypt,1,2,AES-192,software,CBC,1048576,1,decrypt,5565800,0,0.0,0.0055658,188.39627726472384
4eb63467-31d2-4ffd-9fae-f67eb4ccc31e,1048576:1:AES-192:encrypt,1,3,AES-192,aesni,CBC,1048576,1,encrypt,2079800,0,0.0,0.0020798,504.17155495720743
4eb63467-31d2-4ffd-9fae-f67eb4ccc31e,1048576:1:AES-256:encrypt,2,0,AES-256,software,CBC,1048576,1,encrypt,6107500,0,0.0,0.0061075,171.6866148178469
4eb63467-31d2-4ffd-9fae-f67eb4ccc31e,1048576:1:AES-256:decrypt,2,1,AES-256,software,CBC,1048576,1,decrypt,6234500,15625000,2.5062154142272837,0.0062345,168.18926938808244
4eb63467-31d2-4ffd-9fae-f67eb4ccc31e,1048576:1:AES-256:decrypt,2,2,AES-256,aesni,CBC,1048576,1,decrypt,2189100,0,0.0,0.0021891,478.99867525467084
4eb63467-31d2-4ffd-9fae-f67eb4ccc31e,1048576:1:AES-256:encrypt,2,3,AES-256,aesni,CBC,1048576,1,encrypt,2185000,0,0.0,0.002185,479.8974828375286
4eb63467-31d2-4ffd-9fae-f67eb4ccc31e,1048576:2:AES-192:decrypt,0,0,AES-192,software,CBC,1048576,2,decrypt,5361100,15625000,2.91451381246386,0.0053611,195.5897110667587
4eb63467-31d2-4ffd-9fae-f67eb4ccc31e,1048576:2:AES-192:encrypt,0,1,AES-192,aesni,CBC,1048576,2,encrypt,2088200,0,0.0,0.0020882,502.1434728474284
4eb63467-31d2-4ffd-9fae-f67eb4ccc31e,1048576:2:AES-192:encrypt,0,2,AES-192,software,CBC,1048576,2,encrypt,5299000,0,0.0,0.005299,197.88186450273636
4eb63467-31d2-4ffd-9fae-f67eb4ccc31e,1048576:2:AES-192:decrypt,0,3,AES-192,aesni,CBC,1048576,2,decrypt,2064800,0,0.0,0.0020648,507.83417280123984
4eb63467-31d2-4ffd-9fae-f67eb4ccc31e,1048576:2:AES-128:encrypt,1,0,AES-128,aesni,CBC,1048576,2,encrypt,1964000,0,0.0,0.001964,533.8981670061099
4eb63467-31d2-4ffd-9fae-f67eb4ccc31e,1048576:2:AES-128:encrypt,1,1,AES-128,software,CBC,1048576,2,encrypt,4617300,0,0.0,0.0046173,227.09722131981894
4eb63467-31d2-4ffd-9fae-f67eb4ccc31e,1048576:2:AES-128:decrypt,1,2,AES-128,aesni,CBC,1048576,2,decrypt,1938600,0,0.0,0.0019386,540.8934282471887
4eb63467-31d2-4ffd-9fae-f67eb4ccc31e,1048576:2:AES-128:decrypt,1,3,AES-128,software,CBC,1048576,2,decrypt,4688400,15625000,3.332693456189745,0.0046884,223.65327190512755
4eb63467-31d2-4ffd-9fae-f67eb4ccc31e,1048576:2:AES-256:decrypt,2,0,AES-256,aesni,CBC,1048576,2,decrypt,2201200,0,0.0,0.0022012,476.3656187534072
4eb63467-31d2-4ffd-9fae-f67eb4ccc31e,1048576:2:AES-256:encrypt,2,1,AES-256,software,CBC,1048576,2,encrypt,6811200,15625000,2.2940157387831808,0.0068112,153.94879022786
4eb63467-31d2-4ffd-9fae-f67eb4ccc31e,1048576:2:AES-256:decrypt,2,2,AES-256,software,CBC,1048576,2,decrypt,6272600,0,0.0,0.0062726,167.1676816631062
4eb63467-31d2-4ffd-9fae-f67eb4ccc31e,1048576:2:AES-256:encrypt,2,3,AES-256,aesni,CBC,1048576,2,encrypt,2206500,0,0.0,0.0022065,475.2213913437571
4eb63467-31d2-4ffd-9fae-f67eb4ccc31e,1048576:3:AES-192:encrypt,0,0,AES-192,aesni,CBC,1048576,3,encrypt,2095600,0,0.0,0.0020956,500.3702996755106
4eb63467-31d2-4ffd-9fae-f67eb4ccc31e,1048576:3:AES-192:encrypt,0,1,AES-192,software,CBC,1048576,3,encrypt,5390400,0,0.0,0.0053904,194.52656574651232
4eb63467-31d2-4ffd-9fae-f67eb4ccc31e,1048576:3:AES-192:decrypt,0,2,AES-192,software,CBC,1048576,3,decrypt,5620300,0,0.0,0.0056203,186.56940020995322
4eb63467-31d2-4ffd-9fae-f67eb4ccc31e,1048576:3:AES-192:decrypt,0,3,AES-192,aesni,CBC,1048576,3,decrypt,2086500,15625000,7.488617301701414,0.0020865,502.55260004792717
4eb63467-31d2-4ffd-9fae-f67eb4ccc31e,1048576:3:AES-256:encrypt,1,0,AES-256,aesni,CBC,1048576,3,encrypt,2204300,0,0.0,0.0022043,475.69568570521255
4eb63467-31d2-4ffd-9fae-f67eb4ccc31e,1048576:3:AES-256:decrypt,1,1,AES-256,aesni,CBC,1048576,3,decrypt,2341200,0,0.0,0.0023412,447.87971980181106
4eb63467-31d2-4ffd-9fae-f67eb4ccc31e,1048576:3:AES-256:decrypt,1,2,AES-256,software,CBC,1048576,3,decrypt,6135100,15625000,2.546820752717967,0.0061351,170.91424752652767
4eb63467-31d2-4ffd-9fae-f67eb4ccc31e,1048576:3:AES-256:encrypt,1,3,AES-256,software,CBC,1048576,3,encrypt,5962600,0,0.0,0.0059626,175.8588535202764
4eb63467-31d2-4ffd-9fae-f67eb4ccc31e,1048576:3:AES-128:decrypt,2,0,AES-128,software,CBC,1048576,3,decrypt,4619000,15625000,3.3827668326477593,0.004619,227.01363931586923
4eb63467-31d2-4ffd-9fae-f67eb4ccc31e,1048576:3:AES-128:decrypt,2,1,AES-128,aesni,CBC,1048576,3,decrypt,1925300,0,0.0,0.0019253,544.6299278034592
4eb63467-31d2-4ffd-9fae-f67eb4ccc31e,1048576:3:AES-128:encrypt,2,2,AES-128,aesni,CBC,1048576,3,encrypt,1974400,0,0.0,0.0019744,531.0858995137763
4eb63467-31d2-4ffd-9fae-f67eb4ccc31e,1048576:3:AES-128:encrypt,2,3,AES-128,software,CBC,1048576,3,encrypt,4841700,0,0.0,0.0048417,216.57186525393973
4eb63467-31d2-4ffd-9fae-f67eb4ccc31e,1048576:4:AES-256:encrypt,0,0,AES-256,software,CBC,1048576,4,encrypt,5982100,0,0.0,0.0059821,175.2856020461042
4eb63467-31d2-4ffd-9fae-f67eb4ccc31e,1048576:4:AES-256:encrypt,0,1,AES-256,aesni,CBC,1048576,4,encrypt,2203300,0,0.0,0.0022033,475.9115871647075
4eb63467-31d2-4ffd-9fae-f67eb4ccc31e,1048576:4:AES-256:decrypt,0,2,AES-256,aesni,CBC,1048576,4,decrypt,2298900,0,0.0,0.0022989,456.1207534038018
4eb63467-31d2-4ffd-9fae-f67eb4ccc31e,1048576:4:AES-256:decrypt,0,3,AES-256,software,CBC,1048576,4,decrypt,6003000,15625000,2.602865234049642,0.006003,174.6753290021656
4eb63467-31d2-4ffd-9fae-f67eb4ccc31e,1048576:4:AES-128:encrypt,1,0,AES-128,software,CBC,1048576,4,encrypt,4712200,0,0.0,0.0047122,222.52366198378675
4eb63467-31d2-4ffd-9fae-f67eb4ccc31e,1048576:4:AES-128:decrypt,1,1,AES-128,software,CBC,1048576,4,decrypt,4596000,15625000,3.3996953872932987,0.004596,228.1496953872933
4eb63467-31d2-4ffd-9fae-f67eb4ccc31e,1048576:4:AES-128:decrypt,1,2,AES-128,aesni,CBC,1048576,4,decrypt,1874800,0,0.0,0.0018748,559.3001920204822
4eb63467-31d2-4ffd-9fae-f67eb4ccc31e,1048576:4:AES-128:encrypt,1,3,AES-128,aesni,CBC,1048576,4,encrypt,1947600,0,0.0,0.0019476,538.3939207229411
4eb63467-31d2-4ffd-9fae-f67eb4ccc31e,1048576:4:AES-192:encrypt,2,0,AES-192,software,CBC,1048576,4,encrypt,5521200,15625000,2.8300007244801852,0.0055212,189.91813373904225
4eb63467-31d2-4ffd-9fae-f67eb4ccc31e,1048576:4:AES-192:encrypt,2,1,AES-192,aesni,CBC,1048576,4,encrypt,2169500,0,0.0,0.0021695,483.32611200737495
4eb63467-31d2-4ffd-9fae-f67eb4ccc31e,1048576:4:AES-192:decrypt,2,2,AES-192,aesni,CBC,1048576,4,decrypt,2215200,0,0.0,0.0022152,473.355001805706
4eb63467-31d2-4ffd-9fae-f67eb4ccc31e,1048576:4:AES-192:decrypt,2,3,AES-192,software,CBC,1048576,4,decrypt,11216100,0,0.0,0.0112161,93.48846747086777
4eb63467-31d2-4ffd-9fae-f67eb4ccc31e,1048576:5:AES-256:decrypt,0,0,AES-256,software,CBC,1048576,5,decrypt,6814300,15625000,2.2929721321338947,0.0068143,153.87875497116357
4eb63467-31d2-4ffd-9fae-f67eb4ccc31e,1048576:5:AES-256:decrypt,0,1,AES-256,aesni,CBC,1048576,5,decrypt,2537500,0,0.0,0.0025375,413.23192118226603
4eb63467-31d2-4ffd-9fae-f67eb4ccc31e,1048576:5:AES-256:encrypt,0,2,AES-256,software,CBC,1048576,5,encrypt,8462000,15625000,1.846490191444103,0.008462,123.91585913495628
4eb63467-31d2-4ffd-9fae-f67eb4ccc31e,1048576:5:AES-256:encrypt,0,3,AES-256,aesni,CBC,1048576,5,encrypt,3232100,0,0.0,0.0032321,324.42560564338976
4eb63467-31d2-4ffd-9fae-f67eb4ccc31e,1048576:5:AES-128:decrypt,1,0,AES-128,aesni,CBC,1048576,5,decrypt,2058800,0,0.0,0.0020588,509.314163590441
4eb63467-31d2-4ffd-9fae-f67eb4ccc31e,1048576:5:AES-128:decrypt,1,1,AES-128,software,CBC,1048576,5,decrypt,5128400,15625000,3.0467592231495204,0.0051284,204.4645503470868
4eb63467-31d2-4ffd-9fae-f67eb4ccc31e,1048576:5:AES-128:encrypt,1,2,AES-128,aesni,CBC,1048576,5,encrypt,2058000,0,0.0,0.002058,509.5121477162293
4eb63467-31d2-4ffd-9fae-f67eb4ccc31e,1048576:5:AES-128:encrypt,1,3,AES-128,software,CBC,1048576,5,encrypt,4886100,0,0.0,0.0048861,214.6038763021633
4eb63467-31d2-4ffd-9fae-f67eb4ccc31e,1048576:5:AES-192:decrypt,2,0,AES-192,software,CBC,1048576,5,decrypt,5952500,0,0.0,0.0059525,176.1572448551029
4eb63467-31d2-4ffd-9fae-f67eb4ccc31e,1048576:5:AES-192:encrypt,2,1,AES-192,software,CBC,1048576,5,encrypt,7862000,15625000,1.9874077842788094,0.007862,133.37267870770796
4eb63467-31d2-4ffd-9fae-f67eb4ccc31e,1048576:5:AES-192:decrypt,2,2,AES-192,aesni,CBC,1048576,5,decrypt,2116900,0,0.0,0.0021169,495.3356322925032
4eb63467-31d2-4ffd-9fae-f67eb4ccc31e,1048576:5:AES-192:encrypt,2,3,AES-192,aesni,CBC,1048576,5,encrypt,2118300,0,0.0,0.0021183,495.00826134164186
4eb63467-31d2-4ffd-9fae-f67eb4ccc31e,1048576:6:AES-128:encrypt,0,0,AES-128,software,CBC,1048576,6,encrypt,5029300,15625000,3.106794186069632,0.0050293,208.49342850893763
4eb63467-31d2-4ffd-9fae-f67eb4ccc31e,1048576:6:AES-128:decrypt,0,1,AES-128,software,CBC,1048576,6,decrypt,4704900,0,0.0,0.0047049,222.8689238878616
4eb63467-31d2-4ffd-9fae-f67eb4ccc31e,1048576:6:AES-128:decrypt,0,2,AES-128,aesni,CBC,1048576,6,decrypt,1919300,0,0.0,0.0019193,546.3325170635127
4eb63467-31d2-4ffd-9fae-f67eb4ccc31e,1048576:6:AES-128:encrypt,0,3,AES-128,aesni,CBC,1048576,6,encrypt,2059000,0,0.0,0.002059,509.264691597863
4eb63467-31d2-4ffd-9fae-f67eb4ccc31e,1048576:6:AES-192:decrypt,1,0,AES-192,aesni,CBC,1048576,6,decrypt,2110800,0,0.0,0.0021108,496.7671025203714
4eb63467-31d2-4ffd-9fae-f67eb4ccc31e,1048576:6:AES-192:encrypt,1,1,AES-192,aesni,CBC,1048576,6,encrypt,2111600,0,0.0,0.0021116,496.57889751846943
4eb63467-31d2-4ffd-9fae-f67eb4ccc31e,1048576:6:AES-192:decrypt,1,2,AES-192,software,CBC,1048576,6,decrypt,5495600,0,0.0,0.0054956,190.80282407744377
4eb63467-31d2-4ffd-9fae-f67eb4ccc31e,1048576:6:AES-192:encrypt,1,3,AES-192,software,CBC,1048576,6,encrypt,5330800,15625000,2.9310797628873715,0.0053308,196.70143318076086
4eb63467-31d2-4ffd-9fae-f67eb4ccc31e,1048576:6:AES-256:decrypt,2,0,AES-256,aesni,CBC,1048576,6,decrypt,2171400,0,0.0,0.0021714,482.9031960946855
4eb63467-31d2-4ffd-9fae-f67eb4ccc31e,1048576:6:AES-256:decrypt,2,1,AES-256,software,CBC,1048576,6,decrypt,6164500,15625000,2.534674345040149,0.0061645,170.09911590558846
4eb63467-31d2-4ffd-9fae-f67eb4ccc31e,1048576:6:AES-256:encrypt,2,2,AES-256,aesni,CBC,1048576,6,encrypt,2184000,0,0.0,0.002184,480.1172161172161
4eb63467-31d2-4ffd-9fae-f67eb4ccc31e,1048576:6:AES-256:encrypt,2,3,AES-256,software,CBC,1048576,6,encrypt,6054700,0,0.0,0.0060547,173.1838076205262
4eb63467-31d2-4ffd-9fae-f67eb4ccc31e,1048576:7:AES-128:encrypt,0,0,AES-128,aesni,CBC,1048576,7,encrypt,1992300,15625000,7.842694373337348,0.0019923,526.3143100938614
4eb63467-31d2-4ffd-9fae-f67eb4ccc31e,1048576:7:AES-128:decrypt,0,1,AES-128,aesni,CBC,1048576,7,decrypt,1884400,0,0.0,0.0018844,556.450859690087
4eb63467-31d2-4ffd-9fae-f67eb4ccc31e,1048576:7:AES-128:encrypt,0,2,AES-128,software,CBC,1048576,7,encrypt,4759400,0,0.0,0.0047594,220.31684666134387
4eb63467-31d2-4ffd-9fae-f67eb4ccc31e,1048576:7:AES-128:decrypt,0,3,AES-128,software,CBC,1048576,7,decrypt,4737600,0,0.0,0.0047376,221.3306315433975
4eb63467-31d2-4ffd-9fae-f67eb4ccc31e,1048576:7:AES-192:encrypt,1,0,AES-192,aesni,CBC,1048576,7,encrypt,2048900,0,0.0,0.0020489,511.7750988335204
4eb63467-31d2-4ffd-9fae-f67eb4ccc31e,1048576:7:AES-192:encrypt,1,1,AES-192,software,CBC,1048576,7,encrypt,5279300,0,0.0,0.0052793,198.62027162692024
4eb63467-31d2-4ffd-9fae-f67eb4ccc31e,1048576:7:AES-192:decrypt,1,2,AES-192,software,CBC,1048576,7,decrypt,5492800,15625000,2.844632974075153,0.0054928,190.90008738712496
4eb63467-31d2-4ffd-9fae-f67eb4ccc31e,1048576:7:AES-192:decrypt,1,3,AES-192,aesni,CBC,1048576,7,decrypt,2073800,0,0.0,0.0020738,505.6302439965281
4eb63467-31d2-4ffd-9fae-f67eb4ccc31e,1048576:7:AES-256:decrypt,2,0,AES-256,software,CBC,1048576,7,decrypt,6171700,0,0.0,0.0061717,169.90067566472771
4eb63467-31d2-4ffd-9fae-f67eb4ccc31e,1048576:7:AES-256:encrypt,2,1,AES-256,software,CBC,1048576,7,encrypt,5960400,15625000,2.6214683578283338,0.0059604,175.92376350580497
4eb63467-31d2-4ffd-9fae-f67eb4ccc31e,1048576:7:AES-256:encrypt,2,2,AES-256,aesni,CBC,1048576,7,encrypt,2167400,0,0.0,0.0021674,483.79440804650733
4eb63467-31d2-4ffd-9fae-f67eb4ccc31e,1048576:7:AES-256:decrypt,2,3,AES-256,aesni,CBC,1048576,7,decrypt,2165100,0,0.0,0.0021651,484.3083460348252
4eb63467-31d2-4ffd-9fae-f67eb4ccc31e,1048576:8:AES-128:encrypt,0,0,AES-128,software,CBC,1048576,8,encrypt,4749300,0,0.0,0.0047493,220.78537889794285
4eb63467-31d2-4ffd-9fae-f67eb4ccc31e,1048576:8:AES-128:decrypt,0,1,AES-128,software,CBC,1048576,8,decrypt,4787900,0,0.0,0.0047879,219.0054094697049
4eb63467-31d2-4ffd-9fae-f67eb4ccc31e,1048576:8:AES-128:encrypt,0,2,AES-128,aesni,CBC,1048576,8,encrypt,2436900,0,0.0,0.0024369,430.2909434117116
4eb63467-31d2-4ffd-9fae-f67eb4ccc31e,1048576:8:AES-128:decrypt,0,3,AES-128,aesni,CBC,1048576,8,decrypt,1836200,0,0.0,0.0018362,571.0576189957521
4eb63467-31d2-4ffd-9fae-f67eb4ccc31e,1048576:8:AES-256:decrypt,1,0,AES-256,software,CBC,1048576,8,decrypt,6030500,0,0.0,0.0060305,173.87878285382638
4eb63467-31d2-4ffd-9fae-f67eb4ccc31e,1048576:8:AES-256:encrypt,1,1,AES-256,aesni,CBC,1048576,8,encrypt,2217600,0,0.0,0.0022176,472.84271284271284
4eb63467-31d2-4ffd-9fae-f67eb4ccc31e,1048576:8:AES-256:encrypt,1,2,AES-256,software,CBC,1048576,8,encrypt,5890000,15625000,2.6528013582342953,0.00589,178.02648556876062
4eb63467-31d2-4ffd-9fae-f67eb4ccc31e,1048576:8:AES-256:decrypt,1,3,AES-256,aesni,CBC,1048576,8,decrypt,2119300,0,0.0,0.0021193,494.77468975605154
4eb63467-31d2-4ffd-9fae-f67eb4ccc31e,1048576:8:AES-192:decrypt,2,0,AES-192,software,CBC,1048576,8,decrypt,5402200,15625000,2.892340157713524,0.0054022,194.10166228573544
4eb63467-31d2-4ffd-9fae-f67eb4ccc31e,1048576:8:AES-192:encrypt,2,1,AES-192,aesni,CBC,1048576,8,encrypt,2052300,0,0.0,0.0020523,510.9272523510208
4eb63467-31d2-4ffd-9fae-f67eb4ccc31e,1048576:8:AES-192:encrypt,2,2,AES-192,software,CBC,1048576,8,encrypt,5165600,0,0.0,0.0051656,202.99210159516804
4eb63467-31d2-4ffd-9fae-f67eb4ccc31e,1048576:8:AES-192:decrypt,2,3,AES-192,aesni,CBC,1048576,8,decrypt,1984100,0,0.0,0.0019841,528.4894914570838
4eb63467-31d2-4ffd-9fae-f67eb4ccc31e,1048576:9:AES-192:decrypt,0,0,AES-192,software,CBC,1048576,9,decrypt,5432500,0,0.0,0.0054325,193.01905200184078
4eb63467-31d2-4ffd-9fae-f67eb4ccc31e,1048576:9:AES-192:decrypt,0,1,AES-192,aesni,CBC,1048576,9,decrypt,2081200,0,0.0,0.0020812,503.83240438208725
4eb63467-31d2-4ffd-9fae-f67eb4ccc31e,1048576:9:AES-192:encrypt,0,2,AES-192,aesni,CBC,1048576,9,encrypt,2095200,0,0.0,0.0020952,500.4658266513937
4eb63467-31d2-4ffd-9fae-f67eb4ccc31e,1048576:9:AES-192:encrypt,0,3,AES-192,software,CBC,1048576,9,encrypt,5402000,15625000,2.8924472417623104,0.005402,194.108848574602
4eb63467-31d2-4ffd-9fae-f67eb4ccc31e,1048576:9:AES-128:decrypt,1,0,AES-128,software,CBC,1048576,9,decrypt,4627600,0,0.0,0.0046276,226.59175382487683
4eb63467-31d2-4ffd-9fae-f67eb4ccc31e,1048576:9:AES-128:decrypt,1,1,AES-128,aesni,CBC,1048576,9,decrypt,1823200,0,0.0,0.0018232,575.129442738043
4eb63467-31d2-4ffd-9fae-f67eb4ccc31e,1048576:9:AES-128:encrypt,1,2,AES-128,aesni,CBC,1048576,9,encrypt,2132700,15625000,7.326393773151405,0.0021327,491.66596333286446
4eb63467-31d2-4ffd-9fae-f67eb4ccc31e,1048576:9:AES-128:encrypt,1,3,AES-128,software,CBC,1048576,9,encrypt,4581800,0,0.0,0.0045818,228.85678117770308
4eb63467-31d2-4ffd-9fae-f67eb4ccc31e,1048576:9:AES-256:decrypt,2,0,AES-256,aesni,CBC,1048576,9,decrypt,2291800,0,0.0,0.0022918,457.53381621432936
4eb63467-31d2-4ffd-9fae-f67eb4ccc31e,1048576:9:AES-256:encrypt,2,1,AES-256,software,CBC,1048576,9,encrypt,5988000,15625000,2.60938543754175,0.005988,175.11289245156982
4eb63467-31d2-4ffd-9fae-f67eb4ccc31e,1048576:9:AES-256:decrypt,2,2,AES-256,software,CBC,1048576,9,decrypt,5994000,0,0.0,0.005994,174.9376042709376
4eb63467-31d2-4ffd-9fae-f67eb4ccc31e,1048576:9:AES-256:encrypt,2,3,AES-256,aesni,CBC,1048576,9,encrypt,2250400,0,0.0,0.0022504,465.95094205474584
4eb63467-31d2-4ffd-9fae-f67eb4ccc31e,1048576:10:AES-192:encrypt,0,0,AES-192,software,CBC,1048576,10,encrypt,5183200,0,0.0,0.0051832,202.30282450995523
4eb63467-31d2-4ffd-9fae-f67eb4ccc31e,1048576:10:AES-192:decrypt,0,1,AES-192,aesni,CBC,1048576,10,decrypt,2025400,0,0.0,0.0020254,517.7130443369211
4eb63467-31d2-4ffd-9fae-f67eb4ccc31e,1048576:10:AES-192:decrypt,0,2,AES-192,software,CBC,1048576,10,decrypt,5495300,0,0.0,0.0054953,190.81324040543737
4eb63467-31d2-4ffd-9fae-f67eb4ccc31e,1048576:10:AES-192:encrypt,0,3,AES-192,aesni,CBC,1048576,10,encrypt,2109400,15625000,7.407319616952688,0.0021094,497.09680477861
4eb63467-31d2-4ffd-9fae-f67eb4ccc31e,1048576:10:AES-256:encrypt,1,0,AES-256,software,CBC,1048576,10,encrypt,5990300,0,0.0,0.0059903,175.0456571457189
4eb63467-31d2-4ffd-9fae-f67eb4ccc31e,1048576:10:AES-256:decrypt,1,1,AES-256,software,CBC,1048576,10,decrypt,5995200,15625000,2.6062516680010677,0.0059952,174.9025887376568
4eb63467-31d2-4ffd-9fae-f67eb4ccc31e,1048576:10:AES-256:encrypt,1,2,AES-256,aesni,CBC,1048576,10,encrypt,2167800,0,0.0,0.0021678,483.70513885044744
4eb63467-31d2-4ffd-9fae-f67eb4ccc31e,1048576:10:AES-256:decrypt,1,3,AES-256,aesni,CBC,1048576,10,decrypt,2198800,0,0.0,0.0021988,476.88557394942694
4eb63467-31d2-4ffd-9fae-f67eb4ccc31e,1048576:10:AES-128:encrypt,2,0,AES-128,software,CBC,1048576,10,encrypt,5408900,15625000,2.88875741832905,0.0054089,193.86122871563535
4eb63467-31d2-4ffd-9fae-f67eb4ccc31e,1048576:10:AES-128:encrypt,2,1,AES-128,aesni,CBC,1048576,10,encrypt,2050200,0,0.0,0.0020502,511.45059018632327
4eb63467-31d2-4ffd-9fae-f67eb4ccc31e,1048576:10:AES-128:decrypt,2,2,AES-128,software,CBC,1048576,10,decrypt,4811400,0,0.0,0.0048114,217.9357359604273
4eb63467-31d2-4ffd-9fae-f67eb4ccc31e,1048576:10:AES-128:decrypt,2,3,AES-128,aesni,CBC,1048576,10,decrypt,1863500,0,0.0,0.0018635,562.6917091494499
4eb63467-31d2-4ffd-9fae-f67eb4ccc31e,1048576:11:AES-128:decrypt,0,0,AES-128,software,CBC,1048576,11,decrypt,5030200,0,0.0,0.0050302,208.45612500496998
4eb63467-31d2-4ffd-9fae-f67eb4ccc31e,1048576:11:AES-128:encrypt,0,1,AES-128,aesni,CBC,1048576,11,encrypt,1981000,0,0.0,0.001981,529.31650681474
4eb63467-31d2-4ffd-9fae-f67eb4ccc31e,1048576:11:AES-128:decrypt,0,2,AES-128,aesni,CBC,1048576,11,decrypt,1867700,0,0.0,0.0018677,561.4263532687262
4eb63467-31d2-4ffd-9fae-f67eb4ccc31e,1048576:11:AES-128:encrypt,0,3,AES-128,software,CBC,1048576,11,encrypt,4727500,15625000,3.305129561078794,0.0047275,221.8034902168165
4eb63467-31d2-4ffd-9fae-f67eb4ccc31e,1048576:11:AES-192:decrypt,1,0,AES-192,software,CBC,1048576,11,decrypt,5303300,0,0.0,0.0053033,197.72141873927555
4eb63467-31d2-4ffd-9fae-f67eb4ccc31e,1048576:11:AES-192:decrypt,1,1,AES-192,aesni,CBC,1048576,11,decrypt,2277700,15625000,6.859990341133599,0.0022777,460.36615884444836
4eb63467-31d2-4ffd-9fae-f67eb4ccc31e,1048576:11:AES-192:encrypt,1,2,AES-192,software,CBC,1048576,11,encrypt,5215400,0,0.0,0.0052154,201.05380220117345
4eb63467-31d2-4ffd-9fae-f67eb4ccc31e,1048576:11:AES-192:encrypt,1,3,AES-192,aesni,CBC,1048576,11,encrypt,2132400,0,0.0,0.0021324,491.735134121178
4eb63467-31d2-4ffd-9fae-f67eb4ccc31e,1048576:11:AES-256:decrypt,2,0,AES-256,software,CBC,1048576,11,decrypt,6540500,15625000,2.3889610886017887,0.0065405,160.3204647962694
4eb63467-31d2-4ffd-9fae-f67eb4ccc31e,1048576:11:AES-256:encrypt,2,1,AES-256,aesni,CBC,1048576,11,encrypt,2272500,0,0.0,0.0022725,461.4195819581958
4eb63467-31d2-4ffd-9fae-f67eb4ccc31e,1048576:11:AES-256:encrypt,2,2,AES-256,software,CBC,1048576,11,encrypt,6020900,0,0.0,0.0060209,174.15602318590243
4eb63467-31d2-4ffd-9fae-f67eb4ccc31e,1048576:11:AES-256:decrypt,2,3,AES-256,aesni,CBC,1048576,11,decrypt,2269700,15625000,6.8841697140591265,0.0022697,461.9888090937128
4eb63467-31d2-4ffd-9fae-f67eb4ccc31e,1048576:12:AES-256:decrypt,0,0,AES-256,software,CBC,1048576,12,decrypt,6059900,0,0.0,0.0060599,173.03519860063696
4eb63467-31d2-4ffd-9fae-f67eb4ccc31e,1048576:12:AES-256:decrypt,0,1,AES-256,aesni,CBC,1048576,12,decrypt,2228100,15625000,7.0127014047843454,0.0022281,470.61442484628157
4eb63467-31d2-4ffd-9fae-f67eb4ccc31e,1048576:12:AES-256:encrypt,0,2,AES-256,software,CBC,1048576,12,encrypt,6135300,0,0.0,0.0061353,170.90867602236239
4eb63467-31d2-4ffd-9fae-f67eb4ccc31e,1048576:12:AES-256:encrypt,0,3,AES-256,aesni,CBC,1048576,12,encrypt,2211500,0,0.0,0.0022115,474.1469590775492
4eb63467-31d2-4ffd-9fae-f67eb4ccc31e,1048576:12:AES-192:encrypt,1,0,AES-192,aesni,CBC,1048576,12,encrypt,2179100,15625000,7.170391446009821,0.0021791,481.19682437703636
4eb63467-31d2-4ffd-9fae-f67eb4ccc31e,1048576:12:AES-192:decrypt,1,1,AES-192,aesni,CBC,1048576,12,decrypt,2044100,0,0.0,0.0020441,512.9768602318869
4eb63467-31d2-4ffd-9fae-f67eb4ccc31e,1048576:12:AES-192:encrypt,1,2,AES-192,software,CBC,1048576,12,encrypt,5237400,0,0.0,0.0052374,200.20926413869478
4eb63467-31d2-4ffd-9fae-f67eb4ccc31e,1048576:12:AES-192:decrypt,1,3,AES-192,software,CBC,1048576,12,decrypt,5318400,0,0.0,0.0053184,197.16004813477738
4eb63467-31d2-4ffd-9fae-f67eb4ccc31e,1048576:12:AES-128:decrypt,2,0,AES-128,software,CBC,1048576,12,decrypt,4605700,0,0.0,0.0046057,227.66919252230932
4eb63467-31d2-4ffd-9fae-f67eb4ccc31e,1048576:12:AES-128:encrypt,2,1,AES-128,aesni,CBC,1048576,12,encrypt,1944300,0,0.0,0.0019443,539.3077200020573
4eb63467-31d2-4ffd-9fae-f67eb4ccc31e,1048576:12:AES-128:encrypt,2,2,AES-128,software,CBC,1048576,12,encrypt,4722500,15625000,3.308628904182107,0.0047225,222.03832715722604
4eb63467-31d2-4ffd-9fae-f67eb4ccc31e,1048576:12:AES-128:decrypt,2,3,AES-128,aesni,CBC,1048576,12,decrypt,1943200,0,0.0,0.0019432,539.6130094689172
4eb63467-31d2-4ffd-9fae-f67eb4ccc31e,1048576:13:AES-192:encrypt,0,0,AES-192,software,CBC,1048576,13,encrypt,5352400,0,0.0,0.0053524,195.9076302219565
4eb63467-31d2-4ffd-9fae-f67eb4ccc31e,1048576:13:AES-192:encrypt,0,1,AES-192,aesni,CBC,1048576,13,encrypt,2076000,0,0.0,0.002076,505.09441233140655
4eb63467-31d2-4ffd-9fae-f67eb4ccc31e,1048576:13:AES-192:decrypt,0,2,AES-192,aesni,CBC,1048576,13,decrypt,2513600,15625000,6.216183959261617,0.0025136,417.1610439210694
4eb63467-31d2-4ffd-9fae-f67eb4ccc31e,1048576:13:AES-192:decrypt,0,3,AES-192,software,CBC,1048576,13,decrypt,5543800,0,0.0,0.0055438,189.143908510408
4eb63467-31d2-4ffd-9fae-f67eb4ccc31e,1048576:13:AES-128:encrypt,1,0,AES-128,aesni,CBC,1048576,13,encrypt,2006600,0,0.0,0.0020066,522.563540316954
4eb63467-31d2-4ffd-9fae-f67eb4ccc31e,1048576:13:AES-128:decrypt,1,1,AES-128,software,CBC,1048576,13,decrypt,4967000,15625000,3.1457620293940005,0.004967,211.108516206966
4eb63467-31d2-4ffd-9fae-f67eb4ccc31e,1048576:13:AES-128:encrypt,1,2,AES-128,software,CBC,1048576,13,encrypt,4648300,0,0.0,0.0046483,225.5826861433212
4eb63467-31d2-4ffd-9fae-f67eb4ccc31e,1048576:13:AES-128:decrypt,1,3,AES-128,aesni,CBC,1048576,13,decrypt,1871600,0,0.0,0.0018716,560.256465056636
4eb63467-31d2-4ffd-9fae-f67eb4ccc31e,1048576:13:AES-256:decrypt,2,0,AES-256,software,CBC,1048576,13,decrypt,6108500,0,0.0,0.0061085,171.6585086355079
4eb63467-31d2-4ffd-9fae-f67eb4ccc31e,1048576:13:AES-256:encrypt,2,1,AES-256,software,CBC,1048576,13,encrypt,5963000,0,0.0,0.005963,175.84705685057858
4eb63467-31d2-4ffd-9fae-f67eb4ccc31e,1048576:13:AES-256:decrypt,2,2,AES-256,aesni,CBC,1048576,13,decrypt,2361600,15625000,6.616277100271002,0.0023616,444.0108401084011
4eb63467-31d2-4ffd-9fae-f67eb4ccc31e,1048576:13:AES-256:encrypt,2,3,AES-256,aesni,CBC,1048576,13,encrypt,2233800,0,0.0,0.0022338,469.4135553764885
4eb63467-31d2-4ffd-9fae-f67eb4ccc31e,1048576:14:AES-192:encrypt,0,0,AES-192,aesni,CBC,1048576,14,encrypt,2130000,0,0.0,0.00213,492.28920187793426
4eb63467-31d2-4ffd-9fae-f67eb4ccc31e,1048576:14:AES-192:decrypt,0,1,AES-192,aesni,CBC,1048576,14,decrypt,2826300,0,0.0,0.0028263,371.0066164243003
4eb63467-31d2-4ffd-9fae-f67eb4ccc31e,1048576:14:AES-192:encrypt,0,2,AES-192,software,CBC,1048576,14,encrypt,5502300,15625000,2.8397215709794086,0.0055023,190.5704887047235
4eb63467-31d2-4ffd-9fae-f67eb4ccc31e,1048576:14:AES-192:decrypt,0,3,AES-192,software,CBC,1048576,14,decrypt,5378600,0,0.0,0.0053786,194.95333358122932
4eb63467-31d2-4ffd-9fae-f67eb4ccc31e,1048576:14:AES-128:encrypt,1,0,AES-128,aesni,CBC,1048576,14,encrypt,1979400,0,0.0,0.0019794,529.7443669798929
4eb63467-31d2-4ffd-9fae-f67eb4ccc31e,1048576:14:AES-128:encrypt,1,1,AES-128,software,CBC,1048576,14,encrypt,4889000,0,0.0,0.004889,214.47658007772552
4eb63467-31d2-4ffd-9fae-f67eb4ccc31e,1048576:14:AES-128:decrypt,1,2,AES-128,software,CBC,1048576,14,decrypt,4619400,0,0.0,0.0046194,226.99398190241158
4eb63467-31d2-4ffd-9fae-f67eb4ccc31e,1048576:14:AES-128:decrypt,1,3,AES-128,aesni,CBC,1048576,14,decrypt,1974200,0,0.0,0.0019742,531.139702157836
4eb63467-31d2-4ffd-9fae-f67eb4ccc31e,1048576:14:AES-256:decrypt,2,0,AES-256,aesni,CBC,1048576,14,decrypt,2385600,0,0.0,0.0023856,439.5439302481556
4eb63467-31d2-4ffd-9fae-f67eb4ccc31e,1048576:14:AES-256:decrypt,2,1,AES-256,software,CBC,1048576,14,decrypt,6058700,0,0.0,0.0060587,173.06947034842457
4eb63467-31d2-4ffd-9fae-f67eb4ccc31e,1048576:14:AES-256:encrypt,2,2,AES-256,software,CBC,1048576,14,encrypt,6388000,15625000,2.4459924859110833,0.006388,164.1477770820288
4eb63467-31d2-4ffd-9fae-f67eb4ccc31e,1048576:14:AES-256:encrypt,2,3,AES-256,aesni,CBC,1048576,14,encrypt,2419000,0,0.0,0.002419,433.4749896651509
4eb63467-31d2-4ffd-9fae-f67eb4ccc31e,1048576:15:AES-128:encrypt,0,0,AES-128,aesni,CBC,1048576,15,encrypt,1971000,0,0.0,0.001971,532.0020294266869
4eb63467-31d2-4ffd-9fae-f67eb4ccc31e,1048576:15:AES-128:decrypt,0,1,AES-128,aesni,CBC,1048576,15,decrypt,1992600,15625000,7.841513600321188,0.0019926,526.2350697581049
4eb63467-31d2-4ffd-9fae-f67eb4ccc31e,1048576:15:AES-128:decrypt,0,2,AES-128,software,CBC,1048576,15,decrypt,4629300,0,0.0,0.0046293,226.50854340829068
4eb63467-31d2-4ffd-9fae-f67eb4ccc31e,1048576:15:AES-128:encrypt,0,3,AES-128,software,CBC,1048576,15,encrypt,4916900,0,0.0,0.0049169,213.25957412190607
4eb63467-31d2-4ffd-9fae-f67eb4ccc31e,1048576:15:AES-192:decrypt,1,0,AES-192,aesni,CBC,1048576,15,decrypt,2064000,15625000,7.570251937984496,0.002064,508.031007751938
4eb63467-31d2-4ffd-9fae-f67eb4ccc31e,1048576:15:AES-192:encrypt,1,1,AES-192,software,CBC,1048576,15,encrypt,5416300,0,0.0,0.0054163,193.59636652327234
4eb63467-31d2-4ffd-9fae-f67eb4ccc31e,1048576:15:AES-192:decrypt,1,2,AES-192,software,CBC,1048576,15,decrypt,5348400,0,0.0,0.0053484,196.0541470346272
4eb63467-31d2-4ffd-9fae-f67eb4ccc31e,1048576:15:AES-192:encrypt,1,3,AES-192,aesni,CBC,1048576,15,encrypt,2684900,15625000,5.819583597154456,0.0026849,390.5456441580692
4eb63467-31d2-4ffd-9fae-f67eb4ccc31e,1048576:15:AES-256:decrypt,2,0,AES-256,aesni,CBC,1048576,15,decrypt,2450400,0,0.0,0.0024504,427.9203395364022
4eb63467-31d2-4ffd-9fae-f67eb4ccc31e,1048576:15:AES-256:decrypt,2,1,AES-256,software,CBC,1048576,15,decrypt,6153600,15625000,2.5391640665626625,0.0061536,170.40041601664066
4eb63467-31d2-4ffd-9fae-f67eb4ccc31e,1048576:15:AES-256:encrypt,2,2,AES-256,aesni,CBC,1048576,15,encrypt,2200500,0,0.0,0.0022005,476.51715519200184
4eb63467-31d2-4ffd-9fae-f67eb4ccc31e,1048576:15:AES-256:encrypt,2,3,AES-256,software,CBC,1048576,15,encrypt,6064800,0,0.0,0.0060648,172.8953963857011
4eb63467-31d2-4ffd-9fae-f67eb4ccc31e,1048576:16:AES-128:decrypt,0,0,AES-128,software,CBC,1048576,16,decrypt,4681600,15625000,3.337534176349966,0.0046816,223.97812713602187
4eb63467-31d2-4ffd-9fae-f67eb4ccc31e,1048576:16:AES-128:decrypt,0,1,AES-128,aesni,CBC,1048576,16,decrypt,1874400,0,0.0,0.0018744,559.4195475885617
4eb63467-31d2-4ffd-9fae-f67eb4ccc31e,1048576:16:AES-128:encrypt,0,2,AES-128,software,CBC,1048576,16,encrypt,4818200,0,0.0,0.0048182,217.62815989373624
4eb63467-31d2-4ffd-9fae-f67eb4ccc31e,1048576:16:AES-128:encrypt,0,3,AES-128,aesni,CBC,1048576,16,encrypt,2020000,0,0.0,0.00202,519.0970297029703
4eb63467-31d2-4ffd-9fae-f67eb4ccc31e,1048576:16:AES-192:encrypt,1,0,AES-192,software,CBC,1048576,16,encrypt,5191000,0,0.0,0.005191,201.99884415334233
4eb63467-31d2-4ffd-9fae-f67eb4ccc31e,1048576:16:AES-192:decrypt,1,1,AES-192,software,CBC,1048576,16,decrypt,5742300,0,0.0,0.0057423,182.60557616286158
4eb63467-31d2-4ffd-9fae-f67eb4ccc31e,1048576:16:AES-192:encrypt,1,2,AES-192,aesni,CBC,1048576,16,encrypt,2077700,15625000,7.5203349858016075,0.0020777,504.681137796602
4eb63467-31d2-4ffd-9fae-f67eb4ccc31e,1048576:16:AES-192:decrypt,1,3,AES-192,aesni,CBC,1048576,16,decrypt,2118900,0,0.0,0.0021189,494.8680919344943
4eb63467-31d2-4ffd-9fae-f67eb4ccc31e,1048576:16:AES-256:decrypt,2,0,AES-256,software,CBC,1048576,16,decrypt,6312900,15625000,2.4750906873227834,0.0063129,166.1005243232112
4eb63467-31d2-4ffd-9fae-f67eb4ccc31e,1048576:16:AES-256:encrypt,2,1,AES-256,aesni,CBC,1048576,16,encrypt,2263200,0,0.0,0.0022632,463.31565924354896
4eb63467-31d2-4ffd-9fae-f67eb4ccc31e,1048576:16:AES-256:encrypt,2,2,AES-256,software,CBC,1048576,16,encrypt,7634600,0,0.0,0.0076346,137.34524402064287
4eb63467-31d2-4ffd-9fae-f67eb4ccc31e,1048576:16:AES-256:decrypt,2,3,AES-256,aesni,CBC,1048576,16,decrypt,2644000,0,0.0,0.002644,396.5869894099849
4eb63467-31d2-4ffd-9fae-f67eb4ccc31e,1048576:17:AES-128:encrypt,0,0,AES-128,software,CBC,1048576,17,encrypt,4764300,0,0.0,0.0047643,220.09025460193521
4eb63467-31d2-4ffd-9fae-f67eb4ccc31e,1048576:17:AES-128:decrypt,0,1,AES-128,aesni,CBC,1048576,17,decrypt,1921500,0,0.0,0.0019215,545.7069997397866
4eb63467-31d2-4ffd-9fae-f67eb4ccc31e,1048576:17:AES-128:decrypt,0,2,AES-128,software,CBC,1048576,17,decrypt,4760600,0,0.0,0.0047606,220.26131159937822
4eb63467-31d2-4ffd-9fae-f67eb4ccc31e,1048576:17:AES-128:encrypt,0,3,AES-128,aesni,CBC,1048576,17,encrypt,2093600,15625000,7.463221245701185,0.0020936,500.8482995796714
4eb63467-31d2-4ffd-9fae-f67eb4ccc31e,1048576:17:AES-256:encrypt,1,0,AES-256,software,CBC,1048576,17,encrypt,6065900,0,0.0,0.0060659,172.86404325821394
4eb63467-31d2-4ffd-9fae-f67eb4ccc31e,1048576:17:AES-256:encrypt,1,1,AES-256,aesni,CBC,1048576,17,encrypt,2240600,15625000,6.973578505757386,0.0022406,467.98893153619565
4eb63467-31d2-4ffd-9fae-f67eb4ccc31e,1048576:17:AES-256:decrypt,1,2,AES-256,aesni,CBC,1048576,17,decrypt,2317900,0,0.0,0.0023179,452.3818974071358
4eb63467-31d2-4ffd-9fae-f67eb4ccc31e,1048576:17:AES-256:decrypt,1,3,AES-256,software,CBC,1048576,17,decrypt,6072200,0,0.0,0.0060722,172.6846941800336
4eb63467-31d2-4ffd-9fae-f67eb4ccc31e,1048576:17:AES-192:decrypt,2,0,AES-192,software,CBC,1048576,17,decrypt,5540800,15625000,2.819989893156223,0.0055408,189.2463182211955
4eb63467-31d2-4ffd-9fae-f67eb4ccc31e,1048576:17:AES-192:encrypt,2,1,AES-192,aesni,CBC,1048576,17,encrypt,2091100,0,0.0,0.0020911,501.4470852661279
4eb63467-31d2-4ffd-9fae-f67eb4ccc31e,1048576:17:AES-192:decrypt,2,2,AES-192,aesni,CBC,1048576,17,decrypt,2051000,0,0.0,0.002051,511.25109702584103
4eb63467-31d2-4ffd-9fae-f67eb4ccc31e,1048576:17:AES-192:encrypt,2,3,AES-192,software,CBC,1048576,17,encrypt,5338900,0,0.0,0.0053389,196.40300436419489
4eb63467-31d2-4ffd-9fae-f67eb4ccc31e,1048576:18:AES-192:encrypt,0,0,AES-192,aesni,CBC,1048576,18,encrypt,2094300,0,0.0,0.0020943,500.68089576469464
4eb63467-31d2-4ffd-9fae-f67eb4ccc31e,1048576:18:AES-192:decrypt,0,1,AES-192,software,CBC,1048576,18,decrypt,5458400,0,0.0,0.0054584,192.10318041917046
4eb63467-31d2-4ffd-9fae-f67eb4ccc31e,1048576:18:AES-192:encrypt,0,2,AES-192,software,CBC,1048576,18,encrypt,5213600,15625000,2.9969694644775204,0.0052136,201.12321620377475
4eb63467-31d2-4ffd-9fae-f67eb4ccc31e,1048576:18:AES-192:decrypt,0,3,AES-192,aesni,CBC,1048576,18,decrypt,2109500,0,0.0,0.0021095,497.0732401042901
4eb63467-31d2-4ffd-9fae-f67eb4ccc31e,1048576:18:AES-128:encrypt,1,0,AES-128,aesni,CBC,1048576,18,encrypt,2412400,0,0.0,0.0024124,434.66091858729897
4eb63467-31d2-4ffd-9fae-f67eb4ccc31e,1048576:18:AES-128:decrypt,1,1,AES-128,aesni,CBC,1048576,18,decrypt,2028900,0,0.0,0.0020289,516.8199516979644
4eb63467-31d2-4ffd-9fae-f67eb4ccc31e,1048576:18:AES-128:encrypt,1,2,AES-128,software,CBC,1048576,18,encrypt,4739900,15625000,3.296483048165573,0.0047399,221.22323255764888
4eb63467-31d2-4ffd-9fae-f67eb4ccc31e,1048576:18:AES-128:decrypt,1,3,AES-128,software,CBC,1048576,18,decrypt,4890600,0,0.0,0.0048906,214.40641230114915
4eb63467-31d2-4ffd-9fae-f67eb4ccc31e,1048576:18:AES-256:encrypt,2,0,AES-256,aesni,CBC,1048576,18,encrypt,2187700,0,0.0,0.0021877,479.30520638113086
4eb63467-31d2-4ffd-9fae-f67eb4ccc31e,1048576:18:AES-256:decrypt,2,1,AES-256,software,CBC,1048576,18,decrypt,6414600,0,0.0,0.0064146,163.46709069934212
4eb63467-31d2-4ffd-9fae-f67eb4ccc31e,1048576:18:AES-256:encrypt,2,2,AES-256,software,CBC,1048576,18,encrypt,5971700,0,0.0,0.0059717,175.590870271447
4eb63467-31d2-4ffd-9fae-f67eb4ccc31e,1048576:18:AES-256:decrypt,2,3,AES-256,aesni,CBC,1048576,18,decrypt,2191700,15625000,7.129169138111968,0.0021917,478.43044212255325
4eb63467-31d2-4ffd-9fae-f67eb4ccc31e,1048576:19:AES-256:decrypt,0,0,AES-256,software,CBC,1048576,19,decrypt,6317400,0,0.0,0.0063174,165.9822078703264
4eb63467-31d2-4ffd-9fae-f67eb4ccc31e,1048576:19:AES-256:decrypt,0,1,AES-256,aesni,CBC,1048576,19,decrypt,2204500,15625000,7.08777500567022,0.0022045,475.652528918122
4eb63467-31d2-4ffd-9fae-f67eb4ccc31e,1048576:19:AES-256:encrypt,0,2,AES-256,software,CBC,1048576,19,encrypt,5980600,0,0.0,0.0059806,175.3295655954252
4eb63467-31d2-4ffd-9fae-f67eb4ccc31e,1048576:19:AES-256:encrypt,0,3,AES-256,aesni,CBC,1048576,19,encrypt,2333200,0,0.0,0.0023332,449.41539516543804
4eb63467-31d2-4ffd-9fae-f67eb4ccc31e,1048576:19:AES-128:decrypt,1,0,AES-128,aesni,CBC,1048576,19,decrypt,1862300,15625000,8.390162702035118,0.0018623,563.0542877087472
4eb63467-31d2-4ffd-9fae-f67eb4ccc31e,1048576:19:AES-128:encrypt,1,1,AES-128,aesni,CBC,1048576,19,encrypt,1949200,0,0.0,0.0019492,537.9519802996101
4eb63467-31d2-4ffd-9fae-f67eb4ccc31e,1048576:19:AES-128:decrypt,1,2,AES-128,software,CBC,1048576,19,decrypt,4588300,0,0.0,0.0045883,228.53257197654904
4eb63467-31d2-4ffd-9fae-f67eb4ccc31e,1048576:19:AES-128:encrypt,1,3,AES-128,software,CBC,1048576,19,encrypt,4715300,0,0.0,0.0047153,222.3773672937035
4eb63467-31d2-4ffd-9fae-f67eb4ccc31e,1048576:19:AES-192:decrypt,2,0,AES-192,software,CBC,1048576,19,decrypt,5284800,0,0.0,0.0052848,198.4135634271874
4eb63467-31d2-4ffd-9fae-f67eb4ccc31e,1048576:19:AES-192:decrypt,2,1,AES-192,aesni,CBC,1048576,19,decrypt,2046900,0,0.0,0.0020469,512.2751477844546
4eb63467-31d2-4ffd-9fae-f67eb4ccc31e,1048576:19:AES-192:encrypt,2,2,AES-192,aesni,CBC,1048576,19,encrypt,2422000,0,0.0,0.002422,432.93806771263417
4eb63467-31d2-4ffd-9fae-f67eb4ccc31e,1048576:19:AES-192:encrypt,2,3,AES-192,software,CBC,1048576,19,encrypt,5174700,15625000,3.019498714901347,0.0051747,202.63512860648927
4eb63467-31d2-4ffd-9fae-f67eb4ccc31e,1024:0:AES-128:encrypt,0,0,AES-128,software,CBC,1024,0,encrypt,6300,0,0.0,6.3e-06,162.53968253968253
4eb63467-31d2-4ffd-9fae-f67eb4ccc31e,1024:0:AES-128:decrypt,0,1,AES-128,software,CBC,1024,0,decrypt,6500,0,0.0,6.5e-06,157.53846153846155
4eb63467-31d2-4ffd-9fae-f67eb4ccc31e,1024:0:AES-128:decrypt,0,2,AES-128,aesni,CBC,1024,0,decrypt,3700,0,0.0,3.7e-06,276.7567567567568
4eb63467-31d2-4ffd-9fae-f67eb4ccc31e,1024:0:AES-128:encrypt,0,3,AES-128,aesni,CBC,1024,0,encrypt,3600,0,0.0,3.6e-06,284.44444444444446
4eb63467-31d2-4ffd-9fae-f67eb4ccc31e,1024:0:AES-256:encrypt,1,0,AES-256,software,CBC,1024,0,encrypt,7700,0,0.0,7.7e-06,132.98701298701297
4eb63467-31d2-4ffd-9fae-f67eb4ccc31e,1024:0:AES-256:decrypt,1,1,AES-256,software,CBC,1024,0,decrypt,9000,0,0.0,9e-06,113.77777777777777
4eb63467-31d2-4ffd-9fae-f67eb4ccc31e,1024:0:AES-256:decrypt,1,2,AES-256,aesni,CBC,1024,0,decrypt,3900,0,0.0,3.9e-06,262.56410256410254
4eb63467-31d2-4ffd-9fae-f67eb4ccc31e,1024:0:AES-256:encrypt,1,3,AES-256,aesni,CBC,1024,0,encrypt,4000,0,0.0,4e-06,256.0
4eb63467-31d2-4ffd-9fae-f67eb4ccc31e,1024:0:AES-192:encrypt,2,0,AES-192,aesni,CBC,1024,0,encrypt,3900,0,0.0,3.9e-06,262.56410256410254
4eb63467-31d2-4ffd-9fae-f67eb4ccc31e,1024:0:AES-192:decrypt,2,1,AES-192,software,CBC,1024,0,decrypt,7000,0,0.0,7e-06,146.28571428571428
4eb63467-31d2-4ffd-9fae-f67eb4ccc31e,1024:0:AES-192:decrypt,2,2,AES-192,aesni,CBC,1024,0,decrypt,3800,0,0.0,3.8e-06,269.4736842105263
4eb63467-31d2-4ffd-9fae-f67eb4ccc31e,1024:0:AES-192:encrypt,2,3,AES-192,software,CBC,1024,0,encrypt,7100,0,0.0,7.1e-06,144.22535211267606
4eb63467-31d2-4ffd-9fae-f67eb4ccc31e,1024:1:AES-192:decrypt,0,0,AES-192,software,CBC,1024,1,decrypt,7200,0,0.0,7.2e-06,142.22222222222223
4eb63467-31d2-4ffd-9fae-f67eb4ccc31e,1024:1:AES-192:encrypt,0,1,AES-192,software,CBC,1024,1,encrypt,6900,0,0.0,6.9e-06,148.40579710144928
4eb63467-31d2-4ffd-9fae-f67eb4ccc31e,1024:1:AES-192:decrypt,0,2,AES-192,aesni,CBC,1024,1,decrypt,3900,0,0.0,3.9e-06,262.56410256410254
4eb63467-31d2-4ffd-9fae-f67eb4ccc31e,1024:1:AES-192:encrypt,0,3,AES-192,aesni,CBC,1024,1,encrypt,3700,0,0.0,3.7e-06,276.7567567567568
4eb63467-31d2-4ffd-9fae-f67eb4ccc31e,1024:1:AES-256:decrypt,1,0,AES-256,aesni,CBC,1024,1,decrypt,3900,0,0.0,3.9e-06,262.56410256410254
4eb63467-31d2-4ffd-9fae-f67eb4ccc31e,1024:1:AES-256:decrypt,1,1,AES-256,software,CBC,1024,1,decrypt,7900,0,0.0,7.9e-06,129.62025316455697
4eb63467-31d2-4ffd-9fae-f67eb4ccc31e,1024:1:AES-256:encrypt,1,2,AES-256,aesni,CBC,1024,1,encrypt,3800,0,0.0,3.8e-06,269.4736842105263
4eb63467-31d2-4ffd-9fae-f67eb4ccc31e,1024:1:AES-256:encrypt,1,3,AES-256,software,CBC,1024,1,encrypt,7700,0,0.0,7.7e-06,132.98701298701297
4eb63467-31d2-4ffd-9fae-f67eb4ccc31e,1024:1:AES-128:decrypt,2,0,AES-128,software,CBC,1024,1,decrypt,6500,0,0.0,6.5e-06,157.53846153846155
4eb63467-31d2-4ffd-9fae-f67eb4ccc31e,1024:1:AES-128:encrypt,2,1,AES-128,aesni,CBC,1024,1,encrypt,3700,0,0.0,3.7e-06,276.7567567567568
4eb63467-31d2-4ffd-9fae-f67eb4ccc31e,1024:1:AES-128:encrypt,2,2,AES-128,software,CBC,1024,1,encrypt,6500,0,0.0,6.5e-06,157.53846153846155
4eb63467-31d2-4ffd-9fae-f67eb4ccc31e,1024:1:AES-128:decrypt,2,3,AES-128,aesni,CBC,1024,1,decrypt,3700,0,0.0,3.7e-06,276.7567567567568
4eb63467-31d2-4ffd-9fae-f67eb4ccc31e,1024:2:AES-128:decrypt,0,0,AES-128,aesni,CBC,1024,2,decrypt,3700,0,0.0,3.7e-06,276.7567567567568
4eb63467-31d2-4ffd-9fae-f67eb4ccc31e,1024:2:AES-128:encrypt,0,1,AES-128,software,CBC,1024,2,encrypt,6300,0,0.0,6.3e-06,162.53968253968253
4eb63467-31d2-4ffd-9fae-f67eb4ccc31e,1024:2:AES-128:encrypt,0,2,AES-128,aesni,CBC,1024,2,encrypt,3700,0,0.0,3.7e-06,276.7567567567568
4eb63467-31d2-4ffd-9fae-f67eb4ccc31e,1024:2:AES-128:decrypt,0,3,AES-128,software,CBC,1024,2,decrypt,6700,0,0.0,6.7e-06,152.83582089552237
4eb63467-31d2-4ffd-9fae-f67eb4ccc31e,1024:2:AES-256:encrypt,1,0,AES-256,software,CBC,1024,2,encrypt,7700,0,0.0,7.7e-06,132.98701298701297
4eb63467-31d2-4ffd-9fae-f67eb4ccc31e,1024:2:AES-256:decrypt,1,1,AES-256,aesni,CBC,1024,2,decrypt,4100,0,0.0,4.1e-06,249.7560975609756
4eb63467-31d2-4ffd-9fae-f67eb4ccc31e,1024:2:AES-256:decrypt,1,2,AES-256,software,CBC,1024,2,decrypt,7700,0,0.0,7.7e-06,132.98701298701297
4eb63467-31d2-4ffd-9fae-f67eb4ccc31e,1024:2:AES-256:encrypt,1,3,AES-256,aesni,CBC,1024,2,encrypt,3800,0,0.0,3.8e-06,269.4736842105263
4eb63467-31d2-4ffd-9fae-f67eb4ccc31e,1024:2:AES-192:encrypt,2,0,AES-192,aesni,CBC,1024,2,encrypt,3700,0,0.0,3.7e-06,276.7567567567568
4eb63467-31d2-4ffd-9fae-f67eb4ccc31e,1024:2:AES-192:encrypt,2,1,AES-192,software,CBC,1024,2,encrypt,7000,0,0.0,7e-06,146.28571428571428
4eb63467-31d2-4ffd-9fae-f67eb4ccc31e,1024:2:AES-192:decrypt,2,2,AES-192,software,CBC,1024,2,decrypt,7200,0,0.0,7.2e-06,142.22222222222223
4eb63467-31d2-4ffd-9fae-f67eb4ccc31e,1024:2:AES-192:decrypt,2,3,AES-192,aesni,CBC,1024,2,decrypt,3900,0,0.0,3.9e-06,262.56410256410254
4eb63467-31d2-4ffd-9fae-f67eb4ccc31e,1024:3:AES-128:encrypt,0,0,AES-128,aesni,CBC,1024,3,encrypt,3800,0,0.0,3.8e-06,269.4736842105263
4eb63467-31d2-4ffd-9fae-f67eb4ccc31e,1024:3:AES-128:encrypt,0,1,AES-128,software,CBC,1024,3,encrypt,6500,0,0.0,6.5e-06,157.53846153846155
4eb63467-31d2-4ffd-9fae-f67eb4ccc31e,1024:3:AES-128:decrypt,0,2,AES-128,aesni,CBC,1024,3,decrypt,3600,0,0.0,3.6e-06,284.44444444444446
4eb63467-31d2-4ffd-9fae-f67eb4ccc31e,1024:3:AES-128:decrypt,0,3,AES-128,software,CBC,1024,3,decrypt,6500,0,0.0,6.5e-06,157.53846153846155
4eb63467-31d2-4ffd-9fae-f67eb4ccc31e,1024:3:AES-192:encrypt,1,0,AES-192,software,CBC,1024,3,encrypt,7100,0,0.0,7.1e-06,144.22535211267606
4eb63467-31d2-4ffd-9fae-f67eb4ccc31e,1024:3:AES-192:decrypt,1,1,AES-192,aesni,CBC,1024,3,decrypt,3900,0,0.0,3.9e-06,262.56410256410254
4eb63467-31d2-4ffd-9fae-f67eb4ccc31e,1024:3:AES-192:encrypt,1,2,AES-192,aesni,CBC,1024,3,encrypt,3800,0,0.0,3.8e-06,269.4736842105263
4eb63467-31d2-4ffd-9fae-f67eb4ccc31e,1024:3:AES-192:decrypt,1,3,AES-192,software,CBC,1024,3,decrypt,7000,0,0.0,7e-06,146.28571428571428
4eb63467-31d2-4ffd-9fae-f67eb4ccc31e,1024:3:AES-256:encrypt,2,0,AES-256,aesni,CBC,1024,3,encrypt,3900,0,0.0,3.9e-06,262.56410256410254
4eb63467-31d2-4ffd-9fae-f67eb4ccc31e,1024:3:AES-256:encrypt,2,1,AES-256,software,CBC,1024,3,encrypt,7600,0,0.0,7.6e-06,134.73684210526315
4eb63467-31d2-4ffd-9fae-f67eb4ccc31e,1024:3:AES-256:decrypt,2,2,AES-256,software,CBC,1024,3,decrypt,7900,0,0.0,7.9e-06,129.62025316455697
4eb63467-31d2-4ffd-9fae-f67eb4ccc31e,1024:3:AES-256:decrypt,2,3,AES-256,aesni,CBC,1024,3,decrypt,4000,0,0.0,4e-06,256.0
4eb63467-31d2-4ffd-9fae-f67eb4ccc31e,1024:4:AES-256:encrypt,0,0,AES-256,software,CBC,1024,4,encrypt,7600,0,0.0,7.6e-06,134.73684210526315
4eb63467-31d2-4ffd-9fae-f67eb4ccc31e,1024:4:AES-256:encrypt,0,1,AES-256,aesni,CBC,1024,4,encrypt,3900,0,0.0,3.9e-06,262.56410256410254
4eb63467-31d2-4ffd-9fae-f67eb4ccc31e,1024:4:AES-256:decrypt,0,2,AES-256,aesni,CBC,1024,4,decrypt,4000,0,0.0,4e-06,256.0
4eb63467-31d2-4ffd-9fae-f67eb4ccc31e,1024:4:AES-256:decrypt,0,3,AES-256,software,CBC,1024,4,decrypt,7800,0,0.0,7.8e-06,131.28205128205127
4eb63467-31d2-4ffd-9fae-f67eb4ccc31e,1024:4:AES-128:encrypt,1,0,AES-128,software,CBC,1024,4,encrypt,6500,0,0.0,6.5e-06,157.53846153846155
4eb63467-31d2-4ffd-9fae-f67eb4ccc31e,1024:4:AES-128:decrypt,1,1,AES-128,aesni,CBC,1024,4,decrypt,3800,0,0.0,3.8e-06,269.4736842105263
4eb63467-31d2-4ffd-9fae-f67eb4ccc31e,1024:4:AES-128:decrypt,1,2,AES-128,software,CBC,1024,4,decrypt,6400,0,0.0,6.4e-06,160.0
4eb63467-31d2-4ffd-9fae-f67eb4ccc31e,1024:4:AES-128:encrypt,1,3,AES-128,aesni,CBC,1024,4,encrypt,3600,0,0.0,3.6e-06,284.44444444444446
4eb63467-31d2-4ffd-9fae-f67eb4ccc31e,1024:4:AES-192:encrypt,2,0,AES-192,software,CBC,1024,4,encrypt,6900,0,0.0,6.9e-06,148.40579710144928
4eb63467-31d2-4ffd-9fae-f67eb4ccc31e,1024:4:AES-192:decrypt,2,1,AES-192,software,CBC,1024,4,decrypt,7000,0,0.0,7e-06,146.28571428571428
4eb63467-31d2-4ffd-9fae-f67eb4ccc31e,1024:4:AES-192:encrypt,2,2,AES-192,aesni,CBC,1024,4,encrypt,3700,0,0.0,3.7e-06,276.7567567567568
4eb63467-31d2-4ffd-9fae-f67eb4ccc31e,1024:4:AES-192:decrypt,2,3,AES-192,aesni,CBC,1024,4,decrypt,3800,0,0.0,3.8e-06,269.4736842105263
4eb63467-31d2-4ffd-9fae-f67eb4ccc31e,1024:5:AES-256:encrypt,0,0,AES-256,aesni,CBC,1024,5,encrypt,3900,0,0.0,3.9e-06,262.56410256410254
4eb63467-31d2-4ffd-9fae-f67eb4ccc31e,1024:5:AES-256:decrypt,0,1,AES-256,aesni,CBC,1024,5,decrypt,4000,0,0.0,4e-06,256.0
4eb63467-31d2-4ffd-9fae-f67eb4ccc31e,1024:5:AES-256:decrypt,0,2,AES-256,software,CBC,1024,5,decrypt,7900,0,0.0,7.9e-06,129.62025316455697
4eb63467-31d2-4ffd-9fae-f67eb4ccc31e,1024:5:AES-256:encrypt,0,3,AES-256,software,CBC,1024,5,encrypt,7600,0,0.0,7.6e-06,134.73684210526315
4eb63467-31d2-4ffd-9fae-f67eb4ccc31e,1024:5:AES-192:decrypt,1,0,AES-192,software,CBC,1024,5,decrypt,7000,0,0.0,7e-06,146.28571428571428
4eb63467-31d2-4ffd-9fae-f67eb4ccc31e,1024:5:AES-192:encrypt,1,1,AES-192,software,CBC,1024,5,encrypt,7200,0,0.0,7.2e-06,142.22222222222223
4eb63467-31d2-4ffd-9fae-f67eb4ccc31e,1024:5:AES-192:decrypt,1,2,AES-192,aesni,CBC,1024,5,decrypt,3900,0,0.0,3.9e-06,262.56410256410254
4eb63467-31d2-4ffd-9fae-f67eb4ccc31e,1024:5:AES-192:encrypt,1,3,AES-192,aesni,CBC,1024,5,encrypt,4100,0,0.0,4.1e-06,249.7560975609756
4eb63467-31d2-4ffd-9fae-f67eb4ccc31e,1024:5:AES-128:encrypt,2,0,AES-128,software,CBC,1024,5,encrypt,6400,0,0.0,6.4e-06,160.0
4eb63467-31d2-4ffd-9fae-f67eb4ccc31e,1024:5:AES-128:decrypt,2,1,AES-128,aesni,CBC,1024,5,decrypt,3700,0,0.0,3.7e-06,276.7567567567568
4eb63467-31d2-4ffd-9fae-f67eb4ccc31e,1024:5:AES-128:decrypt,2,2,AES-128,software,CBC,1024,5,decrypt,6600,0,0.0,6.6e-06,155.15151515151516
4eb63467-31d2-4ffd-9fae-f67eb4ccc31e,1024:5:AES-128:encrypt,2,3,AES-128,aesni,CBC,1024,5,encrypt,3600,0,0.0,3.6e-06,284.44444444444446
4eb63467-31d2-4ffd-9fae-f67eb4ccc31e,1024:6:AES-192:encrypt,0,0,AES-192,software,CBC,1024,6,encrypt,7100,0,0.0,7.1e-06,144.22535211267606
4eb63467-31d2-4ffd-9fae-f67eb4ccc31e,1024:6:AES-192:decrypt,0,1,AES-192,aesni,CBC,1024,6,decrypt,4000,0,0.0,4e-06,256.0
4eb63467-31d2-4ffd-9fae-f67eb4ccc31e,1024:6:AES-192:decrypt,0,2,AES-192,software,CBC,1024,6,decrypt,7100,0,0.0,7.1e-06,144.22535211267606
4eb63467-31d2-4ffd-9fae-f67eb4ccc31e,1024:6:AES-192:encrypt,0,3,AES-192,aesni,CBC,1024,6,encrypt,3800,0,0.0,3.8e-06,269.4736842105263
4eb63467-31d2-4ffd-9fae-f67eb4ccc31e,1024:6:AES-128:encrypt,1,0,AES-128,software,CBC,1024,6,encrypt,6400,0,0.0,6.4e-06,160.0
4eb63467-31d2-4ffd-9fae-f67eb4ccc31e,1024:6:AES-128:encrypt,1,1,AES-128,aesni,CBC,1024,6,encrypt,3700,0,0.0,3.7e-06,276.7567567567568
4eb63467-31d2-4ffd-9fae-f67eb4ccc31e,1024:6:AES-128:decrypt,1,2,AES-128,software,CBC,1024,6,decrypt,6600,0,0.0,6.6e-06,155.15151515151516
4eb63467-31d2-4ffd-9fae-f67eb4ccc31e,1024:6:AES-128:decrypt,1,3,AES-128,aesni,CBC,1024,6,decrypt,3700,0,0.0,3.7e-06,276.7567567567568
4eb63467-31d2-4ffd-9fae-f67eb4ccc31e,1024:6:AES-256:decrypt,2,0,AES-256,aesni,CBC,1024,6,decrypt,3900,0,0.0,3.9e-06,262.56410256410254
4eb63467-31d2-4ffd-9fae-f67eb4ccc31e,1024:6:AES-256:decrypt,2,1,AES-256,software,CBC,1024,6,decrypt,7800,0,0.0,7.8e-06,131.28205128205127
4eb63467-31d2-4ffd-9fae-f67eb4ccc31e,1024:6:AES-256:encrypt,2,2,AES-256,software,CBC,1024,6,encrypt,7600,0,0.0,7.6e-06,134.73684210526315
4eb63467-31d2-4ffd-9fae-f67eb4ccc31e,1024:6:AES-256:encrypt,2,3,AES-256,aesni,CBC,1024,6,encrypt,3900,0,0.0,3.9e-06,262.56410256410254
4eb63467-31d2-4ffd-9fae-f67eb4ccc31e,1024:7:AES-128:encrypt,0,0,AES-128,software,CBC,1024,7,encrypt,6400,0,0.0,6.4e-06,160.0
4eb63467-31d2-4ffd-9fae-f67eb4ccc31e,1024:7:AES-128:encrypt,0,1,AES-128,aesni,CBC,1024,7,encrypt,3700,0,0.0,3.7e-06,276.7567567567568
4eb63467-31d2-4ffd-9fae-f67eb4ccc31e,1024:7:AES-128:decrypt,0,2,AES-128,software,CBC,1024,7,decrypt,6400,0,0.0,6.4e-06,160.0
4eb63467-31d2-4ffd-9fae-f67eb4ccc31e,1024:7:AES-128:decrypt,0,3,AES-128,aesni,CBC,1024,7,decrypt,3700,0,0.0,3.7e-06,276.7567567567568
4eb63467-31d2-4ffd-9fae-f67eb4ccc31e,1024:7:AES-256:encrypt,1,0,AES-256,aesni,CBC,1024,7,encrypt,4000,0,0.0,4e-06,256.0
4eb63467-31d2-4ffd-9fae-f67eb4ccc31e,1024:7:AES-256:encrypt,1,1,AES-256,software,CBC,1024,7,encrypt,7700,0,0.0,7.7e-06,132.98701298701297
4eb63467-31d2-4ffd-9fae-f67eb4ccc31e,1024:7:AES-256:decrypt,1,2,AES-256,aesni,CBC,1024,7,decrypt,4000,0,0.0,4e-06,256.0
4eb63467-31d2-4ffd-9fae-f67eb4ccc31e,1024:7:AES-256:decrypt,1,3,AES-256,software,CBC,1024,7,decrypt,7800,0,0.0,7.8e-06,131.28205128205127
4eb63467-31d2-4ffd-9fae-f67eb4ccc31e,1024:7:AES-192:decrypt,2,0,AES-192,software,CBC,1024,7,decrypt,7200,0,0.0,7.2e-06,142.22222222222223
4eb63467-31d2-4ffd-9fae-f67eb4ccc31e,1024:7:AES-192:decrypt,2,1,AES-192,aesni,CBC,1024,7,decrypt,3800,0,0.0,3.8e-06,269.4736842105263
4eb63467-31d2-4ffd-9fae-f67eb4ccc31e,1024:7:AES-192:encrypt,2,2,AES-192,software,CBC,1024,7,encrypt,6900,0,0.0,6.9e-06,148.40579710144928
4eb63467-31d2-4ffd-9fae-f67eb4ccc31e,1024:7:AES-192:encrypt,2,3,AES-192,aesni,CBC,1024,7,encrypt,3800,0,0.0,3.8e-06,269.4736842105263
4eb63467-31d2-4ffd-9fae-f67eb4ccc31e,1024:8:AES-256:decrypt,0,0,AES-256,aesni,CBC,1024,8,decrypt,4100,0,0.0,4.1e-06,249.7560975609756
4eb63467-31d2-4ffd-9fae-f67eb4ccc31e,1024:8:AES-256:encrypt,0,1,AES-256,aesni,CBC,1024,8,encrypt,4000,0,0.0,4e-06,256.0
4eb63467-31d2-4ffd-9fae-f67eb4ccc31e,1024:8:AES-256:decrypt,0,2,AES-256,software,CBC,1024,8,decrypt,7800,0,0.0,7.8e-06,131.28205128205127
4eb63467-31d2-4ffd-9fae-f67eb4ccc31e,1024:8:AES-256:encrypt,0,3,AES-256,software,CBC,1024,8,encrypt,7800,0,0.0,7.8e-06,131.28205128205127
4eb63467-31d2-4ffd-9fae-f67eb4ccc31e,1024:8:AES-128:decrypt,1,0,AES-128,software,CBC,1024,8,decrypt,6500,0,0.0,6.5e-06,157.53846153846155
4eb63467-31d2-4ffd-9fae-f67eb4ccc31e,1024:8:AES-128:decrypt,1,1,AES-128,aesni,CBC,1024,8,decrypt,3700,0,0.0,3.7e-06,276.7567567567568
4eb63467-31d2-4ffd-9fae-f67eb4ccc31e,1024:8:AES-128:encrypt,1,2,AES-128,software,CBC,1024,8,encrypt,6400,0,0.0,6.4e-06,160.0
4eb63467-31d2-4ffd-9fae-f67eb4ccc31e,1024:8:AES-128:encrypt,1,3,AES-128,aesni,CBC,1024,8,encrypt,3500,0,0.0,3.5e-06,292.57142857142856
4eb63467-31d2-4ffd-9fae-f67eb4ccc31e,1024:8:AES-192:encrypt,2,0,AES-192,aesni,CBC,1024,8,encrypt,3800,0,0.0,3.8e-06,269.4736842105263
4eb63467-31d2-4ffd-9fae-f67eb4ccc31e,1024:8:AES-192:decrypt,2,1,AES-192,software,CBC,1024,8,decrypt,7200,0,0.0,7.2e-06,142.22222222222223
4eb63467-31d2-4ffd-9fae-f67eb4ccc31e,1024:8:AES-192:decrypt,2,2,AES-192,aesni,CBC,1024,8,decrypt,3800,0,0.0,3.8e-06,269.4736842105263
4eb63467-31d2-4ffd-9fae-f67eb4ccc31e,1024:8:AES-192:encrypt,2,3,AES-192,software,CBC,1024,8,encrypt,6900,0,0.0,6.9e-06,148.40579710144928
4eb63467-31d2-4ffd-9fae-f67eb4ccc31e,1024:9:AES-128:encrypt,0,0,AES-128,software,CBC,1024,9,encrypt,6300,0,0.0,6.3e-06,162.53968253968253
4eb63467-31d2-4ffd-9fae-f67eb4ccc31e,1024:9:AES-128:encrypt,0,1,AES-128,aesni,CBC,1024,9,encrypt,3600,0,0.0,3.6e-06,284.44444444444446
4eb63467-31d2-4ffd-9fae-f67eb4ccc31e,1024:9:AES-128:decrypt,0,2,AES-128,aesni,CBC,1024,9,decrypt,3700,0,0.0,3.7e-06,276.7567567567568
4eb63467-31d2-4ffd-9fae-f67eb4ccc31e,1024:9:AES-128:decrypt,0,3,AES-128,software,CBC,1024,9,decrypt,6500,0,0.0,6.5e-06,157.53846153846155
4eb63467-31d2-4ffd-9fae-f67eb4ccc31e,1024:9:AES-192:encrypt,1,0,AES-192,aesni,CBC,1024,9,encrypt,3700,0,0.0,3.7e-06,276.7567567567568
4eb63467-31d2-4ffd-9fae-f67eb4ccc31e,1024:9:AES-192:decrypt,1,1,AES-192,aesni,CBC,1024,9,decrypt,3900,0,0.0,3.9e-06,262.56410256410254
4eb63467-31d2-4ffd-9fae-f67eb4ccc31e,1024:9:AES-192:encrypt,1,2,AES-192,software,CBC,1024,9,encrypt,7100,0,0.0,7.1e-06,144.22535211267606
4eb63467-31d2-4ffd-9fae-f67eb4ccc31e,1024:9:AES-192:decrypt,1,3,AES-192,software,CBC,1024,9,decrypt,7000,0,0.0,7e-06,146.28571428571428
4eb63467-31d2-4ffd-9fae-f67eb4ccc31e,1024:9:AES-256:encrypt,2,0,AES-256,aesni,CBC,1024,9,encrypt,4000,0,0.0,4e-06,256.0
4eb63467-31d2-4ffd-9fae-f67eb4ccc31e,1024:9:AES-256:encrypt,2,1,AES-256,software,CBC,1024,9,encrypt,7600,0,0.0,7.6e-06,134.73684210526315
4eb63467-31d2-4ffd-9fae-f67eb4ccc31e,1024:9:AES-256:decrypt,2,2,AES-256,software,CBC,1024,9,decrypt,7800,0,0.0,7.8e-06,131.28205128205127
4eb63467-31d2-4ffd-9fae-f67eb4ccc31e,1024:9:AES-256:decrypt,2,3,AES-256,aesni,CBC,1024,9,decrypt,3900,0,0.0,3.9e-06,262.56410256410254
4eb63467-31d2-4ffd-9fae-f67eb4ccc31e,1024:10:AES-128:encrypt,0,0,AES-128,aesni,CBC,1024,10,encrypt,3700,0,0.0,3.7e-06,276.7567567567568
4eb63467-31d2-4ffd-9fae-f67eb4ccc31e,1024:10:AES-128:decrypt,0,1,AES-128,software,CBC,1024,10,decrypt,6600,0,0.0,6.6e-06,155.15151515151516
4eb63467-31d2-4ffd-9fae-f67eb4ccc31e,1024:10:AES-128:decrypt,0,2,AES-128,aesni,CBC,1024,10,decrypt,3600,0,0.0,3.6e-06,284.44444444444446
4eb63467-31d2-4ffd-9fae-f67eb4ccc31e,1024:10:AES-128:encrypt,0,3,AES-128,software,CBC,1024,10,encrypt,6500,0,0.0,6.5e-06,157.53846153846155
4eb63467-31d2-4ffd-9fae-f67eb4ccc31e,1024:10:AES-256:encrypt,1,0,AES-256,aesni,CBC,1024,10,encrypt,4000,0,0.0,4e-06,256.0
4eb63467-31d2-4ffd-9fae-f67eb4ccc31e,1024:10:AES-256:decrypt,1,1,AES-256,software,CBC,1024,10,decrypt,7800,0,0.0,7.8e-06,131.28205128205127
4eb63467-31d2-4ffd-9fae-f67eb4ccc31e,1024:10:AES-256:decrypt,1,2,AES-256,aesni,CBC,1024,10,decrypt,3900,0,0.0,3.9e-06,262.56410256410254
4eb63467-31d2-4ffd-9fae-f67eb4ccc31e,1024:10:AES-256:encrypt,1,3,AES-256,software,CBC,1024,10,encrypt,7700,0,0.0,7.7e-06,132.98701298701297
4eb63467-31d2-4ffd-9fae-f67eb4ccc31e,1024:10:AES-192:decrypt,2,0,AES-192,aesni,CBC,1024,10,decrypt,3900,0,0.0,3.9e-06,262.56410256410254
4eb63467-31d2-4ffd-9fae-f67eb4ccc31e,1024:10:AES-192:encrypt,2,1,AES-192,software,CBC,1024,10,encrypt,7000,0,0.0,7e-06,146.28571428571428
4eb63467-31d2-4ffd-9fae-f67eb4ccc31e,1024:10:AES-192:encrypt,2,2,AES-192,aesni,CBC,1024,10,encrypt,3900,0,0.0,3.9e-06,262.56410256410254
4eb63467-31d2-4ffd-9fae-f67eb4ccc31e,1024:10:AES-192:decrypt,2,3,AES-192,software,CBC,1024,10,decrypt,7100,0,0.0,7.1e-06,144.22535211267606
4eb63467-31d2-4ffd-9fae-f67eb4ccc31e,1024:11:AES-256:decrypt,0,0,AES-256,aesni,CBC,1024,11,decrypt,4000,0,0.0,4e-06,256.0
4eb63467-31d2-4ffd-9fae-f67eb4ccc31e,1024:11:AES-256:encrypt,0,1,AES-256,aesni,CBC,1024,11,encrypt,3900,0,0.0,3.9e-06,262.56410256410254
4eb63467-31d2-4ffd-9fae-f67eb4ccc31e,1024:11:AES-256:encrypt,0,2,AES-256,software,CBC,1024,11,encrypt,7600,0,0.0,7.6e-06,134.73684210526315
4eb63467-31d2-4ffd-9fae-f67eb4ccc31e,1024:11:AES-256:decrypt,0,3,AES-256,software,CBC,1024,11,decrypt,7800,0,0.0,7.8e-06,131.28205128205127
4eb63467-31d2-4ffd-9fae-f67eb4ccc31e,1024:11:AES-192:decrypt,1,0,AES-192,software,CBC,1024,11,decrypt,7100,0,0.0,7.1e-06,144.22535211267606
4eb63467-31d2-4ffd-9fae-f67eb4ccc31e,1024:11:AES-192:encrypt,1,1,AES-192,software,CBC,1024,11,encrypt,6900,0,0.0,6.9e-06,148.40579710144928
4eb63467-31d2-4ffd-9fae-f67eb4ccc31e,1024:11:AES-192:decrypt,1,2,AES-192,aesni,CBC,1024,11,decrypt,3800,0,0.0,3.8e-06,269.4736842105263
4eb63467-31d2-4ffd-9fae-f67eb4ccc31e,1024:11:AES-192:encrypt,1,3,AES-192,aesni,CBC,1024,11,encrypt,3900,0,0.0,3.9e-06,262.56410256410254
4eb63467-31d2-4ffd-9fae-f67eb4ccc31e,1024:11:AES-128:encrypt,2,0,AES-128,aesni,CBC,1024,11,encrypt,3600,0,0.0,3.6e-06,284.44444444444446
4eb63467-31d2-4ffd-9fae-f67eb4ccc31e,1024:11:AES-128:decrypt,2,1,AES-128,software,CBC,1024,11,decrypt,6500,0,0.0,6.5e-06,157.53846153846155
4eb63467-31d2-4ffd-9fae-f67eb4ccc31e,1024:11:AES-128:encrypt,2,2,AES-128,software,CBC,1024,11,encrypt,6400,0,0.0,6.4e-06,160.0
4eb63467-31d2-4ffd-9fae-f67eb4ccc31e,1024:11:AES-128:decrypt,2,3,AES-128,aesni,CBC,1024,11,decrypt,3700,0,0.0,3.7e-06,276.7567567567568
4eb63467-31d2-4ffd-9fae-f67eb4ccc31e,1024:12:AES-128:decrypt,0,0,AES-128,aesni,CBC,1024,12,decrypt,3600,0,0.0,3.6e-06,284.44444444444446
4eb63467-31d2-4ffd-9fae-f67eb4ccc31e,1024:12:AES-128:encrypt,0,1,AES-128,software,CBC,1024,12,encrypt,6400,0,0.0,6.4e-06,160.0
4eb63467-31d2-4ffd-9fae-f67eb4ccc31e,1024:12:AES-128:encrypt,0,2,AES-128,aesni,CBC,1024,12,encrypt,3500,0,0.0,3.5e-06,292.57142857142856
4eb63467-31d2-4ffd-9fae-f67eb4ccc31e,1024:12:AES-128:decrypt,0,3,AES-128,software,CBC,1024,12,decrypt,6400,0,0.0,6.4e-06,160.0
4eb63467-31d2-4ffd-9fae-f67eb4ccc31e,1024:12:AES-256:encrypt,1,0,AES-256,software,CBC,1024,12,encrypt,7700,0,0.0,7.7e-06,132.98701298701297
4eb63467-31d2-4ffd-9fae-f67eb4ccc31e,1024:12:AES-256:decrypt,1,1,AES-256,software,CBC,1024,12,decrypt,7800,0,0.0,7.8e-06,131.28205128205127
4eb63467-31d2-4ffd-9fae-f67eb4ccc31e,1024:12:AES-256:encrypt,1,2,AES-256,aesni,CBC,1024,12,encrypt,3900,0,0.0,3.9e-06,262.56410256410254
4eb63467-31d2-4ffd-9fae-f67eb4ccc31e,1024:12:AES-256:decrypt,1,3,AES-256,aesni,CBC,1024,12,decrypt,3900,0,0.0,3.9e-06,262.56410256410254
4eb63467-31d2-4ffd-9fae-f67eb4ccc31e,1024:12:AES-192:encrypt,2,0,AES-192,software,CBC,1024,12,encrypt,7000,0,0.0,7e-06,146.28571428571428
4eb63467-31d2-4ffd-9fae-f67eb4ccc31e,1024:12:AES-192:decrypt,2,1,AES-192,software,CBC,1024,12,decrypt,7200,0,0.0,7.2e-06,142.22222222222223
4eb63467-31d2-4ffd-9fae-f67eb4ccc31e,1024:12:AES-192:encrypt,2,2,AES-192,aesni,CBC,1024,12,encrypt,3700,0,0.0,3.7e-06,276.7567567567568
4eb63467-31d2-4ffd-9fae-f67eb4ccc31e,1024:12:AES-192:decrypt,2,3,AES-192,aesni,CBC,1024,12,decrypt,3700,0,0.0,3.7e-06,276.7567567567568
4eb63467-31d2-4ffd-9fae-f67eb4ccc31e,1024:13:AES-128:decrypt,0,0,AES-128,software,CBC,1024,13,decrypt,6500,0,0.0,6.5e-06,157.53846153846155
4eb63467-31d2-4ffd-9fae-f67eb4ccc31e,1024:13:AES-128:encrypt,0,1,AES-128,software,CBC,1024,13,encrypt,6300,0,0.0,6.3e-06,162.53968253968253
4eb63467-31d2-4ffd-9fae-f67eb4ccc31e,1024:13:AES-128:encrypt,0,2,AES-128,aesni,CBC,1024,13,encrypt,3600,0,0.0,3.6e-06,284.44444444444446
4eb63467-31d2-4ffd-9fae-f67eb4ccc31e,1024:13:AES-128:decrypt,0,3,AES-128,aesni,CBC,1024,13,decrypt,3600,0,0.0,3.6e-06,284.44444444444446
4eb63467-31d2-4ffd-9fae-f67eb4ccc31e,1024:13:AES-256:decrypt,1,0,AES-256,software,CBC,1024,13,decrypt,7800,0,0.0,7.8e-06,131.28205128205127
4eb63467-31d2-4ffd-9fae-f67eb4ccc31e,1024:13:AES-256:encrypt,1,1,AES-256,aesni,CBC,1024,13,encrypt,3900,0,0.0,3.9e-06,262.56410256410254
4eb63467-31d2-4ffd-9fae-f67eb4ccc31e,1024:13:AES-256:decrypt,1,2,AES-256,aesni,CBC,1024,13,decrypt,3900,0,0.0,3.9e-06,262.56410256410254
4eb63467-31d2-4ffd-9fae-f67eb4ccc31e,1024:13:AES-256:encrypt,1,3,AES-256,software,CBC,1024,13,encrypt,7700,0,0.0,7.7e-06,132.98701298701297
4eb63467-31d2-4ffd-9fae-f67eb4ccc31e,1024:13:AES-192:encrypt,2,0,AES-192,software,CBC,1024,13,encrypt,6900,0,0.0,6.9e-06,148.40579710144928
4eb63467-31d2-4ffd-9fae-f67eb4ccc31e,1024:13:AES-192:decrypt,2,1,AES-192,aesni,CBC,1024,13,decrypt,3800,0,0.0,3.8e-06,269.4736842105263
4eb63467-31d2-4ffd-9fae-f67eb4ccc31e,1024:13:AES-192:encrypt,2,2,AES-192,aesni,CBC,1024,13,encrypt,3700,0,0.0,3.7e-06,276.7567567567568
4eb63467-31d2-4ffd-9fae-f67eb4ccc31e,1024:13:AES-192:decrypt,2,3,AES-192,software,CBC,1024,13,decrypt,7000,0,0.0,7e-06,146.28571428571428
4eb63467-31d2-4ffd-9fae-f67eb4ccc31e,1024:14:AES-256:decrypt,0,0,AES-256,aesni,CBC,1024,14,decrypt,3900,0,0.0,3.9e-06,262.56410256410254
4eb63467-31d2-4ffd-9fae-f67eb4ccc31e,1024:14:AES-256:decrypt,0,1,AES-256,software,CBC,1024,14,decrypt,7700,0,0.0,7.7e-06,132.98701298701297
4eb63467-31d2-4ffd-9fae-f67eb4ccc31e,1024:14:AES-256:encrypt,0,2,AES-256,aesni,CBC,1024,14,encrypt,3800,0,0.0,3.8e-06,269.4736842105263
4eb63467-31d2-4ffd-9fae-f67eb4ccc31e,1024:14:AES-256:encrypt,0,3,AES-256,software,CBC,1024,14,encrypt,7800,0,0.0,7.8e-06,131.28205128205127
4eb63467-31d2-4ffd-9fae-f67eb4ccc31e,1024:14:AES-128:encrypt,1,0,AES-128,aesni,CBC,1024,14,encrypt,3600,0,0.0,3.6e-06,284.44444444444446
4eb63467-31d2-4ffd-9fae-f67eb4ccc31e,1024:14:AES-128:encrypt,1,1,AES-128,software,CBC,1024,14,encrypt,6400,0,0.0,6.4e-06,160.0
4eb63467-31d2-4ffd-9fae-f67eb4ccc31e,1024:14:AES-128:decrypt,1,2,AES-128,aesni,CBC,1024,14,decrypt,3800,0,0.0,3.8e-06,269.4736842105263
4eb63467-31d2-4ffd-9fae-f67eb4ccc31e,1024:14:AES-128:decrypt,1,3,AES-128,software,CBC,1024,14,decrypt,6400,0,0.0,6.4e-06,160.0
4eb63467-31d2-4ffd-9fae-f67eb4ccc31e,1024:14:AES-192:encrypt,2,0,AES-192,software,CBC,1024,14,encrypt,7000,0,0.0,7e-06,146.28571428571428
4eb63467-31d2-4ffd-9fae-f67eb4ccc31e,1024:14:AES-192:decrypt,2,1,AES-192,software,CBC,1024,14,decrypt,7000,0,0.0,7e-06,146.28571428571428
4eb63467-31d2-4ffd-9fae-f67eb4ccc31e,1024:14:AES-192:decrypt,2,2,AES-192,aesni,CBC,1024,14,decrypt,3700,0,0.0,3.7e-06,276.7567567567568
4eb63467-31d2-4ffd-9fae-f67eb4ccc31e,1024:14:AES-192:encrypt,2,3,AES-192,aesni,CBC,1024,14,encrypt,3700,0,0.0,3.7e-06,276.7567567567568
4eb63467-31d2-4ffd-9fae-f67eb4ccc31e,1024:15:AES-192:encrypt,0,0,AES-192,software,CBC,1024,15,encrypt,6900,0,0.0,6.9e-06,148.40579710144928
4eb63467-31d2-4ffd-9fae-f67eb4ccc31e,1024:15:AES-192:decrypt,0,1,AES-192,aesni,CBC,1024,15,decrypt,3800,0,0.0,3.8e-06,269.4736842105263
4eb63467-31d2-4ffd-9fae-f67eb4ccc31e,1024:15:AES-192:encrypt,0,2,AES-192,aesni,CBC,1024,15,encrypt,3700,0,0.0,3.7e-06,276.7567567567568
4eb63467-31d2-4ffd-9fae-f67eb4ccc31e,1024:15:AES-192:decrypt,0,3,AES-192,software,CBC,1024,15,decrypt,7100,0,0.0,7.1e-06,144.22535211267606
4eb63467-31d2-4ffd-9fae-f67eb4ccc31e,1024:15:AES-128:encrypt,1,0,AES-128,software,CBC,1024,15,encrypt,6300,0,0.0,6.3e-06,162.53968253968253
4eb63467-31d2-4ffd-9fae-f67eb4ccc31e,1024:15:AES-128:decrypt,1,1,AES-128,aesni,CBC,1024,15,decrypt,3800,0,0.0,3.8e-06,269.4736842105263
4eb63467-31d2-4ffd-9fae-f67eb4ccc31e,1024:15:AES-128:encrypt,1,2,AES-128,aesni,CBC,1024,15,encrypt,3700,0,0.0,3.7e-06,276.7567567567568
4eb63467-31d2-4ffd-9fae-f67eb4ccc31e,1024:15:AES-128:decrypt,1,3,AES-128,software,CBC,1024,15,decrypt,6400,0,0.0,6.4e-06,160.0
4eb63467-31d2-4ffd-9fae-f67eb4ccc31e,1024:15:AES-256:encrypt,2,0,AES-256,aesni,CBC,1024,15,encrypt,3900,0,0.0,3.9e-06,262.56410256410254
4eb63467-31d2-4ffd-9fae-f67eb4ccc31e,1024:15:AES-256:decrypt,2,1,AES-256,aesni,CBC,1024,15,decrypt,3900,0,0.0,3.9e-06,262.56410256410254
4eb63467-31d2-4ffd-9fae-f67eb4ccc31e,1024:15:AES-256:decrypt,2,2,AES-256,software,CBC,1024,15,decrypt,7800,0,0.0,7.8e-06,131.28205128205127
4eb63467-31d2-4ffd-9fae-f67eb4ccc31e,1024:15:AES-256:encrypt,2,3,AES-256,software,CBC,1024,15,encrypt,7800,0,0.0,7.8e-06,131.28205128205127
4eb63467-31d2-4ffd-9fae-f67eb4ccc31e,1024:16:AES-128:encrypt,0,0,AES-128,software,CBC,1024,16,encrypt,6400,0,0.0,6.4e-06,160.0
4eb63467-31d2-4ffd-9fae-f67eb4ccc31e,1024:16:AES-128:encrypt,0,1,AES-128,aesni,CBC,1024,16,encrypt,3700,0,0.0,3.7e-06,276.7567567567568
4eb63467-31d2-4ffd-9fae-f67eb4ccc31e,1024:16:AES-128:decrypt,0,2,AES-128,software,CBC,1024,16,decrypt,6600,0,0.0,6.6e-06,155.15151515151516
4eb63467-31d2-4ffd-9fae-f67eb4ccc31e,1024:16:AES-128:decrypt,0,3,AES-128,aesni,CBC,1024,16,decrypt,3900,0,0.0,3.9e-06,262.56410256410254
4eb63467-31d2-4ffd-9fae-f67eb4ccc31e,1024:16:AES-256:encrypt,1,0,AES-256,aesni,CBC,1024,16,encrypt,4100,0,0.0,4.1e-06,249.7560975609756
4eb63467-31d2-4ffd-9fae-f67eb4ccc31e,1024:16:AES-256:decrypt,1,1,AES-256,software,CBC,1024,16,decrypt,7900,0,0.0,7.9e-06,129.62025316455697
4eb63467-31d2-4ffd-9fae-f67eb4ccc31e,1024:16:AES-256:encrypt,1,2,AES-256,software,CBC,1024,16,encrypt,7600,0,0.0,7.6e-06,134.73684210526315
4eb63467-31d2-4ffd-9fae-f67eb4ccc31e,1024:16:AES-256:decrypt,1,3,AES-256,aesni,CBC,1024,16,decrypt,4000,0,0.0,4e-06,256.0
4eb63467-31d2-4ffd-9fae-f67eb4ccc31e,1024:16:AES-192:decrypt,2,0,AES-192,aesni,CBC,1024,16,decrypt,3800,0,0.0,3.8e-06,269.4736842105263
4eb63467-31d2-4ffd-9fae-f67eb4ccc31e,1024:16:AES-192:encrypt,2,1,AES-192,aesni,CBC,1024,16,encrypt,3800,0,0.0,3.8e-06,269.4736842105263
4eb63467-31d2-4ffd-9fae-f67eb4ccc31e,1024:16:AES-192:decrypt,2,2,AES-192,software,CBC,1024,16,decrypt,7000,0,0.0,7e-06,146.28571428571428
4eb63467-31d2-4ffd-9fae-f67eb4ccc31e,1024:16:AES-192:encrypt,2,3,AES-192,software,CBC,1024,16,encrypt,7600,0,0.0,7.6e-06,134.73684210526315
4eb63467-31d2-4ffd-9fae-f67eb4ccc31e,1024:17:AES-256:encrypt,0,0,AES-256,aesni,CBC,1024,17,encrypt,4100,0,0.0,4.1e-06,249.7560975609756
4eb63467-31d2-4ffd-9fae-f67eb4ccc31e,1024:17:AES-256:decrypt,0,1,AES-256,software,CBC,1024,17,decrypt,9000,0,0.0,9e-06,113.77777777777777
4eb63467-31d2-4ffd-9fae-f67eb4ccc31e,1024:17:AES-256:decrypt,0,2,AES-256,aesni,CBC,1024,17,decrypt,4000,0,0.0,4e-06,256.0
4eb63467-31d2-4ffd-9fae-f67eb4ccc31e,1024:17:AES-256:encrypt,0,3,AES-256,software,CBC,1024,17,encrypt,7700,0,0.0,7.7e-06,132.98701298701297
4eb63467-31d2-4ffd-9fae-f67eb4ccc31e,1024:17:AES-192:decrypt,1,0,AES-192,aesni,CBC,1024,17,decrypt,3800,0,0.0,3.8e-06,269.4736842105263
4eb63467-31d2-4ffd-9fae-f67eb4ccc31e,1024:17:AES-192:encrypt,1,1,AES-192,software,CBC,1024,17,encrypt,7000,0,0.0,7e-06,146.28571428571428
4eb63467-31d2-4ffd-9fae-f67eb4ccc31e,1024:17:AES-192:encrypt,1,2,AES-192,aesni,CBC,1024,17,encrypt,3800,0,0.0,3.8e-06,269.4736842105263
4eb63467-31d2-4ffd-9fae-f67eb4ccc31e,1024:17:AES-192:decrypt,1,3,AES-192,software,CBC,1024,17,decrypt,7000,0,0.0,7e-06,146.28571428571428
4eb63467-31d2-4ffd-9fae-f67eb4ccc31e,1024:17:AES-128:decrypt,2,0,AES-128,aesni,CBC,1024,17,decrypt,3800,0,0.0,3.8e-06,269.4736842105263
4eb63467-31d2-4ffd-9fae-f67eb4ccc31e,1024:17:AES-128:decrypt,2,1,AES-128,software,CBC,1024,17,decrypt,6500,0,0.0,6.5e-06,157.53846153846155
4eb63467-31d2-4ffd-9fae-f67eb4ccc31e,1024:17:AES-128:encrypt,2,2,AES-128,aesni,CBC,1024,17,encrypt,3700,0,0.0,3.7e-06,276.7567567567568
4eb63467-31d2-4ffd-9fae-f67eb4ccc31e,1024:17:AES-128:encrypt,2,3,AES-128,software,CBC,1024,17,encrypt,6400,0,0.0,6.4e-06,160.0
4eb63467-31d2-4ffd-9fae-f67eb4ccc31e,1024:18:AES-128:decrypt,0,0,AES-128,software,CBC,1024,18,decrypt,6500,0,0.0,6.5e-06,157.53846153846155
4eb63467-31d2-4ffd-9fae-f67eb4ccc31e,1024:18:AES-128:encrypt,0,1,AES-128,software,CBC,1024,18,encrypt,6300,0,0.0,6.3e-06,162.53968253968253
4eb63467-31d2-4ffd-9fae-f67eb4ccc31e,1024:18:AES-128:decrypt,0,2,AES-128,aesni,CBC,1024,18,decrypt,3600,0,0.0,3.6e-06,284.44444444444446
4eb63467-31d2-4ffd-9fae-f67eb4ccc31e,1024:18:AES-128:encrypt,0,3,AES-128,aesni,CBC,1024,18,encrypt,3600,0,0.0,3.6e-06,284.44444444444446
4eb63467-31d2-4ffd-9fae-f67eb4ccc31e,1024:18:AES-192:encrypt,1,0,AES-192,aesni,CBC,1024,18,encrypt,3800,0,0.0,3.8e-06,269.4736842105263
4eb63467-31d2-4ffd-9fae-f67eb4ccc31e,1024:18:AES-192:encrypt,1,1,AES-192,software,CBC,1024,18,encrypt,7000,0,0.0,7e-06,146.28571428571428
4eb63467-31d2-4ffd-9fae-f67eb4ccc31e,1024:18:AES-192:decrypt,1,2,AES-192,software,CBC,1024,18,decrypt,7100,0,0.0,7.1e-06,144.22535211267606
4eb63467-31d2-4ffd-9fae-f67eb4ccc31e,1024:18:AES-192:decrypt,1,3,AES-192,aesni,CBC,1024,18,decrypt,3800,0,0.0,3.8e-06,269.4736842105263
4eb63467-31d2-4ffd-9fae-f67eb4ccc31e,1024:18:AES-256:decrypt,2,0,AES-256,aesni,CBC,1024,18,decrypt,4000,0,0.0,4e-06,256.0
4eb63467-31d2-4ffd-9fae-f67eb4ccc31e,1024:18:AES-256:encrypt,2,1,AES-256,software,CBC,1024,18,encrypt,7700,0,0.0,7.7e-06,132.98701298701297
4eb63467-31d2-4ffd-9fae-f67eb4ccc31e,1024:18:AES-256:encrypt,2,2,AES-256,aesni,CBC,1024,18,encrypt,4000,0,0.0,4e-06,256.0
4eb63467-31d2-4ffd-9fae-f67eb4ccc31e,1024:18:AES-256:decrypt,2,3,AES-256,software,CBC,1024,18,decrypt,7900,0,0.0,7.9e-06,129.62025316455697
4eb63467-31d2-4ffd-9fae-f67eb4ccc31e,1024:19:AES-128:encrypt,0,0,AES-128,software,CBC,1024,19,encrypt,6300,0,0.0,6.3e-06,162.53968253968253
4eb63467-31d2-4ffd-9fae-f67eb4ccc31e,1024:19:AES-128:encrypt,0,1,AES-128,aesni,CBC,1024,19,encrypt,3600,0,0.0,3.6e-06,284.44444444444446
4eb63467-31d2-4ffd-9fae-f67eb4ccc31e,1024:19:AES-128:decrypt,0,2,AES-128,software,CBC,1024,19,decrypt,6500,0,0.0,6.5e-06,157.53846153846155
4eb63467-31d2-4ffd-9fae-f67eb4ccc31e,1024:19:AES-128:decrypt,0,3,AES-128,aesni,CBC,1024,19,decrypt,3700,0,0.0,3.7e-06,276.7567567567568
4eb63467-31d2-4ffd-9fae-f67eb4ccc31e,1024:19:AES-256:decrypt,1,0,AES-256,software,CBC,1024,19,decrypt,7900,0,0.0,7.9e-06,129.62025316455697
4eb63467-31d2-4ffd-9fae-f67eb4ccc31e,1024:19:AES-256:decrypt,1,1,AES-256,aesni,CBC,1024,19,decrypt,3900,0,0.0,3.9e-06,262.56410256410254
4eb63467-31d2-4ffd-9fae-f67eb4ccc31e,1024:19:AES-256:encrypt,1,2,AES-256,aesni,CBC,1024,19,encrypt,3900,0,0.0,3.9e-06,262.56410256410254
4eb63467-31d2-4ffd-9fae-f67eb4ccc31e,1024:19:AES-256:encrypt,1,3,AES-256,software,CBC,1024,19,encrypt,7700,0,0.0,7.7e-06,132.98701298701297
4eb63467-31d2-4ffd-9fae-f67eb4ccc31e,1024:19:AES-192:encrypt,2,0,AES-192,software,CBC,1024,19,encrypt,6900,0,0.0,6.9e-06,148.40579710144928
4eb63467-31d2-4ffd-9fae-f67eb4ccc31e,1024:19:AES-192:encrypt,2,1,AES-192,aesni,CBC,1024,19,encrypt,24100,0,0.0,2.41e-05,42.489626556016596
4eb63467-31d2-4ffd-9fae-f67eb4ccc31e,1024:19:AES-192:decrypt,2,2,AES-192,software,CBC,1024,19,decrypt,7500,0,0.0,7.5e-06,136.53333333333333
4eb63467-31d2-4ffd-9fae-f67eb4ccc31e,1024:19:AES-192:decrypt,2,3,AES-192,aesni,CBC,1024,19,decrypt,4000,0,0.0,4e-06,256.0
